CANDIDATE_ID,CANDIDATE_NAME,PARTY,PARTY_CODE,CANDIDATE_OFFICE,CANDIDATE_OFFICE_CODE,CANDIDATE_OFFICE_STATE,CANDIDATE_OFFICE_STATE_CODE,CANDIDATE_OFFICE_DISTRICT,CITY,STATE,ZIP,ELECTION_YEAR,RECEIPT_DATE,REPORT_YEAR,BEGIN_IMAGE_NUMBER
"H2VA02098","SLEISTER, NICOLAUS","Democratic Party","DEM","House","H","Virginia","VA","02","SUFFOLK","VA","23435","2022","04-APR-25","2025","202504049755049445"
"P20006144","SOLOMON, DEANDRE LAMONT","Democratic Party","DEM","President","P","Michigan","MI","00","DETROIT","MI","48235","2022","03-OCT-24","2024","202410039684789591"
"H4AL02113","GRAY, JEREMY","Democratic Party","DEM","House","H","Alabama","AL","02","OPELIKA","AL","36804","2022","22-APR-24","2024","202404229636706591"
"H2TX24197","EPPLER, SAM","Democratic Party","DEM","House","H","Texas","TX","24","DALLAS","TX","75205","2022","30-MAY-23","2023","202305309581690567"
"H2IL11272","MERCADO, O KENT DR","Republican Party","REP","House","H","Illinois","IL","11","BARTLETT","IL","60103","2022","06-APR-23","2023","202304069579728986"
"H2CA30341","SHYNE, SEPI","Democratic Party","DEM","House","H","California","CA","30","WEST HOLLYWOOD","CA","90046","2022","21-FEB-23","2023","202302219578712715"
"H0DC00165","MALONE, JOAN F M","Republican Party","REP","House","H","District Of Columbia","DC","00","WASHINGTON","DC","20002","2022","25-JAN-23","2023","202301250300434568"
"H2CA28204","MALKI, DANIEL","Democratic Party","DEM","House","H","California","CA","28","ARCADIA","CA","91006","2022","19-DEC-22","2022","202212199574182224"
"H2VA04185","COX-WARDRICK, ELLIOTT DWIGHT","Independent","IND","House","H","Virginia","VA","04","RICHMOND","VA","23223","2022","19-DEC-22","2022","202212199574180116"
"H2VA04169","MARKS, TAVORISE KEAUNTE","Democratic Party","DEM","House","H","Virginia","VA","04","CHESTER","VA","23836","2022","14-DEC-22","2022","202212149557585066"
"H2VA04177","STURDIFEN, DALE","Republican Party","REP","House","H","Virginia","VA","04","CLARKSVILLE","VA","23927","2021","14-DEC-22","2022","202212149557589647"
"H2VA04151","MORRISSEY, JOSEPH DEE","Democratic Party","DEM","House","H","Virginia","VA","04","RICHMOND","VA","23225","2022","13-DEC-22","2022","202212139557560253"
"P20006094","CAMBERT, ROBERTO FELIX","Republican Party","REP","President","P","United States","00","00","MIAMI SPRINGS","FL","33166","2022","05-DEC-22","2022","202212059547113821"
"S2IL00317","MASTER, LUCY MISS. LIAO","Concerned Citizens Party Of Connecticut","CNC","Senate","S","Illinois","IL","00","WHEATON","IL","60187","2022","02-DEC-22","2022","202212029547101323"
"P20006086","MOLINA, VICTOR RUBEN YMCA","Freedom Party","FRE","President","P","United States","00","00","SAN BERNARDINO","CA","92404","2022","24-NOV-22","2022","202211249546879722"
"P20006060","RODRIGUEZ, JOSHUA","Libertarian Party","LIB","President","P","United States","00","00","AURORA","CO","80011","2021","17-NOV-22","2022","202211179546827792"
"P20006037","TOLLIVER, DAVID AUSTIN","Independent","IND","President","P","United States","00","00","FRANKLIN","TN","37067","2022","15-NOV-22","2022","202211159546788731"
"P20006045","PRESTON, MATTIE","Democratic Party","DEM","President","P","United States","00","00","MINDEN","LA","71055","2022","15-NOV-22","2022","202211150300426445"
"S0KY00255","WILSON, BILLY RAY","Write-In","W","Senate","S","Kentucky","KY","00","LONDON","KY","407447071","2022","08-NOV-22","2022","202211140300426350"
"H2WY01081","BRUBAKER, RICHARD","Other","OTH","House","H","Wyoming","WY","00","RIVERTON","WY","82501","2022","07-NOV-22","2022","202211079546725945"
"P20006029","THOMPSON, NATHANIEL WILLIAM","One Earth Party","OE","President","P","United States","00","00","SAINT PETERSBURG","FL","33705","2022","04-NOV-22","2022","202211049546711463"
"H2NC06171","WATERCOTT, THOMAS","Libertarian Party","LIB","House","H","North Carolina","NC","06","GREENSBORO","NC","27405","2022","04-NOV-22","2022","202211049546708229"
"H2MI05192","BOTTS, PAUL LEON","Independent","IND","House","H","Michigan","MI","05","JACKSON","MI","49203","2022","03-NOV-22","2022","202211039546702552"
"H2MO04249","PARSONS, WYATT VINCENT","No Party Affiliation","NPA","House","H","Missouri","MO","04","COLUMBIA","MO","65203","2022","01-NOV-22","2022","202211019546694727"
"H6MO05189","TURK, JACOB","Republican Party","REP","House","H","Missouri","MO","05","LEES SUMMIT","MO","64063","2022","31-OCT-22","2022","202210319546677289"
"H4TX37013","TAYLOR, SHERRI  LYNN","Democratic Party","DEM","House","H","Texas","TX","37","AUSTIN","TX","787112108","2022","31-OCT-22","2022","202210310300425240"
"H2AZ08201","SPREITZER, JEREMY","Democratic Party","DEM","House","H","Arizona","AZ","08","SUN CITY","AZ","85373","2022","30-OCT-22","2022","202210309546675252"
"H2AZ08193","SPREITZER, JEREMY","Democratic Party","DEM","House","H","Arizona","AZ","08","SUN CITY","AZ","85373","2022","29-OCT-22","2022","202210299546673094"
"S2IA00198","WELLS, MAURICE STEWART","Republican Party","REP","Senate","S","Iowa","IA","00","SIOUX CITY","IA","51106","2022","17-OCT-22","2022","202210179537512956"
"S2MD00651","WILDMAN, ANDREW JAYE","None","NNE","Senate","S","Maryland","MD","00","UNION BRIDGE","MD","217919425","2022","17-OCT-22","2022","202210170300420583"
"S2PA00729","ORONZIO, GEORGE F MR JR","None","NNE","Senate","S","Pennsylvania","PA","00","GLEN RIDDLE","PA","19063","2022","16-OCT-22","2022","202210169537512852"
"H2TX05253","TORRES, RUTH MS.","No Party Affiliation","NPA","House","H","Texas","TX","05","DALLAS","TX","75227","2022","14-OCT-22","2022","202210149532410918"
"H2ME58016","NEAL, ROBERT SMITH","Democratic Party","DEM","House","H","Maine","ME","58","NEW SHARON","ME","04955","2022","08-OCT-22","2022","202210089532091949"
"H2OK02331","ROBINSON, BULLDOG BEN","Independent","IND","House","H","Oklahoma","OK","02","MUSKOGEE","OK","74402","2022","04-OCT-22","2022","202210049532054742"
"P20006003","ZELALEM, MS. TIGEST MS.","Independent","IND","President","P","United States","00","00","CULVER CITY","CA","90016","2022","01-OCT-22","2022","202210019532010743"
"S2OR00242","ESSOE, KELLEY M MS","Democratic Party","DEM","Senate","S","Oregon","OR","00","YACHATS","OR","97498","2022","26-SEP-22","2022","202209269531992941"
"H2AZ06320","BERTONE, FRANK","Other","OTH","House","H","Arizona","AZ","06","SCOTTSDALE","AZ","85259","2022","24-SEP-22","2022","202209249531815902"
"P20005997","SELLERS, ANTOINETTE","Independent","IND","President","P","Illinois","IL","00","DYER","IN","46311","2022","22-SEP-22","2022","202209229531810001"
"H2PA05124","BESTMAN, WILLIAM DAVID","Write-In","W","House","H","Pennsylvania","PA","05","COLLINGDALE","PA","19023","2022","19-SEP-22","2022","202209199528554490"
"S2WI00532","PAUL, ADAM NICHOLAS","Independent","IND","Senate","S","Wisconsin","WI","00","MADISON","WI","53744","2022","17-SEP-22","2022","202209179528505844"
"H2IL13211","FOSTER, NANCY","Democratic Party","DEM","House","H","Illinois","IL","13","SWANSEA","IL","62226","2022","13-SEP-22","2022","202209139528426666"
"H0TN09111","CLARK, DENNIS JEFFREY","Independent","IND","House","H","Tennessee","TN","09","ARLINGTON","TN","38002","2022","12-SEP-22","2022","202209120300417407"
"H2NY16115","FLISSER, MIRIAM LEVITT","Republican Party","REP","House","H","New York","NY","16","SCARSDALE","NY","10583","2022","12-SEP-22","2022","202209129528392817"
"H2OR04210","ZOLL, THOMAS JOSEPH","Non-Party","NON","House","H","Oregon","OR","04","EUGENE","OR","97404","2022","11-SEP-22","2022","202209119528388865"
"H2MI04294","WENKE, LORENCE RAYMOND MR","Libertarian Party","LIB","House","H","Michigan","MI","04","GALESBURG","MI","49053","2022","08-SEP-22","2022","202209089528382853"
"S2IL00309","MARCOTTE, KELLY LYNN MS","Democratic Party","DEM","Senate","S","Illinois","IL","00","CHICAGO","IL","60641","2022","06-SEP-22","2022","202209069528351643"
"S2KY00202","THOMASON, CHARLES LEE","Democratic Party","DEM","Senate","S","Kentucky","KY","00","LEXINGTON","KY","40507","2022","06-SEP-22","2022","202209069528352093"
"H2NY17188","FALCIGLIA, CHARLES J.","Republican Party","REP","House","H","New York","NY","17","SUFFERN","NY","10901","2022","01-SEP-22","2022","202209010300417234"
"S2UT00468","SEGUIN, MICHAEL SEGUIN COL","Write-In","W","Senate","S","Utah","UT","00","LIBERTY","UT","84310","2022","31-AUG-22","2022","202208319528319110"
"H2NH03011","WHITEHILL, GARY JR","Republican Party","REP","House","H","New Hampshire","NH","03","COLEBROOK","NH","03576","2022","31-AUG-22","2022","202208319528300566"
"H0NH02280","TOWNE, GILEAD R","Republican Party","REP","House","H","New Hampshire","NH","01","SALEM","NH","03079","2022","28-AUG-22","2022","202208289528257445"
"H2ND01022","MUND, CARA","(I)","(I)","House","H","North Dakota","ND","00","BISMARCK","ND","58501","2022","26-AUG-22","2022","202208269528253152"
"H2MI04286","CLARK, CURTIS","U.S. Taxpayers Party","UST","House","H","Michigan","MI","04","ALLEGAN","MI","49010","2022","22-AUG-22","2022","202208220300416964"
"S2GA00308","JACKSON, ANNETTE JACKSON","Write-In","W","Senate","S","Georgia","GA","00","LILBURN","GA","30047","2022","22-AUG-22","2022","202208229528159723"
"H2CO01231","SHACKLEFORD, RUSTY","Unaffiliated","UN","House","H","Colorado","CO","01","LITTLETON","CO","80127","2022","21-AUG-22","2022","202208219528154495"
"P20005971","PACHECO, RICHARD J","None","NNE","President","P","United States","00","00","RENO","NV","89506","2022","18-AUG-22","2022","202208189525539768"
"H2LA06058","CRAIG, RUFUS HOLT","Libertarian Party","LIB","House","H","Louisiana","LA","06","BATON ROUGE","LA","70806","2022","16-AUG-22","2022","202208169525406424"
"S0IL00592","VLAKANCIC, CONNOR","Republican Party","REP","Senate","S","Illinois","IL","00","BOLINGBROOK","IL","60440","2022","16-AUG-22","2022","202208160300416453"
"H2IN02295","YAKYM, RUDY III","Republican Party","REP","House","H","Indiana","IN","02","ALEXANDRIA","VA","22313","2022","15-AUG-22","2022","202208159525389444"
"H2IN02303","STUTZMAN, CHRISTY","Republican Party","REP","House","H","Indiana","IN","02","MIDDLEBURY ","IN","46540","2022","15-AUG-22","2022","202208190300416733"
"H2IN02287","NISLY, CURT","Republican Party","REP","House","H","Indiana","IN","02","MILFORD","IN","46542","2022","12-AUG-22","2022","202208129525374071"
"H2NY17170","DAVID, SHOSHANA","Republican Party","REP","House","H","New York","NY","17","HARRISON","NY","10528","2022","11-AUG-22","2022","202208119525352478"
"H2MA04123","CANNATA, DAVID B","Write-In","W","House","H","Massachusetts","MA","04","NORTH ATTLEBORO","MA","02760","2022","11-AUG-22","2022","202208119525240158"
"H2CA01276","COREY, GENE MR.","Republican Party","REP","House","H","California","CA","01","BREA","CA","92821","2022","04-AUG-22","2022","202208049525130795"
"H2IL16156","HADERLEIN, ELIZABETH","Democratic Party","DEM","House","H","Illinois","IL","16","HARVARD","IL","60033","2022","03-AUG-22","2022","202208039525113208"
"H2LA03121","HOGGATT, HOLDEN","Republican Party","REP","House","H","Louisiana","LA","03","LAFAYETTE","LA","70508","2022","02-AUG-22","2022","202208029525112120"
"S2SC00194","HARPER, JESSE L MR","Independent American Party","IAP","Senate","S","South Carolina","SC","00","CROSS HILL","SC","29332","2022","02-AUG-22","2022","202208029525109853"
"H2TN06170","FAIRLCOTH JR, ROY CLAYBORNE (CLAY FAIR","Democratic Party","DEM","House","H","Tennessee","TN","06","NASHVILLE","TN","37214","2022","01-AUG-22","2022","202208010300415692"
"H2TN05487","COOPER, DANIEL J (I.O.)","Independent","IND","House","H","Tennessee","TN","05","SPRING HILL","IN","37174","2022","01-AUG-22","2022","202208010300415680"
"H2LA05274","HUFF, WALTER EARL","Democratic Party","DEM","House","H","Louisiana","LA","05","MONROE","LA","71201","2022","01-AUG-22","2022","202208080300416173"
"S2MI00276","HARVEY, TERRANCE JAMES","None","NNE","Senate","S","Michigan","MI","00","WYOMING","MI","49519","2022","31-JUL-22","2022","202207319525087162"
"H2MI03213","HARVEY, TERRANCE JAMES","None","NNE","House","H","Michigan","MI","03","WYOMING","MI","49519","2022","31-JUL-22","2022","202207319525087163"
"H2TN01122","MAKROM, AHMED MATTHEW","Independent","IND","House","H","Tennessee","TN","01","JOHNSON CITY","TN","37601","2022","30-JUL-22","2022","202207309525087148"
"H2LA06041","BELZER, BRIAN T","Republican Party","REP","House","H","Louisiana","LA","06","PRAIRIEVILLE","LA","70769","2022","29-JUL-22","2022","202207299525081976"
"P20005955","HARVEY, TERRANCE JAMES","None","NNE","President","P","United States","00","00","WYOMING","MI","49519","2022","28-JUL-22","2022","202207289525074748"
"H2RI02069","DICKINSON, SPENCER E","Democratic Party","DEM","House","H","Rhode Island","RI","02","WAKEFIELD","RI","02879","2022","28-JUL-22","2022","202207290300415668"
"H2DC01060","MAJORS, BRUCE POWELL MR.","Libertarian Party","LIB","House","H","District Of Columbia","DC","00","WASHINGTON","DC","20037","2022","27-JUL-22","2022","202207279525067535"
"S2HI00221","CHRISTIAN, WALLYN K","Republican Party","REP","Senate","S","Hawaii","HI","00","AIEA","HI","96701","2022","27-JUL-22","2022","202207279525067237"
"H2TN43017","HUBBARD, STEVEN ERICH MR.","Independent","IND","House","H","Tennessee","TN","43","MCMINNVILLE","TN","37110","2022","26-JUL-22","2022","202207269525051426"
"H2LA02297","LUX, DANIEL ANTHONY","Republican Party","REP","House","H","Louisiana","LA","02","HARVEY","LA","70058","2022","26-JUL-22","2022","202207269525057285"
"H6FL12173","STONE, DAMIAN DR","Democratic Party","DEM","House","H","Florida","FL","12","LAND O LAKES ","FL","34639","2022","26-JUL-22","2022","202207260300415411"
"H2LA05266","PULLEN, HUNTER I MR.","Republican Party","REP","House","H","Louisiana","LA","05","WEST MONROE","LA","71292","2022","25-JUL-22","2022","202207259525050870"
"S2MO00742","HARRIS, RONALD WILLIAM","Democratic Party","DEM","Senate","S","Missouri","MO","00","KANSAS CITY","MO","64156","2022","25-JUL-22","2022","202207259525048557"
"H2WI08097","HANCOCK, JULIE","Democratic Party","DEM","House","H","Wisconsin","WI","08","DE PERE","WI","54115","2022","24-JUL-22","2022","202207249525042700"
"H2WA09206","ANDERSON, DAVID","Independent","IND","House","H","Washington","WA","09","SEATTLE","WA","98118","2022","24-JUL-22","2022","202207249525042689"
"H2NJ04249","DANIELS, PAMELA RENEE MS","Independent","IND","House","H","New Jersey","NJ","04","BRICK","NJ","08724","2022","24-JUL-22","2022","202207249525042613"
"S2NV00415","LINDEMANN, BARRY","Unaffiliated","UN","Senate","S","Nevada","NV","00","LAS VEGAS","NV","89138","2022","22-JUL-22","2022","202207229525041648"
"H2NJ05345","FERRIGNO, TREVOR JAMES MR.","Independent","IND","House","H","New Jersey","NJ","05","FAIR LAWN","NJ","07410","2022","22-JUL-22","2022","202207229525037968"
"H2MI09160","KELTS, JACOB","Libertarian Party","LIB","House","H","Michigan","MI","09","LAPEER","MI","48446","2022","22-JUL-22","2022","202207229525039899"
"S2AK00234","MERRILL, SAMUEL ALLEN","Republican Party","REP","Senate","S","Alaska","AK","00","ANCHORAGE","AK","99508","2022","20-JUL-22","2022","202207209522206448"
"H8OH03098","ESRATI, DAVID","Democratic Party","DEM","House","H","Ohio","OH","10","DAYTON","OH","45410","2022","19-JUL-22","2022","202207199522181682"
"H0IL01194","WHITE, PHILANISE","Republican Party","REP","House","H","Illinois","IL","01","CHICAGO","IL","60617","2022","19-JUL-22","2022","202207199522197388"
"H2TN08184","WILLIAMS, LYNNETTE P. DR.","Democratic Party","DEM","House","H","Tennessee","TN","08","MEMPHIS","TN","38109","2022","18-JUL-22","2022","202207189522159842"
"H2LA01109","DARLING, KATIE DARLING","Democratic Party","DEM","House","H","Louisiana","LA","01","COVINGTON","LA","70435","2022","18-JUL-22","2022","202207189522169288"
"H2WI07123","AUSMAN, RICHARD","Democratic Party","DEM","House","H","Wisconsin","WI","07","LAC DU FLAMBEAU","WI","54538","2022","18-JUL-22","2022","202207189522159371"
"S2MD00628","GRIFFIN, SCOTTIE JO DR.","Democratic Party","DEM","Senate","S","Maryland","MD","00","BETHESDA","MD","20817","2022","18-JUL-22","2022","202207189522171754"
"H8NJ01226","KABIR, MOHAMMAD S","Other","OTH","House","H","New Jersey","NJ","01","BELLMAWR","NJ","08031","2022","18-JUL-22","2022","202207190300413766"
"H0MN02118","OLSON, RICHARD THOMAS","Write-In","W","House","H","Minnesota","MN","02","PRIOR LAKE","MN","55372","2022","17-JUL-22","2022","202207179522150257"
"H2NY13153","PATTERSON, ODELL MALCOLM","Write-In","W","House","H","New York","NY","13","NEW YORK","NY","10029","2022","16-JUL-22","2022","202207169522139398"
"H2MD05569","WASHINGTON, KEITH A","Democratic Party","DEM","House","H","Maryland","MD","05","ACCOKEEK","MD","20607","2022","15-JUL-22","2022","202207159518567395"
"H2NY01265","WILSON, CELINA MRS.","Republican Party","REP","House","H","New York","NY","01","STONYBROOK","NY","11790","2022","15-JUL-22","2022","202207159518613942"
"S2UT00450","SEGUIN, MICHAEL JOSEPH COLONEL","Write-In","W","Senate","S","Utah","UT","00","EDEN","UT","84310","2022","14-JUL-22","2022","202207149518466689"
"H2RI02259","GILBERT, WILLIAM","Unaffiliated","UN","House","H","Rhode Island","RI","02","NARRAGANSETT","RI","02882","2022","14-JUL-22","2022","202207149518437913"
"P20005948","PATTERSON, FREDERICK TAYLOR MR/","Independent","IND","President","P","United States","00","00","LUMPKIN","GA","31815","2022","14-JUL-22","2022","202207149518433857"
"H2WA09198","PEDERSEN, SETH D","Republican Party","REP","House","H","Washington","WA","09","SEATTLE","WA","98144","2022","14-JUL-22","2022","202207149518548296"
"H2IL15109","LANGE, PAUL","Democratic Party","DEM","House","H","Illinois","IL","15","QUINCY","IL","62301","2022","12-JUL-22","2022","202207129518372857"
"S2KS00139","BUSKIRK, PAUL","Democratic Party","DEM","Senate","S","Kansas","KS","00","LAWRENCE","KS","66047","2022","12-JUL-22","2022","202207129518382127"
"S2IN00307","SCENIAK, JAMES","Libertarian Party","LIB","Senate","S","Indiana","IN","00","GREENWOOD","IN","46143","2022","12-JUL-22","2022","202207129518364435"
"H2NY24184","RAYBURN, FLOYD MR.","Republican Party","REP","House","H","New York","NY","24","CANANDAIGUA","NY","14424","2022","12-JUL-22","2022","202207129518365208"
"H2FL05242","ROMDCELLY, DAMASCUS","Republican Party","REP","House","H","Florida","FL","05","JACKSONVILLE","FL","32206","2022","12-JUL-22","2022","202207120300410583"
"H0GA07307","BABBAGE, LISA NOEL DR.","Republican Party","REP","House","H","Georgia","GA","07","ATLANTA","GA","30350","2022","11-JUL-22","2022","202207119518359009"
"H2TX38098","DEJEAN, JOEL F. MR.","Independent","IND","House","H","Texas","TX","38","HOUSTON","TX","77036","2022","11-JUL-22","2022","202207119518353796"
"S2MO00122","BROWN, THEODIS SR","Independent","IND","Senate","S","Missouri","MO","08","ST LOUIS","MO","63147","2022","11-JUL-22","2022","202207130300410720"
"H2PA15131","MOLESEVICH, MIKE","Democratic Party","DEM","House","H","Pennsylvania","PA","15","LEWISBURG","PA","17837","2022","10-JUL-22","2022","202207109518298374"
"S2VT00334","EVANS-FRANTZ, ISAAC","Democratic Party","DEM","Senate","S","Vermont","VT","00","BRATTLEBORO","VT","05302","2022","09-JUL-22","2022","202207099518294344"
"H2LA03113","PAYNE, THOMAS LANE JR","Republican Party","REP","House","H","Louisiana","LA","03","PERRY","LA","70575","2022","08-JUL-22","2022","202207089517865225"
"H2NY10332","FRANCIS, QUANDA","Democratic Party","DEM","House","H","New York","NY","10","BROOKLYN","NY","11201","2022","07-JUL-22","2022","202207079517842710"
"H2FL24078","NAVARRO, JESUS","Republican Party","REP","House","H","Florida","FL","24","HIALEAH","FL","33015","2022","06-JUL-22","2022","202207069517832704"
"H2LA03105","LEBRUN, TIA MARIE MRS.","Democratic Party","DEM","House","H","Louisiana","LA","03","LAFAYETTE","LA","70503","2022","06-JUL-22","2022","202207069517820275"
"H2CA33253","PORTER, JOHN MARK MR","Republican Party","REP","House","H","California","CA","33","BEAUMONT","CA","92223","2022","05-JUL-22","2022","202207059517790570"
"P20005930","ENGLISH, ELLDWINIA MRS.","Independent","IND","President","P","United States","00","00","LEONARDTOWN","MD","20650","2022","05-JUL-22","2022","202207059517789966"
"S2VT00326","ERICSON, CRIS MS.","Independent","IND","Senate","S","Vermont","VT","00","CHESTER","VT","05143","2022","05-JUL-22","2022","202207059517789581"
"S2MD00610","NAI, AKO","Democratic Party","DEM","Senate","S","Maryland","MD","00","SILVER SPRING","MD","","2022","05-JUL-22","2022","202207060300409828"
"H8IL05073","HANSON, TOM","Republican Party","REP","House","H","Illinois","IL","05","CHICAGO","IL","60611","2022","05-JUL-22","2022","202207059517790875"
"H2FL23278","ELLISON, ALLEN","Democratic Party","DEM","House","H","Florida","FL","23","SEBRING","FL","33871","2022","03-JUL-22","2022","202207039517784998"
"H2FL10358","BROWN, CORRINE","Democratic Party","DEM","House","H","Florida","FL","10","JACKSONVILLE","FL","32208","2022","01-JUL-22","2022","202207019517782320"
"H2AL04105","COCHRAN, JOHN CHARLES","Libertarian Party","LIB","House","H","Alabama","AL","04","TUSCALOOSA","AL","35406","2022","01-JUL-22","2022","202207019517782257"
"H2NY18111","MILLS, AISHA","Democratic Party","DEM","House","H","New York","NY","18","NEWBURGH","NY","12550","2022","01-JUL-22","2022","202207019517782224"
"S2LA00184","MENDOZA, MANLIO VINICIO","Democratic Party","DEM","Senate","S","Louisiana","LA","00","PONCHATOULA","LA","70454","2022","01-JUL-22","2022","202207019517780000"
"H2KS04149","HERNANDEZ, BOB MR","Democratic Party","DEM","House","H","Kansas","KS","04","WICHITA","KS","67226","2022","30-JUN-22","2022","202206309517766858"
"S2MO00734","WOOD, JOHN FREDERICK","Independent","IND","Senate","S","Missouri","MO","00","CHESTERFIELD","MO","63017","2022","29-JUN-22","2022","202206299517766219"
"H2CO01223","BOSWELL, IRIS RHIANNON AURORA","Unknown","UNK","House","H","Colorado","CO","01","DENVER","CO","80218","2022","29-JUN-22","2022","202206299517766794"
"H2MS04332","DUPREE, JOHNNY L.","Democratic Party","DEM","House","H","Mississippi","MS","04","HATTIESBURG","MS","39401","2022","29-JUN-22","2022","202206299517764738"
"H2FL25091","MILLWEE, ROBERT","Democratic Party","DEM","House","H","Florida","FL","25","HOLLYWOOD","FL","33020","2022","28-JUN-22","2022","202206289517763252"
"H2HI01138","REYES, ARTURO","Republican Party","REP","House","H","Hawaii","HI","01","WAIPAHU","HI","96797","2022","28-JUN-22","2022","202206280300409464"
"H2AZ03186","GARCIA, JEANNETTE","Republican Party","REP","House","H","Arizona","AZ","03","AVONDALE","AZ","85392","2022","27-JUN-22","2022","202206279517761919"
"S2NY00531","HILL, BRYAN","Republican Party","REP","Senate","S","New York","NY","00","ENDWELL","NY","13760","2022","27-JUN-22","2022","202206279517758991"
"H2CO01215","QUALTERI, JENNIFER","Republican Party","REP","House","H","Colorado","CO","01","DENVER","CO","80204","2022","26-JUN-22","2022","202206269517758924"
"S2AZ00430","VAN ANTWERP, JONATHAN LEE","Democratic Party","DEM","Senate","S","Arizona","AZ","00","PHOENIX","AZ","85041","2022","26-JUN-22","2022","202206269517758891"
"H2NY12247","OBLER, GIL MR.","Green Party","GRE","House","H","New York","NY","12","NEW YORK","NY","10025","2022","24-JUN-22","2022","202206249517757565"
"H2NY13146","BEN-AVI, TYRRELL LEV","Independent","IND","House","H","New York","NY","13","NEW YORK","NY","10027","2022","24-JUN-22","2022","202206249517757007"
"P20005922","ENGLAND, RAYMOND MATTHEW MATT","Federalist","FED","President","P","United States","00","00","ST. ALBANS","WV","25177","2022","23-JUN-22","2022","202206239517756555"
"P20005914","ENGLAND, RAYMOND MATTHEW MATT","Federalist","FED","President","P","United States","00","00","ST. ALBANS","WV","25177","2022","23-JUN-22","2022","202206239517756550"
"H2FL12131","LEISER, CHRISTOPHER MR.","Republican Party","REP","House","H","Florida","FL","12","NEW PORT RICHEY","FL","34652","2022","21-JUN-22","2022","202206219517747182"
"H2IL14136","MLTON, JAIME","Republican Party","REP","House","H","Illinois","IL","14","FOX RIVER GROVE","IL","60021","2022","21-JUN-22","2022","202206219517748580"
"H2FL14301","NASHAGH, SAM","Republican Party","REP","House","H","Florida","FL","14","TAMPA","FL","33626","2022","21-JUN-22","2022","202206219517751479"
"H2KS01079","BEARD, JAMES","Democratic Party","DEM","House","H","Kansas","KS","01","GARDEN CITY","KS","67846","2022","21-JUN-22","2022","202206219517749505"
"H2AZ02436","BIES, DAVID","Democratic Party","DEM","House","H","Arizona","AZ","02","FLAGSTAFF","AZ","86001","2022","21-JUN-22","2022","202206219517749507"
"H4FL15155","COHN, ALAN","Democratic Party","DEM","House","H","Florida","FL","15","TAMPA","FL","33647","2022","21-JUN-22","2022","202206219517748667"
"H2FL23260","TROUT, W MICHAEL","Democratic Party","DEM","House","H","Florida","FL","23","BOCA RATON","FL","33434","2022","20-JUN-22","2022","202206209515039554"
"S2LA00176","KYDER, ALBERT","Republican Party","REP","Senate","S","Louisiana","LA","00","BATON ROUGE","LA","70802","2022","17-JUN-22","2022","202206179514987266"
"H2HI02623","GI, NICOLE","Democratic Party","DEM","House","H","Hawaii","HI","02","LIHUE","HI","96766","2022","17-JUN-22","2022","202206179514988027"
"H2MI13402","TAN, BORATHA","Democratic Party","DEM","House","H","Michigan","MI","13","DETROIT","MI","48202","2022","17-JUN-22","2022","202206179515013678"
"H2MS02203","ELLER, RON","Republican Party","REP","House","H","Mississippi","MS","02","RAYMOND","MS","39154","2022","17-JUN-22","2022","202206179515010180"
"H8FL26062","FAAS, SOURAYA","Libertarian Party","LIB","House","H","Florida","FL","28","MIAMI","FL","33296","2022","17-JUN-22","2022","202206179515005163"
"S2FL00755","DE LA FUENTE, RICARDO","Democratic Party","DEM","Senate","S","Florida","FL","00","SAN DIEGO","CA","92121","2022","16-JUN-22","2022","202206169514926088"
"H2FL28038","ASENCIO, ROBERT","Democratic Party","DEM","House","H","Florida","FL","28","MIAMI","FL","33184","2022","16-JUN-22","2022","202206169514933755"
"H2WA07127","MOON, CLIFFORD E","Republican Party","REP","House","H","Washington","WA","07","SHORELINE","WA","98155","2022","16-JUN-22","2022","202206169514925625"
"H2FL01282","LOMBARDO, MARK","Republican Party","REP","House","H","Florida","FL","01","PENSACOLA","FL","32506","2022","16-JUN-22","2022","202206169514918918"
"H2FL23245","BERK, JEFFREY","Republican Party","REP","House","H","Florida","FL","23","SEACREST","FL","32461","2022","15-JUN-22","2022","202206159514861274"
"H2IN04184","DAY, ROGER D MR","Democratic Party","DEM","House","H","Indiana","IN","04","AVON","IN","46123","2022","15-JUN-22","2022","202206159514907648"
"H2WI08089","CLARMONT, SHAUN MICHAEL","Republican Party","REP","House","H","Wisconsin","WI","08","ONEIDA","WI","54155","2022","15-JUN-22","2022","202206170300408864"
"H2FL23252","SWEZY, LEWIS","Republican Party","REP","House","H","Florida","FL","23","HILLSBORO BEACH","FL","33062","2022","15-JUN-22","2022","202206159514911326"
"H2NJ03316","GREGORY SOBOCINSKI","No Party Affiliation","NPA","House","H","New Jersey","NJ","03","SOUTHAMPTON","NJ","08088","2022","15-JUN-22","2022","202206159514908352"
"H2FL07297","EDWARDS, TED","Republican Party","REP","House","H","Florida","FL","07","WINTER PARK","FL","32789","2022","14-JUN-22","2022","202206149514860382"
"S0KS00166","WIESNER, PATRICK","Democratic Party","DEM","Senate","S","Kansas","KS","00","OVERLAND PARK","KS","66212","2022","14-JUN-22","2022","202206149514858526"
"H2NY16107","JAFFE, MARK","Democratic Party","DEM","House","H","New York","NY","16","WEST HARRISON","NY","10604","2022","14-JUN-22","2022","202206210300409033"
"H2NV02551","KRAUSE, E M","Democratic Party","DEM","House","H","Nevada","NV","02","RENO","NV","89504","2022","14-JUN-22","2022","202206140300408532"
"H2NY12239","ITKIS, MIKHAIL","Independent","IND","House","H","New York","NY","12","NEW YORK","NY","10023","2022","14-JUN-22","2022","202206149514860205"
"H2HI02144","REYES, ARTURO PACHEO","Republican Party","REP","House","H","Hawaii","HI","01","WAIPAHU","HI","96797","2022","13-JUN-22","2022","202206130300408484"
"H2NY23236","REGENOR, JAMES ALLEN COL","Write-In","W","House","H","New York","NY","23","EAST AURORA","NY","14052","2022","13-JUN-22","2022","202206139514855716"
"H2TN06162","COOPER, RANDAL DEAN","Democratic Party","DEM","House","H","Tennessee","TN","06","NASHVILLE","TN","37206","2022","13-JUN-22","2022","202206139514854563"
"H2FL11182","PORTER, KEVIN DEAN","Unaffiliated","UN","House","H","Florida","FL","11","ORLANDO","WA","32804","2022","13-JUN-22","2022","202206139514853157"
"H2CO04151","LEWIS, BOB","Republican Party","REP","House","H","Colorado","CO","04","ELIZABETH","CO","80107","2022","13-JUN-22","2022","202206139514852148"
"H2FL18120","MCKINNEY, JAVITA","Republican Party","REP","House","H","Florida","FL","18","SEBRING","FL","33872","2022","10-JUN-22","2022","202206100300408372"
"H2TX25327","MILLER, TRISTAN MILLER MR.","Unaffiliated","UN","House","H","Texas","TX","25","LAMPASAS, TX, UNITED STATES","TX","76550","2022","10-JUN-22","2022","202206109514839626"
"H2NH02294","HANSEL, GEORGE","Republican Party","REP","House","H","New Hampshire","NH","02","KEENE","NH","03431","2022","10-JUN-22","2022","202206109514848076"
"H2NY23228","LANGWORTHY, NICK","Republican Party","REP","House","H","New York","NY","23","CLARENCE","NY","14031","2022","10-JUN-22","2022","202206109514841613"
"S2FL00748","RUSH, BRIAN P","Democratic Party","DEM","Senate","S","Florida","FL","00","TAMPA","FL","33618","2022","10-JUN-22","2022","202206109514847126"
"S2AK00226","CHESBRO, PATRICIA","Democratic Party","DEM","Senate","S","Alaska","AK","00","PALMER","AK","99645","2022","10-JUN-22","2022","202206109514839917"
"H2NY23210","VERGOSEN, MATTHEW","Democratic Party","DEM","House","H","New York","NY","23","OLEAN","NY","14760","2022","09-JUN-22","2022","202206099514825229"
"P20005898","ELKIN, CRAIG RUSSELL","None","NNE","President","P","United States","00","00","PLANO","IL","60545","2022","09-JUN-22","2022","202206099514812322"
"H0GA01029","GRIGGS, JOYCE MARIE","Democratic Party","DEM","House","H","Georgia","GA","01","GARDEN CITY","GA","31408","2022","09-JUN-22","2022","202206099514820554"
"H2FL06208","BELL, JAMAL","Democratic Party","DEM","House","H","Florida","FL","06","PALM COAST","FL","32164","2022","09-JUN-22","2022","202206099514815970"
"H2FL23161","PERRONE, MYLES","Republican Party","REP","House","H","Florida","FL","23","CORAL SPRINGS","FL","33071","2022","09-JUN-22","2022","202206099514820544"
"P20005906","ELKIN, CRAIG RUSSELL","None","NNE","President","P","United States","00","00","PLANO","IL","60545","2022","09-JUN-22","2022","202206099514812324"
"S2CT00348","TALMADGE, KRISTI L","Unaffiliated","UN","Senate","S","Connecticut","CT","00","BRISTOL","CT","06010","2022","07-JUN-22","2022","202206079514799325"
"H2FL10341","MUNEER, KHALID MR","Democratic Party","DEM","House","H","Florida","FL","10","ORLANDO","FL","32835","2022","07-JUN-22","2022","202206079514727797"
"H2WA06186","BLOOM, TODD","Republican Party","REP","House","H","Washington","WA","06","TACOMA","WA","98417","2022","07-JUN-22","2022","202206079514736897"
"S2HI00213","DECKER, DANIEL BURT MR IV","Other","OTH","Senate","S","Hawaii","HI","00","HONOLULU","HI","96830","2022","07-JUN-22","2022","202206079514736205"
"H2NC12278","JOSEPH, NALINI","Republican Party","REP","House","H","North Carolina","NC","12","SALISBURY","NC","28144","2022","07-JUN-22","2022","202206079514736310"
"S2NH00306","KAHN, KEVIN","Libertarian Party","LIB","Senate","S","New Hampshire","NH","00","EXETER","NH","03833","2022","07-JUN-22","2022","202206079514735974"
"H2FL12123","SMITH, CHARLES W","No Party Affiliation","NPA","House","H","Florida","FL","12","HOMOSASSA","FL","34448","2022","06-JUN-22","2022","202206060300408283"
"P20005872","FLOWERS, TRACY LEVON","Republican Party","REP","President","P","United States","00","00","ATLANTA","AL","30318","2022","06-JUN-22","2022","202206069514711423"
"P20005880","DOUGLAAS, JOHN","United Citizen","UC","President","P","Florida","FL","00","BUNNELL","FL","32110","2022","06-JUN-22","2022","202206069514711547"
"S2HI00205","POHLMAN, EMMA JANE AVILA","Green Party","GRE","Senate","S","Hawaii","HI","00","HONOKA'A","HI","96727","2022","06-JUN-22","2022","202206069514711748"
"S2NH00298","BERMAN, JOHN","Republican Party","REP","Senate","S","New Hampshire","NH","00","RICHLAND","WA","99352","2022","06-JUN-22","2022","202206069514725797"
"H2MI13394","CARBONARO, ANTHONY MICHAEL","Write-In","W","House","H","Michigan","MI","13","ALLEN PARK","MI","48101","2022","06-JUN-22","2022","202206069514724127"
"H8FL00034","TADDEO, ANNETTE","Democratic Party","DEM","House","H","Florida","FL","47","TALLAHASSEE","FL","32314","2022","06-JUN-22","2022","202206069514725175"
"H2MN07162","ABAHSAIN, JILL","Democratic-Farmer-Labor","DFL","House","H","Minnesota","MN","07","SAUK CENTRE","MN","56378","2022","06-JUN-22","2022","202206069514725232"
"H2NY23202","PALADINO, CARL PASQUALE","Republican Party","REP","House","H","New York","NY","23","ORCHARD PARK","NY","14127","2022","06-JUN-22","2022","202206069514711782"
"H2OH15277","JOSEPHSON, GARY","Democratic Party","DEM","House","H","Ohio","OH","15","COLUMBUS","OH","43209","2022","05-JUN-22","2022","202206059514711222"
"H2HI01120","LARGEY, PATRICK C SR","Republican Party","REP","House","H","Hawaii","HI","01","AIEA","HI","96701","2022","04-JUN-22","2022","202206049514709640"
"H2NJ11251","MCANDREW, RUTH","Republican Party","REP","House","H","New Jersey","NJ","11","MENDHAM ","NJ","07945","2022","03-JUN-22","2022","202206060300408294"
"H2FL20340","OMPHROY, ANIKA","Democratic Party","DEM","House","H","Florida","FL","20","LAUDERDALE LAKES","FL","33313","2022","03-JUN-22","2022","202206039514708936"
"H2AL05227","GREER, PHILLIP JOSEPH MR.","Libertarian Party","LIB","House","H","Alabama","AL","05","BROWNSBORO","AL","35741","2022","03-JUN-22","2022","202206039514708453"
"H2MO05378","BARHAM, JERRY","Republican Party","REP","House","H","Missouri","MO","05","KANSAS CITY","MO","64111","2022","03-JUN-22","2022","202206039514708341"
"H2NY10324","RIVERA, CARLINA","Democratic Party","DEM","House","H","New York","NY","10","NEW YORK","NY","10009","2022","02-JUN-22","2022","202206029514669032"
"S2SC00186","DIXON, NATE DR.","No Party Affiliation","NPA","Senate","S","South Carolina","SC","00","HILTON HEAD ISLAND","SC","29926","2022","02-JUN-22","2022","202206029514687016"
"H4LA01147","DUGAS, LEE ANN","Democratic Party","DEM","House","H","Louisiana","LA","01","KENNER","LA","70062","2022","02-JUN-22","2022","202206029514707981"
"H2NJ02250","PIGNATELLI, SEAN","Republican Party","REP","House","H","New Jersey","NJ","02","FORTESCUE","NE","08321","2022","02-JUN-22","2022","202206029514688848"
"H2FL04211","BEAN, AARON P.","Republican Party","REP","House","H","Florida","FL","04","FERNANDINA BEACH","FL","32035","2022","02-JUN-22","2022","202206029514688206"
"H0CO05152","KELTIE, REBECCA","Republican Party","REP","House","H","Colorado","CO","05","COLORADO SPRINGS","CO","80918","2022","01-JUN-22","2022","202106019448178238"
"S2AK00218","GUNGURSTEIN, SHOSHANA","Independent","IND","Senate","S","Alaska","AK","00","JUNEAU","AK","99802","2022","01-JUN-22","2022","202206019514666172"
"H2NV03245","GOLDBERG, ALBERT","Republican Party","REP","House","H","Nevada","NV","03","LAS VEGAS","NV","89121","2022","01-JUN-22","2022","202206019514668798"
"H2FL22239","O'ROURKE, MICHAEL JOSEPH","Republican Party","REP","House","H","Florida","FL","22","LAKE PARK","FL","33403","2022","01-JUN-22","2022","202206019514667510"
"H2WY01073","JENSEN, MEGHAN","Democratic Party","DEM","House","H","Wyoming","WY","00","ROCK SPRINGS","WY","82901","2022","01-JUN-22","2022","202206019514666200"
"H2WA05113","CLYNCH, SEAN R","Republican Party","REP","House","H","Washington","WA","05","EDWALL","WA","99008","2022","31-MAY-22","2022","202206010300408077"
"H2NY10316","HOLTZMAN, ELIZABETH","Democratic Party","DEM","House","H","New York","NY","10","LONG BEACH","NY","11561","2022","31-MAY-22","2022","202205319514534809"
"H2NY10308","GOLDMAN, DANIEL","Democratic Party","DEM","House","H","New York","NY","10","NEW YORK","NY","10008","2022","31-MAY-22","2022","202205319514534793"
"H2HI02615","SCHULTZ, BRENDAN","Democratic Party","DEM","House","H","Hawaii","HI","02","HONOLULU","HI","96830","2022","31-MAY-22","2022","202205319514534740"
"H2MA09254","SULLIVAN, DAN","Republican Party","REP","House","H","Massachusetts","MA","09","MANOMET","MA","02345","2022","31-MAY-22","2022","202205319514504306"
"H2NY01257","BOND, MICHELLE","Republican Party","REP","House","H","New York","NY","01","RIVERHEAD","NY","11901","2022","31-MAY-22","2022","202205319514503782"
"H2FL15266","TORRES, JERRY","Republican Party","REP","House","H","Florida","FL","15","LAKELAND","FL","33807","2022","31-MAY-22","2022","202205319514503410"
"H2IL16149","HORGES, BRADLEY LAMAR MR. JR.","Write-In","W","House","H","Illinois","IL","16","DECATUR","IL","62526","2022","30-MAY-22","2022","202205309514501707"
"S2IL00283","HORGES, BRADLEY LAMAR MR. JR.","Write-In","W","Senate","S","Illinois","IL","00","DECATUR","IL","62526","2022","30-MAY-22","2022","202205309514501712"
"H2NY10290","GOLDSTEIN, MATTHEW SPENCER MR.","No Party Affiliation","NPA","House","H","New York","NY","10","NEW YORK","NY","10017","2022","30-MAY-22","2022","202205309514503309"
"H2AL07181","GOODMAN, GAVIN JOESPH MR.","Libertarian Party","LIB","House","H","Alabama","AL","07","HUNTSVILLE","AL","35805","2022","30-MAY-22","2022","202205309514503220"
"H2NY10282","DE BLASIO, BILL","Democratic Party","DEM","House","H","New York","NY","10","BROOKLYN","NY","112154194","2022","29-MAY-22","2022","202205299514501294"
"S2AK00200","SEGOVIA, CARMEN","Write-In","W","Senate","S","Alaska","AK","00","TAMPA","FL","33604","2022","28-MAY-22","2022","202205289514489412"
"P20005864","ANOAI, NICHLOAS JOSEPH RAINS MR","Republican Party","REP","President","P","United States","00","00","PALERMO MAINE","ME","04354","2022","27-MAY-22","2022","202205279514488825"
"H2CO03369","VAN RAAM, DOUGLAS S","Other","OTH","House","H","Colorado","CO","03","PAGOSA SPRINGS","CO","81147","2022","27-MAY-22","2022","202206010300408052"
"H2WA08232","WARD, EMET","Democratic Party","DEM","House","H","Washington","WA","08","COVINGTON","WA","98042","2022","27-MAY-22","2022","202205279514489175"
"H2NY10274","LI, JIMMY JIANG","Democratic Party","DEM","House","H","New York","NY","10","BROOKLYN","NY","11218","2022","27-MAY-22","2022","202205279514489236"
"H2NY10266","SIMON, JO ANNE","Democratic Party","DEM","House","H","New York","NY","10","BROOKLYN","NY","11217","2022","27-MAY-22","2022","202205279514488802"
"H0NY17281","PARKER, CATHERINE F","Democratic Party","DEM","House","H","New York","NY","16","MAMARONECK","NY","10543","2022","27-MAY-22","2022","202205279514488791"
"S2NC00778","GADDY, SUSAN","Republican Party","REP","Senate","S","North Carolina","NC","00","OCEAN ISLE BEACH","NC","28469","2022","27-MAY-22","2022","202205279514488429"
"H2FL15258","RAMIREZ, CESAR","Democratic Party","DEM","House","H","Florida","FL","15","LAKELAND","FL","33813","2022","27-MAY-22","2022","202205279514488374"
"H2MI13386","BELLE, ANITA EILEEN","GRN","GRN","House","H","Michigan","MI","13","DETROIT","MI","48221","2022","26-MAY-22","2022","202206010300408094"
"H2HI02607","WEBSTER, JOSEPH E.","Republican Party","REP","House","H","Hawaii","HI","02","KAILUA-KONA","HI","96740","2022","26-MAY-22","2022","202205269514404081"
"H2FL23153","HAMILTON, MICHAELANGELO COLLINS","Democratic Party","DEM","House","H","Florida","FL","23","BOCA RATON","FL","33432","2022","26-MAY-22","2022","202205269514454105"
"H2AZ09233","GRAYSON, RICHARD","Democratic Party","DEM","House","H","Arizona","AZ","09","APACHE JUNCTION","AZ","85120","2022","26-MAY-22","2022","202205269514457205"
"H2FL28020","MARTINEZ GARIN, CARLOS A MR","Republican Party","REP","House","H","Florida","FL","28","CORAL GABLES","FL","33134","2022","26-MAY-22","2022","202205269514458757"
"H2AK01257","LEBLANC, DAVIS LEE MR. JR","Republican Party","REP","House","H","Alaska","AK","00","LAKE CHARLES","LA","70615","2022","26-MAY-22","2022","202205269514458755"
"H2NY08187","DASHEVSKY, YURI MR","Republican Party","REP","House","H","New York","NY","08","BROOKLYN","NY","11229","2022","26-MAY-22","2022","202205269514487316"
"H2FL11174","MUNNS, SHANTE","Democratic Party","DEM","House","H","Florida","FL","11","GOTHA","FL","34734","2022","26-MAY-22","2022","202205260300407931"
"S2VT00318","BIBONA, ROSALIE MAE","Democratic Party","DEM","Senate","S","Vermont","VT","00","ESSEX","VT","05452","2022","25-MAY-22","2022","202205259514392828"
"H2NY10258","YASSKY, DAVID","Democratic Party","DEM","House","H","New York","NY","10","BROOKLYNM","NY","11201","2022","24-MAY-22","2022","202205249514386440"
"P20005856","MASON, KATELYN DECHELLE","Democratic Party","DEM","President","P","United States","00","00","OKLAHOMA CITY","OK","74831","2022","24-MAY-22","2022","202205249514389656"
"H2AL03131","VEASEY, KAREN LIN MRS","Democratic Party","DEM","House","H","Alabama","AL","03","JACKSONVILLE","AL","36265","2022","24-MAY-22","2022","202205249514370860"
"H2MD02376","GEPPI, MIKE","Republican Party","REP","House","H","Maryland","MD","02","ALEXANDRIA","VA","22314","2022","24-MAY-22","2022","202205249514384781"
"H2NH01304","PRESCOTT, RUSSELL","Republican Party","REP","House","H","New Hampshire","NH","01","KINGSTON","NH","03848","2022","24-MAY-22","2022","202205249514385239"
"S2HI00197","DALHOUSE, TIMOTHY ALAN MR.","Republican Party","REP","Senate","S","Hawaii","HI","00","KAILUA KONA","HI","96740","2022","23-MAY-22","2022","202205239512621012"
"H2NY01240","HAHN, PATRICK JOHN MR.","Republican Party","REP","House","H","New York","NY","01","CENTER MORICHES","NY","11934","2022","23-MAY-22","2022","202205239514369824"
"H2FL23146","WEINSTEIN, IRA","Republican Party","REP","House","H","Florida","FL","23","FT LAUDERDALE","FL","33301","2022","22-MAY-22","2022","202205229512620260"
"H2AZ08185","GRAYSON, RICHARD","Democratic Party","DEM","House","H","Arizona","AZ","08","APACHE JUNCTION","AZ","85120","2022","21-MAY-22","2022","202205219512619495"
"H2KS03174","TALLENT, MARK","Republican Party","REP","House","H","Kansas","KS","03","OVERLAND PARK","KS","66212","2022","21-MAY-22","2022","202205219512619035"
"H2NY10241","NIOU, YUH-LINE","Democratic Party","DEM","House","H","New York","NY","10","NEW YORK","NY","10272","2022","21-MAY-22","2022","202205219512619173"
"H2FL23138","BUDD, JOE","Republican Party","REP","House","H","Florida","FL","23","BOCA RATON","FL","33428","2022","21-MAY-22","2022","202205219512619636"
"H2NY23194","CENEDELLA, MARC CHRISTIAN","Republican Party","REP","House","H","New York","NY","23","DUNKIRK","NY","14048","2022","20-MAY-22","2022","202205209512460599"
"S2NY00523","QUITER, THOMAS","Libertarian Party","LIB","Senate","S","New York","NY","00","MOUNT UPTON","NY","13809","2022","19-MAY-22","2022","202205199512409400"
"H2NY22238","WELLS, STEVEN M","Republican Party","REP","House","H","New York","NY","22","CAZENOVIA","NY","13035","2022","19-MAY-22","2022","202205199512408259"
"H2NY19135","CHENEY, JAMIE","Democratic Party","DEM","House","H","New York","NY","19","RHINEBECK","NY","12572","2022","19-MAY-22","2022","202205199512397578"
"S2NV00365","RODRIGUEZ, PAUL M.F.","Republican Party","REP","Senate","S","Nevada","NV","00","LAS VEGAS ","NV","89143","2022","19-MAY-22","2022","202205190300407514"
"H2MA06094","TASHJIAN, MARK MR.","Libertarian Party","LIB","House","H","Massachusetts","MA","06","GEORGETOWN","MA","01833","2022","19-MAY-22","2022","202205199512415290"
"H2NY10233","HOYLMAN, BRAD","Democratic Party","DEM","House","H","New York","NY","10","NEW YORK","NY","10011","2022","19-MAY-22","2022","202205199512414742"
"S2FL00730","QUILES, MOSES J","None","NNE","Senate","S","Florida","FL","00","KISSIMMEE","FL","34741","2022","18-MAY-22","2022","202205189512390742"
"S2VT00300","MERMEL, MYERS","Republican Party","REP","Senate","S","Vermont","VT","00","MANCHESTER","VT","05254","2022","18-MAY-22","2022","202205189512390743"
"H2NY10217","RAGUSA, MICAHEL","Republican Party","REP","House","H","New York","NY","10","BROOKLYN","NY","11209","2022","18-MAY-22","2022","202205189512396070"
"H2NY10225","RAGUSA, MICHAEL","Republican Party","REP","House","H","New York","NY","10","BROOKLYN","NY","11209","2022","18-MAY-22","2022","202205189512396083"
"H0MO06073","GRAVES, SAMUEL B. JR.","Republican Party","REP","House","H","Missouri","MO","06","TARKIO","OH","644919209","2022","18-MAY-22","2022","202205189512396130"
"H0NY22091","DESIRA, JAMES","Independent","IND","House","H","New York","NY","22","AMSTERDAM","NY","12010","2022","18-MAY-22","2022","202205189512396143"
"H2FL07289","FERNANDEZ, HLSIA TATIANA","Democratic Party","DEM","House","H","Florida","FL","07","LAKE MARY","FL","32746","2022","18-MAY-22","2022","202205189512396209"
"H6NC03161","REEVES, ERNEST T","Republican Party","REP","House","H","North Carolina","NC","01","GREENVILLE","NC","27834","2022","18-MAY-22","2022","202205180300407441"
"H2FL14293","CAMPBELL, LANDON NEIL","Republican Party","REP","House","H","Florida","FL","14","TAMPA","FL","33614","2022","18-MAY-22","2022","202205189512388310"
"S2FL00722","HERNANDEZ, SALOMON SR.","Write-In","W","Senate","S","Florida","FL","00","TAMPA","FL","33604","2022","17-MAY-22","2022","202205179512388108"
"S2NH00280","FENTON, BRUCE","Republican Party","REP","Senate","S","New Hampshire","NH","00","DURHAM","NH","03824","2022","17-MAY-22","2022","202205180300407459"
"S2AK00192","TAYLOR, IVAN R","Democratic Party","DEM","Senate","S","Alaska","AK","00","ANCHORAGE","AK","99517","2022","17-MAY-22","2022","202205179512374963"
"H2NY10209","TABACCO, JOHN","Republican Party","REP","House","H","New York","NY","10","STATEN ISLAND","NY","10312","2022","17-MAY-22","2022","202205179512379426"
"H2FL15241","LEE, LAUREL MRS.","Republican Party","REP","House","H","Florida","FL","15","BRANDEN","FL","33509","2022","17-MAY-22","2022","202205179512383798"
"P20005849","MATTOCKS, SAVON","Independent","IND","President","P","United States","00","00","SUMTER","SC","29150","2022","17-MAY-22","2022","202205179512384490"
"H2CA39193","MORENO, TONY","Republican Party","REP","House","H","California","CA","39","RIVERSIDE","CA","92504","2022","17-MAY-22","2022","202205179512387155"
"H2NY17162","LAWLER, MICHAEL VINCENT","Republican Party","REP","House","H","New York","NY","17","SOUTH SALEM","NY","10590","2022","17-MAY-22","2022","202205179512387702"
"H2WA02177","MATTHEWS, DAN","Republican Party","REP","House","H","Washington","WA","02","MUKILTEO","WA","98275","2022","16-MAY-22","2022","202205169512365305"
"H2FL15233","STARGEL, KELLI","Republican Party","REP","House","H","Florida","FL","15","LAKELAND","FL","33806","2022","16-MAY-22","2022","202205169512362817"
"S2FL00714","EKPETE, ULOMA UMA DR.","Write-In","W","Senate","S","Florida","FL","00","ST PETERSBURG","FL","33702","2022","16-MAY-22","2022","202205169512363263"
"H8NY19223","RYAN, PATRICK","Democratic Party","DEM","House","H","New York","NY","18","KINGSTON","NY","12402","2022","16-MAY-22","2022","202205169512364379"
"S2WA00494","COBAIN, KURT DONALD MR","Democratic Party","DEM","Senate","S","Washington","WA","00","SEATTLE","WA","98112","2022","15-MAY-22","2022","202205159512357336"
"H2FL13295","DAVIS, JAMES MR PA-C","Republican Party","REP","House","H","Florida","FL","13","WIMAUMA","FL","33598","2022","13-MAY-22","2022","202205139502829914"
"S2MO00718","KELLY, PATRICK DANIEL","Democratic Party","DEM","Senate","S","Missouri","MO","00","ST. LOUIS","MO","63131","2022","13-MAY-22","2022","202205139502845617"
"H2NJ01187","GALDO, DAMON M","Republican Party","REP","House","H","New Jersey","NJ","01","WEST DEPTFORD","NJ","08086","2022","12-MAY-22","2022","202205129502739007"
"H2WA08224","CONLEY, KEVIN ROBERT MR.","Independent","IND","House","H","Washington","WA","08","EVERETT","WA","98201","2022","12-MAY-22","2022","202205129502737607"
"H2MA05153","COLARUSSO, CAROLINE","Republican Party","REP","House","H","Massachusetts","MA","05","STONEHAM","MA","02180","2022","11-MAY-22","2022","202205119502722946"
"H0MD08203","COLL, GREGORY THOMAS","Republican Party","REP","House","H","Maryland","MD","08","ROCKVILLE","MD","20852","2022","11-MAY-22","2022","202205119502737493"
"H0NC06266","PICHARDO, LAURA","Republican Party","REP","House","H","North Carolina","NC","06","PELHAM","NC","27311","2022","10-MAY-22","2022","202205109502718211"
"H2FL27097","HIGGINS, EILEEN","Democratic Party","DEM","House","H","Florida","FL","27","MIAMI","FL","33135","2022","10-MAY-22","2022","202205109502719808"
"S2WA00486","LAWSON, LEON MR","Republican Party","REP","Senate","S","Washington","WA","00","SHELTON","WA","98584","2022","09-MAY-22","2022","202205099502710896"
"H2WI04070","CLARK, TRAVIS R. MR.","Republican Party","REP","House","H","Wisconsin","WI","04","MILWAUKEE","WI","53224","2022","09-MAY-22","2022","202205099502711855"
"H2FL04203","MACIE, MARA HEATHER","Republican Party","REP","House","H","Florida","FL","04","JACKSONVILLE","FL","32206","2022","09-MAY-22","2022","202205099502711058"
"H2FL22221","BIANCHI, MICHAEL JOHN","No Party Affiliation","NPA","House","H","Florida","FL","22","POMPANO BEACH","FL","33060","2022","09-MAY-22","2022","202205099502711553"
"H2OH04164","WILSON, TAMARA","Democratic Party","DEM","House","H","Ohio","OH","04","DELAWARE","OH","43015","2022","08-MAY-22","2022","202205089502710206"
"H2NM01375","CHICK, CAMERON SR.","Independent","IND","House","H","New Mexico","NM","01","ALBUQUERQUE","NM","87107","2022","06-MAY-22","2022","202205069502683809"
"H2FL21199","CANTON, STEPHEN G","Independent","IND","House","H","Florida","FL","21","PALM BEACH","FL","33480","2022","06-MAY-22","2022","202205069502687200"
"H2FL18112","TARAZONA, EDDIE","Republican Party","REP","House","H","Florida","FL","18","MULBERRY","FL","33860","2022","06-MAY-22","2022","202205069502684336"
"H2MI06166","KOLANAGIREDDY, HIMA","Republican Party","REP","House","H","Michigan","MI","06","NOVI","MI","48376","2022","06-MAY-22","2022","202205069502684097"
"H2NJ11244","BIASCO, JOSEPH NICHOLAS MR.","Libertarian Party","LIB","House","H","New Jersey","NJ","11","LINCOLN PARK","NJ","07035","2022","05-MAY-22","2022","202205059502582399"
"H2WI06075","MANES, MATTHEW LEONARD","Democratic Party","DEM","House","H","Wisconsin","WI","06","PORT WASHINGTON","WI","53074","2022","05-MAY-22","2022","202205059502669310"
"S2MN00332","NAVITSKY, KEN","Republican Party","REP","Senate","S","Minnesota","MN","00","ROCHESTER","MN","55901","2022","05-MAY-22","2022","202205059502579810"
"S2OK00285","WADE, BRANDON KEITH","Democratic Party","DEM","Senate","S","Oklahoma","OK","00","BARTLESVILLE","OK","74003","2022","05-MAY-22","2022","202205059502581552"
"H2FL22213","FUGATE, DEMETRIUS","Republican Party","REP","House","H","Florida","FL","22","FORT LAUDERDALE","FL","33304","2022","04-MAY-22","2022","202205049502540834"
"H2NY17154","SCHREPEL, JACK","Republican Party","REP","House","H","New York","NY","17","CHESTER","NY","10818","2022","04-MAY-22","2022","202205049502541661"
"S2MD00602","FRIEND, LORIE R","Republican Party","REP","Senate","S","Maryland","MD","00","OAKLAND","MD","21550","2022","04-MAY-22","2022","202205049502577797"
"S2NC00745","COLON, ROBERT","Democratic Party","DEM","Senate","S","North Carolina","NC","00","WILMINGTON","NC","28405","2022","04-MAY-22","2022","202205050300406853"
"H2NJ08281","DELANEY, DAN MR","Libertarian Party","LIB","House","H","New Jersey","NJ","08","HOBOKEN","NJ","07030","2022","04-MAY-22","2022","202205049502577898"
"H2NJ10253","LUDDEN, KENDAL","Liberal Party","LBL","House","H","New Jersey","NJ","10","BAYONNE","NJ","07002","2022","04-MAY-22","2022","202205049502578367"
"H2FL04195","HILL, ANTHONY TONY","Democratic Party","DEM","House","H","Florida","FL","04","JACKSONVILLE","FL","32226","2022","04-MAY-22","2022","202205049502578396"
"H2NC09217","ANDRIANI, MICHAEL R. MR.","Republican Party","REP","House","H","North Carolina","NC","09","FAYETTEVILLE","NC","28303","2022","03-MAY-22","2022","202205039502510406"
"H2OK02323","DERBY, DAVID","Republican Party","REP","House","H","Oklahoma","OK","02","OWASSO","OK","74055","2022","03-MAY-22","2022","202205039502539938"
"H2CA02258","RAMIREZ, ARCHIMEDES M.D.","Republican Party","REP","House","H","California","CA","02","GREENBRAE","CA","94904","2022","03-MAY-22","2022","202205039502540220"
"H0WA01124","CHARTRAND, DEREK","Republican Party","REP","House","H","Washington","WA","01","REDMOND","WA","98052","2022","03-MAY-22","2022","202205039502510168"
"H2FL04187","FISCHER, JASON","Republican Party","REP","House","H","Florida","FL","04","ORANGE PARK","FL","32067","2022","03-MAY-22","2022","202205039502513062"
"H2MI13378","RIDDLE, SAMUEL LEWIS JR","Democratic Party","DEM","House","H","Michigan","MI","13","DETROIT","MI","48207","2022","03-MAY-22","2022","202205039502512467"
"H2FL15225","BROWN, GAVIN","Democratic Party","DEM","House","H","Florida","FL","15","CLERMONT","FL","34711","2022","02-MAY-22","2022","202205029502508576"
"H8MI04101","HILLIARD, JEROME C","Democratic Party","DEM","House","H","Michigan","MI","02","MT PLEASANT","MI","48858","2022","02-MAY-22","2022","202205029502508126"
"H2CA24229","ALLEN, BRAD DR.","Republican Party","REP","House","H","California","CA","24","LOS ANGELES","CA","90067","2022","02-MAY-22","2022","202205029502508565"
"H2HI02599","BRANCO, PATRICK PIHANA","Democratic Party","DEM","House","H","Hawaii","HI","02","KAILUA","HI","96734","2022","02-MAY-22","2022","202205029502508431"
"H2FL27089","RUSSELL, KEN","Democratic Party","DEM","House","H","Florida","FL","27","KEY BISCAYNE","FL","33149","2022","02-MAY-22","2022","202205029502508383"
"S2CA01292","LOVE, BARRY PAUL","Republican Party","REP","Senate","S","California","CA","00","OAKLAND","CA","94607","2022","02-MAY-22","2022","202205029502507389"
"H2FL04179","DAVIS, ALAN MICHAEL","Republican Party","REP","House","H","Florida","FL","04","JACKSONVILLE","FL","32222","2022","02-MAY-22","2022","202205029502506570"
"S2TX00585","FITZGERALD, RICHARD KALE MR. SR.","Independent","IND","Senate","S","Texas","TX","00","HOUSTON","TX","77036","2022","30-APR-22","2022","202204309502505983"
"H8TN04123","STEELE, RUSSELL","Democratic Party","DEM","House","H","Tennessee","TN","04","FAYETTEVILLE","TN","37334","2022","29-APR-22","2022","202204290300406585"
"H2AK01240","WOOL, ADAM L","Democratic Party","DEM","House","H","Alaska","AK","00","FAIRBANKS","AK","99709","2022","29-APR-22","2022","202204299502505560"
"H2AK01232","LYONS, ROBERT","Republican Party","REP","House","H","Alaska","AK","00","HOUSTON","AK","99694","2022","29-APR-22","2022","202204299502505325"
"H2CA06333","BLACK, KARLA","R","R","House","H","California","CA","06","SACRAMENTO","CA","95834","2022","29-APR-22","2022","202204290300406589"
"H0AZ05185","RAMOS, JAVIER","Democratic Party","DEM","House","H","Arizona","AZ","05","QUEEN CREEK","AZ","85142","2022","28-APR-22","2022","202204289502482050"
"H0TN08287","FLINN, GEORGE S DR JR","Independent","IND","House","H","Tennessee","TN","09","MEMPHIS","TN","38111","2022","28-APR-22","2022","202204289502482013"
"H2TN08176","MCDONALD, TIMOTHY BERNARD MR","Democratic Party","DEM","House","H","Tennessee","TN","08","JACKSON","TN","38301","2022","28-APR-22","2022","202204289502482311"
"H2GU01056","PAT, JUDITH T WON","Democratic Party","DEM","House","H","Guam","GU","00","HAGATNA","GU","96932","2022","28-APR-22","2022","202204289502482619"
"H2AK01224","HALCRO, ANDREW J MR","Republican Party","REP","House","H","Alaska","AK","00","ANCHORAGE","AK","99502","2022","28-APR-22","2022","202204289502483172"
"H2TN05479","BEIERLEIN, JEFF","Republican Party","REP","House","H","Tennessee","TN","05","NASHVILLE","TN","37205","2022","28-APR-22","2022","202204289502482754"
"H2FL10333","LOWE, THUY","Republican Party","REP","House","H","Florida","FL","10","ORLANDO","FL","32810","2022","28-APR-22","2022","202204289502482755"
"H2HI02581","TOKUDA, JILL NAOMI","Democratic Party","DEM","House","H","Hawaii","HI","02","KANEOHE","HI","96744","2022","28-APR-22","2022","202204289502483145"
"H2FL22205","HOLZHAUER, HAVA","Democratic Party","DEM","House","H","Florida","FL","22","BOCA RATON","FL","33481","2022","28-APR-22","2022","202204289502482663"
"H2WA09172","ANDERSON, DAVID","Independent","IND","House","H","Washington","WA","09","SEATTLE","WA","98118","2022","27-APR-22","2022","202204279502481185"
"H2MO01237","FAULKNER, MARK EUGENE","Republican Party","REP","House","H","Missouri","MO","01","ST LOUIS","MO","63112","2022","27-APR-22","2022","202204270300406485"
"S2ID00194","PURSLEY, BENJAMIN","Democratic Party","DEM","Senate","S","Idaho","ID","00","BOISE","ID","83703","2022","27-APR-22","2022","202204279502480864"
"H2NJ01179","FLETCHER, ISAIAH","Libertarian Party","LIB","House","H","New Jersey","NJ","01","CHERRY HILL","NJ","08003","2022","27-APR-22","2022","202204279502480135"
"H2VA06214","LEBEAU, DANIEL JOSEPH","Independent","IND","House","H","Virginia","VA","06","STAUNTON","VA","24401","2022","27-APR-22","2022","202204279502480743"
"S2WA00478","HUSSEY, LAWRENCE","Independent","IND","Senate","S","Washington","WA","00","SEATTLE","WA","98136","2022","27-APR-22","2022","202204279502480129"
"S2OK00277","PRUITT, SCOTT","Republican Party","REP","Senate","S","Oklahoma","OK","00","TULSA","OK","74114","2022","26-APR-22","2022","202204269502479108"
"H2NJ08273","EBERHARD, ANDREA ROSEBOROUGH","Democratic Party","DEM","House","H","New Jersey","NJ","08","WEEHAWKEN","NJ","07086","2022","26-APR-22","2022","202204269502478090"
"H2OH19204","DECK, BETH A. MRS.","Republican Party","REP","House","H","Ohio","OH","19","VERMILION","OH","44089","2022","26-APR-22","2022","202204269502472299"
"H2VT01118","MEYERS, LOUIS B","Democratic Party","DEM","House","H","Vermont","VT","00","SOUTH BURLINGTON","VT","05403","2022","26-APR-22","2022","202204269502476999"
"H2GU01049","NELSON, TELENA C.","Democratic Party","DEM","House","H","Guam","GU","00","BARRIGADA","GU","96921","2022","26-APR-22","2022","202204269502473842"
"H2AK01216","BYE, CHRIS","Libertarian Party","LIB","House","H","Alaska","AK","00","FAIRBANKS","AK","99712","2022","26-APR-22","2022","202204269502476880"
"H2HI02573","WATERS, TOMMY","Democratic Party","DEM","House","H","Hawaii","HI","02","KANEOHE","HI","96744","2022","26-APR-22","2022","202204269502473166"
"H2NJ01161","FLETCHER, ISAIAH","Libertarian Party","LIB","House","H","New Jersey","NJ","01","CHERRY HILL","NJ","08003","2022","25-APR-22","2022","202204259502466264"
"H2WI07115","KUNELIUS, DAVID WALTER","Republican Party","REP","House","H","Wisconsin","WI","07","ARBOR VITAE","WI","54568","2022","25-APR-22","2022","202204259502466327"
"H0MT00074","RANKIN, SAM","Libertarian Party","LIB","House","H","Montana","MT","02","BILLINGS","MT","59102","2022","25-APR-22","2022","202204270300406431"
"H2NJ03308","RUSSOMANNO, CHRISTOPHER","Libertarian Party","LIB","House","H","New Jersey","NJ","03","BORDENTOWN","NJ","08505","2022","25-APR-22","2022","202204259502466437"
"H2MN06222","BERMAN, JOHN","Republican Party","REP","House","H","Minnesota","MN","06","RICHLAND","WA","99352","2022","25-APR-22","2022","202204259502466840"
"H2NJ10246","LUDDEN, KENDAL","Liberal Party","LBL","House","H","New Jersey","NJ","10","BAYONNE","NJ","07002","2022","25-APR-22","2022","202204259502471730"
"H2MN07154","BERMAN, JOHN","Republican Party","REP","House","H","Minnesota","MN","07","RICHLAND","WA","99352","2022","25-APR-22","2022","202204259502466844"
"H2NJ09149","ARMSTRONG, SEAN ARMSTRONG","Libertarian Party","LIB","House","H","New Jersey","NJ","09","JERSEY CITY","NJ","07305","2022","25-APR-22","2022","202204259502469134"
"H2NJ02243","GALLO, MICHAEL","Libertarian Party","LIB","House","H","New Jersey","NJ","02","VILLAS","NJ","08251","2022","25-APR-22","2022","202204259502469204"
"H2MO03183","DALY, ANDREW","Democratic Party","DEM","House","H","Missouri","MO","03","FULTON","MO","65251","2022","25-APR-22","2022","202204259502469973"
"H2NJ07283","PAJUNAS, CLAYTON","Libertarian Party","LIB","House","H","New Jersey","NJ","07","SOMERVILLE","NJ","08876","2022","25-APR-22","2022","202204259502466843"
"H2NJ04231","CULLEN, JASON CULLEN","Libertarian Party","LIB","House","H","New Jersey","NJ","04","MANALAPAN","NJ","07726","2022","24-APR-22","2022","202204249502466134"
"H2CA15144","GARRITY, JAMES","Unaffiliated","UN","House","H","California","CA","15","SAN CARLOS","CA","94070","2022","24-APR-22","2022","202204249502466133"
"H2NJ11236","MCCORMICK, KEVIN","Libertarian Party","LIB","House","H","New Jersey","NJ","11","SUMMIT","NJ","07901","2022","24-APR-22","2022","202204249502466132"
"H2IL01430","PALMER, ROBERT A","Democratic Party","DEM","House","H","Illinois","IL","01","CHICAGO","IL","60619","2022","24-APR-22","2022","202204249502466145"
"H2PA17194","SLUZYNSKY, WALTER STEVE MR.","UP","UP","House","H","Pennsylvania","PA","17","MONACA","PA","15061","2022","23-APR-22","2022","202204239502465809"
"H2MI11265","AMBROSE, MARK","Republican Party","REP","House","H","Michigan","MI","11","BLOOMFIELD","MI","48301","2022","22-APR-22","2022","202204229502265635"
"H2PA17186","CODER, KATHY","Republican Party","REP","House","H","Pennsylvania","PA","17","PITTSBURGH","PA","15202","2022","22-APR-22","2022","202204229502365083"
"H2VA08186","FIKRE, THEODORE","Independent","IND","House","H","Virginia","VA","08","ALEXANDRIA","VA","22312","2022","22-APR-22","2022","202204229502266151"
"H0FL22126","SCOTT, CHRISTINE","No Party Affiliation","NPA","House","H","Florida","FL","23","DEERFIELD BEACH","FL","33441","2022","22-APR-22","2022","202204229502266127"
"H2OH11169","BROWN, M SHONTEL","Democratic Party","DEM","House","H","Ohio","OH","11","WARRENSVILLE HEIGHTS","OH","44128","2022","21-APR-22","2022","202204219502265450"
"H2MI12206","GARRETT, MYKALE","Democratic Party","DEM","House","H","Michigan","MI","12","LATHRUP VILLAGE","MI","48076","2022","21-APR-22","2022","202204219502238303"
"H2TX09156","LEON, JIMMY","Republican Party","REP","House","H","Texas","TX","09","HOUSTON","TX","77054","2022","21-APR-22","2022","202204219502243523"
"H2SC07314","SCOTT, DARYL","Democratic Party","DEM","House","H","South Carolina","SC","07","CONWAY","SC","29526","2022","21-APR-22","2022","202204219502238836"
"H2OH15228","CAREY, MIKE","Republican Party","REP","House","H","Ohio","OH","15","COLUMBUS","OH","43216","2022","21-APR-22","2022","202204219502242648"
"S2NH00272","MANSHARAMANI, VIKRAM","Republican Party","REP","Senate","S","New Hampshire","NH","00","CONCORD","NH","03302","2022","21-APR-22","2022","202204219502238311"
"H2CA30333","MEURER, WILLIAM","Green Party","GRE","House","H","California","CA","30","PASADENA","CA","91105","2022","20-APR-22","2022","202204209500096146"
"S2WA00460","HOLYK, ISAAC A","Republican Party","REP","Senate","S","Washington","WA","00","BATTLE GROUND","WA","98604","2022","20-APR-22","2022","202204209500133287"
"S2OK00251","GRELLNER, RANDY J.","Republican Party","REP","Senate","S","Oklahoma","OK","00","EDMOND","OK","73083","2022","20-APR-22","2022","202204209500139755"
"H2MI08204","MILLER, CANDICE MS.","Republican Party","REP","House","H","Michigan","MI","08","BURTON","MI","48509","2022","20-APR-22","2022","202204209500255976"
"S2OK00269","BAKER, DENNIS","Democratic Party","DEM","Senate","S","Oklahoma","OK","00","TULSA","OK","74152","2022","20-APR-22","2022","202204209500180389"
"H2TX34246","CORONADO, RENE","Democratic Party","DEM","House","H","Texas","TX","34","HARLINGEN","TX","78550","2022","20-APR-22","2022","202204209500248201"
"H2HI01112","ALCUBILLA, SERGIO JOSEPHUS MR. III","Democratic Party","DEM","House","H","Hawaii","HI","01","HONOLULU","HI","96813","2022","20-APR-22","2022","202204209500143374"
"H2NC13276","BOWLES, JAMIE CAMPBELL MS.","Democratic Party","DEM","House","H","North Carolina","NC","13","SALEMBURG","NC","28385","2022","19-APR-22","2022","202204199500026534"
"H2OH12126","RIPPEL-ELTON, AMY MRS.","Democratic Party","DEM","House","H","Ohio","OH","12","NEWARK","OH","43055","2022","19-APR-22","2022","202204199500040011"
"H2CA52188","GEFFENEY, TYLER","Republican Party","REP","House","H","California","CA","52","FALLBROOK","CA","92028","2022","19-APR-22","2022","202204199500028654"
"H2MI13360","BIVINGS, MARTELL DE'ANGELO","Republican Party","REP","House","H","Michigan","MI","13","DETROIT","MI","48215","2022","19-APR-22","2022","202204199500026539"
"H2IL14128","WILSON, BARRY","Independent","IND","House","H","Illinois","IL","14","OTTAWA","IL","61350","2022","18-APR-22","2022","202204189500008550"
"H0CA17193","TANDON, RITESH","Republican Party","REP","House","H","California","CA","17","SAN JOSE","CA","95135","2022","18-APR-22","2022","202204189500012197"
"H2OK02315","BRECHEEN, JOSH","Republican Party","REP","House","H","Oklahoma","OK","02","COALGATE","OK","74538","2022","18-APR-22","2022","202204189500013836"
"H2WI05283","KIDD, JIM KIDD","None","NNE","House","H","Wisconsin","WI","05","WAUWATOSA","WI","53225","2022","18-APR-22","2022","202204189500013253"
"H2MD06328","FOLDI, MATTHEW","Republican Party","REP","House","H","Maryland","MD","06","GAITHERSBURG","MD","20878","2022","18-APR-22","2022","202204189500012198"
"S6OK04098","MURPHY, ROBERT T","Libertarian Party","LIB","Senate","S","Oklahoma","OK","00","NORMAN","OK","73070","2022","17-APR-22","2022","202204179500004947"
"H2CO02205","DAWSON, MARSHALL","Republican Party","REP","House","H","Colorado","CO","02","LONGMONT","CO","80504","2022","16-APR-22","2022","202204169500004816"
"H2NJ06236","FISHER, TARA LYNN","Libertarian Party","LIB","House","H","New Jersey","NJ","06","LINDENWOLD","NJ","08021","2022","16-APR-22","2022","202204169500004822"
"H2FL26099","MILLER, KARL KW MR.","Republican Party","REP","House","H","Florida","FL","26","MIAMI","FL","33296","2022","15-APR-22","2022","202204159496291372"
"H2VA09085","DEVAUGHAN, TAYSHA LEE","Democratic Party","DEM","House","H","Virginia","VA","09","PENNINGTON GAP","VA","24277","2022","15-APR-22","2022","202204159496582615"
"H2MT01136","HEUER, MITCH MR.","Republican Party","REP","House","H","Montana","MT","01","WHITEFISH","MT","59937","2022","15-APR-22","2022","202204159496638976"
"H2OR05233","ROSES, LAUREL","Republican Party","REP","House","H","Oregon","OR","05","MULINO","OR","97042","2022","15-APR-22","2022","202204159496708511"
"S8MO00269","WRIGHT, CARLA (COFFEE)","Democratic Party","DEM","Senate","S","Missouri","MO","00","ST LOUIS","MO","63108","2022","15-APR-22","2022","202204210300405788"
"H8NV04059","HARDY, CRESENT","Republican Party","REP","House","H","Nevada","NV","01","MESQUITE","NV","89024","2022","15-APR-22","2022","202204159496421421"
"H2NY05118","AKHLAGHY, NADER","Peace And Freedom Party","PFP","House","H","New York","NY","05","NEWYORK","NY","10005","2022","15-APR-22","2022","202204159499959728"
"H2MD02368","AMBROSE, NICOLEE","Republican Party","REP","House","H","Maryland","MD","02","BALTIMORE","MD","21210","2022","15-APR-22","2022","202204159500000659"
"H4MI09109","DONOVAN, MICHELLE R.E.","Republican Party","REP","House","H","Michigan","MI","09","NEW BALTIMORE","MI","48047","2022","15-APR-22","2022","202204159496774866"
"S2CO00308","ATWOOD, FRANK FISHER","Other","OTH","Senate","S","Colorado","CO","00","LITTLETON","CO","80120","2022","14-APR-22","2022","202204150300403498"
"H2MD02350","MCNULTY, ELLEN EJ","Republican Party","REP","House","H","Maryland","MD","02","TOWSON","MD","21286","2022","14-APR-22","2022","202204149496257580"
"H6OK03165","ROGERS, EVELYN L (LOUISE)","Independent","IND","House","H","Oklahoma","OK","01","TULSA","OK","74170","2022","14-APR-22","2022","202204180300404161"
"H2OK02307","ANDREWS, NAOMI","Democratic Party","DEM","House","H","Oklahoma","OK","02","TULSA","OK","74133","2022","14-APR-22","2022","202204149496200298"
"H2AK01208","METTLER, SHERRY","None","NNE","House","H","Alaska","AK","00","ANCHORAGE","AK","99503","2022","14-APR-22","2022","202204149496139033"
"H2IL01422","STEVEN`DEJOIE, STEVEN","Democratic Party","DEM","House","H","Illinois","IL","01","CHICAGO","IL","60619","2022","14-APR-22","2022","202204149496140546"
"H2OK05177","BANKS, SUBRINA","Republican Party","REP","House","H","Oklahoma","OK","05","OKLAHOMA CITY","OK","73105","2022","14-APR-22","2022","202204149496197748"
"H2NY23178","JULIANO, RAYMOND JR","Republican Party","REP","House","H","New York","NY","23","BOSTON","NY","14025","2022","14-APR-22","2022","202204149496137672"
"H2NY05142","LOZADA, FRANK J","Democratic Party","DEM","House","H","New York","NY","05","VALLEY STREAM","NY","11580","2022","13-APR-22","2022","202204139496093570"
"H2CA36504","WILLIAMS, STEVE MR.","Non-Party","NON","House","H","California","CA","36","REDONDO BEACH","CA","90277","2022","13-APR-22","2022","202204139496092986"
"H2IL08203","KOPPIE, CHAD","Republican Party","REP","House","H","Illinois","IL","08","GILBERTS","IL","60136","2022","13-APR-22","2022","202204139496080089"
"S2CT00330","HYDUCHAK, ANDREW","None","NNE","Senate","S","Connecticut","CT","00","WATERTOWN","CT","06795","2022","12-APR-22","2022","202204129496079263"
"H2VA08178","TUNNELL, KEZIA","Republican Party","REP","House","H","Virginia","VA","08","ALEXANDRIA","VA","22314","2022","12-APR-22","2022","202204129496057435"
"H2WI08071","BOUCHER, PAUL DAVID MR.","Independence Party","IDP","House","H","Wisconsin","WI","08","GREEN BAY","WI","54302","2022","12-APR-22","2022","202204129496066724"
"H2IL22022","GORDON, MICHAEL FREDERICK MR","Independent Conservative Democratic","ICD","House","H","Illinois","IL","22","SPRINGFIELD","IL","62777","2022","12-APR-22","2022","202204129496067532"
"H0LA05088","BADGER, JOHN ROBERT","Independent","IND","House","H","Louisiana","LA","05","MONROE","LA","71203","2022","12-APR-22","2022","202204129496065519"
"H2NJ42025","SEYMOUR, MATHEW MR","Independent Conservative Democratic","ICD","House","H","New Jersey","NJ","42","EDISON","NJ","08817","2022","12-APR-22","2022","202204129496067632"
"H2UT12026","WILLIAMS, PETER MR","Independent Conservative Democratic","ICD","House","H","Utah","UT","12","SALT LAKE CITY","UT","84111","2022","12-APR-22","2022","202204129496067665"
"S2WA00452","MCCUNE, DAVID E","Independent","IND","Senate","S","Washington","WA","00","TACOMA","WA","98422","2022","12-APR-22","2022","202204129496070392"
"H2NV01322","ADAMS, JANE","Republican Party","REP","House","H","Nevada","NV","01","LAS VEGAS","NV","89119","2022","12-APR-22","2022","202204129496070402"
"H2IL19069","ENGLAND, BRIGHTON MR","Independent Conservative Democratic","ICD","House","H","Illinois","IL","19","CHICAGO","IL","60602","2022","12-APR-22","2022","202204129496067624"
"H2OK02299","NOFIRE, JOHN WESLEY","Republican Party","REP","House","H","Oklahoma","OK","02","PARK HILL","OK","74451","2022","11-APR-22","2022","202204119496046894"
"H2NY38010","LANSFORD, MICHAEL MR","Independent Conservative Democratic","ICD","House","H","New York","NY","38","BUFFALO","NY","14221","2022","11-APR-22","2022","202204119496039595"
"H2MO47016","CEASAR, FELIX MR","Independent Conservative Democratic","ICD","House","H","Missouri","MO","47","ST LOUIS","MO","63105","2022","11-APR-22","2022","202204119496039662"
"H2IL12197","MARKEL, HOMER CHIP MR.","Democratic Party","DEM","House","H","Illinois","IL","12","CARBONDALE","IL","62901","2022","11-APR-22","2022","202204119496039828"
"H2OH52015","CURRY, MACDUFF MR","Independent Conservative Democratic","ICD","House","H","Ohio","OH","52","WORTHINGTON","OH","43028","2022","11-APR-22","2022","202204119496039829"
"H2AZ06312","ANDERSON, BYRON AVERY","Democratic Party","DEM","House","H","Arizona","AZ","06","TUCSON","AZ","85743","2022","11-APR-22","2022","202204119496040799"
"H2FL81011","GOLD, SAMUEL MR","Independent Conservative Democratic","ICD","House","H","Florida","FL","81","ST PETERSBURGH","FL","33701","2022","11-APR-22","2022","202204119496039246"
"H2CA29087","CARRANZA, MARGARITA MARIA MMC MMC","Republican Party","REP","House","H","California","CA","29","SYLMAR","CA","91342","2022","11-APR-22","2022","202204119496025212"
"H2AK01190","LOWENFELS, JEFF","Non-Party","NON","House","H","Alaska","AK","00","ANCHORAGE","AK","99502","2022","11-APR-22","2022","202204119496025547"
"H2PA31013","BARUCH, SILVESTER MR","Independent Conservative Democratic","ICD","House","H","Pennsylvania","PA","31","PHILADELPHIA","PA","19106","2022","11-APR-22","2022","202204119496025565"
"H2CT12012","CUNNINGHAM, GEORGE MR","Independent Conservative Democratic","ICD","House","H","Connecticut","CT","12","FARMINGTON","CT","06032","2022","11-APR-22","2022","202204119496025679"
"H2MD19016","LANCASTER, JASON MR","Independent Conservative Democratic","ICD","House","H","Maryland","MD","19","OWING MILLS","MD","21117","2022","11-APR-22","2022","202204119496025743"
"H2PA49015","WILLIS, TREVOR MR","Independent Conservative Democratic","ICD","House","H","Pennsylvania","PA","49","PHILADELPHIA","PA","19115","2022","11-APR-22","2022","202204119496038181"
"H2MI07131","HAGG, JACOB","Republican Party","REP","House","H","Michigan","MI","07","LANSING","MI","48915","2022","11-APR-22","2022","202204119496025069"
"H2IL05225","CRUZ, JERICO MATIAS","Independent","IND","House","H","Illinois","IL","05","CHICAGO","IL","60630","2022","10-APR-22","2022","202204109496002688"
"H2MO07200","RADAKER-SHEAFER, KRISTEN","Democratic Party","DEM","House","H","Missouri","MO","07","JOPLIN","MO","64801","2022","10-APR-22","2022","202204109496002885"
"H2FL19110","HUFF, JIM","Republican Party","REP","House","H","Florida","FL","19","PORT CHARLOTTE","FL","33981","2022","10-APR-22","2022","202204109496002828"
"P20005815","TIPPETT, EVETTE RACHELLE MS","Communist Party","COM","President","P","Michigan","MI","00","PONTIAC","MI","48340","2022","09-APR-22","2022","202204099495979979"
"H2TX32182","DAY, DARRELL","Republican Party","REP","House","H","Texas","TX","32","DALLAS","TX","00000","2022","09-APR-22","2022","202204099495981293"
"H8OH13154","LYRAS, LOUIS GEORGE","Democratic Party","DEM","House","H","Ohio","OH","06","CAMPBELL","OH","44405","2022","09-APR-22","2022","202204099495980175"
"S2MO00700","JOINER, RICKY","Republican Party","REP","Senate","S","Missouri","MO","00","FLORISSANT","MO","63031","2022","08-APR-22","2022","202204089495979716"
"H2TN05461","PARKS, STEWART THOMAS","Republican Party","REP","House","H","Tennessee","TN","05","NASHVILLE","TN","37211","2022","08-APR-22","2022","202204089495979978"
"H2VA10281","MAYHUGH, JEFFREY MICHAEL","Republican Party","REP","House","H","Virginia","VA","10","GAINESVILLE","VA","20155","2022","08-APR-22","2022","202204089495976909"
"S2OR00192","STETTLER, MICHAEL KURT","Constitution Party","CON","Senate","S","Oregon","OR","00","CHRISTMAS VALLEY","OR","97641","2022","08-APR-22","2022","202204089495977633"
"H2TN39015","LEEDS, PETER MR","Independent Conservative Democratic","ICD","House","H","Tennessee","TN","39","NASHVILLE","TN","37243","2022","08-APR-22","2022","202204089495978031"
"S2HI00189","COLLINS, CHARLES AUGUSTINE MR","Republican Party","REP","Senate","S","Hawaii","HI","00","PAHOA","HI","96778","2022","08-APR-22","2022","202204089495978675"
"H2OK02273","SMITH, PAMELA","Republican Party","REP","House","H","Oklahoma","OK","02","MCALESTER","OK","74501","2022","08-APR-22","2022","202204089495978099"
"H2NJ25012","CULLENS, STEPHENE MR","Independent Conservative Democratic","ICD","House","H","New Jersey","NJ","25","TRENTON","NJ","08625","2022","08-APR-22","2022","202204089495978181"
"H2CT81017","ADELPHI, ADRIAN","Independent Conservative Democratic","ICD","House","H","Connecticut","CT","81","EAST GRANBY","CT","06026","2022","08-APR-22","2022","202204089495978264"
"H2OK02281","BARKER, GUY STUART","Republican Party","REP","House","H","Oklahoma","OK","02","MONKEY ISLAND","OK","74331","2022","08-APR-22","2022","202204089495978409"
"H2OK49019","DIAMOND, GILBERT MR","Independent Conservative Democratic","ICD","House","H","Oklahoma","OK","49","OKLAHOMA CITY","OK","23119","2022","08-APR-22","2022","202204089495978093"
"H2AK01182","DUTCHESS, LADY DONNA","Non-Party","NON","House","H","Alaska","AK","00","ANCHORAGE","AK","99504","2022","07-APR-22","2022","202204079495975186"
"H2TN05453","WITTUM, CHARLES GARFIELD III","Republican Party","REP","House","H","Tennessee","TN","05","NASHVILLE","TN","37211","2022","07-APR-22","2022","202204079495970237"
"H2VT01100","MADDEN, LIAM","Independent","IND","House","H","Vermont","VT","00","BELLOWS FALLS","VT","05101","2022","07-APR-22","2022","202204079495971828"
"H2NY14177","JIN, JAE EUN CHOI","Unknown","UNK","House","H","New York","NY","14","ASTORIA","NY","11102","2022","07-APR-22","2022","202204079495971847"
"H2OH44012","BIRBECK, PHILEMON MR","Independent Conservative Democratic","ICD","House","H","Ohio","OH","44","COLUMBUS","OH","43215","2022","07-APR-22","2022","202204079495974010"
"H2MA07100","PALMER, DONNIE DIONICIO","Republican Party","REP","House","H","Massachusetts","MA","07","BOSTON","MA","02135","2022","07-APR-22","2022","202204079495973781"
"H2KS14015","KINGSLEY, ETHEL MR","Independent Conservative Democratic","ICD","House","H","Kansas","KS","14","LAWRENCE","KS","66045","2022","07-APR-22","2022","202204079495973824"
"H2KS39012","THOMPSON, CARREY MR","Industrial Government Party","IGD","House","H","Kansas","KS","39","TOPEKA","KS","66612","2022","07-APR-22","2022","202204079495973949"
"H2TN06154","ALLEY, JOSH","Independent","IND","House","H","Tennessee","TN","06","PORTLAND","TN","37148","2022","07-APR-22","2022","202204079495972129"
"S2OK00244","HOLLEY, ADAM","Republican Party","REP","Senate","S","Oklahoma","OK","00","BIXBY","OK","74008","2022","06-APR-22","2022","202204069495953709"
"H2TX34238","SANCHEZ, DANIEL","Democratic Party","DEM","House","H","Texas","TX","34","HARLINGEN","TX","78552","2022","06-APR-22","2022","202204069495968921"
"H2TN05446","OGLES, ANDY","Republican Party","REP","House","H","Tennessee","TN","05","COLUMBIA","TN","38401","2022","06-APR-22","2022","202204069495954254"
"H2OH08058","HARDENBROOK, JEFF","Democratic Party","DEM","House","H","Ohio","OH","10","DAYTON","OH","45415","2022","05-APR-22","2022","202204120300402389"
"H2CA51222","CORTES, JOSE MARCOS","Peace And Freedom Party","PFP","House","H","California","CA","51","SAN DIEGO","CA","92115","2022","05-APR-22","2022","202204059495944865"
"H2MD04372","LOEB, ERIC","Republican Party","REP","House","H","Maryland","MD","04","CHEVERLY","MD","20785","2022","05-APR-22","2022","202204059495939918"
"H2FL42013","BERNSTEIN, ERIC MR","Independent Conservative Democratic","ICD","House","H","Florida","FL","42","TALLAHASSE","FL","32399","2022","05-APR-22","2022","202204059495940922"
"H2FL18104","HAMSTEAD, AARON MR","Independent Conservative Democratic","ICD","House","H","Florida","FL","18","TALLAHASSEE","FL","32399","2022","05-APR-22","2022","202204059495940966"
"H2FL14285","LARKIN, PHILIP MR","Independent Conservative Democratic","ICD","House","H","Florida","FL","14","TALLAHASSEE","FL","34668","2022","05-APR-22","2022","202204059495941088"
"H2TX19080","KELLY, EMANUEL MR","Independent Conservative Democratic","ICD","House","H","Texas","TX","19","HURST","TX","76054","2022","05-APR-22","2022","202204059495941106"
"H2FL08139","GREEN, KAREN REV. DR.","Democratic Party","DEM","House","H","Florida","FL","08","PALM BAY","FL","32905","2022","05-APR-22","2022","202204059495941158"
"H2NH18019","WEINBERG, ELIJAH MR","Independent Conservative Democratic","ICD","House","H","New Hampshire","NH","18","BERLIN","NH","03570","2022","05-APR-22","2022","202204059495941172"
"H2CT21021","GREENFORD, MOSES MR","Independent Conservative Democratic","ICD","House","H","Connecticut","CT","21","BRIDGEPORT","CT","06606","2022","05-APR-22","2022","202204059495941200"
"H2MN14010","BURR, MARK MR","Independent Conservative Democratic","ICD","House","H","Minnesota","MN","14","MINNEAPOLIS","MN","55413","2022","05-APR-22","2022","202204059495941636"
"H2NH14018","CLAREMONT, MATHEW MR","Independent Conservative Democratic","ICD","House","H","New Hampshire","NH","14","MANCHESTER","NH","03103","2022","05-APR-22","2022","202204059495941919"
"H2NH18027","GATES, DAVID MR","Independent Conservative Democratic","ICD","House","H","New Hampshire","NH","18","CONWAY","NH","03816","2022","05-APR-22","2022","202204059495941942"
"H2NH29016","MICHAEL, GIDEON MR","Independent Conservative Democratic","ICD","House","H","New Hampshire","NH","29","CLAREMONT","NH","03743","2022","05-APR-22","2022","202204059495942037"
"H0TX26170","CUNNINGHAM, WILLIAM ROBERT MR. JR.","Independent","IND","House","H","Texas","TX","26","DENTON","TX","76201","2022","05-APR-22","2022","202204059495942192"
"H2CO02197","YURASH, STEPHEN ANDREW","Unaffiliated","UN","House","H","Colorado","CO","02","FORT COLLINS","CO","80525","2022","05-APR-22","2022","202204059495944758"
"S2UT00427","HANSEN, JAMES ARTHUR","Libertarian Party","LIB","Senate","S","Utah","UT","00","HEBER CITY","UT","84032","2022","05-APR-22","2022","202204059495944848"
"H2NY13138","GOUMAIN, BRUCE JEAN-CLAUDE","Democratic Party","DEM","House","H","New York","NY","13","NEW YORK","NY","10025","2022","05-APR-22","2022","202204059495939735"
"S2IL00275","HORGES, BRADLEY LAMAR MR. JR","Write-In","W","Senate","S","Illinois","IL","00","DECATUR","IL","62526","2022","04-APR-22","2022","202204049495939180"
"H2IL11264","HATHAWAY-ALTMAN, SUSAN","Republican Party","REP","House","H","Illinois","IL","11","GENEVA","IL","60134","2022","04-APR-22","2022","202204049495938960"
"H8UT03253","HERROD, CHRISTOPHER NILES","Republican Party","REP","House","H","Utah","UT","03","PROVO","UT","84604","2022","04-APR-22","2022","202204049495938889"
"P20005807","BENTON, ERICH J CONGRESS","Democratic Party","DEM","President","P","United States","00","00","CHARLOTTE","NC","28227","2022","04-APR-22","2022","202204049495936757"
"H2KY05185","SERRANO, GERARDO","Republican Party","REP","House","H","Kentucky","KY","05","TYNER","KY","40486","2022","04-APR-22","2022","202204049495938240"
"H2FL21181","LAWLOR, CARRIE","Republican Party","REP","House","H","Florida","FL","21","LAKE WORTH","FL","33467","2022","04-APR-22","2022","202204049495938269"
"H2FL22197","SORENSEN, BEN","Democratic Party","DEM","House","H","Florida","FL","22","FORT LAUDERDALE","FL","33301","2022","04-APR-22","2022","202204049495938367"
"S2CO00282","HENDRICKS, DANIEL L","Republican Party","REP","Senate","S","Colorado","CO","00","PUEBLO","CO","81005","2022","04-APR-22","2022","202204049495938368"
"H2PA34017","LANGDON, CLIFTON MR","Independent Conservative Democratic","ICD","House","H","Pennsylvania","PA","34","HARRISBURG","PA","17126","2022","04-APR-22","2022","202204049495938434"
"H2PA28019","BELMONT, MARTHA MRS","Independent Conservative Democratic","ICD","House","H","Pennsylvania","PA","28","HARRISBURG","PA","17120","2022","04-APR-22","2022","202204049495938508"
"H2NY49025","MARTINEZ, RAYMOND MR","Independent Conservative Democratic","ICD","House","H","New York","NY","49","NEW YORK","PA","18055","2022","04-APR-22","2022","202204049495938519"
"H2RI19014","WINSTON, FREDRICK MR","Independent Conservative Democratic","ICD","House","H","Rhode Island","RI","19","PROVIDENCE","RI","02904","2022","04-APR-22","2022","202204049495938526"
"H2NY81010","FALK, EDWARD MR","Independent Conservative Democratic","ICD","House","H","New York","NY","81","BROOKLYN","NY","11215","2022","04-APR-22","2022","202204049495938533"
"H0TN09061","BERGMANN, CHARLOTTE","Republican Party","REP","House","H","Tennessee","TN","09","MEMPHIS","TN","38125","2022","04-APR-22","2022","202204049495938959"
"H2HI02565","KEOHOKALOLE, JARRETT","Democratic Party","DEM","House","H","Hawaii","HI","02","KANEOHE","HI","96744","2022","04-APR-22","2022","202204049495939421"
"S2OK00236","BLEVINS, KENNETH","Libertarian Party","LIB","Senate","S","Oklahoma","OK","00","SAND SPRINGS","OK","74063","2022","03-APR-22","2022","202204039495936412"
"H2PA10124","DANIELS, SHAMAINE MS","Democratic Party","DEM","House","H","Pennsylvania","PA","10","HARRISBURG","PA","17102","2022","02-APR-22","2022","202204029495934970"
"H2NJ07275","NAIK, HARSH MR.","Independent","IND","House","H","New Jersey","NJ","07","EDISON","NJ","08820","2022","02-APR-22","2022","202204029495935081"
"H2TN49014","EASTWOOD, LORIMER MR","Independent Conservative Democratic","ICD","House","H","Tennessee","TN","49","SOUTH NASHVILLE","TN","37201","2022","02-APR-22","2022","202204029495935180"
"H2TN14018","STERLING, PAUL MR","Independent Conservative Democratic","ICD","House","H","Tennessee","TN","14","NASHVILLE","TN","37242","2022","02-APR-22","2022","202204029495935181"
"H6IN09119","SCHANSBERG, ERIC","Republican Party","REP","House","H","Indiana","IN","09","JEFFERSONVILLE","IN","47130","2022","02-APR-22","2022","202204029495935340"
"H2NJ38015","KNAP, EDWARD MR","Independent Conservative Democratic","ICD","House","H","New Jersey","NJ","38","EDISON","NJ","08817","2022","02-APR-22","2022","202204029495935183"
"H2OR12015","WARD, STEFAN MR","Independent Conservative Democratic","ICD","House","H","Oregon","OR","12","SE SALEM","OR","97301","2022","02-APR-22","2022","202204029495935200"
"H2OR18012","GRAHAM, JOEL MR","Independent Conservative Democratic","ICD","House","H","Oregon","OR","18","NE SALEM","OR","97301","2022","02-APR-22","2022","202204029495935201"
"H2NJ19049","PECK, MICHAEL MR","Independent Conservative Democratic","ICD","House","H","New Jersey","NJ","19","NEWARK","NJ","07108","2022","02-APR-22","2022","202204029495935202"
"H2NJ19031","GREENE, DOUGLASS MR","Independent Conservative Democratic","ICD","House","H","New Jersey","NJ","19","EDISON","NJ","08817","2022","02-APR-22","2022","202204029495935182"
"H2AK01166","GROSS, ALAN","Independent","IND","House","H","Alaska","AK","00","ANCHORAGE","AK","99509","2022","01-APR-22","2022","202204019495930413"
"H2AK01174","SWEENEY, TARA M","Republican Party","REP","House","H","Alaska","AK","00","GIRDWOOD","AK","99587","2022","01-APR-22","2022","202204019495934374"
"H2VA04144","HAMILTON, ANDREW PHILIP","Republican Party","REP","House","H","Virginia","VA","04","CHARLOTTESVILLE","VA","22901","2022","01-APR-22","2022","202204019495927400"
"H2FL22189","CALABRESE, CURTIS","Democratic Party","DEM","House","H","Florida","FL","22","DEERFIELD BEACH","FL","33442","2022","01-APR-22","2022","202204019495927416"
"H2AK00218","REVAK, JOSHUA CARL","Republican Party","REP","House","H","Alaska","AK","00","ANCHORAGE","AK","99507","2022","01-APR-22","2022","202204019495927436"
"H2AK01141","CLAUS, SANTA","Unaffiliated","UN","House","H","Alaska","AK","00","NORTH POLE","AK","99705","2022","01-APR-22","2022","202204019495928462"
"H6MN06165","KERN, ALIENA JEANENE","Democratic-Farmer-Labor","DFL","House","H","Minnesota","MN","05","SARTELL","MN","56377","2022","01-APR-22","2022","202204040300401336"
"H2NV02544","TARKANIAN, DANNY","Republican Party","REP","House","H","Nevada","NV","02","GARDNERVILLE","NV","89460","2022","01-APR-22","2022","202204019495929708"
"H2PA12070","DOYLE, MICHAEL","Republican Party","REP","House","H","Pennsylvania","PA","12","NEW KENSINGTON","PA","15068","2022","01-APR-22","2022","202204019495930245"
"H2NY49017","FORSYTH, HIRAM MR","Independent Conservative Democratic","ICD","House","H","New York","NY","49","NEW YORK","NY","11231","2022","01-APR-22","2022","202204019495930379"
"H2NY44026","MCDONALD, HUMPHREY MR","Independent Conservative Democratic","ICD","House","H","New York","NY","44","NEW YORK","NY","10021","2022","01-APR-22","2022","202204019495930393"
"H2AK01158","PELTOLA, MARY SATTLER MRS","Democratic Party","DEM","House","H","Alaska","AK","00","BETHEL","AK","99559","2022","01-APR-22","2022","202204019495930398"
"H2AK00226","PALIN, SARAH","Republican Party","REP","House","H","Alaska","AK","00","WASILLA","AK","99687","2022","01-APR-22","2022","202204019495934450"
"H2MI12198","HOOPER, JAMES D","Republican Party","REP","House","H","Michigan","MI","12","LIVONIA","MI","48153","2022","01-APR-22","2022","202204019495929508"
"H2GA02197","WHITEHEAD, PAUL","Republican Party","REP","House","H","Georgia","GA","02","PLAINS","GA","31780","2022","31-MAR-22","2022","202203319495925795"
"H2NY25090","CHUMERT, FESTUS MR","Independent Conservative Democratic","ICD","House","H","New York","NY","25","BROOKLYN","NY","11216","2022","31-MAR-22","2022","202203319495925844"
"H2NY29084","BRITANY, ARTHUR MR","Independent Conservative Democratic","ICD","House","H","New York","NY","29","NEW YORK","NY","10021","2022","31-MAR-22","2022","202203319495925942"
"H2NY14169","ZHERKA, HASIME SAMANTHA MRS.","No Party Affiliation","NPA","House","H","New York","NY","14","BRONX","NY","10465","2022","31-MAR-22","2022","202203319495926150"
"H2MA45019","ELISHA, CALEB MR","Independent Conservative Democratic","ICD","House","H","Massachusetts","MA","45","WORCESTER","MA","01608","2022","30-MAR-22","2022","202203309495924314"
"H2LA24010","BRISTOL, ELIJAH MR","Independent Conservative Democratic","ICD","House","H","Louisiana","LA","24","BATON ROUGE","LA","70802","2022","30-MAR-22","2022","202203309495924309"
"H2OK02265","GRAYSON, RICHARD","Democratic Party","DEM","House","H","Oklahoma","OK","02","APACHE JUNCTION","AZ","85120","2022","30-MAR-22","2022","202203309495914779"
"S2SC00178","FLOYD, AUSTIN B DR.","Democratic Party","DEM","Senate","S","South Carolina","SC","00","SUMTER","SC","29154","2022","30-MAR-22","2022","202203309495914785"
"H2NY10191","SULTAN, AAMIR","Republican Party","REP","House","H","New York","NY","10","HUNTINGTON STATION","NY","11746","2022","30-MAR-22","2022","202203309495915079"
"H2TN92014","HUGHES, ANGELA M","Democratic Party","DEM","House","H","Tennessee","TN","92","CORNERSVILLE","TN","37047","2022","30-MAR-22","2022","202203309495915084"
"H2MD49013","LARKIN, SIMON MR","Independent Conservative Democratic","ICD","House","H","Maryland","MD","49","BALTIMORE","MD","21208","2022","30-MAR-22","2022","202203309495924294"
"H2TX32190","PATTERSON, JACOB MR","Independent Conservative Democratic","ICD","House","H","Texas","TX","32","AUSTIN","TX","78701","2022","30-MAR-22","2022","202203309495922311"
"H2TX24189","WELLINGTON, JETHRO MR","Independent Conservative Democratic","ICD","House","H","Texas","TX","24","AUSTIN","TX","78778","2022","30-MAR-22","2022","202203309495922324"
"H2CO18011","FORDHAM, ABIGAIL MRS","Independent Conservative Democratic","ICD","House","H","Colorado","CO","18","DENVER","CO","80203","2022","30-MAR-22","2022","202203309495922331"
"H2KY12017","SOMMERS, PETER MR","Independent Conservative Democratic","ICD","House","H","Kentucky","KY","12","BLOOMFIELD","CO","80021","2022","30-MAR-22","2022","202203309495922337"
"H2OK03131","GRAYSON, RICHARD","Democratic Party","DEM","House","H","Oklahoma","OK","03","APACHE JUNCTION","AZ","85120","2022","30-MAR-22","2022","202203309495922338"
"H2KY38012","ARGYLE, MARK MR","Independent Conservative Democratic","ICD","House","H","Kentucky","KY","38","FRANKFORT","KY","40601","2022","30-MAR-22","2022","202203309495922340"
"H2KY42014","JESSE, LUKE MR","Independent Conservative Democratic","ICD","House","H","Kentucky","KY","42","FRANKFORT","KY","40601","2022","30-MAR-22","2022","202203309495922346"
"H2ME24018","GREGORY, SAMSON MR","Independent Conservative Democratic","ICD","House","H","Maine","ME","24","AUGUSTA","ME","04333","2022","30-MAR-22","2022","202203309495922347"
"H2ME39016","BREWSTER, JOSHUA MR","Independent Conservative Democratic","ICD","House","H","Maine","ME","39","AUGUSTA","ME","04330","2022","30-MAR-22","2022","202203309495922348"
"H2KY54019","FREDRICK, ADMIRAL MR","Independent Conservative Democratic","ICD","House","H","Kentucky","KY","54","FRANKFORT","KY","40601","2022","30-MAR-22","2022","202203309495924253"
"H2NH59013","JORDAN, BRENT MR","Independent Conservative Democratic","ICD","House","H","New Hampshire","NH","59","CONCORD","NH","03301","2022","30-MAR-22","2022","202203309495924255"
"H2MI78017","HOLMES, FRANK MR","Independent Conservative Democratic","ICD","House","H","Michigan","MI","78","LANSING","MI","48906","2022","30-MAR-22","2022","202203309495924258"
"H2MD48015","JAMESON, LIAM MR","Independent Conservative Democratic","ICD","House","H","Maryland","MD","48","PIKESVILLE","MD","21208","2022","30-MAR-22","2022","202203309495924285"
"H2ND01014","HAUGEN, MARK","Democratic Party","DEM","House","H","North Dakota","ND","00","BISMARCK","ND","58504","2022","30-MAR-22","2022","202203309495924345"
"H2CA50240","CHIDDICK, DAVID","Republican Party","REP","House","H","California","CA","50","ESCONDIDO","CA","92025","2022","30-MAR-22","2022","202203309495924359"
"H2MN01306","PIERSON, NELS MR","Republican Party","REP","House","H","Minnesota","MN","01","ROCHESTER","MN","55902","2022","30-MAR-22","2022","202203309495924607"
"H2LA43010","NESTLEY, BARTHOLOMEW MR","Independent Conservative Democratic","ICD","House","H","Louisiana","LA","43","BATON ROUGE","LA","70802","2022","30-MAR-22","2022","202203309495924308"
"S2NC00737","HAMMOND, ALYSSIA ROSE-KATHERINE","Democratic Party","DEM","Senate","S","North Carolina","NC","00","RALEIGH","NC","27611","2022","30-MAR-22","2022","202203309495915098"
"S8NC00270","WILLIAMS, MARCUS W.","Democratic Party","DEM","Senate","S","North Carolina","NC","00","LUMBERTON","NC","28359","2022","29-MAR-22","2022","202204010300401197"
"H2NY01232","BARSKY, DAVID DR.","Democratic Party","DEM","House","H","New York","NY","01","BROOKLYN","NY","11213","2022","29-MAR-22","2022","202203299495914570"
"H2MO01229","ROBERTS, STEVEN C","Democratic Party","DEM","House","H","Missouri","MO","01","ST LOUIS","MO","63177","2022","29-MAR-22","2022","202203299495914704"
"H2GA34018","FOWLER, TIMOTHY MR","Independent Conservative Democratic","ICD","House","H","Georgia","GA","34","ATLANTA","GA","30322","2022","29-MAR-22","2022","202203299495914565"
"H2TN05438","CAMPBELL, HEIDI","Democratic Party","DEM","House","H","Tennessee","TN","05","NASHVILLE","TN","37203","2022","29-MAR-22","2022","202203299495913862"
"H2IL16131","PETERS, WALT","Republican Party","REP","House","H","Illinois","IL","16","ROCKFORD","IL","61107","2022","29-MAR-22","2022","202203299495913832"
"H2MI08196","SEELY, MATTHEW","Republican Party","REP","House","H","Michigan","MI","08","DAVISON","MI","48423","2022","29-MAR-22","2022","202203299495913810"
"S2MO00692","BUSCH VALENTINE, TRUDY","Democratic Party","DEM","Senate","S","Missouri","MO","00","CLAYTON","MO","63105","2022","29-MAR-22","2022","202203299495913459"
"H0NC04220","THOMAS, ROBERT","Republican Party","REP","House","H","North Carolina","NC","04","DURHAM","NC","27713","2022","29-MAR-22","2022","202203299495913450"
"H2MS04324","PETERSON, KIDRON","Republican Party","REP","House","H","Mississippi","MS","04","POPLARVILLE","MS","39470","2022","28-MAR-22","2022","202203289495912903"
"H2CA04155","ENGDAHL, ANDREW DAVID","Democratic Party","DEM","House","H","California","CA","04","SANTA ROSA","CA","95404","2022","28-MAR-22","2022","202203289495911652"
"H2MT02175","AUSTIN, KYLE RAY","Republican Party","REP","House","H","Montana","MT","02","BILLINGS","MT","59102","2022","28-MAR-22","2022","202203289495911752"
"H2WV02209","SECKMAN, MICHAEL SHAWN MR","Republican Party","REP","House","H","West Virginia","WV","02","WEST UNION","WV","26456","2022","28-MAR-22","2022","202203289495911822"
"S2SC00152","POSTON, ERIC CHALMERS","Republican Party","REP","Senate","S","South Carolina","SC","00","COLUMBIA","SC","29201","2022","28-MAR-22","2022","202203289495912585"
"H2MO08091","MCCALLIAN, RANDI MCCALLIAN","Democratic Party","DEM","House","H","Missouri","MO","08","NEWBURG","MO","65550","2022","28-MAR-22","2022","202203289495912123"
"H2UT03306","WRIGHT, GLENN J","Democratic Party","DEM","House","H","Utah","UT","03","PARK CITY","UT","84060","2022","28-MAR-22","2022","202203289495912272"
"S2UT00419","WILLIAMS, TOMMY","American Independent Party","AIP","Senate","S","Utah","UT","00","OREM","UT","84059","2022","28-MAR-22","2022","202203289495912543"
"H2AK01133","COGHILL, JOHN B JR.","Republican Party","REP","House","H","Alaska","AK","00","FAIRBANKS","AK","99711","2022","28-MAR-22","2022","202203289495912901"
"H2AK01125","HUGHES, DAVID M","Independent","IND","House","H","Alaska","AK","00","NORTH POLE","AK","99705","2022","28-MAR-22","2022","202203289495911823"
"H2NC01255","AIKEN, WILLIAM","Republican Party","REP","House","H","North Carolina","NC","01","HENDERSON","NC","27537","2022","27-MAR-22","2022","202203279495911414"
"H2NJ10238","STEWART, GARTH","Republican Party","REP","House","H","New Jersey","NJ","10","JERSEY CITY","NJ","07306","2022","27-MAR-22","2022","202203279495911416"
"H2AK01109","CROPLEY, TYLER B","None","NNE","House","H","Alaska","AK","00","SITKA","AK","99835","2022","27-MAR-22","2022","202203279495911428"
"H2GA19019","LIBBERMAN, CATHERINE MRS","Independent Conservative Democratic","ICD","House","H","Georgia","GA","19","ATLANTA","GA","30334","2022","26-MAR-22","2022","202203269495911182"
"H2WI02181","OLSEN, ERIK","Republican Party","REP","House","H","Wisconsin","WI","02","MADISON","WI","53703","2022","26-MAR-22","2022","202203269495911181"
"H2DE18017","JAY, AARON MR","Independent Conservative Democratic","ICD","House","H","Delaware","DE","00","NEWARK","DE","19716","2022","26-MAR-22","2022","202203269495911287"
"H2OK04154","GRAYSON, RICHARD","Democratic Party","DEM","House","H","Oklahoma","OK","04","APACHE JUNCTION","AZ","85120","2022","26-MAR-22","2022","202203269495911288"
"H2GA14150","GRAHAM, SOLOMON MR","Independent Conservative Democratic","ICD","House","H","Georgia","GA","14","ATLANTA","GA","30334","2022","26-MAR-22","2022","202203269495911293"
"H2IN24018","KIMBAL, EZEKIEL MR","Independent Conservative Democratic","ICD","House","H","Indiana","IN","24","INDIANAPOLIS","IN","96204","2022","26-MAR-22","2022","202203269495911183"
"H2WI03171","MUELLER, DUSTIN","Republican Party","REP","House","H","Wisconsin","WI","03","ARKANSAW","WI","54721","2022","26-MAR-22","2022","202203269495911301"
"H2NJ08265","VARELA, BRIAN","Democratic Party","DEM","House","H","New Jersey","NJ","08","NORTH BERGEN","NJ","07047","2022","26-MAR-22","2022","202203269495911308"
"H2AZ14019","THAMESMEAD, ISAAC MR","Independent Conservative Democratic","ICD","House","H","Arizona","AZ","14","TUCSON","AZ","85721","2022","26-MAR-22","2022","202203269495911185"
"H2AL13015","FOLEY, JIMMY MR","Independent Conservative Democratic","ICD","House","H","Alabama","AL","13","MONTGOMERY","AL","36104","2022","26-MAR-22","2022","202203269495911184"
"H2IN17012","FORSYTH, ERICSON MR","Independent Conservative Democratic","ICD","House","H","Indiana","IN","17","INDIANAPOLIS","IN","46204","2022","26-MAR-22","2022","202203269495911294"
"H2IL13203","MARTIN, TERRY","Republican Party","REP","House","H","Illinois","IL","13","CHATHAM","IL","62629","2022","25-MAR-22","2022","202203259495896474"
"H2NC06155","CONTOGIANNIS, MARY ANN DR","Republican Party","REP","House","H","North Carolina","NC","06","RALEIGH","NC","27624","2022","25-MAR-22","2022","202203259495909035"
"H2CA46164","ROCHA JR., FELIX","Republican Party","REP","House","H","California","CA","46","FOUNTAIN VALLEY","CA","92708","2022","25-MAR-22","2022","202203259495909898"
"H2NJ28016","THOMPSON, BRIAN HIRAM MR","Independent Conservative Democratic","ICD","House","H","New Jersey","NJ","28","TRENTON","NJ","08609","2022","25-MAR-22","2022","202203259495910268"
"H2NJ29014","OSBORNE, JOSEPH MR","Independent Conservative Democratic","ICD","House","H","New Jersey","NJ","29","EDISON","NJ","08817","2022","25-MAR-22","2022","202203259495910271"
"H2PA24026","TAYLOR, RANDALL MR.","Democratic Party","DEM","House","H","Pennsylvania","PA","24","PITTSBURGH","PA","15206","2022","25-MAR-22","2022","202203259495910272"
"H2NJ42017","COOK, NATHANIEL THOMAS MR","Independent Conservative Democratic","ICD","House","H","New Jersey","NJ","42","EDISON","NJ","08817","2022","25-MAR-22","2022","202203259495910274"
"H2UT03298","WILLIAMS, ARCHIE ALFRED MR. III","Democratic Party","DEM","House","H","Utah","UT","03","OREM","UT","84059","2022","25-MAR-22","2022","202203259495910275"
"H2OK02257","FRIX, AVERY","Republican Party","REP","House","H","Oklahoma","OK","02","MUSKOGEE","OK","74402","2022","25-MAR-22","2022","202203259495896448"
"H2MN08152","SCHULTZ, JENNIFER","Democratic-Farmer-Labor","DFL","House","H","Minnesota","MN","08","DULUTH","MN","55803","2022","25-MAR-22","2022","202203259495896454"
"H2CA33246","RICHTER, ERNEST HAROLD","Republican Party","REP","House","H","California","CA","33","SAN BERNARDINO","CA","92411","2022","24-MAR-22","2022","202203249495894869"
"H2UT04106","WALKER, JANUARY","Other","OTH","House","H","Utah","UT","04","AMERICAN FORK","UT","84003","2022","24-MAR-22","2022","202203249495894876"
"H2MN01298","NAVITSKY, KEN","Republican Party","REP","House","H","Minnesota","MN","01","ROCHESTER","MN","55901","2022","24-MAR-22","2022","202203249495895061"
"S2OH00535","TAYLOR, CHAD ALAN","Write-In","W","Senate","S","Ohio","OH","00","GAHANNA","OH","43230","2022","24-MAR-22","2022","202203249495896318"
"H2CO04144","SODERBERG, MARIE K","Democratic Party","DEM","House","H","Colorado","CO","04","PARKER","CO","80138","2022","24-MAR-22","2022","202203249495895898"
"H2NV03237","MORRIS, ROBERT BRUCE","Non-Party","NON","House","H","Nevada","NV","03","LAS VEGAS","NV","89117","2022","24-MAR-22","2022","202203249495896196"
"H2CO04136","SODERBERG, MARIE KATHRYN","Democratic Party","DEM","House","H","Colorado","CO","04","PARKER","CO","80138","2022","24-MAR-22","2022","202203249495895512"
"H2FL24060","EDMONSON, AUDREY","Democratic Party","DEM","House","H","Florida","FL","24","MIAMI","FL","33137","2022","23-MAR-22","2022","202203239495889403"
"H2GA13137","HAWKINS, DOMINIKA","Republican Party","REP","House","H","Georgia","GA","13","LOGANVILLE","GA","30052","2022","23-MAR-22","2022","202203239495889413"
"H2UT01300","JONES, RICK EDWIN","Democratic Party","DEM","House","H","Utah","UT","01","WEST HAVEN","UT","84401","2022","23-MAR-22","2022","202203239495889817"
"S2ID00186","TURNBULL, RAMONT THOMAS","Republican Party","REP","Senate","S","Idaho","ID","00","MERIDIAN","ID","83646","2022","23-MAR-22","2022","202203239495889855"
"H2MO07192","WOODMAN, JOHN M.","Democratic Party","DEM","House","H","Missouri","MO","07","SPRINGFIELD","MO","65809","2022","23-MAR-22","2022","202203239495894520"
"H2CA21241","PARKERE, DAVID BRENT MR","Independent Conservative Democratic","ICD","House","H","California","CA","21","SACRAMENTO","CA","95816","2022","23-MAR-22","2022","202203239495894052"
"H2KS22018","BETTER, DANIEL ERICSON MR","Independent Conservative Democratic","ICD","House","H","Kansas","KS","22","TOPEKA","KS","66612","2022","23-MAR-22","2022","202203239495894133"
"H2KY45017","LEYTON, MATHEW JEFF MR","Independent Conservative Democratic","ICD","House","H","Kentucky","KY","45","FRANKFORT","KY","40601","2022","23-MAR-22","2022","202203239495894135"
"H6OK04114","TAYLOR, JAMES","Republican Party","REP","House","H","Oklahoma","OK","04","OKLAHOMA CITY","OK","73170","2022","23-MAR-22","2022","202203230300400983"
"H2AK01091","MYERS, J.R.","Libertarian Party","LIB","House","H","Alaska","AK","00","SOLDOTNA","AK","99669","2022","23-MAR-22","2022","202203239495890309"
"H2CA12257","NUERGE, NED","Republican Party","REP","House","H","California","CA","12","OAKLAND","CA","94602","2022","22-MAR-22","2022","202203229495854099"
"H2FL07271","SANTOS, AL","Republican Party","REP","House","H","Florida","FL","07","SANFORD","FL","32771","2022","22-MAR-22","2022","202203229495854100"
"S2SC00160","WISE MURRAY IV, WILLIAM","Write-In","W","Senate","S","South Carolina","SC","00","IRMO ","SC","29063","2022","22-MAR-22","2022","202203290300401097"
"H2MD04364","ALLISON, TAMMY","Democratic Party","DEM","House","H","Maryland","MD","04","HYATTSVILLE","MD","20781","2022","22-MAR-22","2022","202203229495887491"
"H2WA08216","STEPHENSON, SCOTT","Republican Party","REP","House","H","Washington","WA","08","FALL CITY","WA","98024","2022","22-MAR-22","2022","202203229495887486"
"H2MN01280","REISDORF, RICHARD B","Other","OTH","House","H","Minnesota","MN","01","MANKATO","MN","56001","2022","21-MAR-22","2022","202203219495793726"
"H2UT03280","AALDERS, TIM","Republican Party","REP","House","H","Utah","UT","03","HIGHLAND","UT","84003","2022","21-MAR-22","2022","202203219495794154"
"H2MA01228","MARTILLI, DEAN","Republican Party","REP","House","H","Massachusetts","MA","01","BRIMFIELD","MA","01010","2022","21-MAR-22","2022","202203219495854093"
"H2NY88015","LANGDON, MICHAEL BRISTOL MR","Independent Conservative Democratic","ICD","House","H","New York","NY","88","NEW ROCHELLE","NY","10805","2022","21-MAR-22","2022","202203219495796590"
"H2CO05257","TREVINO, AARON MR.","Unaffiliated","UN","House","H","Colorado","CO","05","CALHAN","CO","80808","2022","21-MAR-22","2022","202203219495817725"
"H2MI10184","POWELL, RHONDA","Democratic Party","DEM","House","H","Michigan","MI","10","MOUNT CLEMENS","MI","48046","2022","21-MAR-22","2022","202203219495794340"
"H2TX02383","FULFORD, ROBIN DAWN","Democratic Party","DEM","House","H","Texas","TX","02","THE WOODLANDS","TX","77389","2022","20-MAR-22","2022","202203209494095424"
"H2WI22015","ORCHARD, MATHEW JEFFRY MR","Independent Conservative Democratic","ICD","House","H","Wisconsin","WI","22","MADISON","WI","53706","2022","19-MAR-22","2022","202203199494039273"
"H2AZ09225","DOWLING, SANDRA E DR","Republican Party","REP","House","H","Arizona","AZ","09","LITCHFIELD PARK","AZ","85340","2022","19-MAR-22","2022","202203199494037078"
"H2CA39185","PETERSON, ARTHUR LAVERNE DR","Republican Party","REP","House","H","California","CA","39","MENIFEE","CA","92586","2022","19-MAR-22","2022","202203199494041722"
"H0FL19254","POST, PATRICK","Democratic Party","DEM","House","H","Florida","FL","19","NAPLES","FL","34106","2022","18-MAR-22","2022","202203210300400844"
"H2FL15217","ROSS, DENNIS","Republican Party","REP","House","H","Florida","FL","15","LAKELAND","FL","33803","2022","18-MAR-22","2022","202203189494024829"
"H2NC01248","BISHOP, JULLIAN","Democratic Party","DEM","House","H","North Carolina","NC","01","GARNER","NC","27529","2022","18-MAR-22","2022","202203189494037046"
"S2CA01284","O'DOWD, DAN","Democratic Party","DEM","Senate","S","California","CA","00","SACRAMENTO","CA","95815","2022","18-MAR-22","2022","202203189494004296"
"H2OK02240","JOHNSON, CLINT MR","Republican Party","REP","House","H","Oklahoma","OK","02","TAHLEQUAH","OK","74464","2022","18-MAR-22","2022","202203189494036923"
"S2VT00292","MALLOY, GERALD","Republican Party","REP","Senate","S","Vermont","VT","00","PERKINSVILLE","VT","05151","2022","18-MAR-22","2022","202203189494004295"
"H0IL01145","GUILLEMETTE, JOANNE","Republican Party","REP","House","H","Illinois","IL","16","ROCKFORD","IL","61107","2022","17-MAR-22","2022","202203170300400757"
"S2VT00284","HELALI, CHRISTOPHER JOSEPH","Communist Party","COM","Senate","S","Vermont","VT","00","VERSHIRE","VT","05079","2022","17-MAR-22","2022","202203179493963958"
"H2FL11166","ALCANTARA, CHRISTOPHER MANUEL","Republican Party","REP","House","H","Florida","FL","11","LADY LAKE","FL","32159","2022","17-MAR-22","2022","202203179493964948"
"H2OK02232","TEEHEE, JOHNNY","Republican Party","REP","House","H","Oklahoma","OK","02","MUSKOGEE","OK","744021942","2022","17-MAR-22","2022","202203179493966366"
"H2UT12018","BRICKLEY, PAUL CARLSON MR","Independent Conservative Democratic","ICD","House","H","Utah","UT","12","SALT LAKE CITY","UT","84111","2022","17-MAR-22","2022","202203179493978889"
"H2MT02167","BUCHANAN, GARY","Independent","IND","House","H","Montana","MT","02","BILLINGS","MT","59103","2022","17-MAR-22","2022","202203179493978011"
"H2WA06178","BINNS, CHRIS RAYMOND","Republican Party","REP","House","H","Washington","WA","06","PORT ORCHARD","WA","98366","2022","17-MAR-22","2022","202203179493978587"
"H2CA04148","BROCK, MATTHEW","Republican Party","REP","House","H","California","CA","04","VACAVILLE","CA","95696","2022","17-MAR-22","2022","202203179493986704"
"H2CO05240","H, ANDREW DAVID","Republican Party","REP","House","H","Colorado","CO","05","LONE TREE","CO","80124","2022","17-MAR-22","2022","202203179493987183"
"H2AZ01404","TORRES, GINGER SYKES","Democratic Party","DEM","House","H","Arizona","AZ","01","PHOENIX","AZ","85014","2022","17-MAR-22","2022","202203179493966447"
"H2MI13352","LANDIN, ROGELIO","Democratic Party","DEM","House","H","Michigan","MI","13","DETROIT","MI","48226","2022","16-MAR-22","2022","202203169493953265"
"H8NY23175","DELLA PIA, MAX","Democratic Party","DEM","House","H","New York","NY","23","OWEGO","NY","13827","2022","16-MAR-22","2022","202203169493954043"
"S2PA00711","GERHARDT, ERIK","Libertarian Party","LIB","Senate","S","Pennsylvania","PA","00","PENNSBURG","PA","18073","2022","16-MAR-22","2022","202203169493953315"
"H2MO03175","HILL, DUSTIN ANTHONY","Republican Party","REP","House","H","Missouri","MO","03","MIDDLETOWN","MO","63359","2022","16-MAR-22","2022","202203169493955566"
"H2IN02279","STEURY, PAUL MR.","Democratic Party","DEM","House","H","Indiana","IN","02","GOSHEN","IN","46526","2022","16-MAR-22","2022","202203169493957055"
"H2MN24019","GREEN, EDWARD RAPHAEL MR","Independent Conservative Democratic","ICD","House","H","Minnesota","MN","24","ORONO","MN","55364","2022","16-MAR-22","2022","202203169493957628"
"H2ID29011","CLARKE, GEORGE NATHANIEL MR","Independent Conservative Democratic","ICD","House","H","Idaho","ID","29","BOISE","ID","83702","2022","16-MAR-22","2022","202203169493957756"
"P20005799","KREJCI, JASON MICHAEL","Independent","IND","President","P","Missouri","MO","00","LEBANON","MO","65536","2022","16-MAR-22","2022","202203169493957757"
"H2KY04246","OSBORNE, ETHAN KEITH","Other","OTH","House","H","Kentucky","KY","04","COVINGTON","KY","41015","2022","16-MAR-22","2022","202203169493957766"
"H2ID27015","QUESPECT, ERICA REBECA MS","Independent Conservative Democratic","ICD","House","H","Idaho","ID","27","BOISE","ID","83702","2022","16-MAR-22","2022","202203169493957767"
"H2GU01031","MOYLAN, JAMES C.","Republican Party","REP","House","H","Guam","GU","00","TUMON","GU","96913","2022","16-MAR-22","2022","202203169493958156"
"H2NJ19023","WILLIAMS, GABRIEL VINCENT MR","Independent Conservative Democratic","ICD","House","H","New Jersey","NJ","19","EDISON","NJ","08817","2022","16-MAR-22","2022","202203169493958385"
"H2OH07233","RADER, TRISTAN","Democratic Party","DEM","House","H","Ohio","OH","07","LAKEWOOD","OH","44107","2022","16-MAR-22","2022","202203169493958418"
"H2CT34016","ROBINSON, TIMOTHY BRENT MR","Independent Conservative Democratic","ICD","House","H","Connecticut","CT","34","WEST HARTFORD","CT","06901","2022","16-MAR-22","2022","202203169493958563"
"H2CA28188","HALLMAN, WESLEY PHILLIP","Republican Party","REP","House","H","California","CA","28","GLENDORA","CA","91741","2022","16-MAR-22","2022","202203169493958655"
"H2CT21013","FOWLER, ARNOLD DANIEL MR","Independent Conservative Democratic","ICD","House","H","Connecticut","CT","21","WEST HARTFORD","CT","06103","2022","16-MAR-22","2022","202203169493958666"
"H2IL27013","THAMES, MATHEW GERALD MR","Independent Conservative Democratic","ICD","House","H","Illinois","IL","27","SPRINGFIELD","IL","62703","2022","16-MAR-22","2022","202203169493958740"
"H2MN01264","CARNAHAN, JENNIFER","Republican Party","REP","House","H","Minnesota","MN","01","MANKATO","MN","56001","2022","16-MAR-22","2022","202203169493959730"
"H2NY04277","D'ESPOSITO, ANTHONY P","Republican Party","REP","House","H","New York","NY","04","ISLAND PARK","NY","11558","2022","16-MAR-22","2022","202203169493959768"
"H2NE02157","KUEHL, STEPHEN MATTHEW MR","Republican Party","REP","House","H","Nebraska","NE","02","GRETNA","NE","68028","2022","16-MAR-22","2022","202203169493953274"
"H2MN01256","DEAL-BARTELL, CANDICE ELAINE","Democratic-Farmer-Labor","DFL","House","H","Minnesota","MN","01","MANKATO","MN","56001","2022","15-MAR-22","2022","202203159493953000"
"H2NJ03290","FERRARA, NICHOLAS JUDE","Republican Party","REP","House","H","New Jersey","NJ","03","TRENTON","NJ","08620","2022","15-MAR-22","2022","202203159493951364"
"H2UT01292","FULLMER, JULIE","Republican Party","REP","House","H","Utah","UT","01","VINEYARD","UT","84059","2022","15-MAR-22","2022","202203159493951971"
"H2IN07088","HORNING, ANDREW M.","Libertarian Party","LIB","House","H","Indiana","IN","08","FREEDOM","IN","47431","2022","15-MAR-22","2022","202203159493949403"
"H2NV01314","TURNER, JESSIE MR","Republican Party","REP","House","H","Nevada","NV","01","LAS VEGAS","NV","89145","2022","15-MAR-22","2022","202203159493947411"
"S2OK00228","HORN, KENDRA","Democratic Party","DEM","Senate","S","Oklahoma","OK","00","OKLAHOMA CITY","OK","73154","2022","15-MAR-22","2022","202203159493947412"
"H2MI13345","MCINTOSH, ANGELA E MS","Democratic Party","DEM","House","H","Michigan","MI","13","DETROIT","MI","48224","2022","15-MAR-22","2022","202203159493947600"
"H2NY05134","MILLER, MARILYN","Republican Party","REP","House","H","New York","NY","05","JAMAICA","NY","11435","2022","15-MAR-22","2022","202203159493947744"
"H2MD03234","MCNEAL, WAYNE","Democratic Party","DEM","House","H","Maryland","MD","03","LAURET","MD","20724","2022","15-MAR-22","2022","202203159493947782"
"H2PA13144","MANNS, JEFFREY D","Republican Party","REP","House","H","Pennsylvania","PA","13","GETTYSBURG","PA","17325","2022","15-MAR-22","2022","202203159493947877"
"H2VA01124","JONES, HERBERT CARROLL JR","Democratic Party","DEM","House","H","Virginia","VA","01","PROVIDENCE FORGE","VA","23140","2022","15-MAR-22","2022","202203159493949379"
"H2OR06124","ERICKSON, MIKE","Republican Party","REP","House","H","Oregon","OR","06","TIGARD","OR","97281","2022","15-MAR-22","2022","202203159493949404"
"H2ID25019","CLAREMONT, PETER FORDHAM MR","Independent Conservative Democratic","ICD","House","H","Idaho","ID","25","TWIN FALLS","ID","83301","2022","15-MAR-22","2022","202203159493949613"
"H2CO08145","LONG, TIMOTHY LOUIS","Unaffiliated","UN","House","H","Colorado","CO","08","NORTHGLENN","CO","80234","2022","15-MAR-22","2022","202203159493949625"
"H4MN02136","OVERBY, PAULA MIRARE","Other","OTH","House","H","Minnesota","MN","02","EAGAN","MN","55123","2022","15-MAR-22","2022","202203159493951970"
"H2GA06222","CHRISTIAN, ROBERT FRANKLIN MR. III","Democratic Party","DEM","House","H","Georgia","GA","06","DAWSONVILLE","GA","30534","2022","14-MAR-22","2022","202203149493772348"
"H2MD03226","BEARDSLEY, BENJAMIN RYAN","Democratic Party","DEM","House","H","Maryland","MD","03","COLUMBIA","MD","21044","2022","14-MAR-22","2022","202203149493772442"
"H2GA14143","SYNSTELIEN, SETH","Republican Party","REP","House","H","Georgia","GA","14","ACWORTH","GA","30101","2022","14-MAR-22","2022","202203149493772493"
"H2WA09164","BYRD, SCOTT GARRISON","Independent","IND","House","H","Washington","WA","09","KENT","WA","98031","2022","14-MAR-22","2022","202203149493772600"
"H2FL10325","JAIN, USHA DR.","Non-Party","NON","House","H","Florida","FL","10","ORLANDO","FL","32819","2022","14-MAR-22","2022","202203149493775275"
"H2MS01148","BLACK, DIANNE DODSON","Democratic Party","DEM","House","H","Mississippi","MS","01","OLIVE BRANCH","MS","38654","2022","14-MAR-22","2022","202203149493860142"
"H2NY07064","PAGAN, JUAN","Republican Party","REP","House","H","New York","NY","07","NEW YORK","NY","10009","2022","14-MAR-22","2022","202203149493775668"
"H2MA28015","LANCASTER, BRIAN EDWARD MR","Independent Conservative Democratic","ICD","House","H","Massachusetts","MA","28","BOSTON","MA","02149","2022","14-MAR-22","2022","202203149493775776"
"H2CT05248","FURZE, MARCUS","Democratic Party","DEM","House","H","Connecticut","CT","05","SIMSBURY","CT","06070","2022","14-MAR-22","2022","202203149493775920"
"H2VT01092","CLIFFORD, SIANAY CHASE","Democratic Party","DEM","House","H","Vermont","VT","00","ESSEX","VT","05452","2022","14-MAR-22","2022","202203149493776237"
"H2NY29076","SMITH, DANIELLE LEYTON MR","Independent Conservative Democratic","ICD","House","H","New York","NY","29","NEW YORK","NY","10003","2022","14-MAR-22","2022","202203149493775284"
"H2NV02536","AFZAL, JOSEPH EDWARD","Democratic Party","DEM","House","H","Nevada","NV","02","RENO","NV","89521","2022","13-MAR-22","2022","202203139493771946"
"H2FL00318","CORDOVA, VINCENT DEAN MR JR","No Party Affiliation","NPA","House","H","Florida","FL","00","MANTECA","CA","95336","2022","13-MAR-22","2022","202203139493771988"
"H2UT02480","HARTWICK, STEVE","Democratic Party","DEM","House","H","Utah","UT","02","CENTERVILLE","UT","84014","2022","13-MAR-22","2022","202203139493771989"
"H2IL09144","T. HELDUT, ANDREW","Democratic Party","DEM","House","H","Illinois","IL","09","CHICAGO","IL","60640","2022","13-MAR-22","2022","202203139493772133"
"S2WI00516","LONG, NEAL","Libertarian Party","LIB","Senate","S","Wisconsin","WI","00","DE PERE","WI","54115","2022","13-MAR-22","2022","202203139493772116"
"H2IL01414","ROSNER, TERRE LAYNG","Democratic Party","DEM","House","H","Illinois","IL","01","FRANKFORT","IL","60423","2022","13-MAR-22","2022","202203210300400809"
"H2CA35159","STEVENS, LLOYD ALEXANDER","Democratic Party","DEM","House","H","California","CA","35","ONTARIO","CA","91762","2022","13-MAR-22","2022","202203139493772125"
"H2NE03056","WIK, DANIEL MARTIN MD","Democratic Party","DEM","House","H","Nebraska","NE","03","NORFOLK","NE","68701","2022","13-MAR-22","2022","202203139493772030"
"H2OR02164","CAVENER, MARK","Republican Party","REP","House","H","Oregon","OR","02","KLAMATH FALLS","OR","97601","2022","12-MAR-22","2022","202203129493771803"
"H2NY41014","LANDER, DAVID ERIC","Independent Conservative Democratic","ICD","House","H","New York","NY","41","NEW YORK","NY","10003","2022","12-MAR-22","2022","202203129493771844"
"H2NY44018","DIAMOND, GAYLE RACHEL","Independent Conservative Democratic","ICD","House","H","New York","NY","44","NEW YORK","NY","10003","2022","12-MAR-22","2022","202203129493771843"
"H2MI13337","DARDZINSKI, CHRISTOPHER","US","US","House","H","Michigan","MI","13","LINCOLN PARK","MI","481462009","2022","11-MAR-22","2022","202203110300400561"
"H8IN06202","LEE LAKE, JEANNINE","Democratic Party","DEM","House","H","Indiana","IN","05","MUNCIE","IN","47304","2022","11-MAR-22","2022","202203119493769014"
"H2MS03151","MICHAEL, CASSIDY","Republican Party","REP","House","H","Mississippi","MS","03","LAUDERDALE","MS","39335","2022","11-MAR-22","2022","202203119493766690"
"H2NJ04223","GRAY, STEVEN SCOTT MR.","Republican Party","REP","House","H","New Jersey","NJ","04","FARMINGDALE","NJ","07727","2022","11-MAR-22","2022","202203119493766691"
"H2NY10183","KIM, ELIZABETH","Democratic Party","DEM","House","H","New York","NY","10","NEW YORK","NY","10008","2022","11-MAR-22","2022","202203119493767037"
"H2OK02224","JOHN, BENNETT","Republican Party","REP","House","H","Oklahoma","OK","02","VIAN","OK","74962","2022","11-MAR-22","2022","202203119493767496"
"S2NC00729","MAGINNIS, BRENDAN","Democratic Party","DEM","Senate","S","North Carolina","NC","00","CHARLOTTE","NC","28216","2022","11-MAR-22","2022","202203119493767906"
"H2CA42247","BELTRAN, JOAQUIN","Democratic Party","DEM","House","H","California","CA","42","DOWNEY","CA","90241","2022","11-MAR-22","2022","202203119493767917"
"H2ID02216","NORMAN, WENDY ANN","Democratic Party","DEM","House","H","Idaho","ID","02","RIGBY","ID","83442","2022","11-MAR-22","2022","202203119493768799"
"H2AL02190","SMITH, JONATHAN","Libertarian Party","LIB","House","H","Alabama","AL","02","DALEVILLE","AL","36322","2022","11-MAR-22","2022","202203119493768818"
"H2CA47220","VEAZEY, PETER D","Republican Party","REP","House","H","California","CA","47","LAKEWOOD","CA","90713","2022","11-MAR-22","2022","202203119493768921"
"H2GA05174","STOVALL, VALENCIA","Democratic Party","DEM","House","H","Georgia","GA","05","ELLENWOOD","GA","30294","2022","11-MAR-22","2022","202203119493768922"
"H2CA26182","TAYLOR, PAUL N","Republican Party","REP","House","H","California","CA","26","WESTLAKE VILLAGE","CA","91362","2022","11-MAR-22","2022","202203119493770674"
"H2CA37346","SHURE, MICHAEL MR.","Democratic Party","DEM","House","H","California","CA","37","LOS ANGELES","CA","90024","2022","11-MAR-22","2022","202203119493771533"
"H2IN03228","GOTSCH, NATHAN","Independent","IND","House","H","Indiana","IN","03","FORT WAYNE","IN","46804","2022","11-MAR-22","2022","202203119493771634"
"H2NC13268","MOREL, JESSICA","Republican Party","REP","House","H","North Carolina","NC","13","FAYETTEVILLE","NC","28306","2022","11-MAR-22","2022","202203119493766568"
"H2NJ01153","KLINE, PATRICIA","Independent","IND","House","H","New Jersey","NJ","01","SEWELL","NJ","08080","2022","10-MAR-22","2022","202203100300400537"
"H2CA14220","SINGH, MAJOR","No Party Affiliation","NPA","House","H","California","CA","14","FREMONT","CA","94537","2022","10-MAR-22","2022","202203109493766391"
"H2CO01207","BAILEY, SCOTT CHRISTIAN MR.","Conservative Party","CRV","House","H","Colorado","CO","01","AURORA","CO","80044","2022","10-MAR-22","2022","202203109493766518"
"H2AZ04226","GARTRELL, JACOB","Republican Party","REP","House","H","Arizona","AZ","04","CHANDLER","AZ","85246","2022","10-MAR-22","2022","202203109493766527"
"S2CA01276","URSICH, TIMOTHY J DR","Democratic Party","DEM","Senate","S","California","CA","00","LONG BEACH","CA","90808","2022","10-MAR-22","2022","202203109493766528"
"H2IL08195","WOOD, PHILLIP OWEN","Republican Party","REP","House","H","Illinois","IL","08","CAROL STREAM","IL","60188","2022","10-MAR-22","2022","202203109493766539"
"H2FL15209","CHAMBERS, CHRIS","Republican Party","REP","House","H","Florida","FL","15","RIVERVIEW","FL","33578","2022","10-MAR-22","2022","202203109493766555"
"H2SC06159","POLLARD, AURIOL SONIA","Republican Party","REP","House","H","South Carolina","SC","06","CHARLESTON","SC","29403","2022","10-MAR-22","2022","202203109493766560"
"H2WI03163","PROVANCE, RUSTIN LEVEM","Libertarian Party","LIB","House","H","Wisconsin","WI","03","PEPIN","WI","54759","2022","10-MAR-22","2022","202203100300400524"
"H2OK02216","ROBERTS, DUSTIN","Republican Party","REP","House","H","Oklahoma","OK","02","DURANT","OK","74702","2022","10-MAR-22","2022","202203109493761214"
"H2ID02208","GRAYSON, RICHARD HOSS","Democratic Party","DEM","House","H","Idaho","ID","02","APACHE JUNCTION","AZ","85120","2022","10-MAR-22","2022","202203109493761327"
"S2CT00322","CONNORS, NICHOLAS","Republican Party","REP","Senate","S","Connecticut","CT","00","NEW CANAAN","CT","06840","2022","10-MAR-22","2022","202203109493761339"
"S2OK00210","SHANNON, T.W.","Republican Party","REP","Senate","S","Oklahoma","OK","00","OKLAHOMA CITY","OK","73154","2022","10-MAR-22","2022","202203109493761462"
"H2MN01249","ETTINGER, JEFFREY M.","Democratic-Farmer-Labor","DFL","House","H","Minnesota","MN","01","AUSTIN","MN","55912","2022","10-MAR-22","2022","202203109493761464"
"H2NC03160","EARHART, ERIC JASON PASTOR","Republican Party","REP","House","H","North Carolina","NC","03","EURE","NC","27935","2022","10-MAR-22","2022","202203109493763982"
"H2AZ02428","LIZER, MYRON","Republican Party","REP","House","H","Arizona","AZ","02","ST MICHAELS","AZ","86511","2022","10-MAR-22","2022","202203109493765547"
"H2GA07162","MCCOY, LISA","Republican Party","REP","House","H","Georgia","GA","07","LAWRENCEVILLE","GA","30043","2022","10-MAR-22","2022","202203109493765875"
"H2GA10281","JONES, VERNON","Republican Party","REP","House","H","Georgia","GA","10","ATLANTA","GA","31107","2022","10-MAR-22","2022","202203109493766505"
"H2OH13280","KING, SANTANA FRANCISCO","Republican Party","REP","House","H","Ohio","OH","13","NORTH ROYALTON","OH","44133","2022","09-MAR-22","2022","202203099493745903"
"H2UT04098","GIOVE, SALVADOR","Democratic Party","DEM","House","H","Utah","UT","04","DRAPER","UT","84020","2022","09-MAR-22","2022","202203099493748534"
"S2ID00178","ROTH, DAVID JORDAN","Democratic Party","DEM","Senate","S","Idaho","ID","00","IDAHO FALLS","ID","83401","2022","09-MAR-22","2022","202203099493748654"
"H2CA39177","MINNELLA, JOHN LORDSAL","Republican Party","REP","House","H","California","CA","39","SANTA ANA","CA","927058604","2022","09-MAR-22","2022","202203099493748676"
"H2CA31174","DUFFY, JENNIFER","Democratic Party","DEM","House","H","California","CA","31","LOS ANGELES","CA","90734","2022","09-MAR-22","2022","202203099493748682"
"H2ID24012","ORGAIN-WAKEWOOD, VICTORIA MRS.","Republican Party","REP","House","H","Idaho","ID","24","TWIN FALLS","ID","83301","2022","09-MAR-22","2022","202203099493761155"
"H2IL08187","DARGIS, CHRISTOPHER BRYANT","Republican Party","REP","House","H","Illinois","IL","08","PALATINE","IL","60078","2022","09-MAR-22","2022","202203099493748776"
"H2CA41140","MELENDEZ, MELISSA","Republican Party","REP","House","H","California","CA","41","LAKE ELSINORE","CA","92532","2022","09-MAR-22","2022","202203099493748778"
"H2CA13131","DUARTE, JOHN S","Republican Party","REP","House","H","California","CA","13","MODESTO","CA","95357","2022","09-MAR-22","2022","202203099493760999"
"S2MD00594","PEREZ, JOSEPH MR.","Republican Party","REP","Senate","S","Maryland","MD","00","COLLEGE PARK","MD","20740","2022","09-MAR-22","2022","202203099493761110"
"S2NJ00528","PRUDENCIANO, JAMES","Republican Party","REP","Senate","S","New Jersey","NJ","00","WAYNE","NJ","07470","2022","09-MAR-22","2022","202203099493761149"
"H2IL17196","THOMAS, KERMIT ELLIOTT MR. JR.","Democratic Party","DEM","House","H","Illinois","IL","17","MOLINE","IL","61265","2022","09-MAR-22","2022","202203099493748767"
"H6PA11073","MARSICANO, MICHAEL","Republican Party","REP","House","H","Pennsylvania","PA","08","HAZLE TOWNSHIP","PA","18202","2022","08-MAR-22","2022","202203089493743335"
"H2FL15191","TOLEDO, JACKIE","Republican Party","REP","House","H","Florida","FL","15","TAMPA","FL","33606","2022","08-MAR-22","2022","202203089493743206"
"H2PA10116","COPLEN, RICK","Democratic Party","DEM","House","H","Pennsylvania","PA","10","CARLISLE","PA","17015","2022","08-MAR-22","2022","202203089493743266"
"H8UT04046","MCDONALD, DARLENE","Democratic Party","DEM","House","H","Utah","UT","04","SOUTH SALT LAKE","UT","84165","2022","08-MAR-22","2022","202203089493743353"
"H2IL11256","RAMOS, JUAN","Republican Party","REP","House","H","Illinois","IL","11","NAPERVILLE","IL","60564","2022","08-MAR-22","2022","202203089493743359"
"H2MN05208","SAMUELS, DON MR.","Democratic-Farmer-Labor","DFL","House","H","Minnesota","MN","05","MINNEAPOLIS","MN","55411","2022","08-MAR-22","2022","202203089493743571"
"H2CA12240","SLAUSON, STEPHEN SCOTT","Republican Party","REP","House","H","California","CA","12","ALAMEDA","CA","94501","2022","08-MAR-22","2022","202203089493745774"
"H2CA49317","TAYLOR, RENEE","Republican Party","REP","House","H","California","CA","49","RANCHO MISSION VIEJO","CA","92694","2022","08-MAR-22","2022","202203089493743731"
"H2ID01192","PETERSON, KAYLEE JADE","Democratic Party","DEM","House","H","Idaho","ID","01","EAGLE","ID","83616","2022","08-MAR-22","2022","202203089493745544"
"H0OR03174","HARBOUR, JOANNA","Republican Party","REP","House","H","Oregon","OR","03","ESTACADA","OR","97023","2022","08-MAR-22","2022","202203089493745554"
"H2OR01281","MURRAY, ARMIDIA (ARMY)","Republican Party","REP","House","H","Oregon","OR","01","BEAVERTON","OR","97007","2022","08-MAR-22","2022","202203089493745571"
"H2CA25259","THAKUR, ALBERT 'BURT'","Republican Party","REP","House","H","California","CA","25","PALM SPRINGS","CA","92262","2022","08-MAR-22","2022","202203089493745754"
"H2FL09277","MORALES, ADIANIS","Republican Party","REP","House","H","Florida","FL","09","ALEXANDRIA","VA","22314","2022","08-MAR-22","2022","202203089493745764"
"S2SC00145","BRUCE, CATHERINE FLEMING MS.","Democratic Party","DEM","Senate","S","South Carolina","SC","00","COLUMBIA","SC","29204","2022","08-MAR-22","2022","202203089493743572"
"H2NC03152","FRANKO, CHRISTOPHER J","Democratic Party","DEM","House","H","North Carolina","NC","03","WASHINGTON","NC","27889","2022","07-MAR-22","2022","202203079493742229"
"H2MN01199","KOCINA, KEVIN","Republican Party","REP","House","H","Minnesota","MN","01","AUSTIN","TX","59604","2022","07-MAR-22","2022","202203079493742238"
"H2MN01207","BRAKEBILL-HACKE, SARAH MS.","Democratic-Farmer-Labor","DFL","House","H","Minnesota","MN","01","PRESTON","MN","55965","2022","07-MAR-22","2022","202203079493742240"
"H2MN01215","BERMAN, JOHN","Republican Party","REP","House","H","Minnesota","MN","01","RICHLAND","WA","99352","2022","07-MAR-22","2022","202203079493742344"
"H2MO02227","SALVATORE, TONY","Republican Party","REP","House","H","Missouri","MO","02","WILDWOOD","MO","63005","2022","07-MAR-22","2022","202203079493742434"
"H2MN01223","FINSTAD, BRAD","Republican Party","REP","House","H","Minnesota","MN","01","NEW ULM","MN","56073","2022","07-MAR-22","2022","202203079493742456"
"S2ND00123","CHRISTIANSEN, KATRINA","Democratic Party","DEM","Senate","S","North Dakota","ND","00","JAMESTOWN","ND","58401","2022","07-MAR-22","2022","202203079493742554"
"H2MN01231","PAINTER, RICHARD WILLIAM","Democratic-Farmer-Labor","DFL","House","H","Minnesota","MN","01","MENDOTA HEIGHTS","MN","55118","2022","07-MAR-22","2022","202203079493742614"
"H2IL01406","SPILLER, HOWARD L","Democratic Party","DEM","House","H","Illinois","IL","01","OAK LAWN","IL","60453","2022","07-MAR-22","2022","202203079493742719"
"H2OK05169","HARRIS-TILL, JOSHUA","Democratic Party","DEM","House","H","Oklahoma","OK","05","OKLAHOMA CITY","OK","73132","2022","07-MAR-22","2022","202203079493742876"
"H2MI04278","GLASSER, CHRISTOPHER JAMES","Democratic Party","DEM","House","H","Michigan","MI","04","KALAMAZOO","MI","49048","2022","07-MAR-22","2022","202203079493742914"
"S4NH00096","MARTIN, ANDY","Republican Party","REP","Senate","S","New Hampshire","NH","00","MANCHESTER","NH","03105","2022","07-MAR-22","2022","202203080300400470"
"S2OK00202","GRAY, ALEX","Republican Party","REP","Senate","S","Oklahoma","OK","00","NICHOLS HILLS","OK","73120","2022","07-MAR-22","2022","202203079493742224"
"H2CA36496","HAKAMI, ARIANA","Republican Party","REP","House","H","California","CA","36","REDONDO BEACH","","","2022","07-MAR-22","2022","202203070300400414"
"H2MI10077","MARLINGA, CARL J","Democratic Party","DEM","House","H","Michigan","MI","10","MT. CLEMENS","MI","48046","2022","07-MAR-22","2022","202203079493742291"
"H8VA02087","HUBBARD, GARRY","Green Party","GRE","House","H","Virginia","VA","02","VIRGINIA BEACH","VA","23453","2022","07-MAR-22","2022","202203110300400549"
"H0NE03217","ELSE, DAVID J","Democratic Party","DEM","House","H","Nebraska","NE","03","OVERTON","NE","68863","2022","06-MAR-22","2022","202203069493742175"
"H2OH05070","HEBERLING, MARTIN MATHIAS MR. III","Democratic Party","DEM","House","H","Ohio","OH","05","AMHERST","OH","44001","2022","06-MAR-22","2022","202203069493742208"
"H2MN01181","BENDA, MATTHEW L.","Republican Party","REP","House","H","Minnesota","MN","01","ALBERT LEA","MN","56007","2022","06-MAR-22","2022","202203069493742163"
"H2OK02208","WYATT, ERICK","Republican Party","REP","House","H","Oklahoma","OK","02","KINGSTON","OK","73439","2022","06-MAR-22","2022","202203069493742126"
"H2FL22171","MOSKOWITZ, JARED","Democratic Party","DEM","House","H","Florida","FL","22","CORAL SPRINGS","FL","33065","2022","06-MAR-22","2022","202203069493742125"
"H2CT04134","STEVENSON, JAYME MRS.","Republican Party","REP","House","H","Connecticut","CT","04","NEW CANAAN","CT","06840","2022","06-MAR-22","2022","202203069493742100"
"H2NY01224","SAKIN, I MICHAEL","Republican Party","REP","House","H","New York","NY","01","LINDENHURST","NY","11757","2022","05-MAR-22","2022","202203059493742074"
"H2NC10124","ROBINSON, GARY THOMAS","Republican Party","REP","House","H","North Carolina","NC","10","STATESVILLE","NC","28625","2022","05-MAR-22","2022","202203059493742048"
"H2NY04269","CORBETT, KEITH","Democratic Party","DEM","House","H","New York","NY","04","MALVERNE","NY","11565","2022","05-MAR-22","2022","202203059493741999"
"H2CA02241","COULOMBE, CHRIS MR","Republican Party","REP","House","H","California","CA","02","SANTA ROSA","CA","95403","2022","04-MAR-22","2022","202203049493741783"
"H2PA17178","DEMARCO, SAMUEL III","Republican Party","REP","House","H","Pennsylvania","PA","17","OAKDALE","PA","15071","2022","04-MAR-22","2022","202203049493741922"
"H2NY01216","ZAJIC, ALEXANDRE","Democratic Party","DEM","House","H","New York","NY","01","DEER PARK","NY","11729","2022","04-MAR-22","2022","202203049493741782"
"H2OH08082","HEIMLICH, PHIL","Republican Party","REP","House","H","Ohio","OH","08","LOVELAND","OH","45140","2022","04-MAR-22","2022","202203049493740451"
"S2OK00194","HOLLAND, LUCAS","Republican Party","REP","Senate","S","Oklahoma","OK","00","TULSA","OK","74152","2022","04-MAR-22","2022","202203049493737393"
"H2LA04137","SANDAGE, BRANDON","Republican Party","REP","House","H","Louisiana","LA","04","HAUGHTON","LA","71037","2022","04-MAR-22","2022","202203049493737288"
"S2CA01268","REYNOLDS, TODD","Democratic Party","DEM","Senate","S","California","CA","00","LOS ANGELES","CA","90039","2022","04-MAR-22","2022","202203049493737182"
"H2NC03137","PAPASTRAT, GEORGE J","Republican Party","REP","House","H","North Carolina","NC","03","JACKSONVILLE","NC","28540","2022","04-MAR-22","2022","202203049493737144"
"H2NY16099","FAULKNER, WILLIAM","Republican Party","REP","House","H","New York","NY","16","GRANITE SPRINGS","NY","10527","2022","04-MAR-22","2022","202203049493737138"
"H2OK02190","SCHILLER, CHRIS","Republican Party","REP","House","H","Oklahoma","OK","02","MUSKOGEE","OK","74402","2022","04-MAR-22","2022","202203049493732145"
"H2CA50232","GUSTAFSON, COREY","Republican Party","REP","House","H","California","CA","50","SAN DIEGO","CA","92198","2022","03-MAR-22","2022","202203039493730643"
"H2FL17106","KALE, ANDREA DORIA","Democratic Party","DEM","House","H","Florida","FL","17","NORTH PORT","FL","34287","2022","03-MAR-22","2022","202203039493731923"
"H2GA13129","DRISCOLL, SHASTITY","Democratic Party","DEM","House","H","Georgia","GA","13","HAMPTON","GA","30326","2022","03-MAR-22","2022","202203039493730810"
"H2FL07263","ROBERTS, RUSSELL L","Republican Party","REP","House","H","Florida","FL","07","LONGWOOD","FL","32779","2022","03-MAR-22","2022","202203039493731684"
"H2IL11249","RAMOS, JUAN","Republican Party","REP","House","H","Illinois","IL","11","NAPERVILLE","IL","60564","2022","03-MAR-22","2022","202203039493731884"
"H2IL07130","MENDENHALL, DENARVIS C","Democratic Party","DEM","House","H","Illinois","IL","07","MAYWOOD","IL","60153","2022","03-MAR-22","2022","202203039493730583"
"H8NY12129","PATEL, SURAJ","Democratic Party","DEM","House","H","New York","NY","12","NEW YORK","NY","10009","2022","03-MAR-22","2022","202203039493731894"
"S2HI00171","BONOAN, FEENA","Libertarian Party","LIB","Senate","S","Hawaii","HI","00","KAPOLEI","HI","96707","2022","02-MAR-22","2022","202203029493729433"
"S2IL00267","SALVI, KATHY RAYE","Republican Party","REP","Senate","S","Illinois","IL","00","WAUKEGAN","IL","60085","2022","02-MAR-22","2022","202203029493729432"
"H0CA25139","RUDNICK, FREDERICK D MR.","Republican Party","REP","House","H","California","CA","27","LANCASTER","CA","93535","2022","02-MAR-22","2022","202203029493729300"
"H2TN05420","LEE, TIMOTHY BRUCE","Republican Party","REP","House","H","Tennessee","TN","05","NASHVILLE","TN","37205","2022","02-MAR-22","2022","202203029493729269"
"H2OK02182","QUINN, MARTY L","Republican Party","REP","House","H","Oklahoma","OK","02","CLAREMORE","OK","74018","2022","02-MAR-22","2022","202203029493729184"
"H2MN01173","UNGEMACH, ROGER","Republican Party","REP","House","H","Minnesota","MN","01","MINNEAPOLIS","MN","55432","2022","02-MAR-22","2022","202203029493729440"
"H2CA37338","MENDOZA, SANDRA","Democratic Party","DEM","House","H","California","CA","37","LOS ANGELES","CA","90062","2022","02-MAR-22","2022","202203029493729639"
"H2IL11231","RAMOS, JUAN","Republican Party","REP","House","H","Illinois","IL","11","NAPERVILLE","IL","60564","2022","02-MAR-22","2022","202203029493730514"
"S2OK00186","MULLIN, MARKWAYNE","Republican Party","REP","Senate","S","Oklahoma","OK","00","WESTVILLE","OK","74965","2022","02-MAR-22","2022","202203029493730502"
"H2CA08255","RILEY, CHRISTOPHER","Democratic Party","DEM","House","H","California","CA","08","SOUTH SAN FRANCISCO","CA","94080","2022","02-MAR-22","2022","202203029493729570"
"H2GA06214","WHITE, WAYNE C","Democratic Party","DEM","House","H","Georgia","GA","06","CUMMING","GA","30028","2022","02-MAR-22","2022","202203029493729569"
"H2IL11223","RAMOS, JUAN","Republican Party","REP","House","H","Illinois","IL","11","NAPERVILLE","IL","60564","2022","02-MAR-22","2022","202203029493729527"
"H2IL01398","REGNIER, JEFFERY","Republican Party","REP","House","H","Illinois","IL","01","MANHATTAN","IL","60442","2022","01-MAR-22","2022","202203019493728935"
"H2PA09126","WALDMAN, AMANDA","Democratic Party","DEM","House","H","Pennsylvania","PA","09","MONTOURSVILLE","PA","17754","2022","01-MAR-22","2022","202203019493727931"
"H2CA12232","KAPLAN, GLENN","No Party Affiliation","NPA","House","H","California","CA","12","OAKLAND","CA","94612","2022","01-MAR-22","2022","202203019493728097"
"H2MI13329","MCPHAIL, SHARON","Democratic Party","DEM","House","H","Michigan","MI","13","DETROIT","MI","48214","2022","01-MAR-22","2022","202203019493728906"
"H2MI10168","YANEZ, HENRY","Democratic Party","DEM","House","H","Michigan","MI","10","STERLING HEIGHTS","MI","48311","2022","01-MAR-22","2022","202203019493727598"
"H2IL11215","RAMOS, JUAN","Republican Party","REP","House","H","Illinois","IL","11","NAPERVILLE","IL","60564","2022","01-MAR-22","2022","202203019493728190"
"H2TN05412","BRANTLEY, DERRICK","Independent","IND","House","H","Tennessee","TN","05","ANTIOCH","TN","37013","2022","01-MAR-22","2022","202203019493728950"
"H2IL17188","MCNEELY, LINDA","Democratic Party","DEM","House","H","Illinois","IL","17","ROCKFORD","IL","64408","2022","28-FEB-22","2022","202202280300399769"
"H2MI13311","ELLIOTT, STEVEN","Republican Party","REP","House","H","Michigan","MI","13","SOUTHFIELD","MI","48076","2022","28-FEB-22","2022","202202289493726028"
"H2KY03248","COBBLE, DANIEL LEE MR.","Republican Party","REP","House","H","Kentucky","KY","03","LOUISVILLE","KY","40220","2022","28-FEB-22","2022","202202289493727497"
"S2NC00711","ANTOINE, GREGORY DR.","Democratic Party","DEM","Senate","S","North Carolina","NC","00","FAYETTEVILLE","NC","28311","2022","28-FEB-22","2022","202202289493727279"
"H2MI06158","WILLIAMS, WHITTNEY","Republican Party","REP","House","H","Michigan","MI","06","CANTON","MI","48187","2022","28-FEB-22","2022","202202289493727299"
"H2MA08082","RODRIGUES, HAMILTON SOARES","Republican Party","REP","House","H","Massachusetts","MA","08","STOUGHTON","MA","02072","2022","28-FEB-22","2022","202202289493726034"
"S2MD00586","THORMANN, JOHN H. IV","Republican Party","REP","Senate","S","Maryland","MD","00","WHITE MARSH","MD","21162","2022","27-FEB-22","2022","202202279493725637"
"S2WA00445","SOLSTIN, BRYAN","Democratic Party","DEM","Senate","S","Washington","WA","00","MILL CREEK","WA","98012","2022","26-FEB-22","2022","202202269493725455"
"S2IL00259","DUBIEL, MATTHEW JAMES","Republican Party","REP","Senate","S","Illinois","IL","00","NAPERVILLE","IL","60564","2022","26-FEB-22","2022","202202269493725565"
"H2NV01306","STEEL, CYNTHIA DIANNE","Republican Party","REP","House","H","Nevada","NV","01","LAS VEGAS","NV","89110","2022","26-FEB-22","2022","202202269493725532"
"H2NC14084","SIMPSON, JONATHAN DAVID","Republican Party","REP","House","H","North Carolina","NC","14","CHARLOTTE","NC","28246","2022","26-FEB-22","2022","202202269493725513"
"H2MO01211","JORDAN, STEVEN ALEXANDEER","Republican Party","REP","House","H","Missouri","MO","01","SAINT LOUIS","MO","63116","2022","25-FEB-22","2022","202202259493715236"
"H2MO04231","CAMPBELL, JIM","Republican Party","REP","House","H","Missouri","MO","04","CLIMAX SPRINGS","MO","65324","2022","25-FEB-22","2022","202202259493716514"
"H2CO08137","DOUGLAS, STEVE DOUGLAS","Democratic Party","DEM","House","H","Colorado","CO","08","COMMERCE CITY","CO","80022","2022","25-FEB-22","2022","202202259493709898"
"H2MN01165","MUNSON, JEREMY","Republican Party","REP","House","H","Minnesota","MN","01","LAKE CRYSTAL","MN","56055","2022","25-FEB-22","2022","202202259493710101"
"H2NY04251","ABELOVE, JASON L","Democratic Party","DEM","House","H","New York","NY","04","OCEANSIDE","NY","11572","2022","25-FEB-22","2022","202202259493714215"
"H2PA06197","CIARROCCHI, GUY","Republican Party","REP","House","H","Pennsylvania","PA","06","PAOLI","PA","19301","2022","25-FEB-22","2022","202202259493714080"
"H2SD01058","RYDER, RYAN","Democratic Party","DEM","House","H","South Dakota","SD","00","BLACK HAWK","SD","57718","2022","25-FEB-22","2022","202202259493714183"
"H2NC14076","JACKSON, JEFF","Democratic Party","DEM","House","H","North Carolina","NC","14","CHARLOTTE","NC","28226","2022","25-FEB-22","2022","202202259493714198"
"H2OR02156","YETTER, JOSEPH FREDERICK III","Democratic Party","DEM","House","H","Oregon","OR","02","AZALEA","OR","97410","2022","25-FEB-22","2022","202202259493714079"
"H2CA09154","SHOEMAKER, JAMES H","Republican Party","REP","House","H","California","CA","09","LODI","CA","95240","2022","24-FEB-22","2022","202202249493673826"
"H2IN01222","STORER, AARON","Republican Party","REP","House","H","Indiana","IN","01","SCHERERVILLE","IN","46375","2022","24-FEB-22","2022","202202249493709669"
"H2NY22212","WILLIAMS, BRANDON MCDONALD","Republican Party","REP","House","H","New York","NY","22","AUBURN","NY","13021","2022","24-FEB-22","2022","202202249493674029"
"H2TN05404","HARWELL, BETH","Republican Party","REP","House","H","Tennessee","TN","05","NASHVILLE","TN","37215","2022","24-FEB-22","2022","202202249493674060"
"H2MI05176","GOLDBERG, BARTLEY F.","Democratic Party","DEM","House","H","Michigan","MI","05","NEW BUFFALO","MI","49117","2022","24-FEB-22","2022","202202249493674388"
"H2NY22220","SIGLER, MICHAEL J.","Republican Party","REP","House","H","New York","NY","22","LANSING","NY","14882","2022","24-FEB-22","2022","202202249493705528"
"S2WA00437","PAUL, NAZ","Independent","IND","Senate","S","Washington","WA","00","KIRKLAND","WA","98033","2022","24-FEB-22","2022","202202249493705707"
"H2MN05190","WHITE, ROYCE ALEXANDER MR","Republican Party","REP","House","H","Minnesota","MN","05","HOPKINS","MN","55343","2022","24-FEB-22","2022","202202249493705740"
"H0MI08141","JUNGE, PAUL","Republican Party","REP","House","H","Michigan","MI","08","GRAND BLANC","MI","48439","2022","24-FEB-22","2022","202202249493705741"
"H2NY04244","GILLEN, LAURA","Democratic Party","DEM","House","H","New York","NY","04","ROCKVILLE CENTRE","NY","11571","2022","24-FEB-22","2022","202202249493705747"
"H2MO07184","BRYANT, ALEX L","Republican Party","REP","House","H","Missouri","MO","07","SPRINGFIELD","MO","65804","2022","24-FEB-22","2022","202202249493705774"
"S2OR00184","CHRISTENSEN, CHRIS","Republican Party","REP","Senate","S","Oregon","OR","00","BEAVERTON","OR","97006","2022","24-FEB-22","2022","202202249493705852"
"H0PA17123","VODVARKA, JESSE JAMES","Republican Party","REP","House","H","Pennsylvania","PA","17","MC KEES ROCKS","PA","15136","2022","24-FEB-22","2022","202202249493705867"
"H2VA08160","JORDAN, JEFF","Republican Party","REP","House","H","Virginia","VA","08","RICHMOND","VA","22202","2022","24-FEB-22","2022","202202249493709044"
"H2RI02242","MORGENTHAU, SARAH","Democratic Party","DEM","House","H","Rhode Island","RI","02","SAUNDERSTOWN","RI","02874","2022","24-FEB-22","2022","202202249493673850"
"H2CO03344","WALKER, ALEX","Democratic Party","DEM","House","H","Colorado","CO","03","DENVER","CO","80202","2022","23-FEB-22","2022","202202239493672705"
"H2CO03351","FRISCH, ADAM","Democratic Party","DEM","House","H","Colorado","CO","03","ASPEN","CO","81611","2022","23-FEB-22","2022","202202239493672836"
"H2RI02234","SEGAL, DAVID","Democratic Party","DEM","House","H","Rhode Island","RI","02","PROVIDENCE","RI","02903","2022","23-FEB-22","2022","202202239493672882"
"H0UT01114","CANNON, TINA","Republican Party","REP","House","H","Utah","UT","01","OGDEN","UT","84415","2022","23-FEB-22","2022","202202239493672821"
"H2CA26174","AUSTIN, PETER DUMOND","Independent","IND","House","H","California","CA","26","WESTLAKE VILLAGE","CA","91359","2022","23-FEB-22","2022","202202239493672970"
"H2CO06214","MONAHAN, STEVEN EDWARD","Republican Party","REP","House","H","Colorado","CO","06","GREENWOOD VILLAGE","CO","80155","2022","23-FEB-22","2022","202202239493673478"
"H2MO03167","MANN, BETHANY EILEEN","Democratic Party","DEM","House","H","Missouri","MO","03","BRENTWOOD","MO","63144","2022","23-FEB-22","2022","202202239493672890"
"H2IN08177","DHAHIR, ADNAN","Democratic Party","DEM","House","H","Indiana","IN","08","SHOALS","IN","47581","2022","22-FEB-22","2022","202202229493671334"
"S2AL00285","FLOWERS, BRENT","Democratic Party","DEM","Senate","S","Alabama","AL","00","TROY","AL","36081","2022","22-FEB-22","2022","202202229493671335"
"H2NY04236","SOLAGES, CARRIE","Democratic Party","DEM","House","H","New York","NY","04","LAWRENCE","NY","11559","2022","22-FEB-22","2022","202202229493671450"
"H2CA39169","AUZENNE, ORAY","Democratic Party","DEM","House","H","California","CA","39","WALNUT","CA","91789","2022","22-FEB-22","2022","202202229493672083"
"H2NJ07267","FERNANDEZ, VERONICA","Independent","IND","House","H","New Jersey","NJ","07","LONG VALLEY","NJ","07853","2022","22-FEB-22","2022","202202229493672454"
"H2OH09197","ABDULLAHI, MUNIRA YASIN","Democratic Party","DEM","House","H","Ohio","OH","09","COLUMBUS","OH","43229","2022","22-FEB-22","2022","202202229493672108"
"H2PA02162","ROBLES, ALBERT IVAN","Republican Party","REP","House","H","Pennsylvania","PA","02","PHILADELPHIA","PA","19102","2022","22-FEB-22","2022","202202229493672181"
"H2OR06116","BUNN, JAMES (JIM)","Republican Party","REP","House","H","Oregon","OR","06","AMITY","OR","97101","2022","22-FEB-22","2022","202202229493672444"
"H2WA03217","GLUESENKAMP PEREZ, MARIE","Democratic Party","DEM","House","H","Washington","WA","03","WASHOUGAL","WA","98671","2022","22-FEB-22","2022","202202229493672089"
"S2NC00703","MCBRIDE, LEN MCBRIDE","Republican Party","REP","Senate","S","North Carolina","NC","00","SHERRILLS FORD","NC","28673","2022","21-FEB-22","2022","202202219493671193"
"H0GA13149","GONZALES, CAESAR","Republican Party","REP","House","H","Georgia","GA","13","WINSTON","GA","30187","2022","21-FEB-22","2022","202202219493671202"
"H2NY01190","NICK, LALOTA","Republican Party","REP","House","H","New York","NY","01","LINDENHURST","NY","11757","2022","21-FEB-22","2022","202202219493671223"
"S2NC00695","MCBRIDE, LEN MCBRIDE","Republican Party","REP","Senate","S","North Carolina","NC","00","SHERRILLS FORD","NC","28673","2022","21-FEB-22","2022","202202219493671191"
"S2NC00687","MCBRIDE, LEN MCBRIDE","Republican Party","REP","Senate","S","North Carolina","NC","00","SHERRILLS FORD","NC","28673","2022","21-FEB-22","2022","202202219493671179"
"H2IL11207","CARROLL, MARK JOSEPH","Republican Party","REP","House","H","Illinois","IL","11","NORTH AURORA","IL","60542","2022","21-FEB-22","2022","202202219493670650"
"H2GA14135","HAYGOOD, WALTER JAMES","Republican Party","REP","House","H","Georgia","GA","14","RYDAL","GA","30171","2022","21-FEB-22","2022","202202219493670704"
"S2CA01250","ELIST, JON","Republican Party","REP","Senate","S","California","CA","00","BEVERLY HILLS","CA","90211","2022","21-FEB-22","2022","202202219493670743"
"H2TX32174","CLANTON, ANDREW SCOTT MR","Democratic Party","DEM","House","H","Texas","TX","32","DALLAS","TX","75209","2022","21-FEB-22","2022","202202219493671170"
"H2DE01047","PRESSLEY, TYLER STEELE","Independent","IND","House","H","Delaware","DE","00","DOVER","DE","19901","2022","21-FEB-22","2022","202202219493671192"
"H2OH14114","FREDRICKSON, MATTHEW","Republican Party","REP","House","H","Ohio","OH","14","NOVELTY","OH","44072","2022","20-FEB-22","2022","202202209491842787"
"S2UT00401","ANDERSON, ALTON MR.","Constitution Party","CON","Senate","S","Utah","UT","00","LEHI","UT","84043","2022","20-FEB-22","2022","202202209491896295"
"S2UT00393","ANDERSON, ALTON MR.","Constitution Party","CON","Senate","S","Utah","UT","00","LEHI","UT","84043","2022","20-FEB-22","2022","202202209491894624"
"P20005773","HARRISON, DAVID LEE GEARLD EUGEN MR SR","Republican Party","REP","President","P","Florida","FL","00","DEFUNIAK SPRINGS","FL","32433","2022","19-FEB-22","2022","202202199491827601"
"H2AZ09217","GILSDORF, GARETH DENIS","Independent","IND","House","H","Arizona","AZ","09","BAGDAD","AZ","86321","2022","19-FEB-22","2022","202202199491830403"
"H2NY24176","SKELLINGTON, SHELLEY M.","Democratic Party","DEM","House","H","New York","NY","24","LACONA","NY","13083","2022","19-FEB-22","2022","202202199491828688"
"H2MD02343","MORGAN, YURIPZY","Republican Party","REP","House","H","Maryland","MD","02","GLEN BURNIE","MD","21061","2022","18-FEB-22","2022","202202189491787116"
"H2NY04186","SHAKIL, KEVIN BRYAN","Democratic Party","DEM","House","H","New York","NY","04","WESTBURY","NY","11590","2022","18-FEB-22","2022","202202189491796069"
"H2MN07147","WATSON, ANNETTE","Republican Party","REP","House","H","Minnesota","MN","07","MORRIS","MN","56267","2022","18-FEB-22","2022","202202189491797100"
"H2CA05129","OBERT, KELSTEN C","Republican Party","REP","House","H","California","CA","05","MODESTO","CA","95357","2022","18-FEB-22","2022","202202189491770644"
"S6ID00104","WRITZ, RAYMOND J","Constitution Party","CON","Senate","S","Idaho","ID","00","COEUR D'ALENE","ID","83815","2022","18-FEB-22","2022","202202280300399970"
"S2ID00160","BOURN, BRENDA","Republican Party","REP","Senate","S","Idaho","ID","00","MERIDIAN","ID","83642","2022","18-FEB-22","2022","202202189491780240"
"H2CA45208","PHAM, LONG","Republican Party","REP","House","H","California","CA","45","FOUNTAIN VALLEY","CA","92708","2022","18-FEB-22","2022","202202189491782216"
"H2FL15159","SCHMELING, WENDY JUNE MS.","Republican Party","REP","House","H","Florida","FL","15","DAVENPORT","FL","33897","2022","18-FEB-22","2022","202202189491782281"
"H2CA20144","DEWELL, BEN 6612447604","Democratic Party","DEM","House","H","California","CA","20","STALLION SPRINGS","CA","93561","2022","18-FEB-22","2022","202202189491827457"
"S2OH00527","GRAHAM, ROBERT WILLIAM","Write-In","W","Senate","S","Ohio","OH","00","SPRINGBORO","OH","45066","2022","18-FEB-22","2022","202202189491778406"
"H2UT02472","MCFARLAND, JAY JAYMAC","Other","OTH","House","H","Utah","UT","02","LEHI","UT","84043","2022","17-FEB-22","2022","202202179491757362"
"H6FL05193","HOLLOWAY, LASHONDA J","Democratic Party","DEM","House","H","Florida","FL","05","JACKSONVILLE","FL","32218","2022","17-FEB-22","2022","202202179491757037"
"H2MI13303","RUTLEDGE, LORRIE","Democratic Party","DEM","House","H","Michigan","MI","13","DETROIT","MI","48206","2022","17-FEB-22","2022","202202179491757428"
"H2NV01298","BROG, DAVID","Republican Party","REP","House","H","Nevada","NV","01","LAS VEGAS","NV","89129","2022","17-FEB-22","2022","202202179491758614"
"H2AK00200","CONSTANT, CHRISTOPHER","Democratic Party","DEM","House","H","Alaska","AK","00","ANCHORAGE","AK","99524","2022","17-FEB-22","2022","202202179491766882"
"H2NJ12135","CATUCCI, NICHOLAS JOSEPH","Republican Party","REP","House","H","New Jersey","NJ","12","PLAINSBORO","NJ","08536","2022","17-FEB-22","2022","202202180300399504"
"H2TX22191","THORNE, GREGORY JONATHAN","Republican Party","REP","House","H","Texas","TX","22","PEARLAND","TX","77584","2022","17-FEB-22","2022","202202180300399252"
"H2TN05396","BATCHELOR, GENI      (EUGENIA) MARIE","Republican Party","REP","House","H","Tennessee","TN","05","LEBANON","TN","37087","2022","17-FEB-22","2022","202202179491768779"
"H2MI03205","NOEL, JEFFREY JOHN","Democratic Party","DEM","House","H","Michigan","MI","03","SPRING LAKE","MI","49456","2022","17-FEB-22","2022","202202179491770253"
"H2CA24211","FRANKENFIELD, JEFF","Independent","IND","House","H","California","CA","24","SANTA BARBARA","CA","93105","2022","17-FEB-22","2022","202202179491770313"
"H2AL03123","JOINER, MICHAEL T","Republican Party","REP","House","H","Alabama","AL","03","RAGLAND","AL","35131","2022","17-FEB-22","2022","202202179491749670"
"H2CA16167","FOX, RICHARD DR.","Republican Party","REP","House","H","California","CA","16","LOS GATOS","CA","95030","2022","17-FEB-22","2022","202202179491750357"
"H2TN05388","VITALLI, DAVID MH MR.","Republican Party","REP","House","H","Tennessee","TN","05","BRENTWOOD","TN","37027","2022","17-FEB-22","2022","202202179491750441"
"H2NY12221","ZUMBLUSKAS, MICHAEL K MR.","Republican Party","REP","House","H","New York","NY","12","NEW YORK","NY","10028","2022","17-FEB-22","2022","202202179491751160"
"H2IN01214","BAKER, JIM","Republican Party","REP","House","H","Indiana","IN","01","JEFFERSONVILLE","IN","47131","2022","17-FEB-22","2022","202202179491751371"
"H2TX30251","WILLIAMS, ROY HAROLD MR. JR","Democratic Party","DEM","House","H","Texas","TX","30","DALLAS","TX","75231","2022","17-FEB-22","2022","202202179491756328"
"H2NY04178","BYNOE, SIELA","Democratic Party","DEM","House","H","New York","NY","04","WESTBURY","NY","11590","2022","17-FEB-22","2022","202202179491757363"
"H2CA09147","MADISON, JONATHAN","Republican Party","REP","House","H","California","CA","09","IRVINE","CA","92618","2022","16-FEB-22","2022","202202169491744247"
"S2AL00277","WILLIAMS, VICTOR MAGA PROF.","Unknown","UNK","Senate","S","Alabama","AL","00","FAIRHOPE","AL","36532","2022","16-FEB-22","2022","202202169491744350"
"H2FL08121","DODGE, DANELLE","Democratic Party","DEM","House","H","Florida","FL","08","CAPE CANAVERAL","FL","32920","2022","16-FEB-22","2022","202202169491746064"
"S2NH00264","SHARPE, THOMAS V","Other","OTH","Senate","S","New Hampshire","NH","00","N.SALEM","NH","03073","2022","16-FEB-22","2022","202202169491746070"
"H2FL21173","MCLAUGHLIN, CHRISTY","Republican Party","REP","House","H","Florida","FL","21","BOYNTON BEACH","FL","33426","2022","16-FEB-22","2022","202202169491748000"
"H2TN08168","CLOUSE, GARY DEAN DR.","Republican Party","REP","House","H","Tennessee","TN","08","SOMERVILLE","TN","38068","2022","16-FEB-22","2022","202202169491749233"
"H2CA52170","WEIR, CHARLES STEVEN","Republican Party","REP","House","H","California","CA","52","SAN DIEGO","CA","92129","2022","16-FEB-22","2022","202202169491748109"
"H2WA02235","WELCH, JONATHAN","Republican Party","REP","House","H","Washington","WA","02","EASTSOUND","WA","98245","2022","16-FEB-22","2022","202202169491748868"
"H2MI13295","ROBERSON, PORTIA","Democratic Party","DEM","House","H","Michigan","MI","13","DETROIT","MI","48244","2022","16-FEB-22","2022","202202169491749083"
"H2MN04177","LOR XIONG, MAY","Republican Party","REP","House","H","Minnesota","MN","04","SAINT PAUL","MN","55109","2022","16-FEB-22","2022","202202169491749130"
"H2MD03218","TORRES, AMAL","Republican Party","REP","House","H","Maryland","MD","03","ANNAPOLIS","MD","21401","2022","16-FEB-22","2022","202202169491748001"
"H2VA07287","VANUCH, CRYSTAL LYNN","Republican Party","REP","House","H","Virginia","VA","07","STAFFORD","VA","22556","2022","15-FEB-22","2022","202202159491739405"
"S2ID00152","NICHOLS, THEODORE NICHOLS","Democratic Party","DEM","Senate","S","Idaho","ID","00","GARDEN CITY","ID","83714","2022","15-FEB-22","2022","202202159491743247"
"H2MI13154","JACKSON, SHANELLE M","Democratic Party","DEM","House","H","Michigan","MI","12","DETROIT","MI","48202","2022","15-FEB-22","2022","202202159491742691"
"H2OR05225","OATMAN, MADISON","Republican Party","REP","House","H","Oregon","OR","05","BEND","OR","97701","2022","15-FEB-22","2022","202202159491743666"
"H2IL11199","CARROLL, MARK JOSEPH","Republican Party","REP","House","H","Illinois","IL","11","NORTH AURORA","IL","60542","2022","15-FEB-22","2022","202202159491743680"
"H2ME01156","INMAN, HOLLIS CHARLES CHANDLER","Independent","IND","House","H","Maine","ME","01","BENTON","ME","04901","2022","15-FEB-22","2022","202202159491743321"
"H2GA09242","HOWARD, JON GREGORY","Republican Party","REP","House","H","Georgia","GA","09","LAWRENCEVILLE","GA","30043","2022","14-FEB-22","2022","202202149491739179"
"H2IL09136","MARTIN, BRADLEY","Republican Party","REP","House","H","Illinois","IL","09","CHICAGO","IL","60617","2022","14-FEB-22","2022","202202149491738049"
"H2CA30325","GIPSON, PATRICK LEE","Republican Party","REP","House","H","California","CA","30","PORTER RANCH","CA","91326","2022","14-FEB-22","2022","202202149491737319"
"H2IN07195","ALLEN, BILL","Republican Party","REP","House","H","Indiana","IN","07","INDIANAPOLIS","IN","46217","2022","14-FEB-22","2022","202202149491735894"
"H2NY22204","ROBERTS, SAM","Democratic Party","DEM","House","H","New York","NY","22","SYRACUSE","NY","13207","2022","13-FEB-22","2022","202202139491735224"
"H2MI13287","MUA, TONI","Democratic Party","DEM","House","H","Michigan","MI","13","DETROIT","MI","48207","2022","13-FEB-22","2022","202202139491735234"
"S2NY00515","ALEXANDER, VIVIKA","GOP","GOP","Senate","S","New York","NY","00","BRONX","NY","10452","2022","13-FEB-22","2022","202202139491734683"
"H2MD08217","GARCIA, KEVIN ANDRES","Libertarian Party","LIB","House","H","Maryland","MD","08","SILVER SPRING","MD","20901","2022","13-FEB-22","2022","202202139491734666"
"H2CA18171","ACEVEDO-ARREGUIN, LUIS ANTONIO","Independent","IND","House","H","California","CA","18","CASTROVILLE","CA","95012","2022","13-FEB-22","2022","202202139491735496"
"H2CA14212","PETERS, JAMES ANDREW MR. JR","Democratic Party","DEM","House","H","California","CA","14","LIVERMORE","CA","94550","2022","12-FEB-22","2022","202202129491734608"
"H2CO06206","SMITH, BRIAN","Republican Party","REP","House","H","Colorado","CO","06","LITTLETON","CO","80122","2022","11-FEB-22","2022","202202119491734187"
"H2OH07225","SAYLOR, RYAN","Republican Party","REP","House","H","Ohio","OH","07","STOW","OH","44224","2022","11-FEB-22","2022","202202119491620965"
"H2MI02165","JOHNSON, RAY","Democratic Party","DEM","House","H","Michigan","MI","02","CLARE","MI","48617","2022","11-FEB-22","2022","202202119491620974"
"H2OH02135","DARNOWSKY, ALAN","Democratic Party","DEM","House","H","Ohio","OH","02","LOVELAND","OH","45140","2022","11-FEB-22","2022","202202119491634647"
"H2IL01380","PIPPION MCGRIFF, NYKEA","Democratic Party","DEM","House","H","Illinois","IL","01","CHICAGO","IL","60637","2022","11-FEB-22","2022","202202119491635739"
"H2RI02226","FUNG, ALLAN","Republican Party","REP","House","H","Rhode Island","RI","02","CRANSTON","RI","02920","2022","11-FEB-22","2022","202202119491635742"
"H2NH02286","BLACK, SCOTT","Republican Party","REP","House","H","New Hampshire","NH","02","WHITEFIELD","NH","03598","2022","11-FEB-22","2022","202202119491635752"
"H2MI12172","WINFREY, JANICE MARIE","Democratic Party","DEM","House","H","Michigan","MI","12","DETROIT","MI","48219","2022","11-FEB-22","2022","202202119491635860"
"H2GA09234","FORD, MICHAEL C. MR.","Democratic Party","DEM","House","H","Georgia","GA","09","GAINESVILLE","GA","30506","2022","11-FEB-22","2022","202202119491636025"
"H2PA17152","KILLMEYER, JASON","Republican Party","REP","House","H","Pennsylvania","PA","17","SEWICKLEY","PA","15143","2022","11-FEB-22","2022","202202119491636056"
"H2KS02168","CABRAL, JUSTIN","Republican Party","REP","House","H","Kansas","KS","02","TOPEKA","KS","66603","2022","11-FEB-22","2022","202202119491638374"
"H2CT03110","DENARDIS, LESLEY","Republican Party","REP","House","H","Connecticut","CT","03","BEVERLY","MA","01915","2022","11-FEB-22","2022","202202119491733541"
"H2TX08315","MCDONALD, REECE MASTER","Write-In","W","House","H","Texas","TX","08","BARROW-IN-FURNESS","NY","10001","2022","11-FEB-22","2022","202202119491734140"
"H2OR04178","HOPPE, GARRETT","Republican Party","REP","House","H","Oregon","OR","04","SPRINGFIELD","OR","97478","2022","11-FEB-22","2022","202202119491734156"
"H2CT04126","BOOK, ETHAN","Republican Party","REP","House","H","Connecticut","CT","04","BRIDGEPORT","CT","06604","2022","10-FEB-22","2022","202202150300398838"
"H2PA13136","MISCOVICH, JAMES MICHAEL","Republican Party","REP","House","H","Pennsylvania","PA","13","NEWVILLE","PA","17241","2022","10-FEB-22","2022","202202150300398843"
"S2AZ00422","BERTONE, FRANK","Republican Party","REP","Senate","S","Arizona","AZ","00","SCOTTSDALE","AZ","85259","2022","10-FEB-22","2022","202202109491620489"
"H2CA01268","YEE, ROSE PENELOPE LAGOC","Independent","IND","House","H","California","CA","01","REDDING","CA","96001","2022","10-FEB-22","2022","202202109491620492"
"H2IN06304","WIRTH, CYNTHIA","Democratic Party","DEM","House","H","Indiana","IN","06","COLUMBUS","IN","47201","2022","10-FEB-22","2022","202202109491620499"
"H2NY16081","GASHI, VEDAT","Democratic Party","DEM","House","H","New York","NY","16","YORKTOWN HEIGHTS","NY","10598","2022","10-FEB-22","2022","202202109491617582"
"H2NY05126","KING, PAUL","Republican Party","REP","House","H","New York","NY","05","BELLE HARBOR","NY","11694","2022","10-FEB-22","2022","202202109491615240"
"S2AK00184","GRAY-JACKSON, ELVI","Democratic Party","DEM","Senate","S","Alaska","AK","00","ANCHORAGE","AK","99524","2022","10-FEB-22","2022","202202109491615310"
"H2VA11255","MYLES, JAMES","Republican Party","REP","House","H","Virginia","VA","11","BURKE","VA","22015","2022","10-FEB-22","2022","202202109491615343"
"S2AZ00299","VICTOR, MARC J","Libertarian Party","LIB","Senate","S","Arizona","AZ","00","CHANDLER","AZ","85248","2022","10-FEB-22","2022","202202109491617878"
"H2SC04162","BENNETT, JUSTIN ALEXANDER MR.","Democratic Party","DEM","House","H","South Carolina","SC","04","GREENVILLE","SC","29604","2022","10-FEB-22","2022","202202109491615011"
"S2MO00684","ROLEN, LEWIS WARREN MR.","Democratic Party","DEM","Senate","S","Missouri","MO","00","ST. LOUIS","MO","63112","2022","10-FEB-22","2022","202202109491615078"
"H2MI02157","GONZALES, JERICHO JOEL","Republican Party","REP","House","H","Michigan","MI","02","MUSKEGON","MI","49442","2022","10-FEB-22","2022","202202109491615235"
"H2NJ04215","JENKINS, MATTHEW","Democratic Party","DEM","House","H","New Jersey","NJ","04","COLTS NECK","NJ","07722","2022","10-FEB-22","2022","202202109491617584"
"H2IL01372","WILLIAMS, CHARISE A","Democratic Party","DEM","House","H","Illinois","IL","01","CHICAGO","IL","60617","2022","09-FEB-22","2022","202202099491612714"
"H2HI02557","KRESS, CONRAD MR","Republican Party","REP","House","H","Hawaii","HI","02","KAILUA","HI","96734","2022","09-FEB-22","2022","202202099491614864"
"H2OR03121","POLHEMUS, JONATHAN","Democratic Party","DEM","House","H","Oregon","OR","03","LAKE OSWEGO","OR","97035","2022","09-FEB-22","2022","202202099491613186"
"H2IL08179","KOLODZIEJ, KAREN","Republican Party","REP","House","H","Illinois","IL","08","ITASCA","IL","60143","2022","09-FEB-22","2022","202202099491613529"
"H2NY22196","FAJANS-TURNER, VANESSA","Democratic Party","DEM","House","H","New York","NY","22","WASHINGTON","DC","20033","2022","09-FEB-22","2022","202202099491613569"
"H2AL02182","COLEMAN, JEFF","Republican Party","REP","House","H","Alabama","AL","02","DOTHAN","AL","36305","2022","09-FEB-22","2022","202202099491613607"
"H2NE01159","WEAVER, JOHN GLEN LTCOL RET.","Republican Party","REP","House","H","Nebraska","NE","01","OFFUTT AIR FORCE BASE","NE","68133","2022","09-FEB-22","2022","202202099491613639"
"H2CO05232","FEIGENBAUM, MATTHEW","Unaffiliated","UN","House","H","Colorado","CO","05","PEYTON","CO","80831","2022","09-FEB-22","2022","202202099491614451"
"H2MI13279","GAY-DAGNOGO, SHERRY J","Democratic Party","DEM","House","H","Michigan","MI","13","DETROIT","MI","48223","2022","09-FEB-22","2022","202202099491614570"
"H2KY03230","PUCCETTI, GREGORY PETER","Republican Party","REP","House","H","Kentucky","KY","03","LOUISVILLE","KY","40214","2022","09-FEB-22","2022","202202099491614735"
"H2CA36488","JESUELE, MATTHEW VINCENT","Independent","IND","House","H","California","CA","36","SANTA MONICA","CA","90405","2022","09-FEB-22","2022","202202099491614823"
"H2FL09269","FARBER, SAM","Republican Party","REP","House","H","Florida","FL","09","ORLANDO","FL","32819","2022","09-FEB-22","2022","202202099491612706"
"S2CA01227","ARNOLD, MARIE ENCAR A","Democratic Party","DEM","Senate","S","California","CA","00","BAKERSFIELD","CA","93306","2022","09-FEB-22","2022","202202099491612707"
"H2CA06325","LANGFORD, DAVID KEITH MR. JR.","Republican Party","REP","House","H","California","CA","06","SACRAMENTO","CA","95842","2022","09-FEB-22","2022","202202099491612708"
"H2CO07212","DEMPSEY, BRAD","Republican Party","REP","House","H","Colorado","CO","07","LAKEWOOD","CO","80401","2022","09-FEB-22","2022","202202099491613172"
"H2SC01150","ARRINGTON, KATIE","Republican Party","REP","House","H","South Carolina","SC","01","SUMMERVILLE","SC","29483","2022","08-FEB-22","2022","202202089491609960"
"H2MT02159","SWEENEY, MARK","Democratic Party","DEM","House","H","Montana","MT","02","PHILIPSBURG","MT","59858","2022","08-FEB-22","2022","202202089491610605"
"S2CT00314","LEVY, LEORA","Republican Party","REP","Senate","S","Connecticut","CT","00","CHESHIRE","CT","06410","2022","08-FEB-22","2022","202202089491610608"
"H2CA43393","PRATT, EVETTE ALLISON","Republican Party","REP","House","H","California","CA","43","INGLEWOOD","CA","90305","2022","08-FEB-22","2022","202202089491610670"
"S2CA01219","ARNOLD, MARIE ENCAR","Democratic Party","DEM","Senate","S","California","CA","00","BAKERSFIELD","CA","93306","2022","08-FEB-22","2022","202202089491612580"
"H2IL13195","HAUSMAN, MATT","Republican Party","REP","House","H","Illinois","IL","13","PESOTUM","IL","61863","2022","08-FEB-22","2022","202202089491610791"
"S2PA00703","BOCHETTO, GEORGE","Republican Party","REP","Senate","S","Pennsylvania","PA","00","PHILADELPHIA","PA","19106","2022","08-FEB-22","2022","202202089491610964"
"H2NM02217","PATEL, DARSHAN DR.","Democratic Party","DEM","House","H","New Mexico","NM","02","ALBUQUERQUE","NM","87195","2022","08-FEB-22","2022","202202089491611325"
"H2NY03196","BIAGGI, ALESSANDRA","Democratic Party","DEM","House","H","New York","NY","03","PELHAM","NY","10803","2022","08-FEB-22","2022","202202089491611843"
"H2GA14127","BAKER, RONALD D MR SR","Democratic Party","DEM","House","H","Georgia","GA","14","ROME","GA","30165","2022","08-FEB-22","2022","202202089491610736"
"H2VA10273","BECKWITH, DAVID","Republican Party","REP","House","H","Virginia","VA","10","STERLING","VA","20165","2022","07-FEB-22","2022","202202079491609661"
"H2CA35142","CARCAMO, RAFAEL DR.","Republican Party","REP","House","H","California","CA","35","ONTARIO","CA","91761","2022","07-FEB-22","2022","202202079491609764"
"H2MI11257","BITTERMAN, JOSH","Republican Party","REP","House","H","Michigan","MI","11","PONTIAC","MI","48341","2022","07-FEB-22","2022","202202079491609837"
"S2GA00282","MCCOLUMN, JONATHAN MR","Republican Party","REP","Senate","S","Georgia","GA","00","WARNER ROBINS","GA","31099","2022","07-FEB-22","2022","202202079491609883"
"H2OR01273","MANN, CHRISTOPHER ALLAN","Republican Party","REP","House","H","Oregon","OR","01","HILLSBORO","OR","97123","2022","07-FEB-22","2022","202202079491608457"
"H2TN05362","ORTAGUS, MORGAN","Republican Party","REP","House","H","Tennessee","TN","05","BRENTWOOD","TN","37024","2022","07-FEB-22","2022","202202079491608484"
"H2TX06400","SCAUFLAIRE, TAKONA EILEEN","Independent","IND","House","H","Texas","TX","06","ARLINGTON","TX","76011","2022","07-FEB-22","2022","202202079491609659"
"H2CA40092","MAHMOOD, ASIF DR","Democratic Party","DEM","House","H","California","CA","40","BRADBURY","CA","91008","2022","07-FEB-22","2022","202202079491609131"
"H2RI02200","NEARY, MICHAEL JR.","Democratic Party","DEM","House","H","Rhode Island","RI","02","COVENTRY","RI","02816","2022","07-FEB-22","2022","202202079491609479"
"H2RI02218","BAH, OMAR","Democratic Party","DEM","House","H","Rhode Island","RI","02","PROVIDENCE","RI","02904","2022","07-FEB-22","2022","202202079491609488"
"H2NY10175","QIU, HELEN JIANG","Republican Party","REP","House","H","New York","NY","10","NEW YORK","NY","10027","2022","07-FEB-22","2022","202202079491609490"
"S0ID00172","FLEMING, NATALIE M","Republican Party","REP","Senate","S","Idaho","ID","00","BOISE","ID","83706","2022","07-FEB-22","2022","202202079491609516"
"H2TN05370","WINSTEAD, KURT","Republican Party","REP","House","H","Tennessee","TN","05","FRANKLIN","TN","37069","2022","07-FEB-22","2022","202202079491608857"
"H2NJ01146","DEANGELO, ELAINE LOUISE","Republican Party","REP","House","H","New Jersey","NJ","01","SEWELL","NJ","08080","2022","06-FEB-22","2022","202202069491608103"
"S2ND00115","BECKER, RICK CLARK","Republican Party","REP","Senate","S","North Dakota","ND","00","BISMARCK","ND","58501","2022","06-FEB-22","2022","202202069491608161"
"S2CT00306","KLARIDES, THEMIS","Republican Party","REP","Senate","S","Connecticut","CT","00","SEYMOUR","CT","06483","2022","06-FEB-22","2022","202202069491608335"
"P20005765","SANTIAGO-MATIAS, JOSELITO","Republican Party","REP","President","P","United States","00","00","WORCESTER","MA","01605","2022","06-FEB-22","2022","202202069491608325"
"H2NY23160","BURNS, GEORGE H MR","Republican Party","REP","House","H","New York","NY","23","FREDONIA","NY","14063","2022","06-FEB-22","2022","202202069491608215"
"H2PA05116","DEVAUGHN-GOODWIN, ALFEIA DEVAUGHN-GOODWIN","Republican Party","REP","House","H","Pennsylvania","PA","05","DREXEL HILL","PA","19119","2022","05-FEB-22","2022","202202059491608003"
"S2OR00176","PULJU, DAN","Green Party","GRE","Senate","S","Oregon","OR","00","EUGENE","OR","97401","2022","05-FEB-22","2022","202202059491608093"
"H2GA03195","PACETTI, ANDREW MR","Unaffiliated","UN","House","H","Georgia","GA","03","FAYETTEVILLE","GA","30215","2022","05-FEB-22","2022","202202059491608088"
"H2FL22163","NAPIER, MARK NOAH","No Party Affiliation","NPA","House","H","Florida","FL","22","FORT LAUDERDALE","FL","33304","2022","05-FEB-22","2022","202202059491608033"
"H2PA01149","ENTIN, ALEX","Republican Party","REP","House","H","Pennsylvania","PA","01","SOUTHAMPTON","PA","18966","2022","04-FEB-22","2022","202202049491607221"
"H2IL13187","TAYLOR, ELLIS EVERETT","Democratic Party","DEM","House","H","Illinois","IL","13","DECATUR","IL","62526","2022","04-FEB-22","2022","202202049491607222"
"H2CA50216","SCHINDLER, ADAM JAY DR.","Democratic Party","DEM","House","H","California","CA","50","SAN DIEGO","CA","92111","2022","04-FEB-22","2022","202202049491597004"
"H2FL07255","KRULICK, AL MR.","Democratic Party","DEM","House","H","Florida","FL","07","MAITLAND","FL","32751","2022","04-FEB-22","2022","202202049491597064"
"H4DC00092","RIMENSNYDER, NELSON F","Republican Party","REP","House","H","District Of Columbia","DC","00","WASHINGTON","DC","20002","2022","04-FEB-22","2022","202202049491600082"
"S2IA00180","FOSTER, ANDREW JACKSON V","Republican Party","REP","Senate","S","Iowa","IA","00","BETTENDORF","IA","52722","2022","04-FEB-22","2022","202202049491598005"
"H2MI13261","CONYERS, JOHN","Democratic Party","DEM","House","H","Michigan","MI","13","DETROIT","MI","48221","2022","04-FEB-22","2022","202202049491598123"
"H2CA24203","WESLANDER QUAID, MICHELE","No Party Affiliation","NPA","House","H","California","CA","24","GOLETA","CA","93117","2022","04-FEB-22","2022","202202049491599634"
"H2UT01276","CAMPBELL, WILLIAM","Republican Party","REP","House","H","Utah","UT","01","SYRACUSE","UT","84075","2022","04-FEB-22","2022","202202049491607157"
"H2IL01364","NORINGTON-REAVES, KARIN M","Democratic Party","DEM","House","H","Illinois","IL","01","CHICAGO","IL","60619","2022","04-FEB-22","2022","202202049491597846"
"H2IN07187","RUSK, TED","Libertarian Party","LIB","House","H","Indiana","IN","07","WASHINGTON","IN","47501","2022","03-FEB-22","2022","202202039491566639"
"H2CA25242","TYSON, BRIAN","Republican Party","REP","House","H","California","CA","25","EL CENTRO","CA","92243","2022","03-FEB-22","2022","202202039491566977"
"H2RI02184","MAGAZINER, SETH","Democratic Party","DEM","House","H","Rhode Island","RI","02","PROVIDENCE","RI","02940","2022","03-FEB-22","2022","202202039491566986"
"H2VA10265","TAYLOR, BROOKE","Republican Party","REP","House","H","Virginia","VA","10","MIDDLEBURG","VA","20118","2022","03-FEB-22","2022","202202039491567137"
"H2RI02192","MOQUIN, CAMERON MICHAEL MR.","Democratic Party","DEM","House","H","Rhode Island","RI","02","EAST PROVIDENCE","RI","02914","2022","03-FEB-22","2022","202202039491595673"
"H2PA17160","SHAFFER, JEREMY","Republican Party","REP","House","H","Pennsylvania","PA","17","GIBSONIA","PA","15044","2022","03-FEB-22","2022","202202039491566658"
"H2CA10244","KERR, MICHAEL ERNEST","Green Party","GRE","House","H","California","CA","10","BAY POINT","CA","94565","2022","03-FEB-22","2022","202202039491596041"
"H2IN09282","HEIWIG, DANIEL","Republican Party","REP","House","H","Indiana","IN","09","SEYMOUR","IN","47274","2022","03-FEB-22","2022","202202039491596705"
"S2MO00676","HURLA, ANDREW","Democratic Party","DEM","Senate","S","Missouri","MO","00","KANSAS CITY","MO","64145","2022","03-FEB-22","2022","202202039491596879"
"H2CA01250","GEIST, TIMOTHY DAVID","Republican Party","REP","House","H","California","CA","01","NEVADA CITY","CA","95959","2022","03-FEB-22","2022","202202039491563895"
"H2OR04160","CANNING, DOYLE","Democratic Party","DEM","House","H","Oregon","OR","04","EUGENE","OR","97405","2022","03-FEB-22","2022","202202039491564078"
"H2TX35227","MONTOYA, SAMUEL CHRISTOPHER","Republican Party","REP","House","H","Texas","TX","35","SAN MARCOS","TX","78666","2022","03-FEB-22","2022","202202039491595696"
"H2GA14119","CUNNINGHAM, ERIC B","Republican Party","REP","House","H","Georgia","GA","14","ACWORTH","GA","30101","2022","02-FEB-22","2022","202202029491474369"
"H0PA05094","PRUETT, DASHA","Republican Party","REP","House","H","Pennsylvania","PA","01","DREXEL HILL","PA","19026","2022","02-FEB-22","2022","202202029491474416"
"H2CA16159","SOLOMON, BENJAMIN THOMAS MR","Republican Party","REP","House","H","California","CA","16","SUNNYVALE","CA","94085","2022","02-FEB-22","2022","202202029491474815"
"H2MI10150","JAMES, JOHN","Republican Party","REP","House","H","Michigan","MI","10","SAINT CLAIR SHORES","MI","48080","2022","02-FEB-22","2022","202202029491475763"
"H2AR01121","SHACKELFORD, JODY","Republican Party","REP","House","H","Arkansas","AR","01","CHEROKEE VILLAGE","AR","72529","2022","02-FEB-22","2022","202202029491560607"
"H2FL07248","STARK, KRISTOPHER L MR.","Republican Party","REP","House","H","Florida","FL","07","OVIEDO","FL","32765","2022","02-FEB-22","2022","202202029491501380"
"H2VA08152","LIPSMAN, KARINA","Republican Party","REP","House","H","Virginia","VA","08","ARLINGTON","VA","22201","2022","02-FEB-22","2022","202202029491501581"
"H2MT01128","MCKIBBEN, ALLEN HARLEY II","Republican Party","REP","House","H","Montana","MT","01","COLUMBIA FALLS","MT","59912","2022","02-FEB-22","2022","202202029491531649"
"H2FL08113","SALEH, REBECCA","Republican Party","REP","House","H","Florida","FL","08","VERO BEACH","FL","32967","2022","02-FEB-22","2022","202202029491560600"
"H2OH16077","GUSTAFSON EWING, REGINA ANNE","None","NNE","House","H","Ohio","OH","16","ROCKY RIVER","OH","44116","2022","02-FEB-22","2022","202202029491476142"
"S2MD00578","HAWKINS, REBA","Republican Party","REP","Senate","S","Maryland","MD","00","BALTIMORE","MD","21212","2022","01-FEB-22","2022","202202019491466979"
"H2KY02166","FEHER, BRENT","Republican Party","REP","House","H","Kentucky","KY","02","OWENSBORO","KY","42301","2022","01-FEB-22","2022","202202019491467195"
"H2CA08248","RUTSCH, EDWIN","Democratic Party","DEM","House","H","California","CA","08","EL CERRITO","CA","94530","2022","01-FEB-22","2022","202202019491467848"
"H2NV01280","SHOLTY, MORGUN","Republican Party","REP","House","H","Nevada","NV","01","LAS VEGAS","NV","89137","2022","01-FEB-22","2022","202202019491469454"
"H2IL03188","AGUIRRE, JUAN ENRIQUE","Democratic Party","DEM","House","H","Illinois","IL","03","CHICAGO","IL","60647","2022","01-FEB-22","2022","202202019491471340"
"H2CA14204","IYER, STEVE","Republican Party","REP","House","H","California","CA","14","SAN RAMON","CA","94583","2022","01-FEB-22","2022","202202019491466146"
"H0CT01134","GRIFFIN, JIM","Republican Party","REP","House","H","Connecticut","CT","01","BRISTOL","CT","06010","2022","01-FEB-22","2022","202202019491466393"
"H0MI03316","SCHOLTEN, HILLARY","Democratic Party","DEM","House","H","Michigan","MI","03","GRAND RAPIDS","MI","49506","2022","01-FEB-22","2022","202202019491465273"
"S2AL00251","BOYD, WILLIE EUGENE DR. JR.","Democratic Party","DEM","Senate","S","Alabama","AL","00","BESSEMER","AL","35022","2022","01-FEB-22","2022","202202019491465540"
"H2WV02191","WENDELL, BARRY LEE MR.","Democratic Party","DEM","House","H","West Virginia","WV","02","MORGANTOWN","WV","26505","2022","01-FEB-22","2022","202202019491465593"
"H2CA13123","MARTINEZ, DIEGO J","Republican Party","REP","House","H","California","CA","13","SONORA","CA","95370","2022","01-FEB-22","2022","202202019491471588"
"H2NJ03282","SMITH, IAN","Republican Party","REP","House","H","New Jersey","NJ","03","DELANCO","NJ","08075","2022","31-JAN-22","2022","202202080300397206"
"H2IN09084","SODREL, MICHAEL E","Republican Party","REP","House","H","Indiana","IN","09","JEFFERSONVILLE","IN","47130","2022","31-JAN-22","2022","202201319486009346"
"S2HI00163","LAVONNE, ASIA","Republican Party","REP","Senate","S","Hawaii","HI","00","HONOLULU","HI","96813","2022","31-JAN-22","2022","202201319486382851"
"H2NC03129","FRIEND, BRIAN M","Republican Party","REP","House","H","North Carolina","NC","03","WILMINGTON","NC","28412","2022","31-JAN-22","2022","202201319485201750"
"H2TX18215","SEALS SINGH CHAUDRY KUMAR, TINA RICHELLE","GOP","GOP","House","H","Texas","TX","18","HOUSTON","TX","77002","2022","31-JAN-22","2022","202201319485307113"
"H2IL11181","GREEN, GRACE KELLY MS.","Republican Party","REP","House","H","Illinois","IL","11","ST CHARLES","IL","60175","2022","31-JAN-22","2022","202201319485316308"
"S2NC00679","LEWIS, MICHELLE ESTELLE","Unaffiliated","UN","Senate","S","North Carolina","NC","00","MANTEO","NC","27954","2022","31-JAN-22","2022","202201319485672815"
"H2RI02176","FOX, JOY","Democratic Party","DEM","House","H","Rhode Island","RI","02","WARWICK","RI","02888","2022","31-JAN-22","2022","202201319485725339"
"H2CA01243","RAMOS, JONATHON ANGEL","Federalist","FED","House","H","California","CA","01","SAN DIEGO","CA","92104","2022","31-JAN-22","2022","202201319475580022"
"S2IN00265","YOUNG, ALEEM MR","Republican Party","REP","Senate","S","Indiana","IN","00","INDIANAPOLIS","IN","46218","2022","31-JAN-22","2022","202201319475581931"
"H2CA24195","YOUNG, KENNETH","Independent","IND","House","H","California","CA","24","CARSON","CA","90746","2022","31-JAN-22","2022","202201319475585640"
"H2MI13253","JACKSON, RAMON","Republican Party","REP","House","H","Michigan","MI","13","DETROIT","MI","48228","2022","31-JAN-22","2022","202201319475588537"
"H2IN07179","GRABOVSKY, ANGELA","Republican Party","REP","House","H","Indiana","IN","07","INDIANAPOLIS","IN","46260","2022","31-JAN-22","2022","202201319475599413"
"H2IN01206","LUCAS, MARTIN","Republican Party","REP","House","H","Indiana","IN","01","SCHERERVILLE","IN","46375","2022","31-JAN-22","2022","202201319475639703"
"H2TN05354","LEE, WILLIAM BAXTER","Republican Party","REP","House","H","Tennessee","TN","05","NASHVILLE","TN","37205","2022","31-JAN-22","2022","202201319485182563"
"H2IN09266","DAVISSON, J. MICHAEL","Republican Party","REP","House","H","Indiana","IN","09","SALEM","IN","47167","2022","31-JAN-22","2022","202201319485185637"
"H0IN07249","WALTERS, GERALD","Republican Party","REP","House","H","Indiana","IN","07","INDIANAPOLIS","IN","46227","2022","31-JAN-22","2022","202201319485190553"
"H8ID02064","SIMPSON, MICHAEL","Republican Party","REP","House","H","Idaho","ID","02","BLACKFOOT","ID","832211667","2022","31-JAN-22","2022","202201319485943068"
"H2WA01252","CAVALERI, VINCENT","Republican Party","REP","House","H","Washington","WA","01","MILL CREEK","WA","98012","2022","30-JAN-22","2022","202201309475564602"
"H2AL05219","SANFORD, PAUL","Republican Party","REP","House","H","Alabama","AL","05","HUNTSVILLE","AL","35801","2022","30-JAN-22","2022","202201309475569580"
"H2CA24187","YOUNG, KENNETH","Independent","IND","House","H","California","CA","24","CARSON","CA","90746","2022","30-JAN-22","2022","202201309475572322"
"H2GA06198","GATEWOOD, BYRON","Republican Party","REP","House","H","Georgia","GA","06","MARIETTA","GA","30068","2022","30-JAN-22","2022","202201309475562225"
"H2NY10167","DOOLEY, PATRICK EDWARD MR.","Democratic Party","DEM","House","H","New York","NY","10","NEW YORK","NY","10023","2022","30-JAN-22","2022","202201309475560301"
"H2NJ07259","WIENBERG, BRANDON","Democratic Party","DEM","House","H","New Jersey","NJ","07","NESHANIC STATION","NJ","08853","2022","30-JAN-22","2022","202201309475561824"
"H8TX29052","GARCIA, SYLVIA R.","Democratic Party","DEM","House","H","Texas","TX","29","HOUSTON","TX","77249","2022","30-JAN-22","2022","202201309475499630"
"H2OK03123","BURLESON, WILLIAM WADE","Republican Party","REP","House","H","Oklahoma","OK","03","ENID","OK","73703","2022","29-JAN-22","2022","202201299475364955"
"H2CO08111","ZORN, STEVE","Independent","IND","House","H","Colorado","CO","08","DENVER","CO","80221","2022","29-JAN-22","2022","202201299475452168"
"H2NH01296","KILBANE, MARK","Republican Party","REP","House","H","New Hampshire","NH","01","EXETER","NH","03833","2022","29-JAN-22","2022","202201299475495353"
"H2CO08129","RODRIGUEZ, JOSHUA","Democratic Party","DEM","House","H","Colorado","CO","08","ARAVDA","CO","80004","2022","29-JAN-22","2022","202201299475487951"
"H2CA52162","VAZQUEZ, JOAQUIN","Democratic Party","DEM","House","H","California","CA","52","CHULA VISTA","CA","91911","2022","29-JAN-22","2022","202201299475488393"
"H2RI02168","DE LA CRUZ, JESSICA","Republican Party","REP","House","H","Rhode Island","RI","02","FORESTDALE","RI","02824","2022","29-JAN-22","2022","202201299475454771"
"H6NV03154","SCHIFFMAN, STEVEN MITCHELL","Republican Party","REP","House","H","Nevada","NV","03","LAS VEGAS","NV","89134","2022","28-JAN-22","2022","202201289475295866"
"H2CA08230","SUDDUTH, CHERYL","Democratic Party","DEM","House","H","California","CA","08","RICHMOND","CA","94806","2022","28-JAN-22","2022","202201289475245508"
"H2GA09226","SOUTHER, BENJAMIN ODUM","Republican Party","REP","House","H","Georgia","GA","09","MURRAYVILLE","GA","30564","2022","28-JAN-22","2022","202201289475256495"
"H2MT02142","BOYETTE, JAMES MATTHEW","Republican Party","REP","House","H","Montana","MT","02","BOZEMAN","MT","59718","2022","28-JAN-22","2022","202201289475256654"
"H2CA37320","FEDALIZO, BALTAZAR MR.","Republican Party","REP","House","H","California","CA","37","LOS ANGELES","CA","90062","2022","28-JAN-22","2022","202201289475257768"
"H2PA01131","BRUNO, ERIC M","Democratic Party","DEM","House","H","Pennsylvania","PA","01","LEVITTOWN","PA","19056","2022","28-JAN-22","2022","202201289475268072"
"H2NV02528","DOUCETTE, MICHAEL LEO MR","Democratic Party","DEM","House","H","Nevada","NV","02","RENO","NV","89503","2022","28-JAN-22","2022","202201289475351955"
"H2IA04141","MELTON, RYAN MICHAEL APPLETON","Democratic Party","DEM","House","H","Iowa","IA","04","NEVADA","IA","50201","2022","28-JAN-22","2022","202201289475269257"
"H2OH10260","BENJAMIN, KIRK ALAN","Democratic Party","DEM","House","H","Ohio","OH","10","DAYTON","OH","45409","2022","28-JAN-22","2022","202201289475273310"
"H2TX38072","HOGAN, LEMUEL DAVID","Republican Party","REP","House","H","Texas","TX","38","SPRING","TX","77379","2022","28-JAN-22","2022","202201289475273694"
"H2CA42221","SUMMERVILLE, WILLIAM M.","Democratic Party","DEM","House","H","California","CA","42","LONG BEACH","CA","90807","2022","28-JAN-22","2022","202201289475277310"
"H2TN09224","FURRH, SAMUEL JAMES","Independence Party","IDP","House","H","Tennessee","TN","09","MEMPHIS","TN","38117","2022","28-JAN-22","2022","202201289475303086"
"S2CA01193","THEODORE, CHRIS MARK MR.","Democratic Party","DEM","Senate","S","California","CA","00","SAN LUIS OBISPO","CA","93401","2022","28-JAN-22","2022","202201289475268952"
"H2NY10159","MARON, MAUD","Democratic Party","DEM","House","H","New York","NY","10","NEW YORK","NY","10013","2022","27-JAN-22","2022","202201279475194371"
"H2IN02261","KURANT, STEPHEN","Democratic Party","DEM","House","H","Indiana","IN","02","SOUTH BEND","IN","46614","2022","27-JAN-22","2022","202201279475238730"
"H2IL01349","JACKSON, JONATHAN","Democratic Party","DEM","House","H","Illinois","IL","01","CHICAGO","IL","60615","2022","27-JAN-22","2022","202201279475204356"
"H2NY18095","BEREAN, MICHAEL FRANCIS","Democratic Party","DEM","House","H","New York","NY","18","MIDDLETOWN","NY","10940","2022","27-JAN-22","2022","202201279475206605"
"H2VA05125","MOY, DANIEL ROBERT MR.","Republican Party","REP","House","H","Virginia","VA","05","CHARLOTTESVILLE","VA","22903","2022","27-JAN-22","2022","202201279475215717"
"H2CA22249","STOLL, MATTHEW","Republican Party","REP","House","H","California","CA","22","VISALIA","CA","93291","2022","27-JAN-22","2022","202201279475215808"
"H2VA05133","PARKER, ANDY","Democratic Party","DEM","House","H","Virginia","VA","05","CASCADE","VA","24069","2022","27-JAN-22","2022","202201279475216349"
"H2CA14196","WONG, THOMAS","Republican Party","REP","House","H","California","CA","14","SAN FRANCISCO","CA","94115","2022","27-JAN-22","2022","202201279475225916"
"H2IL01356","JONES, J DARNELL J.D.","Democratic Party","DEM","House","H","Illinois","IL","01","CHICAGO","IL","60649","2022","27-JAN-22","2022","202201279475227040"
"H2TN01114","WYATT, GARY AUSTIN","Republican Party","REP","House","H","Tennessee","TN","01","NEW MARKET","TN","37820","2022","27-JAN-22","2022","202201279475236115"
"S2LA00168","STEIB, SYRITA","Democratic Party","DEM","Senate","S","Louisiana","LA","00","METAIRIE","LA","70002","2022","27-JAN-22","2022","202201279475236729"
"H2OH13272","FOLGER PORTER, JANET L","Republican Party","REP","House","H","Ohio","OH","13","HINCKLEY","OH","44233","2022","27-JAN-22","2022","202201279475236749"
"H2CA28170","RODRIGUEZ, TONY","Independent","IND","House","H","California","CA","28","TUJUNGA","CA","91042","2022","27-JAN-22","2022","202201279475237083"
"H6WV03117","LAWHORN, ZANE RENE","Republican Party","REP","House","H","West Virginia","WV","01","PRINCETON","WV","24740","2022","27-JAN-22","2022","202201310300395554"
"S2MO00668","TUNNELL, LEONARD","Unknown","","Senate","S","Missouri","MO","00","CARTHAGE","MO","64836","2022","27-JAN-22","2022","202201310300395613"
"S2AL00244","PRIDMORE, JAY P","Republican Party","REP","Senate","S","Alabama","AL","00","DORA","AL","35062","2022","27-JAN-22","2022","202201310300394343"
"H2KS02150","FRIDLINGTON, JOSEPH","Unaffiliated","UN","House","H","Kansas","KS","02","TONGANOXIE","KS","66086","2022","27-JAN-22","2022","202201279475238708"
"S2NH00256","KAUFFMAN, JEREMY","Libertarian Party","LIB","Senate","S","New Hampshire","NH","00","MANCHESTER","NH","03103","2022","27-JAN-22","2022","202201279475199599"
"H2IA04133","GROSSMAN, KYLE WILLIAM","Libertarian Party","LIB","House","H","Iowa","IA","04","LAKE CITY","IA","51449","2022","26-JAN-22","2022","202201269475191877"
"H0IL14213","EVANS, JERRY","Republican Party","REP","House","H","Illinois","IL","11","NAPERVILLE","IL","60567","2022","26-JAN-22","2022","202201269475186610"
"H2TX35219","SISCO, CARLA-JOY","Democratic Party","DEM","House","H","Texas","TX","35","AUSTIN","TX","78747","2022","26-JAN-22","2022","202201269475165444"
"H2CA26166","MIKHAIL, FADDE","Republican Party","REP","House","H","California","CA","26","AGOURA HILLS","CA","91301","2022","26-JAN-22","2022","202201269475166195"
"H2MI12164","WOODDELL, MICHELLE","Democratic Party","DEM","House","H","Michigan","MI","12","SOUTHFIELD","MI","48076","2022","26-JAN-22","2022","202201269475166710"
"H2TX07127","STEWART, LANCE","Republican Party","REP","House","H","Texas","TX","07","SEABROOK","TX","77586","2022","26-JAN-22","2022","202201269475167139"
"H2GA08095","BUTLER, DARRIUS MAURICE","Democratic Party","DEM","House","H","Georgia","GA","08","WARNER ROBINS","GA","31093","2022","26-JAN-22","2022","202201269475169817"
"H2NM01367","SANCHEZ, LOUIE","Republican Party","REP","House","H","New Mexico","NM","01","ALBUQUERQUE","NM","87111","2022","26-JAN-22","2022","202201269475178270"
"H2VA10257","MICHON, BRANDON","Republican Party","REP","House","H","Virginia","VA","10","HAMILTON","VA","20159","2022","26-JAN-22","2022","202201269475191269"
"H0AZ07082","BARNETT, JOSH","Republican Party","REP","House","H","Arizona","AZ","01","PHOENIX","AZ","85027","2022","26-JAN-22","2022","202201269475191646"
"H2VA10240","CAO, HUNG","Republican Party","REP","House","H","Virginia","VA","10","VIRGINIA BEACH","VA","23452","2022","26-JAN-22","2022","202201269475171418"
"H2CO07204","REICHERT, TIM","Republican Party","REP","House","H","Colorado","CO","07","GOLDEN","CO","80401","2022","26-JAN-22","2022","202201269475171435"
"H2IL11165","HEEG, ANDREA","Republican Party","REP","House","H","Illinois","IL","11","BATAVIA","IL","60510","2022","26-JAN-22","2022","202201269475176941"
"H2CA04130","NEWMAN, SETH","Republican Party","REP","House","H","California","CA","04","WOODLAND","CA","95695","2022","26-JAN-22","2022","202201269475177880"
"S2OH00519","PRATHER, KELLI","Independent","IND","Senate","S","Ohio","OH","00","CINCINNATI","OH","45250","2022","26-JAN-22","2022","202201269475192281"
"H2CA15136","SIMARD, LIAM MIGUEL","Unaffiliated","UN","House","H","California","CA","15","FREMONT","CA","94536","2022","25-JAN-22","2022","202201259475163875"
"H2OK03115","ROBERTS, KEVIN SEAN","Republican Party","REP","House","H","Oklahoma","OK","03","HOMINY","OK","74035","2022","25-JAN-22","2022","202201259475134871"
"H2IL13179","DEERING, REGAN","Republican Party","REP","House","H","Illinois","IL","13","DECATUR","IL","62525","2022","25-JAN-22","2022","202201259475152748"
"H2MD03200","GRIFFIN, LANCE ALAN","Republican Party","REP","House","H","Maryland","MD","03","FOREST HILL","MD","21050","2022","25-JAN-22","2022","202201259475162193"
"H2CO03336","YATES, SCOTT","Democratic Party","DEM","House","H","Colorado","CO","03","PUEBLO","CO","81003","2022","25-JAN-22","2022","202201259475154834"
"S2MO00650","ROSS, GENA DR.","Democratic Party","DEM","Senate","S","Missouri","MO","00","PLATTE CITY","MO","64079","2022","25-JAN-22","2022","202201259475156175"
"H2IL14110","STARRETT, SUSAN","Republican Party","REP","House","H","Illinois","IL","14","SUGAR GROVE","IL","60554","2022","25-JAN-22","2022","202201259475158809"
"H2MD08209","BLACK, COLT MORNINGSTAR","Republican Party","REP","House","H","Maryland","MD","08","SABILLASVILLE","MD","21780","2022","25-JAN-22","2022","202201259475154531"
"H2IL01331","SWAIN, JONATHAN","Democratic Party","DEM","House","H","Illinois","IL","01","CHICAGO","IL","60615","2022","24-JAN-22","2022","202201249475119797"
"H2FL05226","CROOMS, CONNELL AUBREY","Democratic Party","DEM","House","H","Florida","FL","05","JACKSONVILLE","FL","32218","2022","24-JAN-22","2022","202201249475121013"
"H2IL03170","CHEHADE, IYMEN","Democratic Party","DEM","House","H","Illinois","IL","03","CHICAGO","IL","60656","2022","24-JAN-22","2022","202201249475123560"
"H2CA03140","JONES, SCOTT R","Republican Party","REP","House","H","California","CA","03","EL DORADO HILLS","CA","95762","2022","24-JAN-22","2022","202201249475134820"
"H2NY14151","DE JESUS-CONIGLIO, PURA","Republican Party","REP","House","H","New York","NY","14","BRONX","NY","10461","2022","24-JAN-22","2022","202201249475110376"
"H2FL27071","POLO, FRANK","Republican Party","REP","House","H","Florida","FL","27","MIAMI","FL","33172","2022","24-JAN-22","2022","202201249475111155"
"H2NC13243","HARRIGAN, PAT","Republican Party","REP","House","H","North Carolina","NC","13","RALEIGH","NC","27624","2022","24-JAN-22","2022","202201249475116971"
"H2CO07196","ANDERSEN, CARL E","Republican Party","REP","House","H","Colorado","CO","07","DIVIDE","CO","80814","2022","24-JAN-22","2022","202201249475113095"
"H2IL14102","GRYDER, SCOTT","Republican Party","REP","House","H","Illinois","IL","14","YORKVILLE","IL","60560","2022","24-JAN-22","2022","202201249475113575"
"H2MD05551","VILLANOVA, TANNIS","Republican Party","REP","House","H","Maryland","MD","05","DUNKIRK","MD","21128","2022","24-JAN-22","2022","202201249475113854"
"H2AL05201","EHRLE, DOUGLAS EUGENE","Republican Party","REP","House","H","Alabama","AL","05","HUNTSVILLE","AL","35802","2022","24-JAN-22","2022","202201249475114916"
"H2CA07141","SEMENENKO, MAX","Republican Party","REP","House","H","California","CA","07","CITRUS HEIGHTS","CA","95610","2022","24-JAN-22","2022","202201249475116590"
"H2RI02150","PACHECO, EDWIN","Democratic Party","DEM","House","H","Rhode Island","RI","02","WARWICK","RI","02889","2022","24-JAN-22","2022","202201249475111975"
"H0VA09121","DICKERSON, CAMERON D.","Democratic Party","DEM","House","H","Virginia","VA","09","CHRISTIANSBURG","VA","24073","2022","23-JAN-22","2022","202201239475106664"
"P20005732","KLEINMAN, LES MR","Write-In","W","President","P","United States","00","00","COLUMBIA FALLS","MT","59912","2022","23-JAN-22","2022","202201239475107102"
"H2PA16105","SANDERA, ROB","Democratic Party","DEM","House","H","Pennsylvania","PA","16","GUYS MILLS","PA","16327","2022","23-JAN-22","2022","202201239475106926"
"H2CA05111","MAIN, DAVID NATHAN","Republican Party","REP","House","H","California","CA","05","EL DORADO HILLS","CA","95762","2022","22-JAN-22","2022","202201229475106524"
"H2PA17145","CAVARETTA, DEAN","Republican Party","REP","House","H","Pennsylvania","PA","17","SHIPPINGPORT","PA","15077","2022","22-JAN-22","2022","202201229475106658"
"S2VT00276","TUTHILL, JUSTIN","Republican Party","REP","Senate","S","Vermont","VT","00","HARTFORD","VT","05047","2022","22-JAN-22","2022","202201229475106640"
"S2PA00695","MAGEE, QUINCY","Write-In","W","Senate","S","Pennsylvania","PA","00","PHILADELPHIA","PA","19139","2022","22-JAN-22","2022","202201229475106525"
"H2NY24168","MAJOK, CHOL-AWAN A","Democratic Party","DEM","House","H","New York","NY","24","SYRACUSE","NY","13218","2022","21-JAN-22","2022","202201219475070393"
"H2OR04152","AL-ABDRABBUH, SAMI","Democratic Party","DEM","House","H","Oregon","OR","04","WASHINGTON","DC","20033","2022","21-JAN-22","2022","202201219475071388"
"H8AL04086","NEIGHBORS, RICKY","Democratic Party","DEM","House","H","Alabama","AL","04","HACKLEBURG","AL","35564","2022","21-JAN-22","2022","202201219475079097"
"H2CA37312","PERRY, JAN","Democratic Party","DEM","House","H","California","CA","37","LOS ANGELES","CA","90071","2022","21-JAN-22","2022","202201219475078998"
"H2VA07279","ROSS, DAVID LEWIS","Republican Party","REP","House","H","Virginia","VA","07","FREDERICKSBURG","VA","22407","2022","21-JAN-22","2022","202201219475079091"
"H2MD02335","FLOWERS, BERNARD","Republican Party","REP","House","H","Maryland","MD","02","ELKRIDGE","MD","21075","2022","21-JAN-22","2022","202201219475074323"
"H2FL09251","ANTHONY, MARLIN DANIEL","Republican Party","REP","House","H","Florida","FL","09","ORLANDO","FL","32827","2022","20-JAN-22","2022","202201209475070298"
"H2MD04356","EDWARDS, DONNA F","Democratic Party","DEM","House","H","Maryland","MD","04","FORT WASHINGTON","MD","20749","2022","20-JAN-22","2022","202201209475031003"
"H2OH13264","SYKES, EMILIA","Democratic Party","DEM","House","H","Ohio","OH","13","AKRON","OH","44308","2022","20-JAN-22","2022","202201209475031057"
"H2IN09258","BARNES-ISRAEL, STU","Republican Party","REP","House","H","Indiana","IN","09","GREENSBURG","IN","47240","2022","20-JAN-22","2022","202201209475031334"
"H2IL13161","REISING, JESSE","Republican Party","REP","House","H","Illinois","IL","13","DECATUR","IL","62524","2022","20-JAN-22","2022","202201209475031438"
"H2AZ08177","CORAZON, CHARLY","Republican Party","REP","House","H","Arizona","AZ","08","PHOENIX","AZ","85031","2022","20-JAN-22","2022","202201209475031002"
"H2NM03173","MARTINEZ JOHNSON, ALEXIS","Republican Party","REP","House","H","New Mexico","NM","03","SANTA FE","NM","87504","2022","20-JAN-22","2022","202201209475056521"
"H2NE01126","WEYER, DANIEL FRED","Unknown","","House","H","Nebraska","NE","01","LINCOLN","NE","68512","2022","20-JAN-22","2022","202201310300393783"
"H2MI13246","HOLLIER, ADAM","Democratic Party","DEM","House","H","Michigan","MI","13","DETROIT","MI","48202","2022","20-JAN-22","2022","202201209475063411"
"S2CA01185","HALL, MYRON LOUIS DR.","Republican Party","REP","Senate","S","California","CA","00","WEST HOLLYWOOD","CA","90048","2022","20-JAN-22","2022","202201209475030561"
"H2OR06108","ALONSO LEON, TERESA","Democratic Party","DEM","House","H","Oregon","OR","06","WOODBURN","OR","97071","2022","20-JAN-22","2022","202201209475035179"
"H2NJ01138","PARK, CHARLES","Independent","IND","House","H","New Jersey","NJ","01","BERLIN","NJ","08009","2022","19-JAN-22","2022","202201199475030103"
"H2AZ06304","MAYBERRY, YOUNG","Republican Party","REP","House","H","Arizona","AZ","06","DAVID ","AZ","85630","2022","19-JAN-22","2022","202201310300395567"
"H2CA08222","JOHNSON, DEMNLUS","Democratic Party","DEM","House","H","California","CA","08","RICHMOND","CA","94805","2022","19-JAN-22","2022","202201199475030050"
"H0PA05086","LANNI, LOU","Democratic Party","DEM","House","H","Pennsylvania","PA","05","FOLCROFT","PA","19032","2022","19-JAN-22","2022","202201199475024360"
"H2NJ07242","FLORA, JOHN P","Republican Party","REP","House","H","New Jersey","NJ","07","FREDON","NJ","07860","2022","19-JAN-22","2022","202201199475023093"
"H2MD02327","DENT, MARQUES MR.","Democratic Party","DEM","House","H","Maryland","MD","02","BALTIMORE","MD","21206","2022","19-JAN-22","2022","202201199475023127"
"H2GA13103","FORT, VINCENT","Democratic Party","DEM","House","H","Georgia","GA","13","ATLANTA","GA","30311","2022","19-JAN-22","2022","202201199475028158"
"H2OR06090","FLYNN, CARRICK RONAN MORGAN","Democratic Party","DEM","House","H","Oregon","OR","06","MCMINNVILLE","OR","97128","2022","19-JAN-22","2022","202201199475024272"
"H2CO05224","AVION, ORLONDO","Democratic Party","DEM","House","H","Colorado","CO","05","COLORADO SPRINGS","CO","80903","2022","19-JAN-22","2022","202201199475026022"
"H2MI10143","ROGENSUES, ANGELA","Democratic Party","DEM","House","H","Michigan","MI","10","WARREN","MI","48090","2022","19-JAN-22","2022","202201199475026446"
"H2FL07230","PASTRANA, ALLEK","Democratic Party","DEM","House","H","Florida","FL","07","ORLANDO","FL","32820","2022","19-JAN-22","2022","202201199475026689"
"H2TX36142","HAIRE, MARVIN JONATHAN","Democratic Party","DEM","House","H","Texas","TX","36","HOUSTON","TX","77059","2022","19-JAN-22","2022","202201199475027443"
"H2FL13287","HAYSLETT, KEVIN","Republican Party","REP","House","H","Florida","FL","13","ALEXANDRIA","VA","22314","2022","19-JAN-22","2022","202201199475023753"
"S2KS00121","KLINGENBERG, ROBERT JOSEPH","Democratic Party","DEM","Senate","S","Kansas","KS","00","SALINA","KS","67401","2022","18-JAN-22","2022","202201189475015922"
"H2TX15229","SCHMUKER, STEVEN JR","Republican Party","REP","House","H","Texas","TX","15","PHARR","TX","78577","2022","18-JAN-22","2022","202201189475015668"
"H2TX07119","COHEN, TINA MRS.","Republican Party","REP","House","H","Texas","TX","07","HOUSTON","TX","77057","2022","18-JAN-22","2022","202201189475015958"
"H2MI13238","GODBEE, RALPH L. REV. JR.","Democratic Party","DEM","House","H","Michigan","MI","13","ROYAL OAK","MI","48067","2022","18-JAN-22","2022","202201189475017978"
"H2MI10135","MARCINKEWCIZ, TONY I","Republican Party","REP","House","H","Michigan","MI","10","MACOMB","MI","48044","2022","18-JAN-22","2022","202201189475017979"
"H8WI02121","THERON, DANIEL PETER","Republican Party","REP","House","H","Wisconsin","WI","02","MADISON","WI","53713","2022","18-JAN-22","2022","202201189475018091"
"H2CA13115","GRAY, ADAM C.","Democratic Party","DEM","House","H","California","CA","13","SACRAMENTO","CA","95814","2022","18-JAN-22","2022","202201189475018636"
"H2KY05177","HALBLEIB, CONOR","Democratic Party","DEM","House","H","Kentucky","KY","05","LOUISVILLE","KY","40207","2022","18-JAN-22","2022","202201189475022201"
"H2TX30244","HARRIS, JAMES FRANK MR. SR","Republican Party","REP","House","H","Texas","TX","30","DALLAS","TX","75211","2022","18-JAN-22","2022","202201189475022246"
"H2FL23120","ALMONTE, MELINDA","Republican Party","REP","House","H","Florida","FL","23","GOLDEN BEACH","FL","33160","2022","18-JAN-22","2022","202201189475018960"
"H2CO07188","MOPPER, JUIUS B","Democratic Party","DEM","House","H","Colorado","CO","07","BROOMFIELD","CO","80021","2022","18-JAN-22","2022","202201189475018989"
"H2TX24171","WEYMOUTH, NATHANIEL DEARING","Republican Party","REP","House","H","Texas","TX","24","DALLAS","TX","75225","2022","18-JAN-22","2022","202201189475019778"
"S2AL00236","JACKSON, LANNY EDWARD MR.","Democratic Party","DEM","Senate","S","Alabama","AL","00","BIRMINGHAM","AL","35208","2022","18-JAN-22","2022","202201189475011761"
"H2IL11157","MILLER, CASSANDRA TANNER","Republican Party","REP","House","H","Illinois","IL","11","GILBERTS","IL","60136","2022","18-JAN-22","2022","202201189475013021"
"H2NY03188","ZIMMERMAN, ROBERT","Democratic Party","DEM","House","H","New York","NY","03","GREAT NECK","NY","11022","2022","18-JAN-22","2022","202201189475014018"
"H2SC05094","ECKERT, KEVIN","Democratic Party","DEM","House","H","South Carolina","SC","05","SUMTER","SC","29150","2022","18-JAN-22","2022","202201189475014940"
"H2FL10317","WEED, PETER","Republican Party","REP","House","H","Florida","FL","10","ORLANDO","FL","32836","2022","18-JAN-22","2022","202201189475015125"
"H2TX15237","CHURCHILL, VANGELA","Republican Party","REP","House","H","Texas","TX","15","EDINBURG","TX","78542","2022","18-JAN-22","2022","202201189475015923"
"S2NY00507","MASTERSON, WALTER JOSEPH","Other","OTH","Senate","S","New York","NY","00","BROOKLYN","NY","11206","2022","17-JAN-22","2022","202201179475006854"
"H2VT01084","REDIC, ERICKA L MRS.","Republican Party","REP","House","H","Vermont","VT","00","BURLINGTON","VT","05408","2022","17-JAN-22","2022","202201179475011266"
"H8GA08118","COOPER, JAMES L III","Green Party","GRE","House","H","Georgia","GA","08","LIZELLA","GA","31052","2022","17-JAN-22","2022","202201179475010863"
"H2NE01118","FLOOD, MIKE","Republican Party","REP","House","H","Nebraska","NE","01","LINCOLN","NE","68501","2022","17-JAN-22","2022","202201179475007530"
"H2VA11248","BABB, JOSEPH RAY","Republican Party","REP","House","H","Virginia","VA","11","SPRINGFIELD","VA","22152","2022","16-JAN-22","2022","202201169475006431"
"S2CA01177","HOLLETT-BILLINGSLEY, CHLOE","Democratic Party","DEM","Senate","S","California","CA","00","LONG BEACH","CA","90802","2022","16-JAN-22","2022","202201169475005295"
"H6IN09143","HOUCHIN, ERIN","Republican Party","REP","House","H","Indiana","IN","09","SALEM","IN","47167","2022","16-JAN-22","2022","202201169475006011"
"H2CA49275","ONEIL, JOSIAH","Republican Party","REP","House","H","California","CA","49","MURIETTA","CA","92563","2022","16-JAN-22","2022","202201169475005340"
"H2PA06189","MAURO, REGINA","Republican Party","REP","House","H","Pennsylvania","PA","06","DEVON","PA","19333","2022","16-JAN-22","2022","202201169475005305"
"H2AZ02410","KRYSTOFIAK, STEVEN","Republican Party","REP","House","H","Arizona","AZ","02","CAMP VERDE","AZ","86322","2022","15-JAN-22","2022","202201159474990870"
"H2UT02498","MITCHELL, NICHOLAS","Democratic Party","DEM","House","H","Utah","UT","02","SALT LAKE CITY","UT","84106","2022","15-JAN-22","2022","202201159474998305"
"H2ME01149","LEVASSEUR, SHAWN","Libertarian Party","LIB","House","H","Maine","ME","01","ROCKLAND","ME","04841","2022","15-JAN-22","2022","202201159474991124"
"H2IN08169","MCCORMICK, RAY","Democratic Party","DEM","House","H","Indiana","IN","08","VINCENNES","IN","47591","2022","15-JAN-22","2022","202201159474990888"
"H2IN03210","RIESEN, CORY","Democratic Party","DEM","House","H","Indiana","IN","03","BERNE","IN","46711","2022","14-JAN-22","2022","202201149474984801"
"H2WV02183","BUCHSER-LOCHOCKI, SUSAN","Green Party","GRE","House","H","West Virginia","WV","02","MORGANTOWN","WV","26508","2022","14-JAN-22","2022","202201149474984803"
"H2IN01198","MILO, BLAIR","Republican Party","REP","House","H","Indiana","IN","01","LA PORTE","IN","46352","2022","14-JAN-22","2022","202201149474984861"
"H2NJ07234","SCHWAB, STERLING IRWIN","Republican Party","REP","House","H","New Jersey","NJ","07","FLEMINGTON","NJ","08822","2022","14-JAN-22","2022","202201149474986340"
"S2PA00679","KARPACS, GEORGE MR.","Republican Party","REP","Senate","S","Pennsylvania","PA","00","SOUTH PARK","PA","15129","2022","14-JAN-22","2022","202201149474986461"
"H2AZ04218","MORGAN, ADAM","Republican Party","REP","House","H","Arizona","AZ","04","KINGMAN","AZ","86402","2022","14-JAN-22","2022","202201149474986919"
"H2CA22231","CONWAY, CONNIE","Republican Party","REP","House","H","California","CA","22","TULARE","CA","93274","2022","14-JAN-22","2022","202201149474990259"
"H2SC06142","BUCKNER, DWAYNE","Republican Party","REP","House","H","South Carolina","SC","06","WALTERBORO","SC","29488","2022","14-JAN-22","2022","202201149474987696"
"H2GA10273","FORE, JESSICA ALLISON","Democratic Party","DEM","House","H","Georgia","GA","10","ATHENS","GA","30606","2022","14-JAN-22","2022","202201149474987881"
"S2NH00249","MORSE, CHUCK","Republican Party","REP","Senate","S","New Hampshire","NH","00","NORTH SALEM","NH","03073","2022","14-JAN-22","2022","202201149474987886"
"H2IN04168","BOOKWALTER, THOMAS CHARLES","Republican Party","REP","House","H","Indiana","IN","04","THORNTOWN","IN","46071","2022","14-JAN-22","2022","202201149474988493"
"H2CA47212","ERNST, ROLAND","Democratic Party","DEM","House","H","California","CA","47","MIDWAY CITY","CA","92655","2022","14-JAN-22","2022","202201149474988970"
"H2ID02190","CHRISTENSEN, FLINT LANDEN","Republican Party","REP","House","H","Idaho","ID","02","SHELLEY","ID","83274","2022","14-JAN-22","2022","202201149474988971"
"H2IL01323","CARLSON, ERIC JOSEPH MR.","Republican Party","REP","House","H","Illinois","IL","01","LEMONT","IL","60439","2022","14-JAN-22","2022","202201149474987028"
"H6FL11217","MARTIN, JACK","Republican Party","REP","House","H","Florida","FL","11","SPRINGHILL","FL","34609","2022","13-JAN-22","2022","202201310300395670"
"H8IL02104","LEWIS, MARCUS","Democratic Party","DEM","House","H","Illinois","IL","01","MATTESON","IL","60443","2022","13-JAN-22","2022","202201139474978208"
"H2UT03272","DALLIN, JARED","Republican Party","REP","House","H","Utah","UT","03","LEHI","UT","84043","2022","13-JAN-22","2022","202201139474982555"
"H2OR05217","DI PAOLA, JOHN","Republican Party","REP","House","H","Oregon","OR","05","WILSONVILLE","OR","97070","2022","13-JAN-22","2022","202201139474984366"
"H2VT00144","RAM HINSDALE, KESHA","Democratic Party","DEM","House","H","Vermont","VT","00","BURLINGTON","VT","05406","2022","13-JAN-22","2022","202201139474978388"
"H2NY01182","MOORE, EDWARD FRANCIS JR","Republican Party","REP","House","H","New York","NY","01","SMITHTOWN","NY","11787","2022","13-JAN-22","2022","202201139474978389"
"H2KS04115","JACOBS, KYLE","Independent","IND","House","H","Kansas","KS","04","WICHITA","KS","67220","2022","13-JAN-22","2022","202201139474978573"
"H2KS04123","JACOBS, KYLE","Independent","IND","House","H","Kansas","KS","04","WICHITA","KS","67220","2022","13-JAN-22","2022","202201139474978600"
"H2KS04131","JACOBS, KYLE","Independent","IND","House","H","Kansas","KS","04","WICHITA","KS","67220","2022","13-JAN-22","2022","202201139474978632"
"H2FL21165","MARKS, MARTIN J.","Republican Party","REP","House","H","Florida","FL","21","PALM BEACH","FL","33480","2022","13-JAN-22","2022","202201139474979398"
"H2NM01359","NEAL, JOSHUA","Republican Party","REP","House","H","New Mexico","NM","01","ALBUQUERQUE","NM","87120","2022","13-JAN-22","2022","202201139474980231"
"H2IL02198","RAMOS, ASHLEY","Republican Party","REP","House","H","Illinois","IL","02","BRADLEY","IL","60915","2022","13-JAN-22","2022","202201139474980280"
"H2VA03096","TAYLOR, JAMES L","Democratic Party","DEM","House","H","Virginia","VA","03","CARROLLTON","VA","23314","2022","13-JAN-22","2022","202201139474980290"
"H2TX27315","MIRELES, ERIC","Republican Party","REP","House","H","Texas","TX","27","ROBSTOWN","TX","78380","2022","13-JAN-22","2022","202201139474980828"
"H2NJ07226","DORLON, KEVIN BRENDAN MR.","Republican Party","REP","House","H","New Jersey","NJ","07","LONG VALLEY","NJ","07853","2022","13-JAN-22","2022","202201139474981106"
"H2SC01143","LEWIS, TIMOTHY","Democratic Party","DEM","House","H","South Carolina","SC","01","HARLEYVILLE","SC","29448","2022","13-JAN-22","2022","202201139474981464"
"H2IL01315","COLLINS, JACQUELINE","Democratic Party","DEM","House","H","Illinois","IL","01","CHICAGO","IL","60620","2022","13-JAN-22","2022","202201139474982269"
"H2CA03157","KILEY, KEVIN","Republican Party","REP","House","H","California","CA","03","ROCKLIN","CA","95765","2022","13-JAN-22","2022","202201310300395639"
"S2PA00661","MCCORMICK, DAVE","Republican Party","REP","Senate","S","Pennsylvania","PA","00","PITTSBURGH","PA","15222","2022","12-JAN-22","2022","202201129474972948"
"H2IL17170","HELMICK, CHARLIE MR.","Republican Party","REP","House","H","Illinois","IL","17","EAST MOLINE","IL","61244","2022","12-JAN-22","2022","202201129474974289"
"H2FL07222","OGILVIE, LEE ALECK","Republican Party","REP","House","H","Florida","FL","07","OVIEDO","FL","32766","2022","12-JAN-22","2022","202201129474962159"
"H2NJ08257","ROJAS, RICARDO LUIS","Democratic Party","DEM","House","H","New Jersey","NJ","08","JERSEY CITY","NJ","07302","2022","12-JAN-22","2022","202201129474962401"
"H2NJ11228","ANDERSON, TOBY","Republican Party","REP","House","H","New Jersey","NJ","11","MORRISTOWN","NJ","07962","2022","12-JAN-22","2022","202201129474962452"
"H6TX29080","SCHAFRANEK, ROBERT ALLAN","Republican Party","REP","House","H","Texas","TX","29","HOUSTON","TX","77079","2022","12-JAN-22","2022","202201129474968619"
"H2FL21157","WHEELEN, WILLIAM","Republican Party","REP","House","H","Florida","FL","21","WELLINGTON","FL","33414","2022","12-JAN-22","2022","202201129474976761"
"H2PA15123","RATHMELL, GEORGE","Republican Party","REP","House","H","Pennsylvania","PA","15","PUNXSUTAWNEY","PA","15767","2022","12-JAN-22","2022","202201129474971624"
"S2LA00150","CHAMBERS, GARY JR.","Democratic Party","DEM","Senate","S","Louisiana","LA","00","BATON ROUGE","LA","70811","2022","12-JAN-22","2022","202201129474971645"
"H2VA11230","GERAWORK, DEREJE H","Democratic Party","DEM","House","H","Virginia","VA","11","SPRINGFIELD","VA","22153","2022","12-JAN-22","2022","202201129474972107"
"S4PA00196","VODVARKA, JOSEPH JOHN","Republican Party","REP","Senate","S","Pennsylvania","PA","00","CLINTON","PA","15026","2022","12-JAN-22","2022","202201129474972168"
"H2GA02189","HUNT, JEREMY","Republican Party","REP","House","H","Georgia","GA","02","COLUMBUS","GA","31908","2022","12-JAN-22","2022","202201129474972647"
"S2HI00155","MCDERMOTT, ROBERT C","Republican Party","REP","Senate","S","Hawaii","HI","00","EWA BEACH","HI","96706","2022","12-JAN-22","2022","202201129474976760"
"H2IN05157","HALL, MATT","Democratic Party","DEM","House","H","Indiana","IN","05","FISHERS","IN","46037","2022","12-JAN-22","2022","202201129474968635"
"H2MO01203","DANIELS, MICHAEL","Democratic Party","DEM","House","H","Missouri","MO","01","CLAYTON","MO","63105","2022","11-JAN-22","2022","202201119474959716"
"H4NC02127","AIKEN, CLAYTON CLAY","Democratic Party","DEM","House","H","North Carolina","NC","06","DURHAM","NC","27709","2022","11-JAN-22","2022","202201119474953484"
"H2CA22223","ESTRADA, JOHN ANTHONY","Republican Party","REP","House","H","California","CA","22","FRESNO","CA","93703","2022","11-JAN-22","2022","202201119474959770"
"H2VA10232","HENLEY, JOHN ALLEN","Republican Party","REP","House","H","Virginia","VA","10","NOKESVILLE","VA","20181","2022","11-JAN-22","2022","202201119474960575"
"S2IL00242","HUDSON, LANETTE MS","Republican Party","REP","Senate","S","Illinois","IL","00","CHICAGO","IL","60604","2022","11-JAN-22","2022","202201119474960665"
"H2TX25319","COLLIER, SCOTT","Independent","IND","House","H","Texas","TX","25","AUSTIN","TX","78702","2022","11-JAN-22","2022","202201119474961327"
"H2FL07214","STURGILL, SCOTT","Republican Party","REP","House","H","Florida","FL","07","LAKE MONROE","FL","32747","2022","11-JAN-22","2022","202201119474961482"
"H2NJ03274","HENDLER, REUVEN","Democratic Party","DEM","House","H","New Jersey","NJ","03","BEACHWOOD","NJ","08722","2022","11-JAN-22","2022","202201119474961815"
"H2IL05217","MCGONIGAL, MALGORZATA","Republican Party","REP","House","H","Illinois","IL","05","BARRINGTON","IL","60010","2022","11-JAN-22","2022","202201119474962123"
"H2CA47204","WEBBER, ERROL","Republican Party","REP","House","H","California","CA","47","INGLEWOOD","CA","90301","2022","11-JAN-22","2022","202201119474953138"
"S2CT00280","NARWHAL, DEXTER","Independent","IND","Senate","S","Connecticut","CT","00","DARIEN","CT","06820","2022","11-JAN-22","2022","202201119474953144"
"H8CO07045","PETTERSEN, BRITTANY LOUISE MS.","Democratic Party","DEM","House","H","Colorado","CO","07","LAKEWOOD","CO","80215","2022","11-JAN-22","2022","202201119474953440"
"S2NY00499","PINION, JOSEPH III","Republican Party","REP","Senate","S","New York","NY","00","MCLEAN","VA","22101","2022","11-JAN-22","2022","202201119474954679"
"H2OH01194","LANDSMAN, GREG","Democratic Party","DEM","House","H","Ohio","OH","01","CINCINNATI","OH","45201","2022","11-JAN-22","2022","202201119474954834"
"H2CA03132","DELLE, PETER J. MR","Democratic Party","DEM","House","H","California","CA","03","RACKERBY","CA","95972","2022","11-JAN-22","2022","202201119474959185"
"S2CT00298","NARWHAL, DEXTER","Independent","IND","Senate","S","Connecticut","CT","00","DARIEN","CT","06820","2021","11-JAN-22","2022","202201119474959209"
"S2NH00231","SMITH, KEVIN H.","Republican Party","REP","Senate","S","New Hampshire","NH","00","LONDONDERRY","NH","03053","2022","11-JAN-22","2022","202201119474959769"
"S2PA00653","FUSCA, VINCENT EMAUELE MR","Republican Party","REP","Senate","S","Pennsylvania","PA","00","PITTSBURGH","PA","15235","2022","10-JAN-22","2022","202201109474948797"
"H0IL03125","O'SHEA, CATHERINE ANNE MS","Republican Party","REP","House","H","Illinois","IL","06","OAK LAWN","IL","60453","2022","10-JAN-22","2022","202201109474949486"
"H4WA09061","BASLER, DOUGLAS MICHAEL","Republican Party","REP","House","H","Washington","WA","09","KENT","WA","98031","2022","10-JAN-22","2022","202201109474952402"
"H2PA18259","PATEL, BHAVINI","Democratic Party","DEM","House","H","Pennsylvania","PA","18","PITTSBURGH","PA","15217","2022","10-JAN-22","2022","202201109474898215"
"H2OH09189","RIEDEL, CRAIG","Republican Party","REP","House","H","Ohio","OH","09","MAUMEE","OH","43537","2022","10-JAN-22","2022","202201109474898216"
"H2IL06132","KASPAR, SCOTT RICHARD","Republican Party","REP","House","H","Illinois","IL","06","ORLAND PARK","IL","604621095","2022","10-JAN-22","2022","202201109474898559"
"H2CA31166","DE LUCA, ROCCO","Democratic Party","DEM","House","H","California","CA","31","AZUSA","CA","91702","2022","10-JAN-22","2022","202201109474952858"
"H2KY02158","WATTS, LEE","Republican Party","REP","House","H","Kentucky","KY","02","LEXINGTON","KY","40517","2022","10-JAN-22","2022","202201109474908305"
"H2AZ09209","KUTZ, RANDY","Republican Party","REP","House","H","Arizona","AZ","09","WADDEL","AZ","85355","2022","10-JAN-22","2022","202201109474948245"
"H2MO07176","SNIDER, JUSTIN DALE","Republican Party","REP","House","H","Missouri","MO","07","REPUBLIC","MO","65738","2022","10-JAN-22","2022","202201109474948267"
"H2NJ05329","SCHNEIDERMAN, FRED","Republican Party","REP","House","H","New Jersey","NJ","05","CRESSKILL","NJ","07626","2022","10-JAN-22","2022","202201109474948779"
"H2FL03205","ROBINSON, ANDREW PRESTON MR.","Democratic Party","DEM","House","H","Florida","FL","03","GAINESVILLE","FL","32609","2022","10-JAN-22","2022","202201109474948786"
"H2OR01265","PHILLIPS, G. SCOTT","Democratic Party","DEM","House","H","Oregon","OR","01","BEAVERTON","OR","97005","2022","10-JAN-22","2022","202201109474907331"
"H2FL15142","VAZQUEZ, JOSUE","No Party Affiliation","NPA","House","H","Florida","FL","15","LAKELAND","FL","33813","2022","09-JAN-22","2022","202201099474897425"
"H2PA06171","VOGEL, RON","Republican Party","REP","House","H","Pennsylvania","PA","06","MALVERN","PA","19355","2022","09-JAN-22","2022","202201099474897629"
"H2WV02175","DWYER, ANGELA JOYCE","Democratic Party","DEM","House","H","West Virginia","WV","02","MARTINSBURG","WV","25403","2022","09-JAN-22","2022","202201099474897512"
"H2CA05103","ESTRADA, JOHN ANTHONY","Republican Party","REP","House","H","California","CA","05","FRESNO","CA","93703","2022","08-JAN-22","2022","202201089474896769"
"S2VT00268","NOLAN, CHRISTINA","Republican Party","REP","Senate","S","Vermont","VT","00","BURLINGTON","VT","05401","2022","07-JAN-22","2022","202201079474885968"
"H2IL01299","PAYNE, MICHAEL AARON MR","Democratic Party","DEM","House","H","Illinois","IL","01","CHICAGO","IL","60619","2022","07-JAN-22","2022","202201079474885977"
"H0TX35064","SHARON, JENNIFER","Republican Party","REP","House","H","Texas","TX","37","AUSTIN","TX","78734","2022","07-JAN-22","2022","202201079474886283"
"H2NJ06228","KILEY, SUSAN M","Republican Party","REP","House","H","New Jersey","NJ","06","HAZLET","NJ","07730","2022","07-JAN-22","2022","202201079474888184"
"H2NJ08240","OCAMPO GRAJALES, DAVID","Democratic Party","DEM","House","H","New Jersey","NJ","08","JERSEY CITY","NJ","07303","2022","07-JAN-22","2022","202201079474888209"
"H2AZ05173","SMITH, CLINT WILLIAM","Independent","IND","House","H","Arizona","AZ","05","MESA","AZ","85213","2022","07-JAN-22","2022","202201079474889918"
"H2KY05169","MONHOLLEN, BRANDON","Republican Party","REP","House","H","Kentucky","KY","05","LONDON","KY","40741","2022","07-JAN-22","2022","202201079474885274"
"S2NY00481","AHMED, MOHAMMAD MOKHTAR","Veterans Party","VET","Senate","S","New York","NY","00","NEW YORK","NY","10005","2022","07-JAN-22","2022","202201079474885572"
"H2NJ08232","MENENDEZ, ROBERT","Democratic Party","DEM","House","H","New Jersey","NJ","08","JERSEY CITY","NJ","07310","2022","07-JAN-22","2022","202201079474885317"
"H0MI13497","SAWYER, LINDA","Republican Party","REP","House","H","Michigan","MI","12","DETROIT","MI","48226","2022","07-JAN-22","2022","202201079474889364"
"H2AZ06296","FOSTER, WILLIAM","Independent","IND","House","H","Arizona","AZ","06","TUCSON","AZ","85705","2022","07-JAN-22","2022","202201079474888352"
"H2MI09152","NEEDHAM, JOEL PATRICK","Republican Party","REP","House","H","Michigan","MI","09","OXFORD","MI","48371","2022","06-JAN-22","2022","202201069474880334"
"H2KY04238","MCDOWELL, ALYSSA DARA","Republican Party","REP","House","H","Kentucky","KY","04","COVINGTON","KY","41011","2022","06-JAN-22","2022","202201069474880390"
"H2WA07119","GLUMAZ, PAUL","Republican Party","REP","House","H","Washington","WA","07","SEATTLE","WA","98165","2022","06-JAN-22","2022","202201069474880562"
"H2VA07261","VEGA, YESLI","Republican Party","REP","House","H","Virginia","VA","07","WOODBRIDGE","VA","22195","2022","06-JAN-22","2022","202201069474880596"
"H2IL01273","SPAULDING, STEPHANY ROSE","Democratic Party","DEM","House","H","Illinois","IL","01","CHICAGO","IL","60628","2022","06-JAN-22","2022","202201069474880615"
"H2IL01281","DOWELL, PATRICIA R","Democratic Party","DEM","House","H","Illinois","IL","01","CHICAGO","IL","60653","2022","06-JAN-22","2022","202201069474880621"
"S2AL00228","DUPRIEST, KARLA","Republican Party","REP","Senate","S","Alabama","AL","00","MOBILE","AL","36695","2022","06-JAN-22","2022","202201069474882862"
"H8FL26054","GRIMES, DEMETRIES ANDREW CDR USN RET","Republican Party","REP","House","H","Florida","FL","09","WINTER HAVEN","FL","33884","2022","06-JAN-22","2022","202201069474882870"
"H2CA51214","DE GANNA, BENJAMIN MR","Democratic Party","DEM","House","H","California","CA","51","SAN DIEGO","CA","92115","2022","06-JAN-22","2022","202201069474883695"
"H2CA12224","DEL CASTELLO, EVE","Republican Party","REP","House","H","California","CA","12","SAN FRANCISCO","CA","94110","2022","06-JAN-22","2022","202201069474884285"
"H2CA50224","TAITANO, KYLIE","Democratic Party","DEM","House","H","California","CA","50","SAN DIEGO","CA","92192","2022","06-JAN-22","2022","202201069474885160"
"H2WY01057","HARDISON, CASEY WILLIAM","Other","OTH","House","H","Wyoming","WY","00","JACKSON","WY","83001","2022","06-JAN-22","2022","202201069474885243"
"H2VA11222","OLMACK, JERAMY","Non-Party","NON","House","H","Virginia","VA","11","MANASSAS","VA","20111","2022","06-JAN-22","2022","202201069474885245"
"H2FL01266","MCPHILLIPS, WILLIAM J MR II","Republican Party","REP","House","H","Florida","FL","01","PENSACOLA","FL","32526","2022","06-JAN-22","2022","202201069474884905"
"H2VA07253","CIARCIA, GINA RENEE MRS.","Republican Party","REP","House","H","Virginia","VA","07","DUMFRIES","VA","22026","2022","06-JAN-22","2022","202201069474878316"
"H2TX30236","RODGERS, JAMES BYRON MR.","Republican Party","REP","House","H","Texas","TX","30","LANCASTER","TX","75146","2022","06-JAN-22","2022","202201069474878327"
"H2TX23165","LOPEZ, FRANCISCO JR","Independent","IND","House","H","Texas","TX","23","DEL RIO","TX","78842","2022","06-JAN-22","2022","202201069474878369"
"H2NY00085","MCCARTHY, ANDREW KYLE","Republican Party","REP","House","H","New York","NY","00","OLEAN","NY","14760","2022","06-JAN-22","2022","202201069474878457"
"H2NJ11210","FRISCIA, LARRY","Republican Party","REP","House","H","New Jersey","NJ","11","NEWARK","NJ","07105","2022","05-JAN-22","2022","202201059474875812"
"H2TX35201","LEDEZMA, ALEJANDRO","Republican Party","REP","House","H","Texas","TX","35","AUSTIN","TX","78767","2022","05-JAN-22","2022","202201059474875188"
"H2FL26081","SWANSON, RUTH ANN","Republican Party","REP","House","H","Florida","FL","26","MIAMI","FL","33186","2022","05-JAN-22","2022","202201059474875014"
"H2TX38064","MARTINEZ ALEXANDER, DIANA","Democratic Party","DEM","House","H","Texas","TX","38","HOUSTON","TX","77043","2022","05-JAN-22","2022","202201059474876806"
"H6TX29072","GARZA, JULIO","Republican Party","REP","House","H","Texas","TX","29","HOUSTON","TX","77008","2022","05-JAN-22","2022","202201059474876468"
"H2CO03328","CORAM, DON","Republican Party","REP","House","H","Colorado","CO","03","MONTROSE","CO","81401","2022","05-JAN-22","2022","202201059474876236"
"H0TX07220","REHMAN, LAIQUE","Republican Party","REP","House","H","Texas","TX","07","HOUSTON","TX","77056","2022","05-JAN-22","2022","202201310300395675"
"H2FL15134","RAYBON, JENNIFER SUSAN","Republican Party","REP","House","H","Florida","FL","15","CLERMONT","FL","34711","2022","05-JAN-22","2022","202201059474877075"
"H2NH02260","WILLIAMS, LILY TANG","Republican Party","REP","House","H","New Hampshire","NH","02","WEARE","NH","03281","2022","05-JAN-22","2022","202201059474877059"
"H2OH13256","WHEELER, GREGORY","Republican Party","REP","House","H","Ohio","OH","13","BARBERTON","OH","44203","2022","05-JAN-22","2022","202201059474874785"
"H2TN09216","DUDLEY, CHARLES BROWN IV","Republican Party","REP","House","H","Tennessee","TN","09","MEMPHIS","TN","38119","2022","04-JAN-22","2022","202201049474867940"
"H0CT04203","ELGIN, TJ","Republican Party","REP","House","H","Connecticut","CT","04","WESTPORT","CT","06880","2022","04-JAN-22","2022","202201049474866153"
"H2NV04128","BLACK, ANNIE","Republican Party","REP","House","H","Nevada","NV","04","MESQUITE","NV","89027","2022","04-JAN-22","2022","202201049474866183"
"H2AZ02402","DELUZIO, MARK","Republican Party","REP","House","H","Arizona","AZ","02","MARICOPA","AZ","85139","2022","04-JAN-22","2022","202201049474866232"
"H2IL06124","GRASSO, GARY","Republican Party","REP","House","H","Illinois","IL","06","BURR RIDGE","IL","60527","2022","04-JAN-22","2022","202201049474866414"
"H2CA49267","BARTLETT, LISA","Republican Party","REP","House","H","California","CA","49","DANA POINT","CA","92629","2022","04-JAN-22","2022","202201049474867431"
"H2IA04125","O'LEARY, RYAN","Other","OTH","House","H","Iowa","IA","04","AUBURN","IA","51433","2022","04-JAN-22","2022","202201049474866957"
"H2GA02171","ROBERTSON, RICHARD M","Republican Party","REP","House","H","Georgia","GA","02","BYRON","GA","31088","2022","04-JAN-22","2022","202201049474866958"
"H2CA26158","GOODMAN, DAVID","Independent","IND","House","H","California","CA","26","OXNARD","CA","93030","2022","04-JAN-22","2022","202201049474867009"
"H2VA10224","MAX, CALEB J MR","Republican Party","REP","House","H","Virginia","VA","10","LEESBURG","VA","20177","2022","04-JAN-22","2022","202201049474867398"
"H2VA02080","SMITH, NEIL","Democratic Party","DEM","House","H","Virginia","VA","02","VIRGINIA BEACH","VA","23456","2022","04-JAN-22","2022","202201049474866666"
"H2MO02219","BERRY, PAUL III","Republican Party","REP","House","H","Missouri","MO","02","MARYLAND HEIGHTS","MO","63043","2022","03-JAN-22","2022","202201039474862991"
"H2NJ07218","PETERSON, ERIK","Republican Party","REP","House","H","New Jersey","NJ","07","ANNANDALE","NJ","08801","2022","03-JAN-22","2022","202201039474863004"
"H2CA18163","HERNANDEZ, PETER","Republican Party","REP","House","H","California","CA","18","HOLLISTER","CA","95023","2022","03-JAN-22","2022","202201039474864257"
"H2NV04110","BONAVENTURA, CHANCE","Republican Party","REP","House","H","Nevada","NV","04","LAS VEGAS","NV","89129","2022","03-JAN-22","2022","202201039474864258"
"H2AZ06288","TOWNSEND, KELLY","Republican Party","REP","House","H","Arizona","AZ","06","GILBERT","AZ","85299","2022","03-JAN-22","2022","202201039474866041"
"S2WI00508","BENEDETTO, ADAM SIIK","Republican Party","REP","Senate","S","Wisconsin","WI","00","MADISON","WI","53705","2022","03-JAN-22","2022","202201039474866091"
"P20005716","TAEBEL, MITCH","Independent","IND","President","P","United States","00","00","LONG BEACH","IN","46360","2022","03-JAN-22","2022","202201039474862985"
"H2OR04129","MULHOLLAND, ZACHARY FLEMING","Democratic Party","DEM","House","H","Oregon","OR","04","EUGENE","OR","97402","2022","03-JAN-22","2022","202201039474862947"
"H2MT01110","JETTE, MATTHEW DR.","Republican Party","REP","House","H","Montana","MT","01","MISSOULA","MT","59801","2022","03-JAN-22","2022","202201039474862879"
"H2KY04220","ROTTINGHAUS, PATRICK JOSEPH","Democratic Party","DEM","House","H","Kentucky","KY","04","EDGEWOOD","KY","41018","2022","03-JAN-22","2022","202201039474862878"
"H2NY20133","FALLON-UNDERWOOD, JACK","Democratic Party","DEM","House","H","New York","NY","20","LATHAM","NY","12110","2022","03-JAN-22","2022","202201039474862871"
"H2TX05246","HILL, TARTISHA A MRS.","Democratic Party","DEM","House","H","Texas","TX","05","BALCH SPRINGS","TX","75180","2022","03-JAN-22","2022","202201039474862848"
"H2CO08103","ALLCORN, TYLER","Republican Party","REP","House","H","Colorado","CO","08","WESTMINSTER","CO","80260","2022","03-JAN-22","2022","202201039474862824"
"H2MN03120","BRAXILL, MARK","Republican Party","REP","House","H","Minnesota","MN","03","WAYZATA","MN","55391","2022","03-JAN-22","2022","202201039474862810"
"S2CO00274","MOORE, GREGORY JOHN DR.","Republican Party","REP","Senate","S","Colorado","CO","00","EVERGREEN","CO","80439","2022","03-JAN-22","2022","202201039474863403"
"H2WA03209","MAYNARD, CHRISTOPHER","Democratic Party","DEM","House","H","Washington","WA","03","WOODLAND","WA","98674","2022","03-JAN-22","2022","202201039474863398"
"H2NC06130","VALENTINE, STEPHEN JAMES","Democratic Party","DEM","House","H","North Carolina","NC","06","DURHAM","NC","27704","2022","03-JAN-22","2022","202201039474863392"
"H2TX01153","KOCEN, STEPHEN MARTIN","Democratic Party","DEM","House","H","Texas","TX","01","AUSTIN","TX","78717","2022","03-JAN-22","2022","202201039474863389"
"H2CA22215","MAHER, MICHAEL A","Republican Party","REP","House","H","California","CA","22","KINGSBURG","CA","93631","2022","03-JAN-22","2022","202201039474863337"
"H2TX27299","PEREZ, MACLOVIO MR JR","Democratic Party","DEM","House","H","Texas","TX","27","CORPUS CHRISTI","TX","78411","2022","03-JAN-22","2022","202201039474863332"
"H2MI13212","GRIFFIE, MICHAEL","Democratic Party","DEM","House","H","Michigan","MI","13","DETROIT","MI","48221","2022","03-JAN-22","2022","202201039474863292"
"H2CA51206","CAPLAN, STAN","Republican Party","REP","House","H","California","CA","51","RANCHO SANTA FE","CA","92067","2022","03-JAN-22","2022","202201039474863225"
"S2NC00661","WHITE, MARC MICHAEL","Unaffiliated","UN","Senate","S","North Carolina","NC","00","CARY","NC","27513","2022","03-JAN-22","2022","202201039474863156"
"H2NY03170","KAIMAN, JON","Democratic Party","DEM","House","H","New York","NY","03","GREAT NECK","NY","11023","2022","03-JAN-22","2022","202201039474863151"
"S2CA01169","RATLIFF, IRENE","None","NNE","Senate","S","California","CA","00","LOS ANGELES","CA","90044","2022","03-JAN-22","2022","202201039474863136"
"S2UT00385","WESTON, JOHN KAEL MR","Democratic Party","DEM","Senate","S","Utah","UT","00","SALT LAKE CITY","UT","84152","2022","03-JAN-22","2022","202201039474863498"
"H2PA16097","PASTORE, DANIEL","Democratic Party","DEM","House","H","Pennsylvania","PA","16","FAIRVIEW","PA","16415","2022","03-JAN-22","2022","202201039474863405"
"S2PA00646","EICHENBERG, JOHN ROBERT MR.","Republican Party","REP","Senate","S","Pennsylvania","PA","00","NEW CUMBERLAND","PA","17070","2022","03-JAN-22","2022","202201039474863414"
"H2NY14144","HERNANDEZ, MIGUEL MR.","Republican Party","REP","House","H","New York","NY","14","NEW YORK","NY","10028","2022","02-JAN-22","2022","202201029474862743"
"H2TX30228","LANKFORD, KEISHA DR.","Democratic Party","DEM","House","H","Texas","TX","30","CEDAR HILL","TX","75104","2022","02-JAN-22","2022","202201029474862512"
"H2VA06206","HALE, MERRITT","Republican Party","REP","House","H","Virginia","VA","06","CLEAR BROOK","VA","22624","2022","02-JAN-22","2022","202201029474862712"
"H2AR01113","HODGES, MONTE","Democratic Party","DEM","House","H","Arkansas","AR","01","BLYTHEVILLE","AR","72315","2022","02-JAN-22","2022","202201029474862412"
"H2NY23152","FRATTO, MARIO","Republican Party","REP","House","H","New York","NY","23","GENEVA","NY","14456","2022","01-JAN-22","2022","202201019474822421"
"H0GA07232","GONSALVES, MARK","Republican Party","REP","House","H","Georgia","GA","07","PEACHTREE CORNERS","GA","30010","2022","01-JAN-22","2022","202201019474822284"
"H2OH13249","GADDIS, CHARLIE","Republican Party","REP","House","H","Ohio","OH","13","MEDINA","OH","44256","2022","01-JAN-22","2022","202201019474834130"
"S2NH00223","LAPLANTE, EDMOND JOSEPH JR","RNC","RNC","Senate","S","New Hampshire","NH","00","RICHMOND","NH","03470","2022","01-JAN-22","2022","202201019474834162"
"H2MO04223","IRWIN, WILLIAM","Republican Party","REP","House","H","Missouri","MO","04","LEES SUMMIT","MO","64082","2022","01-JAN-22","2022","202201019474860926"
"H0TX34026","ZAVALA, DIEGO ALBERTO MR.","Democratic Party","DEM","House","H","Texas","TX","34","BROWNSVILLE","TX","78520","2022","01-JAN-22","2022","202201019474861275"
"S2NC00653","WARREN, JONATHAN II","Republican Party","REP","Senate","S","North Carolina","NC","00","INDIAN TRAIL","NC","28079","2022","01-JAN-22","2022","202201019474860921"
"S2IL00234","TILLMAN, JIMMY LEE II","Republican Party","REP","Senate","S","Illinois","IL","00","CHICAGO","IL","60619","2022","31-DEC-21","2021","202112319474751336"
"H2NY11165","AGODA-KOUSSEMA, KOMI L.T. DR.","Democratic Party","DEM","House","H","New York","NY","11","STATEN ISLAND","NY","10303","2022","31-DEC-21","2021","202112319474819981"
"H2MA06086","MAY, ROBERT","Republican Party","REP","House","H","Massachusetts","MA","06","PEABODY","MA","01960","2022","31-DEC-21","2021","202112319474774981"
"H2TX15211","JUAREZ, ANGELA","Republican Party","REP","House","H","Texas","TX","15","MARTINDALE","TX","78655","2022","30-DEC-21","2021","202112309474747919"
"H2IL17162","MCGOWAN, JAQUELINE MARIE","Democratic Party","DEM","House","H","Illinois","IL","17","ROCKFORD","IL","61107","2022","30-DEC-21","2021","202112309474749212"
"H0MI13505","BOMER, ARTICIA","Republican Party","REP","House","H","Michigan","MI","13","DETROIT","MI","48228","2022","30-DEC-21","2021","202112309474750442"
"S2NY00473","SZUSZKIEWICZ, MARK","Republican Party","REP","Senate","S","New York","NY","00","BROOKLYN","NY","11209","2022","30-DEC-21","2021","202112309474750669"
"H2NY11157","MATLAND, JOHN","Republican Party","REP","House","H","New York","NY","11","STATEN ISLAND","NY","10308","2022","30-DEC-21","2021","202112309474750617"
"H2CA22207","TARASEVIC, WILLIAM","Unaffiliated","UN","House","H","California","CA","22","SAN LUIS OBISPO","CA","93405","2022","30-DEC-21","2021","202112309474750657"
"H2IN01180","RUIZ, DAVID B MR","Republican Party","REP","House","H","Indiana","IN","01","EAST CHICAGO","IN","46312","2022","30-DEC-21","2021","202112309474750451"
"H2TX30210","GARCIA, ESTEBAN LORENZO","Republican Party","REP","House","H","Texas","TX","30","GRAND PRAIRIE","TX","75052","2022","29-DEC-21","2021","202112299474747766"
"H2GA08087","COPE, MICHELLE","Libertarian Party","LIB","House","H","Georgia","GA","08","MEIGS","GA","31765","2022","29-DEC-21","2021","202112299474747786"
"H2TX35193","SUNDT, JENNIFER","Republican Party","REP","House","H","Texas","TX","35","HOUSTON","TX","77024","2022","29-DEC-21","2021","202112299474742954"
"H2VA07246","MONTEFORTE, MICHAEL A. JR","Republican Party","REP","House","H","Virginia","VA","07","FREDERICKSBURG","VA","22407","2022","29-DEC-21","2021","202112299474743420"
"H2MI04260","ALFONSO, JOSEPH","Democratic Party","DEM","House","H","Michigan","MI","04","HOLLAND","MI","49423","2022","29-DEC-21","2021","202112299474743292"
"H0TX34018","RODRIGUEZ, OSBERT GAMALIEL","Democratic Party","DEM","House","H","Texas","TX","34","BROWNSVILLE","TX","78526","2022","29-DEC-21","2021","202112299474743365"
"H0ME01127","AMEDE, AARON","Democratic Party","DEM","House","H","Maine","ME","01","SACO","ME","04072","2022","29-DEC-21","2021","202112299474743274"
"H2NC07203","PARRISH, BERNARD KYLE","Democratic Party","DEM","House","H","North Carolina","NC","07","CARY","NC","27512","2022","28-DEC-21","2021","202112289474741382"
"H2GA05166","ZIMM, CHRISTIAN GERARD","Republican Party","REP","House","H","Georgia","GA","05","ATLANTA","GA","30305","2022","28-DEC-21","2021","202112289474741839"
"H2TX03316","IVANOVSKIS, JEREMY DANIEL","Republican Party","REP","House","H","Texas","TX","03","PLANO","TX","75074","2022","28-DEC-21","2021","202112289474741524"
"H2CO05216","WILLIAMS, DAVID","Republican Party","REP","House","H","Colorado","CO","05","COLORADO SPRINGS","CO","80922","2021","27-DEC-21","2021","202112279474738928"
"H2VA10216","REEVES, BRYCE","Republican Party","REP","House","H","Virginia","VA","10","MCLEAN","VA","22101","2022","27-DEC-21","2021","202112279474738971"
"S2NY00465","NASCIMBENE, LUCA","Write-In","W","Senate","S","New York","NY","00","NEW YORK","NY","10001","2022","27-DEC-21","2021","202112279474738972"
"H2CO07170","AADLAND, ERIK","Republican Party","REP","House","H","Colorado","CO","07","LITTLETON","CO","80163","2022","27-DEC-21","2021","202112279474739171"
"H2CA15128","BRANDT, DAVID MR","Independent","IND","House","H","California","CA","15","CASTRO VALLEY","CA","94546","2022","27-DEC-21","2021","202112279474739052"
"H2PR01014","BRUNO, ERIC M","Democratic Party","DEM","House","H","Puerto Rico","PR","00","LEVITTOWN","PA","19056","2022","27-DEC-21","2021","202112279474739097"
"H2PA08110","LANZARO-FISHER, JON","Democratic Party","DEM","House","H","Pennsylvania","PA","08","SCRANTON","PA","18509","2022","27-DEC-21","2021","202112279474739003"
"H2NJ04207","CRISPI, MICHAEL","Republican Party","REP","House","H","New Jersey","NJ","04","MIDDLETOWN","NJ","07748","2022","26-DEC-21","2021","202112269474738815"
"H2CA40084","RATHS, GREG","Republican Party","REP","House","H","California","CA","40","MISSION VIEJO","CA","92692","2022","25-DEC-21","2021","202112259474738679"
"H2CA13107","SIGALA, ANGELINA","Democratic Party","DEM","House","H","California","CA","13","MODESTO","CA","95354","2022","24-DEC-21","2021","202112249474731382"
"H2TX19072","LEWIS, NATHAN ALLEN","Independent","IND","House","H","Texas","TX","19","LUBBOCK","TX","79411","2022","24-DEC-21","2021","202112249474731603"
"H2CA28162","MARTINEZ, DANIEL JOSE BOCIC","Republican Party","REP","House","H","California","CA","28","UPLAND","CA","91784","2022","24-DEC-21","2021","202112249474731547"
"P20005690","HANNA, ALLAN JOHN SIR","American Independent Party","AIP","President","P","United States","00","00","HULL","MA","02045","2022","24-DEC-21","2021","202112249474731408"
"H2AL06175","PRIDMORE, JAY PATRICK","Republican Party","REP","House","H","Alabama","AL","06","DORA","AL","35062","2022","23-DEC-21","2021","202201100300392258"
"H2TX22191","THORNE, GREGORY JONATHAN","Republican Party","REP","House","H","Texas","TX","22","PEARLAND","TX","77584","2021","23-DEC-21","2021","202201100300392210"
"H2NY02149","CORRIGAN, CAIT","Republican Party","REP","House","H","New York","NY","02","BAYPORT","NY","11705","2022","23-DEC-21","2021","202112239474726641"
"H6CA48245","BAUGH, SCOTT","Republican Party","REP","House","H","California","CA","47","NEWPORT BEACH","CA","92660","2022","23-DEC-21","2021","202112239474728581"
"H2TX35185","ARAGONA, JENAI","Republican Party","REP","House","H","Texas","TX","35","AUSTIN","TX","78701","2022","23-DEC-21","2021","202112239474728032"
"H2CA42213","GARCIA, CRISTINA","Democratic Party","DEM","House","H","California","CA","42","BELL GARDENS","CA","902022534","2022","23-DEC-21","2021","202112239474731356"
"S2OK00178","GLENN, JO STANLEY MS","Democratic Party","DEM","Senate","S","Oklahoma","OK","00","TULSA","OK","74114","2022","23-DEC-21","2021","202112239474726710"
"H2TX66016","RINGNESS, JESSE","Democratic Party","DEM","House","H","Texas","TX","66","FRISCO","TX","75035","2022","22-DEC-21","2021","202112229474722446"
"H2NC07195","CAVALIER, CRYSTAL ANN","Democratic Party","DEM","House","H","North Carolina","NC","07","MEBANE","NC","27302","2022","22-DEC-21","2021","202112229474722453"
"H2TX04140","HARPER, JOHN EDWARD SR.","Republican Party","REP","House","H","Texas","TX","04","HEATH","TX","75032","2022","22-DEC-21","2021","202112229474722454"
"H2NC12252","GENTLE, TERRY D MR","Republican Party","REP","House","H","North Carolina","NC","12","STATESVILLE","NC","28625","2022","22-DEC-21","2021","202112229474722496"
"H2CA22199","HENG, ELIZABETH","Republican Party","REP","House","H","California","CA","22","FRESNO","CA","93755","2022","22-DEC-21","2021","202112229474725736"
"H2IN03202","SNYDER, GARY","Democratic Party","DEM","House","H","Indiana","IN","03","ROANOKE","IN","46783","2022","22-DEC-21","2021","202112229474725608"
"H2IL01265","GOODRUM, CASSANDRA ATTORNEY","Democratic Party","DEM","House","H","Illinois","IL","01","CHICAGO","IL","60649","2022","22-DEC-21","2021","202112229474725619"
"H2TX17100","ROSENBERGER, ROB","Republican Party","REP","House","H","Texas","TX","17","MAGNOLIA","TX","77354","2022","22-DEC-21","2021","202112229474725670"
"H2TX12119","RIEG, ALYSIA","Republican Party","REP","House","H","Texas","TX","12","FORT WORTH","TX","76102","2022","22-DEC-21","2021","202112229474722639"
"H2KY06209","PETTEYS, DEREK","Republican Party","REP","House","H","Kentucky","KY","06","LEXINGTON","KY","40505","2022","21-DEC-21","2021","202112219474721586"
"H2OH07209","SABATUCCI, DANTE","Republican Party","REP","House","H","Ohio","OH","07","NORTH CANTON","OH","44720","2022","21-DEC-21","2021","202112219474721679"
"H2OH07217","GORMAN, LYNN CAROL","Independent","IND","House","H","Ohio","OH","07","NORTH CANTON","OH","44720","2022","21-DEC-21","2021","202112219474722335"
"H2CA36470","BATTERSBY, MITCHELL A","Democratic Party","DEM","House","H","California","CA","36","PALM DESERT","CA","92260","2022","21-DEC-21","2021","202112219474721852"
"H2TX35177","PALAGI, ASA","Republican Party","REP","House","H","Texas","TX","35","AUSTIN","TX","78725","2022","21-DEC-21","2021","202112219474722293"
"H2MI13204","THANEDAR, SHRI","Democratic Party","DEM","House","H","Michigan","MI","13","DETROIT","MI","48203","2022","21-DEC-21","2021","202112219474721851"
"H2OR04111","SELKER, JOHN STEVEN DR.","Democratic Party","DEM","House","H","Oregon","OR","04","CORVALLIS","OR","97333","2022","20-DEC-21","2021","202112209474470667"
"H2KY04212","LEHMAN, MATTHEW","Democratic Party","DEM","House","H","Kentucky","KY","04","NEWPORT","KY","41072","2022","20-DEC-21","2021","202112209474572563"
"H0WI03118","NEUMANN, MARK ALLEN","Democratic Party","DEM","House","H","Wisconsin","WI","03","LA CROSSE","WI","54601","2022","20-DEC-21","2021","202112209474566333"
"H2MI13196","NEHME, HASSAN H","Republican Party","REP","House","H","Michigan","MI","13","DEARBORN HEIGHTS","MI","48127","2022","20-DEC-21","2021","202112209474548119"
"H2TX38056","KLUSSMANN, DUNCAN FOSTER","Democratic Party","DEM","House","H","Texas","TX","38","HOUSTON","TX","77008","2022","18-DEC-21","2021","202112189469915325"
"S2GA00274","OLIVER, CHASE R","Libertarian Party","LIB","Senate","S","Georgia","GA","00","ATLANTA","GA","30345","2022","18-DEC-21","2021","202112189469915184"
"H2TX27307","MELGOZA, VICTOR","Democratic Party","DEM","House","H","Texas","TX","27","CORPUS CHRISTI","TX","78413","2022","17-DEC-21","2021","202201100300392253"
"H2DC01045","WISE, CONNELL DR.","Democratic Party","DEM","House","H","District Of Columbia","DC","00","WASHINGTON","DC","20001","2022","17-DEC-21","2021","202112179469911457"
"H0NC02059","ELLMERS, RENEE","Republican Party","REP","House","H","North Carolina","NC","04","DUNN","NC","28335","2022","17-DEC-21","2021","202112179469902642"
"H2OH07191","IMPELLIZZERI, JOHN ANTHONY","Democratic Party","DEM","House","H","Ohio","OH","07","MUNROE FALLS","OH","44262","2022","17-DEC-21","2021","202112179469893122"
"H2GA01272","MUNROE, MICHELLE","Democratic Party","DEM","House","H","Georgia","GA","01","RICHMOND HILL","GA","31324","2022","17-DEC-21","2021","202112179469892919"
"H2CA47188","GARCIA, ROBERT","Democratic Party","DEM","House","H","California","CA","47","LONG BEACH","CA","90814","2022","17-DEC-21","2021","202112179469880689"
"H2KS03166","MCCAUGHREAN, JOHN ALEXANDER","Republican Party","REP","House","H","Kansas","KS","03","KANSAS CITY","KS","66109","2022","17-DEC-21","2021","202112179469892675"
"H2TX01146","JEFFERSON, JRMAR","Democratic Party","DEM","House","H","Texas","TX","01","TEXARKANA","TX","75501","2022","17-DEC-21","2021","202112179469892822"
"H2VA03088","RIVERA, LUIS ENRIQUE","Democratic Party","DEM","House","H","Virginia","VA","03","NEWPORT NEWS","VA","23606","2022","17-DEC-21","2021","202112179469910052"
"S2UT00377","HAMBLIN, LAIRD FETZER","Republican Party","REP","Senate","S","Utah","UT","00","SALT LAKE CITY","UT","84103","2022","16-DEC-21","2021","202112169469878367"
"H2FL07206","MCGOVERN, KEVIN JOHN","Republican Party","REP","House","H","Florida","FL","07","CELEBRATION","FL","34747","2022","16-DEC-21","2021","202112169469866543"
"S2SC00137","ADAMS, LARRY JR","Independent","IND","Senate","S","South Carolina","SC","00","ST. GEORGE","SC","29477","2022","16-DEC-21","2021","202112169469867845"
"H2TX38049","REED, CENTRELL MS.","Democratic Party","DEM","House","H","Texas","TX","38","HOUSTON","TX","77002","2022","16-DEC-21","2021","202112169469875798"
"H2NC02311","ROBERSON, CHARLES BRENT","Republican Party","REP","House","H","North Carolina","NC","02","WILLIAMSTON","NC","27892","2022","16-DEC-21","2021","202112169469873185"
"H2IL08161","KOPSAFTIS, PETER","Republican Party","REP","House","H","Illinois","IL","08","S. BARRINGTON","IL","60010","2022","16-DEC-21","2021","202112169469875049"
"H2TX08307","WELLINGTON, JESSICA","Republican Party","REP","House","H","Texas","TX","08","PORTER","TX","77365","2022","16-DEC-21","2021","202112169469875653"
"H2TX17092","NELSON, JASON JEREMY 8054031133","Republican Party","REP","House","H","Texas","TX","17","CHINA SPRING","TX","76633","2022","16-DEC-21","2021","202112169469872635"
"H2CA22181","MAGSIG, NATHAN","Republican Party","REP","House","H","California","CA","22","FRESNO","CA","93704","2022","15-DEC-21","2021","202112159469864987"
"H2KY06191","ETTER, SCOTT","Democratic Party","DEM","House","H","Kentucky","KY","06","LEXINGTON","KY","40517","2022","15-DEC-21","2021","202112159469865673"
"H2WV01136","FULLER, SCOTT ALLEN MR","Republican Party","REP","House","H","West Virginia","WV","01","KENOVA","WV","25530","2022","15-DEC-21","2021","202112159469862868"
"H2CA45182","HANCOCK, ADAM MATTHEW","Republican Party","REP","House","H","California","CA","45","TUSTIN","CA","92780","2022","15-DEC-21","2021","202112159469866152"
"H2LA05126","LETLOW, JULIA","Republican Party","REP","House","H","Louisiana","LA","05","OAK RIDGE","LA","712643033","2022","15-DEC-21","2021","202112159469865926"
"H2CA45190","HANCOCK, ADAM M","Republican Party","REP","House","H","California","CA","45","TUSTIN","CA","92780","2022","15-DEC-21","2021","202112159469866151"
"H2OR06082","HYLLAND, BRIAN GENE JR","Democratic Party","DEM","House","H","Oregon","OR","06","SALEM","OR","97305","2022","15-DEC-21","2021","202112159469864263"
"H2TX22183","JORDAN, JAMIE KAYE MS.","Democratic Party","DEM","House","H","Texas","TX","22","SUGAR LAND","TX","77478","2022","14-DEC-21","2021","202112149469858047"
"H2NC04192","COWDEN, ANTHONY 'TONY'","Republican Party","REP","House","H","North Carolina","NC","04","HARRELLS","NC","28444","2022","14-DEC-21","2021","202112149469858862"
"H2OR04103","KALLOCH, ANDREW","Democratic Party","DEM","House","H","Oregon","OR","04","EUGENE","OR","97403","2022","14-DEC-21","2021","202112149469859857"
"H2MI08188","NEEDHAM, JOEL MR","Republican Party","REP","House","H","Michigan","MI","08","OXFORD","MI","48371","2022","14-DEC-21","2021","202112149469844151"
"H2GA02163","JOHNSON, ARTHUR WAYNE","Republican Party","REP","House","H","Georgia","GA","02","MACON","GA","31208","2022","14-DEC-21","2021","202112149469854612"
"H2TX38023","RAMSEY, MARK","Republican Party","REP","House","H","Texas","TX","38","SPRING","TX","77389","2022","14-DEC-21","2021","202112149469857277"
"H2NC14068","MCKIM, KEN","Republican Party","REP","House","H","North Carolina","NC","14","HIGHLANDS","NC","28741","2022","14-DEC-21","2021","202112149469860127"
"H2FL10309","BOONE, JEFFREY MR.","Democratic Party","DEM","House","H","Florida","FL","10","ORLANDO","FL","32837","2022","14-DEC-21","2021","202112149469860515"
"H2NC04200","DAUGHTRY, KELLY","Republican Party","REP","House","H","North Carolina","NC","04","SMITHFIELD","NC","27577","2022","14-DEC-21","2021","202112149469860520"
"S2VT00250","SULLIVAN, THOMAS","Republican Party","REP","Senate","S","Vermont","VT","00","WOODSTOCK","VT","05091","2022","14-DEC-21","2021","202112149469860522"
"H2VA07212","ADKINS, GARY GENE","Republican Party","REP","House","H","Virginia","VA","07","FREDERICKSBURG","VA","22405","2022","14-DEC-21","2021","202112149469857184"
"H2TX27281","LOUDERBACK, ANDREW JOHN","Republican Party","REP","House","H","Texas","TX","27","EDNA","TX","77957","2022","14-DEC-21","2021","202112149469854679"
"H2TX30202","WALKER, DEBORAH","Independent","IND","House","H","Texas","TX","30","OVILLA","TX","75154","2021","13-DEC-21","2021","202112139469832135"
"H2WA03191","KRAFT, VICKI CALDWELL","Republican Party","REP","House","H","Washington","WA","03","VANCOUVER","WA","98686","2022","13-DEC-21","2021","202112139469834585"
"H0NY05088","LAL, AMIT","Republican Party","REP","House","H","New York","NY","05","JAMAICA","NY","11430","2022","13-DEC-21","2021","202112139469834589"
"H2NY03162","LAFAZAN, JOSHUA","Democratic Party","DEM","House","H","New York","NY","03","WOODBURY","NY","11797","2022","13-DEC-21","2021","202112139469834599"
"H2TX02417","LANGELLA, LEWIS MILAM","Republican Party","REP","House","H","Texas","TX","02","SPRING","TX","77386","2022","13-DEC-21","2021","202112139469840429"
"H2TX28149","GARCIA, CASSANDRA","Republican Party","REP","House","H","Texas","TX","28","LAREDO","TX","78045","2022","13-DEC-21","2021","202112139469840706"
"H2TX07101","MONTGOMERY, ERIN MEREDITH","Republican Party","REP","House","H","Texas","TX","07","HOUSTON","TX","77042","2022","13-DEC-21","2021","202112139469840707"
"H2TX29121","EJIGU, LULITE","Republican Party","REP","House","H","Texas","TX","29","HOUSTON","TX","77023","2022","13-DEC-21","2021","202112139469841416"
"H8WA08064","GREENE, CLIFFORD MARK","Republican Party","REP","House","H","Washington","WA","09","FEDERAL WAY","WA","98093","2022","13-DEC-21","2021","202112139469841724"
"H2NC02303","SHARMA, SIDDHANTH","Republican Party","REP","House","H","North Carolina","NC","02","RALEIGH","NC","27613","2022","13-DEC-21","2021","202112139469841725"
"H2TX37074","DIACOGIANNIS, JEREMIAH DAVID","Republican Party","REP","House","H","Texas","TX","37","AUSTIN","TX","78738","2022","13-DEC-21","2021","202112139469843573"
"H2TX38015","COVARRUBIAS, PHIL","Republican Party","REP","House","H","Texas","TX","38","SEABROOK","TX","77586","2022","13-DEC-21","2021","202112139469843574"
"H0IL10369","WANG, ANDREW","Democratic Party","DEM","House","H","Illinois","IL","10","WINNETKA","IL","60093","2022","13-DEC-21","2021","202112139469843612"
"H2VT01076","BALINT, REBECCA BECCA","Democratic Party","DEM","House","H","Vermont","VT","00","BRATTLEBORO","VT","05302","2022","12-DEC-21","2021","202112129469832116"
"H2TX15203","VALLEJO, MICHELLE","Democratic Party","DEM","House","H","Texas","TX","15","MISSION","TX","78573","2022","12-DEC-21","2021","202112129469832134"
"H2TX15195","VILLARREAL RIGNEY, JOHN","Democratic Party","DEM","House","H","Texas","TX","15","MCALLEN","TX","78504","2022","12-DEC-21","2021","202112129469832121"
"S2MN00324","O'NEILL, JACK COLONEL","Libertarian Party","LIB","Senate","S","Minnesota","MN","00","BRAINERD","MN","56401","2022","11-DEC-21","2021","202112119469831941"
"H2TX23157","GOLDEN, PRISCILLA","Democratic Party","DEM","House","H","Texas","TX","23","ALPINE","TX","79830","2022","11-DEC-21","2021","202112119469831991"
"H2MD08191","ODULATE, ANDALIB MIMOKUNMI THOMAS","Democratic Party","DEM","House","H","Maryland","MD","08","ELLICOTT CITY","MD","21043","2022","11-DEC-21","2021","202112119469831975"
"S2NH00215","LAMARE, DENNIS R","Republican Party","REP","Senate","S","New Hampshire","NH","00","LEE","NH","03861","2022","10-DEC-21","2021","202112109469828868"
"H2TX28131","HOHMAN, ERIC","Republican Party","REP","House","H","Texas","TX","28","SAN ANTONIO","TX","78216","2022","10-DEC-21","2021","202112109469830401"
"S2IN00232","PIPER, JOHN","Republican Party","REP","Senate","S","Indiana","IN","00","CAMBY","IN","46113","2022","10-DEC-21","2021","202112109469830298"
"H2OH05062","SWARTZ, CRAIG STEPHEN","Democratic Party","DEM","House","H","Ohio","OH","05","UPPER SANDUSKY","OH","43351","2022","10-DEC-21","2021","202112109469829265"
"H2NJ11202","RIZZO, PHIL","Republican Party","REP","House","H","New Jersey","NJ","11","NEW VERNON","NJ","07976","2022","09-DEC-21","2021","202112099469821280"
"H2IL01257","DAVILO, MITCHEL","Other","OTH","House","H","Illinois","IL","01","CHICAGO","IL","60655","2022","09-DEC-21","2021","202112099469827232"
"H2MA03158","TOZIER-ROBBINS, MIRANDA L.","Democratic Party","DEM","House","H","Massachusetts","MA","03","FITCHBURG","MA","01420","2022","09-DEC-21","2021","202112099469827311"
"H2NY08179","MANNIX, BRIAN MATTHEW","Independent","IND","House","H","New York","NY","08","BROOKLYN","NY","11216","2022","09-DEC-21","2021","202112099469827700"
"H0NY26068","EGRIU, EMIN","Democratic Party","DEM","House","H","New York","NY","26","BUFFALO","NY","14209","2022","09-DEC-21","2021","202112099469825697"
"H2WA01245","SPEARS, THOMAS WYLIE","Independent","IND","House","H","Washington","WA","01","SNOHOMISH","WA","98296","2022","09-DEC-21","2021","202112099469828803"
"H2CA10236","FENG, KARENA APPLE MS.","Democratic Party","DEM","House","H","California","CA","10","SAN FRANCISCO","CA","94112","2022","09-DEC-21","2021","202112099469828812"
"H2TX01138","DASS, GAVIN","Democratic Party","DEM","House","H","Texas","TX","01","TYLER","TX","75709","2022","09-DEC-21","2021","202112099469821273"
"H2PA18234","WOODARD, JEFF","Democratic Party","DEM","House","H","Pennsylvania","PA","18","PITTSBURGH","PA","15213","2022","09-DEC-21","2021","202112099469821274"
"H2GA04201","CHAVEZ, JONATHAN","Republican Party","REP","House","H","Georgia","GA","04","CONYERS","GA","30012","2022","09-DEC-21","2021","202112099469828666"
"H2TX30186","GOODWIN, KELVIN MR","Republican Party","REP","House","H","Texas","TX","30","DALLAS","TX","75208","2022","08-DEC-21","2021","202112089469818907"
"S2WI00490","DOTY, JUSTIN DANIEL","Republican Party","REP","Senate","S","Wisconsin","WI","00","MILWAUKEE","WI","53221","2022","08-DEC-21","2021","202112089469818997"
"H2NC13235","GENANT, PAMELA","Democratic Party","DEM","House","H","North Carolina","NC","13","VALDESE","NC","28690","2022","08-DEC-21","2021","202112089469819819"
"H2TX21201","TREVNO, ROSALINDA NUNO","Democratic Party","DEM","House","H","Texas","TX","21","AUSTIN","TX","78758","2022","08-DEC-21","2021","202112089469814092"
"H2CA18155","OHTAKI, PETER","Republican Party","REP","House","H","California","CA","18","MENLO PARK","CA","94025","2022","08-DEC-21","2021","202112089469814093"
"H2FL07198","LE, TUAN A","Republican Party","REP","House","H","Florida","FL","07","TITUSVILLE","FL","32780","2022","08-DEC-21","2021","202112089469821259"
"H2OH13231","HAWKINS, SHAY","Republican Party","REP","House","H","Ohio","OH","13","BROADVIEW HEIGHTS","OH","44147","2022","08-DEC-21","2021","202112089469818601"
"H0FL01146","MERK, GREGORY CHARLES CHARLES","Republican Party","REP","House","H","Florida","FL","01","PENSACOLA","FL","32514","2022","08-DEC-21","2021","202112089469818618"
"H2TX04132","THOMAS, DANIEL M.","Republican Party","REP","House","H","Texas","TX","04","POTTSBORO","TX","75076","2022","08-DEC-21","2021","202112089469818619"
"H2TX30194","JEFFERSOM, KINYA J","Republican Party","REP","House","H","Texas","TX","30","ROWLETT","TX","75089","2021","08-DEC-21","2021","202112089469820992"
"H2TX30178","CROCKETT, JASMINE","Democratic Party","DEM","House","H","Texas","TX","30","DALLAS","TX","75222","2022","08-DEC-21","2021","202112089469814615"
"H2CA02225","HAMPSON, BETH","Democratic Party","DEM","House","H","California","CA","02","ROHNERT PARK","CA","94928","2022","07-DEC-21","2021","202112079469808945"
"H2NJ06210","MELE, GREGG","Republican Party","REP","House","H","New Jersey","NJ","06","BRIDGEWATER","NJ","08807","2022","07-DEC-21","2021","202112079469808946"
"H2TX01120","MCDANIEL, JOSEPH STEWART II","Republican Party","REP","House","H","Texas","TX","01","TYLER","TX","75711","2022","07-DEC-21","2021","202112079469811743"
"H2CA22173","BORGEAS, ANDREAS A","Republican Party","REP","House","H","California","CA","22","FRESNO","CA","93704","2022","07-DEC-21","2021","202112079469814047"
"H2CO08095","KULMANN, JANIFER SUZANNE","Republican Party","REP","House","H","Colorado","CO","08","THORNTON","CO","80233","2022","07-DEC-21","2021","202112079469811911"
"H2GA07147","MCLEOD, DONNA THERESA MS.","Democratic Party","DEM","House","H","Georgia","GA","07","LAWRENCEVILLE","GA","30045","2022","07-DEC-21","2021","202112079469812499"
"H2GA13087","BAKER, MARK","Democratic Party","DEM","House","H","Georgia","GA","13","UNION CITY","GA","30291","2022","07-DEC-21","2021","202112079469813216"
"H2IL03162","RAMIREZ, DELIA","Democratic Party","DEM","House","H","Illinois","IL","03","CHICAGO","IL","60647","2022","07-DEC-21","2021","202112079469811762"
"H2TX30160","DIXON, ARTHUR","Democratic Party","DEM","House","H","Texas","TX","30","DALLAS","TX","75228","2022","06-DEC-21","2021","202112069469802710"
"H2NY11140","ROSE, MAX","Democratic Party","DEM","House","H","New York","NY","11","STATEN ISLAND","NY","10310","2022","06-DEC-21","2021","202112069469799089"
"H2MA03141","TRAN, DEAN","Republican Party","REP","House","H","Massachusetts","MA","03","FITCHBURG","MA","01420","2022","06-DEC-21","2021","202112069469799125"
"H2FL12107","PRESKITT, SID","Republican Party","REP","House","H","Florida","FL","12","HUDSON","FL","34667","2022","06-DEC-21","2021","202112069469798949"
"H2TX34204","MEZA, FILEMON","Democratic Party","DEM","House","H","Texas","TX","34","EDINBURG","TX","78541","2022","06-DEC-21","2021","202112069469802319"
"H2GA02155","WEST, CHRISTOPHER CHRIS","Republican Party","REP","House","H","Georgia","GA","02","THOMASVILLE","GA","31792","2022","06-DEC-21","2021","202112069469798905"
"H2FL12115","SKINNER, JEANNETTE RENEE","Republican Party","REP","House","H","Florida","FL","12","TAMPA","FL","33647","2022","06-DEC-21","2021","202112069469800573"
"H2VT01068","GRAY, MOLLY","Democratic Party","DEM","House","H","Vermont","VT","00","BURLINGTON","VT","05401","2022","05-DEC-21","2021","202112059469798903"
"H2MO06236","SHULTZ, DAKOTA","Republican Party","REP","House","H","Missouri","MO","06","GREENTOP","MO","63546","2022","04-DEC-21","2021","202112049469798734"
"H2NY02131","RAKEBRANDT, MICHAEL","Republican Party","REP","House","H","New York","NY","02","HOLBROOK","NY","11741","2022","04-DEC-21","2021","202112049469798798"
"H2VA04136","DICKINSON, MICHAEL","Republican Party","REP","House","H","Virginia","VA","04","RICHMOND","VA","23221","2022","04-DEC-21","2021","202112049469798745"
"H2TX26218","BRAZEAL, BRIAN JAMES","Republican Party","REP","House","H","Texas","TX","26","BARTONVILLE","TX","76226","2022","04-DEC-21","2021","202112049469798743"
"S2AZ00398","STREETER, JAMES DOUGLAS","Republican Party","REP","Senate","S","Arizona","AZ","00","QUEEN CREEK","AZ","85142","2022","03-DEC-21","2021","202112039469797036"
"H2NY03154","RASOOL, REEMA","Democratic Party","DEM","House","H","New York","NY","03","BROOKVILLE","NY","11545","2022","03-DEC-21","2021","202112039469797495"
"H2TX03308","WILLIAMS, RICKEY","Republican Party","REP","House","H","Texas","TX","03","MCKINNEY","TX","75070","2022","03-DEC-21","2021","202112039469797729"
"H2NC02295","MURPHY, BRAD ALLEN","Republican Party","REP","House","H","North Carolina","NC","02","MACON","NC","27551","2022","03-DEC-21","2021","202112039469797743"
"H2NC13227","ANERALLA, JOHN","Republican Party","REP","House","H","North Carolina","NC","13","HUNTERSVILLE","NC","28078","2022","03-DEC-21","2021","202112039469798460"
"H2AR02111","POSTON, DAVID P","Republican Party","REP","House","H","Arkansas","AR","02","VILONIA","AR","72173","2022","03-DEC-21","2021","202112039469797838"
"H2TX35169","VIAGRAN, REBECCA J","Democratic Party","DEM","House","H","Texas","TX","35","SAN ANTONIO","TX","78283","2022","03-DEC-21","2021","202112039469797849"
"H2TX32166","SWAD, ANTONIO","Republican Party","REP","House","H","Texas","TX","32","DALLAS","TX","75238","2022","03-DEC-21","2021","202112039469797900"
"H2FL14277","JUDGE, JAMES MR","Republican Party","REP","House","H","Florida","FL","14","WESLEY CHAPEL","FL","33544","2022","03-DEC-21","2021","202112039469797805"
"H2NC01230","SWARTZ, JOSEPH","Democratic Party","DEM","House","H","North Carolina","NC","01","SWANSBORO","NC","28584","2022","02-DEC-21","2021","202112029469540153"
"H0PA12207","ELIZABETH, TERWILLIGER","Libertarian Party","LIB","House","H","Pennsylvania","PA","12","WARREN CENTER","PA","18851","2022","02-DEC-21","2021","202112029469540158"
"H2NC04184","ROBERTSON, NAT","Republican Party","REP","House","H","North Carolina","NC","04","FAYETTEVILLE","NC","28305","2022","02-DEC-21","2021","202112029469540186"
"H2NC14050","EDWARDS, CHUCK","Republican Party","REP","House","H","North Carolina","NC","14","HENDERSONVILLE","NC","28792","2022","02-DEC-21","2021","202112029469540202"
"H2OR04095","HOYLE, VALERIE","Democratic Party","DEM","House","H","Oregon","OR","04","SPRINGFIELD","OR","97477","2022","02-DEC-21","2021","202112029469564629"
"S2NC00646","SHARMA, SIDDHANTH","Republican Party","REP","Senate","S","North Carolina","NC","00","RALEIGH","NC","27613","2022","02-DEC-21","2021","202112029469796940"
"H2OH07183","HARMAN, MATTHEW S","Democratic Party","DEM","House","H","Ohio","OH","07","CANTON","OH","44709","2022","02-DEC-21","2021","202112029469568544"
"H2IL11140","SEPPELFRICK, DEAN ALLEN","Republican Party","REP","House","H","Illinois","IL","11","AURORA","IL","60506","2022","02-DEC-21","2021","202112030300391301"
"H2TX11103","BORDERE, SHAUNE PIERRE MS.","Democratic Party","DEM","House","H","Texas","TX","11","CYPRESS","TX","77429","2022","02-DEC-21","2021","202112029469781880"
"S2NC00638","SHARMA, SIDDHANTH","Republican Party","REP","Senate","S","North Carolina","NC","00","RALEIGH","NC","27613","2022","02-DEC-21","2021","202112029469796939"
"H2TX15187","CANADY, SARA LARUE NEWNAM","Republican Party","REP","House","H","Texas","TX","15","FLORESVILLE","TX","78114","2022","02-DEC-21","2021","202112029469564647"
"H2TX01112","MORAN, NATHANIEL QUENTIN","Republican Party","REP","House","H","Texas","TX","01","TYLER","TX","75711","2022","01-DEC-21","2021","202112019469539905"
"H2PA03145","COGBILL, MICHAEL","Democratic Party","DEM","House","H","Pennsylvania","PA","03","PHILADELPHIA","PA","19144","2022","01-DEC-21","2021","202112019469538636"
"H2NC02287","DAVIS, DON","Democratic Party","DEM","House","H","North Carolina","NC","02","SNOW HILL","NC","28580","2022","01-DEC-21","2021","202112019469538635"
"H2CA37304","KAMLAGER, SYDNEY","Democratic Party","DEM","House","H","California","CA","37","LOS ANGELES","CA","90017","2022","01-DEC-21","2021","202112019469540065"
"H2NC03111","MIDGETTE, YUSHONDA EILEEN","Democratic Party","DEM","House","H","North Carolina","NC","03","WILMINGTON","NC","28406","2022","30-NOV-21","2021","202111309469537496"
"H2MD05544","BELSON, SARAH SARAH ELAINE","Democratic Party","DEM","House","H","Maryland","MD","05","WALDORF","MD","20602","2022","30-NOV-21","2021","202111309469537498"
"H2TX32158","OKPA, EJIKE","Republican Party","REP","House","H","Texas","TX","32","DALLAS","TX","75254","2022","30-NOV-21","2021","202111309469537515"
"H2UT01268","BADGER, ANDREW","Republican Party","REP","House","H","Utah","UT","01","ROY","UT","84067","2022","30-NOV-21","2021","202111309469537516"
"H2CO04128","WINDHOLZ, DONNA","Independent","IND","House","H","Colorado","CO","04","LOVELAND","CO","80538","2022","30-NOV-21","2021","202111309469537548"
"H2AR02103","REYNOLDS, CONRAD E","Republican Party","REP","House","H","Arkansas","AR","02","CONWAY","AR","72034","2022","30-NOV-21","2021","202111309469538633"
"H2NC02261","STRICKLAND, BILLY JOEL II","Republican Party","REP","House","H","North Carolina","NC","02","GOLDSBORO","NC","27530","2022","30-NOV-21","2021","202111309469538099"
"H2NC02279","AHRENS, RICHARD JAMES JR.","Republican Party","REP","House","H","North Carolina","NC","02","MORRISVILLE","NC","27560","2022","30-NOV-21","2021","202111309469538293"
"H2AL05193","DONNELL, DEXTER","Republican Party","REP","House","H","Alabama","AL","05","MADISON","AL","35758","2022","30-NOV-21","2021","202111309469538302"
"H2TX15179","MELENDEZ, IVAN DR.","Democratic Party","DEM","House","H","Texas","TX","15","MCALLEN","TX","78502","2022","30-NOV-21","2021","202111309469538551"
"S2PA00638","OZ, MEHMET DR.","Republican Party","REP","Senate","S","Pennsylvania","PA","00","HUNTINGDON VALLEY","PA","19006","2022","30-NOV-21","2021","202111309469538074"
"H2IN09233","NTI ASARE, ISAK","Democratic Party","DEM","House","H","Indiana","IN","09","BLOOMINGTON","IN","47407","2022","29-NOV-21","2021","202111299469537474"
"H0NC11217","BURRIL, MATTHEW","Republican Party","REP","House","H","North Carolina","NC","14","FLETCHER","NC","28732","2022","29-NOV-21","2021","202111299469525576"
"H2DC01037","FLYUNT, MIKHAIL PETER MR.","Republican Party","REP","House","H","District Of Columbia","DC","00","ARLINGTON","WA","98223","2022","29-NOV-21","2021","202111299469525294"
"H2NC07187","SLOTTA, CHAD","Republican Party","REP","House","H","North Carolina","NC","07","HOLLY SPRINGS","NC","27540","2022","29-NOV-21","2021","202111299469525796"
"H2IL17154","MORRIS, SPENCE EDMUND III","Democratic Party","DEM","House","H","Illinois","IL","17","PEORIA","IL","61605","2022","29-NOV-21","2021","202111299469525808"
"H2NC02253","ROBERSON, SANDY","Republican Party","REP","House","H","North Carolina","NC","02","ROCKY MOUNT","NC","27804","2022","29-NOV-21","2021","202111299469526173"
"H2WA08208","DUNN, REAGAN B","Republican Party","REP","House","H","Washington","WA","08","COVINGTON","WA","98042","2022","29-NOV-21","2021","202111299469525848"
"H2OH09171","GAVARONE, THERESA","Republican Party","REP","House","H","Ohio","OH","09","HURON","OH","44839","2022","29-NOV-21","2021","202111299469525864"
"H0IL10393","SEVERINO, JOSEPH","Republican Party","REP","House","H","Illinois","IL","10","LAKE FOREST","IL","60045","2022","29-NOV-21","2021","202111299469525873"
"H2WI07099","KELLOGG, GEORGE","Federalist","FED","House","H","Wisconsin","WI","07","WAUSAU","WI","54401","2022","29-NOV-21","2021","202111299469526057"
"S2SC00129","O'GRADY, CASEY SIMS","Republican Party","REP","Senate","S","South Carolina","SC","00","CHARLESTON","SC","29403","2022","29-NOV-21","2021","202111299469526159"
"H2OH13223","KILBOY, MATTHEW","Democratic Party","DEM","House","H","Ohio","OH","13","DEERFIELD","OH","44411","2022","29-NOV-21","2021","202111299469525847"
"H2LA03097","SHAHEEN, JACOB LEWIS","Republican Party","REP","House","H","Louisiana","LA","03","LAKE CHARLES","LA","70607","2022","28-NOV-21","2021","202111289469525282"
"H2TX20096","SINCLAIR, KYLE E MR","Republican Party","REP","House","H","Texas","TX","20","SAN ANTONIO","TX","78253","2022","28-NOV-21","2021","202111289469525293"
"H2CA45174","RICHTER, JENNIFER MS.","Republican Party","REP","House","H","California","CA","45","RANCHO SANTA MARGARITA","CA","92688","2022","28-NOV-21","2021","202111289469525284"
"H2MN06214","HENDRICKS, JEANNE","Democratic-Farmer-Labor","DFL","House","H","Minnesota","MN","06","MINNEAPOLIS","MN","55426","2022","28-NOV-21","2021","202111289469525283"
"H0NC06241","HAYWOOD, JOSEPH LEE","Republican Party","REP","House","H","North Carolina","NC","07","SUMMERFIELD","NC","27358","2022","26-NOV-21","2021","202111269469524903"
"S2OH00501","TAYLOR, CHAD A","Unaffiliated","UN","Senate","S","Ohio","OH","00","GAHANNA","OH","43230","2022","26-NOV-21","2021","202111269469524955"
"H2CA34079","KIM, DAVID YUNG HO","Democratic Party","DEM","House","H","California","CA","34","LOS ANGELES","CA","90017","2022","26-NOV-21","2021","202111269469524949"
"H2NY01174","FIGLIOLA, ANTHONY M","Republican Party","REP","House","H","New York","NY","01","EAST SETAUKET","NY","11733","2022","25-NOV-21","2021","202111259469524683"
"S2CT00272","LUMAJ, PJERIN (PETER)","Republican Party","REP","Senate","S","Connecticut","CT","00","FAIRFIELD","CT","06824","2022","24-NOV-21","2021","202111249468906456"
"H2CA14188","BEACH, EMILY","Democratic Party","DEM","House","H","California","CA","14","BURLINGAME","CA","94010","2022","24-NOV-21","2021","202111249468932152"
"H2TX15161","GARZA, JULIO","Democratic Party","DEM","House","H","Texas","TX","15","EDINBURG","TX","78541","2022","24-NOV-21","2021","202111249468932564"
"H2OH06110","MORGENSTERN, MICHAEL S.","Republican Party","REP","House","H","Ohio","OH","06","POLAND","OH","44514","2022","24-NOV-21","2021","202111249469524665"
"H2AZ01370","YATES, ANDY","Republican Party","REP","House","H","Arizona","AZ","01","PRESCOTT","AZ","86301","2022","24-NOV-21","2021","202111249468932570"
"H2PA01123","AVERY, CAROLINE","Republican Party","REP","House","H","Pennsylvania","PA","01","BRISTOL","PA","19007","2022","24-NOV-21","2021","202111249468932598"
"H2CA53038","WELLS, BILL D.","Republican Party","REP","House","H","California","CA","53","EL CAJON","CA","92019","2022","24-NOV-21","2021","202111249469524655"
"S2VT00243","RAHEB, KERRY","Independent","IND","Senate","S","Vermont","VT","00","SHELBURNE","VT","05482","2022","24-NOV-21","2021","202111249468932569"
"H2ME02238","SWAZEY, GARRET","Republican Party","REP","House","H","Maine","ME","02","BANGOR","ME","04402","2022","23-NOV-21","2021","202111239468902779"
"H2CO08087","HUMPHREY, JOHNNY","Democratic Party","DEM","House","H","Colorado","CO","08","NORTHGLENN","CO","80233","2022","23-NOV-21","2021","202111239468906031"
"H2NC02246","GAILLIARD, JAMES DAVID","Democratic Party","DEM","House","H","North Carolina","NC","02","ROCKY MOUNT","NC","27803","2022","23-NOV-21","2021","202111239468906223"
"H2OH09163","GILBERT, MADISON GESIOTTO","Republican Party","REP","House","H","Ohio","OH","09","SANDUSKY","OH","44870","2022","23-NOV-21","2021","202111239468906450"
"H2VA03070","NAMKUNG, TERRY TOLBERT MR.","Republican Party","REP","House","H","Virginia","VA","03","YORKTOWN","VA","23693","2022","23-NOV-21","2021","202111239468906278"
"H2MA05146","SHWARTZ, NORMAN E MR.","Republican Party","REP","House","H","Massachusetts","MA","05","MALDEN","MA","02148","2021","23-NOV-21","2021","202111239468906449"
"H2UT01250","ERICKSEN, ALENA","Republican Party","REP","House","H","Utah","UT","01","MCLEAN","VA","22101","2022","23-NOV-21","2021","202111239468906228"
"S2VT00235","WELCH, PETER FRANCIS","Democratic Party","DEM","Senate","S","Vermont","VT","00","RICHMOND","VT","05477","2022","22-NOV-21","2021","202111229468901352"
"S2NC00620","JOHNSON, CONSTANCE LOV","Democratic Party","DEM","Senate","S","North Carolina","NC","00","CHARLOTTE","NC","28227","2022","22-NOV-21","2021","202111229468901363"
"H2WI01126","NAMATH, ALBERT","Democratic Party","DEM","House","H","Wisconsin","WI","01","KENOSHA","WI","53143","2022","22-NOV-21","2021","202111229468901437"
"H2TX34196","THOMPSON, WILLIAM","Democratic Party","DEM","House","H","Texas","TX","34","HARLINGEN","TX","78553","2022","22-NOV-21","2021","202111229468901900"
"H2CO05208","MIMIAGA, BRANDON KYLE","Republican Party","REP","House","H","Colorado","CO","05","COLORADO SPRINGS","CO","80918","2022","22-NOV-21","2021","202111229468902570"
"H2NC04176","SZOKA, JOHN DAVID MR.","Republican Party","REP","House","H","North Carolina","NC","04","FAYETTEVILLE","NC","28306","2022","22-NOV-21","2021","202111229468902518"
"H2TX08299","CATER, CORBIN ZANE","Independent","IND","House","H","Texas","TX","08","SPRING","TX","77381","2022","22-NOV-21","2021","202111229468902519"
"H2TX16268","CATER, CORBIN ZANE","Independent","IND","House","H","Texas","TX","16","SPRING","TX","77381","2022","22-NOV-21","2021","202111229468902556"
"H2MN03112","SCHWARZE, ADAM NOEL","Republican Party","REP","House","H","Minnesota","MN","03","EDINA","MN","55439","2022","22-NOV-21","2021","202111229468902569"
"H2TX26200","HARRISON, RAVEN","Republican Party","REP","House","H","Texas","TX","26","DALLAS","TX","75248","2022","22-NOV-21","2021","202111229468902512"
"H2NC07179","BOGUSLAWSKI, MARVIN","Republican Party","REP","House","H","North Carolina","NC","07","JAMESTOWN","NC","27282","2022","21-NOV-21","2021","202111219468901236"
"H2MO01195","SNIDER, JAMES DAVID MR. 3","Republican Party","REP","House","H","Missouri","MO","01","PEVELY","MO","63070","2022","21-NOV-21","2021","202111219468901155"
"S2AL00210","BOWERS, RICHARD ADAM MR.","No Party Affiliation","NPA","Senate","S","Alabama","AL","00","ENTERPRISE","AL","36330","2022","20-NOV-21","2021","202111209468897542"
"H2NV03211","HYNES, RANDELL SCOTT","Democratic Party","DEM","House","H","Nevada","NV","03","LAS VEGAS","NV","89178","2022","20-NOV-21","2021","202111209468861048"
"H2TX30152","HILL, VONCIEL JONES","Democratic Party","DEM","House","H","Texas","TX","30","DALLAS","TX","75232","2022","20-NOV-21","2021","202111209468859986"
"H2CA33238","UPCHURCH, ANDREW 3105625266","Democratic Party","DEM","House","H","California","CA","33","VENICE","CA","90921","2022","20-NOV-21","2021","202111209468799062"
"H2NC14035","WOODHOUSE, MICHELE V","Republican Party","REP","House","H","North Carolina","NC","14","WAKE FOREST","NC","27588","2022","19-NOV-21","2021","202111199468735733"
"S2CA01110","SMITH, CHARLES E","Republican Party","REP","Senate","S","California","CA","00","YUBA CITY","CA","95993","2022","19-NOV-21","2021","202111199468736170"
"H2NC02238","SMITH, ERICA DANETTE","Democratic Party","DEM","House","H","North Carolina","NC","02","HENRICO","NV","27842","2022","19-NOV-21","2021","202111199468736865"
"H2CA14170","CANEPA, DAVID","Democratic Party","DEM","House","H","California","CA","14","DALY CITY","CA","94015","2022","19-NOV-21","2021","202111199468764493"
"S2IL00226","REDPATH, WILLIAM MR.","Libertarian Party","LIB","Senate","S","Illinois","IL","00","WEST DUNDEE","IL","60118","2022","19-NOV-21","2021","202111199468764799"
"H2MT02134","RONNING, PENNY","Democratic Party","DEM","House","H","Montana","MT","02","BILLINGS","MT","59104","2022","19-NOV-21","2021","202111199468721401"
"H2KY03214","RAY, STUART N.","Republican Party","REP","House","H","Kentucky","KY","03","LOUISVILLE","KY","40223","2022","19-NOV-21","2021","202111199468633154"
"H2ME02220","SUTTON, MICHAEL PHILLIP MR","Democratic Party","DEM","House","H","Maine","ME","02","BANGOR","ME","04401","2022","19-NOV-21","2021","202111199468634352"
"H2CA14162","MULLIN, KEVIN","Democratic Party","DEM","House","H","California","CA","14","SOUTH SAN FRANCISCO","CA","94083","2022","19-NOV-21","2021","202111199468635936"
"H2NJ02235","HITCHNER, SCOTT JR","Republican Party","REP","House","H","New Jersey","NJ","02","ELMER","NJ","08318","2022","19-NOV-21","2021","202111199468703441"
"H0CA07137","PATTERSON, ROBERT BUZZ","Republican Party","REP","House","H","California","CA","07","LONG BEACH","CA","90802","2022","19-NOV-21","2021","202111199468705962"
"H2PA09118","SHECKTOR, ANDREW","Republican Party","REP","House","H","Pennsylvania","PA","09","BERWICK","PA","18603","2022","19-NOV-21","2021","202111199468796774"
"H2CA41132","SPINNEY, BILL","Republican Party","REP","House","H","California","CA","41","JURUPA VALLEY","CA","91752","2022","18-NOV-21","2021","202111220300390877"
"H2WI03155","SMITH, MORGAN ANTHONNY","Libertarian Party","LIB","House","H","Wisconsin","WI","03","LAKE HALLIE","WI","54729","2022","18-NOV-21","2021","202111189468609086"
"H2TX24163","FRAGNOLI, KATHY","Democratic Party","DEM","House","H","Texas","TX","24","DALLAS","TX","75205","2022","18-NOV-21","2021","202111189468571448"
"H2TX35144","CASAR, GREG","Democratic Party","DEM","House","H","Texas","TX","35","AUSTIN","TX","78703","2022","18-NOV-21","2021","202111189468576000"
"H2CA38260","CLEMMONS, MITCHELL","Republican Party","REP","House","H","California","CA","38","WHITTIER","CA","90603","2022","18-NOV-21","2021","202111189468607195"
"H2LA06033","BLANEY, JAQUELINE YVONNE","Democratic Party","DEM","House","H","Louisiana","LA","06","BATON ROUGE","LA","70808","2022","18-NOV-21","2021","202111189468580078"
"H2MO01187","HARSHAW, RONALD","Democratic Party","DEM","House","H","Missouri","MO","01","SAINT LOUIS","MO","63106","2022","18-NOV-21","2021","202111189468580079"
"H2TX35151","JACKSON, MARILYN","Republican Party","REP","House","H","Texas","TX","35","AUSTIN","TX","78723","2022","18-NOV-21","2021","202111189468596609"
"S2LA00143","VICTORIAN, MICHAEL DUKES","Socialist Labor Party","SLP","Senate","S","Louisiana","LA","00","BATON ROUGE","LA","70808","2022","18-NOV-21","2021","202111189468580014"
"H2TX26192","GALLO, VINCENT","Republican Party","REP","House","H","Texas","TX","26","FLOWER MOUND","TX","75022","2022","17-NOV-21","2021","202111179468564327"
"H0FL17175","MURRAY, THEODORE ANDREW","Non-Party","NON","House","H","Florida","FL","17","FROSTPROOF","FL","33843","2022","17-NOV-21","2021","202111179468565321"
"H2FL01258","SCHILLER, MARGARET ANN MS","Democratic Party","DEM","House","H","Florida","FL","01","SANTA ROSA BEACH","FL","32459","2022","17-NOV-21","2021","202111179468565865"
"H2MI07123","BARRETT, THOMAS MORE","Republican Party","REP","House","H","Michigan","MI","07","LANSING","MI","48901","2022","17-NOV-21","2021","202111179468565892"
"H2TN01106","PARSONS, CAMERON","Democratic Party","DEM","House","H","Tennessee","TN","01","KINGSPORT","TN","37664","2022","17-NOV-21","2021","202111179468566466"
"H0DC01023","MAYE, GREG","Democratic Party","DEM","House","H","District Of Columbia","DC","00","WASHINGTON","DC","20011","2022","17-NOV-21","2021","202111179468566479"
"H2NC06122","WATKINS, RICHARD LEE DR.","Democratic Party","DEM","House","H","North Carolina","NC","06","DURHAM","NC","27709","2022","17-NOV-21","2021","202111179468571438"
"H2TX16250","MONTANEZ BERRIOS (DMB), DELIRIS","Democratic Party","DEM","House","H","Texas","TX","16","EL PASO","TX","79912","2022","17-NOV-21","2021","202111179468569870"
"H2DC01029","WILLIAMS, KELLY MIKEL","Democratic Party","DEM","House","H","District Of Columbia","DC","00","WASHINGTON","DC","20032","2022","17-NOV-21","2021","202111179468570206"
"S2NY00440","MICI, ALEKSANDER","Republican Party","REP","Senate","S","New York","NY","00","BRONX","NY","10461","2022","17-NOV-21","2021","202111179468570913"
"H8PA15195","MACKENZIE, RYAN EDWARD","Republican Party","REP","House","H","Pennsylvania","PA","07","EMMAUS","PA","18049","2022","17-NOV-21","2021","202111179468556833"
"H2PA05090","HAYES, JOHN V MR. III","Republican Party","REP","House","H","Pennsylvania","PA","05","GLENOLDEN","PA","19036","2022","17-NOV-21","2021","202111179468563687"
"S2ID00145","CLEVELAND, SCOTT OH","Unaffiliated","UN","Senate","S","Idaho","ID","00","EAGLE","ID","83616","2022","17-NOV-21","2021","202111179468568165"
"H2NJ04199","BURG, DAVID LOREN","Republican Party","REP","House","H","New Jersey","NJ","04","FREEHOLD","NJ","07728","2022","16-NOV-21","2021","202111169468556070"
"H2NC06114","FOUSHEE, VALERIE","Democratic Party","DEM","House","H","North Carolina","NC","06","CHAPEL HILL","NC","27516","2022","16-NOV-21","2021","202111169468556329"
"H2CO08079","KIRKMEYER, BARBARA","Republican Party","REP","House","H","Colorado","CO","08","FORT LUPTON","CO","80621","2022","16-NOV-21","2021","202111169468501674"
"H2NC04168","BARBOUR, DEVAN","Republican Party","REP","House","H","North Carolina","NC","04","BENSON","NC","27504","2022","16-NOV-21","2021","202111169468504716"
"H2TN04308","MEYER, LAWRENCE DOUG","Republican Party","REP","House","H","Tennessee","TN","04","DECHERD","TN","37324","2022","16-NOV-21","2021","202111169468505613"
"H2CA14154","WATTERS, ANDREW G.","Democratic Party","DEM","House","H","California","CA","14","REDWOOD CITY","CA","94065","2022","16-NOV-21","2021","202111169468505729"
"H0TX09176","TEAGUE, JOHNNY MARK DR.","Republican Party","REP","House","H","Texas","TX","07","TOMBALL","TX","77377","2022","16-NOV-21","2021","202111169468506405"
"H2IL06116","PEKAU, KEITH","Republican Party","REP","House","H","Illinois","IL","06","ORLAND PARK","IL","60462","2022","15-NOV-21","2021","202111159468498010"
"H0MD05225","PALOMBI, CHRISTOPHER","Republican Party","REP","House","H","Maryland","MD","05","ST LEONARD","MD","20685","2022","15-NOV-21","2021","202111159468500796"
"S2PA00620","RICHARDSON, MAX","Republican Party","REP","Senate","S","Pennsylvania","PA","00","PHILADELPHIA","PA","19146","2022","15-NOV-21","2021","202111159468500787"
"H2TX27273","TRISTAN, ANTHONY JAMES MR","Democratic Party","DEM","House","H","Texas","TX","27","PORT ARANSAS","TX","78373","2022","15-NOV-21","2021","202111159468500846"
"H2NC07161","CASTELLI, ROBERT CHRISTIAN","Republican Party","REP","House","H","North Carolina","NC","07","ASHEBORO","NC","27204","2022","15-NOV-21","2021","202111159468498118"
"H2TN08150","HENDRY, ROBERT LOUIS MR.","Republican Party","REP","House","H","Tennessee","TN","08","COLLIERVILLE","TN","38017","2022","15-NOV-21","2021","202111159468498487"
"S2MO00643","SCHATZ, DAVE","Republican Party","REP","Senate","S","Missouri","MO","00","VILLA RIDGE","MO","63089","2022","15-NOV-21","2021","202111159468498836"
"H8NY22177","RILEY, JOSH","Democratic Party","DEM","House","H","New York","NY","22","ENDICOTT","NY","13760","2022","15-NOV-21","2021","202111159468498847"
"S2GA00266","CLARK, JOSHUA STEPHEN","Republican Party","REP","Senate","S","Georgia","GA","00","FLOWERY BRANCH","GA","30542","2022","15-NOV-21","2021","202111159468494135"
"H0OR02168","CRUMPACKER, JIMMY","Republican Party","REP","House","H","Oregon","OR","05","BEND","OR","97703","2022","15-NOV-21","2021","202111159468494211"
"H2GA13079","PLOTKY, CALINA","Republican Party","REP","House","H","Georgia","GA","13","DUBLIN","OH","43017","2022","15-NOV-21","2021","202111159468495158"
"H2OR06074","HARDER, KATHLEEN","Democratic Party","DEM","House","H","Oregon","OR","06","SALEM","OR","97302","2022","15-NOV-21","2021","202111159468496286"
"H2VA01116","GEHLSEN, JAMES RICHARD MR","Democratic Party","DEM","House","H","Virginia","VA","01","NOKESVILLE","VA","20181","2022","15-NOV-21","2021","202111159468496473"
"H2IL14094","KOOLIDGE, MICHAEL","Republican Party","REP","House","H","Illinois","IL","14","SYCAMORE","IL","60178","2022","15-NOV-21","2021","202111159468500781"
"H2SC44010","GOLDIAMOND, SOLOMON DAVID","Republican Party","REP","House","H","South Carolina","SC","44","LANCASTER","SC","29720","2022","14-NOV-21","2021","202111149468493880"
"H2TX21185","VILLARREAL, RICARDO","Democratic Party","DEM","House","H","Texas","TX","21","SAN ANTONIO","TX","78230","2022","13-NOV-21","2021","202111139468493605"
"H2SC01135","OTMAN, ALEJANDRO ARIEL MR","Independent","IND","House","H","South Carolina","SC","01","GOOSE CREEK","SC","29445","2022","13-NOV-21","2021","202111139468493604"
"H2CA30317","MURPHY, SUSAN JENNIFER","Republican Party","REP","House","H","California","CA","30","VALLEY VILLAGE","CA","91607","2022","12-NOV-21","2021","202111129468490676"
"H2TX28123","NG, WILLIE VASQUEZ","Republican Party","REP","House","H","Texas","TX","28","SAN ANTONIO","TX","78270","2022","12-NOV-21","2021","202111129468488473"
"S2OK00160","GARRISON, JESSICA JEAN","Republican Party","REP","Senate","S","Oklahoma","OK","00","OWASSO","OK","74055","2022","12-NOV-21","2021","202111129468489303"
"H2FL08105","TERRY, JOANNE R","Democratic Party","DEM","House","H","Florida","FL","08","SATELLITE BEACH","FL","32937","2022","12-NOV-21","2021","202111129468489353"
"H2NC06106","GANORKAR, MAHESH","Republican Party","REP","House","H","North Carolina","NC","06","PITTSBORO","NC","27312","2022","12-NOV-21","2021","202111129468489383"
"H2NE01100","ZAKARIA, JOSEPH KUAL MR.","Democratic Party","DEM","House","H","Nebraska","NE","01","LINCOLN","NE","68506","2022","12-NOV-21","2021","202111129468489391"
"H2CA10228","GILL, RICKY","Republican Party","REP","House","H","California","CA","10","LODI","CA","95242","2022","12-NOV-21","2021","202111129468489544"
"H2ME02212","CARUSO, ELIZABETH","Republican Party","REP","House","H","Maine","ME","02","CARATUNK","ME","04925","2022","12-NOV-21","2021","202111129468490494"
"H8TX03081","BARONE, ROGER RICHARD MR.","Republican Party","REP","House","H","Texas","TX","03","PLANO","TX","75024","2022","12-NOV-21","2021","202111129468490496"
"H2WA10063","HEWETT, DON","Republican Party","REP","House","H","Washington","WA","10","LACEY","WA","98503","2022","12-NOV-21","2021","202111129468492859"
"S2VT00227","PIERCE, BROCK","Independent","IND","Senate","S","Vermont","VT","00","SOUTH BURLINGTON","VT","05403","2022","11-NOV-21","2021","202111119468487907"
"H2MO04215","LABRUE, KYLE STONNER","Republican Party","REP","House","H","Missouri","MO","04","OSAGE BEACH","MO","65065","2022","11-NOV-21","2021","202111119468487829"
"H2VA07204","CHASE, AMANDA FREEMAN","Republican Party","REP","House","H","Virginia","VA","07","MIDLOTHIAN","VA","23112","2022","11-NOV-21","2021","202111119468486756"
"H2FL15118","BERTGES, BRIAN JOHN MR.","No Party Affiliation","NPA","House","H","Florida","FL","15","AUBURNDALE","FL","33823","2022","11-NOV-21","2021","202111119468487979"
"H2PA15115","GUYETT, MATTHEW M","Republican Party","REP","House","H","Pennsylvania","PA","15","DAYTON","PA","16222","2022","11-NOV-21","2021","202111119468487963"
"H0NC02158","SWAIN, ALAN D","Republican Party","REP","House","H","North Carolina","NC","04","RALEIGH","NC","27624","2022","11-NOV-21","2021","202111119468487834"
"H2MI10127","ARRAF, HUWAIDA","Democratic Party","DEM","House","H","Michigan","MI","10","MADISON HEIGHTS","MI","48071","2022","10-NOV-21","2021","202111109468474487"
"H2NY24150","KLEE HOOD, SARAH","Democratic Party","DEM","House","H","New York","NY","24","SYRACUSE","NY","13214","2022","10-NOV-21","2021","202111109468474622"
"H2MN08145","LASTOVICH, THERESA E","Democratic-Farmer-Labor","DFL","House","H","Minnesota","MN","08","CHISHOLM","MN","55719","2022","10-NOV-21","2021","202111109468485854"
"H2NY14136","MARRERO, EDGARDO R MR.","Democratic Party","DEM","House","H","New York","NY","14","NEW YORK","NY","10008","2022","10-NOV-21","2021","202111109468485859"
"H2NJ02227","GREEN, CURTIS REV","Democratic Party","DEM","House","H","New Jersey","NJ","02","MT. LAUREL","NJ","08054","2022","10-NOV-21","2021","202111109468485868"
"H2IL17147","SORENSEN, ERIC","Democratic Party","DEM","House","H","Illinois","IL","17","MOLINE","IL","61265","2022","10-NOV-21","2021","202111109468474435"
"H2NC04150","CLARK, ROBERT BENJAMIN III","Democratic Party","DEM","House","H","North Carolina","NC","04","FAYETTEVILLE","NC","28376","2022","10-NOV-21","2021","202111109468474440"
"H2IA01097","KUEHL, KYLE","Republican Party","REP","House","H","Iowa","IA","01","BETTENDORF","IA","52722","2022","10-NOV-21","2021","202111109468485721"
"S2SD00134","SCHUBERT, PATRICK WILLIAM MR. SR","Republican Party","REP","Senate","S","South Dakota","SD","00","BOX ELDER","SD","57719","2022","10-NOV-21","2021","202111109468485483"
"H2NE01092","PANSING BROOKS, PATTY","Democratic Party","DEM","House","H","Nebraska","NE","01","LINCOLN","NE","68502","2022","10-NOV-21","2021","202111109468485215"
"H2IL03154","VILLEGAS, GILBERT","Democratic Party","DEM","House","H","Illinois","IL","03","CHICAGO","IL","60634","2022","10-NOV-21","2021","202111109468484922"
"H8MN04083","MOGHUL, FASIL","Democratic Party","DEM","House","H","Minnesota","MN","04","FRIDLEY","MN","55432","2022","10-NOV-21","2021","202111109468484210"
"H2FL24052","GONZALEZ, PATRICIA","Republican Party","REP","House","H","Florida","FL","24","MIAMI","FL","33157","2022","10-NOV-21","2021","202111109468483554"
"H2TX37066","BEAUBOUEF, RICHARD QUINTON","Democratic Party","DEM","House","H","Texas","TX","37","AUSTIN","TX","78751","2022","10-NOV-21","2021","202111109468483267"
"H2MD04349","ANGEL, ANGELA","Democratic Party","DEM","House","H","Maryland","MD","04","ANNAPOLIS","MD","21404","2022","09-NOV-21","2021","202111099468446940"
"H2PA11114","HOLLISTER, ROBERT MICHAEL III","Democratic Party","DEM","House","H","Pennsylvania","PA","11","LANCASTER","PA","17601","2022","09-NOV-21","2021","202111099468446965"
"H2TX28115","RODRIGUEZ, ROLANDO D MR.","Republican Party","REP","House","H","Texas","TX","28","HIDALGO","TX","78557","2022","09-NOV-21","2021","202111099468473140"
"H2IL17139","WALLACE, LITESA","Democratic Party","DEM","House","H","Illinois","IL","17","ROCKFORD","IL","61126","2022","09-NOV-21","2021","202111099468473552"
"H2OR06066","SALINAS, ANDREA","Democratic Party","DEM","House","H","Oregon","OR","06","TIGARD","OR","97223","2022","09-NOV-21","2021","202111099468473646"
"H2NJ03266","BARKER, JOHN","Republican Party","REP","House","H","New Jersey","NJ","03","BAYVILLE","NJ","08721","2022","09-NOV-21","2021","202111099468474119"
"H2FL01241","JONES, BRYAN CHRISTOPHER","Republican Party","REP","House","H","Florida","FL","01","DESTIN","FL","32541","2022","09-NOV-21","2021","202111099468447566"
"H2PA18226","FOX, STEPHANIE","Democratic Party","DEM","House","H","Pennsylvania","PA","18","PITTSBURGH","PA","15227","2022","09-NOV-21","2021","202111099468447268"
"H2WI03148","MCGRATH, DEB","Democratic Party","DEM","House","H","Wisconsin","WI","03","MENOMONIE","WI","54751","2022","09-NOV-21","2021","202111099468447263"
"H2NC06098","ALLAM, NIDA","Democratic Party","DEM","House","H","North Carolina","NC","06","DURHAM","NC","27713","2022","09-NOV-21","2021","202111099468447157"
"H2TX16243","GONZALEZ, HECTOR FEDERICO","Independent","IND","House","H","Texas","TX","16","EL PASO","TX","79936","2022","08-NOV-21","2021","202111089468444183"
"H2SC01127","ANDREWS, ANNIE DR.","Democratic Party","DEM","House","H","South Carolina","SC","01","JOHNS ISLAND","SC","29457","2022","08-NOV-21","2021","202111089468443812"
"H2MD04331","CURTIS, JAMES JR","Democratic Party","DEM","House","H","Maryland","MD","04","WALDORF","MD","20603","2022","08-NOV-21","2021","202111089468443838"
"H2NJ03258","HEALEY, ROBERT JR","Republican Party","REP","House","H","New Jersey","NJ","03","MOORESTOWN","NJ","08057","2022","08-NOV-21","2021","202111089468443833"
"H2NV04102","VARGAS, JESSIE","Republican Party","REP","House","H","Nevada","NV","04","ALEXANDRIA","VA","22314","2022","08-NOV-21","2021","202111089468443748"
"H2TX34188","CISNEROS, LAURA E. DR.","Democratic Party","DEM","House","H","Texas","TX","34","BROWNSVILLE","TX","78520","2022","08-NOV-21","2021","202111089468443825"
"H2PA17129","TOMSHAY, JAMES","Republican Party","REP","House","H","Pennsylvania","PA","17","CANONSBURG","PA","15317","2022","07-NOV-21","2021","202111079468431012"
"H2PA17137","MELOY, SEAN","Democratic Party","DEM","House","H","Pennsylvania","PA","17","PITTSBURGH","PA","15215","2022","07-NOV-21","2021","202111079468443743"
"S2NC00604","BULECZA, ANDREW JOHN MR. 3RD","Republican Party","REP","Senate","S","North Carolina","NC","00","LINCOLNTON","NC","28092","2022","06-NOV-21","2021","202111069468430964"
"H2OH02127","MEADOWS, SAMANTHA","Democratic Party","DEM","House","H","Ohio","OH","02","CHILLICOTHE","OH","45601","2022","05-NOV-21","2021","202111059468430742"
"H2NC02188","SPEER, RICHARD J","Republican Party","REP","House","H","North Carolina","NC","13","LINCOLNTON","NC","28092","2022","05-NOV-21","2021","202111059468430734"
"H0VA07133","MCGUIRE, JOHN","Republican Party","REP","House","H","Virginia","VA","05","GLEN ALLEN","VA","23059","2022","05-NOV-21","2021","202111059468430258"
"H2NC13201","BENTLEY, KAREN W","Republican Party","REP","House","H","North Carolina","NC","13","HUNTERSVILLE","NC","28078","2022","05-NOV-21","2021","202111059468419399"
"H2FL24045","HARRIS, KEVIN COREY","Democratic Party","DEM","House","H","Florida","FL","24","MIAMI GARDENS","FL","33056","2022","05-NOV-21","2021","202111059468420599"
"H2CA10210","HARRISON, SEAN","Republican Party","REP","House","H","California","CA","10","MODESTO","CA","95354","2022","05-NOV-21","2021","202111059468430724"
"H2TX08281","GALLEGOS, SALVADOR A","Republican Party","REP","House","H","Texas","TX","08","CLEVELAND","TX","77328","2022","04-NOV-21","2021","202111049468418483"
"H2VA07188","ENNIS, CRAIG EDWARD MR","Republican Party","REP","House","H","Virginia","VA","07","FREDERICKSBURG","VA","22407","2022","04-NOV-21","2021","202111049468418489"
"H2VA05117","GIZINSKI, ADAM","Republican Party","REP","House","H","Virginia","VA","05","BROAD RUN","VA","20137","2022","04-NOV-21","2021","202111049468418769"
"H2NC04143","GROOMS, MATTHEW","Democratic Party","DEM","House","H","North Carolina","NC","04","BUTNER","NC","27509","2022","04-NOV-21","2021","202111049468417777"
"H2TX35136","RODRIGUEZ, EDUARDO R.","Democratic Party","DEM","House","H","Texas","TX","35","AUSTIN","TX","78768","2022","04-NOV-21","2021","202111049468417014"
"S2NC00596","BRYANT, LEONARD L","Republican Party","REP","Senate","S","North Carolina","NC","00","FAYETTEVILLE","NC","28314","2022","04-NOV-21","2021","202111049468417024"
"H2PA18218","IRWIN, STEVEN","Democratic Party","DEM","House","H","Pennsylvania","PA","18","PITTSBURGH","PA","15206","2022","04-NOV-21","2021","202111049468417162"
"H2NH02252","RIDDLE, JASON DANIEL","Republican Party","REP","House","H","New Hampshire","NH","02","KEENE","NH","03431","2022","04-NOV-21","2021","202111049468417771"
"H0MT00090","WINTER, THOMAS","Democratic Party","DEM","House","H","Montana","MT","02","POLSON","MT","59860","2022","03-NOV-21","2021","202111039468414999"
"H0MO03237","WILKINSON, BRANDON","Republican Party","REP","House","H","Missouri","MO","03","FENTON","MO","63026","2022","03-NOV-21","2021","202111039468416793"
"H2FL10291","HOLIC, JASON KYLE","None","NNE","House","H","Florida","FL","10","ORLANDO","FL","32804","2022","03-NOV-21","2021","202111039468416779"
"H2FL02165","TEAGUE, JOVANTE RODRIGUEZ MR","Republican Party","REP","House","H","Florida","FL","02","CROSS CITY","FL","32628","2022","03-NOV-21","2021","202111039468416772"
"H2TX33230","MACGLAFLIN, ROBERT JAMES","Republican Party","REP","House","H","Texas","TX","33","IRVING","TX","75039","2022","03-NOV-21","2021","202111039468416778"
"H2VA11214","CHAPPELL, MATTHEW LOUIS","Republican Party","REP","House","H","Virginia","VA","11","ALEXANDRIA","VA","22309","2022","03-NOV-21","2021","202111039468416517"
"H2IL17121","LOGEMANN, JONATHAN","Democratic Party","DEM","House","H","Illinois","IL","17","ROCKFORD","IL","61110","2022","03-NOV-21","2021","202111039468416299"
"H2TX23140","ARREDONDO-LYNCH, ALMA G DR. D.D.S.","Republican Party","REP","House","H","Texas","TX","23","CONCAN","TX","78838","2022","03-NOV-21","2021","202111039468416268"
"H2NJ10212","KHALFANI, AKIL KOKAYI DR","Democratic Party","DEM","House","H","New Jersey","NJ","10","NEWARK","NJ","07102","2022","03-NOV-21","2021","202111039468414680"
"H2MI03197","GIBBS, JOHN","Republican Party","REP","House","H","Michigan","MI","03","CALEDONIA","MI","49316","2022","03-NOV-21","2021","202111039468414679"
"H2TX15153","HADDAD, ROBERTO ADRIAN","Democratic Party","DEM","House","H","Texas","TX","15","MCALLEN","TX","78501","2022","02-NOV-21","2021","202111029468413361"
"H2FL12099","PERRAS, BRIAN","Republican Party","REP","House","H","Florida","FL","12","PORT RICHEY","FL","34668","2022","02-NOV-21","2021","202111029468413385"
"H2FL21140","ARIANAS, PETER STEVEN","Republican Party","REP","House","H","Florida","FL","21","WELLINGTON","FL","33414","2022","02-NOV-21","2021","202111029468413428"
"H2TX02383","FULFORD, ROBIN DAWN","Democratic Party","DEM","House","H","Texas","TX","02","THE WOODLANDS","TX","77389","2021","02-NOV-21","2021","202111029468413839"
"H2CO08061","SAINE, LORI A","Republican Party","REP","House","H","Colorado","CO","08","FIRESTONE","CO","80520","2022","02-NOV-21","2021","202111029468413844"
"H2CA36462","JENKINS, STORM","Republican Party","REP","House","H","California","CA","36","PALM DESERT","CA","92260","2022","02-NOV-21","2021","202111029468414055"
"H2MS04316","LEE, AARON PAYTON","Independent","IND","House","H","Mississippi","MS","04","BILOXI","MS","39532","2022","02-NOV-21","2021","202111029468414528"
"H2AZ03178","PEMBLETON, JOSHUA","Republican Party","REP","House","H","Arizona","AZ","03","YUMA","AZ","85364","2022","01-NOV-21","2021","202111019468412776"
"H2CT05230","BOTELHO, MICHELLE L","Republican Party","REP","House","H","Connecticut","CT","05","DANBURY","CT","06813","2022","01-NOV-21","2021","202111019468412204"
"H2PA01115","LANNING, BRADLEY JAMES","Republican Party","REP","House","H","Pennsylvania","PA","01","SILVERDALE","PA","18962","2022","01-NOV-21","2021","202111019468412210"
"H2TX06186","QUINTANILLA, CARLOS","Democratic Party","DEM","House","H","Texas","TX","33","DALLAS","TX","75211","2022","01-NOV-21","2021","202111019468413137"
"H2NY26189","SAMS, STEVEN LYNN MR II","Republican Party","REP","House","H","New York","NY","26","GETZVILLE","NY","14088","2022","01-NOV-21","2021","202111019468412715"
"H2TX37058","BURTON, HASANI","Democratic Party","DEM","House","H","Texas","TX","37","DALLAS","TX","75204","2022","31-OCT-21","2021","202110319468411859"
"H2CA10202","KILBRIDE, EUGENE","Republican Party","REP","House","H","California","CA","10","TURLOCK","CA","95382","2022","30-OCT-21","2021","202110309468411815"
"H2MD06138","WALLACE, DAVID DRAIN II","Republican Party","REP","House","H","Maryland","MD","06","WESTMINSTER","MD","21157","2022","29-OCT-21","2021","202110299468411777"
"H2AZ03160","LOGSDON, JOSHUA","Republican Party","REP","House","H","Arizona","AZ","03","TUCSON","AZ","85757","2022","29-OCT-21","2021","202110299468410946"
"H2NY25082","SINGLETARY, LA'RON DESMOND","Republican Party","REP","House","H","New York","NY","25","ROCHESTER","NY","14692","2022","29-OCT-21","2021","202110299468410396"
"H2FL10283","WIMBISH, CALVIN B MR","Republican Party","REP","House","H","Florida","FL","10","ORLANDO","FL","32819","2022","29-OCT-21","2021","202110299468400179"
"H0MA05116","DEPALMA, RAFFAELE SANTINO","Democratic Party","DEM","House","H","Massachusetts","MA","05","REVERE","MA","02151","2022","28-OCT-21","2021","202110289468390851"
"H2CO08053","PAYETTE, MATTHEW WILLIAM","Unaffiliated","UN","House","H","Colorado","CO","08","FIRESTONE","CO","80520","2022","28-OCT-21","2021","202110289468391533"
"H2MI11240","ESSHAKI, ERIC","Republican Party","REP","House","H","Michigan","MI","11","BIRMINGHAM","MI","48012","2022","28-OCT-21","2021","202110289468391577"
"H2MA05138","BLASK, WASHINGTON GAVIN","Independent","IND","House","H","Massachusetts","MA","05","CAMBRIDGE","MA","02138","2022","28-OCT-21","2021","202110289468391583"
"H2SC01119","BLANDFORD, KEITH WARRICK","Republican Party","REP","House","H","South Carolina","SC","01","SULLIVANS ISLAND","SC","29482","2022","28-OCT-21","2021","202110289468391591"
"S2OH00493","TINSLEY, LASHONDRA","Democratic Party","DEM","Senate","S","Ohio","OH","00","COLUMBUS","OH","43229","2022","28-OCT-21","2021","202110289468393768"
"H2WA05105","HILL, NATASHA","Democratic Party","DEM","House","H","Washington","WA","05","SEATTLE","WA","98109","2022","28-OCT-21","2021","202110289468392341"
"H2CA46156","RUVALCABA, JESUS","Democratic Party","DEM","House","H","California","CA","46","FULLERTON","CA","92831","2022","28-OCT-21","2021","202110289468392488"
"H2TX04124","OMERE, IROGHAMA C","Democratic Party","DEM","House","H","Texas","TX","04","PLANO","TX","75023","2022","28-OCT-21","2021","202110289468392497"
"H2TX32141","DAVIS, NATHAN","Republican Party","REP","House","H","Texas","TX","32","DALLAS","TX","75360","2022","28-OCT-21","2021","202110289468392590"
"H2AZ02394","FREE, LUCRETIA","Republican Party","REP","House","H","Arizona","AZ","02","TUCSON","AZ","85747","2022","28-OCT-21","2021","202110289468391752"
"H2FL25083","CLARK, DREW-MONTEZ","Republican Party","REP","House","H","Florida","FL","25","NAPLES","FL","34119","2022","27-OCT-21","2021","202110279468390823"
"H2MO04207","ALFORD, MARK","Republican Party","REP","House","H","Missouri","MO","04","RAYMORE","MO","64083","2022","27-OCT-21","2021","202110279468370715"
"H2FL10275","KING, WILLIAM","Republican Party","REP","House","H","Florida","FL","10","ORLANDO","FL","32819","2022","27-OCT-21","2021","202110279468390599"
"H2SC04154","ABUZEID, GEORGE ASSAD","Republican Party","REP","House","H","South Carolina","SC","04","INMAN","SC","29349","2022","27-OCT-21","2021","202110279468371435"
"H8TX27080","MAPP, CHRIS","Republican Party","REP","House","H","Texas","TX","27","PORT O'CONNOR","TX","77982","2022","27-OCT-21","2021","202110279468371483"
"H2TX18207","MONTIEL, CARMEN","Republican Party","REP","House","H","Texas","TX","18","HOUSTON","TX","77024","2022","27-OCT-21","2021","202110279468371417"
"H2TX37041","JONES, CHRISTOPHER MICHAEL","Democratic Party","DEM","House","H","Texas","TX","37","AUSTIN","TX","78731","2022","26-OCT-21","2021","202110269468350836"
"H2VA01108","ANDERSON, JESSICA LYNNE","Democratic Party","DEM","House","H","Virginia","VA","01","WILLIAMSBURG","VA","23188","2022","26-OCT-21","2021","202110269468350837"
"H8OR02161","MCLEOD-SKINNER, JAMIE","Democratic Party","DEM","House","H","Oregon","OR","05","TERREBONNE","OR","97760","2022","26-OCT-21","2021","202110269468350979"
"H2MT02118","WILLIAMS, SKYLAR","Democratic Party","DEM","House","H","Montana","MT","02","BILLINGS","MT","59107","2022","26-OCT-21","2021","202110269468351312"
"H2TX30145","MULUGHETA, ABEL","Democratic Party","DEM","House","H","Texas","TX","30","DALLAS","TX","75313","2022","26-OCT-21","2021","202110269468350829"
"H0NY02192","GORDON, JACQUELINE","Democratic Party","DEM","House","H","New York","NY","02","COPIAGUE","NY","11726","2022","26-OCT-21","2021","202110269468349935"
"S2OH00485","GRAHAM, ROBERT WILLIAM MR.","Republican Party","REP","Senate","S","Ohio","OH","00","SPRINGBORO","OH","45066","2022","26-OCT-21","2021","202110269468350491"
"H2CA42205","ROLLINS, WILL","Democratic Party","DEM","House","H","California","CA","42","LAKE ELSINORE","CA","92532","2022","26-OCT-21","2021","202110269468350750"
"H2UT03264","CASPER, BRANDON 8013368524","Republican Party","REP","House","H","Utah","UT","03","DRAPER","UT","84020","2022","26-OCT-21","2021","202110269468351588"
"H0TX15108","KRAUSE, RYAN PATRICK","Republican Party","REP","House","H","Texas","TX","15","NEW BRAUNFELS","TX","78130","2022","25-OCT-21","2021","202110259468349853"
"H2SC07306","MORRIS, SPENCER ALLEN","Republican Party","REP","House","H","South Carolina","SC","07","GEORGETOWN","SC","29440","2022","25-OCT-21","2021","202110259468349855"
"S2NC00612","MOSS, CHARLES KENNETH","Republican Party","REP","Senate","S","North Carolina","NC","00","RANDLEMAN","NC","27317","2022","25-OCT-21","2021","202111090300390556"
"H2MO04199","BRATTIN, RICHARD RAY JR.","Republican Party","REP","House","H","Missouri","MO","04","HARRISONVILLE","MO","64701","2022","25-OCT-21","2021","202110259468349793"
"H2MD04323","LEWIS, JAZZ","Democratic Party","DEM","House","H","Maryland","MD","04","LARGO","MD","20792","2022","25-OCT-21","2021","202110259468349059"
"H2MS04308","WIGGINS, CHRISTOPHER BRICE","Republican Party","REP","House","H","Mississippi","MS","04","OCEAN SPRINGS","MS","39566","2022","24-OCT-21","2021","202110249468348928"
"H2MO04181","OSBORNE, ANTHONY MR","Democratic Party","DEM","House","H","Missouri","MO","04","SAINT ROBERT","MO","65584","2022","22-OCT-21","2021","202110229468348028"
"H2MD04232","IVEY, GLENN FREDERICK","Democratic Party","DEM","House","H","Maryland","MD","04","BLADENSBURG","MD","20710","2022","22-OCT-21","2021","202110229468346783"
"H2NY14128","FORTE, TINA","Republican Party","REP","House","H","New York","NY","14","SHIRLEY","NY","11967","2022","22-OCT-21","2021","202110229468348355"
"H2AK01083","BEGICH, NICHOLAS III","Republican Party","REP","House","H","Alaska","AK","00","ANCHORAGE","AK","99530","2022","22-OCT-21","2021","202110229468348196"
"H2OR01216","REYNOLDS, STEVEN CODY","Democratic Party","DEM","House","H","Oregon","OR","06","PORTLAND","OR","97236","2022","21-OCT-21","2021","202110219468322928"
"H4KY06163","YOUNG, GEOFFREY M","Democratic Party","DEM","House","H","Kentucky","KY","06","LEXINGTON","KY","40503","2022","21-OCT-21","2021","202110260300388872"
"H2TX15146","ALVARADO, ELIZA DR.","Democratic Party","DEM","House","H","Texas","TX","15","MCALLEN","TX","78504","2022","21-OCT-21","2021","202110219468323315"
"H2UT02456","RIDER, ERIN CHRISTINE","Republican Party","REP","House","H","Utah","UT","02","SALT LAKE CITY","UT","84106","2022","21-OCT-21","2021","202110219468320937"
"S2OK00152","HORN, MADISON","Democratic Party","DEM","Senate","S","Oklahoma","OK","00","OKLAHOMA CITY","OK","73101","2022","21-OCT-21","2021","202110219468309963"
"H2NC12245","SHARKEY, JOHN","Democratic Party","DEM","House","H","North Carolina","NC","12","CHARLOTTE","NC","28269","2022","21-OCT-21","2021","202110219468313399"
"S2SD00126","BENGS, BRIAN L","Democratic Party","DEM","Senate","S","South Dakota","SD","00","ABERDEEN","SD","57401","2022","21-OCT-21","2021","202110219468313425"
"S2MD00560","BERMAN, JOHN","Republican Party","REP","Senate","S","Maryland","MD","00","RICHLAND","WA","99352","2022","21-OCT-21","2021","202110219468309026"
"H2MT00112","TODD, MARY BROOKS","Republican Party","REP","House","H","Montana","MT","00","KALISPELL","MT","59901","2022","20-OCT-21","2021","202110209468039534"
"H2IL17113","NORMOYLE, ANGELA H.","Democratic Party","DEM","House","H","Illinois","IL","17","MOLINE","IL","61266","2022","20-OCT-21","2021","202110209468049735"
"H2NC04135","WARD, ASHLEY","Democratic Party","DEM","House","H","North Carolina","NC","04","MEBANE","NC","27302","2022","20-OCT-21","2021","202110209468050165"
"H2AZ09191","COOPER, KELLY","Republican Party","REP","House","H","Arizona","AZ","09","CHANDLER","AZ","85244","2022","20-OCT-21","2021","202110209468055641"
"H2TN04290","BENSON, CLYDE","Republican Party","REP","House","H","Tennessee","TN","04","HUNTLAND","TN","37345","2022","20-OCT-21","2021","202110209468304153"
"H2PA01107","FERMO, PAUL","Democratic Party","DEM","House","H","Pennsylvania","PA","01","YARDLEY","PA","19067","2022","20-OCT-21","2021","202110209468196989"
"S2VT00185","COESTER, C. MARK MR","American Independent Party","AIP","Senate","S","Vermont","VT","00","WESTMINSTER","VT","05158","2022","20-OCT-21","2021","202110209468197307"
"H2CA09139","PATTI, THOMAS","Republican Party","REP","House","H","California","CA","09","STOCKTON","CA","95205","2022","20-OCT-21","2021","202110209468249906"
"H0TX20124","MCQUEEN, ELDON DAN","Republican Party","REP","House","H","Texas","TX","35","SAN ANTONIO","MO","78205","2022","20-OCT-21","2021","202110209468145667"
"H2GA03187","WEISS, SEAN MATTHEW MR","Republican Party","REP","House","H","Georgia","GA","03","LAGRANGE","GA","30240","2022","19-OCT-21","2021","202110199468036736"
"H2TX15138","RAMIREZ, RUBEN","Democratic Party","DEM","House","H","Texas","TX","15","EDINBURG","TX","78539","2022","19-OCT-21","2021","202110199467957578"
"H2MI87018","PHILLIP, JOSEPH","Republican Party","REP","House","H","Michigan","MI","87","DELTON","MI","49046","2022","19-OCT-21","2021","202110199467958245"
"H2MN03104","WEILER, TOM","Republican Party","REP","House","H","Minnesota","MN","03","WAYZATA","MN","55391","2022","19-OCT-21","2021","202110199468033486"
"H2MT01102","WALKING CHILD, CHARLES A","Republican Party","REP","House","H","Montana","MT","01","HELENA","MT","59604","2022","19-OCT-21","2021","202110199467962189"
"H0PA08221","BOGNET, JIM","Republican Party","REP","House","H","Pennsylvania","PA","08","HAZLE TOWNSHIP","PA","18202","2022","19-OCT-21","2021","202110199467963909"
"H2CA23163","GILL, LOUIS","Democratic Party","DEM","House","H","California","CA","23","BAKERSFIELD","CA","93311","2022","19-OCT-21","2021","202110199467972417"
"S2AL00202","DURANT, MICHAEL","Republican Party","REP","Senate","S","Alabama","AL","00","HUNTSVILLE","AL","35814","2022","19-OCT-21","2021","202110199467961860"
"H2PA18200","LEE, SUMMER","Democratic Party","DEM","House","H","Pennsylvania","PA","18","PITTSBURGH","PA","15218","2022","18-OCT-21","2021","202110189467927592"
"H2PA17111","STAIBLE, TRICIA","Republican Party","REP","House","H","Pennsylvania","PA","17","BEAVER FALLS","PA","15010","2022","18-OCT-21","2021","202110189467929872"
"H2TX22175","VEGA, ANGEL LUIS","Democratic Party","DEM","House","H","Texas","TX","22","BARKER","TX","77413","2022","18-OCT-21","2021","202110189467954701"
"S2AR00123","FOSTER, JACK EDWARD","Democratic Party","DEM","Senate","S","Arkansas","AR","00","PINE BLUFF","AR","71603","2022","18-OCT-21","2021","202110189467941576"
"H2TX08273","COLLINS, CHRISTIAN","Republican Party","REP","House","H","Texas","TX","08","CONROE","TX","77305","2022","18-OCT-21","2021","202110189467933200"
"H2AZ01362","WATKINS, RON","Republican Party","REP","House","H","Arizona","AZ","01","SEDONA","AZ","86336","2022","17-OCT-21","2021","202110179467919358"
"H2CA21233","SALAS, RUDY","Democratic Party","DEM","House","H","California","CA","21","BAKERSFIELD","CA","93384","2022","17-OCT-21","2021","202110179467925851"
"S2PA00612","SLUZYNSKY, WALTER STEVE MR.","Democratic Party","DEM","Senate","S","Pennsylvania","PA","00","MONACA","PA","15061","2022","17-OCT-21","2021","202110179467919424"
"H2OR06058","NOBLE, RON","Republican Party","REP","House","H","Oregon","OR","06","CARLTON","OR","97111","2022","16-OCT-21","2021","202110169467919084"
"H2CA36454","GIBSON, JAMES FRANCIS","Republican Party","REP","House","H","California","CA","36","PALM DESERT","CA","92260","2022","16-OCT-21","2021","202110169467918875"
"S2MO00635","ALAM, MD RABBI DR","Democratic Party","DEM","Senate","S","Missouri","MO","00","KANSAS CITY","MO","64138","2022","15-OCT-21","2021","202110159467339777"
"H2AL05177","WARNER-STANTON, KATHY L","Democratic Party","DEM","House","H","Alabama","AL","05","DECATUR","AL","35603","2022","15-OCT-21","2021","202110159467340071"
"H2VA07170","ANDERSON, DERRICK","Republican Party","REP","House","H","Virginia","VA","07","HENRICO","VA","23242","2022","15-OCT-21","2021","202110159467348044"
"H8KY03187","CRAVEN , MIKE","Republican Party","REP","House","H","Kentucky","KY","03","LOUISVILLE","KY","40207","2022","15-OCT-21","2021","202111090300390304"
"H0NC06209","BUCARDO, JENNYFER","Republican Party","REP","House","H","North Carolina","NC","13","ASHEBORO","NC","27203","2022","15-OCT-21","2021","202110159467464340"
"H0NY10138","WYMAN, ROBERT MARK (BOB)","Democratic Party","DEM","House","H","New York","NY","10","NEW YORK","NY","10024","2022","15-OCT-21","2021","202110159467688745"
"H2GA14101","LUTIN, CHARLES DAVID DOCTOR","Republican Party","REP","House","H","Georgia","GA","14","ATLANTA","GA","30307","2022","15-OCT-21","2021","202110159467452979"
"H2CO05190","COLOMBE, MICHAEL CHRISTOPHER MR","Democratic Party","DEM","House","H","Colorado","CO","05","RAMAH","CO","80832","2022","14-OCT-21","2021","202110149467252901"
"S2CA01102","TEMURI, PRINCE MUHAMMAD ALI HH","UPP","UPP","Senate","S","California","CA","00","NEW YORK","CA","10001","2022","14-OCT-21","2021","202110149467253399"
"H2MA04115","BURNS, EMILY","Republican Party","REP","House","H","Massachusetts","MA","04","WABAN","MA","02468","2022","14-OCT-21","2021","202110149467253438"
"S2IA00172","FRANKEN, MICHAEL T","Democratic Party","DEM","Senate","S","Iowa","IA","00","SIOUX CITY","IA","51101","2022","14-OCT-21","2021","202110149467253861"
"H2MS02161","KERNER, GERALD M","Democratic Party","DEM","House","H","Mississippi","MS","02","CLINTON","MS","39056","2022","14-OCT-21","2021","202110150300388206"
"S2CO00258","FLORA, DEBORAH","Republican Party","REP","Senate","S","Colorado","CO","00","PARKER","CO","80134","2022","14-OCT-21","2021","202110149467257990"
"H2FL21132","ADEIMY, DEBORAH","Republican Party","REP","House","H","Florida","FL","21","WEST PALM BEACH","FL","33416","2022","14-OCT-21","2021","202110149467276681"
"H2CA33220","ZUNIGA, PALOMA","Republican Party","REP","House","H","California","CA","33","LOS ANGELES","CA","90028","2022","14-OCT-21","2021","202110149467277548"
"H2AZ03152","POZZOLO, LUIS B","Republican Party","REP","House","H","Arizona","AZ","03","MARICOPA","AZ","85138","2022","14-OCT-21","2021","202110149467257881"
"H2WA03183","FRENCH, LESLIE LEIGH","Republican Party","REP","House","H","Washington","WA","03","CAMAS","WA","98607","2022","13-OCT-21","2021","202110139467234372"
"S2AZ00380","OLSON, JUSTIN","Republican Party","REP","Senate","S","Arizona","AZ","00","PHOENIX","AZ","85082","2022","13-OCT-21","2021","202110139467238762"
"H2WI03130","COOKE, REBECCA","Democratic Party","DEM","House","H","Wisconsin","WI","03","EAU CLAIRE","WI","54702","2022","13-OCT-21","2021","202110139467239251"
"H2TX21177","BRANSCUM, COY","Democratic Party","DEM","House","H","Texas","TX","21","DRIPPING SPRINGS","TX","78620","2022","13-OCT-21","2021","202110139467239252"
"H2WA04199","WHITE, DOUG","Democratic Party","DEM","House","H","Washington","WA","04","YAKIMA","WA","98909","2022","13-OCT-21","2021","202110139467240906"
"S2CA01094","WILLIAMS, CORDIE LEE DR.","Republican Party","REP","Senate","S","California","CA","00","CARLSBAD","CA","92008","2022","13-OCT-21","2021","202110139467243507"
"H0GA03074","ALMONORD, VALBRUN DR.","Democratic Party","DEM","House","H","Georgia","GA","03","COLUMBUS","GA","31904","2022","13-OCT-21","2021","202110139467244135"
"H2OH14106","AWTREY, PATRICK EUGENE MR.","Republican Party","REP","House","H","Ohio","OH","14","SAGAMORE HILLS","OH","44067","2022","12-OCT-21","2021","202110129467225121"
"H2PA01099","EHASZ, ASHLEY","Democratic Party","DEM","House","H","Pennsylvania","PA","01","BENSALEM","PA","19020","2022","12-OCT-21","2021","202110129467225130"
"H2OR06041","WEST, MATTHEW","Democratic Party","DEM","House","H","Oregon","OR","06","BEAVERTON","OR","97075","2022","12-OCT-21","2021","202110129467225308"
"S2ID00137","LITTLE, MIKE JAMES MR JR","Republican Party","REP","Senate","S","Idaho","ID","00","WEISER","ID","83672","2022","12-OCT-21","2021","202110129467232318"
"H2KY03206","MCGARVEY, MORGAN","Democratic Party","DEM","House","H","Kentucky","KY","03","LOUISVILLE","KY","40205","2022","12-OCT-21","2021","202110129467230047"
"H2MA09247","ELLIS, GRANT SMITH","Democratic Party","DEM","House","H","Massachusetts","MA","09","WAREHAM","MA","02538","2022","12-OCT-21","2021","202110129467230876"
"H2VA05109","MCLELLAN, THOMAS WARREN","Democratic Party","DEM","House","H","Virginia","VA","05","CHARLOTTESVILLE","VA","22903","2022","12-OCT-21","2021","202110129467230877"
"H2TX15120","CAVAZOS, JOSE AIZAR","Republican Party","REP","House","H","Texas","TX","15","EDINBURG","TX","78539","2022","12-OCT-21","2021","202110129467229474"
"H2TX00064","SELF, KEITH ALAN","Republican Party","REP","House","H","Texas","TX","03","MCKINNEY ","TX","75071","2022","11-OCT-21","2021","202110119467220511"
"H2CO08046","GONZALEZ, RYAN ALEXANDER 9706732194","Republican Party","REP","House","H","Colorado","CO","08","GREELEY","CO","80634","2022","11-OCT-21","2021","202110119467224724"
"S2ID00129","TROTTER, JAMES SCOTT","Republican Party","REP","Senate","S","Idaho","ID","00","LEWISTON","ID","83501","2022","11-OCT-21","2021","202110119467224694"
"H2MD06302","SUMMERS, CARLEAH","Democratic Party","DEM","House","H","Maryland","MD","06","BRUNSWICK","MD","21716","2022","10-OCT-21","2021","202110109467211186"
"H2TX28107","CABRERA, ED","Republican Party","REP","House","H","Texas","TX","28","MISSION","TX","78574","2022","10-OCT-21","2021","202110109467216148"
"H2WA05097","DANIMUS, ANN MARIE","Democratic Party","DEM","House","H","Washington","WA","05","SPOKANE VALLEY","WA","99212","2022","10-OCT-21","2021","202110109467216136"
"H2CO03310","SKOWRONSKI, KRISTIN ELISE","Independent","IND","House","H","Colorado","CO","03","CRAIG","CO","81625","2022","09-OCT-21","2021","202110099467210490"
"H2GA08079","MOSLEY, MARK","Libertarian Party","LIB","House","H","Georgia","GA","08","FORSYTH","GA","31028","2022","09-OCT-21","2021","202110260300388748"
"H2GA02148","O'HARA, JOSEPH","Democratic Party","DEM","House","H","Georgia","GA","02","LEESBURG","GA","31763","2022","09-OCT-21","2021","202110099467210551"
"H2MD06294","SMILOWITZ, BENJAMIN","Democratic Party","DEM","House","H","Maryland","MD","06","GAITHERSBURG","MD","20884","2022","08-OCT-21","2021","202110089467207599"
"S2CO00241","O'DEA, JOSEPH MATTHEW","Republican Party","REP","Senate","S","Colorado","CO","00","GREENWOOD VILLAGE","CO","80111","2022","08-OCT-21","2021","202110089467207871"
"H2MN05182","BERMAN, JOHN","Republican Party","REP","House","H","Minnesota","MN","05","RICHLAND","WA","99352","2022","08-OCT-21","2021","202110089467209232"
"H2FL20225","DEGRAMMONT, VIC","Republican Party","REP","House","H","Florida","FL","20","LAUDERHILL","FL","33351","2022","08-OCT-21","2021","202110089467207080"
"H2NY04160","STANIFORD, WILLIAM","Republican Party","REP","House","H","New York","NY","04","LAWRENCE","NY","11559","2022","08-OCT-21","2021","202110089467206883"
"S2PA00604","CRUZ, ISRAEL","Republican Party","REP","Senate","S","Pennsylvania","PA","00","SHAMOKIN","PA","17872","2022","08-OCT-21","2021","202110089467206964"
"H2FL20316","ANDERSON, DWIGHT A MR","Democratic Party","DEM","House","H","Florida","FL","20","COCONUT CREEK","FL","33073","2022","08-OCT-21","2021","202110089467209237"
"H2NE02140","WILLIAMS, CORNELIUS F","Democratic Party","DEM","House","H","Nebraska","NE","02","OMAHA","NE","68110","2022","07-OCT-21","2021","202110079467202439"
"H2UT04080","HUEY, NICHOLAS MICHAEL","Republican Party","REP","House","H","Utah","UT","04","TAYLORSVILLE","UT","84129","2022","07-OCT-21","2021","202110079467203435"
"H8TX06266","ELLZEY, JOHN KEVIN SR.","Republican Party","REP","House","H","Texas","TX","06","AUSTIN","TX","78734","2022","07-OCT-21","2021","202110079467203436"
"H2ME02204","JOYCE, SEAN MICHAEL","Republican Party","REP","House","H","Maine","ME","02","NEWBURGH","ME","04444","2022","07-OCT-21","2021","202110150300388642"
"H2NY24143","KO, TIM","Republican Party","REP","House","H","New York","NY","24","FAYETTEVILLE","NY","13066","2022","07-OCT-21","2021","202110079467203447"
"H2MS04290","HOOK, LOUIS CHARLES DR.","Republican Party","REP","House","H","Mississippi","MS","04","BILOXI","MS","39530","2022","07-OCT-21","2021","202110079467206560"
"H2SD01041","HOWARD, TAFFY","Republican Party","REP","House","H","South Dakota","SD","00","RAPID CITY","SD","57702","2022","07-OCT-21","2021","202110079467203437"
"H2TX09131","ADDISON, RANDALL LEE MR.","Independent","IND","House","H","Texas","TX","09","KELLER","TX","76248","2022","06-OCT-21","2021","202110069467199735"
"S2MO00627","SIMS, DAVID E. MR.","Republican Party","REP","Senate","S","Missouri","MO","00","KANSAS CITY","MO","64155","2022","06-OCT-21","2021","202110069467198674"
"H2AZ06270","METZENDORF, ADAM","Democratic Party","DEM","House","H","Arizona","AZ","06","SCOTTSDALE","AZ","85257","2022","06-OCT-21","2021","202110069467201508"
"H2TX08265","BURROWS, CANDICE CUNNINGHAM MS","Republican Party","REP","House","H","Texas","TX","08","SPRING","TX","77389","2022","06-OCT-21","2021","202110069467201335"
"H2NY16073","CASANOVA DOMINGUEZ, MANUEL IGNACIO","Democratic Party","DEM","House","H","New York","NY","16","NEW ROCHELLE","NY","10804","2022","06-OCT-21","2021","202110069467201497"
"H0FL22118","PRUDEN, JAMES L.","Republican Party","REP","House","H","Florida","FL","22","COCONUT CREEK","FL","33073","2022","06-OCT-21","2021","202110069467201123"
"P20005674","MAUHILI, JAMES A III","Write-In","W","President","P","United States","00","00","EAST STROUDSBURG","PA","18301","2021","05-OCT-21","2021","202110059467196727"
"S2LA00135","MIXON, LUKE","Democratic Party","DEM","Senate","S","Louisiana","LA","00","BUNKIE","LA","71322","2022","05-OCT-21","2021","202110059467167500"
"H2NY23145","MOON, RICHARD","Republican Party","REP","House","H","New York","NY","23","DUBLIN","OH","43017","2022","05-OCT-21","2021","202110059467188614"
"H2AL01200","ALCORN, PETER DAVID","Republican Party","REP","House","H","Alabama","AL","01","MOBILE","AL","36693","2022","05-OCT-21","2021","202110059467188774"
"H2WA03175","RAY, DAVY","Democratic Party","DEM","House","H","Washington","WA","03","STEVENSON","WA","98648","2022","05-OCT-21","2021","202110059467196620"
"H2NC13193","KEIRSEY, KENT","Republican Party","REP","House","H","North Carolina","NC","13","SAXAPAHAW","NC","27340","2022","05-OCT-21","2021","202110059467189773"
"H0TX14218","WILLIAMS, MIKAL D. DR","Democratic Party","DEM","House","H","Texas","TX","14","KEMAH","TX","77565","2022","05-OCT-21","2021","202110059467191109"
"H2NJ11194","CASHA, LAWRENCE A","Republican Party","REP","House","H","New Jersey","NJ","11","MONTVILLE","NJ","07045","2022","05-OCT-21","2021","202110059467194018"
"H2SC04147","BURNS, MARK","Republican Party","REP","House","H","South Carolina","SC","04","GREENVILLE","SC","29603","2022","05-OCT-21","2021","202110059467196407"
"S2IN00216","YOUNG, ALEEM MR","Democratic Party","DEM","Senate","S","Indiana","IN","00","INDIANAPOLIS","IN","46218","2022","05-OCT-21","2021","202110059467189296"
"H2CO08038","TEDESCO, CHAZ","Democratic Party","DEM","House","H","Colorado","CO","08","THORNTON","CO","80229","2022","04-OCT-21","2021","202110049467158525"
"S2NC00588","EASTMAN, MAJORIE K","Republican Party","REP","Senate","S","North Carolina","NC","00","WAKE FOREST","NC","27588","2022","04-OCT-21","2021","202110049467158501"
"H2TX26184","WALKER, CRAIG","Republican Party","REP","House","H","Texas","TX","26","LANTANA","TX","76226","2022","04-OCT-21","2021","202110049467158792"
"H2SC01101","CINGOLANI, REBECCA NIESS","Democratic Party","DEM","House","H","South Carolina","SC","01","MT. PLEASANT","SC","29464","2022","04-OCT-21","2021","202110049467158854"
"H2WI05275","VAN SOMEREN, MIKE","Democratic Party","DEM","House","H","Wisconsin","WI","05","PEWAUKEE","WI","53072","2022","04-OCT-21","2021","202110049467158909"
"H2WA02227","KENNEDY, CARRIE R.","Republican Party","REP","House","H","Washington","WA","02","OAK HARBOR","WA","98277","2022","04-OCT-21","2021","202110049467158948"
"H4ID02063","SMITH, BRYAN","Republican Party","REP","House","H","Idaho","ID","02","IDAHO FALLS","ID","83405","2022","04-OCT-21","2021","202110049467158959"
"H2MO07168","WASSON, JAY","Republican Party","REP","House","H","Missouri","MO","07","NIXA","MO","65714","2022","04-OCT-21","2021","202110049467159000"
"H2NJ07200","ISEMANN, JOHN HENRY","Republican Party","REP","House","H","New Jersey","NJ","07","ALEXANDRIA","VA","22313","2022","04-OCT-21","2021","202110049467159686"
"S2UT00351","JENSEN, RUSSELL TYRONE","Republican Party","REP","Senate","S","Utah","UT","00","RICHFIELD","UT","84701","2022","04-OCT-21","2021","202110049467159730"
"S2SC00111","GETER, ANGELA MS","Democratic Party","DEM","Senate","S","South Carolina","SC","00","SPARTANBURG","SC","29304","2022","04-OCT-21","2021","202110049467159830"
"H2IA03127","LEFFLER, GARY D","Republican Party","REP","House","H","Iowa","IA","03","WEST DES MOINES","IA","50265","2022","04-OCT-21","2021","202110049467161786"
"H2NH02245","COZZENS, JEFF","Republican Party","REP","House","H","New Hampshire","NH","02","LITTLETON","NH","03561","2022","04-OCT-21","2021","202110049467161859"
"H2NY13120","WILLIAMS, LINDSEY DEMART","Democratic Party","DEM","House","H","New York","NY","13","NEW YORK","NY","10027","2022","04-OCT-21","2021","202110049467162372"
"H2NY08161","JOHNSON, QUEEN","Democratic Party","DEM","House","H","New York","NY","08","BROOKLYN","NY","11205","2022","04-OCT-21","2021","202110049467162902"
"S2UT00369","MCMULLIN, DAVID EVAN","Unaffiliated","UN","Senate","S","Utah","UT","00","SALT LAKE CITY","UT","84106","2022","04-OCT-21","2021","202110049467167137"
"H2WI03122","PFAFF, BRAD","Democratic Party","DEM","House","H","Wisconsin","WI","03","LA CROSSE","WI","54602","2022","04-OCT-21","2021","202110049467158496"
"H2IL01240","NIX, DARIUS DEE","Democratic Party","DEM","House","H","Illinois","IL","01","CHICAGO","IL","60629","2022","04-OCT-21","2021","202110049467158723"
"H0AL02202","HARVEY-HALL, PHYLLIS","Democratic Party","DEM","House","H","Alabama","AL","02","MONTGOMERY","AL","36111","2022","02-OCT-21","2021","202110029467157452"
"H0CT04229","GOLDSTEIN, MICHAEL","Republican Party","REP","House","H","Connecticut","CT","04","BEVERLY","MA","01915","2022","01-OCT-21","2021","202110019467153918"
"H2GA08061","REECE, MICHAEL MR.","Republican Party","REP","House","H","Georgia","GA","08","PERRY","GA","31069","2022","01-OCT-21","2021","202110019467157405"
"H2WI05267","KATZENMEYER, JESSICA","Democratic Party","DEM","House","H","Wisconsin","WI","05","WEST ALLIS","WI","53214","2022","01-OCT-21","2021","202110019467152781"
"H2NY01166","XIONG, YAN","Democratic Party","DEM","House","H","New York","NY","01","WESTBURY","NY","115907576","2022","01-OCT-21","2021","202110019467152799"
"H2MI08170","TROUTEN, BRYAN","Republican Party","REP","House","H","Michigan","MI","08","BURR OAK","MI","49030","2022","01-OCT-21","2021","202110019467152828"
"S2CO00225","CAMPANA, GINO","Republican Party","REP","Senate","S","Colorado","CO","00","FORT COLLINS","CO","80525","2022","01-OCT-21","2021","202110019467152861"
"H2NC13185","GEELS, COURTNEY JOELE","Republican Party","REP","House","H","North Carolina","NC","13","DURHAM","NC","27712","2022","01-OCT-21","2021","202110019467153770"
"H2TX03282","HARP, SUZANNE CASSIMATIS","Republican Party","REP","House","H","Texas","TX","03","ALLEN","TX","75002","2022","01-OCT-21","2021","202110019467153919"
"H2MN04169","BADHASSO, AMANE","Democratic-Farmer-Labor","DFL","House","H","Minnesota","MN","04","SAINT PAUL","MN","55107","2022","01-OCT-21","2021","202110019467154012"
"S2CO00233","HANKS, RON","Republican Party","REP","Senate","S","Colorado","CO","00","PENROSE","CO","81240","2022","01-OCT-21","2021","202110019467154809"
"H2TX28099","FOWLER, STEVEN","Republican Party","REP","House","H","Texas","TX","28","UNIVERSAL CITY","TX","78148","2022","01-OCT-21","2021","202110019467154895"
"H0WV03144","WATSON, EUGENE LACY","Democratic Party","DEM","House","H","West Virginia","WV","03","BLUEFIELD","WV","24701","2022","01-OCT-21","2021","202110019467155103"
"S2KS00113","HOLLAND, MARK R. REV.","Democratic Party","DEM","Senate","S","Kansas","KS","00","KANSAS CITY","KS","66102","2022","01-OCT-21","2021","202110019467155113"
"H2NJ05311","DE GREGORIO, NICHOLAS","Republican Party","REP","House","H","New Jersey","NJ","05","EDISON","NJ","08818","2022","01-OCT-21","2021","202110019467155121"
"H2CA37296","LEE, DANIEL WAYNE","Democratic Party","DEM","House","H","California","CA","37","CULVER CITY","CA","90230","2021","01-OCT-21","2021","202110019467155158"
"H2IL06108","OSTMAN, JOHN ALBIN","Republican Party","REP","House","H","Illinois","IL","06","DEER PARK","IL","60010","2022","01-OCT-21","2021","202110019467155180"
"H2NM01342","CHICK, CAMERON ALTON MR. SR","Independent","IND","House","H","New Mexico","NM","01","ALBUQUERQUE","NM","87107","2022","01-OCT-21","2021","202110019467155183"
"H2MI06141","O'DONNELL, SHERRY ANNE DR","Republican Party","REP","House","H","Michigan","MI","06","STEVENSVILLE","MI","49127","2022","01-OCT-21","2021","202110019467155278"
"S2WI00482","BEYER, BRAD","Republican Party","REP","Senate","S","Wisconsin","WI","00","BROOKFIELD","WI","53008","2022","01-OCT-21","2021","202110019467155356"
"H2CO00043","ARNOLD, JAMES G","Republican Party","REP","House","H","Colorado","CO","00","MONTROSE","CO","81401","2022","01-OCT-21","2021","202110019467149205"
"H2FL12081","CARNEVALE, MICHAEL","Republican Party","REP","House","H","Florida","FL","12","CLEARWATER","FL","33766","2022","30-SEP-21","2021","202109309467148892"
"S2KY00137","STAINFIELD, TAMI L.","Republican Party","REP","Senate","S","Kentucky","KY","00","MARION","KY","42064","2022","30-SEP-21","2021","202109309467147604"
"H2WA04181","GARCIA, BENANCIO MR. III","Republican Party","REP","House","H","Washington","WA","04","GRANDVIEW","WA","98930","2022","30-SEP-21","2021","202109309467149006"
"H2MO07150","WALKER, PAUL D","Republican Party","REP","House","H","Missouri","MO","07","SPRINGFIELD","MO","65810","2022","30-SEP-21","2021","202110010300387214"
"H2TX08257","KAISER, ADRIAN MR","Republican Party","REP","House","H","Texas","TX","08","MAGNOLIA","TX","77354","2022","29-SEP-21","2021","202109299467145960"
"H2MA07100","PALMER, DONNIE DIONICIO","Republican Party","REP","House","H","Massachusetts","MA","07","BOSTON","MA","02135","2021","29-SEP-21","2021","202109299467145958"
"S2IL00218","WALKER, IESHA NICOLE","Democratic Party","DEM","Senate","S","Illinois","IL","00","CHICAGO","IL","60624","2022","29-SEP-21","2021","202109299467147595"
"S2OK00137","BOLLINGER, JASON","Democratic Party","DEM","Senate","S","Oklahoma","OK","00","OKLAHOMA CITY","OH","73157","2022","28-SEP-21","2021","202109289467142077"
"H2NC02220","SAFTA, ADINA","Republican Party","REP","House","H","North Carolina","NC","02","RALEIGH","NC","27603","2022","28-SEP-21","2021","202109289467145192"
"S2FL00706","DEPUY, KEVIN C GYSGT","Republican Party","REP","Senate","S","Florida","FL","00","SEBRING","FL","33872","2022","28-SEP-21","2021","202109289467145554"
"S2OK00145","DAHM, NATHAN","Republican Party","REP","Senate","S","Oklahoma","OK","00","BROKEN ARROW","OK","74013","2022","28-SEP-21","2021","202109289467145194"
"H2GA03179","CRAIG, JARED","Republican Party","REP","House","H","Georgia","GA","03","NEWNAN","GA","30265","2022","28-SEP-21","2021","202109289467145256"
"H2TX08240","PHILIPS, MIKE","Republican Party","REP","House","H","Texas","TX","08","GRAPELAND","TX","75844","2022","27-SEP-21","2021","202109279466983577"
"H2NJ03241","HYLAND, SHAWN","Republican Party","REP","House","H","New Jersey","NJ","03","BAYVILLE","NJ","08721","2022","27-SEP-21","2021","202109279466981570"
"S2NC00570","CARR, JAMES LESTER MR. JR.","Democratic Party","DEM","Senate","S","North Carolina","NC","00","HARRISBURG","NC","28075","2022","26-SEP-21","2021","202109269466981487"
"P20005666","CUTLER, KITA","Independent","IND","President","P","United States","00","00","CHICO","CA","95928","2021","26-SEP-21","2021","202109269466981482"
"S2CO00217","TREVI?O, AARON DAVID","No Party Affiliation","NPA","Senate","S","Colorado","CO","00","COLORADO SPRINGS","CO","80925","2022","25-SEP-21","2021","202109259466981031"
"H2OH11151","TURNER, NINA","Democratic Party","DEM","House","H","Ohio","OH","11","CLEVELAND","OH","44101","2022","24-SEP-21","2021","202109249466981006"
"H2NY21172","SHERRILL, KEITH","Democratic Party","DEM","House","H","New York","NY","21","SACKETS HARBOR","NY","13685","2022","24-SEP-21","2021","202109249466979245"
"H2MN05174","ABDIRAHMAN, SHUKRI ABDULLAHI MS.","Republican Party","REP","House","H","Minnesota","MN","05","APPLE VALLEY","MN","55124","2022","24-SEP-21","2021","202109249466979017"
"H2WA09156","CHAN, SEA","Republican Party","REP","House","H","Washington","WA","09","RENTON","WA","98055","2022","23-SEP-21","2021","202109239466978997"
"H2NJ11186","DEGROOT, PAUL","Republican Party","REP","House","H","New Jersey","NJ","11","PINE BROOK","NJ","07058","2022","22-SEP-21","2021","202109229466974771"
"H2CA36447","REISS, JONATHAN","Republican Party","REP","House","H","California","CA","36","PALM DESERT","CA","92255","2022","22-SEP-21","2021","202109229466975136"
"H4GA12051","YU, EUGENE CHIN MR.","Republican Party","REP","House","H","Georgia","GA","07","ATLANTA","GA","30340","2022","22-SEP-21","2021","202109229466975633"
"H2GA03161","SIMPSON, RHONDA ELAINE","Republican Party","REP","House","H","Georgia","GA","03","BREMEN","GA","30110","2022","22-SEP-21","2021","202109229466975415"
"H2NC08235","VILLAVERDE, CHRISTINE","Republican Party","REP","House","H","North Carolina","NC","08","RALEIGH","NC","27624","2022","22-SEP-21","2021","202109229466975413"
"P20005658","KOEPPEL, NYKKOLE JANELLE","Republican Party","REP","President","P","California","CA","00","JOSHUA TREE","CA","92252","2022","21-SEP-21","2021","202109219466966170"
"H2IA02129","KERNER, JOSEPH","Democratic Party","DEM","House","H","Iowa","IA","02","COLFAX","IA","50054","2022","21-SEP-21","2021","202109219466967157"
"S2OH00477","DOLAN, MATT","Republican Party","REP","Senate","S","Ohio","OH","00","HUDSON","OH","44236","2022","21-SEP-21","2021","202109219466967151"
"H2GA01264","LITCHFIELD, GEORGE E MR. II","Conservative Party","CRV","House","H","Georgia","GA","01","MARIETTA","GA","30060","2022","21-SEP-21","2021","202109219466966181"
"H2IN09225","MILLIS, TONYA LYNN","Libertarian Party","LIB","House","H","Indiana","IN","09","MITCHELL","IN","47446","2022","20-SEP-21","2021","202109209466762317"
"S2IL00200","CHLEBEK, CASEY","Republican Party","REP","Senate","S","Illinois","IL","00","LAKE FOREST","IL","60045","2022","20-SEP-21","2021","202109209466784553"
"H6CA01202","PETERSON, DAVID","Democratic Party","DEM","House","H","California","CA","01","GRASS VALLEY","CA","95945","2022","20-SEP-21","2021","202109209466784869"
"H8AZ02201","MARTIN, BRANDON RAY","Republican Party","REP","House","H","Arizona","AZ","02","SIERRA VISTA","AZ","85650","2022","20-SEP-21","2021","202109209466789650"
"H2WA08190","GREYWOLF, JUSTIN","Independent","IND","House","H","Washington","WA","08","RENTON","WA","98058","2022","20-SEP-21","2021","202109209466854292"
"S2GA00258","LITCHFIELD, GEORGE E MR. II","Conservative Party","CRV","Senate","S","Georgia","GA","00","MARIETTA","GA","30060","2022","20-SEP-21","2021","202109209466963763"
"H2MO03159","KARLEN, JONATHAN","Democratic Party","DEM","House","H","Missouri","MO","03","O'FALLON","MO","63366","2022","20-SEP-21","2021","202109209466786220"
"P20005641","CURRY, JAQUAN PHILLIP","Democratic Party","DEM","President","P","United States","00","00","RIDGEVILLE","SC","29472","2022","19-SEP-21","2021","202109199466732997"
"H2DE01039","HILL, CHRISTOPHER BROOKS MR.","Republican Party","REP","House","H","Delaware","DE","00","BEAR","DE","19701","2022","18-SEP-21","2021","202109189466730359"
"H2KY03198","BARRIOS MORENO, DARIEN D","Republican Party","REP","House","H","Kentucky","KY","03","LOUISVILLE","KY","40219","2022","18-SEP-21","2021","202109189466732844"
"H2GA13012","SCOTT, DAVID ALBERT","Democratic Party","DEM","House","H","Georgia","GA","13","ATLANTA","GA","30307","2022","18-SEP-21","2021","202109189466732823"
"S2SD00118","WHALEN, BRUCE SR.","Republican Party","REP","Senate","S","South Dakota","SD","00","PINE RIDGE","SD","57770","2022","18-SEP-21","2021","202109189466730364"
"H2TN05347","BROOKS, NATISHA","Republican Party","REP","House","H","Tennessee","TN","05","BRENTWOOD","TN","37024","2022","17-SEP-21","2021","202109179466705165"
"S2NV00340","DESTIN, JOSEPH J","No Party Affiliation","NPA","Senate","S","Nevada","NV","00","LAS VEGAS","NV","89120","2022","17-SEP-21","2021","202109179466714177"
"H2NY19127","MOLINARO, MARCUS J.","Republican Party","REP","House","H","New York","NY","19","POUGHKEEPSIE","NY","12602","2022","17-SEP-21","2021","202109179466713511"
"H0FL19163","AQUINO, DARREN DIONE MR.","Republican Party","REP","House","H","Florida","FL","25","NAPLES","FL","34119","2022","17-SEP-21","2021","202109179466711485"
"S2GA00241","LITCHFIELD, GEORGE E MR. II","Conservative Party","CRV","Senate","S","Georgia","GA","00","MARIETTA","GA","30060","2022","16-SEP-21","2021","202109169466704927"
"H2UT04072","HUNSAKER, JAKE","Republican Party","REP","House","H","Utah","UT","04","RIVERTON","UT","84065","2022","16-SEP-21","2021","202109169466703027"
"H2VA11206","CLANCY, MIKE","Republican Party","REP","House","H","Virginia","VA","11","ALEXANDRIA","VA","22313","2022","15-SEP-21","2021","202109159466684490"
"S2KY00129","FREDRICK, VAL DR","Republican Party","REP","Senate","S","Kentucky","KY","00","MURRAY","KY","42071","2022","15-SEP-21","2021","202109159466687824"
"H2FL11141","DENO, AL","Republican Party","REP","House","H","Florida","FL","11","LEESBURG","FL","34788","2022","15-SEP-21","2021","202109159466680661"
"H2NM02191","VASQUEZ, GABRIEL","Democratic Party","DEM","House","H","New Mexico","NM","02","MESILLA","NM","88046","2022","15-SEP-21","2021","202109159466679474"
"H2IN07161","KLOSOWSKI, JIMMY","Republican Party","REP","House","H","Indiana","IN","07","INDIANAPOLIS","IN","46237","2022","15-SEP-21","2021","202109159466680660"
"H2FL10267","RAMBARANSINGH, MAHENDRANATH TROY","Republican Party","REP","House","H","Florida","FL","10","WINDERMERE","FL","34786","2022","15-SEP-21","2021","202109159466688789"
"H2FL14269","BRADLEY, CHRISTOPHER","Democratic Party","DEM","House","H","Florida","FL","14","TAMPA","FL","33611","2022","14-SEP-21","2021","202109149466670892"
"H2NJ01120","DESANTIS, MARIO","Democratic Party","DEM","House","H","New Jersey","NJ","01","COLLINGSWOOD","NJ","08108","2022","14-SEP-21","2021","202109149466679258"
"H2TX32133","WEBB, JUSTIN","Republican Party","REP","House","H","Texas","TX","32","DALLAS","TX","75287","2022","14-SEP-21","2021","202109149466675855"
"H2GA14093","STRAHAN, JENNIFER","Republican Party","REP","House","H","Georgia","GA","14","DALLAS","GA","30132","2022","13-SEP-21","2021","202109139466664537"
"H4CA30123","RAB, AEJAZ (RAJI)","Democratic Party","DEM","House","H","California","CA","30","WEST HILLS","CA","91307","2022","13-SEP-21","2021","202109139466669143"
"H2NC14027","CLICK, NATHAN","Democratic Party","DEM","House","H","North Carolina","NC","14","MORRISVILLE","NC","27560","2022","13-SEP-21","2021","202109139466670183"
"H2TX01104","ATHOLI, ADITYA","Republican Party","REP","House","H","Texas","TX","01","CENTER","TX","75935","2022","13-SEP-21","2021","202109139466669592"
"H2CA49259","ELIZABETH, ANNE","Republican Party","REP","House","H","California","CA","49","DANA POINT","CA","92629","2022","13-SEP-21","2021","202109139466670145"
"H2TX34170","SANDOVAL REYNOSO, BEATRIZ","Democratic Party","DEM","House","H","Texas","TX","34","HARLINGEN","TX","78553","2022","13-SEP-21","2021","202109139466669529"
"H2NH02237","GREESON, JEFFREY","Republican Party","REP","House","H","New Hampshire","NH","02","WENTWORTH","NH","03282","2022","12-SEP-21","2021","202109129466648656"
"H2NY14102","HOWE, JONATHAN MR.","Libertarian Party","LIB","House","H","New York","NY","14","ASTORIA","NY","11105","2022","12-SEP-21","2021","202109129466648650"
"H2TX12101","CATALA, RYAN JOSHUA","Republican Party","REP","House","H","Texas","TX","12","FORT WORTH","TX","76107","2022","11-SEP-21","2021","202109119466648406"
"H2MS04282","SELLERS, DAVID","Democratic Party","DEM","House","H","Mississippi","MS","04","HATTIESBURG","MS","39404","2022","10-SEP-21","2021","202109109466644999"
"H2CA02217","SPICER, REBECCA JUNE","Conservative Party","CRV","House","H","California","CA","02","WILLITS","CA","95490","2022","10-SEP-21","2021","202109109466644375"
"H2GA09218","WALTON, PAUL","Democratic Party","DEM","House","H","Georgia","GA","09","HULL","GA","30646","2022","09-SEP-21","2021","202109099466635477"
"H2WY00166","HAGEMAN, HARRIET","Republican Party","REP","House","H","Wyoming","WY","00","CHEYENNE","WY","82003","2022","09-SEP-21","2021","202109099466635855"
"S2WA00429","HAGGLUND, BOB","Republican Party","REP","Senate","S","Washington","WA","00","LAKE STEVENS","WA","98258","2022","09-SEP-21","2021","202109099466636301"
"H2CA27248","JORDAN, ALI","None","NNE","House","H","California","CA","27","ALTADENA","CA","91001","2022","09-SEP-21","2021","202109099466638086"
"S2NC00562","HOH, MATTHEW PATRICK MR","Green Party","GRE","Senate","S","North Carolina","NC","00","WAKE FOREST","NC","27587","2022","09-SEP-21","2021","202109099466636817"
"S2WI00474","RUMBAUGH, JEFF MR","Democratic Party","DEM","Senate","S","Wisconsin","WI","00","MADISON","WI","53726","2022","09-SEP-21","2021","202109099466637057"
"H2NH01288","HUFF BROWN, GAIL","Republican Party","REP","House","H","New Hampshire","NH","01","RYE","NH","03870","2022","09-SEP-21","2021","202109099466637965"
"H2AL02174","SLATE, JACK","Democratic Party","DEM","House","H","Alabama","AL","02","MONTGOMERY","AL","36111","2022","09-SEP-21","2021","202109099466636341"
"H2NY21164","CASTELLI, MATT","Democratic Party","DEM","House","H","New York","NY","21","WILTON","NY","12831","2022","08-SEP-21","2021","202109089466632644"
"S2GA00233","JOHNSON, ERIC CHASE","Independent","IND","Senate","S","Georgia","GA","00","CASPER","WY","82601","2022","08-SEP-21","2021","202109089466635144"
"H2FL11133","FARLEY, STEVE EDWARD","Republican Party","REP","House","H","Florida","FL","11","TAVARES","FL","32778","2022","08-SEP-21","2021","202109089466635124"
"H2SC07298","BARTON, GARRETT DR.","Republican Party","REP","House","H","South Carolina","SC","07","MYRTLE BEACH","SC","29578","2022","07-SEP-21","2021","202109079466612878"
"H8VA06138","LEWIS, JENNIFER LYNN","Democratic Party","DEM","House","H","Virginia","VA","06","STAUNTON","VA","24402","2022","07-SEP-21","2021","202109079466619045"
"H2NC11262","SMITH, BROOKER LOGAN","Democratic Party","DEM","House","H","North Carolina","NC","11","BAKERSVILLE","NC","28705","2022","07-SEP-21","2021","202109079466619839"
"H0IL01210","MATTHEWS, AMEENA","Democratic Party","DEM","House","H","Illinois","IL","01","TINLEY PARK","IL","60477","2022","07-SEP-21","2021","202109100300386793"
"H2CA14147","MATTAMMAL, GUS","Republican Party","REP","House","H","California","CA","14","SAN MATEO","CA","94404","2022","07-SEP-21","2021","202109079466622218"
"H2FL09228","MOORE, SCOTTY","Republican Party","REP","House","H","Florida","FL","09","ORLANDO","FL","32828","2022","07-SEP-21","2021","202109079466623118"
"H2MS04274","WAGNER, CLAY","Republican Party","REP","House","H","Mississippi","MS","04","KILN","MS","39556","2022","07-SEP-21","2021","202109079466621953"
"H2FL05218","MARC, JONATHAN","Democratic Party","DEM","House","H","Florida","FL","05","MIAMI","FL","33146","2022","06-SEP-21","2021","202109069466604059"
"H2FL03197","ASENSIO, MANUEL P","Republican Party","REP","House","H","Florida","FL","03","GAINESVILLE","FL","32601","2022","05-SEP-21","2021","202109059466604051"
"H2WI03114","SMITH, MORGAN ANTHONY MR","Republican Party","REP","House","H","Wisconsin","WI","03","LAKE HALLIE","WI","54729","2021","05-SEP-21","2021","202109059466604032"
"S2NC00554","BOOKER, PATRICE CHRELLE","Democratic Party","DEM","Senate","S","North Carolina","NC","00","TRYON","NC","28782","2022","04-SEP-21","2021","202109049466603499"
"H0PA18089","NEVILLS, DONALD RAYMOND","Republican Party","REP","House","H","Pennsylvania","PA","18","CLAIRTON","PA","15025","2022","03-SEP-21","2021","202109039466603229"
"H2KY03180","DEVORE, ROBERT LEWIS MR. JR.","Republican Party","REP","House","H","Kentucky","KY","03","LOUISVILLE","KY","40228","2022","03-SEP-21","2021","202109039466602982"
"H2SC01093","ALLEN, THOMAS JASON","Republican Party","REP","House","H","South Carolina","SC","01","SUMMERVILLE","SC","29486","2022","03-SEP-21","2021","202109039466602574"
"H2TX07093","WELCH, RICHARD MR","Republican Party","REP","House","H","Texas","TX","07","TOMBALL","TX","77375","2022","03-SEP-21","2021","202109039466601954"
"H2TX18181","HUCKABEE, SCOTT","Republican Party","REP","House","H","Texas","TX","18","HUNTSVILLE","TX","77320","2022","02-SEP-21","2021","202109029466600517"
"H2TX21169","GACIS, CHERIF","Democratic Party","DEM","House","H","Texas","TX","21","SAN MARCOS","TX","78666","2022","02-SEP-21","2021","202109029466600518"
"H2SC04139","LAPIERRE, MICHAEL JAMES MR.","Republican Party","REP","House","H","South Carolina","SC","04","GREENVILLE","SC","29609","2022","02-SEP-21","2021","202109029466599858"
"H2VA04128","DICKINSON, MICHAEL ROBERT DR.","Republican Party","REP","House","H","Virginia","VA","04","RICHMOND","VA","23221","2022","02-SEP-21","2021","202109029466600804"
"S2IL00192","WALLACE, ERIC M","Republican Party","REP","Senate","S","Illinois","IL","00","FLOSSMOOR","IL","60422","2022","02-SEP-21","2021","202109029466599832"
"H2MI11232","DENOTTER, MATTHEW","Republican Party","REP","House","H","Michigan","MI","11","HIGHLAND","MI","48356","2022","02-SEP-21","2021","202109029466600529"
"H0FL22100","SWAFFAR, DARLENE","Republican Party","REP","House","H","Florida","FL","22","DEERFIELD BEACH","FL","33441","2022","01-SEP-21","2021","202109019466582620"
"H2MO07143","BURLISON, ERIC","Republican Party","REP","House","H","Missouri","MO","07","SPRINGFIELD","MO","65804","2022","01-SEP-21","2021","202109019466580677"
"H2WV01110","WEINSTEIN, ALEXANDER WOLF MISTER","Republican Party","REP","House","H","West Virginia","WV","01","BRIDGEPORT","WV","26330","2022","01-SEP-21","2021","202109019466580682"
"H2KY04204","LYKINS, JARROD MASON","Republican Party","REP","House","H","Kentucky","KY","04","WALTON","KY","41094","2022","01-SEP-21","2021","202109019466581182"
"H2ME01131","THELANDER, EDWIN MR.","Republican Party","REP","House","H","Maine","ME","01","BRISTOL","ME","04539","2022","01-SEP-21","2021","202109019466581183"
"H2TX32125","PORRO, JOHN CHARLES","Republican Party","REP","House","H","Texas","TX","32","DALLAS","TX","75220","2022","01-SEP-21","2021","202109019466599802"
"H2NC09191","HELMS, TERESA","Republican Party","REP","House","H","North Carolina","NC","09","MONROE","NC","28110","2022","01-SEP-21","2021","202109019466581821"
"H2MI08162","LOTT, CHERIE","Republican Party","REP","House","H","Michigan","MI","08","ROCHESTER","MI","48308","2022","01-SEP-21","2021","202109019466582373"
"H2NC07153","SOUTHWORTH-BECKWITH, MAXIMILLIAN","Republican Party","REP","House","H","North Carolina","NC","07","CURRIE","NC","28435","2022","01-SEP-21","2021","202109019466583269"
"H2MD03192","CROOM, GEORGE","Democratic Party","DEM","House","H","Maryland","MD","03","BALTIMORE","MD","21231","2022","01-SEP-21","2021","202109019466583840"
"H2GA07139","GEORGE, YAHANSEH YG NIGHTSTORM","Republican Party","REP","House","H","Georgia","GA","07","ALPHARETTA","GA","30005","2022","01-SEP-21","2021","202109019466599801"
"S2OR00168","HARBICK, DARIN","Republican Party","REP","Senate","S","Oregon","OR","00","MCKENZIE BRIDGE","OR","97413","2022","01-SEP-21","2021","202109019466581749"
"H2NH02229","POIRIER, DEAN ALLAN MR","Republican Party","REP","House","H","New Hampshire","NH","02","CONCORD","NH","03301","2022","31-AUG-21","2021","202108319466573840"
"H2AR01105","SMITH, BRANDT","Republican Party","REP","House","H","Arkansas","AR","01","JONESBORO","AR","73404","2022","31-AUG-21","2021","202108319466574212"
"H0RI02287","LANCIA, BOB","Republican Party","REP","House","H","Rhode Island","RI","02","CRANSTON","RI","02920","2022","31-AUG-21","2021","202108319466574225"
"H2TX00015","JOHNSON, EDDIE BERNICE","Democratic Party","DEM","House","H","Texas","TX","30","DALLAS","TX","75228","2022","31-AUG-21","2021","202108319466574384"
"S2WA00411","ISHII, DAVID TADASHI","Democratic Party","DEM","Senate","S","Washington","WA","00","SEATTLE","WA","98144","2022","31-AUG-21","2021","202108319466573526"
"H0NM01189","GARCIA HOLMES, MICHELLE","Republican Party","REP","House","H","New Mexico","NM","01","ALBUQUERQUE","NM","87199","2022","31-AUG-21","2021","202108319466573732"
"H2OK05151","BROYLES, ABBY","Democratic Party","DEM","House","H","Oklahoma","OK","05","OKLAHOMA CITY","OK","73157","2022","31-AUG-21","2021","202108319466574207"
"H2AZ09183","DAVISON, JERONE","Republican Party","REP","House","H","Arizona","AZ","09","TEMPE","AZ","85281","2022","31-AUG-21","2021","202108319466574175"
"H0NY24063","CONOLE, FRANCIS","Democratic Party","DEM","House","H","New York","NY","24","SYRACUSE","NY","13201","2022","31-AUG-21","2021","202108319466574178"
"H2AZ02378","WINN, KATHLEEN","Republican Party","REP","House","H","Arizona","AZ","02","TUCSON","AZ","85749","2022","30-AUG-21","2021","202108309466573317"
"H0NH01282","MOWERS, MATT","Republican Party","REP","House","H","New Hampshire","NH","01","BEDFORD","NH","03110","2022","30-AUG-21","2021","202108309466567646"
"H0CA52083","DEBELLO, JAMES","Republican Party","REP","House","H","California","CA","52","SAN DIEGO","CA","92106","2022","30-AUG-21","2021","202108309466568353"
"H2MO07135","MOON, MIKE","Republican Party","REP","House","H","Missouri","MO","07","REPUBLIC","MO","65738","2022","30-AUG-21","2021","202108309466573295"
"H2VA04128","DICKINSON, MICHAEL ROBERT DR.","Republican Party","REP","House","H","Virginia","VA","04","RICHMOND","VA","23221","2021","29-AUG-21","2021","202108299466567381"
"H2AL02166","PATEL, VIMAL","Democratic Party","DEM","House","H","Alabama","AL","02","DOTHAN","AL","36305","2022","29-AUG-21","2021","202108299466567407"
"H2TX02367","GUILLORY, BRETT J","Republican Party","REP","House","H","Texas","TX","02","HOUSTON","TX","77070","2022","29-AUG-21","2021","202108299466567413"
"H2OH13215","JONES, ERIC SCOTT","Democratic Party","DEM","House","H","Ohio","OH","13","YOUNGSTOWN","OH","44515","2022","28-AUG-21","2021","202108289466566744"
"H2CO06198","WHITE, ANDREW FORREST","Independent","IND","House","H","Colorado","CO","06","HIGHLANDS RANCH","CO","80130","2022","27-AUG-21","2021","202108279466566555"
"H2WI02173","BARRY, CHARITY","Republican Party","REP","House","H","Wisconsin","WI","02","MINERAL POINT","WI","53565","2022","27-AUG-21","2021","202108279466565936"
"H2TX08232","ETWOP, MARTIN","Republican Party","REP","House","H","Texas","TX","08","CONROE","TX","77385","2022","27-AUG-21","2021","202108279466565523"
"H2WV01128","BRAUN, CARLY","Republican Party","REP","House","H","West Virginia","WV","01","MORGANTOWN","WV","26507","2022","27-AUG-21","2021","202108279466565462"
"S2OK00129","FARR, JOAN E. MS.","Republican Party","REP","Senate","S","Oklahoma","OK","00","TULSA","OK","74134","2022","27-AUG-21","2021","202108279466565430"
"S2KS00105","FARR, JOAN E. MS.","Republican Party","REP","Senate","S","Kansas","KS","00","DERBY","KS","67037","2022","27-AUG-21","2021","202108279466565429"
"H2IL14086","PIERCE, MICHAEL DAVID MAJ (RET.)","Republican Party","REP","House","H","Illinois","IL","14","NAPERVILLE","IL","60564","2022","27-AUG-21","2021","202108279466565402"
"H0NJ10216","RIVERA, ANA ISABEL","Republican Party","REP","House","H","New Jersey","NJ","10","NEWARK","NJ","07104","2022","27-AUG-21","2021","202108279466566672"
"H2CA21225","MEDEIROS, ADAM THOMAS MR","Republican Party","REP","House","H","California","CA","21","HANFORD","CA","93230","2022","26-AUG-21","2021","202108269466564524"
"H2NV02502","HANIFAN, TIMOTHY R.","Democratic Party","DEM","House","H","Nevada","NV","02","RENO","NV","89511","2022","26-AUG-21","2021","202108269466565384"
"H2IL07122","WALKER, IESHA NICOLE","Democratic Party","DEM","House","H","Illinois","IL","07","CHICAGO","IL","60624","2022","26-AUG-21","2021","202108300300386520"
"H0FL20112","JONES, LATERESA ANN","Republican Party","REP","House","H","Florida","FL","20","WEST PALM BEACH","FL","33401","2022","26-AUG-21","2021","202108269466562285"
"H2MI06133","JOHNSEN, GINA","Republican Party","REP","House","H","Michigan","MI","06","ALLEGAN","MI","49010","2022","26-AUG-21","2021","202108269466561935"
"S2OR00150","PALMER, SAMUEL","Republican Party","REP","Senate","S","Oregon","OR","00","JOHN DAY","OR","97845","2022","26-AUG-21","2021","202108269466564569"
"H2CA21217","FLORES-GIBSON, MARTHA ELENA DR","Republican Party","REP","House","H","California","CA","21","BAKERSFIELD","CA","93312","2022","25-AUG-21","2021","202108259466561860"
"S2AL00186","SANDER, JARMAL JABBAR REV","Unaffiliated","UN","Senate","S","Alabama","AL","00","SELMA","AL","36701","2022","25-AUG-21","2021","202108259466561417"
"H2OH03182","PRESTON, JOY","Republican Party","REP","House","H","Ohio","OH","03","COLUMBUS","OH","43229","2021","25-AUG-21","2021","202108259466561310"
"H2GA03153","MOORE, RODNEY R.","Republican Party","REP","House","H","Georgia","GA","03","HOGANSVILLE","GA","30230","2022","25-AUG-21","2021","202108259466561524"
"H4AS00036","AMATA, AUMUA","Republican Party","REP","House","H","American Samoa","AS","00","PAGO PAGO","AS","96799","2022","24-AUG-21","2021","202108249466561293"
"S2GA00225","WALKER, HERSCHEL MR.","Republican Party","REP","Senate","S","Georgia","GA","00","ATLANTA","GA","30327","2022","24-AUG-21","2021","202108249466558667"
"S2GA00217","CRAIG, JARED B ESQ","Republican Party","REP","Senate","S","Georgia","GA","00","NEWNAN","GA","30265","2022","24-AUG-21","2021","202108249466558592"
"H2OH07175","SHOEMAKER, MATTHEW","Republican Party","REP","House","H","Ohio","OH","07","COLUMBIA STATION","OH","44028","2022","24-AUG-21","2021","202108249466558587"
"S2AL00178","DUNN, MICHAEL BLAKE","Republican Party","REP","Senate","S","Alabama","AL","00","TRAFFORD","AL","35172","2022","24-AUG-21","2021","202108249466558391"
"H2IL13153","BUDZINSKI, NIKKI","Democratic Party","DEM","House","H","Illinois","IL","13","SPRINGFIELD","IL","62705","2022","24-AUG-21","2021","202108249466558405"
"H2IA02111","BOHANNAN, CHRISTINA","Democratic Party","DEM","House","H","Iowa","IA","02","IOWA CITY","IA","52245","2022","24-AUG-21","2021","202108249466558406"
"H2CO02171","MCGONIGAL, RYAN JAMES","Write-In","W","House","H","Colorado","CO","02","LOVELAND","CO","80537","2022","24-AUG-21","2021","202108249466558821"
"H2KY01085","AUSBROOKS, JIMMY CLIFTON","Democratic Party","DEM","House","H","Kentucky","KY","01","FRANKLIN","KY","42134","2022","23-AUG-21","2021","202108239466556290"
"S2CA01078","CONN, JAMES HENRY","Green Party","GRE","Senate","S","California","CA","00","EUREKA","CA","95501","2022","23-AUG-21","2021","202108239466558008"
"H2NV03203","BOSSERT, CLARK","Republican Party","REP","House","H","Nevada","NV","03","LAS VEGAS","NV","89123","2022","23-AUG-21","2021","202108239466558251"
"H2FL21124","SKRBIC, LJUBO DR","Republican Party","REP","House","H","Florida","FL","21","PALM BEACH","FL","33480","2022","23-AUG-21","2021","202108239466558283"
"H2CO08020","CARAVEO, YADIRA","Democratic Party","DEM","House","H","Colorado","CO","08","EASTLAKE","CO","80614","2022","23-AUG-21","2021","202108239466558382"
"H2NY10142","ROBINSON, BRIAN JEFFREY","Democratic Party","DEM","House","H","New York","NY","10","NEW YORK","NY","10013","2022","23-AUG-21","2021","202108239466556281"
"H2PA17103","DELUZIO, CHRISTOPHER","Democratic Party","DEM","House","H","Pennsylvania","PA","17","PITTSBURGH","PA","15242","2022","23-AUG-21","2021","202108239466556250"
"H6TX24149","MCDOWELL, JAN","Democratic Party","DEM","House","H","Texas","TX","24","CARROLLTON","TX","75007","2022","22-AUG-21","2021","202108229466556003"
"H2CA07133","DANIELS, BRET","Republican Party","REP","House","H","California","CA","07","CITRUS HEIGHTS","CA","95611","2022","20-AUG-21","2021","202108209466443627"
"S2MD00552","TARANTIN, JAMES","Republican Party","REP","Senate","S","Maryland","MD","00","BETHESDA","MD","20814","2022","20-AUG-21","2021","202108209466445092"
"H2MI07115","TONON, ADRIAN LINO","Democratic Party","DEM","House","H","Michigan","MI","07","DETROIT","MI","48208","2022","20-AUG-21","2021","202108209466487409"
"S2PA00596","DOUGHERTY, KAEL","Democratic Party","DEM","Senate","S","Pennsylvania","PA","00","PHILADELPHIA","PA","19145","2022","20-AUG-21","2021","202108209466511703"
"H2TX15112","MCCAFFREY, FRANCIS TIMOTHY MR.","Republican Party","REP","House","H","Texas","TX","15","MCALLEN","TX","78504","2022","20-AUG-21","2021","202108209466552716"
"H2FL25075","MEDINA, IAN ANTHONY","Democratic Party","DEM","House","H","Florida","FL","25","MIAMI LAKES","FL","33014","2022","19-AUG-21","2021","202108199466341545"
"H2NC13177","HAFF, GRAYSON","Republican Party","REP","House","H","North Carolina","NC","13","CHINA GROVE","NC","28023","2022","19-AUG-21","2021","202108199466341572"
"S2AL00194","BODDIE, LILLIE","Republican Party","REP","Senate","S","Alabama","AL","00","FLORENCE","AL","35630","2022","19-AUG-21","2021","202108300300386478"
"S2PA00588","DOUGHERTY, KAEL","Democratic Party","DEM","Senate","S","Pennsylvania","PA","00","PHILADELPHIA","PA","19145","2022","19-AUG-21","2021","202108199466358131"
"H2GA13061","GRAY, ANTONIO DARNELL","Democratic Party","DEM","House","H","Georgia","GA","13","ATLANTA","GA","30349","2022","19-AUG-21","2021","202108199466352945"
"S2OH00469","HARPER, MORGAN","Democratic Party","DEM","Senate","S","Ohio","OH","00","COLUMBUS","OH","43215","2022","18-AUG-21","2021","202108189466317504"
"H2TX06392","BUFORD, JAMES R.","Republican Party","REP","House","H","Texas","TX","06","GRAND PRAIRIE","TX","75053","2022","18-AUG-21","2021","202108189466318825"
"H2CA10194","DALY, JOLENE","Republican Party","REP","House","H","California","CA","10","MODESTO","CA","95355","2022","18-AUG-21","2021","202108189466327173"
"S2IN00208","MCDERMOTT, THOMAS M. JR","Democratic Party","DEM","Senate","S","Indiana","IN","00","HAMMOND","IN","46323","2022","18-AUG-21","2021","202108189466323253"
"H2NJ07192","MEHTA, RIK","Republican Party","REP","House","H","New Jersey","NJ","07","CESTER","NJ","07930","2022","18-AUG-21","2021","202108189466323344"
"H2TX31176","HUTSON, JASON WAYNE","Republican Party","REP","House","H","Texas","TX","31","GEORGETOWN","TX","78628","2022","18-AUG-21","2021","202108189466321213"
"H2NJ11178","SELEN, TAYFUN","Republican Party","REP","House","H","New Jersey","NJ","11","CHATHAM","NJ","07928","2022","17-AUG-21","2021","202108179466296720"
"S2NV00332","HOCKSTEDLER, WILLIAM ERIC","Republican Party","REP","Senate","S","Nevada","NV","00","PAHRUMP","NV","890612345","2022","17-AUG-21","2021","202108179466312580"
"H2PA17095","MURRAY, WILLIAM ROYSDON","Democratic Party","DEM","House","H","Pennsylvania","PA","17","PITTSBURGH","PA","15237","2022","17-AUG-21","2021","202108179466305709"
"H2CA01235","ZINK, DAVID LEON MR.","Democratic Party","DEM","House","H","California","CA","01","MAGALIA","CA","95954","2022","16-AUG-21","2021","202108169466296091"
"H2MO04173","BRUCE, KALENA","Republican Party","REP","House","H","Missouri","MO","04","STOCKTON","MO","65785","2022","16-AUG-21","2021","202108169466292400"
"H2GA10265","HEUSSNER, TODD","Republican Party","REP","House","H","Georgia","GA","10","EVANS","GA","30809","2022","16-AUG-21","2021","202108169466277916"
"S2AK00176","STEPHENS, JOE TRUMP AKA NOT MURKOWSKI","Alaskan Independence Party","AKI","Senate","S","Alaska","AK","00","KETCHIKAN","AK","99901","2022","15-AUG-21","2021","202108159466277077"
"S2NV00324","LAXALT, ADAM","Republican Party","REP","Senate","S","Nevada","NV","00","LAS VEGAS","NV","89136","2022","15-AUG-21","2021","202108159466277551"
"H2IL03147","CRUZ, ROBERT 'ROB'","Republican Party","REP","House","H","Illinois","IL","03","OAK LAWN","IL","60453","2022","15-AUG-21","2021","202108159466277544"
"H2AZ06262","MOSER, MAVRICK CODY MR.","Republican Party","REP","House","H","Arizona","AZ","06","APACHE JUNCTION","AZ","85120","2022","14-AUG-21","2021","202108149466276611"
"S2IN00190","X, MALCOLM MR.","Democratic Party","DEM","Senate","S","Indiana","IN","00","INDIANAPOLIS","IN","46218","2022","14-AUG-21","2021","202108149466276541"
"H2MI01142","LORINSER, ROBERT JAMES","Democratic Party","DEM","House","H","Michigan","MI","01","MARQUETTE","MI","49855","2022","13-AUG-21","2021","202108139466265121"
"H0NJ11024","TRUGMAN, ROBERT G.","Republican Party","REP","House","H","New Jersey","NJ","07","SUMMIT","NJ","07901","2022","13-AUG-21","2021","202108139466264916"
"H2TX26176","SMITH, ISAAC","Republican Party","REP","House","H","Texas","TX","26","FLOWER MOUND","TX","75028","2022","13-AUG-21","2021","202108139466259305"
"S2NH00207","SIVALINGAM, TEJASINHA","Republican Party","REP","Senate","S","New Hampshire","NH","00","ASHLAND","NH","03217","2022","12-AUG-21","2021","202108129466243387"
"H2FL15100","GELLER, EDDIE","Democratic Party","DEM","House","H","Florida","FL","15","MANGO","FL","33550","2022","12-AUG-21","2021","202108129466243490"
"H2CO03302","BUERGER, COLIN","Democratic Party","DEM","House","H","Colorado","CO","03","GLENWOOD SPRINGS","CO","81601","2022","12-AUG-21","2021","202108129466245770"
"H2AR02095","HATHAWAY, QUINTESSA DR.","Democratic Party","DEM","House","H","Arkansas","AR","02","SHERWOOD","AR","72120","2022","12-AUG-21","2021","202108129466257640"
"H2TX03274","SRIVASTAVA, SANDEEP KUMAR","Democratic Party","DEM","House","H","Texas","TX","03","PLANO","TX","75024","2022","12-AUG-21","2021","202108129466248092"
"H2WI03106","HURLESS, DENISE LYNN RN","Republican Party","REP","House","H","Wisconsin","WI","03","ALTOONA","WI","54720","2022","12-AUG-21","2021","202108129466257109"
"H4MA01059","MAYOCK, FREDERICK","None","NNE","House","H","Massachusetts","MA","01","SPRINGFIELD","MA","01108","2022","12-AUG-21","2021","202108160300385533"
"H4ME02234","POLIQUIN, BRUCE L","Republican Party","REP","House","H","Maine","ME","02","OAKLAND","ME","049634732","2022","12-AUG-21","2021","202108200300386187"
"H2FL10259","FROST, MAXWELL ALEJANDRO","Democratic Party","DEM","House","H","Florida","FL","10","ORLANDO","FL","32877","2022","11-AUG-21","2021","202108119466239051"
"H2MO07127","ALEXANDER, SAM DR","Republican Party","REP","House","H","Missouri","MO","07","FAIR PLAY","MO","65649","2022","11-AUG-21","2021","202108119466240062"
"H2TX31168","JOHNS, DERRICK","Republican Party","REP","House","H","Texas","TX","31","LIBERTY HILL","TX","78642","2022","11-AUG-21","2021","202108119466242286"
"H0NJ09200","PREMPEH, WILLIAM SREBOE","Republican Party","REP","House","H","New Jersey","NJ","09","PATERSON","NJ","07524","2022","11-AUG-21","2021","202108119466240235"
"H2FL21116","SKRBIC, LJUBO DR.","Republican Party","REP","House","H","Florida","FL","21","PALM BEACH","FL","33405","2022","11-AUG-21","2021","202108119466241717"
"S2FL00698","SAIDE, AHMAD JR","None","NNE","Senate","S","Florida","FL","00","MIAMI BEACH","FL","33139","2022","11-AUG-21","2021","202108119466240200"
"H2SC06134","DIXON, GREGG MARCEL","Democratic Party","DEM","House","H","South Carolina","SC","06","RIDGELAND","SC","29936","2022","10-AUG-21","2021","202108109466238444"
"S2NY00424","CUOMO, ANDREA J.","Communist Party","COM","Senate","S","New York","NY","00","CARMEL","NY","10512","2022","10-AUG-21","2021","202108109466238449"
"H2SC02182","LARKINS, JUDDSON","Democratic Party","DEM","House","H","South Carolina","SC","02","COLUMBIA","SC","29205","2022","10-AUG-21","2021","202108109466227375"
"S2CO00209","BREMER, ELI","Republican Party","REP","Senate","S","Colorado","CO","00","COLORADO SPRINGS","CO","80921","2022","10-AUG-21","2021","202108109466227357"
"H2AZ09175","WHEELESS, TANYA","Republican Party","REP","House","H","Arizona","AZ","09","TEMPE","AZ","85284","2022","10-AUG-21","2021","202108109466227297"
"H2PA04226","NASCIMENTO, CHRISTIAN","Republican Party","REP","House","H","Pennsylvania","PA","04","AUDUBON","PA","19403","2022","09-AUG-21","2021","202108099466210921"
"H2AZ06254","WILLIAMSON, W. (WALTER) JOHN MR","Democratic Party","DEM","House","H","Arizona","AZ","06","SCOTTSDALE","AZ","85251","2022","09-AUG-21","2021","202108099466211121"
"H2WV01110","WEINSTEIN, ALEXANDER WOLF MISTER","Republican Party","REP","House","H","West Virginia","WV","01","BRIDGEPORT","WV","26330","2021","09-AUG-21","2021","202108099466223639"
"H2CA52154","BAILEY, RICHARD","Republican Party","REP","House","H","California","CA","52","CORONADO","CA","92178","2022","09-AUG-21","2021","202108099466222698"
"S2PA00570","XU, DAVID","Republican Party","REP","Senate","S","Pennsylvania","PA","00","ASHLAND","PA","17921","2022","09-AUG-21","2021","202108099466223331"
"H2SC07280","FRY, RUSSELL","Republican Party","REP","House","H","South Carolina","SC","07","SURFSIDE BEACH","SC","29587","2022","09-AUG-21","2021","202108099466213570"
"S2PA00562","LAMB, CONOR","Democratic Party","DEM","Senate","S","Pennsylvania","PA","00","PITTSBURGH","PA","15234","2022","08-AUG-21","2021","202108089466210537"
"P20005633","CHRIST, JESUS","Democratic Party","DEM","President","P","Michigan","MI","00","DETROIT","MI","48235","2021","08-AUG-21","2021","202108089466210531"
"H2CA07125","GORMAN, MARK EDWARD","Democratic Party","DEM","House","H","California","CA","07","RANCHO CORDOVA","CA","95742","2022","07-AUG-21","2021","202108079466210530"
"H2CA27230","KEIVAULQE AUTIAMEINEIRE, FEPBRINA ESTRELVIA","None","NNE","House","H","California","CA","27","ROSEMEAD","CA","91770","2022","07-AUG-21","2021","202108079466210501"
"H2VA10190","ELLIS, THERESA COATES MS","Republican Party","REP","House","H","Virginia","VA","10","MANASSAS","VA","20110","2022","06-AUG-21","2021","202108069465866495"
"H2WA14016","GIBSON, COREY","Republican Party","REP","House","H","Washington","WA","14","PO BOX 155","WA","98942","2022","06-AUG-21","2021","202108069465925979"
"S2VT00177","THRAN, ALEXANDRA NICOLE","Democratic Party","DEM","Senate","S","Vermont","VT","00","WARREN","VT","05674","2022","06-AUG-21","2021","202108069465926417"
"H2MS03144","TALLEY, RAHIM D","Democratic Party","DEM","House","H","Mississippi","MS","03","RIDGELAND","MS","39157","2022","06-AUG-21","2021","202108069466209486"
"S2OH00451","HOLT, MIKE","Republican Party","REP","Senate","S","Ohio","OH","00","MOUNT VERNON","OH","43050","2022","06-AUG-21","2021","202108069465838801"
"H2MO01179","JONES, ANDREW M JR","Republican Party","REP","House","H","Missouri","MO","01","ALEXANDRIA","VA","22313","2022","06-AUG-21","2021","202108069465839098"
"H2FL18096","BALDERRAMOS ROBINSON, CORINNA","Democratic Party","DEM","House","H","Florida","FL","18","PORT ST. LUCIE","FL","34987","2022","06-AUG-21","2021","202108069465934628"
"S2WI00466","WILLIAMS, DARRELL L. DR.","Democratic Party","DEM","Senate","S","Wisconsin","WI","00","MILWAUKEE","WI","53216","2022","05-AUG-21","2021","202108059465838243"
"H2FL20290","MARINER, JASON","Republican Party","REP","House","H","Florida","FL","20","PALM BEACH GARDENS","FL","33418","2021","05-AUG-21","2021","202108059465837723"
"H2CA02209","BROWN, DOUGLAS REV","Republican Party","REP","House","H","California","CA","02","FERNDALE","CA","95536","2022","04-AUG-21","2021","202108049465836587"
"H2OR06033","PLOWHEAD, ANGELA","Republican Party","REP","House","H","Oregon","OR","06","SALEM","OR","97302","2022","04-AUG-21","2021","202108160300385547"
"H2GA10257","RICHARDS, MATT","Republican Party","REP","House","H","Georgia","GA","10","MONROE","GA","30655","2022","04-AUG-21","2021","202108049465835193"
"H2FL27063","PEREZ, JANELLE","Democratic Party","DEM","House","H","Florida","FL","27","MIAMI","FL","33135","2022","04-AUG-21","2021","202108049465834828"
"H0TX28077","CISNEROS, JESSICA","Democratic Party","DEM","House","H","Texas","TX","28","LAREDO","TX","78042","2022","04-AUG-21","2021","202108049465834833"
"S2MO00726","LONG, BILLY","Republican Party","REP","Senate","S","Missouri","MO","01","SPRINGFIELD","MO","658084527","2022","04-AUG-21","2021","202108049465834808"
"H0TX28069","WHITTEN, SANDRA LINN MRS.","Republican Party","REP","House","H","Texas","TX","28","LAREDO","TX","78045","2022","03-AUG-21","2021","202108039465834508"
"H2NC11254","COATNEY, DAVID ADAM","Libertarian Party","LIB","House","H","North Carolina","NC","11","FLETCHER","NC","28732","2022","03-AUG-21","2021","202108039465834599"
"P20005625","STRICKLAND, BARONISHA MARIE","Human Rights Party","HRP","President","P","United States","00","00","LOS ANGELES","CA","90037","2021","03-AUG-21","2021","202108039465833171"
"H2NY24135","MURTARI, JOHN","Republican Party","REP","House","H","New York","NY","24","LYONS","NY","14489","2022","03-AUG-21","2021","202108039465833439"
"S2NJ00510","MCDONALD, REECE WRIGHT- MASTER MASTER","Freedom Labor Party","FLP","Senate","S","New Jersey","NJ","00","ATLANTIC CITY","NJ","08401","2021","03-AUG-21","2021","202108039465833623"
"H2AZ02360","CISCOMANI, JUAN","Republican Party","REP","House","H","Arizona","AZ","02","TUCSON","AZ","85740","2022","03-AUG-21","2021","202108039465833451"
"H2FL10242","ATKINSON, ERIC","Democratic Party","DEM","House","H","Florida","FL","10","ORLANDO","FL","32809","2022","03-AUG-21","2021","202108039465833505"
"H2OR01257","RASCON, NICHOLAS","Other","OTH","House","H","Oregon","OR","01","SPRINGFIELD","OR","97477","2022","03-AUG-21","2021","202108039465833543"
"H6TN09068","COHEN, STEVE I MR.","Democratic Party","DEM","House","H","Tennessee","TN","09","MEMPHIS","TN","38112","2022","03-AUG-21","2021","202108039465833601"
"S8OH00144","FARIS, STEPHEN I MR","Write-In","W","Senate","S","Ohio","OH","00","FAIRBORN","OH","45324","2022","03-AUG-21","2021","202108039465833444"
"H2CA04122","JONES, KERMIT","Democratic Party","DEM","House","H","California","CA","04","ROSEVILLE","CA","95661","2022","02-AUG-21","2021","202108029465820620"
"H2NC14019","NICKEL, WILEY","Democratic Party","DEM","House","H","North Carolina","NC","14","WASHINGTON","DC","20003","2022","02-AUG-21","2021","202108029465832480"
"H2CA46149","ORTEGA, MICHAEL","Democratic Party","DEM","House","H","California","CA","46","ANAHEIM","CA","92815","2022","02-AUG-21","2021","202108029465825551"
"H0FL13133","MAKKI, AMANDA","Republican Party","REP","House","H","Florida","FL","13","ST PETERSBURG","FL","33743","2022","02-AUG-21","2021","202108029465821334"
"H2CO05182","MITCHELL, CHRISTOPHER","Republican Party","REP","House","H","Colorado","CO","05","COLORADO SPIRNGS","CO","80919","2022","01-AUG-21","2021","202108019465820544"
"H2IL16123","REBRESH, MICHAEL STEPHAN MR","Republican Party","REP","House","H","Illinois","IL","16","MINOOKA","IL","60447","2022","31-JUL-21","2021","202107319456964265"
"S2NV00316","LOWE, GRETCHEN RAE","No Party Affiliation","NPA","Senate","S","Nevada","NV","00","LAS VEGAS","NV","89103","2021","31-JUL-21","2021","202107319465474222"
"H2UT03256","PRESTON, JASON","Republican Party","REP","House","H","Utah","UT","03","LEHI","UT","84043","2022","30-JUL-21","2021","202107309456948679"
"H2AZ06247","NORTON, ELIJAH","Republican Party","REP","House","H","Arizona","AZ","06","SCOTTSDALE","AZ","85254","2022","30-JUL-21","2021","202107309456948543"
"H0PA02091","SNOW, SALEM","Democratic Party","DEM","House","H","Pennsylvania","PA","02","PHILADELPHIA","PA","19125","2022","30-JUL-21","2021","202107309452394547"
"H2FL13279","HENSON, AUDREY","Republican Party","REP","House","H","Florida","FL","13","SAINT PETERSBURG","FL","33701","2022","30-JUL-21","2021","202107309452379417"
"H2NJ04181","BLASI, MICHAEL","Republican Party","REP","House","H","New Jersey","NJ","04","FREEHOLD","NJ","07728","2022","30-JUL-21","2021","202107309452357103"
"H8NV02129","HURLEY, JESSE DOUGLAS","Republican Party","REP","House","H","Nevada","NV","02","RENO","NV","89502","2022","30-JUL-21","2021","202107309452354048"
"H2CA18148","RADING, AJWANG","Democratic Party","DEM","House","H","California","CA","18","PALO ALTO","CA","94306","2022","29-JUL-21","2021","202107299452351339"
"S2IN00182","NIEDERBERGER, DANIEL MR","Republican Party","REP","Senate","S","Indiana","IN","00","WESTFIELD","IN","46074","2022","29-JUL-21","2021","202107299452347702"
"H2MO02201","GUNBY, PATRICIA WASHBURN","Democratic Party","DEM","House","H","Missouri","MO","02","SAINT LOUIS","MO","63143","2022","29-JUL-21","2021","202107299452155458"
"H2AZ05165","LINDBERG, TRAVIS J","Independent","IND","House","H","Arizona","AZ","05","MESA","AZ","85203","2022","29-JUL-21","2021","202107299452148739"
"H2NC06080","AUSTIN, GERALD DARRYLL","Republican Party","REP","House","H","North Carolina","NC","06","SUMMERFIELD","NC","27358","2022","29-JUL-21","2021","202107300300384069"
"H2OK01176","MARTIN, ADAM","Democratic Party","DEM","House","H","Oklahoma","OK","01","WAGONER","OK","74467","2022","29-JUL-21","2021","202107300300383806"
"S2MO00601","PRICE, STEVEN CRAIG","Independent","IND","Senate","S","Missouri","MO","08","PUXICO","MO","639608136","2022","29-JUL-21","2021","202108160300385702"
"H2GA04193","IVY, SURREA MRS.","Republican Party","REP","House","H","Georgia","GA","04","LAWRENCEVILLE","GA","30044","2022","28-JUL-21","2021","202107289452143446"
"H2NY01158","CORNICELLI, ROBERT M CPT","Republican Party","REP","House","H","New York","NY","01","SAINT JAMES","NY","11780","2022","28-JUL-21","2021","202107289452143532"
"S2CO00191","BRESLIN, KAREN","Democratic Party","DEM","Senate","S","Colorado","CO","00","ELIZABETH","CO","80107","2022","28-JUL-21","2021","202107289452148334"
"H2IL12155","DOOFENSHMIRTZ, HEINZ R DR.","Democratic Party","DEM","House","H","Illinois","IL","12","SPARTA","IL","62286","2022","28-JUL-21","2021","202107289452148352"
"H2IL12163","DOOFENSHMIRTZ, HEINZ R DR.","Democratic Party","DEM","House","H","Illinois","IL","12","SPARTA","IL","62286","2022","28-JUL-21","2021","202107289452148353"
"H2IL12171","DOOFENSHMIRTZ, HEINZ R DR.","Democratic Party","DEM","House","H","Illinois","IL","12","SPARTA","IL","62286","2022","28-JUL-21","2021","202107289452148354"
"H2IL12189","DOOFENSHMIRTZ, HEINZ R DR.","Democratic Party","DEM","House","H","Illinois","IL","12","SPARTA","IL","62286","2022","28-JUL-21","2021","202107289452148355"
"H2SC01085","CENTURION, INGRID","Republican Party","REP","House","H","South Carolina","SC","01","SUMMERVILLE","SC","29486","2022","28-JUL-21","2021","202107289452143316"
"H2IA01089","MATHIS, ELIZABETH","Democratic Party","DEM","House","H","Iowa","IA","01","HIAWATHA","IA","52233","2022","27-JUL-21","2021","202107279451997342"
"H2TX08224","MCKAUGHAN, DANIEL CREGG","Republican Party","REP","House","H","Texas","TX","08","MONTGOMERY","TX","77356","2022","27-JUL-21","2021","202107279452131960"
"S2CA01060","MEUSER, MARK","Republican Party","REP","Senate","S","California","CA","00","PASADENA","CA","91101","2022","27-JUL-21","2021","202107279451999598"
"H2AL05169","ROBERTS, JOHN","Republican Party","REP","House","H","Alabama","AL","05","HUNTSVILLE","AL","35804","2022","27-JUL-21","2021","202107279451997907"
"H2TX21151","PRIMM, MARCUS A","Democratic Party","DEM","House","H","Texas","TX","21","SAN ANTONIO","TX","78257","2022","26-JUL-21","2021","202107269451987284"
"H2OH15160","EDMONDS, RUTH","Republican Party","REP","House","H","Ohio","OH","15","COLUMBUS","OH","43220","2021","26-JUL-21","2021","202107269451992579"
"H2CA33212","RAGGE, CLAIRE","Republican Party","REP","House","H","California","CA","33","LOS ANGELES","CA","90049","2022","26-JUL-21","2021","202107269451990202"
"H2NY20125","RAR, ROSTISLAV","Democratic Party","DEM","House","H","New York","NY","20","ALBANY","NY","12208","2022","25-JUL-21","2021","202107269451984324"
"H2CT03102","CHAI, AMY FOGELSTROM DR","Libertarian Party","LIB","House","H","Connecticut","CT","03","NORTH HAVEN","CT","06473","2022","25-JUL-21","2021","202107269451984174"
"H2GA10240","WITT, PATRICK J","Republican Party","REP","House","H","Georgia","GA","10","ATHENS","GA","30606","2022","24-JUL-21","2021","202107249451983974"
"H2IN09217","COLE, JONATHON DALE","Democratic Party","DEM","House","H","Indiana","IN","09","FRANKLIN","IN","46131","2022","23-JUL-21","2021","202107239451971069"
"H2GA10232","WEST, MARY","Republican Party","REP","House","H","Georgia","GA","10","WRENS","GA","30833","2022","23-JUL-21","2021","202107239451979062"
"H0VA07109","RAMIREZ, TINA MARIE MRS.","Republican Party","REP","House","H","Virginia","VA","07","MIDLOTHIAN","VA","23113","2022","23-JUL-21","2021","202107239451979272"
"H2ID01184","LENNEY, BRIAN","Republican Party","REP","House","H","Idaho","ID","01","NAMPA","ID","83686","2022","23-JUL-21","2021","202107239451980498"
"H2FL20282","FLYNN, JIM P","No Party Affiliation","NPA","House","H","Florida","FL","20","WEST PALM BEACH","FL","33401","2022","23-JUL-21","2021","202107239451979990"
"H2CT02179","DILIZIA, ANTHONY ADELINO MR.","Democratic Party","DEM","House","H","Connecticut","CT","02","STONINGTON","CT","06378","2022","23-JUL-21","2021","202107239451980028"
"S2NC00547","SIBHATU, LICHIA WOLDEGABREAL","Republican Party","REP","Senate","S","North Carolina","NC","00","RALEIGH","NC","27610","2022","23-JUL-21","2021","202107239451980060"
"H2PA05082","MARGUS, ROBERT","Libertarian Party","LIB","House","H","Pennsylvania","PA","05","CLIFTON HEIGHTS","PA","19018","2022","23-JUL-21","2021","202107239451979484"
"H2CO08012","GRAY, GIULIANNA","Republican Party","REP","House","H","Colorado","CO","08","BRIGHTON","CO","80601","2022","22-JUL-21","2021","202107229451954140"
"H2CA31158","GUTIERREZ, REX DALE ALEXANDER","Republican Party","REP","House","H","California","CA","31","RANCHO CUCAMONGA","CA","91701","2022","22-JUL-21","2021","202107229451950401"
"H2GA10224","SWAN, MITCHELL","Republican Party","REP","House","H","Georgia","GA","10","GOOD HOPE","GA","30641","2022","22-JUL-21","2021","202107229451952673"
"H2CA03116","PALETTA, JASON","Republican Party","REP","House","H","California","CA","03","COLUSA","CA","95932","2022","22-JUL-21","2021","202107229451959561"
"H2CA42197","KURANI, SHRINA","Democratic Party","DEM","House","H","California","CA","42","CORONA","CA","92878","2022","22-JUL-21","2021","202107229451953059"
"H2AZ02352","LOWELL, DOUGLAS","Republican Party","REP","House","H","Arizona","AZ","02","TUCSON","AZ","85712","2022","22-JUL-21","2021","202107229451953696"
"S2IA00164","FINKENAUER, ABBY","Democratic Party","DEM","Senate","S","Iowa","IA","00","CEDAR RAPIDS","IA","52406","2022","22-JUL-21","2021","202107229451952692"
"S2AL00160","SCHAFER, JACOB MARC","Republican Party","REP","Senate","S","Alabama","AL","00","DAPHNE","AL","36526","2022","21-JUL-21","2021","202107219451950223"
"H2TX10147","WALLACE, LARIMEN T. II","Democratic Party","DEM","House","H","Texas","TX","10","MANOR","TX","78653","2022","21-JUL-21","2021","202107219451944321"
"S2OR00143","VERDE, THOMAS X TXV","Unaffiliated","UN","Senate","S","Oregon","OR","00","SALEM","OR","97302","2022","21-JUL-21","2021","202107219451949908"
"H2NY21156","FARRELL, BRIDIE","Democratic Party","DEM","House","H","New York","NY","21","NORTH RIVER","NY","12856","2022","21-JUL-21","2021","202107219451944494"
"H2VA08145","VIRASINGH, VICTORIA","Democratic Party","DEM","House","H","Virginia","VA","08","ARLINGTON","VA","22207","2022","21-JUL-21","2021","202107219451949822"
"H2CA45158","COLLINS, SHAWN","Republican Party","REP","House","H","California","CA","45","IRVINE","CO","92604","2022","21-JUL-21","2021","202107219451944341"
"H2FL14251","COLLINS, JAY","Republican Party","REP","House","H","Florida","FL","14","TAMPA","FL","33626","2022","20-JUL-21","2021","202107209451835735"
"H2TX31150","HILDNER, JONATHAN DAVID MR.","Democratic Party","DEM","House","H","Texas","TX","31","HARKER HEIGHTS","TX","76548","2022","20-JUL-21","2021","202107209451836134"
"S2WI00458","LEWIS, CHANTIA","Democratic Party","DEM","Senate","S","Wisconsin","WI","00","MILWAUKEE","WI","53224","2022","20-JUL-21","2021","202107209451863716"
"H2CT05222","LOGAN, GEORGE S","Republican Party","REP","House","H","Connecticut","CT","05","ANSONIA","CT","06401","2022","20-JUL-21","2021","202107209451754694"
"H2NC11247","HONEYCUTT, RODNEY HOMER","Republican Party","REP","House","H","North Carolina","NC","11","ALEXANDER","NC","28701","2022","20-JUL-21","2021","202107209451779360"
"H2AZ01354","CRANE, ELI","Republican Party","REP","House","H","Arizona","AZ","01","CORTARO","AZ","85652","2022","20-JUL-21","2021","202107209451754889"
"H2TX24155","BECKLEY, MICHELLE","Democratic Party","DEM","House","H","Texas","TX","24","CARROLLTON","TX","75011","2022","20-JUL-21","2021","202107209451755094"
"S2WI00441","BARNES, MANDELA","Democratic Party","DEM","Senate","S","Wisconsin","WI","00","MILWAUKEE","WI","53201","2022","20-JUL-21","2021","202107209451755099"
"H2GA10216","SIMS, ALAN","Republican Party","REP","House","H","Georgia","GA","10","WINDER","GA","30680","2022","20-JUL-21","2021","202107209451766052"
"H2NC03103","BROWN, TYRON ANTHONY REV DR","Democratic Party","DEM","House","H","North Carolina","NC","03","MIDDLESEX","NC","27557","2022","20-JUL-21","2021","202107209451754888"
"H2GA06180","VOYLES, SUSAN","Republican Party","REP","House","H","Georgia","GA","06","SANDY SPRINGS","GA","30358","2022","19-JUL-21","2021","202107260300381809"
"H2GA14085","PENCE, ANGELA","Libertarian Party","LIB","House","H","Georgia","GA","14","CHICKAMAUGA","GA","30707","2022","19-JUL-21","2021","202107199451684704"
"H2CA09121","CHIMA, HARPREET SINGH","Democratic Party","DEM","House","H","California","CA","09","STOCKTON","CA","95208","2022","19-JUL-21","2021","202107199451737000"
"H2NH01270","LEAVITT, KAROLINE","Republican Party","REP","House","H","New Hampshire","NH","01","PLAISTOW","NH","03865","2022","19-JUL-21","2021","202107199451728640"
"S2AK00168","THORNE, SEAN MICHAEL","Libertarian Party","LIB","Senate","S","Alaska","AK","00","ANCHORAGE","AK","99516","2022","19-JUL-21","2021","202107199451735195"
"H0FL06111","THRIPP, RICHARD","Democratic Party","DEM","House","H","Florida","FL","06","ORANGE CITY","FL","32763","2022","19-JUL-21","2021","202107199451707027"
"S2CA01052","PIRJADA, OBAIDUL HUQ","Democratic Party","DEM","Senate","S","California","CA","00","RANCHO MISSION VIEJO","CA","92694","2022","18-JUL-21","2021","202107189451679644"
"H2MN05166","DAVIS, CICELY","Republican Party","REP","House","H","Minnesota","MN","05","SAINT LOUIS PARK","MN","55416","2022","17-JUL-21","2021","202107179451678970"
"H2OR06025","JACKSON, DERRY AL MR SR","Democratic Party","DEM","House","H","Oregon","OR","06","PORTLAND","OR","97227","2022","17-JUL-21","2021","202107179451678197"
"H2CA00153","RECILE, RUDY","Republican Party","REP","House","H","California","CA","00","VACAVILLR","CA","95687","2022","16-JUL-21","2021","202107169451678064"
"S2AR00115","JAMES, NATALIE","Democratic Party","DEM","Senate","S","Arkansas","AR","00","LITTLE ROCK","AR","72204","2022","16-JUL-21","2021","202107169451661424"
"H2CO03294","O'NEILL, JACK MR","Democratic Party","DEM","House","H","Colorado","CO","03","COLORADO SPRINGS","CO","80925","2022","16-JUL-21","2021","202107169451662319"
"H2WI03098","KNUDSEN, BRETT","Democratic Party","DEM","House","H","Wisconsin","WI","03","HOLMEN","WI","54636","2022","16-JUL-21","2021","202107169451663198"
"H2ME02196","STEWART, HAROLD III","Republican Party","REP","House","H","Maine","ME","02","PRESQUE ISLE","ME","04769","2022","16-JUL-21","2021","202107169451676523"
"H2IN07153","JOHNSON, RUSSELL (RUSTY) SCOTT MR.","Republican Party","REP","House","H","Indiana","IN","07","INDIANAPOLIS","IN","46239","2022","16-JUL-21","2021","202107169451665335"
"S2WI00433","LEE, KOU C","Democratic Party","DEM","Senate","S","Wisconsin","WI","00","GREEN BAY","WI","54307","2022","16-JUL-21","2021","202107169451673385"
"H2VA05091","THRONEBURG, JOSHUA","Democratic Party","DEM","House","H","Virginia","VA","05","CHARLOTTESVILLE","VA","22905","2022","16-JUL-21","2021","202107169451674057"
"H2CA40076","LOPEZ, JAZMIN NICOLE","Democratic Party","DEM","House","H","California","CA","40","DOWNEY","CA","90240","2022","16-JUL-21","2021","202107169451675030"
"S0AR00218","WHITFIELD, DANIEL ALLEN","Democratic Party","DEM","Senate","S","Arkansas","AR","00","BELLA VISTA","AR","72714","2022","16-JUL-21","2021","202107169451665282"
"H2FL07180","BENFIELD, ERIKA","Republican Party","REP","House","H","Florida","FL","07","LAKE MARY","FL","32746","2022","15-JUL-21","2021","202107159451116702"
"H2FL20274","SIDDIQUI, IMRAN UDDIN DR.","Democratic Party","DEM","House","H","Florida","FL","20","DAVIE","FL","33314","2022","15-JUL-21","2021","202107159451337049"
"H2TX07077","STROUD, TIMOTHY","Republican Party","REP","House","H","Texas","TX","07","HOUSTON","TX","77095","2022","15-JUL-21","2021","202107159451374432"
"H2TX04116","SHELBY, DOC MR","Democratic Party","DEM","House","H","Texas","TX","04","ROYSE CITY","TX","75189","2022","15-JUL-21","2021","202107159451412174"
"H2AZ06239","KONCZAL, KEVIN","Republican Party","REP","House","H","Arizona","AZ","06","FOUNTAIN HILLS","AZ","85268","2022","15-JUL-21","2021","202107159451591775"
"H2CA45141","DALE, TERRY","Republican Party","REP","House","H","California","CA","45","LAGUNA HILLS","CA","92656","2022","15-JUL-21","2021","202107159451520542"
"H2MT01094","BALLARD, JACK","Democratic Party","DEM","House","H","Montana","MT","01","RED LODGE","MT","59068","2022","15-JUL-21","2021","202107159451570901"
"H2TX37033","MILLER, SARAH","Republican Party","REP","House","H","Texas","TX","37","HOUSTON","TX","77061","2022","15-JUL-21","2021","202107159451581063"
"H2NV03195","KOVACS, JOHN","Republican Party","REP","House","H","Nevada","NV","03","LAS VEGAS","NV","89183","2022","15-JUL-21","2021","202107159451104879"
"H2TX14214","ANTONELLI, JEFF","Democratic Party","DEM","House","H","Texas","TX","14","GALVESTON","TX","77550","2022","15-JUL-21","2021","202107159451437917"
"H2WY01040","KNAPP, EVERETT DENTON JR","Republican Party","REP","House","H","Wyoming","WY","00","GILLETTE","WY","82716","2022","14-JUL-21","2021","202107149451051445"
"S2NY00416","EISEN, JOSHUA DR","Republican Party","REP","Senate","S","New York","NY","00","NEW YORK","NY","10123","2022","14-JUL-21","2021","202107149451053672"
"H2CA21209","LARA, ANGEL","Democratic Party","DEM","House","H","California","CA","21","BAKERSFIELD","CA","93306","2022","14-JUL-21","2021","202107149451054006"
"H2FL20266","JACKSON, PHIL DR","Democratic Party","DEM","House","H","Florida","FL","20","RIVIERA BEACH","FL","33407","2022","14-JUL-21","2021","202107149451055864"
"H0NJ07261","KEAN, THOMAS H. JR.","Republican Party","REP","House","H","New Jersey","NJ","07","WESTFIELD","NJ","07090","2022","14-JUL-21","2021","202107149451056201"
"H2NC11239","BATCHELOR, JAMES ERIC","Republican Party","REP","House","H","North Carolina","NC","11","WAYNESVILLE","NC","28786","2022","14-JUL-21","2021","202107149451065560"
"H2FL13261","KHEIREDDINE, MONEER","Republican Party","REP","House","H","Florida","FL","13","OLDSMAR","FL","34677","2022","14-JUL-21","2021","202107149451071658"
"H2OH11284","SHABAZZ, LATEEK R","Democratic Party","DEM","House","H","Ohio","OH","11","CLEVELAND","OH","44112","2021","14-JUL-21","2021","202107149451071778"
"H2WI01100","ROE, ANN","Democratic Party","DEM","House","H","Wisconsin","WI","01","JANESVILLE","WI","53547","2022","14-JUL-21","2021","202107149451075414"
"H2OH11292","WASHINGTON ROSS, FELICIA","Republican Party","REP","House","H","Ohio","OH","11","SHAKER HEIGHTS","OH","44120","2021","14-JUL-21","2021","202107149451083586"
"H2FL09210","BARNARD, ALYCIA","Republican Party","REP","House","H","Florida","FL","09","SAINT CLOUD","FL","34771","2022","14-JUL-21","2021","202107149451089071"
"H2VA10182","LAWSON, JEANINE M.","Republican Party","REP","House","H","Virginia","VA","10","HAYMARKET","VA","20168","2022","14-JUL-21","2021","202107149451089642"
"H2WY29017","BELINSKEY, ROBYN MARIWE","Republican Party","REP","House","H","Wyoming","WY","00","SHERIDAN","WY","82801","2022","13-JUL-21","2021","202107139451021041"
"H2CA30309","POTELL, JASON RANDOLPH","Democratic Party","DEM","House","H","California","CA","30","SHERWOOD FOREST","CA","91325","2022","13-JUL-21","2021","202107139451020919"
"H2IA03119","NUNN, ZACH","Republican Party","REP","House","H","Iowa","IA","03","BONDURANT","IA","50035","2022","13-JUL-21","2021","202107139451020631"
"H2MT02100","NEUMANN, CORA","Democratic Party","DEM","House","H","Montana","MT","02","BOZEMAN","MT","59771","2022","13-JUL-21","2021","202107139451020478"
"H2NE02132","VARGAS, ANTHONY 'TONY'","Democratic Party","DEM","House","H","Nebraska","NE","02","OMAHA","NE","68108","2022","13-JUL-21","2021","202107139451020477"
"H2OR05209","CHAVEZ-DEREMER, LORI","Republican Party","REP","House","H","Oregon","OR","05","HAPPY VALLEY","OR","97086","2022","13-JUL-21","2021","202107139451048095"
"H2MD07094","DAVIS, TASHI KIMANDUS MR.","Democratic Party","DEM","House","H","Maryland","MD","07","LUTHERVILLE-TIMONIUM","MD","21094","2022","13-JUL-21","2021","202107139451043747"
"H2MN07139","OLSON, REED JERROLD","Democratic-Farmer-Labor","DFL","House","H","Minnesota","MN","07","BEMIDJI","MN","56619","2022","13-JUL-21","2021","202107139451023138"
"H2NY06173","GONZALEZ, JESUS","Republican Party","REP","House","H","New York","NY","06","NEW YORK","NY","10163","2022","12-JUL-21","2021","202107129451015352"
"S2IA00156","HURST, GLENN","Democratic Party","DEM","Senate","S","Iowa","IA","00","MINDEN","IA","51553","2022","12-JUL-21","2021","202107129451014335"
"H2GA06172","HANSON, MEAGAN MYERS","Republican Party","REP","House","H","Georgia","GA","06","BROOKHAVEN","GA","31119","2022","12-JUL-21","2021","202107129451013969"
"H2GA06164","EVANS, JAKE","Republican Party","REP","House","H","Georgia","GA","06","ROSWELL","GA","30075","2022","12-JUL-21","2021","202107129451013257"
"H2TN02120","HARMON, MARK DESMOND DR.","Democratic Party","DEM","House","H","Tennessee","TN","02","KNOXVILLE","TN","37917","2022","12-JUL-21","2021","202107129451012399"
"H2IL08153","FAHEEM, MOHAMMED","Democratic Party","DEM","House","H","Illinois","IL","08","PLAINFIELD","IL","60586","2022","12-JUL-21","2021","202107129451016855"
"S2AR00107","BEQUETTE, JAKE MR.","Republican Party","REP","Senate","S","Arkansas","AR","00","LITTLE ROCK","AR","72217","2022","12-JUL-21","2021","202107129451011231"
"H2VA07162","KEENEY, TAYLOR","Republican Party","REP","House","H","Virginia","VA","07","HENRICO","VA","23242","2022","12-JUL-21","2021","202107129451011553"
"H2MD08183","ROCA, MARIELA","Republican Party","REP","House","H","Maryland","MD","08","FREDERICK","MD","21702","2022","11-JUL-21","2021","202107119451008475"
"H2FL10234","TACHON, TERESA DR.","Democratic Party","DEM","House","H","Florida","FL","10","ORLANDO","FL","32812","2022","11-JUL-21","2021","202107119451008501"
"H2NC13169","BOYKIN, PETER ROBERT","Republican Party","REP","House","H","North Carolina","NC","13","BURLINGTON","NC","27215","2022","10-JUL-21","2021","202107109451004442"
"H2FL06190","DAVIS, CHARLES EDWARD","Republican Party","REP","House","H","Florida","FL","06","PALM COAST","FL","32137","2022","10-JUL-21","2021","202107260300382033"
"S2AZ00372","MASTERS, BLAKE","Republican Party","REP","Senate","S","Arizona","AZ","00","TUCSON","AZ","85732","2022","09-JUL-21","2021","202107099451000171"
"S2AZ00364","PRABHALA, KEERTHI KIRAN MR","Republican Party","REP","Senate","S","Arizona","AZ","00","PARADISE VALLEY","AZ","85253","2021","09-JUL-21","2021","202107099450999738"
"H8TX13130","HARMON, MARK DESMOND","Democratic Party","DEM","House","H","Texas","TX","02","KNOXVILLE","TN","37917","2022","08-JUL-21","2021","202107130300379445"
"H0CA45160","GONZALES, CHRISTOPHER","Republican Party","REP","House","H","California","CA","45","SANTA ANA","CA","92704","2022","08-JUL-21","2021","202107130300379707"
"S2AL00152","TAYLOR, JESSICA","Republican Party","REP","Senate","S","Alabama","AL","00","BIRMINGHAM","AL","35238","2022","08-JUL-21","2021","202107089450992777"
"H2MO02193","SAMUELS, E. BENJAMIN","Democratic Party","DEM","House","H","Missouri","MO","02","SAINT LOUIS","MO","63132","2022","08-JUL-21","2021","202107089450992795"
"H0GA06200","HARBIN, BLAKE","Republican Party","REP","House","H","Georgia","GA","06","ALPHARETTA","GA","30009","2022","08-JUL-21","2021","202107089450998592"
"H2MO04165","JOHNSON, RYAN","Republican Party","REP","House","H","Missouri","MO","04","HARRISONVILLE","MO","64701","2022","08-JUL-21","2021","202107089450994948"
"H2NC07146","MINNICOZZI, JASON","Democratic Party","DEM","House","H","North Carolina","NC","07","WILMINGTON","NC","28402","2022","08-JUL-21","2021","202107089450997037"
"H2CA01227","STEINER, MAX","Democratic Party","DEM","House","H","California","CA","01","CHICO","CA","95928","2022","08-JUL-21","2021","202107089450997193"
"H2NJ03233","FLANAGAN, TRICIA","Republican Party","REP","House","H","New Jersey","NJ","03","LAWRENCEVILLE","NJ","08648","2022","08-JUL-21","2021","202107089450997194"
"H2IA03101","HASSO, NICOLE","Republican Party","REP","House","H","Iowa","IA","03","JOHNSTON","IA","50131","2022","08-JUL-21","2021","202107089450993159"
"H2TX34162","GARZA, ROCHELLE","Democratic Party","DEM","House","H","Texas","TX","34","BROWNSVILLE","TX","78523","2022","07-JUL-21","2021","202107079450987563"
"H2CA25234","HILL, STEVE","Democratic Party","DEM","House","H","California","CA","25","PALMDALE","CA","93551","2022","07-JUL-21","2021","202107079450987583"
"H0TX07170","HUNT, WESLEY","Republican Party","REP","House","H","Texas","TX","37","HOUSTON","TX","77056","2022","07-JUL-21","2021","202107079450987950"
"H2CA50208","ROCHA, JOSEPH C.","Democratic Party","DEM","House","H","California","CA","50","ESCONDIDO","CA","92033","2022","07-JUL-21","2021","202107079450987964"
"S2NV00308","BROWN, SAM","Republican Party","REP","Senate","S","Nevada","NV","00","RENO","NV","89533","2022","07-JUL-21","2021","202107079450988147"
"H2NM02183","FREEMAN, GORDON","Democratic Party","DEM","House","H","New Mexico","NM","02","BELLEVUE","WA","98004","2022","07-JUL-21","2021","202107079450991229"
"H2MO04157","WALSH, SARA","Republican Party","REP","House","H","Missouri","MO","04","ASHLAND","MO","65010","2022","07-JUL-21","2021","202107079450989896"
"H2VA01090","NICHOLS, AUSTIN RYAN MR","Independent","IND","House","H","Virginia","VA","01","RESTON","VA","20191","2021","07-JUL-21","2021","202107079450990097"
"H2KY02141","HENNING, CHRISTOPHER LEE MR.","Republican Party","REP","House","H","Kentucky","KY","02","SHEPHERDSVILLE","KY","40165","2022","07-JUL-21","2021","202107079450990422"
"H2TN03243","CASEY, SANDY FOR","Republican Party","REP","House","H","Tennessee","TN","03","OLIVER SPRINGS","TN","37840","2022","07-JUL-21","2021","202107079450991138"
"H2TX02359","VERCETTI, TOMMY","Libertarian Party","LIB","House","H","Texas","TX","02","CARLSBAD","CA","92008","2022","07-JUL-21","2021","202107079450991228"
"H2NY01141","ANTONUCCI, NICHOLAS","Democratic Party","DEM","House","H","New York","NY","01","SOUTHOLD","NY","11971","2022","07-JUL-21","2021","202107079450989723"
"S2IL00184","PITON, ROBERT 'BOBBY'","Republican Party","REP","Senate","S","Illinois","IL","00","GENEVA","IL","60134","2022","06-JUL-21","2021","202107130300379806"
"S2FL00680","FOX, ALBERT A MR JR","Democratic Party","DEM","Senate","S","Florida","FL","00","TAMPA","FL","33605","2022","06-JUL-21","2021","202107069450987112"
"S2OH00444","REED, JOHN ALLEN","Republican Party","REP","Senate","S","Ohio","OH","00","HILLIARD","OH","43026","2022","06-JUL-21","2021","202107069450987371"
"H2KS02143","SCHMIDT, PATRICK","Democratic Party","DEM","House","H","Kansas","KS","02","TOPEKA","KS","66675","2022","06-JUL-21","2021","202107069450981710"
"H0WA08103","JENSEN, JESSE","Republican Party","REP","House","H","Washington","WA","08","BONNEY LAKE","WA","98391","2022","06-JUL-21","2021","202107069450981856"
"H2NH01262","BAXTER, TIM","Republican Party","REP","House","H","New Hampshire","NH","01","SEABROOK","NH","03874","2022","06-JUL-21","2021","202107069450982134"
"H0NY19204","VAN DE WATER, KYLE","Republican Party","REP","House","H","New York","NY","19","MILLBROOK","NY","12545","2022","06-JUL-21","2021","202107069450987440"
"H2MD02319","OLIVER, BRITTANY T","Democratic Party","DEM","House","H","Maryland","MD","02","DUNDALK","MD","21222","2022","06-JUL-21","2021","202107069450983379"
"H2FL27055","MONTALVO, ANGEL","Democratic Party","DEM","House","H","Florida","FL","27","MIAMI","FL","33145","2022","06-JUL-21","2021","202107069450984421"
"H2CA16142","BROWN, NATHAN K","Republican Party","REP","House","H","California","CA","16","FRESNO","CA","93720","2022","06-JUL-21","2021","202107069450985162"
"H2TX31143","SCURRY, CHRISTOPHER MICHAEL","Democratic Party","DEM","House","H","Texas","TX","31","AUSTIN","TX","78717","2022","06-JUL-21","2021","202107069450985476"
"H2AL05144","THOMPSON, CHARLES W MR. III","Democratic Party","DEM","House","H","Alabama","AL","05","HUNTSVILLE","AL","35805","2022","06-JUL-21","2021","202107069450986161"
"H2NC13151","BREWSTER, BILLY JOE","Republican Party","REP","House","H","North Carolina","NC","13","RALEIGH","NC","27624","2022","06-JUL-21","2021","202107069450983241"
"H2TX24148","GAY, DERRIK","Democratic Party","DEM","House","H","Texas","TX","24","CARROLLTON","TX","75011","2022","05-JUL-21","2021","202107059450981600"
"H2KY03172","SCOTT, ATTICA WOODSON","Democratic Party","DEM","House","H","Kentucky","KY","03","LOUISVILLE","KY","40211","2022","05-JUL-21","2021","202107059450981617"
"H2MT02092","TRANEL, MONICA","Democratic Party","DEM","House","H","Montana","MT","02","MISSOULA","MT","59807","2022","05-JUL-21","2021","202107059450981622"
"H2NE02124","SHELTON, ALISHA","Democratic Party","DEM","House","H","Nebraska","NE","02","OMAHA","NE","68122","2022","05-JUL-21","2021","202107059450981391"
"P20005617","HOWARD, RAMICA YVETTE MS.","American Independent Party","AIP","President","P","United States","00","00","DALLAS","TX","75227","2022","05-JUL-21","2021","202107059450981278"
"H2AK01075","BRELSFORD, GREGG BOWYER MR.","Republican Party","REP","House","H","Alaska","AK","00","ANCHORAGE","AK","99518","2022","05-JUL-21","2021","202107059450981372"
"H2CA50190","BILASH, TIMOTHY DANIEL DR. M.D.","Democratic Party","DEM","House","H","California","CA","50","DEL MAR","CA","92014","2022","05-JUL-21","2021","202107059450980414"
"H0TX31097","IMAM, DONNA","Democratic Party","DEM","House","H","Texas","TX","31","AUSTIN","TX","78717","2022","04-JUL-21","2021","202107049450980391"
"H2DC10012","WINDHAUSER, ANGELA MARIE","Republican Party","REP","House","H","District Of Columbia","DC","00","WINTER GARDEN","FL","34778","2022","04-JUL-21","2021","202107049450980325"
"H2MS03136","YOUNG, SHUWASKI","Democratic Party","DEM","House","H","Mississippi","MS","03","JACKSON","MS","39201","2022","03-JUL-21","2021","202107039450979408"
"H2MN07121","LINDQUIST, MARK J.","Democratic-Farmer-Labor","DFL","House","H","Minnesota","MN","07","MOORHEAD","MN","56560","2022","03-JUL-21","2021","202107039450979222"
"H2CA20136","EPPERSON, DALILA","Republican Party","REP","House","H","California","CA","20","EAST GARRISON","CA","93933","2022","02-JUL-21","2021","202107029450978864"
"S2PA00547","ORTS, ERIC","Democratic Party","DEM","Senate","S","Pennsylvania","PA","00","HARRISBURG","PA","17106","2022","02-JUL-21","2021","202107029450955459"
"H0GA06226","SMITH, PAULETTE MISS","Republican Party","REP","House","H","Georgia","GA","06","KENNESAW","GA","30152","2022","02-JUL-21","2021","202107029450955700"
"H2SC02174","MCFADDEN, MELISSA","Republican Party","REP","House","H","South Carolina","SC","02","ELGIN","SC","29045","2021","02-JUL-21","2021","202107029450955808"
"H2TX34154","RODRIGUEZ, JAIME ALFONSO MR.","Democratic Party","DEM","House","H","Texas","TX","34","BROWNSVILLE","TX","78526","2022","02-JUL-21","2021","202107029450956835"
"H2FL20258","ALLEN, NATALIA ISABEL","Democratic Party","DEM","House","H","Florida","FL","20","SUNRISE","FL","33313","2021","02-JUL-21","2021","202107029450978849"
"S2PA00554","SANDS, CARLA H","Republican Party","REP","Senate","S","Pennsylvania","PA","00","HARRISBURG","PA","17108","2022","02-JUL-21","2021","202107029450976751"
"H0WA06099","PARSON, REBECCA ELIZABETH","Democratic Party","DEM","House","H","Washington","WA","06","TACOMA","WA","98411","2022","02-JUL-21","2021","202107029450977001"
"H2NY12213","FITZGERALD, MIKE","Democratic Party","DEM","House","H","New York","NY","12","HOPEWELL JUNCTION","NY","12533","2022","02-JUL-21","2021","202107029450978766"
"H2FL27048","MEDINA, IAN ANTHONY","No Party Affiliation","NPA","House","H","Florida","FL","27","MIAMI LAKES","FL","33014","2022","02-JUL-21","2021","202107029450978814"
"H2TX02136","REID, RAYNA","Democratic Party","DEM","House","H","Texas","TX","02","HOUSTON","TX","77098","2022","02-JUL-21","2021","202107029450976750"
"H2IL06090","CONFORTI, NIKI","Republican Party","REP","House","H","Illinois","IL","06","WHEATON","IL","60187","2022","01-JUL-21","2021","202107019450893434"
"S2WA00403","GREYWOLF, JUSTIN","Independent","IND","Senate","S","Washington","WA","00","RENTON","WA","98058","2022","01-JUL-21","2021","202107019450941824"
"H2NY23137","SEMPOLINSKI, JOSEPH","Republican Party","REP","House","H","New York","NY","23","CANISTEO","NY","14823","2022","01-JUL-21","2021","202107019450893444"
"H2ID01176","EVANS, JOE MR.","Libertarian Party","LIB","House","H","Idaho","ID","01","MERIDIAN","ID","83642","2022","01-JUL-21","2021","202107019450893460"
"H2CA06317","FREMGEN, JAMES LUCAS","Democratic Party","DEM","House","H","California","CA","06","SACRAMENTO","CA","95811","2022","01-JUL-21","2021","202107019450942355"
"H2MO04140","BURKS, TAYLOR","Republican Party","REP","House","H","Missouri","MO","04","ASHAND","MO","65010","2022","01-JUL-21","2021","202107019450954236"
"S2WI00425","BERMAN, JOHN","Republican Party","REP","Senate","S","Wisconsin","WI","00","RICHLAND","WA","99352","2022","01-JUL-21","2021","202107019450954444"
"H2FL04153","ROBERTSON, AL","Democratic Party","DEM","House","H","Florida","FL","04","ST. JOHNS","FL","32259","2022","01-JUL-21","2021","202107019450893514"
"S2NV00290","MENDENHALL, SHARELLE","Republican Party","REP","Senate","S","Nevada","NV","00","LAS VEGAS","NV","89141","2022","01-JUL-21","2021","202107019450893592"
"H2SC02166","KARR, GREGORY BLANE","Democratic Party","DEM","House","H","South Carolina","SC","02","LEXINGTON","SC","29072","2022","01-JUL-21","2021","202107019450893739"
"H2NJ11160","TOOMEY, THOMAS AUGUSTINE MR.","Republican Party","REP","House","H","New Jersey","NJ","11","MORRISTOWN","NJ","07960","2022","01-JUL-21","2021","202107019450893780"
"H2PA07096","DELLICKER, KEVIN","Republican Party","REP","House","H","Pennsylvania","PA","07","GERMANSVILLE","PA","18053","2022","01-JUL-21","2021","202107019450893865"
"H2NY12205","CONTRERAS, MAYA","Democratic Party","DEM","House","H","New York","NY","12","NEW YORK","NY","10009","2022","01-JUL-21","2021","202107019450893950"
"H2PA16089","TELESZ, RICHARD EDWARD","Democratic Party","DEM","House","H","Pennsylvania","PA","16","VOLANT","PA","16156","2022","01-JUL-21","2021","202107019450894666"
"S2WI00417","PECKARSKY, PETER","Democratic Party","DEM","Senate","S","Wisconsin","WI","00","MILWAUKEE","WI","53202","2022","01-JUL-21","2021","202107019450894883"
"H2NY22188","RIDLEY, MIKAYLA","Democratic Party","DEM","House","H","New York","NY","22","ENDICOTT","NY","13761","2022","01-JUL-21","2021","202107019450940947"
"S2UT00344","ISOM, ALLY","Republican Party","REP","Senate","S","Utah","UT","00","KAYSVILLE","UT","84037","2022","01-JUL-21","2021","202107019450940948"
"S0KY00420","BOOKER, CHARLES","Democratic Party","DEM","Senate","S","Kentucky","KY","00","LOUISVILLE","KY","40204","2022","01-JUL-21","2021","202107019450941438"
"H2OR06017","SMITH, LORETTA","Democratic Party","DEM","House","H","Oregon","OR","06","PORTLAND","OR","97242","2022","01-JUL-21","2021","202107019450941439"
"H2MT02084","OLSZEWSKI, AL","Republican Party","REP","House","H","Montana","MT","02","KALISPELL","MT","59904","2022","01-JUL-21","2021","202107019450941512"
"H2AR02087","CARTWRIGHT, NICHOLAS","Democratic Party","DEM","House","H","Arkansas","AR","02","ROMANCE","AR","72136","2022","01-JUL-21","2021","202107019450941646"
"H2NJ10204","OAKLEY, IMANI RAINE","Democratic Party","DEM","House","H","New Jersey","NJ","10","MONTCLAIR","NJ","07042","2022","01-JUL-21","2021","202107019450941741"
"H2TX32117","SLAGEL, GARY ALLEN","Republican Party","REP","House","H","Texas","TX","32","RICHARDSON","TX","75080","2022","01-JUL-21","2021","202107019450941815"
"H0FL10097","WALLS-WINDHAUSER, ANGELA MARIE","Republican Party","REP","House","H","Florida","FL","10","WINTER GARDEN","FL","34778","2022","01-JUL-21","2021","202107019450941816"
"S2OH00436","VANCE, J D","Republican Party","REP","Senate","S","Ohio","OH","00","CINCINNATI","OH","45206","2022","01-JUL-21","2021","202107019450893439"
"H0WA08111","GORDON, DAN EARNEST MR","Republican Party","REP","House","H","Washington","WA","10","LAKEWOOD","WA","98499","2022","30-JUN-21","2021","202106309450864060"
"H2TX34147","POLSKY,ESQ., LARRY MARK MR","Republican Party","REP","House","H","Texas","TX","34","LAGUNA VISTA","TX","78578","2022","30-JUN-21","2021","202106309450893419"
"H2MT02076","BISHOP, LAURIE","Democratic Party","DEM","House","H","Montana","MT","02","LIVINGSTON","MT","59047","2022","30-JUN-21","2021","202106309450863965"
"H2IN06296","BENSON, ERIK","Republican Party","REP","House","H","Indiana","IN","06","CONNERSVILLE","IN","47331","2022","30-JUN-21","2021","202106309450865285"
"H2CO01199","WALIA, NEAL","Democratic Party","DEM","House","H","Colorado","CO","01","DENVER","CO","80209","2022","29-JUN-21","2021","202106299450863841"
"H2CA47170","LYONS, MICHELLE","Republican Party","REP","House","H","California","CA","47","LONG BEACH","CA","90803","2022","29-JUN-21","2021","202106299450863928"
"H0CT03163","PAGLINO, JUSTIN COBB DR MD, PHD","Green Party","GRE","House","H","Connecticut","CT","03","GUILFORD","CT","06437","2022","29-JUN-21","2021","202106299450863921"
"H2OR05191","EASTON, KEVIN","Democratic Party","DEM","House","H","Oregon","OR","05","SALEM","OR","97301","2022","29-JUN-21","2021","202106299450863902"
"H2KY01077","SHARP, DAVID L","Republican Party","REP","House","H","Kentucky","KY","01","MADISONVILLE","KY","42431","2022","29-JUN-21","2021","202106299450863911"
"S2PA00539","SNYDER, CRAIG","Republican Party","REP","Senate","S","Pennsylvania","PA","00","PHILADELPHIA","PA","19106","2022","28-JUN-21","2021","202106289450863355"
"H2NY16065","DELICES, PATRICK","Republican Party","REP","House","H","New York","NY","16","BRONX","NY","10459","2022","28-JUN-21","2021","202106289450863498"
"S2FL00672","WATSON, COLEMAN","Democratic Party","DEM","Senate","S","Florida","FL","00","OCOEE","FL","34761","2022","27-JUN-21","2021","202106279450858144"
"H2TX20088","MURRAY, MARK NICHOLAS","Republican Party","REP","House","H","Texas","TX","20","SAN ANTONIO","TX","78249","2022","26-JUN-21","2021","202106269450858072"
"H0TX31030","GARAPATI, ABHIRAM","Republican Party","REP","House","H","Texas","TX","31","CEDAR PARK","TX","78613","2022","26-JUN-21","2021","202106269450858093"
"H2KY02133","HARVEY, STEPHEN G MR.","Republican Party","REP","House","H","Kentucky","KY","02","OWENSBORO","KY","42301","2022","26-JUN-21","2021","202106269450858067"
"H2FL03189","WATERS, JUSTIN JAMES MR.","Republican Party","REP","House","H","Florida","FL","03","ALACHUA","FL","32615","2022","26-JUN-21","2021","202106269450858078"
"H2NC04127","FREDSELLL, ERIK","Republican Party","REP","House","H","North Carolina","NC","04","WAKE FOREST","NC","27587","2022","26-JUN-21","2021","202106269450858079"
"H2FL07172","CAVAGNA, JOSEPH","Republican Party","REP","House","H","Florida","FL","07","CASSELBERRY","FL","32707","2022","25-JUN-21","2021","202106259450857209"
"H8DE01044","MURPHY, LEE","Republican Party","REP","House","H","Delaware","DE","00","WILMINGTON","DE","19809","2022","25-JUN-21","2021","202106259450857231"
"H2IN01172","GREEN, JENNIFER-RUTH","Republican Party","REP","House","H","Indiana","IN","01","CROWN POINT","IN","46308","2022","25-JUN-21","2021","202106259450857265"
"H2FL01233","JONES, REBEKAH","Independent","IND","House","H","Florida","FL","01","GULF BREEZE","FL","32562","2022","25-JUN-21","2021","202106259450858009"
"H2TN03235","ADAMS, MATT","Democratic Party","DEM","House","H","Tennessee","TN","03","CHATTANOOGA","TN","37402","2022","24-JUN-21","2021","202106249449835875"
"H2PA01081","CONOLY, HENRY","Green Party","GRE","House","H","Pennsylvania","PA","01","SOUDERTON","PA","18964","2022","24-JUN-21","2021","202106249449835890"
"H2PA06163","FANELLI, STEVE","Republican Party","REP","House","H","Pennsylvania","PA","06","WEST CHESTER","PA","19382","2022","24-JUN-21","2021","202106249449840137"
"S2FL00664","DEVINE, TIMOTHY MICHAEL","Write-In","W","Senate","S","Florida","FL","00","KISSIMMEE","FL","34741","2022","24-JUN-21","2021","202106249449837374"
"S2FL00656","NGUYEN, QUOC TUAN MR.","Independent","IND","Senate","S","Florida","FL","00","PALM BAY","FL","32907","2022","23-JUN-21","2021","202106239449834985"
"H2NJ12127","MAYFIELD, DARIUS","Republican Party","REP","House","H","New Jersey","NJ","12","HELMETTA","NJ","08828","2022","23-JUN-21","2021","202106239449834993"
"H2CO05174","JONES, ALAX","Unaffiliated","UN","House","H","Colorado","CO","05","COLORADO SPRINGS","CO","80908","2022","22-JUN-21","2021","202106229449834980"
"H2GA10208","HATCHER, PHYLLIS D","Democratic Party","DEM","House","H","Georgia","GA","10","CONYERS","GA","30094","2022","22-JUN-21","2021","202106229449834749"
"H2NC11221","O CONNELL, BRUCE","Republican Party","REP","House","H","North Carolina","NC","11","CANDLER","NC","28715","2022","21-JUN-21","2021","202106219449824643"
"H2PA02154","GONZALEZ, GILBERTO","Democratic Party","DEM","House","H","Pennsylvania","PA","02","PHILADELPHIA","PA","19122","2022","20-JUN-21","2021","202106209449770780"
"P40004574","WALLS-WINDHAUSER, ANGELA","Republican Party","REP","President","P","United States","00","00","WINTER GARDEN","FL","34778","2022","18-JUN-21","2021","202106189449646021"
"S2TX00551","ROTHSCHILD, ELIZABETH SAMANTHA","Republican Party","REP","Senate","S","Texas","TX","00","EL PASO","TX","79930","2022","18-JUN-21","2021","202106189449412476"
"H2TX28081","BENAVIDES, TANNYA","Democratic Party","DEM","House","H","Texas","TX","28","LAREDO","TX","78044","2022","18-JUN-21","2021","202106189449475363"
"S2WA00395","PIERRE, RAVIN R","Democratic Party","DEM","Senate","S","Washington","WA","00","SEATTLE","WA","98113","2022","18-JUN-21","2021","202106189449645034"
"H2FL10226","GRAY, TERENCE R MR. I","Democratic Party","DEM","House","H","Florida","FL","10","OCOEE","FL","34761","2022","17-JUN-21","2021","202106179449392113"
"H2IN01164","MADDEN, THOMAS DANIEL","Republican Party","REP","House","H","Indiana","IN","01","VALPARAISO","IN","46383","2022","17-JUN-21","2021","202106179449205608"
"H2OH11276","WASHINGTON, FELICIA ROSS","Republican Party","REP","House","H","Ohio","OH","11","SHAKER HEIGHTS","OH","44120","2021","17-JUN-21","2021","202107130300379951"
"H2FL12073","VANHORN, WILLIAM","Democratic Party","DEM","House","H","Florida","FL","12","NEW PORT RICHEY","FL","34654","2022","17-JUN-21","2021","202106210300379268"
"H2MI10119","BORRELL, ERIC JAMES","Independent","IND","House","H","Michigan","MI","10","WASHING TOWNSHIP","MI","48094","2022","17-JUN-21","2021","202106210300379264"
"S2UT00336","EDWARDS, BECKY","Republican Party","REP","Senate","S","Utah","UT","00","BOUNTIFUL","UT","84011","2022","17-JUN-21","2021","202106179449321806"
"S2WI00409","MURPHY, ADAM CHRISTOPHER","Democratic Party","DEM","Senate","S","Wisconsin","WI","00","FRANKLIN","WI","53132","2022","16-JUN-21","2021","202106169449139442"
"H2MO04132","EMERY, EDGAR GLENN HARVEY","Republican Party","REP","House","H","Missouri","MO","04","LAMAR","MO","64759","2022","16-JUN-21","2021","202106169449138293"
"S2UT00328","DAVIS, BENJAMIN","Republican Party","REP","Senate","S","Utah","UT","00","PROVIDENCE","UT","84332","2022","16-JUN-21","2021","202106169449133528"
"H2TX07085","HAJJAR, JAFAR","Republican Party","REP","House","H","Texas","TX","07","KATY","TX","77494","2022","16-JUN-21","2021","202106169449184871"
"H2TX08216","CARSON, PAULETTE","Republican Party","REP","House","H","Texas","TX","08","APPLE SPRINGS","TX","75926","2022","15-JUN-21","2021","202106159449034148"
"H2CA45133","TAURUS, NICHOLAS ANDREW","Republican Party","REP","House","H","California","CA","45","LAGUNA HILLS","CA","92653","2022","15-JUN-21","2021","202106159449032286"
"H2TX34139","MILLS, RONALD D","None","NNE","House","H","Texas","TX","34","BROWNSVILLE","TX","78523","2022","14-JUN-21","2021","202106149449032228"
"H2FL13253","BRADDOCK, WILL","Republican Party","REP","House","H","Florida","FL","13","SAINT PETERSBURG","FL","33731","2022","14-JUN-21","2021","202106149449031776"
"H2SC06126","ADDISON, MICHAEL ANTONIO DR.","Democratic Party","DEM","House","H","South Carolina","SC","06","ORANGEBURG","SC","29115","2022","14-JUN-21","2021","202106149449031782"
"H2CA45125","PHAN WEST, AMY","Republican Party","REP","House","H","California","CA","45","IRVINE","CA","92623","2022","14-JUN-21","2021","202106149449031888"
"H2NY24127","HOLDEN, STEVEN WESLEY SR.","Democratic Party","DEM","House","H","New York","NY","24","CAMILLUS","NY","13031","2022","14-JUN-21","2021","202106149449031330"
"H2FL13246","RAYNER, MICHELE K. MS.","Democratic Party","DEM","House","H","Florida","FL","13","CLEARWATER","FL","33759","2022","14-JUN-21","2021","202106149448998823"
"H2GA10190","RUPERT, CHARLES V","Republican Party","REP","House","H","Georgia","GA","10","MONROE","GA","30655","2022","14-JUN-21","2021","202106149448999084"
"H2TX08208","WHICHARD, TAYLOR MARSHALL IV","Republican Party","REP","House","H","Texas","TX","08","WILLIS","TX","77318","2022","14-JUN-21","2021","202106149449000158"
"H2NY21149","PUTORTI, MATTHEW","Democratic Party","DEM","House","H","New York","NY","21","WHITEHALL","NY","12887","2022","14-JUN-21","2021","202106149448998543"
"S2NY00408","SAIDE, AHMAD DR","None","NNE","Senate","S","New York","NY","00","STATEN ISLAND","NY","10304","2021","12-JUN-21","2021","202106129448942778"
"H2TX08190","BATES, BETSY","Republican Party","REP","House","H","Texas","TX","08","MONTGOMERY","TX","77316","2022","12-JUN-21","2021","202106129448942560"
"S2IN00174","KIZIK, ELLEN MS.","Non-Party","NON","Senate","S","Indiana","IN","00","INDIANAPOLIS","IN","46236","2022","12-JUN-21","2021","202106129448942791"
"S2FL00649","RUSSELL, KEN","Democratic Party","DEM","Senate","S","Florida","FL","00","KEY BISCAYNE","FL","33149","2022","11-JUN-21","2021","202106119448924423"
"H2NC11213","O'CONNELL, BRUCE HARRIS MR.","Republican Party","REP","House","H","North Carolina","NC","11","CANDLER","NC","28715","2021","11-JUN-21","2021","202106119448936780"
"S2MO00593","HARTZLER, VICKY J","Republican Party","REP","Senate","S","Missouri","MO","00","HARRISONVILLE","MO","64701","2022","11-JUN-21","2021","202106119448937194"
"H2OH11250","HEMPHILL, JAMES TERRELLE","Republican Party","REP","House","H","Ohio","OH","11","CLEVELAND HEIGHTS","OH","44118","2022","11-JUN-21","2021","202106119448941748"
"H2FL14244","URBINA, ANGEL SALVADOR","Republican Party","REP","House","H","Florida","FL","14","TAMPA","FL","33614","2022","11-JUN-21","2021","202106119448938444"
"H2CA01219","LYDON, ROBERT K","Democratic Party","DEM","House","H","California","CA","01","SHINGLETOWN","CA","96088","2022","11-JUN-21","2021","202106119448938577"
"H2TX34121","SOTELO, PHILIP MR","Republican Party","REP","House","H","Texas","TX","34","RIO HONDO","TX","78583","2022","11-JUN-21","2021","202106119448937208"
"H2MN04151","MURRAY, MIKKI M","Republican Party","REP","House","H","Minnesota","MN","04","ROSEVILLE","MN","55113","2022","10-JUN-21","2021","202106110300379059"
"H2TX04108","DAVIS II, EARL WILLIAM","Democratic Party","DEM","House","H","Texas","TX","04","CLARKSVILLE","TX","75426","2022","10-JUN-21","2021","202106110300379076"
"H2GA06156","STAPLES, MARY MALLORY","Republican Party","REP","House","H","Georgia","GA","06","BALL GROUND","GA","30107","2022","10-JUN-21","2021","202106109448908906"
"H2NC03095","GASKINS, BARBARA D MS.","Democratic Party","DEM","House","H","North Carolina","NC","03","WASHINGTON","NC","27889","2022","10-JUN-21","2021","202106109448899322"
"P20005609","NETUPSKY, IAN SCOT MR.","Independent","IND","President","P","United States","00","00","CHARLOTTE","NC","28277","2021","10-JUN-21","2021","202106109448899340"
"S2AZ00356","BRNOVICH, MARK MR.","Republican Party","REP","Senate","S","Arizona","AZ","00","PHOENIX","AZ","85001","2022","10-JUN-21","2021","202106109448902821"
"H2MD04307","WARNER, JEFF","Republican Party","REP","House","H","Maryland","MD","04","GREENBELT","MD","20770","2022","10-JUN-21","2021","202106109448908924"
"S2FL00631","DEMINGS, VAL","Democratic Party","DEM","Senate","S","Florida","FL","00","ORLANDO","FL","32853","2022","09-JUN-21","2021","202106099448889654"
"S2MN00316","WHITCIMB, PATRICK","Write-In","W","Senate","S","Minnesota","MN","00","WELLS","MN","56097","2022","09-JUN-21","2021","202106099448892769"
"H2CA25226","STRANSKY, DARA FAYE","Democratic Party","DEM","House","H","California","CA","25","VALENCIA","CA","91381","2022","09-JUN-21","2021","202106099448892759"
"S2OH00428","SHEFFEY, DEMAR","Democratic Party","DEM","Senate","S","Ohio","OH","00","BEDFORD HEIGHTS","OH","44146","2022","08-JUN-21","2021","202106089448889465"
"H2FL10218","ACHENBACH, JACK JOSEPH","Democratic Party","DEM","House","H","Florida","FL","10","ORLANDO","FL","32837","2022","08-JUN-21","2021","202106089448886454"
"H2NV04094","SERRANO, CAROLINA","Republican Party","REP","House","H","Nevada","NV","04","LAS VEGAS","NV","89135","2022","07-JUN-21","2021","202106079448884017"
"H2GA14077","DAVIS, WENDY","Democratic Party","DEM","House","H","Georgia","GA","14","ROME","GA","30162","2022","06-JUN-21","2021","202106069448814970"
"H2NC09183","GRAHAM, CHARLES","Democratic Party","DEM","House","H","North Carolina","NC","09","LUMBERTON","NC","28358","2022","06-JUN-21","2021","202106069448814959"
"H2CA50182","BAROSAY, MARI MS","Democratic Party","DEM","House","H","California","CA","50","ESCONDIDO","CA","92027","2022","06-JUN-21","2021","202106069448814932"
"S2GA00209","BLACK, GARY","Republican Party","REP","Senate","S","Georgia","GA","00","ATHENS","GA","30604","2022","04-JUN-21","2021","202106049448812397"
"H2NV03187","MALGERI, NOAH","Republican Party","REP","House","H","Nevada","NV","03","HENDERSON","NV","89002","2022","04-JUN-21","2021","202106049448813240"
"H2TN05339","STARBUCK, ROBBY","Republican Party","REP","House","H","Tennessee","TN","05","FRANKLIN","TN","37064","2022","04-JUN-21","2021","202106049448813320"
"S2FL00623","SANCHEZ, WILLIAM","Democratic Party","DEM","Senate","S","Florida","FL","00","MIAMI","FL","33186","2022","04-JUN-21","2021","202106049448814713"
"S2CO00175","AADLAND, ERIK","Republican Party","REP","Senate","S","Colorado","CO","00","PINE","CO","80470","2022","04-JUN-21","2021","202106049448814394"
"H2OH15244","BETTS, GREG","Democratic Party","DEM","House","H","Ohio","OH","15","HILLIARD","OH","43026","2021","04-JUN-21","2021","202106049448814478"
"H8CA47078","BRISCOE, JOHN","Republican Party","REP","House","H","California","CA","47","HUNTINGTON BEACH","CA","92647","2022","04-JUN-21","2021","202106049448813472"
"H2NY23129","RECOTTA, JAMES P","Republican Party","REP","House","H","New York","NY","23","PAINTED POST ","NY","14870","2022","03-JUN-21","2021","202106040300378656"
"H2CA12216","LENTZ, GREG","Republican Party","REP","House","H","California","CA","12","PETALUMA","CA","94954","2022","03-JUN-21","2021","202106039448721033"
"H2CA25218","QUARTEY, JOHN QUAYE II","Democratic Party","DEM","House","H","California","CA","25","SANTA CLARITA","CA","91380","2022","03-JUN-21","2021","202106039448718808"
"H2GA11248","DAVIS, ANGELA GRACE","Independent","IND","House","H","Georgia","GA","11","WOODSTOCK","GA","30188","2022","03-JUN-21","2021","202106039448718828"
"S2OH00410","RONAN, SAMUEL","Independent","IND","Senate","S","Ohio","OH","00","LANCASTER","OH","43130","2022","03-JUN-21","2021","202106039448720501"
"H2IN09209","REZAEI, BABAK","Democratic Party","DEM","House","H","Indiana","IN","09","CLARKSVILLE","IN","47129","2022","03-JUN-21","2021","202106039448719346"
"H0KS02188","LATURNER, JAKE","Republican Party","REP","House","H","Kansas","KS","02","TOPEKA","KS","66614","2022","03-JUN-21","2021","202106039448719565"
"H2TN05321","NEWSOM, ROBERT STARBUCK","Republican Party","REP","House","H","Tennessee","TN","05","FRANKLIN","TN","38064","2022","03-JUN-21","2021","202106039448719998"
"H2GA06149","DESVIGNES, ELFREDA","Democratic Party","DEM","House","H","Georgia","GA","06","ATLANTA","GA","30339","2022","03-JUN-21","2021","202106039448720197"
"H2TN03227","MORGAN, KENNETH FARRELL MR. SR","Republican Party","REP","House","H","Tennessee","TN","03","SODDY DAISY","TN","37379","2022","03-JUN-21","2021","202106039448718917"
"H2TX35128","ZAPATA, CLAUDIA ANDREANA","Democratic Party","DEM","House","H","Texas","TX","35","DEL VALLE","TX","78617","2022","02-JUN-21","2021","202106029448456635"
"H0MI10287","MCCLAIN, LISA","Republican Party","REP","House","H","Michigan","MI","10","BRUCE TOWNSHIP","MI","48065","2022","02-JUN-21","2021","202106029448456644"
"H2LA03089","GRANGER, DUSTIN","Democratic Party","DEM","House","H","Louisiana","LA","03","LAKE CHARLES","LA","70601","2022","02-JUN-21","2021","202106029448456650"
"H2FL20241","SERRATORE, LEONARD LOUIS MR.","No Party Affiliation","NPA","House","H","Florida","FL","20","WEST PALM BEACH","FL","33409","2022","02-JUN-21","2021","202106029448457480"
"H2OH15236","COOPERRIDER, THAD CHALMERS","Republican Party","REP","House","H","Ohio","OH","15","THORNVILLE","OH","43076","2021","02-JUN-21","2021","202106029448456785"
"H2TX07077","STROUD, TIMOTHY","Republican Party","REP","House","H","Texas","TX","07","HOUSTON","TX","77095","2021","02-JUN-21","2021","202106029448456847"
"H2TX03126","SESSIONS, PETE","Republican Party","REP","House","H","Texas","TX","17","WACO","TX","767102973","2022","02-JUN-21","2021","202106029448456849"
"H2NY01117","HAHN, KARA","Democratic Party","DEM","House","H","New York","NY","01","STONY BROOK","NY","11790","2022","02-JUN-21","2021","202106029448456651"
"S2AL00145","BRITT, KATIE BOYD","Republican Party","REP","Senate","S","Alabama","AL","00","MONTGOMERY","AL","36106","2022","01-JUN-21","2021","202106040300378828"
"H2TX08182","LUTTRELL, MORGAN JOE","Republican Party","REP","House","H","Texas","TX","08","MAGNOLIA","TX","77353","2022","01-JUN-21","2021","202106019447492852"
"H2WA02219","JOHNSON, LEIF D","Republican Party","REP","House","H","Washington","WA","02","GREENBANK","WA","98253","2022","01-JUN-21","2021","202106019448455659"
"H2AZ09167","LOPEZ, JESUS RENE JR.","Republican Party","REP","House","H","Arizona","AZ","09","CHANDLER","AZ","85249","2022","01-JUN-21","2021","202106019447493526"
"H2GA10182","CURRY, DAVID","Republican Party","REP","House","H","Georgia","GA","10","MCDONOUGH","GA","30252","2022","01-JUN-21","2021","202106019448178244"
"H2IL05209","HUYNH, KHAI-HOAN DAC","Democratic Party","DEM","House","H","Illinois","IL","05","CHICAGO","IL","60640","2022","01-JUN-21","2021","202106019447492861"
"S2GA00191","NESTOR, JAMES EDWARD MR.","Republican Party","REP","Senate","S","Georgia","GA","00","EVANS","GA","30809","2022","31-MAY-21","2021","202105319447492486"
"S2SD00092","MOWRY, MARK STEVEN MR.","Republican Party","REP","Senate","S","South Dakota","SD","00","SPEARFISH","SD","57783","2022","31-MAY-21","2021","202105319447490792"
"H2TX08174","REVIS, CHRISTOPHER JOHN","Republican Party","REP","House","H","Texas","TX","08","CONROE","TX","77385","2022","31-MAY-21","2021","202105319447492481"
"H0IL07167","COLLINS, KINA ISIS","Democratic Party","DEM","House","H","Illinois","IL","07","OAK PARK","IL","60301","2022","31-MAY-21","2021","202105319447492480"
"H2NY05118","AKHLAGHY, NADER","Peace And Freedom Party","PFP","House","H","New York","NY","05","NEWYORK","NY","10005","2021","31-MAY-21","2021","202105319447492329"
"H2MI05168","HOBSON, ETHAN C MR.","U.S. Taxpayers Party","UST","House","H","Michigan","MI","05","LONG LAKE","MI","48743","2022","30-MAY-21","2021","202105309447490137"
"H2NY21131","WATSON, EZRA","Democratic Party","DEM","House","H","New York","NY","21","WILTON","NY","12831","2022","30-MAY-21","2021","202105309447490055"
"H2WA09149","ISHII, DAVID TADASHI","Democratic Party","DEM","House","H","Washington","WA","09","SEATTLE","WA","98144","2022","29-MAY-21","2021","202105299447489782"
"H2TX08166","FORD, JERRY MR.","Republican Party","REP","House","H","Texas","TX","08","HOUSTON","TX","77268","2022","29-MAY-21","2021","202105299447489797"
"H2NY22170","STEWART, HAL","Independent","IND","House","H","New York","NY","22","BINGHAMTON","NY","13905","2022","29-MAY-21","2021","202105299447489792"
"H2MI11224","KALLUR, SUMUKH","Republican Party","REP","House","H","Michigan","MI","11","NOVI","MI","48374","2022","28-MAY-21","2021","202105289447488113"
"H2GA10174","ALVEY, ANDREW","Republican Party","REP","House","H","Georgia","GA","10","SOCIAL CIRCLE","GA","30025","2022","28-MAY-21","2021","202105289447488115"
"H2IL12148","RICHARDSON, KEITH GARTH RABBI","Democratic Party","DEM","House","H","Illinois","IL","12","ALORTON,","IL","62207","2022","28-MAY-21","2021","202105289447488608"
"H2GA01256","PALIMENO, JOSEPH","Democratic Party","DEM","House","H","Georgia","GA","01","SAINT  MARYS","GA","31558","2022","28-MAY-21","2021","202105289447488219"
"H2TX21144","LOWRY, ROBERT DR.","Republican Party","REP","House","H","Texas","TX","21","BOERNE","TX","78006","2022","28-MAY-21","2021","202105289447488185"
"S2AZ00349","MCGUIRE, MICHAEL MICK","Republican Party","REP","Senate","S","Arizona","AZ","00","PHOENIX","AZ","85016","2022","27-MAY-21","2021","202105279447484299"
"H2WA08166","SWANK, KEITH ROLAND","Republican Party","REP","House","H","Washington","WA","10","PUYALLUP","WA","98373","2022","27-MAY-21","2021","202105279447487995"
"H2FL10200","BRACY, RANDOLPH","Democratic Party","DEM","House","H","Florida","FL","10","WINDERMERE","FL","34786","2022","27-MAY-21","2021","202105279447486482"
"H2VA05083","COMBS, JACK LEWIS JR.","Democratic Party","DEM","House","H","Virginia","VA","05","CHARLOTTESVILLE","VA","22902","2022","27-MAY-21","2021","202105279447484372"
"H2NY08153","VASQUEZ, CLEMENTINE","Democratic Party","DEM","House","H","New York","NY","08","BROOKLYN","NY","11221","2022","26-MAY-21","2021","202105269447384036"
"H0CA08135","OBERNOLTE, JAY","Republican Party","REP","House","H","California","CA","08","BIG BEAR LAKE","CA","92315","2022","26-MAY-21","2021","202105269447384229"
"H2ME02188","PERKINS, MICHAEL HONORABLE","Republican Party","REP","House","H","Maine","ME","02","OAKLAND","ME","04963","2022","26-MAY-21","2021","202105269447384148"
"H2FL10192","AYALA, ARAMIS","Democratic Party","DEM","House","H","Florida","FL","10","ORLANDO","FL","32869","2022","26-MAY-21","2021","202105269447384058"
"H2FL07164","DUKE, BRADY","Republican Party","REP","House","H","Florida","FL","07","OVIEDO","FL","32762","2022","25-MAY-21","2021","202105259447382854"
"H0MO07279","RICHARDS, AUDREY","Republican Party","REP","House","H","Missouri","MO","07","KIMBERLING CITY","MO","65686","2022","25-MAY-21","2021","202105259447383162"
"H2CA46131","TRUMAN, CECILIA","Republican Party","REP","House","H","California","CA","46","MENIFEE","CA","92584","2022","25-MAY-21","2021","202105259447383471"
"H2MO02185","REED, RAYMOND","Democratic Party","DEM","House","H","Missouri","MO","02","SAINT LOUIS","MO","63144","2022","25-MAY-21","2021","202105259447383410"
"S2WI00391","LARSON, CHRISTOPHER","Democratic Party","DEM","Senate","S","Wisconsin","WI","00","MILWAUKEE","WI","53207","2022","25-MAY-21","2021","202105259447383394"
"H0NY03075","D'ARRIGO, MELANIE","Democratic Party","DEM","House","H","New York","NY","03","PORT WASHINGTON","NY","11050","2022","24-MAY-21","2021","202105249447381469"
"H2WA09131","MARX, KRYSTAL","Democratic Party","DEM","House","H","Washington","WA","09","SEATTLE","WA","98118","2022","24-MAY-21","2021","202105249447381549"
"H2VA02072","ALTMAN, LARRY THOMAS III","Republican Party","REP","House","H","Virginia","VA","02","VIRGINIA BEACH","VA","23456","2022","24-MAY-21","2021","202105249447381697"
"H0TX30081","CLEVELAND, SHENITA LACHE","Democratic Party","DEM","House","H","Texas","TX","30","DALLAS","TX","75376","2022","24-MAY-21","2021","202105249447381608"
"H2OR04087","VAN TRESS, JEREMY","Republican Party","REP","House","H","Oregon","OR","04","CORVALLIS","OR","97339","2022","24-MAY-21","2021","202105249447381564"
"S2FL00615","MISIGOY, DENNIS","Libertarian Party","LIB","Senate","S","Florida","FL","00","SAINT CLOUD","FL","34771","2022","23-MAY-21","2021","202105239447381417"
"H2NC04119","KINSEY, CRAIG ROBERT","Republican Party","REP","House","H","North Carolina","NC","04","PITTSBORO","NC","27312","2022","23-MAY-21","2021","202105239447381270"
"H6NC04037","PRICE, DAVID","Democratic Party","DEM","House","H","North Carolina","NC","04","RALEIGH","NC","27602","2022","22-MAY-21","2021","202105229447380197"
"H2NY14094","CUELLAR, DESI","Republican Party","REP","House","H","New York","NY","14","NEW YORK","NY","11360","2022","22-MAY-21","2021","202105229447380211"
"S2WI00383","OLIKARA, STEVEN","Democratic Party","DEM","Senate","S","Wisconsin","WI","00","MILWAUKEE","WI","53203","2022","22-MAY-21","2021","202105229447380202"
"H2FL05200","CHUBA, JON","Republican Party","REP","House","H","Florida","FL","05","JACKSONVILLE","FL","32256","2022","21-MAY-21","2021","202105219447367863"
"H2FL10184","JACKSON, NATALIE","Democratic Party","DEM","House","H","Florida","FL","10","ORLANDO","FL","32801","2022","21-MAY-21","2021","202105219447368336"
"H2TX08158","ELLIS, JAMESON","Republican Party","REP","House","H","Texas","TX","08","CONROE","TX","77301","2022","21-MAY-21","2021","202105219447378960"
"H2VA10174","CARPIO, MONICA","Republican Party","REP","House","H","Virginia","VA","10","MCLEAN","VA","22101","2022","21-MAY-21","2021","202105219447378959"
"S2IA00149","MUHLBAUER, DAVE MR.","Democratic Party","DEM","Senate","S","Iowa","IA","00","MANNING","IA","51455","2022","21-MAY-21","2021","202105219447368436"
"H2AZ02345","HERNANDEZ, DANIEL","Democratic Party","DEM","House","H","Arizona","AZ","02","TUCSON","AZ","85717","2022","20-MAY-21","2021","202105209447002643"
"H2MA09239","BROWN, JESSE","Republican Party","REP","House","H","Massachusetts","MA","09","PLYMOUTH","MA","02362","2022","20-MAY-21","2021","202105209447005345"
"H2FL13139","SCHNEIDER, JAN","Democratic Party","DEM","House","H","Florida","FL","16","SARASOTA","","","2022","20-MAY-21","2021","202105210300378321"
"H2TN05313","SHANNON, RICHARD ALAN MR. JR.","Independent","IND","House","H","Tennessee","TN","05","FRANKLIN","TN","37064","2022","20-MAY-21","2021","202105209447309212"
"S2NC00539","COOKE, JOHN MARTIN MR. JR.","Republican Party","REP","Senate","S","North Carolina","NC","00","SHALLOTTE","NC","28470","2022","20-MAY-21","2021","202105209447348530"
"H2MO07119","REYNOLDS, DERRAL","Republican Party","REP","House","H","Missouri","MO","07","BRIGHTON","MO","65617","2022","20-MAY-21","2021","202105209447023399"
"H2TX23132","LIRA, JOHN","Democratic Party","DEM","House","H","Texas","TX","23","SAN ANTONIO","TX","78220","2022","19-MAY-21","2021","202105199446961293"
"H2WA08182","LARKIN, MATT MR","Republican Party","REP","House","H","Washington","WA","08","SAMMAMISH","WA","98029","2022","19-MAY-21","2021","202105199446962439"
"H2TX21136","FRENCH, MICHAEL ALEXANDER MR.","Republican Party","REP","House","H","Texas","TX","21","NEW BRAUNFELS","TX","78132","2022","19-MAY-21","2021","202105199446974307"
"H2IN03194","BOWER, FORREST ANTHONY","Democratic Party","DEM","House","H","Indiana","IN","03","FORT WAYNE","IN","46805","2022","19-MAY-21","2021","202105199446952681"
"H2FL21108","FRANZESE, DANIEL JOHN","Republican Party","REP","House","H","Florida","FL","21","PALM BEACH","FL","33480","2022","19-MAY-21","2021","202105199446962861"
"S2PA00521","TAPERA, LLEWELLYN MR.","Democratic Party","DEM","Senate","S","Pennsylvania","PA","00","KING OF PRUSSIA","PA","19406","2022","18-MAY-21","2021","202105189446950409"
"H2MO04124","LEATHERS, JEFFERY JD","Democratic Party","DEM","House","H","Missouri","MO","04","ARCHIE","MO","64725","2022","18-MAY-21","2021","202105189446952587"
"H2SC07272","MCBRIDE, MARK STRUTHERS","Republican Party","REP","House","H","South Carolina","SC","07","MYRTLE BEACH","SC","29577","2022","18-MAY-21","2021","202105189446952589"
"H2CO06180","MULDER, ERIC","Libertarian Party","LIB","House","H","Colorado","CO","06","AURORA","CO","80013","2022","18-MAY-21","2021","202105189446952680"
"S2MO00585","MCCLOSKEY, MARK T","Republican Party","REP","Senate","S","Missouri","MO","00","SAINT LOUIS","MO","63108","2022","18-MAY-21","2021","202105189446939764"
"H2FL13238","HOTCHKISS, CHRISTIAN DAVID","Democratic Party","DEM","House","H","Florida","FL","13","ST PETERSBURG","FL","33713","2022","18-MAY-21","2021","202105189446928899"
"H2SC07264","BUSHAY, LOUIS","Republican Party","REP","House","H","South Carolina","SC","07","CONWAY","SC","29526","2022","18-MAY-21","2021","202105189446935193"
"H0CA05107","GIBLIN, SCOTT","Republican Party","REP","House","H","California","CA","05","SANTA ROSA","CA","95407","2022","18-MAY-21","2021","202105189446939508"
"H2UT02449","DEMILLE, THOMAS JAMES","Independent American Party","IAP","House","H","Utah","UT","02","CEDAR CITY","UT","84721","2022","18-MAY-21","2021","202105189446924454"
"H2FL01225","KELLY, JEREMY","Republican Party","REP","House","H","Florida","FL","01","PENSACOLA","FL","32507","2022","17-MAY-21","2021","202105179446818941"
"H2OR05183","SANDVIG, NATE","Republican Party","REP","House","H","Oregon","OR","05","NESKOWIN","OR","97149","2022","17-MAY-21","2021","202105179446820261"
"H2CA49242","RODRIGUEZ, CHRISTOPHER","Republican Party","REP","House","H","California","CA","49","OCEANSIDE","CA","92054","2022","17-MAY-21","2021","202105179446820434"
"H2NY21123","KOONS, LONNY","Republican Party","REP","House","H","New York","NY","21","CARTHAGE","NY","13619","2022","17-MAY-21","2021","202105179446820491"
"H4IL07037","DAVIS, DANNY K. MR.","Democratic Party","DEM","House","H","Illinois","IL","07","CHICAGO","IL","60644","2022","17-MAY-21","2021","202105179446839498"
"S2NC00521","HARPER JR., KENNETH JABARI","Republican Party","REP","Senate","S","North Carolina","NC","00","ARCHDALE","NC","27263","2022","17-MAY-21","2021","202105179446822909"
"H2WA03167","OVERTON, MATTHEW AUGUST","Republican Party","REP","House","H","Washington","WA","03","CAMAS","WA","98607","2022","17-MAY-21","2021","202105179446823388"
"H2NJ02219","RUSH, CAROLYN","Democratic Party","DEM","House","H","New Jersey","NJ","02","SEA ISLE CITY","NJ","08243","2022","17-MAY-21","2021","202105179446829312"
"H2CA53020","HOLMAN LEAK, BARRETT","Democratic Party","DEM","House","H","California","CA","53","CHULA VISTA","CA","91912","2022","17-MAY-21","2021","202105179446820515"
"H0CA38140","JONES, PAUL IRVING MR","Republican Party","REP","House","H","California","CA","38","LAKEWOOD","CA","90712","2022","16-MAY-21","2021","202105169446818386"
"H0OH18101","HOOD, RONALD E","Republican Party","REP","House","H","Ohio","OH","15","CIRCLEVILLE","OH","43113","2021","16-MAY-21","2021","202105169446818805"
"H2GA01249","HERRING, WADE WILKES MR. II","Democratic Party","DEM","House","H","Georgia","GA","01","SAVANNAH","GA","31412","2022","15-MAY-21","2021","202105159446818099"
"H2CA10186","ASLANPOUR, SIMON MICHAEL","Republican Party","REP","House","H","California","CA","10","SAN JOSE","CA","95120","2022","15-MAY-21","2021","202105159446818360"
"H2MT02068","ZYGMOND, CURT ANDREW MR. SR.","Independent","IND","House","H","Montana","MT","02","BILLINGS","MT","59101","2022","15-MAY-21","2021","202105159446818354"
"H2NJ11152","QUINN, PATRICK JAMES MR. III","Republican Party","REP","House","H","New Jersey","NJ","11","POMPTON LAKES","NJ","07442","2022","14-MAY-21","2021","202105149446817945"
"P20005583","BARNARD, ALYCIA M","Independent","IND","President","P","United States","00","00","SAINT CLOUD","FL","34771","2021","14-MAY-21","2021","202105149446699541"
"H2GA10166","BARR, TIMOTHY","Republican Party","REP","House","H","Georgia","GA","10","ATHENS","GA","30605","2022","14-MAY-21","2021","202105149446699556"
"S2NC00513","BANWART, JENNIFER ALEXIS","Republican Party","REP","Senate","S","North Carolina","NC","00","HOLLY SPRINGS","NC","27540","2022","14-MAY-21","2021","202105149446709999"
"H2FL20233","SANSARICQ, BERNARD MR.","Republican Party","REP","House","H","Florida","FL","20","PEMBROKE PINES","FL","33026","2021","14-MAY-21","2021","202105149446817540"
"H2OH15228","CAREY, MIKE","Republican Party","REP","House","H","Ohio","OH","15","COLUMBUS","OH","43215","2021","14-MAY-21","2021","202105149446713022"
"S2KY00111","GAO, RUTH ANNE DR.","Democratic Party","DEM","Senate","S","Kentucky","KY","00","LOUISVILLE","KY","40220","2022","14-MAY-21","2021","202105149446713141"
"H6KY03124","YARMUTH, JOHN","Democratic Party","DEM","House","H","Kentucky","KY","03","LOUISVILLE","KY","40206","2022","14-MAY-21","2021","202105149446713152"
"H2KY05151","VAN DAM, RICHARD JACOB DR.","Republican Party","REP","House","H","Kentucky","KY","05","SOMERSET","KY","42501","2022","14-MAY-21","2021","202105149446768071"
"H2SC07256","ALLEN, GRAHAM","Republican Party","REP","House","H","South Carolina","SC","07","ATHENS","GA","30605","2022","14-MAY-21","2021","202105149446710279"
"H1FL20011","VILME, PRADEL","Democratic Party","DEM","House","H","Florida","FL","20","MIRAMAR","FL","33027","2022","13-MAY-21","2021","202105180300377872"
"H8WV03097","MILLER, CAROL DEVINE","Republican Party","REP","House","H","West Virginia","WV","03","ALEXANDRIA","VA","22314","2022","13-MAY-21","2021","202105139446687154"
"H2TX20070","STEVENS, MICHAEL TRAVIS","Republican Party","REP","House","H","Texas","TX","20","SAN ANTONIO","TX","78254","2022","13-MAY-21","2021","202105139446688703"
"H2FL20225","DEGRAMMONT, VIC","Republican Party","REP","House","H","Florida","FL","20","LAUDERHILL","FL","33351","2021","13-MAY-21","2021","202105139446688718"
"H2NY23111","BAHAR, HUGH","Republican Party","REP","House","H","New York","NY","23","LANSING","NY","14882","2022","13-MAY-21","2021","202105139446699531"
"H2FL09186","PARKER, KEVIN COPELAND","Democratic Party","DEM","House","H","Florida","FL","09","KISSIMMEE","FL","34741","2022","13-MAY-21","2021","202105139446689261"
"H2FL20217","HARDY, OMARI","Democratic Party","DEM","House","H","Florida","FL","20","WEST PALM BEACH","FL","33402","2022","13-MAY-21","2021","202105139446692357"
"H6MD07020","MFUME, KWEISI","Democratic Party","DEM","House","H","Maryland","MD","07","BALTIMORE","MD","21207","2022","13-MAY-21","2021","202105139446699528"
"H8NY11097","DECILLIS, ALFRED MICHAEL","Democratic Party","DEM","House","H","New York","NY","11","STATEN ISLAND","NY","10314","2022","13-MAY-21","2021","202105139446689241"
"H2CA23155","WOOD, MARISA","Democratic Party","DEM","House","H","California","CA","23","BAKERSFIELD","CA","93389","2022","12-MAY-21","2021","202105129446686668"
"S2PA00505","PARNELL, RICHARD SEAN","Republican Party","REP","Senate","S","Pennsylvania","PA","00","CRANBERRY TOWNSHIP","PA","16066","2022","12-MAY-21","2021","202105129446583571"
"H2CA21191","OSORIO, BRYAN","Democratic Party","DEM","House","H","California","CA","21","DELANO","CA","93216","2022","12-MAY-21","2021","202105129446583600"
"H2NC11205","GASH, ERIC","Democratic Party","DEM","House","H","North Carolina","NC","11","HENDERSONVILLE","NC","28792","2022","12-MAY-21","2021","202105129446683159"
"H2AL05136","WRIGHT, HARRISON GAGE WOODARD","Republican Party","REP","House","H","Alabama","AL","05","HAYDEN","AL","35079","2022","12-MAY-21","2021","202105129446583669"
"H2NH00025","BURNS, ROBERT ANDREW MR.","Republican Party","REP","House","H","New Hampshire","NH","00","BEDFORD","NH","03110","2022","12-MAY-21","2021","202105129446584372"
"H4GA10071","COLLINS, MICHAEL A JR","Republican Party","REP","House","H","Georgia","GA","10","JACKSON","GA","30233","2022","12-MAY-21","2021","202105129446683054"
"S2PA00513","JOHNSON, RONALD EDWARD MR II","Republican Party","REP","Senate","S","Pennsylvania","PA","00","OIL CITY","PA","16301","2022","12-MAY-21","2021","202105129446583618"
"H2FL09194","SHEPHERD, GEORGE","Republican Party","REP","House","H","Florida","FL","09","LAKE WALES","FL","33898","2022","11-MAY-21","2021","202105180300378250"
"S0GA00484","JOHNSON-SHEALEY, TAMARA","Democratic Party","DEM","Senate","S","Georgia","GA","00","PEACHTREE CORNERS","GA","30092","2022","11-MAY-21","2021","202105119446446975"
"H2WI06067","MULLENIX, DOUGLAS","Republican Party","REP","House","H","Wisconsin","WI","06","OSHKOSH","WI","54901","2022","11-MAY-21","2021","202105119446447627"
"H2CO03286","RHODES, KELLIE","Democratic Party","DEM","House","H","Colorado","CO","03","CRESTED BUTTE","CO","81224","2022","11-MAY-21","2021","202105119446447716"
"H2TX12093","RECTOR, CHRISTOPHER D.","Republican Party","REP","House","H","Texas","TX","12","FORT WORTH","TX","76116","2022","11-MAY-21","2021","202105119446448796"
"H8KY02031","GUTHRIE, S. BRETT HON.","Republican Party","REP","House","H","Kentucky","KY","02","BOWLING GREEN","KY","421031593","2022","11-MAY-21","2021","202105119446448798"
"H2TX05238","BAILEY, KATHLEEN CORDELIA","Democratic Party","DEM","House","H","Texas","TX","05","DALLAS","TX","75228","2022","11-MAY-21","2021","202105119446449362"
"H2OH15210","RUSSO, ALLISON","Democratic Party","DEM","House","H","Ohio","OH","15","COLUMBUS","OH","43221","2021","11-MAY-21","2021","202105119446449851"
"H2CA33196","GATES, DERRICK ROLLIN","Republican Party","REP","House","H","California","CA","33","RANCHO PALOS VERDES","CA","90275","2022","11-MAY-21","2021","202105119446452002"
"H2OH15194","STINZIANO, MICHAEL","Democratic Party","DEM","House","H","Ohio","OH","15","COLUMBUS","OH","43215","2021","10-MAY-21","2021","202105109446438073"
"H6VA01117","SCOTT, ROBERT C","Democratic Party","DEM","House","H","Virginia","VA","03","NEWPORT NEWS","VA","23607","2022","10-MAY-21","2021","202105109446438250"
"S2IN00166","MCCRAY, VALERIE L DR","Democratic Party","DEM","Senate","S","Indiana","IN","00","INDIANAPOLIS","IN","46205","2022","10-MAY-21","2021","202105109446444782"
"H2OH15202","HWANG, THOMAS","Republican Party","REP","House","H","Ohio","OH","15","WAVERLY","OH","45690","2021","10-MAY-21","2021","202105109446438244"
"H2FL13220","DIAMOND, BEN","Democratic Party","DEM","House","H","Florida","FL","13","ST. PETERSBURG","FL","33734","2022","10-MAY-21","2021","202105109446436741"
"H2MN05158","TRAN, KHANH","Democratic-Farmer-Labor","DFL","House","H","Minnesota","MN","05","CRYSTAL","MN","55427","2022","10-MAY-21","2021","202105109446437661"
"H2TX08141","VASQUEZ, CLEMENTINE","Democratic Party","DEM","House","H","Texas","TX","08","BROOKLYN","NY","11221","2022","10-MAY-21","2021","202105109446437927"
"H2TX30137","HAMILTON, JANE HOPE","Democratic Party","DEM","House","H","Texas","TX","30","DALLAS","TX","75222","2022","10-MAY-21","2021","202105109446437955"
"H2SC06118","CHAPMAN, JOHN","Republican Party","REP","House","H","South Carolina","SC","06","MONCKS CORNER","SC","29461","2022","08-MAY-21","2021","202105089446436430"
"S2FL00607","PASTRANA, ALLEK","Democratic Party","DEM","Senate","S","Florida","FL","00","ORLANDO","FL","32820","2022","08-MAY-21","2021","202105089446436167"
"H2OH15186","TARAZI, OMAR","Republican Party","REP","House","H","Ohio","OH","15","HILLIARD","OH","43026","2021","07-MAY-21","2021","202105079446373061"
"S2NY00390","HAHN, PATRICK JOHN","Republican Party","REP","Senate","S","New York","NY","00","CENTER MORICHES","NY","11934","2022","07-MAY-21","2021","202105079446372225"
"H2MD06286","AUGUST, DAVID","Independent","IND","House","H","Maryland","MD","06","POINT OF ROCKS","MD","21777","2022","07-MAY-21","2021","202105079446310589"
"H6WY01082","SMITH, DARIN DALE","Republican Party","REP","House","H","Wyoming","WY","00","CHEYENNE","WY","82009","2022","07-MAY-21","2021","202105079446310495"
"H2TX08133","HULLIHAN, JONATHAN KEITH","Republican Party","REP","House","H","Texas","TX","08","THE WOODLANDS","TX","77382","2022","06-MAY-21","2021","202105069446307609"
"H2GA10158","MCMAIN, MARC","Republican Party","REP","House","H","Georgia","GA","10","LOGANVILLE","GA","30052","2022","06-MAY-21","2021","202105069446310248"
"H2NC08227","EVANS, CHARLES","Democratic Party","DEM","House","H","North Carolina","NC","08","FAYETTEVILLE","NC","28305","2022","06-MAY-21","2021","202105069446307562"
"H2MN01157","WAJER, LOGAN RONALD","Independent","IND","House","H","Minnesota","MN","01","BREWSTER","MN","56119","2022","06-MAY-21","2021","202105069446307068"
"H2IN09191","FYFE, MATTHEW JOHN","Democratic Party","DEM","House","H","Indiana","IN","09","BLOOMINGTON","IN","47402","2022","06-MAY-21","2021","202105069446307067"
"H2VA10166","LOTT, PAUL KINNEY MR. SR","Republican Party","REP","House","H","Virginia","VA","10","GAINESVILLE","VA","20155","2022","06-MAY-21","2021","202105069446310478"
"H2OH15178","FIX, JEFFREY M","Republican Party","REP","House","H","Ohio","OH","15","PICKERINGTON","OH","43147","2021","06-MAY-21","2021","202105069446308312"
"S8NY00199","HAHN, PATRICK JOHN","Republican Party","REP","Senate","S","New York","NY","00","CENTER MORICHES","NY","11934","2022","05-MAY-21","2021","202105180300378113"
"H2NY10134","HAMDAN, BENINE","Democratic Party","DEM","House","H","New York","NY","10","NEW YORK","NY","10014","2022","05-MAY-21","2021","202105059446307062"
"H2OH15160","EDMONDS, RUTH","Republican Party","REP","House","H","Ohio","OH","15","COLUMBUS","OH","43220","2022","05-MAY-21","2021","202105059446306570"
"H6FL13189","LYNN, ERIC","Democratic Party","DEM","House","H","Florida","FL","13","ST. PETERSBURG","FL","33733","2022","05-MAY-21","2021","202105059446294688"
"H0MS02082","FLOWERS, BRIAN WESLEY","Republican Party","REP","House","H","Mississippi","MS","02","CLINTON","MS","39056","2022","04-MAY-21","2021","202105049446279923"
"H2GA06131","WELSH, ERIC MICHAEL","Republican Party","REP","House","H","Georgia","GA","06","ATLANTA","GA","31150","2022","04-MAY-21","2021","202105049446279732"
"H2IL13146","PALMER, DAVID","Democratic Party","DEM","House","H","Illinois","IL","13","CHAMPAIGN","IL","61822","2022","04-MAY-21","2021","202105049446281024"
"H2CA02183","SMITH, AARON","Republican Party","REP","House","H","California","CA","02","SANTA ROSA","CA","95403","2022","04-MAY-21","2021","202105049446289215"
"H2MA02093","BARASSI, NICHOLAS","Republican Party","REP","House","H","Massachusetts","MA","02","LEOMINSTER","MA","01453","2022","04-MAY-21","2021","202105049446279637"
"H2LA02149","CARTER, TROY A. SR.","Democratic Party","DEM","House","H","Louisiana","LA","02","NEW ORLEANS","LA","70150","2022","04-MAY-21","2021","202105049446280947"
"H2AK01067","EVANS, SHANNON SCOTT MR.","Republican Party","REP","House","H","Alaska","AK","00","ANCHORAGE","AK","99504","2022","04-MAY-21","2021","202105049446289559"
"H2AZ06221","HODGE, JEVIN D.","Democratic Party","DEM","House","H","Arizona","AZ","06","SCOTTSDALE","AZ","85261","2022","03-MAY-21","2021","202105039446258238"
"H2FL20217","HARDY, OMARI","Democratic Party","DEM","House","H","Florida","FL","20","WEST PALM BEACH","FL","33402","2021","03-MAY-21","2021","202105039446258192"
"H2CA00146","TOOMIM, LEAH MELISSA","Republican Party","REP","House","H","California","CA","00","SANTA MONICA","CA","90403","2022","03-MAY-21","2021","202105039446258800"
"S2OR00135","BEEBE, RODNEY JASON","Republican Party","REP","Senate","S","Oregon","OR","00","PRINEVILLE","OR","97754","2022","03-MAY-21","2021","202105039446279474"
"H2TX13117","BROWN, MARY KATHLEEN","Democratic Party","DEM","House","H","Texas","TX","13","WICHITA FALLS","TX","76308","2022","03-MAY-21","2021","202105180300377999"
"H2IN00026","JASWAL, JATINDER KUMAR MR SR","Democratic Party","DEM","House","H","Indiana","IN","00","INDIANAPOLIS","IN","46204","2021","03-MAY-21","2021","202105039446141477"
"S2MO00577","MCQUEEN, ELDON DAN","Republican Party","REP","Senate","S","Missouri","MO","00","JEFFERSON CITY","MO","65102","2022","03-MAY-21","2021","202105039446258031"
"H2CA24179","SAGOO, GURPINDER SINGH","Republican Party","REP","House","H","California","CA","24","LOS ANGELES","CA","90016","2022","03-MAY-21","2021","202105039446241591"
"S2WI00375","AUBART, SCOTT ALAN MR","American Independent Party","AIP","Senate","S","Wisconsin","WI","00","EAU CLAIRE","WI","54701","2022","03-MAY-21","2021","202105039446246366"
"H2FL20209","DUBOSE, BOBBY B","Democratic Party","DEM","House","H","Florida","FL","20","FT LAUDERDALE","FL","33311","2021","03-MAY-21","2021","202105039446257853"
"S2AZ00331","LAMON, JIM MR","Republican Party","REP","Senate","S","Arizona","AZ","00","PHOENIX","AZ","85018","2022","03-MAY-21","2021","202105039446257982"
"H2TX30129","MANNING, ZACHARIAH C.","Democratic Party","DEM","House","H","Texas","TX","30","DALLAS","TX","75251","2022","03-MAY-21","2021","202105039446258005"
"H8MO09153","LUETKEMEYER, W BLAINE","Republican Party","REP","House","H","Missouri","MO","03","ST ELIZABETH","MO","65075","2022","03-MAY-21","2021","202105039446241579"
"H2NY03147","KAUR, NAVJOT PAL","Democratic Party","DEM","House","H","New York","NY","03","HICKSVILLE","NY","11801","2022","02-MAY-21","2021","202105029446141103"
"H2TX32109","SALAZAR, GIRIEN RICARDO 2104738228","Republican Party","REP","House","H","Texas","TX","32","DALLAS","TX","75219","2022","01-MAY-21","2021","202105019446140946"
"H0FL13158","PAULINA LUNA, ANNA","Republican Party","REP","House","H","Florida","FL","13","SAINT PETERSBURG","FL","337022409","2022","01-MAY-21","2021","202105019446140937"
"H2NY02123","SAX, MICHAEL","Democratic Party","DEM","House","H","New York","NY","02","BAYSHORE","NY","11706","2022","01-MAY-21","2021","202105019446140887"
"H2GA14069","CLAY, MARK DANIEL","Republican Party","REP","House","H","Georgia","GA","14","BROOKHAVEN","GA","31119","2022","30-APR-21","2021","202104309446140560"
"H0OH04085","SITES, JEFFREY ALAN","Democratic Party","DEM","House","H","Ohio","OH","04","LIMA","OH","45801","2022","30-APR-21","2021","202104309446140586"
"H2IL01042","RUSH, BOBBY LEE","Democratic Party","DEM","House","H","Illinois","IL","01","CHICAGO","IL","60653","2022","30-APR-21","2021","202104309446140599"
"H2CT01213","LAZOR, LAWRENCE ZIDOVSKY DR","Republican Party","REP","House","H","Connecticut","CT","01","WEST HARTFORD","CT","06117","2022","30-APR-21","2021","202104309446140797"
"H0OR04107","SKARLATOS, ALEK","Republican Party","REP","House","H","Oregon","OR","04","WINCHESTER","OR","97495","2022","30-APR-21","2021","202104309446140738"
"H2OH15145","LARE, JEFF","Republican Party","REP","House","H","Ohio","OH","15","CANAL WINCHESTER","OH","43110","2022","30-APR-21","2021","202104309446140739"
"H2MS04266","BROOKS, RAYMOND N","Republican Party","REP","House","H","Mississippi","MS","04","GULFPORT","MS","39507","2022","30-APR-21","2021","202104309446140765"
"H2NV02494","SIMS, AARON MICHAEL","Democratic Party","DEM","House","H","Nevada","NV","02","CARSON CITY","NV","89701","2022","30-APR-21","2021","202104309446140608"
"H4MT01041","ZINKE, RYAN K","Republican Party","REP","House","H","Montana","MT","02","WHITEFISH","MT","59937","2022","29-APR-21","2021","202104299446134866"
"H2CO03278","BURNETT, DEBORA LYNN","Democratic Party","DEM","House","H","Colorado","CO","03","COWDREY","CO","80434","2022","29-APR-21","2021","202104299446121597"
"H2NJ11145","KOVIC, ROBERT D.","Republican Party","REP","House","H","New Jersey","NJ","11","SPARTA","NJ","07871","2022","29-APR-21","2021","202104299446135551"
"H2MT01086","SCHUSTROM, WILLIAM CHARLES JR","Democratic Party","DEM","House","H","Montana","MT","00","KALISPELL","MT","59901","2021","29-APR-21","2021","202104299446137649"
"H2OH11243","COREY, SETH","Democratic Party","DEM","House","H","Ohio","OH","11","CLEVELAND","OH","44106","2021","29-APR-21","2021","202104299446140517"
"H2AL05128","WARDYNSKI, CASEY","Republican Party","REP","House","H","Alabama","AL","05","HUNTSVILLE","AL","35804","2022","29-APR-21","2021","202104299446121673"
"H2CA12208","VON KRIEG, BIANCA MS.","Democratic Party","DEM","House","H","California","CA","12","SAN FRANCISCO","CA","94117","2022","28-APR-21","2021","202104289445519781"
"S2NC00505","BUDD, THEODORE P","Republican Party","REP","Senate","S","North Carolina","NC","00","RALEIGH","NC","27624","2022","28-APR-21","2021","202104289445520442"
"H2PA05074","GALLUCH, DAVID","Republican Party","REP","House","H","Pennsylvania","PA","05","NEWTOWN SQUARE","PA","19073","2022","28-APR-21","2021","202104289445520444"
"H2CO06172","RICKERSON, GLENN III","Republican Party","REP","House","H","Colorado","CO","06","HIGHLANDS RANCH","CO","80129","2022","28-APR-21","2021","202104289445535421"
"H0NJ05174","PALLOTTA, FRANK","Republican Party","REP","House","H","New Jersey","NJ","05","MAHWAH","NJ","07430","2022","28-APR-21","2021","202104289445532634"
"H2WA03159","JENKINS, CHRIS","Democratic Party","DEM","House","H","Washington","WA","03","SEATTLE","WA","98101","2022","28-APR-21","2021","202104289445535358"
"H2OH15152","KUNZE, STEPHANIE L.","Republican Party","REP","House","H","Ohio","OH","15","DUBLIN","OH","43016","2021","28-APR-21","2021","202104289445535415"
"H2FL10176","MORGAN, CARTER","Republican Party","REP","House","H","Florida","FL","10","ORLANDO","FL","32824","2022","28-APR-21","2021","202104289445520520"
"H2NY19119","BUCCOLA, BRANDON","Republican Party","REP","House","H","New York","NY","19","WURTSBORO","NY","12790","2022","27-APR-21","2021","202104279445517062"
"S2NC00497","BEASLEY, CHERI","Democratic Party","DEM","Senate","S","North Carolina","NC","00","RALEIGH","NC","27611","2022","27-APR-21","2021","202104279445510910"
"H2OH15145","LARE, JEFF","Republican Party","REP","House","H","Ohio","OH","15","CANAL WINCHESTER","OH","43110","2021","27-APR-21","2021","202104279445511678"
"H0CA40120","FELIX, ANTHONY DR. JR.","Democratic Party","DEM","House","H","California","CA","40","DOWNEY","CA","90242","2022","27-APR-21","2021","202104279445511578"
"H2NV01264","VILELA, AMY","Democratic Party","DEM","House","H","Nevada","NV","01","LAS VEGAS","NV","89127","2022","27-APR-21","2021","202104279445510938"
"S2OH00402","RYAN, TIMOTHY","Democratic Party","DEM","Senate","S","Ohio","OH","00","NILES","OH","44446","2022","26-APR-21","2021","202104269445376801"
"H8MO06092","MARTIN, HENRY ROBERT","Democratic Party","DEM","House","H","Missouri","MO","06","KANSAS CITY","MO","64119","2022","26-APR-21","2021","202104269445376802"
"S2AR00099","DEEL, MICHAEL","Republican Party","REP","Senate","S","Arkansas","AR","00","FORT SMITH","AR","72917","2022","26-APR-21","2021","202104269445424395"
"S2AK00150","LITTLE, SAMUAL","Republican Party","REP","Senate","S","Alaska","AK","00","TOK","AK","99780","2022","26-APR-21","2021","202104269445482693"
"H2CO06164","LEATHERWOOD, REBECCA GAIL","Republican Party","REP","House","H","Colorado","CO","06","LITTLETON","CO","80120","2021","26-APR-21","2021","202104269445502931"
"H2VA10158","PERCLE, CLAY","Republican Party","REP","House","H","Virginia","VA","10","ALEXANDRIA","VA","22313","2022","26-APR-21","2021","202104269445502926"
"H2TX12085","HUNT, TREY JOSEPH","Democratic Party","DEM","House","H","Texas","TX","12","FORT WORTH","TX","76132","2022","26-APR-21","2021","202104269445502928"
"H2CA38252","ANI, SYLVESTER UGONNA JR.","Democratic Party","DEM","House","H","California","CA","38","CERRITOS","CA","90703","2022","26-APR-21","2021","202104269445502929"
"H2NV03179","PRIJTEN, REINIER","Republican Party","REP","House","H","Nevada","NV","03","LAS VEGAS","NV","89113","2022","26-APR-21","2021","202104269445488694"
"H2NC07138","LEE, DENTON","Democratic Party","DEM","House","H","North Carolina","NC","07","CLAYTON","NC","27520","2022","24-APR-21","2021","202104249445376745"
"S2AK00143","DARDEN, DUSTIN","American Independent Party","AIP","Senate","S","Alaska","AK","00","ANCHORAGE","AK","99502","2022","23-APR-21","2021","202104239445371962"
"H2TX21128","STURM, SCOTT WILLIAM","Democratic Party","DEM","House","H","Texas","TX","21","NEW BRAUNFELS","TX","78130","2022","23-APR-21","2021","202104239445372026"
"H2MI03189","MANOLACHE, GABRIELLA","Republican Party","REP","House","H","Michigan","MI","03","GRANDVILLE","MI","49468","2022","23-APR-21","2021","202104239445371982"
"H2FL20191","TER MAAT, MICHAEL","Libertarian Party","LIB","House","H","Florida","FL","20","HOLLYWOOD","FL","33021","2021","23-APR-21","2021","202104239445371973"
"H0TX31048","WILLIAMS, MICHAEL HOWARD","Republican Party","REP","House","H","Texas","TX","31","GEORGETOWN","TX","78628","2022","22-APR-21","2021","202104229445359525"
"H2AL12017","VON KRIEG, BIANCA","Democratic Party","DEM","House","H","Alabama","AL","12","SAN FRANCISCO","CA","94117","2022","22-APR-21","2021","202104229445370504"
"H2OH01186","CENTERS, BRENT W","Republican Party","REP","House","H","Ohio","OH","01","SPRINGBORO","OH","45066","2022","22-APR-21","2021","202104229445370309"
"H2AL03107","BELL, DOUGLAS A.","Independent","IND","House","H","Alabama","AL","03","SYLACAUGA","AL","35150","2022","22-APR-21","2021","202104229445359668"
"H2WA04173","CULP, LOREN","Republican Party","REP","House","H","Washington","WA","04","REPUBLIC","WA","99166","2022","21-APR-21","2021","202104219445123506"
"H2OH15137","STEWART, BRIAN","Republican Party","REP","House","H","Ohio","OH","15","ASHVILLE","OH","43103","2021","21-APR-21","2021","202104219445123674"
"H0AZ01259","GOSAR, PAUL DR.","Republican Party","REP","House","H","Arizona","AZ","04","PRESCOTT","AZ","86302","2022","21-APR-21","2021","202104219445359512"
"H2TN03219","GORMAN, MARY","Democratic Party","DEM","House","H","Tennessee","TN","03","CHATTANOOGA","TN","37405","2022","21-APR-21","2021","202104219445124047"
"H2FL08063","DEMINGS, VALDEZ 'VAL'","Democratic Party","DEM","House","H","Florida","FL","10","ORLANDO","FL","32853","2022","21-APR-21","2021","202104219445124412"
"H2SC07249","COOPER, BRANDON SHAW MR.","Republican Party","REP","House","H","South Carolina","SC","07","CONWAY","SC","29526","2021","21-APR-21","2021","202104219445123720"
"S2IL00176","HAUSKINS, DANIEL OBAMA MR JR","George Wallace Party","GWP","Senate","S","Illinois","IL","00","ROCK ISLAND","IL","61201","2022","20-APR-21","2021","202104209445077855"
"H2OH15129","PETERSON, BOB","Republican Party","REP","House","H","Ohio","OH","15","SABINA","OH","41569","2021","20-APR-21","2021","202104209443922896"
"H0MO06206","WEST, CHARLES","Democratic Party","DEM","House","H","Missouri","MO","06","CANTON","MO","63435","2022","20-APR-21","2021","202104209443923059"
"H0MN02134","KISTNER, TYLER","Republican Party","REP","House","H","Minnesota","MN","02","APPLE VALLEY","MN","55124","2022","20-APR-21","2021","202104209443997724"
"H8OH15076","STIVERS, STEVE MR.","Republican Party","REP","House","H","Ohio","OH","15","COLUMBUS","OH","432121947","2022","20-APR-21","2021","202104209444385615"
"H8TX06183","SANCHEZ, JANA LYNNE MS","Democratic Party","DEM","House","H","Texas","TX","06","WAXAHACHIE","TX","76168","2021","20-APR-21","2021","202104209444016315"
"S2FL00599","MILLER, ERVAN KATARI","Republican Party","REP","Senate","S","Florida","FL","00","POMPANO BEACH","FL","33069","2022","20-APR-21","2021","202104209444016432"
"H2NC12237","MAXWELL, JOEL","Republican Party","REP","House","H","North Carolina","NC","12","HUNTERSVILLE","NC","28078","2022","20-APR-21","2021","202104209444020032"
"H2TX06343","KIM, SERY MS.","Republican Party","REP","House","H","Texas","TX","06","ARLINGTON","TX","76011","2021","20-APR-21","2021","202104209444026684"
"H8GA13027","COWEN, MARTIN LINDSEY MR. III","Libertarian Party","LIB","House","H","Georgia","GA","13","JONESBORO","GA","302364179","2022","20-APR-21","2021","202104209444003407"
"H2NY01109","ATKINSON, JOHN ROGERS IV","Democratic Party","DEM","House","H","New York","NY","01","FARMINGVILLE","NY","11738","2022","19-APR-21","2021","202104199443806054"
"H2SC01077","PIPER-LOOMIS, LYNZ","Republican Party","REP","House","H","South Carolina","SC","01","NORTH CHARLESTON","SC","29418","2022","19-APR-21","2021","202104199443807851"
"S2MO00569","PORTER, DESHON","Republican Party","REP","Senate","S","Missouri","MO","00","ST LOUIS","MO","63113","2022","19-APR-21","2021","202104199443808566"
"H0FL20146","MILLER, ERVAN KATARI","Republican Party","REP","House","H","Florida","FL","20","POMPANO BEACH","FL","33069","2022","19-APR-21","2021","202104199443835670"
"H2OH16069","SCHULZ, JONAH","Republican Party","REP","House","H","Ohio","OH","16","CLEVELAND","OH","44109","2022","19-APR-21","2021","202104199443808882"
"H2CA42189","MOSELY, BRANDON","Democratic Party","DEM","House","H","California","CA","42","ROMOLAND","CA","92585","2022","19-APR-21","2021","202104199443818623"
"H2FL20183","THURSTON, PERRY E. JR.","Democratic Party","DEM","House","H","Florida","FL","20","LAUDERHILL","FL","33311","2021","19-APR-21","2021","202104199443823409"
"H2NC11197","HESS, ROBERTO LUIS MR.","Democratic Party","DEM","House","H","North Carolina","NC","11","ASHEVILLE","NC","28802","2022","19-APR-21","2021","202104199443808717"
"H2FL26073","SCHAFFER, JEREMIAH","Republican Party","REP","House","H","Florida","FL","26","SUGARLOAF","FL","33042","2022","18-APR-21","2021","202104189443795023"
"H2AZ09159","RODRIGUEZ, SAUL A","Republican Party","REP","House","H","Arizona","AZ","09","PHOENIX","AZ","85016","2022","18-APR-21","2021","202104189443794884"
"H0NY03083","DEVOLDER-SANTOS, GEORGE ANTHONY","Republican Party","REP","House","H","New York","NY","03","ELMHURST","NY","11373","2022","17-APR-21","2021","202104179443792781"
"H2NY20117","CHAIRES, JUSTIN RAPHAEL MR","Democratic Party","DEM","House","H","New York","NY","20","SCHENECTADY","NY","12308","2022","17-APR-21","2021","202104179443792955"
"H8GU01020","SAN NICOLAS, MICHAEL F.Q. MR.","Democratic Party","DEM","House","H","Guam","GU","00","DEDEDO","GU","96929","2022","16-APR-21","2021","202104169443778151"
"H2OH03067","TURNER, MICHAEL R REP.","Republican Party","REP","House","H","Ohio","OH","10","DAYTON","OH","454021344","2022","16-APR-21","2021","202104169443786464"
"H2NC12229","LEE, TYLER","Republican Party","REP","House","H","North Carolina","NC","12","CHARLOTTE","NC","28220","2022","16-APR-21","2021","202104169443791452"
"H2FL25067","GENTLE, ADAM","Democratic Party","DEM","House","H","Florida","FL","25","DORAL","FL","33178","2022","16-APR-21","2021","202104169443788328"
"H0TX32053","PENNIE, DEMETRICK TRE DR.","Republican Party","REP","House","H","Texas","TX","30","DALLAS","TX","75240","2022","16-APR-21","2021","202104169443788358"
"H2IL01232","BUTLER, CHRISTOPHER","Democratic Party","DEM","House","H","Illinois","IL","01","CHICAGO","IL","60643","2022","16-APR-21","2021","202104169443787645"
"H8MP00041","SABLAN, GREGORIO KILILI CAMACHO REP.","Independent","IND","House","H","Northern Mariana Islands","MP","00","SAIPAN","MP","96950","2022","15-APR-21","2021","202104159443772733"
"H8NY01148","ZELDIN, LEE MICHAEL","Republican Party","REP","House","H","New York","NY","01","SHIRLEY","NY","11967","2022","15-APR-21","2021","202104159443777278"
"S2MO00551","TODER, SPENCER ROSS","Democratic Party","DEM","Senate","S","Missouri","MO","00","SAINT LOUIS","MO","63132","2022","15-APR-21","2021","202104159443633905"
"H2AR03283","HAYS, LAUREN","Democratic Party","DEM","House","H","Arkansas","AR","03","FARMINGTON","AR","72730","2022","15-APR-21","2021","202104159443433335"
"H2CA39151","CHING, ERIC J","Republican Party","REP","House","H","California","CA","39","WALNUT","CA","91789","2022","15-APR-21","2021","202104159443618633"
"H2TX14206","SMITH, GINA DUNCKEL","Republican Party","REP","House","H","Texas","TX","14","KEMAH","TX","77565","2022","15-APR-21","2021","202104159443578710"
"H2IA03093","HANUSA, MARY ANN","Republican Party","REP","House","H","Iowa","IA","03","COUNCIL BLUFFS","IA","51502","2022","15-APR-21","2021","202104159443598164"
"H2NC12211","RIOS, FRANCISCO","Republican Party","REP","House","H","North Carolina","NC","12","CHARLOTTE","NC","28217","2022","15-APR-21","2021","202104159443607869"
"S2IA00131","CARLIN, JAMES M.","Republican Party","REP","Senate","S","Iowa","IA","00","SIOUX CITY","IA","51106","2022","15-APR-21","2021","202104159443469077"
"S2WI00359","GODLEWSKI, SARAH","Democratic Party","DEM","Senate","S","Wisconsin","WI","00","MADISON","WI","53703","2022","14-APR-21","2021","202104149443313723"
"S2NC00489","MCCRORY, PATRICK LLOYD","Republican Party","REP","Senate","S","North Carolina","NC","00","CHARLOTTE","NC","28209","2022","14-APR-21","2021","202104149443314573"
"S2WA00387","SMILEY, TIFFANY","Republican Party","REP","Senate","S","Washington","WA","00","PASCO","WA","99301","2022","14-APR-21","2021","202104149443321959"
"H2AZ04200","DEHART, VAUGHAN BRANDON","Republican Party","REP","House","H","Arizona","AZ","04","VALENTINE","AZ","86437","2022","14-APR-21","2021","202104149443337489"
"S2WI00367","NEUBERT, KEITH","Republican Party","REP","Senate","S","Wisconsin","WI","00","PEMBINE","WI","54156","2021","14-APR-21","2021","202104149443330349"
"H8IL16153","MARTER, JAMES THOMAS","Republican Party","REP","House","H","Illinois","IL","16","OSWEGO","IL","60543","2022","14-APR-21","2021","202104149443334756"
"H2MI03171","LEMONS-JOHNSON, AUDRA MRS.","Republican Party","REP","House","H","Michigan","MI","03","BATTLE CREEK","MI","49014","2022","14-APR-21","2021","202104149443336637"
"H0TX35064","SHARON, JENNIFER","Republican Party","REP","House","H","Texas","TX","06","AUSTIN","TX","78734","2021","14-APR-21","2021","202104149443326899"
"H2NY12197","ABDELHAMID, RANA","Democratic Party","DEM","House","H","New York","NY","12","ASTORIA","NY","11103","2022","13-APR-21","2021","202104139443280151"
"H2FL20159","HOLNESS, DALE V.C.","Democratic Party","DEM","House","H","Florida","FL","20","PLANTATION","FL","33313","2022","13-APR-21","2021","202104139443280257"
"S2NY00382","DRIGGERS, CALVIN JOB","Republican Party","REP","Senate","S","New York","NY","00","BLACKSHEAR","GA","31516","2022","13-APR-21","2021","202104139443294264"
"H2FL20167","ONIAS, MARLON A.","Democratic Party","DEM","House","H","Florida","FL","20","FORT LAUDERDALE","FL","33309","2022","13-APR-21","2021","202104139443294058"
"H2FL20175","TAYLOR, PRISCILLA ANN","Democratic Party","DEM","House","H","Florida","FL","20","WEST PALM BEACH","FL","33407","2021","13-APR-21","2021","202104139443294222"
"S8OH00086","GIBBONS, MICHAEL","Republican Party","REP","Senate","S","Ohio","OH","00","CLEVELAND","OH","44103","2022","13-APR-21","2021","202104139443280262"
"S2GA00183","KING, KELVIN","Republican Party","REP","Senate","S","Georgia","GA","00","MARIETTA","GA","30067","2022","12-APR-21","2021","202104129443168171"
"H2FL21090","DORILAS, ROD MR.","Republican Party","REP","House","H","Florida","FL","21","WELLINGTON","FL","33411","2022","12-APR-21","2021","202104129443168534"
"H6FL14112","QUINN, CHRISTINE YVONNE","Republican Party","REP","House","H","Florida","FL","14","TAMPA","FL","33609","2022","12-APR-21","2021","202104129443200166"
"S2SC00103","MATTHEWS, KRYSTLE","Democratic Party","DEM","Senate","S","South Carolina","SC","00","LADSON","SC","29456","2022","12-APR-21","2021","202104129443200792"
"H2FL20142","DOWLING, ELVIN","Democratic Party","DEM","House","H","Florida","FL","20","RIVIERA BEACH","FL","33404","2022","12-APR-21","2021","202104129443218438"
"H2NC11189","CAREY, JAN","Democratic Party","DEM","House","H","North Carolina","NC","11","HENDERSONVILLE","NC","28739","2022","12-APR-21","2021","202104129443218716"
"S2IL00150","ARVIEW, TIMOTHY C","Republican Party","REP","Senate","S","Illinois","IL","00","WEST FRANKFORT","IL","62896","2022","12-APR-21","2021","202104129443219070"
"H2NC09175","MAMMADOV, RAMIN","Democratic Party","DEM","House","H","North Carolina","NC","09","PINEVILLE","NC","28134","2022","12-APR-21","2021","202104129443229395"
"S2MD00545","MCGREEVEY, JONATHAN A DR","Republican Party","REP","Senate","S","Maryland","MD","00","ABINGDON","MD","21009","2022","12-APR-21","2021","202104129443247683"
"S2IL00168","CRUZ, ROBERT ROB","Republican Party","REP","Senate","S","Illinois","IL","00","CREST HILL","IL","60403","2022","12-APR-21","2021","202104129443248662"
"H0PA18097","DICKINSON, GERALD","Democratic Party","DEM","House","H","Pennsylvania","PA","12","SWISSVALE","PA","15218","2022","12-APR-21","2021","202104129443230615"
"S2NY00374","BEN-AVI, TYRRELL LEV SHARIF","Unaffiliated","UN","Senate","S","New York","NY","00","NEW YORK","NY","10027","2022","11-APR-21","2021","202104119443168074"
"H2OH11235","PINKNEY BUTTS, PAMELA M APOSTLETT REV.","ALL","ALL","House","H","Ohio","OH","11","CLEVELAND","OH","44104","2021","11-APR-21","2021","202104119443167908"
"S2NY00366","MUGULUSI, MOSES R","Democratic Party","DEM","Senate","S","New York","NY","00","FLORIDA","NY","10921","2022","10-APR-21","2021","202104109443161352"
"H2NC05165","ACKERMAN, MICHAEL STEPHAN","Republican Party","REP","House","H","North Carolina","NC","05","BANNER ELK","NC","28604","2022","10-APR-21","2021","202104109443161317"
"H2CO03260","ZIMMERMAN, MARINA","Republican Party","REP","House","H","Colorado","CO","03","ARBOLES","CO","81121","2022","09-APR-21","2021","202104099443160772"
"H2SC07231","ARTHUR, BARBARA MRS.","Republican Party","REP","House","H","South Carolina","SC","07","HARTSVILLE","SC","29550","2022","09-APR-21","2021","202104099443160394"
"H2PA00034","BURTON, DANIEL LEROY JR","Republican Party","REP","House","H","Pennsylvania","PA","00","DENVER","PA","17517","2022","09-APR-21","2021","202104099443156353"
"H2TX08125","MITCHELL, JONATHAN ANDREW","Independent","IND","House","H","Texas","TX","08","NEW CANEY","TX","77357","2022","09-APR-21","2021","202104099443156539"
"H2IL16115","YOUNG, GENO MR.","Republican Party","REP","House","H","Illinois","IL","16","CHICAGO","IL","60619","2022","09-APR-21","2021","202104099443159166"
"H2MN07113","JOHNSON, TRAVIS E","Libertarian Party","LIB","House","H","Minnesota","MN","07","BELTRAMI","MN","56517","2022","09-APR-21","2021","202104099443157703"
"S2OH00394","BERMAN, JOHN","Republican Party","REP","Senate","S","Ohio","OH","00","RICHLAND","WA","99352","2022","09-APR-21","2021","202104099443157708"
"S2GA00175","SADDLER, LATHAM","Republican Party","REP","Senate","S","Georgia","GA","00","ATLANTA","GA","30319","2022","09-APR-21","2021","202104099443157747"
"H0MS04120","PALAZZO, STEVEN MCCARTY","Republican Party","REP","House","H","Mississippi","MS","04","BILOXI","MS","39535","2022","09-APR-21","2021","202104099443158952"
"H0NY01202","FLEMING, BRIDGET","Democratic Party","DEM","House","H","New York","NY","01","WATER MILL","NY","11976","2022","09-APR-21","2021","202104099443156549"
"H0WI03175","VAN ORDEN, DERRICK F. MR.","Republican Party","REP","House","H","Wisconsin","WI","03","PRAIRIE DU CHIEN","WI","53821","2022","08-APR-21","2021","202104089443136965"
"S0CA00496","BRADFORD, DAPHNE","Independent","IND","Senate","S","California","CA","00","LOS ANGELES","CA","90056","2022","08-APR-21","2021","202104089443137576"
"H2VA02064","KIGGANS, JENNIFER","Republican Party","REP","House","H","Virginia","VA","02","VIRGINIA BEACH","VA","23471","2022","08-APR-21","2021","202104089443144379"
"H2NC11171","DEAN, KATIE","Democratic Party","DEM","House","H","North Carolina","NC","11","SWANNANOA","NC","28778","2022","08-APR-21","2021","202104089443144380"
"H0IL15129","MILLER, MARY","Republican Party","REP","House","H","Illinois","IL","15","OAKLAND","IL","61943","2022","08-APR-21","2021","202104089443145626"
"H2AZ02337","URREA, MARCOS J","Democratic Party","DEM","House","H","Arizona","AZ","02","TUCSON","AZ","85712","2022","08-APR-21","2021","202104089443152789"
"H0CA27127","NALBANDIAN, JOHNNY","Republican Party","REP","House","H","California","CA","27","GLENDALE","CA","91024","2022","08-APR-21","2021","202104089443145738"
"S6CA00790","PIERCE, DOUGLAS HOWARD","Democratic Party","DEM","Senate","S","California","CA","00","BEVERLY HILLS","CA","90209","2022","08-APR-21","2021","202104200300375314"
"H2MI06125","ROCHA, JON","Republican Party","REP","House","H","Michigan","MI","06","PORTAGE","MI","49002","2022","08-APR-21","2021","202104200300375152"
"H2OH09155","MAJEWSKI, J R","Republican Party","REP","House","H","Ohio","OH","09","PORT CLINTON","OH","43452","2022","08-APR-21","2021","202104200300375504"
"H2OH13207","SIMMS, JILL EATON","Republican Party","REP","House","H","Ohio","OH","13","NORTH CANTON","OH","44720","2022","08-APR-21","2021","202104200300375343"
"H0CA06170","BISH, CHRISTINE","Republican Party","REP","House","H","California","CA","06","ANTELOPE","CA","95843","2022","08-APR-21","2021","202104089443145694"
"H2FL13212","CRAFT, FRANK S","Libertarian Party","LIB","House","H","Florida","FL","13","ST. PETERSBURG","FL","33701","2022","07-APR-21","2021","202104079443076506"
"H2PA06155","KENNEDY, ROBERT JAMES III","Republican Party","REP","House","H","Pennsylvania","PA","06","WEST CHESTER","PA","19382","2022","07-APR-21","2021","202104079443076528"
"H0FL15070","PHILIPPE, JESSE","Democratic Party","DEM","House","H","Florida","FL","15","RIVERVIEW","FL","33578","2022","07-APR-21","2021","202104079443105470"
"H2NY12189","CERROTTI, JESSE","Democratic Party","DEM","House","H","New York","NY","12","ASTORIA","NY","11102","2022","07-APR-21","2021","202104079443136030"
"H2IL01224","THOMPSON, MICHAEL ANTHONY","Democratic Party","DEM","House","H","Illinois","IL","01","CHICAGO","IL","60653","2022","07-APR-21","2021","202104079443076459"
"H0KS01180","SOETAERT, MICHAEL ALAN","Democratic Party","DEM","House","H","Kansas","KS","01","ALTA VISTA","KS","66834","2021","07-APR-21","2021","202104079443072823"
"S2PA00489","BARNETTE, KATHY","Republican Party","REP","Senate","S","Pennsylvania","PA","00","HUNTINGDON VALLEY","PA","19006","2022","07-APR-21","2021","202104079443073206"
"H0KS03236","ADKINS, AMANDA","Republican Party","REP","House","H","Kansas","KS","03","OVERLAND PARK","KS","66283","2022","07-APR-21","2021","202104079443073215"
"H2MS04258","EZELL, WALTER MICHAEL","Republican Party","REP","House","H","Mississippi","MS","04","PASCAGOULA","MS","39567","2022","07-APR-21","2021","202104079443074436"
"H2NC11163","NEVAREZ, WENDY MARIE-LIMBAUGH","Republican Party","REP","House","H","North Carolina","NC","11","ASHEVILLE","NC","28803","2022","07-APR-21","2021","202104079443136904"
"S2CA01045","MEHTA, URVISHKUMAR MR","Federalist","FED","Senate","S","California","CA","00","MILPITAS","CA","95036","2021","06-APR-21","2021","202104069443069859"
"H2AL05110","BLALOCK, KEVIN ANDREW","Republican Party","REP","House","H","Alabama","AL","05","ATHENS","AL","35614","2022","06-APR-21","2021","202104069443070472"
"H2FL02140","BROOKS, LINDA SUSAN MS.","No Party Affiliation","NPA","House","H","Florida","FL","02","OCALA","FL","34482","2022","06-APR-21","2021","202104069443070590"
"H2IL08146","CONGRESS, JUNAID","Democratic Party","DEM","House","H","Illinois","IL","08","OAK BROOK","IL","60523","2022","06-APR-21","2021","202104069443071462"
"H0OH11098","GORE, LAVERNE","Republican Party","REP","House","H","Ohio","OH","11","BEACHWOOD","OH","44122","2022","06-APR-21","2021","202104200300375715"
"H2VA10141","BEATTY, JOHN","Republican Party","REP","House","H","Virginia","VA","10","LOVETTSVILLE","VA","20180","2022","06-APR-21","2021","202104069443071687"
"H0FL20120","MUSSELWHITE, GREGORY WAYNE SR.","Republican Party","REP","House","H","Florida","FL","20","FORT PIERCE","FL","34945","2021","06-APR-21","2021","202104069443072527"
"S2AK00135","LEE, HUHNKIE","Unaffiliated","UN","Senate","S","Alaska","AK","00","WASILLA","AK","99623","2022","06-APR-21","2021","202104069443072616"
"S2PA00471","JEFFRIES, ROBERT","Republican Party","REP","Senate","S","Pennsylvania","PA","00","HERSHEY","PA","17033","2022","06-APR-21","2021","202104069443071541"
"H8OH16090","GODFREY, AARON PAUL","Democratic Party","DEM","House","H","Ohio","OH","16","WESTLAKE","OH","44145","2022","05-APR-21","2021","202104059443064115"
"H2FL16108","HYDE, MARTIN","Republican Party","REP","House","H","Florida","FL","16","SARASOTA","FL","34236","2022","05-APR-21","2021","202104059443064742"
"H2NY08146","VASQUEZ, JORDAN","Democratic Party","DEM","House","H","New York","NY","08","NEW YORK","NY","10007","2022","05-APR-21","2021","202104059443069672"
"H2NY18087","SCHMITT, COLIN J","Republican Party","REP","House","H","New York","NY","18","NEW WINDSOR","NY","12553","2022","05-APR-21","2021","202104059443064875"
"H0OH11098","GORE, LAVERNE","Republican Party","REP","House","H","Ohio","OH","11","BEACHWOOD","OH","44122","2021","05-APR-21","2021","202104059443065556"
"S2PA00463","ARKOOSH, VALERIE","Democratic Party","DEM","Senate","S","Pennsylvania","PA","00","NORRISTOWN","PA","19404","2022","05-APR-21","2021","202104059443063942"
"H2TX08117","JARCHOW, RYAN","Republican Party","REP","House","H","Texas","TX","08","CONROE","TX","77301","2022","04-APR-21","2021","202104049443063778"
"H2KS21010","GARRETT, FRANK DUNCAN MR","Republican Party","REP","House","H","Kansas","KS","21","INDEPENDENCE","MO","64054","2022","04-APR-21","2021","202104049443061004"
"S2CA01037","KHENSON, MAX","Democratic Party","DEM","Senate","S","California","CA","00","MOUNTAIN VIEW","CA","94022","2022","03-APR-21","2021","202104039443060531"
"H2TX17084","WOODS, MARSHALL J","Democratic Party","DEM","House","H","Texas","TX","17","AUSTIN","TX","787284493","2022","03-APR-21","2021","202104039443060534"
"H2TX14198","DANTE, RUBEN LANDON","Republican Party","REP","House","H","Texas","TX","14","TEXAS CITY","TX","77568","2022","03-APR-21","2021","202104039443060636"
"H2MI06117","CARRA, STEPHEN","Republican Party","REP","House","H","Michigan","MI","06","THREE RIVERS","MI","49093","2022","03-APR-21","2021","202104039443060660"
"H2TN05305","KELLY, JACQUELYN ODESSA","Democratic Party","DEM","House","H","Tennessee","TN","05","NASHVILLE","TN","37203","2022","03-APR-21","2021","202104039443060988"
"H2NM01292","MANNING, CHRISTOPHER","Libertarian Party","LIB","House","H","New Mexico","NM","01","KIRTLAND","NM","87417","2021","03-APR-21","2021","202104039443060919"
"H2GA02122","TAYLOR, TRACY","Republican Party","REP","House","H","Georgia","GA","02","ALBANY","GA","31721","2022","03-APR-21","2021","202104039443060934"
"H0WA06081","KREISELMAIER, ELIZABETH","Republican Party","REP","House","H","Washington","WA","06","GIG HARBOR","WA","98335","2022","03-APR-21","2021","202104039443060939"
"H2MS01130","AVERY, HUNTER KYLE MR.","Democratic Party","DEM","House","H","Mississippi","MS","01","BELMONT","MS","38827","2022","03-APR-21","2021","202104039443060918"
"H2WV01102","SISCO, MICHAEL RAYMOND","Republican Party","REP","House","H","West Virginia","WV","01","KEYSER","WV","26726","2022","02-APR-21","2021","202104029443058553"
"H2NC10116","PARRA, MADELINE","Democratic Party","DEM","House","H","North Carolina","NC","10","CLEMMONS","NC","27012","2022","02-APR-21","2021","202104029443058677"
"H2GA06123","EARLS, HAROLD","Republican Party","REP","House","H","Georgia","GA","06","ALPHARETTA","GA","30009","2022","02-APR-21","2021","202104029443060137"
"H2AR03275","KUMAR, NEIL","Republican Party","REP","House","H","Arkansas","AR","03","BENTONVILLE","AR","72712","2022","02-APR-21","2021","202104029443058989"
"H2FL18088","MARTZ, MELISSA","Republican Party","REP","House","H","Florida","FL","18","LOXAHATCHEE","FL","33470","2022","02-APR-21","2021","202104029443059569"
"S2CO00167","YU, PETER","Republican Party","REP","Senate","S","Colorado","CO","00","WINDSOR","CO","80550","2022","02-APR-21","2021","202104029443059338"
"H2MI06109","SCOTT, EZRA MR.","Republican Party","REP","House","H","Michigan","MI","06","NEW BUFFALO","MI","49117","2022","02-APR-21","2021","202104029443059339"
"S2PA00455","BAUMLIN, KEVIN DR.","Democratic Party","DEM","Senate","S","Pennsylvania","PA","00","PHILADELPHIA","PA","19101","2022","02-APR-21","2021","202104029443059559"
"H0MI04108","FEIG, ANTHONY DEAN DR.","Democratic Party","DEM","House","H","Michigan","MI","04","MOUNT PLEASANT","MI","48804","2022","02-APR-21","2021","202104029443059112"
"H2MI03163","JOHNSON, AUDRA","Republican Party","REP","House","H","Michigan","MI","03","BATTLE CREEK","MI","49014","2022","01-APR-21","2021","202104020300374143"
"H0GA12059","JOHNSON, ELIZABETH","Democratic Party","DEM","House","H","Georgia","GA","12","STATESBORO","GA","30459","2022","01-APR-21","2021","202104019442972976"
"H2SC07223","REICHERT, STEVE","Republican Party","REP","House","H","South Carolina","SC","07","WASHINGTON","DC","20003","2022","01-APR-21","2021","202104019442972871"
"H2VA07154","CASTORANI, JOHN","Republican Party","REP","House","H","Virginia","VA","07","ORANGE","VA","22960","2022","01-APR-21","2021","202104019442972889"
"H2FL22148","CHESS, STEVEN","Republican Party","REP","House","H","Florida","FL","22","FORT LAUDERDALE","FL","33304","2022","01-APR-21","2021","202104019442972932"
"H0MI08133","DETMER, MIKE","Republican Party","REP","House","H","Michigan","MI","08","HOWELL","MI","48855","2022","01-APR-21","2021","202104019442973045"
"H2CA25200","LUEVANOS, RUTH","Democratic Party","DEM","House","H","California","CA","25","SIMI VALLEY","CA","93063","2022","01-APR-21","2021","202104019442973253"
"H8FL03020","WELLS, TOM BECKWITH DR.","Democratic Party","DEM","House","H","Florida","FL","03","GAINESVILLE","FL","32601","2022","01-APR-21","2021","202104019442973278"
"H2AZ02329","FRIESE, RANDALL S.","Democratic Party","DEM","House","H","Arizona","AZ","02","TUCSON","AZ","85728","2022","01-APR-21","2021","202104019442973731"
"H0LA02275","CHAMBERS, GARY JR.","Democratic Party","DEM","House","H","Louisiana","LA","02","BATON ROUGE","LA","70811","2021","01-APR-21","2021","202104019442973802"
"H2FL07156","MILLS, CORY","Republican Party","REP","House","H","Florida","FL","07","WINTER PARK","FL","32789","2022","01-APR-21","2021","202104019442974261"
"H2OH12118","O'CONNOR, DANIEL JAY JR.","Democratic Party","DEM","House","H","Ohio","OH","12","COLUMBUS","OH","43214","2022","01-APR-21","2021","202104019442974262"
"S2MO00544","SCHMITT, ERIC","Republican Party","REP","Senate","S","Missouri","MO","00","SAINT LOUIS","MO","63122","2022","01-APR-21","2021","202104019442974867"
"H2GA12154","SINGLETON, NEIL","Independent","IND","House","H","Georgia","GA","12","COLLINS","GA","30421","2022","01-APR-21","2021","202104019442975209"
"H2GA10133","REUTER, KIMBERLY ANN CLARK","Democratic Party","DEM","House","H","Georgia","GA","10","JOHNS CREEK","GA","30005","2022","01-APR-21","2021","202104019442975272"
"H2CA12190","CURRY, ERIC","Democratic Party","DEM","House","H","California","CA","12","SAN FRANCISCO","CA","94102","2022","01-APR-21","2021","202104019442975343"
"H0UT01205","MOORE, BLAKE","Republican Party","REP","House","H","Utah","UT","01","OGDEN","UT","84401","2022","01-APR-21","2021","202104019442975353"
"H2VA01082","NAVARRE, STEWART","Democratic Party","DEM","House","H","Virginia","VA","01","FREDERICKSBURG","VA","22404","2022","01-APR-21","2021","202104019442972300"
"S2PA00448","STREET, SHARIF","Democratic Party","DEM","Senate","S","Pennsylvania","PA","00","PHILADELPHIA","PA","19121","2022","01-APR-21","2021","202104019442972305"
"S2NC00471","NEWTON, EVERETTE (RETT) S.","Democratic Party","DEM","Senate","S","North Carolina","NC","00","BEAUFORT","NC","28516","2022","01-APR-21","2021","202104019442972709"
"H4GA02078","CHILDS, VIVIAN LOUISE","Republican Party","REP","House","H","Georgia","GA","02","WARNER ROBINS","GA","31088","2022","01-APR-21","2021","202104019443058286"
"S2NY00358","YOUNG, ALEEM MR.","Democratic Party","DEM","Senate","S","New York","NY","00","INDIANAPOLIS","IN","46218","2021","01-APR-21","2021","202104019443058324"
"H0NY20111","JOY, ELIZABETH L","Republican Party","REP","House","H","New York","NY","20","SCHENECTADY","NY","12302","2022","01-APR-21","2021","202104019442972829"
"H6GA09243","BROUN, PAUL","Republican Party","REP","House","H","Georgia","GA","10","ATHENS","GA","30604","2022","31-MAR-21","2021","202103319442970971"
"H2CO01173","WATERS, DOM","Democratic Party","DEM","House","H","Colorado","CO","01","LITTLETON","CO","80128","2022","31-MAR-21","2021","202104200300374624"
"S2OH00378","TAYLOR, RICHARD T","Democratic Party","DEM","Senate","S","Ohio","OH","00","WESTLAKE","OH","44145","2022","31-MAR-21","2021","202103319442967232"
"H8FL01107","EHR, PHILLIP CHARLES","Democratic Party","DEM","House","H","Florida","FL","01","PENSACOLA","MD","32503","2022","31-MAR-21","2021","202103319442965851"
"H2TX07069","LOPEZ, ROLAND","Republican Party","REP","House","H","Texas","TX","07","HOUSTON","TX","77024","2022","31-MAR-21","2021","202103319442947979"
"H2VA02056","ENGQUIST, THEODORE","Republican Party","REP","House","H","Virginia","VA","02","GLOUCESTER","VA","23061","2022","31-MAR-21","2021","202103319442971974"
"H2FL11125","SORIANO, GAVRIEL ELIYAHU","Republican Party","REP","House","H","Florida","FL","11","BUSHNELL","FL","33513","2022","30-MAR-21","2021","202103309442947978"
"H8ID01124","FULCHER, RUSSELL","Republican Party","REP","House","H","Idaho","ID","01","MERIDIAN","ID","83680","2022","30-MAR-21","2021","202103309442706801"
"H0CO03165","BOEBERT, LAUREN","Republican Party","REP","House","H","Colorado","CO","03","RIFLE","UT","81650","2022","30-MAR-21","2021","202103309442615385"
"H8UT03238","CURTIS, JOHN","Republican Party","REP","House","H","Utah","UT","03","PROVO","UT","84604","2022","30-MAR-21","2021","202103309442615384"
"H2NY11132","WOLFE, ANDREW D","Republican Party","REP","House","H","New York","NY","11","STATEN ISLAND","NY","10309","2022","30-MAR-21","2021","202103309442615285"
"S2AK00127","TSHIBAKA, KELLY","Republican Party","REP","Senate","S","Alaska","AK","00","ANCHORAGE","AK","99501","2022","29-MAR-21","2021","202103299442273018"
"H4MO05234","CLEAVER II, EMANUEL","Democratic Party","DEM","House","H","Missouri","MO","05","KANSAS CITY","MO","641336325","2022","29-MAR-21","2021","202103299442273375"
"H6FL11126","CASTOR, KATHY","Democratic Party","DEM","House","H","Florida","FL","14","TAMPA","FL","33606","2022","29-MAR-21","2021","202103299442273389"
"H2WA06160","HANSEN, AARON","Republican Party","REP","House","H","Washington","WA","06","BELFAIR","WA","98528","2022","29-MAR-21","2021","202103299442273390"
"H2MD01238","HARDEN, R.  DAVID","Democratic Party","DEM","House","H","Maryland","MD","01","WESTMINSTER","MD","21157","2022","29-MAR-21","2021","202103299442614591"
"S2NV00282","GRIFFIN, PETER JOHN","Communist Party","COM","Senate","S","Nevada","NV","00","PROVIDENCE","RI","02907","2022","28-MAR-21","2021","202103289442270985"
"S2PA00430","GERHARDT, ERIK","Libertarian Party","LIB","Senate","S","Pennsylvania","PA","00","PENNSBURG","PA","18073","2022","28-MAR-21","2021","202103289442270987"
"H2TX00148","CATHEY, CAITLIN CREE","Democratic Party","DEM","House","H","Texas","TX","00","ARLINGTON","TX","76014","2022","28-MAR-21","2021","202103289442270986"
"S2FL00581","GRAYSON, ALAN MARK","Democratic Party","DEM","Senate","S","Florida","FL","00","ORLANDO","FL","32819","2022","27-MAR-21","2021","202103279442270967"
"P20005575","COX, CAITLIN CREE CATHEY","American Independent Party","AIP","President","P","United States","00","00","ARLINGTON","TX","76014","2022","26-MAR-21","2021","202103269442268687"
"H8TX21331","GARZA, MAURO EVERETT MR.","Republican Party","REP","House","H","Texas","TX","20","SAN ANTONIO","TX","78246","2022","26-MAR-21","2021","202103269442267384"
"H2PA03137","RODILL, AUSTIN MR.","Democratic Party","DEM","House","H","Pennsylvania","PA","03","PHILADELPHIA","PA","19121","2022","26-MAR-21","2021","202103269442261662"
"S0CA00504","FABRICANT, DANNY","Republican Party","REP","Senate","S","California","CA","00","LOMPOC","CA","934362706","2022","25-MAR-21","2021","202103259442261082"
"S2GA00167","WRIGHT MCDONALD, REECE SIR SIR","Republican Party","REP","Senate","S","Georgia","GA","00","NEW YORK","NY","10001","2022","25-MAR-21","2021","202103259442261046"
"H2CA31141","COVELL, CAROLYN ELIZABETH MRS","Republican Party","REP","House","H","California","CA","31","RANCHO CUCAMONGA","CA","91730","2022","25-MAR-21","2021","202103259442259579"
"H2FL03163","HAWK, DANIELLE NICOLE","Democratic Party","DEM","House","H","Florida","FL","03","GAINESVILLE","FL","32609","2022","24-MAR-21","2021","202103249442056980"
"H2SC07215","DUNN, TOM","Republican Party","REP","House","H","South Carolina","SC","07","PAWLEYS ISLAND","SC","29585","2022","24-MAR-21","2021","202103249442056981"
"H2NY10126","SHETH, ASHMI","Democratic Party","DEM","House","H","New York","NY","10","NEW YORK","NY","10036","2022","24-MAR-21","2021","202103249442070048"
"H2AK01059","PURHAM, RANDY","Republican Party","REP","House","H","Alaska","AK","00","KILLEEN","TX","76549","2022","24-MAR-21","2021","202103249442085044"
"H2MA02085","SOSSA-PAQUETTE, JEFF","Republican Party","REP","House","H","Massachusetts","MA","02","WORCESTER","MA","01606","2022","24-MAR-21","2021","202103249442086829"
"H2CA01193","NUTS, SUCK MY","Republican Party","REP","House","H","California","CA","01","BURBANK","CA","91502","2022","24-MAR-21","2021","202103249442257899"
"H2AL05102","STRONG, DALE WHITNEY","Republican Party","REP","House","H","Alabama","AL","05","HUNTSVILLE","AL","35804","2022","24-MAR-21","2021","202103249442258385"
"S2FL00565","YOUNG, ALEEM MR.","Democratic Party","DEM","Senate","S","Florida","FL","00","INDIANAPOLIS","IN","46218","2021","24-MAR-21","2021","202103249442256403"
"H2MO02177","SMITH, WESLEY GILMAN","Conservative Party","CRV","House","H","Missouri","MO","02","AFFTON","MO","63123","2022","24-MAR-21","2021","202103249442256408"
"S2FL00573","OLD, ALEEM IS NOT YOUNG BUT","Communist Party","COM","Senate","S","Florida","FL","00","INDIANAPOLIS","IN","46218","2021","24-MAR-21","2021","202103249442257896"
"S2FL00557","DRIGGERS, CALVIN JOB","Republican Party","REP","Senate","S","Florida","FL","00","BLACKSHEAR","GA","31516","2022","24-MAR-21","2021","202103249442171710"
"S2CA01029","TAYLOR, ERNEST JUNIOR","Democratic Party","DEM","Senate","S","California","CA","00","HAYWARD","CA","94545","2022","23-MAR-21","2021","202103239442056549"
"S2MO00536","GREITENS, ERIC","Republican Party","REP","Senate","S","Missouri","MO","00","CHESTERFIELD","MO","63006","2022","23-MAR-21","2021","202103239441842597"
"S8AL00381","BROOKS, MO","Republican Party","REP","Senate","S","Alabama","AL","00","HUNTSVILLE","AL","35802","2022","23-MAR-21","2021","202103239441849217"
"S2NC00463","LANEY RODRIGUEZ, BRENDA","Independent","IND","Senate","S","North Carolina","NC","00","WAKE FOREST","NC","27587","2022","23-MAR-21","2021","202103239441849160"
"H2AZ06213","ULIS, ERIC","Democratic Party","DEM","House","H","Arizona","AZ","06","PHOENIX","AZ","85024","2022","23-MAR-21","2021","202103239441842598"
"H2WA09123","PAZ, AMELIA","Democratic Party","DEM","House","H","Washington","WA","09","KENT","WA","98178","2022","22-MAR-21","2021","202103229441823006"
"H2NC07120","PAINTER, TERESA L ROYAL","Republican Party","REP","House","H","North Carolina","NC","07","ANGIER","NC","27501","2021","22-MAR-21","2021","202103229441826176"
"H2FL07149","LIGGETT, JEREMY","Republican Party","REP","House","H","Florida","FL","07","LONGWOOD","FL","32791","2022","22-MAR-21","2021","202103229441826197"
"S2PA00497","HAYES, JAMES EDWARD","Republican Party","REP","Senate","S","Pennsylvania","PA","00","ALLISON PARK","PA","15101","2022","22-MAR-21","2021","202104200300375403"
"S2NC00455","RODRIGUEZ, BRENDA LANEY","Independent","IND","Senate","S","North Carolina","NC","00","WAKE FOREST","NC","27587","2022","22-MAR-21","2021","202103229441826211"
"S2AK00119","SPEIGHTS, KARL W MR","GOP","GOP","Senate","S","Alaska","AK","00","EAGLE RIVER","AK","99577","2022","22-MAR-21","2021","202103229441841881"
"H2CA33188","RAPHAEL, PATRICK JEAN","Republican Party","REP","House","H","California","CA","33","VENICE","CA","90291","2022","22-MAR-21","2021","202103229441841917"
"H2TX14149","WEBER, RANDY","Republican Party","REP","House","H","Texas","TX","14","FRIENDSWOOD","TX","77546","2022","22-MAR-21","2021","202103229441826198"
"H2CA25192","BELLINGHAM, CHRISTOPHER","Democratic Party","DEM","House","H","California","CA","25","LANCASTER","CA","93535","2022","21-MAR-21","2021","202103219441822393"
"H2NM01284","CHAVEZ, MICHAELA","Republican Party","REP","House","H","New Mexico","NM","01","ALBUQUERQUE","NM","87107","2021","21-MAR-21","2021","202103219441822496"
"H2MN01140","HASTINGS, MICHAEL MARK MR ERETH","Republican Party","REP","House","H","Minnesota","MN","01","ROCHESTER","MN","55902","2022","21-MAR-21","2021","202103219441822488"
"H0TX08145","JONES, LAURA","Democratic Party","DEM","House","H","Texas","TX","08","COLDSPRING","TX","77331","2022","20-MAR-21","2021","202103209441678848"
"H2AZ02311","ENGEL, KIRSTEN","Democratic Party","DEM","House","H","Arizona","AZ","02","TUCSON","AZ","85717","2022","19-MAR-21","2021","202103199441628136"
"H2VA05075","LOWE, KIMBERLY","Republican Party","REP","House","H","Virginia","VA","05","RICHMOND","VA","23218","2022","19-MAR-21","2021","202103199441644476"
"H2NM01276","MOORES, MARK","Republican Party","REP","House","H","New Mexico","NM","01","ALBUQUERQUE","NM","87199","2021","19-MAR-21","2021","202103199441644118"
"H2TX01088","LEVI, ROBERT","Independent","IND","House","H","Texas","TX","01","HOUSTON","TX","77091","2022","18-MAR-21","2021","202103250300373212"
"H2NM01250","LUCERO, RONNIE LOUIE","Republican Party","REP","House","H","New Mexico","NM","01","ALBUQUERQUE","NM","87114","2021","18-MAR-21","2021","202103189441287893"
"H2IL01216","TAYLOR, KIRBY JEROME BIRGANS- MR.","Democratic Party","DEM","House","H","Illinois","IL","01","CHICAGO","IL","60619","2022","18-MAR-21","2021","202103189441287928"
"S2OK00111","LAHMEYER, JACKSON","Republican Party","REP","Senate","S","Oklahoma","OK","00","TULSA","OK","74135","2022","18-MAR-21","2021","202104200300375696"
"H2NM01268","MARTINEZ, ELISA","Republican Party","REP","House","H","New Mexico","NM","01","ALBUQUERQUE","NM","87112","2022","18-MAR-21","2021","202103189441299634"
"H2OH10252","STAPELTON, BAXTER","Democratic Party","DEM","House","H","Ohio","OH","10","DAYTON","OH","45402","2022","18-MAR-21","2021","202103189441300262"
"H8NM01323","SEDILLO LOPEZ, ANTOINETTE","Democratic Party","DEM","House","H","New Mexico","NM","01","ALBUQUERQUE","NM","87196","2021","18-MAR-21","2021","202103189441292208"
"H2KY06175","PREECE, CHRISTOPHER","Democratic Party","DEM","House","H","Kentucky","KY","06","BEREA","KY","40403","2022","17-MAR-21","2021","202103179440548553"
"H2ME02170","SHERIFF, PEGGY","Republican Party","REP","House","H","Maine","ME","02","BANGOR","ME","04401","2021","17-MAR-21","2021","202103179440548657"
"H2FL22130","CHESS, STEVE MICJHAEL DR.","Republican Party","REP","House","H","Florida","FL","22","FORT LAUDERDALE","FL","33304","2021","17-MAR-21","2021","202103179440548748"
"H2MN07105","OPPEGAARD-PELTIER, ERNEST JOSEPH MR III","Democratic-Farmer-Labor","DFL","House","H","Minnesota","MN","07","BEMIDJI","MS","56601","2022","17-MAR-21","2021","202103179440549211"
"H2WA04165","SESSLER, JERROD","Republican Party","REP","House","H","Washington","WA","04","PROSSER","WA","99350","2022","17-MAR-21","2021","202103179441285586"
"H2NM01144","STANSBURY, MELANIE","Democratic Party","DEM","House","H","New Mexico","NM","01","ALBUQUERQUE","NM","87181","2021","17-MAR-21","2021","202103179440599060"
"H2NM01243","OLIVAS, LAURA MRS.","No Party Affiliation","NPA","House","H","New Mexico","NM","01","ALBUQUERQUE","NM","87111","2021","17-MAR-21","2021","202103179441284891"
"S2NC00448","GRIFFITHS, BENJAMIN","Republican Party","REP","Senate","S","North Carolina","NC","00","CLEVELAND","NC","27013","2022","17-MAR-21","2021","202103179441285518"
"S2FL00540","BENNETT, SHANTELE RENEE N/A","Unaffiliated","UN","Senate","S","Florida","FL","00","ORLANDO","FL","32867","2022","17-MAR-21","2021","202103179440591783"
"H2WA03142","LAUSER, LUCY ESTHER JOAN","Democratic Party","DEM","House","H","Washington","WA","03","CAMAS","WA","98607","2022","16-MAR-21","2021","202103169440542708"
"S2NC00430","HAMRICK, JENNA","Democratic Party","DEM","Senate","S","North Carolina","NC","00","FAYETTEVILLE","NC","28314","2022","16-MAR-21","2021","202103169440543737"
"H2TN03201","DOSS, NATHANIEL MR. III","Democratic Party","DEM","House","H","Tennessee","TN","03","CHATTANOOGA","TN","37411","2022","16-MAR-21","2021","202103169440547642"
"H2IL06082","BURAU, JUSTIN","Republican Party","REP","House","H","Illinois","IL","06","ROLLING MEADOWS","IL","60008","2022","16-MAR-21","2021","202103169440544255"
"H2TX07051","MOCKUS, DAMIEN","Republican Party","REP","House","H","Texas","TX","07","CYPRESS","TX","77429","2022","16-MAR-21","2021","202103169440544370"
"H2NC04101","BORGHESE, RENE","Republican Party","REP","House","H","North Carolina","NC","04","EFLAND","NC","27243","2022","16-MAR-21","2021","202103169440543747"
"S0IL00501","HUBBARD, PEGGY","Republican Party","REP","Senate","S","Illinois","IL","00","BELLEVILLE","IL","62223","2022","15-MAR-21","2021","202103159440482943"
"H2TX18173","THOMPSON, CHARLES","Democratic Party","DEM","House","H","Texas","TX","18","HOUSTON","TX","77011","2022","15-MAR-21","2021","202103159440483658"
"H2WI07081","MIKKELSON, AUDUN","Republican Party","REP","House","H","Wisconsin","WI","07","HAYWARD","WI","54843","2022","15-MAR-21","2021","202103159440542671"
"H2MD02301","KELLEY, JOE","Republican Party","REP","House","H","Maryland","MD","02","SEVERN","MD","21144","2022","15-MAR-21","2021","202103159440542457"
"H2OH11227","KNIGHT, WILL","Democratic Party","DEM","House","H","Ohio","OH","11","CLEVELAND","OH","44122","2021","15-MAR-21","2021","202103159440492129"
"H2GA11230","DAZA-FERNANDEZ, ANTONIO MIGUEL","Democratic Party","DEM","House","H","Georgia","GA","11","ATLANTA","GA","30326","2022","14-MAR-21","2021","202103149440477770"
"H2MD06278","POISSONNIER, ROBERT","Republican Party","REP","House","H","Maryland","MD","06","CUMBERLAND","MD","21502","2022","13-MAR-21","2021","202103139440477157"
"H2NY01091","SMITH, AUSTIN C","Democratic Party","DEM","House","H","New York","NY","01","NEW YORK","NY","10005","2022","13-MAR-21","2021","202103139440477409"
"H0AZ03461","WOOD, DANIEL","Republican Party","REP","House","H","Arizona","AZ","03","MARICOPA","AZ","85138","2022","13-MAR-21","2021","202103139440477408"
"H2NY13096","ESPAILLAT, ADRIANO","Democratic Party","DEM","House","H","New York","NY","13","NEW YORK","NY","10034","2022","13-MAR-21","2021","202103139440477171"
"H2MD06260","JENKINS, JONATHAN JENKINS","Republican Party","REP","House","H","Maryland","MD","06","GERMANTOWN","MD","20874","2022","12-MAR-21","2021","202103129440473835"
"H2CA15110","COTA, JACKIE S","Republican Party","REP","House","H","California","CA","15","LIVERMORE","CA","94550","2022","12-MAR-21","2021","202103129440474209"
"H0MO07113","LONG, BILLY MR.","Republican Party","REP","House","H","Missouri","MO","07","SPRINGFIELD","MO","658084527","2022","12-MAR-21","2021","202103129440476813"
"H2MN04144","KAIL, EVAN BERMAN MR","Democratic-Farmer-Labor","DFL","House","H","Minnesota","MN","04","MINNEAPOLIS","MN","55405","2022","12-MAR-21","2021","202103129440476535"
"S2NC00422","RHINEHARDT, KIMREY WOODARD MRS.","Unaffiliated","UN","Senate","S","North Carolina","NC","00","PITTSBORO","NC","27312","2022","12-MAR-21","2021","202103129440476724"
"H2FL21082","BUONGIORNO, JEFFREY D","Republican Party","REP","House","H","Florida","FL","21","GULF STREAM","FL","33483","2022","12-MAR-21","2021","202103129440474681"
"H2IN01156","YOUNG, ALEEM MR.","Democratic Party","DEM","House","H","Indiana","IN","01","INDIANAPOLIS","IN","46218","2021","11-MAR-21","2021","202103119440466128"
"H2LA02230","JOLICOEUR, BRANDON PHILLIP","No Party Affiliation","NPA","House","H","Louisiana","LA","02","NEW ORLEANS","LA","70131","2021","11-MAR-21","2021","202103119440467638"
"H2TX05220","GEARING, CHARLES M.","Democratic Party","DEM","House","H","Texas","TX","05","DALLAS","TX","75228","2022","11-MAR-21","2021","202103119440467675"
"S2LA00127","PARHAM, NICHOLAS","Independent","IND","Senate","S","Louisiana","LA","00","THIBODAUX","LA","70301","2022","11-MAR-21","2021","202103119440472203"
"H2WA06160","HANSEN, AARON","Republican Party","REP","House","H","Washington","WA","06","BELFAIR","WA","98528","2021","11-MAR-21","2021","202103119440471031"
"H8OH16124","GONZALEZ, ANTHONY E","Republican Party","REP","House","H","Ohio","OH","16","ROCKY RIVER","OH","441162154","2022","11-MAR-21","2021","202103250300373374"
"H2NY03139","SURDI, KEVIN","Republican Party","REP","House","H","New York","NY","03","BAY SHORE","NY","11706","2022","11-MAR-21","2021","202103250300374053"
"H2SC07207","SPURLOCK, JEANETTE M","Republican Party","REP","House","H","South Carolina","SC","07","CONWAY","SC","29527","2022","11-MAR-21","2021","202103119440470576"
"H2LA02289","VINCENT, SHELDON CHARLES H2LA02263 SR.","Republican Party","REP","House","H","Louisiana","LA","02","HARVEY","LA","70059","2021","10-MAR-21","2021","202103109440362640"
"S0LA00378","JOHN, XAN MR.","Other","OTH","Senate","S","Louisiana","LA","00","LAFAYETTE","LA","70508","2022","10-MAR-21","2021","202103109440362799"
"H2FL23112","SULEMAN, SAAD SIR","Republican Party","REP","House","H","Florida","FL","23","SUNRISE","FL","33351","2022","10-MAR-21","2021","202103109440363488"
"H0OH12179","SHEARER, ALAINA","Democratic Party","DEM","House","H","Ohio","OH","12","LEWIS CENTER","OH","43035","2022","10-MAR-21","2021","202103109440363682"
"H2ME02162","SUTTON, MICHAEL PHILLIP MR","Democratic Party","DEM","House","H","Maine","ME","02","BANGOR","ME","04401","2022","10-MAR-21","2021","202103109440363806"
"H2AZ04192","STAHL, JUDITH","Democratic Party","DEM","House","H","Arizona","AZ","04","PRESCOTT","AZ","86301","2022","10-MAR-21","2021","202103109440363885"
"H2NY17071","NADLER, JERROLD L.","Democratic Party","DEM","House","H","New York","NY","10","NEW YORK","NY","10024","2022","10-MAR-21","2021","202103109440366113"
"H2CA16134","GIGLIO, DAVID ANTHONY","Republican Party","REP","House","H","California","CA","16","MADERA","CA","93636","2022","10-MAR-21","2021","202103109440466071"
"H2CO05158","DOWELL, JEREMY J","Democratic Party","DEM","House","H","Colorado","CO","05","CANON CITY","CO","81215","2022","10-MAR-21","2021","202103109440466123"
"H8MA02041","NEAL, RICHARD E MR.","Democratic Party","DEM","House","H","Massachusetts","MA","01","SPRINGFIELD","MA","01103","2022","09-MAR-21","2021","202103099440362618"
"S2WA00379","WERNER II, MICHAEL JOSEPH","Republican Party","REP","Senate","S","Washington","WA","00","VANCOUVER","WA","98664","2021","09-MAR-21","2021","202103099440359747"
"S2MO00528","KUNCE, LUCAS","Democratic Party","DEM","Senate","S","Missouri","MO","00","INDEPENDENCE","MO","64051","2022","09-MAR-21","2021","202103099440358465"
"H2TX06335","RODIMER, DAN","Republican Party","REP","House","H","Texas","TX","06","MANSFIELD","TX","76063","2021","09-MAR-21","2021","202103099440358628"
"H6AZ09010","GILES, DAVID VICTOR","Republican Party","REP","House","H","Arizona","AZ","09","GILBERT","AZ","85295","2022","09-MAR-21","2021","202103099440359083"
"H0TX16106","ARMENDARIZ-JACKSON, IRENE","Republican Party","REP","House","H","Texas","TX","16","EL PASO","TX","79925","2022","09-MAR-21","2021","202103099440359442"
"S2NC00414","RHOADS, CHRISTINA","Republican Party","REP","Senate","S","North Carolina","NC","00","FOREST CITY","NC","28043","2021","08-MAR-21","2021","202103089440305043"
"H2FL11117","SABATINI, ANTHONY","Republican Party","REP","House","H","Florida","FL","11","CLERMONT","FL","34711","2022","08-MAR-21","2021","202103089440304752"
"H8CO06229","CROW, JASON","Democratic Party","DEM","House","H","Colorado","CO","06","AURORA","CO","80041","2022","08-MAR-21","2021","202103089440304359"
"H0MS04161","CARL, BOYANTON","Republican Party","REP","House","H","Mississippi","MS","04","DIAMONDHEAD","MS","39525","2022","08-MAR-21","2021","202103089440305651"
"S2CA01003","HENG, ELIZABETH","Republican Party","REP","Senate","S","California","CA","00","FRESNO","CA","93755","2022","08-MAR-21","2021","202103089440301937"
"H2OH03174","MEADE, MATTHEW ALLEN","Democratic Party","DEM","House","H","Ohio","OH","03","COLUMBUS","OH","43201","2022","08-MAR-21","2021","202103089440303371"
"S2MO00510","BRINKMANN, JOHN MICHAEL","Republican Party","REP","Senate","S","Missouri","MO","00","JEFFERSON CITY","MO","65101","2022","08-MAR-21","2021","202103089440303463"
"H2MO08083","DENNISON, JEREMY TODD","Republican Party","REP","House","H","Missouri","MO","08","DE SOTO","MO","63020","2022","07-MAR-21","2021","202103079440293468"
"S2FL00532","PINNEY, DWAYNE","Republican Party","REP","Senate","S","Florida","FL","00","JACKSONVILLE","FL","32206","2021","07-MAR-21","2021","202103079440285804"
"H2OH03125","BEATTY, JOYCE","Democratic Party","DEM","House","H","Ohio","OH","03","BLACKLICK","OH","43004","2022","06-MAR-21","2021","202103069440285377"
"H2TX34121","SOTELO, PHILIP MR","Republican Party","REP","House","H","Texas","TX","34","RIO HONDO","TX","78583","2021","06-MAR-21","2021","202103069440285793"
"H6TX15162","GONZALEZ, VICENTE","Democratic Party","DEM","House","H","Texas","TX","15","MCALLEN","TX","78501","2022","05-MAR-21","2021","202103059440285315"
"H2AL02158","ANDERSON, REGINALD TERELL","Democratic Party","DEM","House","H","Alabama","AL","02","MONTGOMERY","AL","36116","2022","05-MAR-21","2021","202103059440285324"
"H2TX06327","LASSITER, SHAWN","Democratic Party","DEM","House","H","Texas","TX","06","ARLINGTON","TX","76012","2021","05-MAR-21","2021","202103059440246952"
"H2CA01185","GODFREY, MARCUS SCOTT","Libertarian Party","LIB","House","H","California","CA","01","GRASS VALLEY","CA","95949","2022","05-MAR-21","2021","202103059440197094"
"S2AR00081","MORGAN, JAN","Republican Party","REP","Senate","S","Arkansas","AR","00","HOT SPRINGS","AR","71913","2022","05-MAR-21","2021","202103059440176518"
"H4MI12079","DINGELL, DEBBIE","Democratic Party","DEM","House","H","Michigan","MI","12","DEARBORN","MI","48124","2022","05-MAR-21","2021","202103059440176513"
"H8PA18181","LAMB, CONOR","Democratic Party","DEM","House","H","Pennsylvania","PA","17","PITTSBURGH","PA","15228","2022","04-MAR-21","2021","202103049440176175"
"H8NJ04014","SMITH, CHRISTOPHER H","Republican Party","REP","House","H","New Jersey","NJ","04","HAMILTON","NJ","086190184","2022","04-MAR-21","2021","202103049440166440"
"S2PA00422","SHANK, ALAN MICHAEL","Democratic Party","DEM","Senate","S","Pennsylvania","PA","00","HOMER CITY","PA","15748","2022","04-MAR-21","2021","202103049440166500"
"H2WA03134","HENNRICH, BRENT WILLIAM","Democratic Party","DEM","House","H","Washington","WA","03","VANCOUVER","WA","98664","2022","04-MAR-21","2021","202103049440166710"
"H0WI05113","FITZGERALD, SCOTT","Republican Party","REP","House","H","Wisconsin","WI","05","JUNEAU","WI","53039","2022","04-MAR-21","2021","202103049440166898"
"S2CA00997","GIRARD, YVONNE RENEE","Republican Party","REP","Senate","S","California","CA","00","JURUPA VALLEY","CA","92509","2022","04-MAR-21","2021","202103049440166415"
"H2CO07162","IMER, LAUREL ANNE","Republican Party","REP","House","H","Colorado","CO","07","GOLDEN","CO","80401","2022","04-MAR-21","2021","202103049440166262"
"H0HI02155","KAHELE, KAIALI'I","Democratic Party","DEM","House","H","Hawaii","HI","02","HILO","HI","96720","2022","03-MAR-21","2021","202103039440052569"
"H2CA16126","SHELDON-LONDON, MONIKA LOUISE MS.","Republican Party","REP","House","H","California","CA","16","BASS LAKE","CA","93604","2022","03-MAR-21","2021","202103039440052697"
"S2FL00524","WALLS-WINDHAUSER, M. ANGELA","Republican Party","REP","Senate","S","Florida","FL","00","WINTER GARDEN","FL","34778","2022","03-MAR-21","2021","202103039431331378"
"H2NC11155","BEACH-FERRARA, JASMINE","Democratic Party","DEM","House","H","North Carolina","NC","11","ASHEVILLE","NC","28802","2022","03-MAR-21","2021","202103039431331391"
"H0AL05163","BROOKS, MO","Republican Party","REP","House","H","Alabama","AL","05","HUNTSVILLE","AL","35802","2022","03-MAR-21","2021","202103039431331396"
"H2TX06319","RODERMUND, JON TRAVIS","Republican Party","REP","House","H","Texas","TX","06","MANSFIELD","TX","76063","2021","03-MAR-21","2021","202103039431331534"
"H2IL17105","ALLEN, COREY","Republican Party","REP","House","H","Illinois","IL","17","PEORIA","IL","61603","2022","03-MAR-21","2021","202103039440166256"
"H2OH05054","AGAN, JEFFREY JOHN MR. JR","Democratic Party","DEM","House","H","Ohio","OH","05","TOLEDO","OH","43612","2022","03-MAR-21","2021","202103039440166228"
"H2TX06301","MOSES, PATRICK","Democratic Party","DEM","House","H","Texas","TX","06","MANSFIELD","TX","76063","2021","02-MAR-21","2021","202103029431311469"
"H2MD03184","PITOCCO, ANTONIO","Republican Party","REP","House","H","Maryland","MD","03","ANNAPOLIS","MD","21403","2022","02-MAR-21","2021","202103029431311511"
"H6WA07458","JAYAPAL, PRAMILA","Democratic Party","DEM","House","H","Washington","WA","07","SEATTLE","WA","98111","2022","02-MAR-21","2021","202103029431311885"
"S2FL00508","GRANT, STEVEN B","No Party Affiliation","NPA","Senate","S","Florida","FL","00","BOYNTON BEACH","FL","33426","2022","02-MAR-21","2021","202103029431311485"
"H2VI00082","PLASKETT, STACEY","Democratic Party","DEM","House","H","U.S. Virgin Islands","VI","00","FREDERIKSTED","VI","00841","2022","02-MAR-21","2021","202103029431311416"
"H2NY14037","MALONEY, CAROLYN B.","Democratic Party","DEM","House","H","New York","NY","12","NEW YORK","NY","10128","2022","02-MAR-21","2021","202103029431310958"
"H0NJ08137","WINKLER, DAVID JOHN MR.","Republican Party","REP","House","H","New Jersey","NJ","08","WEST NEW YORK","NJ","07093","2022","02-MAR-21","2021","202103029431310957"
"S2FL00516","HOLIC, JASON KYLE","No Party Affiliation","NPA","Senate","S","Florida","FL","00","ORLANDO","FL","32804","2022","02-MAR-21","2021","202103029431312966"
"H2WY01032","GRAY, CHARLES","Republican Party","REP","House","H","Wyoming","WY","00","CHEYENNE","WY","82202","2022","01-MAR-21","2021","202103019429233633"
"H2VA11198","DALSIMER, ALLY","Democratic Party","DEM","House","H","Virginia","VA","11","SPRINGFIELD","VA","22151","2022","01-MAR-21","2021","202103019431295716"
"H2NC07112","RICHARDSON, MONTEL SHAMAR","Democratic Party","DEM","House","H","North Carolina","NC","07","WILMINGTON","NC","28401","2022","01-MAR-21","2021","202103019429232765"
"S2NC00398","LAGRONE, TOBIAS EVERETT DR.","Democratic Party","DEM","Senate","S","North Carolina","NC","00","GREENSBORO","NC","27407","2022","01-MAR-21","2021","202103019431295722"
"H2AZ01347","MOORE FOR AZ, JOHN W","Republican Party","REP","House","H","Arizona","AZ","01","WILLIAMS","AZ","86046","2022","01-MAR-21","2021","202103019431310070"
"H2TX06293","WOOD, MICHAEL A.","Republican Party","REP","House","H","Texas","TX","06","ARLINGTON","TX","76003","2021","01-MAR-21","2021","202103019429233634"
"H2WA04157","KLIPPERT, BRADLEY","Republican Party","REP","House","H","Washington","WA","04","KENNEWICK","WA","99336","2022","01-MAR-21","2021","202103019431296110"
"S2NC00406","WATKINS, RICHARD LEE DR.","Democratic Party","DEM","Senate","S","North Carolina","NC","00","DURHAM","NC","27709","2022","01-MAR-21","2021","202103019431295824"
"H2AZ09142","STOVALL, ALEX","Republican Party","REP","House","H","Arizona","AZ","09","CHANDLER","AZ","85286","2022","28-FEB-21","2021","202102289429231864"
"H2FL08097","GREGG, PERRY","Democratic Party","DEM","House","H","Florida","FL","08","COCOA","FL","32922","2022","28-FEB-21","2021","202102289429078200"
"S2IN00158","GABEHART, JASON","Independent","IND","Senate","S","Indiana","IN","00","CROWN POINT","IN","46307","2022","28-FEB-21","2021","202102289429078199"
"H2GA05158","MEDINA, IAN ANTHONY","Democratic Party","DEM","House","H","Georgia","GA","05","NEW YORK","NY","10038","2022","28-FEB-21","2021","202102289429078197"
"S2NM00138","JENNINGS, EMANUAL","American People'S Freedom Party","APF","Senate","S","New Mexico","NM","00","ALBUQUERQUE","NM","87120","2021","27-FEB-21","2021","202102279429078185"
"S2NC00380","GAGHAN, JAMES M","Republican Party","REP","Senate","S","North Carolina","NC","00","MOORESVILLE","NC","28117","2022","27-FEB-21","2021","202102279429078079"
"H8AZ04165","DISANTO, DELINA","Democratic Party","DEM","House","H","Arizona","AZ","04","CAVE CREEK","AZ","85331","2022","27-FEB-21","2021","202102279429078165"
"H2AZ01339","BLACKMAN, WALTER JACK","Republican Party","REP","House","H","Arizona","AZ","01","SNOWFLAKE","AZ","85937","2022","27-FEB-21","2021","202102279429078155"
"H2CA22165","HUBBARD, LOURIN","Democratic Party","DEM","House","H","California","CA","22","FRESNO","CA","93710","2022","27-FEB-21","2021","202102279429078127"
"H2FL08089","WELLS, PATRICK LEE","Republican Party","REP","House","H","Florida","FL","08","SEBASTIAN","FL","32958","2022","26-FEB-21","2021","202102269429061581"
"H2TX06285","EDDINGS, DARYL J. MR. SR.","Democratic Party","DEM","House","H","Texas","TX","06","MIDLOTHIAN","TX","76065","2021","26-FEB-21","2021","202102269429066621"
"H2TX06269","HARRISON, BRIAN E","Republican Party","REP","House","H","Texas","TX","06","MIDLOTHIAN","TX","76065","2021","26-FEB-21","2021","202102269429062066"
"H2FL09178","HITES, BECKY E","Republican Party","REP","House","H","Florida","FL","09","KISSIMMEE","FL","34746","2022","26-FEB-21","2021","202102269429062138"
"H2OH16051","MILLER, MAX","Republican Party","REP","House","H","Ohio","OH","16","ROCKY RIVER","OH","44116","2022","26-FEB-21","2021","202102269429062176"
"H6AZ05083","BIGGS, ANDY MR.","Republican Party","REP","House","H","Arizona","AZ","05","GILBERT","AZ","852346204","2022","26-FEB-21","2021","202102269429062220"
"S2AZ00323","PAVEZA, ROBERT","Republican Party","REP","Senate","S","Arizona","AZ","00","GILBERT","AZ","85234","2022","26-FEB-21","2021","202102269429062221"
"H2CO03252","MARTINEZ, SUSAN LYNN","Democratic Party","DEM","House","H","Colorado","CO","03","PUEBLO","CO","81008","2022","26-FEB-21","2021","202102269429062436"
"S2AL00137","BLANCHARD, LYNDA","Republican Party","REP","Senate","S","Alabama","AL","00","MONTGOMERY","AL","36124","2022","26-FEB-21","2021","202102269429062447"
"H2TX06277","HOLLOWAY, TAMMY ALLISON","Democratic Party","DEM","House","H","Texas","TX","06","GRAND PRAIRIE","TX","75052","2021","26-FEB-21","2021","202102269429062461"
"H0FL17068","WILSON, FREDERICA S.","Democratic Party","DEM","House","H","Florida","FL","24","WASHINGTON","DC","20003","2022","26-FEB-21","2021","202102269429062477"
"H2GA11222","CANNON, BEAU ALEXANDER RYAN MR","Democratic Party","DEM","House","H","Georgia","GA","11","SMYRNA","GA","30080","2022","26-FEB-21","2021","202102269429062492"
"P20005542","BARNARD, DAVID J JR","Democratic Party","DEM","President","P","United States","00","00","CLERMONT","FL","34711","2021","26-FEB-21","2021","202102269429062509"
"H2CO05141","GOENAGA-TORRES, SANTIAGO DAVID","Democratic Party","DEM","House","H","Colorado","CO","05","LAKEWOOD","CO","80226","2022","26-FEB-21","2021","202102269429066620"
"H2NV02395","AMODEI, MARK EUGENE","Republican Party","REP","House","H","Nevada","NV","02","CARSON CITY","NV","89703","2022","26-FEB-21","2021","202102269429061628"
"S6FL00442","WALLS-WINDHAUSER, ANGELA MARIE","Republican Party","REP","Senate","S","Florida","FL","00","WINTER GARDEN","FL","34778","2022","25-FEB-21","2021","202102259428876840"
"H2OH16044","DIEMER, MATTHEW","Democratic Party","DEM","House","H","Ohio","OH","16","BAY VILLAGE","OH","44140","2022","25-FEB-21","2021","202102259428874894"
"H2NH01254","ACCIARD, JULIAN MARC","Republican Party","REP","House","H","New Hampshire","NH","01","DERRY","NH","03038","2022","25-FEB-21","2021","202102259428874904"
"H2NY10092","JEFFRIES, HAKEEM","Democratic Party","DEM","House","H","New York","NY","08","BROOKLYN","NY","11238","2022","25-FEB-21","2021","202102259428874990"
"H8MI08102","SLOTKIN, ELISSA","Democratic Party","DEM","House","H","Michigan","MI","08","HOLLY","MI","48442","2022","25-FEB-21","2021","202102259428876513"
"H2TN09208","CRAIN, MARK BREWER","Independent","IND","House","H","Tennessee","TN","09","MEMPHIS","TN","38103","2022","25-FEB-21","2021","202102259428876516"
"S2OH00360","TIMKEN, JANE","Republican Party","REP","Senate","S","Ohio","OH","00","CANTON","OH","44708","2022","25-FEB-21","2021","202102260300371590"
"H2LA02131","PETERSON, KAREN CARTER","Democratic Party","DEM","House","H","Louisiana","LA","02","NEW ORLEANS","LA","70115","2021","25-FEB-21","2021","202102259428876564"
"H8TX06266","ELLZEY, JOHN KEVIN SR","Republican Party","REP","House","H","Texas","TX","06","AUSTIN","TX","78734","2021","25-FEB-21","2021","202102259428876632"
"H2CA25184","NAZANIN, RHODA","Democratic Party","DEM","House","H","California","CA","25","LOS ANGELES","CA","90024","2022","25-FEB-21","2021","202102259428876675"
"S2UT00310","MITCHELL, NICHOLAS","Democratic Party","DEM","Senate","S","Utah","UT","00","SALT LAKE CITY","UT","84106","2022","25-FEB-21","2021","202102259428876706"
"H2NH02211","BRYK, WILLIAM MICHAEL","Democratic Party","DEM","House","H","New Hampshire","NH","02","ANTRIM","NH","034403510","2022","25-FEB-21","2021","202102260300372196"
"S2MO00502","NICHOLAS CRANE, STRAUSS","Unknown","","Senate","S","Missouri","MO","00","BALLWIN","MO","63011","2022","25-FEB-21","2021","202102260300371502"
"H2NC11148","REMILLARD, JOSHUA","Democratic Party","DEM","House","H","North Carolina","NC","11","CANDLER","NC","28715","2022","25-FEB-21","2021","202102259428876534"
"H6LA03148","HIGGINS, CLAY CAPTAIN","Republican Party","REP","House","H","Louisiana","LA","03","LAFAYETTE","LA","705961747","2022","24-FEB-21","2021","202102249428822499"
"H6TX19099","ARRINGTON, JODEY COOK","Republican Party","REP","House","H","Texas","TX","19","LUBBOCK","TX","794936687","2022","24-FEB-21","2021","202102249428822498"
"S2SC00095","SWAIN, TIMOTHY","Republican Party","REP","Senate","S","South Carolina","SC","00","WALTERBORO","SC","29488","2022","24-FEB-21","2021","202102249428818831"
"S2WA00361","MPIANA, MFUMU METAMORPHOSIS REV","Write-In","W","Senate","S","Washington","WA","00","SEATTLE","WA","98127","2022","24-FEB-21","2021","202102249428820131"
"H2TX06244","HINTERLONG, MATT","Democratic Party","DEM","House","H","Texas","TX","06","DALLAS","TX","75220","2021","24-FEB-21","2021","202102249428820134"
"H2OK04055","COLE, TOM","Republican Party","REP","House","H","Oklahoma","OK","04","NORMAN","OK","73070","2022","24-FEB-21","2021","202102249428821231"
"H4NE01064","FORTENBERRY, JEFFREY L. HONORABLE","Republican Party","REP","House","H","Nebraska","NE","01","LINCOLN","NE","685104128","2022","24-FEB-21","2021","202102249428821239"
"H0TN04195","DESJARLAIS, SCOTT HON.","Republican Party","REP","House","H","Tennessee","TN","04","SOUTH PITTSBURG","TN","373806414","2022","24-FEB-21","2021","202102249428821240"
"H2GA14051","MCCORMACK, HOLLY","Democratic Party","DEM","House","H","Georgia","GA","14","RINGGOLD","GA","30736","2022","24-FEB-21","2021","202102249428821247"
"H8TN02119","BURCHETT, TIM","Republican Party","REP","House","H","Tennessee","TN","02","KNOXVILLE","TN","37950","2022","24-FEB-21","2021","202102249428821252"
"H0NM03102","LEGER FERNANDEZ, TERESA","Democratic Party","DEM","House","H","New Mexico","NM","03","SANTA FE","NM","87504","2022","24-FEB-21","2021","202102249428821253"
"H2SC02042","CLYBURN, JAMES E.","Democratic Party","DEM","House","H","South Carolina","SC","06","COLUMBIA","SC","29211","2022","24-FEB-21","2021","202102249428821263"
"H2TX06251","WRIGHT, SUSAN","Republican Party","REP","House","H","Texas","TX","06","ARLINGTON","TX","76003","2021","24-FEB-21","2021","202102249428821268"
"H2SC07199","DAVISON, JUSTIN KEITH","Republican Party","REP","House","H","South Carolina","SC","07","LORIS","SC","29569","2022","24-FEB-21","2021","202102249428821300"
"H8SC05158","NORMAN, RALPH W. JR.","Republican Party","REP","House","H","South Carolina","SC","05","ROCK HILL","SC","29732","2022","24-FEB-21","2021","202102249428821314"
"S2OH00352","THOMPSON, MACKENZIE","Republican Party","REP","Senate","S","Ohio","OH","00","WEST ALEXANDRIA","OH","45381","2022","24-FEB-21","2021","202102249428822294"
"H0FL21078","LOOMER, LAURA","Republican Party","REP","House","H","Florida","FL","21","LAKE WORTH","FL","33460","2022","24-FEB-21","2021","202102249428822887"
"S2PA00414","DUCH, WILLIAM RAYMOND","Republican Party","REP","Senate","S","Pennsylvania","PA","00","WALNUTPORT","PA","18088","2022","24-FEB-21","2021","202102249428822889"
"H2KY04196","WIRTH, CLAIRE","Republican Party","REP","House","H","Kentucky","KY","04","PROSPECT","KY","40059","2022","24-FEB-21","2021","202102249428822890"
"H2TX06236","BEAN, LYDIA","Democratic Party","DEM","House","H","Texas","TX","06","ALRINGTON","TX","76006","2021","24-FEB-21","2021","202102249428818825"
"H8TX06225","MITCHELL, MONTE","Republican Party","REP","House","H","Texas","TX","06","FORT WORTH","TX","76112","2022","23-FEB-21","2021","202103250300374080"
"S2CA00989","INGRAM, DENARD TYRONE","Democratic Party","DEM","Senate","S","California","CA","00","OAKLAND","CA","94608","2022","23-FEB-21","2021","202102239428816789"
"H0MN04049","MCCOLLUM, BETTY","Democratic Party","DEM","House","H","Minnesota","MN","04","ST PAUL","MN","55114","2022","23-FEB-21","2021","202102239428818690"
"H2IL16107","LAUF, CATALINA","Republican Party","REP","House","H","Illinois","IL","16","WOODSTOCK","IL","66098","2022","23-FEB-21","2021","202102239428818539"
"S2NC00372","EDWARDS, AVA","Democratic Party","DEM","Senate","S","North Carolina","NC","00","MORRISVILLE","NC","27560","2022","23-FEB-21","2021","202102239428818453"
"H0CO03132","VALDEZ, DONALD","Democratic Party","DEM","House","H","Colorado","CO","03","LA JARA","CO","81140","2022","22-FEB-21","2021","202102229428800077"
"H2TX02128","RODRIGUEZ, LUCIA S","Republican Party","REP","House","H","Texas","TX","02","KINGWOOD","TX","77339","2022","22-FEB-21","2021","202102229428800242"
"S2MO00494","KELLY, JEWEL WILLIAM JR","Democratic Party","DEM","Senate","S","Missouri","MO","00","FESTUS","MO","63028","2022","22-FEB-21","2021","202102229428800249"
"H0NC11175","DAVIS, MORRIS D. COL.","Democratic Party","DEM","House","H","North Carolina","NC","11","ASHEVILLE","NC","28804","2022","22-FEB-21","2021","202102229428800710"
"H2MD03176","COLOMBO, MALCOLM THOMAS","Democratic Party","DEM","House","H","Maryland","MD","03","ODENTON","MD","21113","2022","22-FEB-21","2021","202102229428814862"
"H4MS02068","THOMPSON, BENNIE G.","Democratic Party","DEM","House","H","Mississippi","MS","02","BOLTON","MS","390419634","2022","22-FEB-21","2021","202102229428801151"
"H2TX06228","EGAN, MICHAEL C","Republican Party","REP","House","H","Texas","TX","06","ARLINGTON","TX","76006","2021","22-FEB-21","2021","202102229428801193"
"H0WA02189","CALL, JASON","Democratic Party","DEM","House","H","Washington","WA","02","MARYSVILLE","WA","98270","2022","22-FEB-21","2021","202102229428801196"
"H2MO02169","ANDERS, BOB","Republican Party","REP","House","H","Missouri","MO","02","ST CHARLES","MO","63301","2022","22-FEB-21","2021","202102229428801029"
"H2NJ02201","TAVAREZ, HECTOR MR","Democratic Party","DEM","House","H","New Jersey","NJ","02","EGG HARBOR TOWNSHIP","NJ","08234","2022","21-FEB-21","2021","202102219428799967"
"S2PA00406","KHALIL, ALEXANDRIA GLORIA","Democratic Party","DEM","Senate","S","Pennsylvania","PA","00","JENKINTOWN","PA","19046","2022","20-FEB-21","2021","202102209428700793"
"H2NY10118","MEDINA, IAN ANTHONY","Democratic Party","DEM","House","H","New York","NY","10","NEW YORK","NY","10038","2022","20-FEB-21","2021","202102209428688521"
"H2TN04282","MEYER, LAWRENCE N. D.","Republican Party","REP","House","H","Tennessee","TN","04","DECHERD","TN","37324","2022","19-FEB-21","2021","202102199428658128"
"H2TX03266","TUCKER, TERRY","Democratic Party","DEM","House","H","Texas","TX","03","GARLAND","TX","75045","2022","19-FEB-21","2021","202102199428672987"
"H2OH11219","CORRIGAN, DANIEL P","Democratic Party","DEM","House","H","Ohio","OH","11","RICHMOND HEIGHTS","OH","44143","2021","19-FEB-21","2021","202102199428657757"
"S2OH00170","MANDEL, JOSHUA A.","Republican Party","REP","Senate","S","Ohio","OH","00","MAYFIELD HEIGHTS","OH","441240875","2022","19-FEB-21","2021","202102199428682023"
"H2TN05297","MCKNIGHT, QUINCY","Republican Party","REP","House","H","Tennessee","TN","05","NASHVILLE","TN","37027","2022","19-FEB-21","2021","202102199428656400"
"H2WA03126","ST. JOHN, HEIDI","Republican Party","REP","House","H","Washington","WA","03","BATTLE GROUND","WA","98694","2022","19-FEB-21","2021","202102199428673443"
"S2OH00345","PATEL, NIRANJAN NEIL","Republican Party","REP","Senate","S","Ohio","OH","00","WESTERVILLE","OH","43082","2022","18-FEB-21","2021","202102189428319281"
"H2IL01208","COLE, JAHMAL","Democratic Party","DEM","House","H","Illinois","IL","01","CHICAGO","IL","60619","2022","18-FEB-21","2021","202102189428319843"
"H2OK01168","SWOBODA, JOHN PATRICK","Democratic Party","DEM","House","H","Oklahoma","OK","01","TULSA","OK","74133","2022","18-FEB-21","2021","202102189428322834"
"H0FL06145","NOLAN, JOHN GERARD MR.","No Party Affiliation","NPA","House","H","Florida","FL","06","DELAND","FL","32720","2022","18-FEB-21","2021","202102189428635878"
"S2AL00129","FLORY, JENNIFER LYNN MRS.","Republican Party","REP","Senate","S","Alabama","AL","00","ARAB","AL","35016","2021","18-FEB-21","2021","202102189428639126"
"S2OH00337","MEIRING, ERIC RICHARD REVEREND","Independent","IND","Senate","S","Ohio","OH","00","PIQUA","OH","45356","2022","18-FEB-21","2021","202102189428318527"
"S2NJ00494","SELBY, QUADIR","Democratic Party","DEM","Senate","S","New Jersey","NJ","00","IRVINGTON","NJ","07111","2021","18-FEB-21","2021","202102189428319061"
"S2PA00398","KENYATTA, MALCOLM","Democratic Party","DEM","Senate","S","Pennsylvania","PA","00","PHILADELPHIA","PA","19121","2022","18-FEB-21","2021","202102189428639071"
"H6OR03064","BLUMENAUER, EARL","Democratic Party","DEM","House","H","Oregon","OR","03","PORTLAND","OR","97214","2022","18-FEB-21","2021","202102189428637983"
"H0IN01150","MRVAN, FRANK J","Democratic Party","DEM","House","H","Indiana","IN","01","HIGHLAND","IN","46322","2022","17-FEB-21","2021","202102179428292489"
"H2CO03245","SANDOVAL TAFOYA, SOLEDAD","Democratic Party","DEM","House","H","Colorado","CO","03","PUEBLO","CO","81008","2022","17-FEB-21","2021","202102179428285921"
"H2CA01177","HAWKINS, BRIAN E","Republican Party","REP","House","H","California","CA","01","SAN JACINTO","CA","92583","2022","17-FEB-21","2021","202102179428285466"
"H2AZ04184","DANIEL, MATTHEW CHARLES","Democratic Party","DEM","House","H","Arizona","AZ","04","PRESCOTT","AZ","86303","2022","17-FEB-21","2021","202102179428291359"
"H6MD08457","RASKIN, JAMIE","Democratic Party","DEM","House","H","Maryland","MD","08","TAKOMA PARK","MD","20913","2022","16-FEB-21","2021","202102169427810367"
"H2WA09115","GALLARDO, STEPHANIE D","Democratic Party","DEM","House","H","Washington","WA","09","SEATTLE","WA","98146","2022","16-FEB-21","2021","202102169428011514"
"H2WA03118","YAKHOUR, WADI","Republican Party","REP","House","H","Washington","WA","03","BRUSH PRAIRIE","WA","98606","2022","16-FEB-21","2021","202102169428011610"
"S8PA00262","BARTOS, JEFFREY A","Republican Party","REP","Senate","S","Pennsylvania","PA","00","HUMMELSTOWN","PA","17036","2022","16-FEB-21","2021","202102169427804065"
"S2WI00342","LASRY, ALEX","Democratic Party","DEM","Senate","S","Wisconsin","WI","00","MILWAUKEE","WI","53203","2022","16-FEB-21","2021","202102169428278339"
"H2NV00068","CENTENO, JAIME MR JR","Republican Party","REP","House","H","Nevada","NV","00","LAS VEGAS","NV","89146","2022","16-FEB-21","2021","202102169427797323"
"H2NJ05303","D'AGOSTINO, NICHOLAS A. MR.","Republican Party","REP","House","H","New Jersey","NJ","05","WANTAGE","NJ","07461","2022","16-FEB-21","2021","202102169427809595"
"S2MO00486","STRAUSS, NICHOLAS CRANE","Unknown","UNK","Senate","S","Missouri","MO","00","BALLWIN","MO","63011","2022","16-FEB-21","2021","202102169427802603"
"H2GA14044","FLOWERS, MARCUS","Democratic Party","DEM","House","H","Georgia","GA","14","BREMEN","GA","30110","2022","16-FEB-21","2021","202102169427802956"
"H8KS04112","ESTES, RON","Republican Party","REP","House","H","Kansas","KS","04","WICHITA","KS","672064126","2022","16-FEB-21","2021","202102169427802970"
"H2OH11201","FLANNERY, BRYAN","Democratic Party","DEM","House","H","Ohio","OH","11","AKRON","OH","44333","2021","16-FEB-21","2021","202102169427803039"
"S0NC00335","BRAY, SHANNON","Libertarian Party","LIB","Senate","S","North Carolina","NC","00","APEX","NC","27539","2022","16-FEB-21","2021","202102169427809575"
"H2LA02271","JOHN, HAROLD MR. SR.","Democratic Party","DEM","House","H","Louisiana","LA","02","NEW ORLEANS","LA","70117","2021","16-FEB-21","2021","202102169427809585"
"S2PA00372","GALE, SEAN","Republican Party","REP","Senate","S","Pennsylvania","PA","00","PLYMOUTH MEETING","PA","19462","2022","16-FEB-21","2021","202102169427797390"
"H0FL10113","MONTAGUE, WILLIE","Republican Party","REP","House","H","Florida","FL","10","ORLANDO","FL","32822","2022","15-FEB-21","2021","202102159427791339"
"H2KY02125","COMPTON, WILLIAM DAKOTA","Democratic Party","DEM","House","H","Kentucky","KY","02","BOWLING GREEN","KY","42101","2022","15-FEB-21","2021","202102159427791535"
"H2GA12154","SINGLETON, NEIL","Republican Party","REP","House","H","Georgia","GA","12","COLLINS","GA","30421","2021","15-FEB-21","2021","202102159427797282"
"S4GA11285","PERDUE, DAVID","Republican Party","REP","Senate","S","Georgia","GA","00","ATLANTA","GA","30355","2022","15-FEB-21","2021","202102159427792640"
"H2NV03161","BECKER, APRIL","Republican Party","REP","House","H","Nevada","NV","03","LAS VEGAS","NV","89107","2022","15-FEB-21","2021","202102159427792361"
"H2MS04241","HUDSON, JESSE GRAHAM","Independent","IND","House","H","Mississippi","MS","04","HATTIESBURG","MS","39402","2022","14-FEB-21","2021","202102149427791184"
"H2FL21074","FEIT, KEITH DR.","Republican Party","REP","House","H","Florida","FL","21","BOYNTON BEACH","FL","33436","2022","14-FEB-21","2021","202102149427791210"
"S2PA00364","JOHNSON, LARRY E DR","Democratic Party","DEM","Senate","S","Pennsylvania","PA","00","BEAVER FALLS","PA","15010","2022","14-FEB-21","2021","202102149427791186"
"S2NC00364","ELLERBY, CARLTON","Republican Party","REP","Senate","S","North Carolina","NC","00","EDENTON","NC","27932","2022","13-FEB-21","2021","202102139427791183"
"S2KS00097","SOETAERT, MICHAEL","Republican Party","REP","Senate","S","Kansas","KS","00","ALTA VISTA","KS","66834","2022","13-FEB-21","2021","202102139427790722"
"H2PA03129","HUNT, ALEXANDRA","Democratic Party","DEM","House","H","Pennsylvania","PA","03","PHILADELPHIA","PA","19128","2022","13-FEB-21","2021","202102139427791182"
"S2MA00204","CHASE, KEVEN","Independent","IND","Senate","S","Massachusetts","MA","00","NORTH QUINCY","MA","02171","2021","13-FEB-21","2021","202102139427791160"
"H2TX25301","SMITH, TYLER RAY","Republican Party","REP","House","H","Texas","TX","25","CORSICANA","TX","75110","2022","13-FEB-21","2021","202102139427791090"
"H2MA02077","MARINO, LOUIS G","Republican Party","REP","House","H","Massachusetts","MA","02","ATHOL","MA","01331","2022","12-FEB-21","2021","202102129427770219"
"H8VA06104","CLINE, BENJAMIN LEE","Republican Party","REP","House","H","Virginia","VA","06","FINCASTLE","VA","24090","2022","12-FEB-21","2021","202102129427771074"
"H2NC07104","MILLER, STEPHEN","Democratic Party","DEM","House","H","North Carolina","NC","07","WILMINGTON","NC","28411","2022","12-FEB-21","2021","202102129427771768"
"H2TX06210","PALAGI, ASA","Republican Party","REP","House","H","Texas","TX","06","AUSTIN","TX","78731","2021","12-FEB-21","2021","202102129427771831"
"H4OR02228","HUBER, RAIPH R","Republican Party","REP","House","H","Oregon","OR","02","SPRINGFIELD","OR","97477","2022","12-FEB-21","2021","202102129427790341"
"H2IL17071","BUSTOS, CHERI","Democratic Party","DEM","House","H","Illinois","IL","17","WASHINGTON","DC","20035","2022","12-FEB-21","2021","202102129427772002"
"H2FL14053","FRANKEL, LOIS J.","Democratic Party","DEM","House","H","Florida","FL","21","BOCA RATON","FL","33481","2022","12-FEB-21","2021","202102129427772136"
"H0CA10149","GARAMENDI, JOHN","Democratic Party","DEM","House","H","California","CA","03","WASHINGTON","DC","20035","2022","12-FEB-21","2021","202102129427790268"
"H2SC07181","BAILEY, WILLIAM","Republican Party","REP","House","H","South Carolina","SC","07","LITTLE RIVER","SC","29566","2022","12-FEB-21","2021","202102129427771862"
"H8GA06393","MCBATH, LUCIA KAY MS.","Democratic Party","DEM","House","H","Georgia","GA","06","ROSWELL","GA","30075","2022","11-FEB-21","2021","202102119427674849"
"H2NC12203","LAWSIN, ROGELIO L","Republican Party","REP","House","H","North Carolina","NC","12","HUNTERSVILLE","NC","28078","2022","11-FEB-21","2021","202102119427761055"
"H8IL09067","SCHAKOWSKY, JANICE D","Democratic Party","DEM","House","H","Illinois","IL","09","EVANSTON","IL","60204","2022","11-FEB-21","2021","202102119427761224"
"H2AZ08169","HOLMES, JAMES THOMAS","Democratic Party","DEM","House","H","Arizona","AZ","08","GOODYEAR","AZ","85338","2022","11-FEB-21","2021","202102119427672093"
"H2GA02031","BISHOP, SANFORD","Democratic Party","DEM","House","H","Georgia","GA","02","COLUMBUS","GA","31902","2022","11-FEB-21","2021","202102119427673410"
"H8CO05171","MURPHY, MARCUS","Unaffiliated","UN","House","H","Colorado","CO","05","FOUNTAIN","CO","80817","2022","11-FEB-21","2021","202102170300370597"
"H8VA10106","WEXTON, JENNIFER","Democratic Party","DEM","House","H","Virginia","VA","10","STERLING","VA","20165","2022","11-FEB-21","2021","202102119427674803"
"H6IL08147","KRISHNAMOORTHI, S. RAJA","Democratic Party","DEM","House","H","Illinois","IL","08","SCHAUMBURG","IL","60168","2022","11-FEB-21","2021","202102119427674812"
"H8OH01043","CHABOT, STEVEN J","Republican Party","REP","House","H","Ohio","OH","01","CINCINNATI","OH","452117026","2022","11-FEB-21","2021","202102170300370814"
"H2OH14064","JOYCE, DAVID P","Republican Party","REP","House","H","Ohio","OH","14","CHAGRIN FALLS","OH","440224100","2022","11-FEB-21","2021","202102170300370678"
"H2MO03142","NICOLOFF, JOSH","Democratic Party","DEM","House","H","Missouri","MO","03","HERCULANEUM","MO","63048","2022","11-FEB-21","2021","202102119427674280"
"S2CA00971","TAYLOR, PAUL A MR","Republican Party","REP","Senate","S","California","CA","00","HAYWARD","CA","94541","2022","10-FEB-21","2021","202102109427655885"
"H2TX06202","MARKLAND, MONTGOMERY L","Republican Party","REP","House","H","Texas","TX","06","DALLAS","TX","75209","2021","10-FEB-21","2021","202102109427663163"
"H2CA27222","DEPAOLIS, GIULIANO GIOVANNI","No Party Affiliation","NPA","House","H","California","CA","27","SIERRA MADRE","CA","91024","2022","10-FEB-21","2021","202102109427653880"
"S2CA00963","AINSWORTH, BRIAN KEVIN","Republican Party","REP","Senate","S","California","CA","00","SANTEE","CA","92071","2022","10-FEB-21","2021","202102109427654404"
"H2WA03100","KENT, JOSEPH","Republican Party","REP","House","H","Washington","WA","03","YACOLT","WA","98675","2022","10-FEB-21","2021","202102109427653448"
"H2CO07154","FAUST, KYLE ALEXANDER","Democratic Party","DEM","House","H","Colorado","CO","07","DENVER","CO","80229","2022","10-FEB-21","2021","202102109427655802"
"H2GA11214","KILPATRICK, HEATHER","Democratic Party","DEM","House","H","Georgia","GA","11","LOGANVILLE","GA","30052","2022","10-FEB-21","2021","202102109427649324"
"H2MS01122","MCCAY, JAMES MARION MR. JR.","Other","OTH","House","H","Mississippi","MS","01","CORINTH","MS","38834","2022","10-FEB-21","2021","202102109427649350"
"H2TX34113","FLORES, MAYRA NOHEMI","Republican Party","REP","House","H","Texas","TX","34","LOS INDIOS","TX","78567","2022","10-FEB-21","2021","202102109427650430"
"H2NY11124","RAMOS DEBARROS, BRITTANY","Democratic Party","DEM","House","H","New York","NY","11","STATEN ISLAND","NY","10301","2022","10-FEB-21","2021","202102109427655776"
"H2CA48111","BALASINSKI, KRZYSZTOF CHRIS","Independent","IND","House","H","California","CA","48","NEWPORT BEACH","CA","92660","2022","09-FEB-21","2021","202102099427649044"
"H2TX02110","BILLAND, MICHAEL ALAN","Republican Party","REP","House","H","Texas","TX","02","HOUSTON","TX","77006","2022","09-FEB-21","2021","202102099427649045"
"H2SC07173","RICHARDSON, WILLIAM KENNETH","Republican Party","REP","House","H","South Carolina","SC","07","CONWAY","SC","29528","2022","09-FEB-21","2021","202102099427198609"
"H2GA14036","CONNER, LATEEFAH B.","Democratic Party","DEM","House","H","Georgia","GA","14","DALLAS","GA","30132","2022","09-FEB-21","2021","202102099427198608"
"H4CA11081","MCNERNEY, JERRY","Democratic Party","DEM","House","H","California","CA","09","STOCKTON","CA","95269","2022","09-FEB-21","2021","202102099427192234"
"H2CA10178","SIGALA, ANGELINA R","Democratic Party","DEM","House","H","California","CA","10","TRACY","CA","95304","2022","08-FEB-21","2021","202102089427098232"
"H8NC08109","HUFFMAN, SCOTT","Democratic Party","DEM","House","H","North Carolina","NC","13","CHARLOTTE","NC","28213","2022","08-FEB-21","2021","202102089427098372"
"H8PA05071","THOMPSON, GLENN MR.","Republican Party","REP","House","H","Pennsylvania","PA","15","HOWARD","PA","16841","2022","08-FEB-21","2021","202102089427098416"
"S2PA00356","MULHOLLAND, RICHARD","Republican Party","REP","Senate","S","Pennsylvania","PA","00","FRANKLIN","PA","16323","2022","08-FEB-21","2021","202102089427098513"
"H8NJ03073","PALLONE, FRANK JR","Democratic Party","DEM","House","H","New Jersey","NJ","06","LONG BRANCH","NJ","07740","2022","08-FEB-21","2021","202102089427098934"
"H2OH01178","REDDEN, SAVANNA","Democratic Party","DEM","House","H","Ohio","OH","01","LIBERTY TOWNSHIP","OH","45044","2022","08-FEB-21","2021","202102089427098942"
"H8OR05107","SCHRADER, KURT","Democratic Party","DEM","House","H","District Of Columbia","DC","00","CANBY","OR","97013","2022","08-FEB-21","2021","202102089427185923"
"H2LA05241","LANSDEN, ROBERT KENT","Republican Party","REP","House","H","Louisiana","LA","05","PONCHATOULA","LA","70454","2021","08-FEB-21","2021","202102089427148089"
"H2NV04086","JOHNSON, JOHN","No Party Affiliation","NPA","House","H","Nevada","NV","04","LAS VEGAS","NV","89121","2021","08-FEB-21","2021","202102089427148105"
"S2AR00073","LOFTIS, HEATH PASTOR","Republican Party","REP","Senate","S","Arkansas","AR","00","STUTTGART","AR","72160","2022","08-FEB-21","2021","202102089427149314"
"H2NM01235","ARAGON, EDDY","Republican Party","REP","House","H","New Mexico","NM","01","ALBUQUERQUE","NM","87106","2021","08-FEB-21","2021","202102089427149911"
"H0CA04175","KENNEDY, BRYNNE","Democratic Party","DEM","House","H","California","CA","04","ROCKLIN","CA","95677","2022","08-FEB-21","2021","202102089427150428"
"H6OR04047","DEFAZIO, PETER A","Democratic Party","DEM","House","H","Oregon","OR","04","SPRINGFIELD","OR","97477","2022","08-FEB-21","2021","202102089427158827"
"H4WV02080","MOONEY, ALEXANDER XAVIER","Republican Party","REP","House","H","West Virginia","WV","02","MARTINSBURG","MD","25402","2022","08-FEB-21","2021","202102089427100832"
"S2PA00349","NORTON, KYLE CHRISTOPHER","Democratic Party","DEM","Senate","S","Pennsylvania","PA","00","PHILADELPHIA","PA","19114","2022","07-FEB-21","2021","202102079427040433"
"H2AL04071","GADDIS, JOSHUA","Republican Party","REP","House","H","Alabama","AL","04","ARAB","AL","35016","2022","07-FEB-21","2021","202102079427040410"
"H8TN06078","MONDAY, CHRISTOPHER BRIAN","Unaffiliated","UN","House","H","Tennessee","TN","06","COOKEVILLE","TN","38501","2022","07-FEB-21","2021","202102079427040253"
"H2IL16099","PFAFF, TERESA MARIE","Republican Party","REP","House","H","Illinois","IL","16","MACHESNEY PARK","IL","61115","2022","06-FEB-21","2021","202102069427038464"
"H2CT02161","FRANCE, MIKE","Republican Party","REP","House","H","Connecticut","CT","02","GALES FERRY","CT","06335","2022","06-FEB-21","2021","202102069427038469"
"H8CO03234","ROUTLEDGE, ROOT","Democratic Party","DEM","House","H","Colorado","CO","03","DURANGO","CO","81302","2022","06-FEB-21","2021","202102069427038802"
"H0OH11122","SHABAZZ, TARIQ K.","Democratic Party","DEM","House","H","Ohio","OH","11","GATE MILLS","OH","44040","2021","06-FEB-21","2021","202102069427038895"
"H8IN07184","CARSON, ANDRE","Democratic Party","DEM","House","H","Indiana","IN","07","INDIANAPOLIS","IN","46206","2022","06-FEB-21","2021","202102069427038809"
"H2NJ06202","EUVIN, SHERRY LEANNE","Democratic Party","DEM","House","H","New Jersey","NJ","06","HIGHLAND PARK","NJ","08904","2022","06-FEB-21","2021","202102069427038865"
"H0OH11122","SHABAZZ, TARIQ K.","Democratic Party","DEM","House","H","Ohio","OH","11","GATE MILLS","OH","44040","2022","06-FEB-21","2021","202102069427038877"
"H2CA15094","SWALWELL, ERIC MICHAEL","Democratic Party","DEM","House","H","California","CA","15","DUBLIN","CA","94568","2022","06-FEB-21","2021","202102069427038803"
"H2CA38245","MOREIRA, ELIZABETH","Democratic Party","DEM","House","H","California","CA","38","NORWALK","CA","90650","2022","05-FEB-21","2021","202102059427034288"
"S2PA00331","ROSENFELD, MARTIN","Republican Party","REP","Senate","S","Pennsylvania","PA","00","WEEDVILLE","PA","15868","2022","05-FEB-21","2021","202102059427038439"
"H2CA23148","AMATO, BRUNO","Democratic Party","DEM","House","H","California","CA","23","BAKERSFIELD","CA","93390","2022","04-FEB-21","2021","202102049425017194"
"S6PA00274","FETTERMAN, JOHN KARL","Democratic Party","DEM","Senate","S","Pennsylvania","PA","00","BRADDOCK","PA","15104","2022","04-FEB-21","2021","202102049425032118"
"S0OK00354","ROGERS, BEVON","Democratic Party","DEM","Senate","S","Oklahoma","OK","00","HUGO","OK","74743","2022","04-FEB-21","2021","202102049425038320"
"H1SC01012","BURKS, COURTNEY YVONNE","Independent","IND","House","H","South Carolina","SC","01","MOUNT PLEASANT","SC","29464","2021","04-FEB-21","2021","202102090300367082"
"S2ID00111","GILBERT, JEREMY JOSEPH","Republican Party","REP","Senate","S","Idaho","ID","00","BOISE","ID","83703","2022","04-FEB-21","2021","202102049425073732"
"S2MO00478","SIFTON, SCOTT MR.","Democratic Party","DEM","Senate","S","Missouri","MO","00","ST LOUIS","MO","63104","2022","04-FEB-21","2021","202102049425080288"
"H6FL09187","GRAYSON, DENA MD, PHD MD, PHD","Democratic Party","DEM","House","H","Florida","FL","08","INDIALANTIC","FL","32903","2022","04-FEB-21","2021","202102049425043114"
"H2FL01217","YOUNG, ALEEM MR","Democratic Party","DEM","House","H","Florida","FL","01","INDIANAPOLIS","IN","46218","2021","03-FEB-21","2021","202102039424925510"
"H0GA06192","GREENE, MARJORIE TAYLOR MRS.","Republican Party","REP","House","H","Georgia","GA","14","MILTON","GA","30004","2022","03-FEB-21","2021","202102039424927282"
"H2FL17098","LAMBERT, DAN","Democratic Party","DEM","House","H","Florida","FL","17","NORTH PORT","FL","34288","2022","03-FEB-21","2021","202102039424928334"
"H2FL15092","RAMCHARRAN, LILAWATIE LILY MRS.","Democratic Party","DEM","House","H","Florida","FL","15","WINTER GARDEN","FL","34787","2022","03-FEB-21","2021","202102039425004368"
"H0CA32101","CHU, JUDY","Democratic Party","DEM","House","H","California","CA","27","ENCINO","CA","91436","2022","03-FEB-21","2021","202102039425003463"
"H2CA00104","LOWENTHAL, ALAN","Democratic Party","DEM","House","H","California","CA","47","LONG BEACH","CA","90803","2022","03-FEB-21","2021","202102039425003464"
"H2CO03211","DONOVAN, KERRY","Democratic Party","DEM","House","H","Colorado","CO","03","WOLCOTT","CO","81655","2022","03-FEB-21","2021","202102039425003531"
"H0PA03271","KELLY, GEORGE J JR","Republican Party","REP","House","H","Pennsylvania","PA","16","BUTLER","PA","16001","2022","03-FEB-21","2021","202102039425002920"
"H0TX13228","JACKSON, RONNY LYNN","Republican Party","REP","House","H","Texas","TX","13","AMARILLO","TX","79159","2022","02-FEB-21","2021","202102029424923619"
"H0NC03172","MURPHY, GREGORY FRANCIS DR.","Republican Party","REP","House","H","North Carolina","NC","03","GREENVILLE","NC","27835","2022","02-FEB-21","2021","202102029424923639"
"H6NC13129","BUDD, THEODORE P.","Republican Party","REP","House","H","North Carolina","NC","13","RALEIGH","NC","27624","2022","02-FEB-21","2021","202102029424923788"
"H2PA07088","TRAN, TUONG VI M","Democratic Party","DEM","House","H","Pennsylvania","PA","07","EASTON","PA","18042","2022","02-FEB-21","2021","202102029424923233"
"H2UT02324","STEWART, CHRIS","Republican Party","REP","House","H","Utah","UT","02","FARMINGTON","UT","840253304","2022","02-FEB-21","2021","202102029424913924"
"H0CO04197","MCCORKLE, ISAAC IAN","Democratic Party","DEM","House","H","Colorado","CO","04","PARKER","CO","80134","2022","02-FEB-21","2021","202102029424921932"
"H6CA24303","CARBAJAL, SALUD O.","Democratic Party","DEM","House","H","California","CA","24","SANTA BARBARA","CA","93102","2022","02-FEB-21","2021","202102029424923215"
"S2OH00329","LEIPOLD, MICHAEL D MR. SR.","Republican Party","REP","Senate","S","Ohio","OH","00","XENIA","OH","45385","2022","02-FEB-21","2021","202102029424913539"
"H2FL04146","GARNER-LOPEZ, LEIGHA","Republican Party","REP","House","H","Florida","FL","04","PONTE VEDRA BEACH","FL","32082","2022","01-FEB-21","2021","202102019424746117"
"H2CA06309","JEDEIKIN, MATHEW RAY","Independent","IND","House","H","California","CA","06","SACRAMENTO","CA","95818","2022","01-FEB-21","2021","202102019424747136"
"H2OK01168","SWOBODA, JOHN PATRICK","Democratic Party","DEM","House","H","Oklahoma","OK","01","TULSA","OK","74133","2021","01-FEB-21","2021","202102019424886566"
"H0FL08208","WEBSTER, DANIEL","Republican Party","REP","House","H","Florida","FL","11","WEBSTER","FL","33597","2022","01-FEB-21","2021","202102019424747179"
"H2CA12182","ROBERTS, JOSEPH C MR.","Republican Party","REP","House","H","California","CA","12","SAN FRANCISCO","CA","94102","2022","01-FEB-21","2021","202102019424885675"
"H8FL15107","POSEY, BILL","Republican Party","REP","House","H","Florida","FL","08","MELBOURNE","FL","32941","2022","01-FEB-21","2021","202102019424747178"
"S4OR00156","PERKINS, JO RAE","Republican Party","REP","Senate","S","Oregon","OR","00","ALBANY","OR","97321","2022","31-JAN-21","2021","202101319424719984"
"H0LA05070","CHRISTOPHE, SANDRA","Democratic Party","DEM","House","H","Louisiana","LA","05","ALEXANDRIA","LA","71302","2021","31-JAN-21","2021","202101319423672471"
"H6FL08213","GRAYSON, ALAN MARK","Democratic Party","DEM","House","H","Florida","FL","28","ORLANDO","FL","328375509","2022","31-JAN-21","2021","202101319418483252"
"H2MS04233","JOHNSON, ALDEN PATRICK MR.","Libertarian Party","LIB","House","H","Mississippi","MS","04","PETAL","MS","39465","2022","31-JAN-21","2021","202101319423767104"
"S2FL00490","MIGUEL, LUIS","Republican Party","REP","Senate","S","Florida","FL","00","ST. AUGUSTINE","FL","32084","2022","31-JAN-21","2021","202101319418501973"
"H4MI07103","WALBERG, TIMOTHY L REP","Republican Party","REP","House","H","Michigan","MI","07","TIPTON","MI","492879807","2022","31-JAN-21","2021","202101319418633111"
"H4LA06153","GRAVES, GARRET","Republican Party","REP","House","H","Louisiana","LA","06","BATON ROUGE","LA","70896","2022","31-JAN-21","2021","202101319418641394"
"H8NJ03206","KIM, ANDY","Democratic Party","DEM","House","H","New Jersey","NJ","03","MARLTON","NJ","08053","2022","31-JAN-21","2021","202101319418498016"
"H8NY19181","DELGADO, ANTONIO","Democratic Party","DEM","House","H","New York","NY","19","RHINEBECK","NY","12572","2022","30-JAN-21","2021","202101309418333594"
"H8CT01046","LARSON, JOHN B","Democratic Party","DEM","House","H","Connecticut","CT","01","EAST HARTFORD","CT","06108","2022","30-JAN-21","2021","202101309418350587"
"H8CT05245","HAYES, JAHANA","Democratic Party","DEM","House","H","Connecticut","CT","05","WATERBURY","CT","06721","2022","30-JAN-21","2021","202101309418333490"
"H2OH11193","SMITH, SHIRLEY A MS","Democratic Party","DEM","House","H","Ohio","OH","11","CLEVELAND","OH","44121","2021","30-JAN-21","2021","202101309418297758"
"H2CO03203","SMITH, GREGG HARRISON","Democratic Party","DEM","House","H","Colorado","CO","03","WESTCLIFFE","CO","81252","2022","30-JAN-21","2021","202101309418317127"
"H0SC03077","DUNCAN, JEFFREY D MR.","Republican Party","REP","House","H","South Carolina","SC","03","LAURENS","SC","293600845","2022","30-JAN-21","2021","202101309418290680"
"H0FL24205","SPICER, LAVERN","Republican Party","REP","House","H","Florida","FL","24","MIAMI","FL","33150","2022","29-JAN-21","2021","202101299417678627"
"H2NM01227","FERNANDEZ, FRANCISCO","Democratic Party","DEM","House","H","New Mexico","NM","01","ALBUQUERQUE","NM","87120","2021","29-JAN-21","2021","202101299417677376"
"H2IL16081","LOMBARDI, JACK MR II","Republican Party","REP","House","H","Illinois","IL","16","MANHATTAN","IL","60442","2022","29-JAN-21","2021","202101299418051594"
"H6AK00045","YOUNG, DONALD E","Republican Party","REP","House","H","Alaska","AK","00","ANCHORAGE","AK","995100298","2022","29-JAN-21","2021","202101299418186691"
"H2FL23104","YOUNG, RUBIN MR.","Republican Party","REP","House","H","Florida","FL","23","MIAMI","FL","33127","2022","29-JAN-21","2021","202101299418236421"
"H8SC04250","TIMMONS, WILLIAM R IV","Republican Party","REP","House","H","South Carolina","SC","04","GREENVILLE","SC","296023416","2022","29-JAN-21","2021","202101299418255821"
"H6NE02125","BACON, DONALD J","Republican Party","REP","House","H","Nebraska","NE","02","OMAHA","NE","681391368","2022","29-JAN-21","2021","202101299418255822"
"H6CO05159","LAMBORN, DOUGLAS","Republican Party","REP","House","H","Colorado","CO","05","COLORADO SPRINGS","CO","80962","2022","29-JAN-21","2021","202101299418255953"
"H4NC10047","MCHENRY, PATRICK TIMOTHY","Republican Party","REP","House","H","North Carolina","NC","10","DENVER","NC","280378018","2022","29-JAN-21","2021","202101299418255954"
"H0NY02234","GARBARINO, ANDREW","Republican Party","REP","House","H","New York","NY","02","BAYPORT","NY","11705","2022","29-JAN-21","2021","202101299418256609"
"H0MI06202","SOLIS, JERRY","Republican Party","REP","House","H","Michigan","MI","06","THREE RIVERS","MI","49093","2022","29-JAN-21","2021","202101299413884957"
"H2GA14028","TRAMBAUER-SMITH, BRITTANY","Democratic Party","DEM","House","H","Georgia","GA","14","DALLAS","GA","30132","2022","29-JAN-21","2021","202101299413959598"
"H2IL18061","SWANSON, MICHAEL A","Democratic Party","DEM","House","H","Illinois","IL","18","BLOOMINGTON","IL","61704","2022","29-JAN-21","2021","202101299413967603"
"H6CO01141","DEGETTE, DIANA L","Democratic Party","DEM","House","H","Colorado","CO","01","DENVER","CO","80206","2022","29-JAN-21","2021","202101299413968308"
"H0IN08114","BUCSHON, LARRY D.","Republican Party","REP","House","H","Indiana","IN","08","NEWBURGH","IN","47629","2022","29-JAN-21","2021","202101299413970079"
"H0NC11233","CAWTHORN, DAVID MADISON","Republican Party","REP","House","H","North Carolina","NC","11","HENDERSONVILLE","NC","28791","2022","29-JAN-21","2021","202101299417668896"
"H0TX32087","COLLINS, GENEVIEVE D","Republican Party","REP","House","H","Texas","TX","32","DALLAS","TX","75206","2022","29-JAN-21","2021","202101299418047083"
"H8CA10126","HARDER, JOSH","Democratic Party","DEM","House","H","California","CA","10","MODESTO","CA","95352","2022","28-JAN-21","2021","202101289413587182"
"H8NC13067","MANNING, KATHY","Democratic Party","DEM","House","H","North Carolina","NC","06","GREENSBORO","NC","27404","2022","28-JAN-21","2021","202101289413587257"
"H0NC02125","ROSS, DEBORAH","Democratic Party","DEM","House","H","North Carolina","NC","02","RALEIGH","NC","27611","2022","28-JAN-21","2021","202101289413587372"
"H4NC12100","ADAMS, ALMA SHEALEY","Democratic Party","DEM","House","H","North Carolina","NC","12","CHARLOTTE","NC","28202","2022","28-JAN-21","2021","202101289413587374"
"H2OR01133","BONAMICI, SUZANNE MS.","Democratic Party","DEM","House","H","Oregon","OR","01","BEAVERTON","OR","97075","2022","28-JAN-21","2021","202101289413587387"
"H4PA13199","BOYLE, BRENDAN F","Democratic Party","DEM","House","H","Pennsylvania","PA","02","PHILADELPHIA","PA","19115","2022","28-JAN-21","2021","202101289413587392"
"H2OK02083","MULLIN, MARKWAYNE MR.","Republican Party","REP","House","H","Oklahoma","OK","02","WESTVILLE","OK","74965","2022","28-JAN-21","2021","202101289413837910"
"H2NJ11137","BROTSCHOL, HILLERY","Republican Party","REP","House","H","New Jersey","NJ","11","LAKE HIAWATHA","NJ","07034","2022","28-JAN-21","2021","202101289413596279"
"H6LA04138","JOHNSON, JAMES MICHAEL","Republican Party","REP","House","H","Louisiana","LA","04","BENTON","LA","710069331","2022","28-JAN-21","2021","202101289413596618"
"H4OK06056","LUCAS, FRANK D.","Republican Party","REP","House","H","Oklahoma","OK","03","CHEYENNE","OK","73628","2022","28-JAN-21","2021","202101289413711175"
"H0NC09187","BISHOP, JAMES DANIEL","Republican Party","REP","House","H","North Carolina","NC","09","CHARLOTTE","NC","28211","2022","28-JAN-21","2021","202101289413718141"
"H2NC01222","SPRIGGS, JASON ALBERT","Democratic Party","DEM","House","H","North Carolina","NC","01","HENDERSON","NC","27536","2022","28-JAN-21","2021","202101289413834430"
"H0FL09081","OLSON, WILLIAM","Republican Party","REP","House","H","Florida","FL","09","DAVENPORT","FL","22837","2022","28-JAN-21","2021","202101289413587902"
"S2OH00311","MUSICK, ZACHARY THOMAS HOWARD","Republican Party","REP","Senate","S","Ohio","OH","00","CHILLICOTHE","OH","45601","2022","27-JAN-21","2021","202101279413424532"
"H2TX32091","MARKLAND, MONTGOMERY (OPTIONAL)","Republican Party","REP","House","H","Texas","TX","32","DALLAS","TX","75209","2022","27-JAN-21","2021","202101279413424699"
"H2TX08109","ATENCIO, RUDY A","Republican Party","REP","House","H","Texas","TX","08","CONROE","TX","77305","2022","27-JAN-21","2021","202101279413429617"
"H6CA22125","MCCARTHY, KEVIN","Republican Party","REP","House","H","California","CA","23","BAKERSFIELD","CA","933892667","2022","27-JAN-21","2021","202101279413431228"
"H8WI01156","STEIL, BRYAN GEORGE","Republican Party","REP","House","H","Wisconsin","WI","01","JANESVILLE","WI","535469389","2022","27-JAN-21","2021","202101279413451072"
"H0NY11078","MALLIOTAKIS, NICOLE","Republican Party","REP","House","H","New York","NY","11","STATEN ISLAND","NY","10308","2022","27-JAN-21","2021","202101279413438002"
"H8CA39190","COX, STEVE","Independent","IND","House","H","California","CA","39","CHINO","CA","91710","2022","27-JAN-21","2021","202101279413438775"
"H2MD01220","MIZEUR, HEATHER RENAY","Democratic Party","DEM","House","H","Maryland","MD","01","CHESTERTOWN","MD","21620","2022","27-JAN-21","2021","202101279413446757"
"H4NC01046","BUTTERFIELD, GEORGE KENNETH","Democratic Party","DEM","House","H","North Carolina","NC","01","RALEIGH","NC","27601","2022","27-JAN-21","2021","202101279413432726"
"H6NY18161","MCCLINTON, SAKIMA","Democratic Party","DEM","House","H","New York","NY","18","POUGHKEEPSIE","NY","12603","2022","26-JAN-21","2021","202101269413358880"
"H0CA22102","ARBALLO, PHIL","Democratic Party","DEM","House","H","California","CA","22","FRESNO","CA","93650","2022","26-JAN-21","2021","202101269413359153"
"H6KY01110","COMER, JAMES","Republican Party","REP","House","H","Kentucky","KY","01","TOMPKINSVILLE","KY","421671553","2022","26-JAN-21","2021","202101269413387105"
"H2SC07066","RICE, TOM","Republican Party","REP","House","H","South Carolina","SC","07","MYRTLE BEACH","SC","295772541","2022","26-JAN-21","2021","202101269413387413"
"H2CA39136","CHEN, JAY","Democratic Party","DEM","House","H","California","CA","39","HACIENDA HEIGHTS","CA","91745","2022","26-JAN-21","2021","202101269413409398"
"H0OH15131","KILGORE, DANIEL MCARTHUR MR.","Democratic Party","DEM","House","H","Ohio","OH","15","COLUMBUS","OH","43213","2022","26-JAN-21","2021","202101269413392939"
"H2NM01219","LOUIS, GEORGENE","Democratic Party","DEM","House","H","New Mexico","NM","01","ALBUQUERQUE","NM","87121","2021","26-JAN-21","2021","202101269413407837"
"H4NY24073","KATKO, JOHN M","Republican Party","REP","House","H","New York","NY","24","CAMILLUS","NY","130318646","2022","26-JAN-21","2021","202101269413408468"
"H0VA04064","BENJAMIN, LEON MR. SR.","Republican Party","REP","House","H","Virginia","VA","04","RICHMOND","VA","23224","2022","26-JAN-21","2021","202101269413409207"
"S2NC00356","JACKSON, JEFF","Democratic Party","DEM","Senate","S","North Carolina","NC","00","CHARLOTTE","NC","28226","2022","26-JAN-21","2021","202101269413389684"
"H2LA02206","BERNARD, CLASTON","Republican Party","REP","House","H","Louisiana","LA","02","GONZALES","LA","70737","2021","25-JAN-21","2021","202101259405396185"
"H2NM01201","GUERRERO, SELINDA","Democratic Party","DEM","House","H","New Mexico","NM","01","ALBUQUERQUE","NM","87102","2021","25-JAN-21","2021","202101259413356631"
"H0MD01232","MASON, MIA","Democratic Party","DEM","House","H","Maryland","MD","01","FREDERICK","MD","21701","2022","25-JAN-21","2021","202101259405397838"
"H8CA39240","KIM, YOUNG","Republican Party","REP","House","H","California","CA","39","LA HABRA","CA","90631","2022","25-JAN-21","2021","202101259413342130"
"H2NM01193","ROYBAL CABALLERO, PATRICIA","Democratic Party","DEM","House","H","New Mexico","NM","01","ALBUQUERQUE","NM","87195","2021","25-JAN-21","2021","202101259413344179"
"H2TX26093","BURGESS, MICHAEL C. DR.","Republican Party","REP","House","H","Texas","TX","26","DENTON","TX","762022334","2022","25-JAN-21","2021","202101259413352044"
"H8TX27049","CLOUD, MICHAEL","Republican Party","REP","House","H","Texas","TX","27","VICTORIA","TX","77903","2022","25-JAN-21","2021","202101259413352062"
"H0KY05015","ROGERS, HAROLD DALLAS","Republican Party","REP","House","H","Kentucky","KY","05","SOMERSET","KY","42502","2022","25-JAN-21","2021","202101259413352068"
"H4AZ06045","SCHWEIKERT, DAVID S.","Republican Party","REP","House","H","Arizona","AZ","06","FOUNTAIN HILLS","AZ","852684331","2022","25-JAN-21","2021","202101259413352126"
"H2CA21183","MATHYS, CHRIS","Republican Party","REP","House","H","California","CA","21","FIREBAUGH","CA","93622","2022","25-JAN-21","2021","202101259413355328"
"H0TX11230","PFLUGER, AUGUST LEE II","Republican Party","REP","House","H","Texas","TX","11","SAN ANGELO","TX","76902","2022","25-JAN-21","2021","202101259413355395"
"H8PA13125","JOYCE, JOHN","Republican Party","REP","House","H","Pennsylvania","PA","13","HOLLIDAYSBURG","PA","16648","2022","25-JAN-21","2021","202101259405392649"
"H8MD06143","MILLER, ARUNA","Democratic Party","DEM","House","H","Maryland","MD","06","GAITHERSBURG","MD","20885","2022","25-JAN-21","2021","202101259405395339"
"H2CT01205","HREZI, MUAD","Democratic Party","DEM","House","H","Connecticut","CT","01","HARTFORD","CT","06132","2022","25-JAN-21","2021","202101259405395733"
"H2LA05142","SMITH, SANCHA","Republican Party","REP","House","H","Louisiana","LA","05","OPELOUSAS","LA","70570","2021","25-JAN-21","2021","202101259405396157"
"H0CA26145","KENNEDY, RONDA","Republican Party","REP","House","H","California","CA","26","OAK PARK","CA","91377","2022","25-JAN-21","2021","202101259413356532"
"S2OH00303","MOUSOURAKIS, SHAWN","Veterans Party","VET","Senate","S","Ohio","OH","00","MEDINA","OH","44256","2022","25-JAN-21","2021","202101259405397610"
"H0WA03187","HERRERA BEUTLER, JAIME","Republican Party","REP","House","H","Washington","WA","03","RIDGEFIELD","WA","986420020","2022","24-JAN-21","2021","202101249405392113"
"H2OH05047","BADDAR, YOUSEFF MILAD","Independent","IND","House","H","Ohio","OH","05","TOLEDO","OH","43615","2022","24-JAN-21","2021","202101249405280757"
"H2LA02198","MCCONNELL, MINDY","Libertarian Party","LIB","House","H","Louisiana","LA","02","NEW ORLEANS","LA","70124","2021","23-JAN-21","2021","202101239405277518"
"H2TX12085","HUNT, TREY JOSEPH","Democratic Party","DEM","House","H","Texas","TX","12","FORT WORTH","TX","76132","2021","23-JAN-21","2021","202101239405280179"
"S2WI00334","BATTINO, GILLIAN M.D.","Democratic Party","DEM","Senate","S","Wisconsin","WI","00","WAUSAU","WI","54401","2022","23-JAN-21","2021","202101239405280143"
"H2LA02180","JOHNSON, JORDAN MR.","Democratic Party","DEM","House","H","Louisiana","LA","02","GRETNA","LA","70056","2021","22-JAN-21","2021","202101229405270143"
"S2PA00323","DEBELLIS, JOHN","Republican Party","REP","Senate","S","Pennsylvania","PA","00","MOON TOWNSHIP","PA","15108","2022","22-JAN-21","2021","202101229405270297"
"H0CA28174","PUDLO, G MAEBE A. GIRL","Democratic Party","DEM","House","H","California","CA","28","TOLUCA LAKE","CA","91610","2022","22-JAN-21","2021","202101229405271760"
"H2SC07165","KITE, GEORHE WILLIAM","Republican Party","REP","House","H","South Carolina","SC","07","CONWAY","SC","29526","2022","22-JAN-21","2021","202101229405271804"
"H2CA26133","JACOBS, MATTHEW MR.","Republican Party","REP","House","H","California","CA","26","THOUSAND OAKS","CA","91359","2022","21-JAN-21","2021","202101219405265504"
"H0UT04076","OWENS, BURGESS","Republican Party","REP","House","H","Utah","UT","04","RIVERTON","UT","84065","2022","21-JAN-21","2021","202101219405251733"
"H2CT02112","COURTNEY, JOSEPH","Democratic Party","DEM","House","H","Connecticut","CT","02","VERNON","CT","06066","2022","21-JAN-21","2021","202101219405252306"
"S2OR00127","BARLOW, WILLIAM EDWARD MR. III","Democratic Party","DEM","Senate","S","Oregon","OR","00","MCMINNVILLE","OR","97128","2022","21-JAN-21","2021","202101219405262986"
"H2NY20109","MATTHEWS, COLE FRANCIS MR.","Democratic Party","DEM","House","H","New York","NY","20","ALBANY","NY","12210","2022","21-JAN-21","2021","202101219405259369"
"H2AZ05157","LARIVEE, BENJAMIN","Democratic Party","DEM","House","H","Arizona","AZ","05","CHANDLER","AZ","85225","2022","21-JAN-21","2021","202101219405260597"
"H2NM01185","LUND, SHERIDAN JOSHUA","Democratic Party","DEM","House","H","New Mexico","NM","01","ABQ","NM","87109","2022","21-JAN-21","2021","202101219405262583"
"H8OH12180","BALDERSON, WILLIAM TROY","Republican Party","REP","House","H","Ohio","OH","12","ZANESVILLE","OH","437011955","2022","21-JAN-21","2021","202101219405258170"
"H8MN08043","STAUBER, PETER ALLEN","Republican Party","REP","House","H","Minnesota","MN","08","HERMANTOWN","MN","55811","2022","20-JAN-21","2021","202101209405251251"
"H2WY00158","BOUCHARD, ANTHONY","Republican Party","REP","House","H","Wyoming","WY","00","CHEYENNE","WY","82007","2022","20-JAN-21","2021","202101209405237816"
"H2CO03195","WILHELM, COLIN","Democratic Party","DEM","House","H","Colorado","CO","03","GLENWOOD SPRGINS","CO","81602","2022","20-JAN-21","2021","202101209405239125"
"H0FL15104","FRANKLIN, SCOTT MR.","Republican Party","REP","House","H","Florida","FL","15","LAKELAND","FL","33806","2022","20-JAN-21","2021","202101209405239475"
"H2WY01016","SELVIG, MARISSA JOY","Republican Party","REP","House","H","Wyoming","WY","00","RIVERTON","WY","82501","2022","20-JAN-21","2021","202101209405241075"
"H2OH11185","BARNES, JOHN E JR","Democratic Party","DEM","House","H","Ohio","OH","11","WARRENSVILLE HEIGHTS","OH","44128","2021","20-JAN-21","2021","202101209405250280"
"H2LA02172","ARDOIN, CHELSEA","Republican Party","REP","House","H","Louisiana","LA","02","NEW ORLEANS","LA","70177","2021","20-JAN-21","2021","202101209405242252"
"H2AZ02303","MITCHELL, MARISSA M","Republican Party","REP","House","H","Arizona","AZ","02","TUCSON","AZ","85741","2022","20-JAN-21","2021","202101209405242275"
"S2NC00349","BORGHESE, RENE","Republican Party","REP","Senate","S","North Carolina","NC","00","EFLAND","NC","27243","2022","20-JAN-21","2021","202101209405242733"
"H2WY01024","KELLER, BRYAN EUGENE MR.","Republican Party","REP","House","H","Wyoming","WY","00","CHEYENNE","WY","82001","2022","20-JAN-21","2021","202101209405248121"
"H2TX35110","FEWINGS, DANIELLE AMELIA","Democratic Party","DEM","House","H","Texas","TX","35","AUSTIN","TX","78747","2022","20-JAN-21","2021","202101209405249954"
"H2RI01202","WATERS, ALLEN R","Republican Party","REP","House","H","Rhode Island","RI","01","PROVIDENCE","RI","02940","2022","20-JAN-21","2021","202101209405242251"
"H2TX33073","VEASEY, MARC ALLISON","Democratic Party","DEM","House","H","Texas","TX","33","FORT WORTH","TX","76105","2022","19-JAN-21","2021","202101199405155352"
"H0NY09080","JAMES, ISIAH","Democratic Party","DEM","House","H","New York","NY","09","BROOKLYN","NY","11234","2022","19-JAN-21","2021","202101199405155386"
"H0FL19106","BANYAI, CINDY LYN","Democratic Party","DEM","House","H","Florida","FL","19","FORT MYERS","FL","33901","2022","19-JAN-21","2021","202101199405156654"
"H4AZ07043","GALLEGO, RUBEN","Democratic Party","DEM","House","H","Arizona","AZ","07","PHOENIX","AZ","85001","2022","19-JAN-21","2021","202101199405168090"
"H2NJ02193","ALEXANDER, TIMOTHY C","Democratic Party","DEM","House","H","New Jersey","NJ","02","GALLOWAY","NJ","08205","2022","19-JAN-21","2021","202101199405237450"
"H2VA07147","BARVE, GAUTAM GARY MR","Republican Party","REP","House","H","Virginia","VA","07","LYNCHBURG","VA","24502","2022","19-JAN-21","2021","202101199405236001"
"H8AZ09040","STANTON, GREG","Democratic Party","DEM","House","H","Arizona","AZ","09","PHOENIX","AZ","85018","2022","19-JAN-21","2021","202101199405236007"
"H0CT03072","DELAURO, ROSA L","Democratic Party","DEM","House","H","Connecticut","CT","03","NEW HAVEN","CT","06510","2022","19-JAN-21","2021","202101199405236655"
"H0CA22110","GARCIA, ERIC","Democratic Party","DEM","House","H","California","CA","22","CLOVIS","CA","93611","2022","19-JAN-21","2021","202101199405236705"
"H2CA52147","HOSANNA, JUDAH","Republican Party","REP","House","H","California","CA","52","SAN DIEGO","CA","92101","2022","19-JAN-21","2021","202101199405235986"
"H2CA28154","BRAUN, JONATHAN","Democratic Party","DEM","House","H","California","CA","28","LOS ANGELES","CA","91325","2022","18-JAN-21","2021","202101189405150812"
"S0GA00559","WARNOCK, RAPHAEL","Democratic Party","DEM","Senate","S","Georgia","GA","00","DECATUR","GA","30031","2022","18-JAN-21","2021","202101189405151262"
"H2PA18184","WEBSTER, JAKE D","Democratic Party","DEM","House","H","Pennsylvania","PA","18","PITTSBURGH","PA","15203","2022","18-JAN-21","2021","202101189405153447"
"H4PA18131","DOYLE, MICHAEL","Democratic Party","DEM","House","H","Pennsylvania","PA","18","PITTSBURGH","PA","152214400","2022","18-JAN-21","2021","202101189405153193"
"S2NC00331","DAVENPORT, KEITH","Democratic Party","DEM","Senate","S","North Carolina","NC","00","WELCOME","NC","27374","2022","18-JAN-21","2021","202101189405153206"
"H2LA02164","ONTIVEROS, DESIREE","Democratic Party","DEM","House","H","Louisiana","LA","02","NEW ORLEANS","LA","70116","2021","18-JAN-21","2021","202101189405152834"
"H2AL03032","ROGERS, MICHAEL","Republican Party","REP","House","H","Alabama","AL","03","ANNISTON","AL","36201","2022","17-JAN-21","2021","202101179405150665"
"P20005534","PARHAM, NICHOLAS","Independent","IND","President","P","United States","00","00","THIBODAUX","LA","70301","2021","17-JAN-21","2021","202101179405150806"
"S2LA00127","PARHAM, NICHOLAS","Independent","IND","Senate","S","Louisiana","LA","00","THIBODAUX","LA","70301","2021","17-JAN-21","2021","202101179405150804"
"H2NY09136","GREEN, STEVEN LEWIS MR.","Democratic Party","DEM","House","H","New York","NY","09","LOS ANGELES","CA","90003","2022","17-JAN-21","2021","202101179405150735"
"H2WA22019","SCOTT(D), CHARLIE (CHARLES) LEE SEN SR","Democratic Party","DEM","House","H","Washington","WA","22","SUFFOLK","VA","23435","2022","16-JAN-21","2021","202101169405150526"
"H2WI08063","VANDENPLAS, JACOB JOHN","Libertarian Party","LIB","House","H","Wisconsin","WI","08","STURGEON BAY","WI","54235","2022","16-JAN-21","2021","202101169405150527"
"H2NM01219","LOUIS, GEORGENE","Unknown","","House","H","New Mexico","NM","","","","","2022","16-JAN-21","2021","202102040300365154"
"H2TX22167","BERG, MATTHEW RICHARD MR.","Unknown","UNK","House","H","Texas","TX","22","MISSOURI CITY","TX","77459","2022","16-JAN-21","2021","202101169405150237"
"H2CA30291","AAZAMI, SHERVIN","Democratic Party","DEM","House","H","California","CA","30","WEST HILLS","CA","91308","2022","16-JAN-21","2021","202101169405149689"
"H2TN05131","COOPER, JAMES","Democratic Party","DEM","House","H","Tennessee","TN","05","NASHVILLE","TN","37215","2022","15-JAN-21","2021","202101250300363081"
"H2IN08151","WHITLEY, GABRIEL MATHEW","Republican Party","REP","House","H","Indiana","IN","08","EVANSVILLE","IN","47711","2022","15-JAN-21","2021","202101159404711281"
"H0FL19080","DEUTCH, THEODORE ELIOT","Democratic Party","DEM","House","H","Florida","FL","22","BOCA RATON","FL","33434","2022","15-JAN-21","2021","202101159404716704"
"H0CA03078","BERA, AMERISH","Democratic Party","DEM","House","H","California","CA","07","ELK GROVE","CA","95758","2022","15-JAN-21","2021","202101159404716718"
"H8CA41170","SMITH, AJA","Republican Party","REP","House","H","California","CA","41","MORENO VALLEY","CA","92551","2022","15-JAN-21","2021","202102040300365716"
"H0PA07132","SCHELLER, LISA","Republican Party","REP","House","H","Pennsylvania","PA","07","ALLENTOWN","PA","18106","2022","15-JAN-21","2021","202101159405147957"
"H0MD01224","PINGLEY, JENNIFER","Democratic Party","DEM","House","H","Maryland","MD","01","ELKTON","MD","21921","2022","15-JAN-21","2021","202101159405148208"
"H2LA05134","CONERLY, CHAD","Republican Party","REP","House","H","Louisiana","LA","05","KENTWOOD","LA","70444","2021","15-JAN-21","2021","202101159405148483"
"H2NY06116","MENG, GRACE","Democratic Party","DEM","House","H","New York","NY","06","FRESH MEADOWS","NY","11365","2022","15-JAN-21","2021","202101159405147144"
"S2FL00482","ABUD, EDWARD","Democratic Party","DEM","Senate","S","Florida","FL","00","KISSIMMEE","FL","34746","2022","14-JAN-21","2021","202101149398673547"
"H8OH05036","LATTA, ROBERT EDWARD","Republican Party","REP","House","H","Ohio","OH","05","BOWLING GREEN","OH","434025211","2022","14-JAN-21","2021","202101250300363478"
"H0MI03266","NORTON, THOMAS JOHN","Republican Party","REP","House","H","Michigan","MI","03","ADA","MI","48301","2022","14-JAN-21","2021","202101149398674507"
"S2CO00159","HENRY, JULI","Republican Party","REP","Senate","S","Colorado","CO","00","COLORADO SPRINGS","CO","80925","2022","14-JAN-21","2021","202101149398675808"
"H2LA05126","LETLOW, JULIA","Republican Party","REP","House","H","Louisiana","LA","05","OAK RIDGE","LA","71264","2021","14-JAN-21","2021","202101149404560329"
"S2IL00143","SALINAS, ALLISON","Republican Party","REP","Senate","S","Illinois","IL","00","PEKIN","IL","61554","2022","14-JAN-21","2021","202101149404562828"
"H2IL16073","KOPROWSKI, GENE REV.","Republican Party","REP","House","H","Illinois","IL","16","CHAMPAIGN","IL","61821","2022","14-JAN-21","2021","202101149404562843"
"H2OH14098","KELLEY, BRENDEN P.","Democratic Party","DEM","House","H","Ohio","OH","14","NOVELTY","OH","44072","2022","14-JAN-21","2021","202101149404563162"
"H2AZ09134","JACKSON, JANA JACKSON","Republican Party","REP","House","H","Arizona","AZ","09","PHOENIX","AZ","85032","2022","14-JAN-21","2021","202101149404565407"
"H8CA09060","LEE, BARBARA","Democratic Party","DEM","House","H","California","CA","13","OAKLAND","CA","94621","2022","14-JAN-21","2021","202101149404567976"
"H8MI09118","LEVIN, ANDY","Democratic Party","DEM","House","H","Michigan","MI","09","CLINTON TOWNSHIP","MI","48038","2022","14-JAN-21","2021","202101149404571925"
"H2CA12174","DENNIS, JOHN","Republican Party","REP","House","H","California","CA","12","SAN FRANCISCO","CA","94123","2022","14-JAN-21","2021","202101149404572079"
"H2NJ12127","MAYFIELD, DARIUS","Republican Party","REP","House","H","New Jersey","NJ","12","EAST BRUNSWICK","NJ","08816","2021","14-JAN-21","2021","202101149404572192"
"H2IN06288","TEETERS, BARTON WAYNE","Democratic Party","DEM","House","H","Indiana","IN","06","LYNN","IN","47355","2022","14-JAN-21","2021","202101149404703584"
"H8RI01092","WYSOCKI, FREDERICK","Republican Party","REP","House","H","Rhode Island","RI","01","WOONSOCKET","RI","02895","2022","14-JAN-21","2021","202101149404703585"
"H6NJ13191","SIRES, ALBIO","Democratic Party","DEM","House","H","New Jersey","NJ","08","WEST NEW YORK","NJ","07093","2022","14-JAN-21","2021","202101149398674104"
"H2TX22159","EVANS, EUGENE","Democratic Party","DEM","House","H","Texas","TX","22","MANVEL","TX","77578","2022","13-JAN-21","2021","202101139398461914"
"S2OH00295","TAYLOR, SHANNON MARIE","Libertarian Party","LIB","Senate","S","Ohio","OH","00","NEWARK","OH","43055","2022","13-JAN-21","2021","202101139398671464"
"S2WI00326","SPENCER, BRADFORD","Independent","IND","Senate","S","Wisconsin","WI","00","MILWAUKEE","WI","53202","2022","13-JAN-21","2021","202101139398669106"
"S2FL00474","LOUBRIEL, JAKE PHILIP","Republican Party","REP","Senate","S","Florida","FL","00","FORT LAUDERDALE","FL","33312","2022","13-JAN-21","2021","202101139398461939"
"H2OH15111","MCKENZIE, ELIZABETH GRACE MS","Unaffiliated","UN","House","H","Ohio","OH","15","LAURELVILLE","OH","43135","2022","12-JAN-21","2021","202101129398405930"
"H2NC05157","HINES, ROBERT NICHOLAS","Republican Party","REP","House","H","North Carolina","NC","05","MORGANTON","NC","28655","2022","12-JAN-21","2021","202101129398407368"
"H4WA05077","MCMORRIS RODGERS, CATHY","Republican Party","REP","House","H","Washington","WA","05","SPOKANE","WA","99203","2022","12-JAN-21","2021","202101129398407233"
"H2SC02059","WILSON, JOE THE HON.","Republican Party","REP","House","H","South Carolina","SC","02","WEST COLUMBIA","SC","291712145","2022","12-JAN-21","2021","202101129398407211"
"H6FL13197","WALKER, KIMBERLY H MS","Democratic Party","DEM","House","H","Florida","FL","12","HUDSON","FL","34669","2022","11-JAN-21","2021","202101119398389420"
"H4AR02141","HILL, JAMES FRENCH","Republican Party","REP","House","H","Arkansas","AR","02","LITTLE ROCK","AR","72217","2022","11-JAN-21","2021","202101119398387124"
"H2CA28113","CARDENAS, TONY","Democratic Party","DEM","House","H","California","CA","29","WASHINGTON","DC","20003","2022","11-JAN-21","2021","202101119398404838"
"H8CT04172","HIMES, JIM","Democratic Party","DEM","House","H","Connecticut","CT","04","FAIRFIELD","CT","06824","2022","11-JAN-21","2021","202101119398404862"
"H0WA02080","LARSEN, RICK","Democratic Party","DEM","House","H","Washington","WA","02","EVERETT","WA","982060326","2022","11-JAN-21","2021","202101119398404863"
"H6VA04061","MCEACHIN, ASTON DONALD","Democratic Party","DEM","House","H","Virginia","VA","04","RICHMOND","VA","23221","2022","11-JAN-21","2021","202101119398404864"
"H8PA07200","SCANLON, MARY GAY","Democratic Party","DEM","House","H","Pennsylvania","PA","05","SWARTHMORE","PA","19081","2022","11-JAN-21","2021","202101119398404871"
"H8NV03036","TITUS, DINA","Democratic Party","DEM","House","H","Nevada","NV","01","LAS VEGAS","NV","89170","2022","11-JAN-21","2021","202101119398404872"
"H0NY15160","TORRES, RITCHIE JOHN","Democratic Party","DEM","House","H","New York","NY","15","BRONX","NY","10458","2022","11-JAN-21","2021","202101119398404873"
"H2CA43245","TAKANO, MARK","Democratic Party","DEM","House","H","California","CA","41","RIVERSIDE","CA","92517","2022","11-JAN-21","2021","202101119398404907"
"H0MO04086","HARTZLER, VICKY","Republican Party","REP","House","H","Missouri","MO","04","HARRISONVILLE","MO","647016300","2022","11-JAN-21","2021","202101119398333991"
"H6NJ05171","GOTTHEIMER, JOSH","Democratic Party","DEM","House","H","New Jersey","NJ","05","RIDGEWOOD","NJ","07451","2022","11-JAN-21","2021","202101119398336037"
"H2CA12166","PHILLIPS, JEFFREY ALAN","Democratic Party","DEM","House","H","California","CA","12","SAN FRANSCISCO","CA","94109","2022","11-JAN-21","2021","202101119398385732"
"H2FL16090","MIRANDA-PADILLA, BENJAMIN","Democratic Party","DEM","House","H","Florida","FL","16","GIBSONTON","FL","33534","2022","11-JAN-21","2021","202101119398387007"
"S2PA00315","STERN, EVERETT","Republican Party","REP","Senate","S","Pennsylvania","PA","00","EXTON","PA","19341","2022","11-JAN-21","2021","202101119398387034"
"H2CA00120","BROWNLEY, JULIA","Democratic Party","DEM","House","H","California","CA","26","THOUSAND OAKS","CA","91358","2022","11-JAN-21","2021","202101119398404837"
"S2UT00302","GLINES, ALLEN BRENT","Democratic Party","DEM","Senate","S","Utah","UT","00","OGDEN","UT","84403","2022","10-JAN-21","2021","202101109398330235"
"H2HI02128","CASE, EDWARD","Democratic Party","DEM","House","H","Hawaii","HI","01","HONOLULU","HI","96802","2022","10-JAN-21","2021","202101109398330511"
"H2FL23021","HASTINGS, ALCEE L","Democratic Party","DEM","House","H","Florida","FL","20","WASHINGTON","DC","20515","2022","10-JAN-21","2021","202101109398330301"
"H2NM01177","REYES, VICTOR","Democratic Party","DEM","House","H","New Mexico","NM","01","ALBUQUERQUE","NM","87194","2021","08-JAN-21","2021","202101089398303974"
"H8NY22151","BRINDISI, ANTHONY","Democratic Party","DEM","House","H","New York","NY","22","UTICA","NY","135030165","2022","08-JAN-21","2021","202101089398304251"
"H2CA42171","CASTILLO, SAUL","Democratic Party","DEM","House","H","California","CA","42","COLTON","CA","92324","2022","08-JAN-21","2021","202101089398324394"
"H2NV03153","ROBERTSON, MARK","Republican Party","REP","House","H","Nevada","NV","03","HENDERSON","NV","89074","2022","08-JAN-21","2021","202101089398324378"
"H6MS01131","KELLY, JOHN TRENT","Republican Party","REP","House","H","Mississippi","MS","01","TUPELO","MS","38804","2022","08-JAN-21","2021","202101089398304894"
"H2TX35102","ANDERSON, DAVID LEE JR","Democratic Party","DEM","House","H","Texas","TX","35","SAN ANTONIO","TX","78220","2022","07-JAN-21","2021","202101079398297200"
"H4TX04039","GOHMERT, LOUIS","Republican Party","REP","House","H","Texas","TX","01","TYLER","TX","75711","2022","07-JAN-21","2021","202101079394561209"
"S0NC00343","SMITH, ERICA DANETTE","Democratic Party","DEM","Senate","S","North Carolina","NC","00","HENRICO","NC","27842","2022","07-JAN-21","2021","202101079398285015"
"H2TX32083","NAMDARKHAN, BARDIA","Republican Party","REP","House","H","Texas","TX","32","RICHARDSON","TX","75081","2022","07-JAN-21","2021","202101079394561891"
"H0FL02086","LAWSON, ALFRED JR","Democratic Party","DEM","House","H","Florida","FL","05","TALLAHASSEE","FL","32301","2022","07-JAN-21","2021","202101079394561656"
"H0TX15124","DE LA CRUZ HERNANDEZ, MONICA","Republican Party","REP","House","H","Texas","TX","15","ALAMO","TX","78516","2022","06-JAN-21","2021","202101069394550451"
"H2CA33048","ROYBAL-ALLARD, LUCILLE","Democratic Party","DEM","House","H","California","CA","40","WASHINGTON","DC","20003","2022","05-JAN-21","2021","202101059394506414"
"H6CA20152","PANETTA, JIMMY","Democratic Party","DEM","House","H","California","CA","20","CARMEL VALLEY","CA","93924","2022","05-JAN-21","2021","202101059394506415"
"H4NJ01084","NORCROSS, DONALD W","Democratic Party","DEM","House","H","New Jersey","NJ","01","CAMDEN","NJ","08102","2022","05-JAN-21","2021","202101059394507470"
"H2IL10118","NOWAK, KIM","Democratic Party","DEM","House","H","Illinois","IL","10","DES PLAINES","IL","60016","2022","05-JAN-21","2021","202101059394540109"
"H8IA02043","MILLER-MEEKS, MARIANNETTE JANE","Republican Party","REP","House","H","Iowa","IA","02","OTTUMWA","IA","525018310","2022","05-JAN-21","2021","202101059394543710"
"H6GA04129","JOHNSON, HENRY C. 'HANK'","Democratic Party","DEM","House","H","Georgia","GA","04","DECATUR","GA","30034","2022","05-JAN-21","2021","202101059394506412"
"H2OH09031","KAPTUR, MARCY","Democratic Party","DEM","House","H","Ohio","OH","09","TOLEDO","OH","43697","2022","05-JAN-21","2021","202101059394506413"
"H0CA20122","GORMAN, JEFF","Republican Party","REP","House","H","California","CA","20","MONTEREY","CA","93940","2022","05-JAN-21","2021","202101059394543697"
"H2MO01161","CHILDRESS, EARL","Independent","IND","House","H","Missouri","MO","01","ST. LOUIS","MO","63141","2022","05-JAN-21","2021","202101059394540179"
"H2UT02431","ACHESON, PHELAN DOUGLAS","Independent","IND","House","H","Utah","UT","02","SALT LAKE CITY","UT","84102","2022","04-JAN-21","2021","202101049394504278"
"H0OR02127","BENTZ, CLIFF","Republican Party","REP","House","H","Oregon","OR","02","ONTARIO","OR","97914","2022","04-JAN-21","2021","202101049394496486"
"H6FL07140","MURPHY, STEPHANIE","Democratic Party","DEM","House","H","Florida","FL","07","WINTER PARK","FL","327900205","2022","04-JAN-21","2021","202101049394504313"
"H2IN03186","STEPHENS, JOHN MATTHEW MR.","Democratic Party","DEM","House","H","Indiana","IN","03","FORT WAYNE","IN","46825","2022","04-JAN-21","2021","202101049394504292"
"H2TX34105","TREVINO, RYAN","Democratic Party","DEM","House","H","Texas","TX","34","TAFT","TX","78390","2022","03-JAN-21","2021","202101039394494920"
"S2WI00318","FRANK, AARON","Independent","IND","Senate","S","Wisconsin","WI","00","OREGON","WI","53575","2022","02-JAN-21","2021","202101029394494502"
"H0NV04023","PETERS, SAMUEL JAMES MR","Republican Party","REP","House","H","Nevada","NV","00","LAS VEGAS","NV","89131","2022","01-JAN-21","2021","202101019394493756"
"H0CA48172","BURLEY, BRIAN J MR.","Republican Party","REP","House","H","California","CA","45","HUNTINGTON BEACH, CA","CA","92649","2022","01-JAN-21","2021","202101019394492992"
"H8GA07201","BOURDEAUX, CAROLYN","Democratic Party","DEM","House","H","Georgia","GA","07","SUWANEE","GA","30024","2022","31-DEC-20","2020","202012319394490820"
"H2IL10068","SCHNEIDER, BRADLEY S.","Democratic Party","DEM","House","H","Illinois","IL","10","DEERFIELD","IL","60015","2022","31-DEC-20","2020","202012319394490831"
"H2CA39078","SANCHEZ, LINDA","Democratic Party","DEM","House","H","California","CA","38","GAITHERSBURG","MD","20883","2022","31-DEC-20","2020","202012319394490836"
"H2TX23082","CUELLAR, HENRY","Democratic Party","DEM","House","H","Texas","TX","28","LAREDO","TX","78040","2022","31-DEC-20","2020","202012319394491327"
"H2OH17109","RYAN, TIMOTHY J.","Democratic Party","DEM","House","H","Ohio","OH","13","NILES","OH","44446","2022","31-DEC-20","2020","202012319394491494"
"H6NJ08118","PASCRELL, WILLIAM J. JR.","Democratic Party","DEM","House","H","New Jersey","NJ","09","TEANECK","NJ","07666","2022","31-DEC-20","2020","202012319394491399"
"H8FL20032","CHERFILUS-MCCORMICK, SHEILA","Democratic Party","DEM","House","H","Florida","FL","20","MIRAMAR","FL","33029","2022","31-DEC-20","2020","202012319394491435"
"H2CA08214","MARSHALL, DEREK","Democratic Party","DEM","House","H","California","CA","08","YUCCA VALLEY","CA","92286","2022","31-DEC-20","2020","202012319394491479"
"H2NY00010","VELAZQUEZ, NYDIA M.","Democratic Party","DEM","House","H","New York","NY","07","BROOKLYN","NY","11231","2022","31-DEC-20","2020","202012319394491488"
"H6CA05195","MATSUI, DORIS","Democratic Party","DEM","House","H","California","CA","06","SACRAMENTO","CA","95812","2022","31-DEC-20","2020","202012319394491393"
"H2AZ07187","ZINK, JEFFREY NELSON MR","Republican Party","REP","House","H","Arizona","AZ","07","PHOENIX","AZ","85041","2022","30-DEC-20","2020","202012309394487845"
"H0VA09055","GRIFFITH, H MORGAN","Republican Party","REP","House","H","Virginia","VA","09","CHRISTIANSBURG","VA","24068","2022","30-DEC-20","2020","202012309394487987"
"H0VA03124","COLLICK, JOHN WILLIAM MR. JR.","Republican Party","REP","House","H","Virginia","VA","03","CARRSVILLE","VA","23315","2022","30-DEC-20","2020","202012309394487926"
"H2MD05536","N, MCKAYLA","Democratic Party","DEM","House","H","Maryland","MD","05","WALDORF","MD","20603","2022","30-DEC-20","2020","202012309394487914"
"H2MD05528","BYRD, COLIN","Democratic Party","DEM","House","H","Maryland","MD","05","GREENBELT","MD","20770","2022","29-DEC-20","2020","202012299394487759"
"H2FL11109","ROSADO, ANTONIO LUIS SR","Unaffiliated","UN","House","H","Florida","FL","11","MASCOTTE","FL","34753","2022","28-DEC-20","2020","202012289394387800"
"S2WA00353","HUSSEY, LARRY","No Party Affiliation","NPA","Senate","S","Washington","WA","00","KENT","WA","98031","2022","28-DEC-20","2020","202012289394387804"
"H2LA02156","LIRETTE, GREGORY","Republican Party","REP","House","H","Louisiana","LA","02","NEW ORLEANS","LA","70115","2021","28-DEC-20","2020","202012289394390980"
"H0CA35146","CARGILE, MIKE","Republican Party","REP","House","H","California","CA","35","POMONA","CA","91766","2022","28-DEC-20","2020","202012289394390060"
"H2MI43011","CLARK, WYATT BRONSON","Democratic Party","DEM","House","H","Michigan","MI","43","CLARKSTON","MI","48346","2022","28-DEC-20","2020","202012289394390972"
"H0VA11127","ANANTATMULA, MANGA","Republican Party","REP","House","H","Virginia","VA","11","HERNDON","VA","20171","2022","28-DEC-20","2020","202012289394390058"
"H2CA26125","WILSON, DANIEL","Independent","IND","House","H","California","CA","26","PORT HUENEME","CA","93041","2022","27-DEC-20","2020","202012279394387719"
"H2IL16065","WILLIAMS, MARSHA VIRIGINIA","Independent","IND","House","H","Illinois","IL","16","WILMINGTON","IL","60481","2022","24-DEC-20","2020","202012249393811892"
"H6FL04105","RUTHERFORD, JOHN","Republican Party","REP","House","H","Florida","FL","04","JACKSONVILLE","FL","322248432","2022","23-DEC-20","2020","202012239393478726"
"H8GA10197","JOHNSON-GREEN, TABITHA","Democratic Party","DEM","House","H","Georgia","GA","10","SANDERSVILLE","GA","31082","2022","23-DEC-20","2020","202012239393793619"
"H2FL14236","ELDON, ANTHONY W","Democratic Party","DEM","House","H","Florida","FL","14","PALMETTO","FL","34221","2022","23-DEC-20","2020","202012239393682869"
"H8NM01323","SEDILLO LOPEZ, ANTOINETTE","Democratic Party","DEM","House","H","New Mexico","NM","01","ALBUQUERQUE","NM","87196","2022","23-DEC-20","2020","202012239393479555"
"S2KY00103","BIERY, DAVID","Independent","IND","Senate","S","Kentucky","KY","00","UNION","KY","41091","2022","22-DEC-20","2020","202012229393400075"
"H2NM01169","MCGINN, RANDI","Democratic Party","DEM","House","H","New Mexico","NM","01","ALBUQUERQUE","NM","87104","2021","22-DEC-20","2020","202012229393441214"
"H0TX14234","SAJNA, CYRUS MR","Democratic Party","DEM","House","H","Texas","TX","14","LAMARQUE","TX","77568","2022","22-DEC-20","2020","202012229393467838"
"H8MO01143","BUSH, CORI","Democratic Party","DEM","House","H","Missouri","MO","01","ST LOUIS","MO","63121","2022","22-DEC-20","2020","202012229393442059"
"H0NY16143","BOWMAN, JAMAAL","Democratic Party","DEM","House","H","New York","NY","16","BRONXVILLE","NY","10708","2022","22-DEC-20","2020","202012229393442126"
"S2CA00955","PADILLA, ALEX","Democratic Party","DEM","Senate","S","California","CA","00","LOS ANGELES","CA","90017","2022","22-DEC-20","2020","202012229393441216"
"H6NV04020","LEE, SUSIE","Democratic Party","DEM","House","H","Nevada","NV","03","LAS VEGAS","","","2022","21-DEC-20","2020","202012219393379551"
"H2NY22139","MALONEY, SEAN PATRICK","Democratic Party","DEM","House","H","New York","NY","18","NEWBURGH","NY","12550","2022","21-DEC-20","2020","202012219393379133"
"H6CA46116","CORREA, LOU","Democratic Party","DEM","House","H","California","CA","46","SANTA ANA","CA","92706","2022","21-DEC-20","2020","202012219393379304"
"H6CA44103","BARRAGAN, NANETTE","Democratic Party","DEM","House","H","California","CA","44","SAN PEDRO","CA","90731","2022","21-DEC-20","2020","202012219393379515"
"H2WA06129","KILMER, DEREK","Democratic Party","DEM","House","H","Washington","WA","06","TACOMA","WA","98402","2022","21-DEC-20","2020","202012219393379542"
"H2NM01151","DUNN, AUBREY","No Party Affiliation","NPA","House","H","New Mexico","NM","01","MOUNTAINAIR","NM","87036","2021","21-DEC-20","2020","202012219393381676"
"H8NY25105","MORELLE, JOSEPH D","Democratic Party","DEM","House","H","New York","NY","25","ROCHESTER","NY","14609","2022","21-DEC-20","2020","202012219393379550"
"H6NV04020","LEE, SUSIE","Democratic Party","DEM","House","H","Nevada","NV","03","LAS VEGAS","NV","89148","2022","21-DEC-20","2020","202012219393379551"
"H8KS03155","DAVIDS, SHARICE","Democratic Party","DEM","House","H","Kansas","KS","03","SHAWNEE","KS","66216","2022","21-DEC-20","2020","202012219393379552"
"H0WA10034","STRICKLAND, MARILYN","Democratic Party","DEM","House","H","Washington","WA","10","TACOMA","WA","98404","2022","21-DEC-20","2020","202012219393379575"
"H2NM01144","STANSBURY, MELANIE","Democratic Party","DEM","House","H","New Mexico","NM","01","ALBUQUERQUE","NM","87181","2022","21-DEC-20","2020","202012219393381434"
"H2NV04011","HORSFORD, STEVEN ALEXZANDER","Democratic Party","DEM","House","H","Nevada","NV","04","LAS VEGAS","NV","89033","2022","21-DEC-20","2020","202012219393379549"
"H2GA07121","CORBIN, MICHAEL ALLEN","Republican Party","REP","House","H","Georgia","GA","07","PEACHTREE CORNERS","GA","30092","2022","20-DEC-20","2020","202012209393377296"
"H2PA10108","ALLEN, BRIAN","Republican Party","REP","House","H","Pennsylvania","PA","10","MECHANICSBURG","PA","17055","2022","19-DEC-20","2020","202012199393376858"
"H0NY17174","JONES, MONDAIRE","Democratic Party","DEM","House","H","New York","NY","17","WASHINGTON","DC","20003","2022","18-DEC-20","2020","202012189393369990"
"H2CA18130","TANAKA, GREG","Democratic Party","DEM","House","H","California","CA","18","PALO ALTO","CA","94306","2022","18-DEC-20","2020","202012189393370001"
"H6MD03292","SARBANES, JOHN P. MR.","Democratic Party","DEM","House","H","Maryland","MD","03","WASHINGTON","DC","20003","2022","18-DEC-20","2020","202012189393372208"
"H8PA04116","DEAN, MADELEINE","Democratic Party","DEM","House","H","Pennsylvania","PA","04","GLENSIDE","PA","19038","2022","18-DEC-20","2020","202012189393374334"
"H0CT04211","MERLEN, BRIAN","Democratic Party","DEM","House","H","Connecticut","CT","04","STAMFORD","CT","06906","2022","18-DEC-20","2020","202012189393369984"
"H2MD02160","RUPPERSBERGER, C. A. DUTCH","Democratic Party","DEM","House","H","Maryland","MD","02","LUTHERVILLE","MD","21094","2022","18-DEC-20","2020","202012189393374395"
"H0AL07086","SEWELL, TERRI A.","Democratic Party","DEM","House","H","Alabama","AL","07","BIRMINGHAM","AL","35201","2022","18-DEC-20","2020","202012189393374444"
"H0VA02167","BAAN, ANDY","Republican Party","REP","House","H","Virginia","VA","02","VIRGINIA BEACH","VA","23451","2022","18-DEC-20","2020","202012189393376448"
"H2MI14111","LAWRENCE, BRENDA LULENAR","Democratic Party","DEM","House","H","Michigan","MI","14","SOUTHFIELD","MI","48037","2022","18-DEC-20","2020","202012189393374335"
"H2IL05191","BOWMAN, RALEIGH","Democratic Party","DEM","House","H","Illinois","IL","05","CHICAGO","IL","60657","2022","17-DEC-20","2020","202012179393369676"
"H6IN09176","HOLLINGSWORTH, TREY","Republican Party","REP","House","H","Indiana","IN","09","JEFFERSONVILLE","IN","47130","2022","17-DEC-20","2020","202012179393133743"
"H8CA29100","DUENAS, ANGELICA MARIA","Democratic Party","DEM","House","H","California","CA","29","SUN VALLEY","CA","91353","2022","16-DEC-20","2020","202012169387354726"
"H2CA31125","AGUILAR, PETE","Democratic Party","DEM","House","H","California","CA","31","SAN BERNARDINO","CA","92423","2022","16-DEC-20","2020","202012169387362654"
"H8IN06129","PENCE, GREGORY J.","Republican Party","REP","House","H","Indiana","IN","06","TAYLORSVILLE","IN","47280","2022","16-DEC-20","2020","202012169387355955"
"H6AZ01199","O'HALLERAN, TOM","Democratic Party","DEM","House","H","Arizona","AZ","01","SEDONA","AZ","86351","2022","15-DEC-20","2020","202012159387353769"
"H2TX30111","MASON, JESSICA","Democratic Party","DEM","House","H","Texas","TX","30","DRIVE","TX","75228","2022","14-DEC-20","2020","202012149374347220"
"H2OH11151","TURNER, NINA","Democratic Party","DEM","House","H","Ohio","OH","11","CLEVELAND","OH","44101","2021","14-DEC-20","2020","202012210300361979"
"H2CT01197","LEGNANI, ANDREW JOSEPH","Democratic Party","DEM","House","H","Connecticut","CT","01","BERLIN","CT","06037","2022","14-DEC-20","2020","202012149374379323"
"H2TX22142","SQUIRES, JAMES SCOTT","Democratic Party","DEM","House","H","Texas","TX","22","KATY","TX","77494","2022","14-DEC-20","2020","202012149374370761"
"H2IL01190","WRIGHT-MCCULLUM, GLENDA","Non-Party","NON","House","H","Illinois","IL","01","JOLIET","IL","60435","2021","13-DEC-20","2020","202012139374347193"
"H2OH11177","JOHNSON, JEFFREY DAVID","Democratic Party","DEM","House","H","Ohio","OH","11","CLEVELAND","OH","44108","2021","13-DEC-20","2020","202012139374347014"
"H0TX04151","FOSTER, RUSSELL","Democratic Party","DEM","House","H","Texas","TX","04","SHERMAN","TX","75092","2022","12-DEC-20","2020","202012129374346858"
"H2OH11169","BROWN, SHONTEL M","Democratic Party","DEM","House","H","Ohio","OH","11","WARRENSVILLE HEIGHTS","OH","44128","2021","12-DEC-20","2020","202012129374346826"
"H6PA08277","FITZPATRICK, BRIAN","Republican Party","REP","House","H","Pennsylvania","PA","01","LANGHORNE","PA","19047","2022","11-DEC-20","2020","202012119374344313"
"H2OH02085","WENSTRUP, BRAD DR.","Republican Party","REP","House","H","Ohio","OH","02","CINCINNATI","MD","452261121","2022","11-DEC-20","2020","202012119374344319"
"H2MA08074","RUIZ, MICHAEL","Democratic Party","DEM","House","H","Massachusetts","MA","08","BOSTON","MA","02125","2022","11-DEC-20","2020","202012119374344321"
"S0CA00504","FABRICANT, DANNY","Republican Party","REP","Senate","S","California","CA","00","LOMPOC","CA","934362706","2021","10-DEC-20","2020","202012140300360337"
"H2CA30283","VOLOTZKY, LUCIE LAPOINTE","Republican Party","REP","House","H","California","CA","30","CHATSWORTH","CA","91311","2022","10-DEC-20","2020","202012140300360348"
"H0IN09161","DORRIS, DALE WILLIAM MR. II","Democratic Party","DEM","House","H","Indiana","IN","09","BLOOMINGTON","IN","47403","2022","10-DEC-20","2020","202012109366522595"
"H0AZ08072","MUSCATO, MICHAEL ARCHANGEL","Democratic Party","DEM","House","H","Arizona","AZ","08","PEORIA","AZ","85383","2022","10-DEC-20","2020","202012109366527717"
"H2GA12121","ALLEN, RICHARD W","Republican Party","REP","House","H","Georgia","GA","12","AUGUSTA","GA","30904","2022","10-DEC-20","2020","202012109366525396"
"H6GA03113","FERGUSON, ANDERSON DREW IV","Republican Party","REP","House","H","Georgia","GA","03","WEST POINT","GA","31833","2022","10-DEC-20","2020","202012109366525404"
"H2NY02115","HUQ, MD MUZIBUL DR","Democratic Party","DEM","House","H","New York","NY","02","ELMONT","NY","11003","2022","10-DEC-20","2020","202012109366527659"
"S2FL00466","WEIL, JOSHUA JOSEPH","Democratic Party","DEM","Senate","S","Florida","FL","00","ORLANDO","FL","32826","2022","10-DEC-20","2020","202012109366523536"
"H0PA08197","DANIELS, TEDDY","Republican Party","REP","House","H","Pennsylvania","PA","08","AVOCA","PA","18641","2022","09-DEC-20","2020","202012099366440430"
"H0VA02175","BELL, JAROME","Republican Party","REP","House","H","Virginia","VA","02","VIRGINIA BEACH","VA","23456","2022","09-DEC-20","2020","202012099366440431"
"H6FL01119","GAETZ, MATT","Republican Party","REP","House","H","Florida","FL","01","MARY ESTER","FL","32569","2022","09-DEC-20","2020","202012099366491934"
"H0VA05160","GOOD, ROBERT G.","Republican Party","REP","House","H","Virginia","VA","05","LOVINGSTON","VA","229490117","2022","09-DEC-20","2020","202012099366440478"
"H0OR05104","COURSER, AMY RYAN","Republican Party","REP","House","H","Oregon","OR","05","KEIZER","OR","97303","2022","09-DEC-20","2020","202012099366440435"
"H8VA11062","CONNOLLY, GERALD E.","Democratic Party","DEM","House","H","Virginia","VA","11","MERRIFIELD","VA","22116","2022","08-DEC-20","2020","202012089366425995"
"H4TX10093","MCCAUL, MICHAEL","Republican Party","REP","House","H","Texas","TX","10","AUSTIN","TX","787012514","2022","08-DEC-20","2020","202012089366425997"
"H6TX08100","BRADY, KEVIN","Republican Party","REP","House","H","Texas","TX","08","THE WOODLANDS","TX","773878277","2022","08-DEC-20","2020","202012089366426000"
"H0GA05301","WILLIAMS, NIKEMA NATASSHA","Democratic Party","DEM","House","H","Georgia","GA","05","ATLANTA","GA","31131","2022","08-DEC-20","2020","202012089366426021"
"H6FL18121","SPALDING, CARLA ARLENE","Republican Party","REP","House","H","Florida","FL","20","PLANTATION","FL","33322","2022","08-DEC-20","2020","202012089366426020"
"S2NC00307","WALKER, BRADLEY MARK","Republican Party","REP","Senate","S","North Carolina","NC","00","RALEIGH","NC","27624","2022","08-DEC-20","2020","202012089366434591"
"H6TX02079","BABIN, BRIAN","Republican Party","REP","House","H","Texas","TX","36","WOODVILLE","TX","75979","2022","08-DEC-20","2020","202012089366438878"
"H2MS02153","KEUNEKE, JEFFREY LYNN MR","Republican Party","REP","House","H","Mississippi","MS","02","CLINTON","MS","39056","2022","08-DEC-20","2020","202012089366438918"
"H8VA10189","AYYAS, SHADI","Democratic Party","DEM","House","H","Virginia","VA","05","REVA","VA","22735","2022","08-DEC-20","2020","202012089366432010"
"H0IL17083","KING, ESTHER JOY","Republican Party","REP","House","H","Illinois","IL","17","EAST MOLINE","IL","61244","2022","08-DEC-20","2020","202012089366430380"
"H6DE00206","BLUNT ROCHESTER, LISA","Democratic Party","DEM","House","H","Delaware","DE","00","WILMINGTON","DE","19809","2022","07-DEC-20","2020","202012079366416639"
"H8TX16166","WILLIAMS, SAMUEL LEE JR","Republican Party","REP","House","H","Texas","TX","16","EL PASO","TX","79934","2022","06-DEC-20","2020","202012069366414653"
"H2TN04274","HOOD, GERALD W. MR III","Republican Party","REP","House","H","Tennessee","TN","04","CLEVELAND","TN","37311","2022","05-DEC-20","2020","202012059366412376"
"H8AZ05154","GREENE, JOAN","Democratic Party","DEM","House","H","Arizona","AZ","05","PHOENIX","AZ","85044","2022","05-DEC-20","2020","202012059366412058"
"H2FL24037","OLIVO, CHRISTINE ALEXANDRIA","Democratic Party","DEM","House","H","Florida","FL","24","HOLLYWOOD","FL","33024","2022","05-DEC-20","2020","202012059366412042"
"H2MA09221","LITTLES, MARK","Republican Party","REP","House","H","Massachusetts","MA","09","MARSHFIELD HILLS","MA","02051","2022","05-DEC-20","2020","202012059366412014"
"S2CA00948","ZHOU, LIJUN (LILY)","Republican Party","REP","Senate","S","California","CA","00","SAN DIEGO","CA","92122","2022","04-DEC-20","2020","202012049366409629"
"H8NY21203","TONKO, PAUL DAVID","Democratic Party","DEM","House","H","New York","NY","20","ALBANY","NY","12206","2022","04-DEC-20","2020","202012049366399834"
"H8CA34068","NAPOLITANO, GRACE","Democratic Party","DEM","House","H","California","CA","32","NORWALK","CA","90650","2022","04-DEC-20","2020","202012049366400628"
"H0MI03308","MEIJER, PETER MR.","Republican Party","REP","House","H","Michigan","MI","03","GRAND RAPIDS","MI","49516","2022","04-DEC-20","2020","202012049366407082"
"S2NY00341","ANABILAH-AZUMAH, JOEL MR","No Party Affiliation","NPA","Senate","S","New York","NY","00","BROOKLYN","NY","11203","2022","04-DEC-20","2020","202012049366405449"
"H8IA03124","AXNE, CINDY","Democratic Party","DEM","House","H","Iowa","IA","03","WEST DES MOINES","IA","50265","2022","04-DEC-20","2020","202012049366405570"
"H2AZ07070","GRIJALVA, RAUL M","Democratic Party","DEM","House","H","Arizona","AZ","03","TUCSON","AZ","85702","2022","04-DEC-20","2020","202012049366404789"
"H2CA02142","LAMALFA, DOUG","Republican Party","REP","House","H","California","CA","01","BIGGS","CA","95917","2022","03-DEC-20","2020","202012039337581374"
"H2CA21175","PARRA, NICOLE","Democratic Party","DEM","House","H","California","CA","21","BAKERSFIELD","CA","93306","2022","03-DEC-20","2020","202012070300359905"
"H6FL02208","DUNN, NEAL PATRICK MD, FACS","Republican Party","REP","House","H","Florida","FL","02","PANAMA CITY","FL","32406","2022","03-DEC-20","2020","202012039337586137"
"H6TX12060","GRANGER, KAY","Republican Party","REP","House","H","Texas","TX","12","FORT WORTH","TX","761076547","2022","03-DEC-20","2020","202012039337591982"
"H0CA10073","DESAULNIER, MARK","Democratic Party","DEM","House","H","California","CA","11","CONCORD","CA","94524","2022","03-DEC-20","2020","202012039337671742"
"H4NY27076","HIGGINS, BRIAN","Democratic Party","DEM","House","H","New York","NY","26","BUFFALO","NY","14220","2022","03-DEC-20","2020","202012039337694244"
"H8IL06139","CASTEN, SEAN","Democratic Party","DEM","House","H","Illinois","IL","06","DOWNERS GROVE","IL","60515","2022","03-DEC-20","2020","202012039338110921"
"H0NH02181","KUSTER, ANN MCLANE","Democratic Party","DEM","House","H","New Hampshire","NH","02","CONCORD","NH","03302","2022","03-DEC-20","2020","202012039338111910"
"H4MA03022","MCGOVERN, JAMES P","Democratic Party","DEM","House","H","Massachusetts","MA","02","WORCESTER","MA","01606","2022","03-DEC-20","2020","202012039338112270"
"H0IL05096","QUIGLEY, MIKE","Democratic Party","DEM","House","H","Illinois","IL","05","CHICAGO","IL","60614","2022","03-DEC-20","2020","202012039338160378"
"H2WI02124","POCAN, MARK","Democratic Party","DEM","House","H","Wisconsin","WI","02","MADISON","WI","53701","2022","03-DEC-20","2020","202012039338174044"
"H2MA09072","LYNCH, STEPHEN","Democratic Party","DEM","House","H","Massachusetts","MA","08","SOUTH BOSTON","MA","02127","2022","03-DEC-20","2020","202012039338187937"
"H4MA05084","CLARK, KATHERINE","Democratic Party","DEM","House","H","Massachusetts","MA","05","BELMONT","MA","02478","2022","03-DEC-20","2020","202012039338210071"
"H4NC05146","FOXX, VIRGINIA ANN","Republican Party","REP","House","H","North Carolina","NC","05","BOONE","NC","28607","2022","03-DEC-20","2020","202012039338299204"
"H2CA50174","HOULAHAN, STEPHEN WILLIAM","Independent","IND","House","H","California","CA","50","SANTEE","CA","92071","2022","03-DEC-20","2020","202012039338305321"
"H4MI04126","MOOLENAAR, JOHN MR.","Republican Party","REP","House","H","Michigan","MI","04","MIDLAND","MI","486402614","2022","03-DEC-20","2020","202012039340033338"
"H6WI03099","KIND, RONALD JAMES","Democratic Party","DEM","House","H","Wisconsin","WI","03","LA CROSSE","WI","54602","2022","03-DEC-20","2020","202012039340445194"
"H6IN03229","BANKS, JAMES E HON.","Republican Party","REP","House","H","Indiana","IN","03","FORT WAYNE","IN","468581431","2022","03-DEC-20","2020","202012039340964933"
"H2NC07096","ROUZER, DAVID CHESTON","Republican Party","REP","House","H","North Carolina","NC","07","WILMINGTON","NC","28403","2022","03-DEC-20","2020","202012039342567093"
"H2FL14228","TOULME JR, ALIX 'ST CHRISTOPHER'","UCP","UCP","House","H","Florida","FL","14","TAMPA","FL","33625","2022","03-DEC-20","2020","202012070300359728"
"H8CA04152","MCCLINTOCK, THOMAS","Republican Party","REP","House","H","California","CA","04","ROSEVILLE","CA","95661","2022","03-DEC-20","2020","202012039337582110"
"H4MA06090","MOULTON, SETH","Democratic Party","DEM","House","H","Massachusetts","MA","06","SALEM","MA","01970","2022","02-DEC-20","2020","202012029337539833"
"H0OH18077","GIBBS, ROBERT","Republican Party","REP","House","H","Ohio","OH","07","LAKEVILLE","OH","44638","2022","02-DEC-20","2020","202012029337540451"
"H2CO04110","VIBE, ROME","Democratic Party","DEM","House","H","Colorado","CO","04","AURORA","CO","80012","2022","02-DEC-20","2020","202012029337402181"
"H2DC01011","HAMILTON, WENDY REV","Democratic Party","DEM","House","H","District Of Columbia","DC","00","WASHINGTON","DC","20032","2022","02-DEC-20","2020","202012029337403785"
"H8AZ01104","KIRKPATRICK, ANN","Democratic Party","DEM","House","H","Arizona","AZ","02","TUCSON","AZ","85702","2022","02-DEC-20","2020","202012029337493851"
"H8AL02171","MOORE, FELIX BARRY","Republican Party","REP","House","H","Alabama","AL","02","ENTERPRISE","AL","36331","2022","02-DEC-20","2020","202012029337415786"
"H2OR01240","RUSS, DAVID","Republican Party","REP","House","H","Oregon","OR","01","DUNDEE","OR","97115","2022","02-DEC-20","2020","202012029337436377"
"H2CA50026","VARGAS, JUAN C.","Democratic Party","DEM","House","H","California","CA","51","SAN DIEGO","CA","921022008","2022","02-DEC-20","2020","202012029337444245"
"H2IL02172","KELLY, ROBIN","Democratic Party","DEM","House","H","Illinois","IL","02","CHICAGO","IL","60654","2022","02-DEC-20","2020","202012029337409516"
"H0CA08226","GOMEZ, BLANCA","Democratic Party","DEM","House","H","California","CA","08","VICTORVILLE","CA","92392","2022","01-DEC-20","2020","202012019337390477"
"H0TN03254","FLEISCHMANN, CHARLES J","Republican Party","REP","House","H","Tennessee","TN","03","OOLTEWAH","TN","37363","2022","01-DEC-20","2020","202012019337213950"
"H8CA49074","JACOBS, SARA","Democratic Party","DEM","House","H","California","CA","53","SAN DIEGO","CA","92112","2022","01-DEC-20","2020","202012019337285633"
"H0CA42217","O'MARA, WILLIAM EDWARD DR IV","Democratic Party","DEM","House","H","California","CA","42","LAKE ELSINORE","CA","92531","2022","01-DEC-20","2020","202012019337306418"
"H8CA12098","ESHOO, ANNA G.","Democratic Party","DEM","House","H","California","CA","18","SACRAMENTO","CA","95814","2022","01-DEC-20","2020","202012019337239284"
"H2FL14186","DONALDS, BYRON","Republican Party","REP","House","H","Florida","FL","19","NAPLES","FL","34108","2022","30-NOV-20","2020","202011309337192446"
"H8NJ02166","VAN DREW, JEFF MR","Republican Party","REP","House","H","New Jersey","NJ","02","CAPE MAY COURT HOUSE","NJ","08210","2022","30-NOV-20","2020","202011309337191321"
"H6MN02131","CRAIG, ANGELA DAWN","Democratic Party","DEM","House","H","Minnesota","MN","02","EAGAN","MN","55122","2022","30-NOV-20","2020","202011309337211456"
"H8MA03106","TRAHAN, LORI","Democratic Party","DEM","House","H","Massachusetts","MA","03","LOWELL","MA","01853","2022","30-NOV-20","2020","202011309337204778"
"S2NC00299","BOYETTE, HAYDEN ZEL MR NONE","Independent","IND","Senate","S","North Carolina","NC","00","WENDELL","NC","27591","2022","30-NOV-20","2020","202011309337204655"
"H2CA20094","VALADAO, DAVID","Republican Party","REP","House","H","California","CA","21","FRESNO","CA","93704","2022","30-NOV-20","2020","202011309337202510"
"H8VA01147","WITTMAN, ROBERT J. MR.","Republican Party","REP","House","H","Virginia","VA","01","MONTROSS","VA","22520","2022","30-NOV-20","2020","202011309337193822"
"H2PA17079","CARTWRIGHT, MATTHEW A.","Democratic Party","DEM","House","H","Pennsylvania","PA","08","SCRANTON","PA","18501","2022","30-NOV-20","2020","202011309337195669"
"H0IN02190","WALORSKI SWIHART, JACKIE","Republican Party","REP","House","H","Indiana","IN","02","ELKHART","IN","46517","2022","30-NOV-20","2020","202011309337193770"
"S2WA00346","KIRBY, ROBERT W","Democratic Party","DEM","Senate","S","Washington","WA","00","KANSAS CITY","MO","64128","2022","29-NOV-20","2020","202011299337167485"
"H4MO08162","SMITH, JASON T","Republican Party","REP","House","H","Missouri","MO","08","SALEM","MO","655608910","2022","29-NOV-20","2020","202011299337160887"
"H0AR03055","WOMACK, STEVE THE HON","Republican Party","REP","House","H","Arkansas","AR","03","ROGERS","AR","727563078","2022","29-NOV-20","2020","202011299337167530"
"H0KY03259","PALAZZO, RHONDA RAYE","Republican Party","REP","House","H","Kentucky","KY","03","LOUISVILLE","KY","40207","2022","29-NOV-20","2020","202011299337189784"
"S2FL00458","ELLISON, ALLEN","Democratic Party","DEM","Senate","S","Florida","FL","00","SEBRING","FL","33870","2022","28-NOV-20","2020","202011289337160683"
"H6CO07023","PERLMUTTER, EDWIN G.","Democratic Party","DEM","House","H","Colorado","CO","07","WHEAT RIDGE","CO","80033","2022","28-NOV-20","2020","202011289337158518"
"H0RI01073","CICILLINE, DAVID N","Democratic Party","DEM","House","H","Rhode Island","RI","01","PROVIDENCE","RI","02906","2022","27-NOV-20","2020","202011279337147246"
"H8CO02160","NEGUSE, JOSEPH","Democratic Party","DEM","House","H","Colorado","CO","02","BOULDER","CO","80306","2022","27-NOV-20","2020","202011279337146579"
"H0CA33117","BASS, KAREN","Democratic Party","DEM","House","H","California","CA","37","WASHINGTON","DC","20003","2022","27-NOV-20","2020","202011279337143685"
"H8TX16125","GARCIA-URESTE, ALIA","Republican Party","REP","House","H","Texas","TX","23","EL PASO","TX","79913","2022","26-NOV-20","2020","202011269337138494"
"H0VA08172","KIM, HEERAK CHRISTIAN","No Party Affiliation","NPA","House","H","Virginia","VA","08","ARLINGTON","VA","22204","2022","26-NOV-20","2020","202011269337138704"
"H8IL03102","NEWMAN, MARIE","Democratic Party","DEM","House","H","Illinois","IL","03","LA GRANGE","IL","60525","2022","25-NOV-20","2020","202011259337135617"
"S0AZ00350","KELLY, MARK","Democratic Party","DEM","Senate","S","Arizona","AZ","00","TUCSON","AZ","85726","2022","25-NOV-20","2020","202011259337135231"
"H0WI07101","TIFFANY, TOM","Republican Party","REP","House","H","Wisconsin","WI","07","MINOCQUA","WI","545483401","2022","25-NOV-20","2020","202011259337135057"
"H4WI06048","GROTHMAN, GLENN S.","Republican Party","REP","House","H","Wisconsin","WI","06","FOND DU LAC","WI","549641215","2022","25-NOV-20","2020","202011259337135047"
"H4CA20082","COSTA, JIM","Democratic Party","DEM","House","H","California","CA","16","FRESNO","CA","937111200","2022","25-NOV-20","2020","202011259337132510"
"H0CA43108","COLLINS, JOE","Republican Party","REP","House","H","California","CA","43","LOS ANGELES","CA","90045","2022","25-NOV-20","2020","202011259337135448"
"H8TX07140","FLETCHER, ELIZABETH","Democratic Party","DEM","House","H","Texas","TX","07","HOUSTON","TX","77098","2022","25-NOV-20","2020","202011259337138165"
"H8IL14067","FOSTER, WILLIAM (BILL) G.","Democratic Party","DEM","House","H","Illinois","IL","11","NAPERVILLE","IL","60540","2022","24-NOV-20","2020","202011249337127004"
"H2LA02149","CARTER, TROY A. SR.","Democratic Party","DEM","House","H","Louisiana","LA","02","NEW ORLEANS","LA","70150","2021","24-NOV-20","2020","202011249337126449"
"H8TX21307","ROY, CHIP","Republican Party","REP","House","H","Texas","TX","21","AUSTIN","TX","78735","2022","24-NOV-20","2020","202011249337126009"
"H4NY21079","STEFANIK, ELISE M.","Republican Party","REP","House","H","New York","NY","21","GLENS FALLS","NY","12801","2022","24-NOV-20","2020","202011249337126001"
"H4NY22051","TENNEY, CLAUDIA","Republican Party","REP","House","H","New York","NY","22","CLINTON","NY","13323","2022","24-NOV-20","2020","202011249337125745"
"H2CO05133","THOMPSON, RYAN CASEY","Unaffiliated","UN","House","H","Colorado","CO","05","COLORADO SPRINGS","CO","80922","2022","24-NOV-20","2020","202011249337124249"
"H8TX02166","CRENSHAW, DANIEL","Republican Party","REP","House","H","Texas","TX","02","HOUSTON","GA","772430965","2022","24-NOV-20","2020","202011249337121292"
"H4IL12060","BOST, MICHAEL","Republican Party","REP","House","H","Illinois","IL","12","MURPHYSBORO","IL","62966","2022","24-NOV-20","2020","202011249337121526"
"H4CO04090","BUCK, KENNETH R","Republican Party","REP","House","H","Colorado","CO","04","GREELEY","CO","80633","2022","24-NOV-20","2020","202011249337121632"
"H0GA08099","SCOTT, JAMES AUSTIN","Republican Party","REP","House","H","Georgia","GA","08","ASHBURN","GA","31714","2022","24-NOV-20","2020","202011249337121633"
"H8VA02111","LURIA, ELAINE","Democratic Party","DEM","House","H","Virginia","VA","02","VIRGINIA BEACH","VA","23466","2022","23-NOV-20","2020","202011239337067644"
"H8CA01109","THOMPSON, MIKE MR.","Democratic Party","DEM","House","H","California","CA","05","NAPA","CA","94581","2022","23-NOV-20","2020","202011239337066664"
"H0CA25105","GARCIA, MICHAEL","Republican Party","REP","House","H","California","CA","25","VALENCIA","CA","91354","2022","23-NOV-20","2020","202011239337066179"
"H0GA07273","MCCORMICK, RICHARD DEAN DR.","Republican Party","REP","House","H","Georgia","GA","07","SUWANEE","GA","30024","2022","23-NOV-20","2020","202011239337064596"
"H6AL04098","ADERHOLT, ROBERT B. REP.","Republican Party","REP","House","H","Alabama","AL","04","HALEYVILLE","AL","355651158","2022","21-NOV-20","2020","202011219337061635"
"H8AZ08158","LESKO, DEBBIE","Republican Party","REP","House","H","Arizona","AZ","08","PHOENIX","AZ","850645388","2022","21-NOV-20","2020","202011219337060487"
"H8ME01120","PINGREE, CHELLIE M","Democratic Party","DEM","House","H","Maine","ME","01","PORTLAND","ME","04112","2022","20-NOV-20","2020","202011209337058706"
"H4NY11138","CLARKE, YVETTE D","Democratic Party","DEM","House","H","New York","NY","09","BROOKLYN","NY","11225","2022","20-NOV-20","2020","202011209337058707"
"H0CA25154","SMITH, CHRISTY","Democratic Party","DEM","House","H","California","CA","25","VALENICA","CA","91355","2022","20-NOV-20","2020","202011209337058712"
"H6NE03115","SMITH, ADRIAN","Republican Party","REP","House","H","Nebraska","NE","03","SCOTTSBLUFF","NE","693613563","2022","20-NOV-20","2020","202011209337059050"
"H6MD08549","TRONE, DAVID","Democratic Party","DEM","House","H","Maryland","MD","06","GAITHERSBURG","MD","20883","2022","20-NOV-20","2020","202011209337059101"
"H6MD04209","BROWN, ANTHONY","Democratic Party","DEM","House","H","Maryland","MD","04","BOWIE","MD","20721","2022","20-NOV-20","2020","202011209337059109"
"H0MA04192","AUCHINCLOSS, JAKE","Democratic Party","DEM","House","H","Massachusetts","MA","04","NEWTONVILLE","MA","02460","2022","20-NOV-20","2020","202011209337059115"
"H8CA49108","MARYOTT, BRIAN L MR","Republican Party","REP","House","H","California","CA","49","SAN JUAN CAPISTRANO","CA","92675","2022","20-NOV-20","2020","202011209337060011"
"H2AK00192","PEREZ, JULIO","Republican Party","REP","House","H","Alaska","AK","00","ANCHORAGE","AK","99504","2022","20-NOV-20","2020","202011209337060105"
"H4VA08224","BEYER, DONALD STERNOFF HONORABLE JR.","Democratic Party","DEM","House","H","Virginia","VA","08","ALEXANDRIA","VA","223146233","2022","20-NOV-20","2020","202011209337060133"
"H2FL20134","SHARIEF, BARBARA","Democratic Party","DEM","House","H","Florida","FL","20","DAVIE","FL","33024","2022","20-NOV-20","2020","202012070300359741"
"H0FL09107","SMITH, HENDRITH","Democratic Party","DEM","House","H","Florida","FL","09","KISSIMMEE","FL","34741","2022","20-NOV-20","2020","202011209337060428"
"H8AZ08083","TIPIRNENI, HIRAL VYAS","Democratic Party","DEM","House","H","Arizona","AZ","06","GLENDALE","AZ","85308","2022","20-NOV-20","2020","202011209337060472"
"H8NM02156","HERRELL, STELLA YVETTE","Republican Party","REP","House","H","New Mexico","NM","02","ALAMOGORDO","NM","883114338","2022","20-NOV-20","2020","202011209337058347"
"H0KY06104","BARR, GARLAND ANDY","Republican Party","REP","House","H","Kentucky","KY","06","LEXINGTON","KY","405882059","2022","20-NOV-20","2020","202011209337058516"
"H0RI02139","LANGEVIN, JAMES R HONORABLE","Democratic Party","DEM","House","H","Rhode Island","RI","02","WARWICK","RI","02886","2022","20-NOV-20","2020","202011209337058648"
"H0MA10082","KEATING, WILLIAM RICHARD","Democratic Party","DEM","House","H","Massachusetts","MA","09","MONUMENT BEACH","MA","02553","2022","19-NOV-20","2020","202011199337051888"
"S2MI00268","BRAGGS, MARNISHA BRECHE","Democratic Party","DEM","Senate","S","Michigan","MI","00","ROSEVILLE","MI","48066","2021","19-NOV-20","2020","202011199337058201"
"H0FL09115","CASTILLO, JOSE ALFREDO","Republican Party","REP","House","H","Florida","FL","09","KISSIMMEE","FL","34747","2022","19-NOV-20","2020","202011199337057834"
"H2PA04135","PERRY, SCOTT","Republican Party","REP","House","H","Pennsylvania","PA","10","NEW CUMBERLAND","PA","17070","2022","19-NOV-20","2020","202011199337055452"
"H6WI08155","GALLAGHER, MICHAEL JOHN","Republican Party","REP","House","H","Wisconsin","WI","08","GREEN BAY","WI","54301","2022","19-NOV-20","2020","202011199337055176"
"H0GA07125","HICE, JODY","Republican Party","REP","House","H","Georgia","GA","10","MONROE","GA","30655","2022","19-NOV-20","2020","202011199337055170"
"H4AL06098","PALMER, GARY","Republican Party","REP","House","H","Alabama","AL","06","BIRMINGHAM","AL","352093502","2022","19-NOV-20","2020","202011199337054836"
"H2MI26016","BRAGGS, MARNISHA BRECHE","Democratic Party","DEM","House","H","Michigan","MI","26","ROSEVILLE","MI","48066","2021","19-NOV-20","2020","202011199337058202"
"H0SC01394","MACE, NANCY","Republican Party","REP","House","H","South Carolina","SC","01","CHARLESTON","SC","29492","2022","18-NOV-20","2020","202011189337050879"
"H4NJ12149","COLEMAN, BONNIE WATSON","Democratic Party","DEM","House","H","New Jersey","NJ","12","WASHINGTON","DC","20003","2022","18-NOV-20","2020","202011189337050878"
"H6PA16320","SMUCKER, LLOYD K.","Republican Party","REP","House","H","Pennsylvania","PA","11","LANCASTER","PA","17601","2022","18-NOV-20","2020","202011189337050874"
"H4MN06087","EMMER, THOMAS EARL JR.","Republican Party","REP","House","H","Minnesota","MN","06","ANOKA","MN","553030998","2022","18-NOV-20","2020","202011189337050872"
"H8NJ07223","MALINOWSKI, TOM","Democratic Party","DEM","House","H","New Jersey","NJ","07","SOMERVILLE","NJ","08876","2022","18-NOV-20","2020","202011189337050862"
"H8IL14174","UNDERWOOD, LAUREN","Democratic Party","DEM","House","H","Illinois","IL","14","PLAINFIELD","IL","60585","2022","18-NOV-20","2020","202011189337050810"
"H6MI01226","BERGMAN, JOHN","Republican Party","REP","House","H","Michigan","MI","01","WATERSMEET","MI","49969","2022","18-NOV-20","2020","202011189337048735"
"H2TX35011","CASTRO, JOAQUIN","Democratic Party","DEM","House","H","Texas","TX","20","SAN ANTONIO","TX","78292","2022","17-NOV-20","2020","202011179337048698"
"H8NH01210","PAPPAS, CHRIS","Democratic Party","DEM","House","H","New Hampshire","NH","01","MANCHESTER","NH","03105","2022","17-NOV-20","2020","202011179337048699"
"H8TX32098","ALLRED, COLIN","Democratic Party","DEM","House","H","Texas","TX","32","DALLAS","TX","75360","2022","17-NOV-20","2020","202011179336994686"
"H6FL09179","SOTO, DARREN","Democratic Party","DEM","House","H","Florida","FL","09","KISSIMMEE","FL","34742","2022","17-NOV-20","2020","202011179336994806"
"H8PA18199","RESCHENTHALER, GUY MR.","Republican Party","REP","House","H","Pennsylvania","PA","14","PITTSBURGH","PA","15222","2022","17-NOV-20","2020","202011179336995361"
"H0FL03175","CAMMACK, KAT","Republican Party","REP","House","H","Florida","FL","03","GAINESVILLE","FL","32653","2022","17-NOV-20","2020","202011179336995362"
"H0OH06189","JOHNSON, BILL","Republican Party","REP","House","H","Ohio","OH","06","MARIETTA","OH","45750","2022","17-NOV-20","2020","202011179336995383"
"H0MI02094","HUIZENGA, WILLIAM P","Republican Party","REP","House","H","Michigan","MI","02","HOLLAND","MI","494247452","2022","17-NOV-20","2020","202011179336995385"
"H4GA01039","CARTER, EARL LEROY","Republican Party","REP","House","H","Georgia","GA","01","POOLER","GA","31322","2022","17-NOV-20","2020","202011179336995396"
"H6FL09070","BILIRAKIS, GUS M","Republican Party","REP","House","H","Florida","FL","12","TARPON SPRINGS","FL","346880606","2022","17-NOV-20","2020","202011179336995399"
"H8FL27185","SALAZAR, MARIA ELVIRA","Republican Party","REP","House","H","Florida","FL","27","MIAMI","FL","33243","2022","17-NOV-20","2020","202011179336995610"
"H2LA02131","PETERSON, KAREN CARTER","Democratic Party","DEM","House","H","Louisiana","LA","02","NEW ORLEANS","LA","70115","2022","17-NOV-20","2020","202011179336995637"
"H0IL11052","KINZINGER, ADAM","Republican Party","REP","House","H","Illinois","IL","16","CHANNAHON","IL","60410","2022","17-NOV-20","2020","202011179337017825"
"H6FL18097","MAST, BRIAN","Republican Party","REP","House","H","Florida","FL","18","STUART","FL","34995","2022","17-NOV-20","2020","202011179337017857"
"H0WV01072","MCKINLEY, DAVID B. MR.","Republican Party","REP","House","H","West Virginia","WV","01","WHEELING","WV","26003","2022","17-NOV-20","2020","202011179337018524"
"H8WA08189","SCHRIER, KIM DR.","Democratic Party","DEM","House","H","Washington","WA","08","ISSAQUAH","WA","98027","2022","17-NOV-20","2020","202011179337019316"
"H2CA36439","RUIZ, RAUL DR.","Democratic Party","DEM","House","H","California","CA","36","PALM DESERT","CA","92261","2022","17-NOV-20","2020","202011179337019382"
"H8VA07094","SPANBERGER, ABIGAIL","Democratic Party","DEM","House","H","Virginia","VA","07","GLEN ALLEN","VA","23058","2022","17-NOV-20","2020","202011179337019400"
"H8CA20059","NUNES, DEVIN G.","Republican Party","REP","House","H","California","CA","22","VISALIA","CA","932906545","2022","17-NOV-20","2020","202011179337020305"
"H0PA10110","DEPASQUALE, EUGENE","Democratic Party","DEM","House","H","Pennsylvania","PA","10","YORK","PA","17405","2022","17-NOV-20","2020","202011179337020437"
"H2FL25018","DIAZ-BALART, MARIO","Republican Party","REP","House","H","Florida","FL","25","MIAMI","FL","331733512","2022","17-NOV-20","2020","202011179337048526"
"H8FL17053","STEUBE, GREG","Republican Party","REP","House","H","Florida","FL","17","SARASOTA","FL","34232","2022","16-NOV-20","2020","202011169336989908"
"H2FL09152","HARTPENCE, KENNETH JAMES","Republican Party","REP","House","H","Florida","FL","09","AUBURNDALE","FL","33823","2022","16-NOV-20","2020","202011169336989925"
"H4GA11061","LOUDERMILK, BARRY","Republican Party","REP","House","H","Georgia","GA","11","CASSVILLE","GA","301230447","2022","16-NOV-20","2020","202011169336989953"
"H0FL09073","ORTIZ, SERGIO E","Republican Party","REP","House","H","Florida","FL","09","KISSIMMEE","FL","34741","2022","16-NOV-20","2020","202011169336994513"
"H2NC08185","HUDSON, RICHARD L. JR.","Republican Party","REP","House","H","North Carolina","NC","08","CONCORD","NC","28027","2022","16-NOV-20","2020","202011169336989954"
"H8FL06148","WALTZ, MICHAEL","Republican Party","REP","House","H","Florida","FL","06","DELTONA","FL","32725","2022","16-NOV-20","2020","202011169336990113"
"H8MD01094","HARRIS, ANDREW P","Republican Party","REP","House","H","Maryland","MD","01","STEVENSVILLE","MD","21666","2022","16-NOV-20","2020","202011169336993246"
"H2MN03096","ERICKSON, LILY JOY","Democratic Party","DEM","House","H","Minnesota","MN","03","BROOKLYN PARK","MN","55443","2022","16-NOV-20","2020","202011169336990118"
"H0MN07091","FISCHBACH, MICHELLE","Republican Party","REP","House","H","Minnesota","MN","07","LITCHFIELD","MN","55355","2022","16-NOV-20","2020","202011169336990439"
"H0FL26036","GIMENEZ, CARLOS","Republican Party","REP","House","H","Florida","FL","26","MIAMI","FL","33174","2022","16-NOV-20","2020","202011169336990452"
"H6IL18088","LAHOOD, DARIN MCKAY","Republican Party","REP","House","H","Illinois","IL","18","DUNLAP","IL","61525","2022","16-NOV-20","2020","202011169336992097"
"H8CA49058","LEVIN, MIKE","Democratic Party","DEM","House","H","California","CA","49","CAPISTRANO BEACH","CA","92624","2022","16-NOV-20","2020","202011169336992773"
"H0AL01055","CARL, JERRY LEE, JR","Republican Party","REP","House","H","Alabama","AL","01","MOBILE","AL","36685","2022","16-NOV-20","2020","202011169336990116"
"H8CA45130","PORTER, KATHERINE","Democratic Party","DEM","House","H","California","CA","45","IRVINE","CA","92617","2022","15-NOV-20","2020","202011159336989584"
"H0CA18068","KUMAR, RISHI","Democratic Party","DEM","House","H","California","CA","18","SARATOGA","CA","95070","2022","14-NOV-20","2020","202011149336989389"
"H8ME02185","GOLDEN, JARED","Democratic Party","DEM","House","H","Maine","ME","02","LEWISTON","ME","04240","2022","14-NOV-20","2020","202011149336989390"
"H2CA32222","KHAN, MUMIN","Democratic Party","DEM","House","H","California","CA","32","COVINA","CA","91723","2022","14-NOV-20","2020","202011149336989348"
"H8TX16109","ESCOBAR, VERONICA","Democratic Party","DEM","House","H","Texas","TX","16","EL PASO","TX","79923","2022","14-NOV-20","2020","202011149336989377"
"H6PA02171","EVANS, DWIGHT","Democratic Party","DEM","House","H","Pennsylvania","PA","03","PHILADELPHIA","PA","19138","2022","14-NOV-20","2020","202011149336989357"
"H8MI13250","TLAIB, RASHIDA","Democratic Party","DEM","House","H","Michigan","MI","13","DETRIOT","MI","48202","2022","14-NOV-20","2020","202011149336989358"
"H4NY04075","RICE, KATHLEEN","Democratic Party","DEM","House","H","New York","NY","04","MINEOLA","NY","11501","2022","14-NOV-20","2020","202011149336989360"
"H2TX27190","VELA, FILEMON","Democratic Party","DEM","House","H","Texas","TX","34","SAN ANTONIO","TX","78248","2022","14-NOV-20","2020","202011149336989356"
"S2UT00294","SEARLE, AUSTIN","Democratic Party","DEM","Senate","S","Utah","UT","00","LEHI","UT","84043","2022","13-NOV-20","2020","202011139336989305"
"H4MT00050","ROSENDALE, MATT MR.","Republican Party","REP","House","H","Montana","MT","","HELENA","MT","596044907","2022","13-NOV-20","2020","202011139336989316"
"H8CA05035","PELOSI, NANCY","Democratic Party","DEM","House","H","California","CA","12","SAN FRANCISCO","CA","94104","2022","13-NOV-20","2020","202011139336988660"
"H0MA04259","HALL, JULIE","Republican Party","REP","House","H","Massachusetts","MA","04","ATTLEBORO","MA","02703","2022","13-NOV-20","2020","202011139336988661"
"H0CA48198","STEEL, MICHELLE","Republican Party","REP","House","H","California","CA","48","SURFSIDE","CA","90743","2022","13-NOV-20","2020","202011139336989073"
"S2CA00930","HERLE, DHRUVA","Democratic Party","DEM","Senate","S","California","CA","00","MOUNTAIN VIEW","CA","94040","2022","13-NOV-20","2020","202011139336988730"
"H4TX09095","GREEN, ALEXANDER","Democratic Party","DEM","House","H","Texas","TX","09","HOUSTON","TX","77054","2022","13-NOV-20","2020","202011139336988986"
"H8CA10167","COX, TERRENCE JOHN (TJ)","Democratic Party","DEM","House","H","California","CA","21","SELMA","CA","93662","2022","13-NOV-20","2020","202011139336989038"
"H2MD05155","HOYER, STENY","Democratic Party","DEM","House","H","Maryland","MD","05","BOWIE","MD","20716","2022","13-NOV-20","2020","202011139336988670"
"H0GA09246","CLYDE, ANDREW","Republican Party","REP","House","H","Georgia","GA","09","JEFFERSON","GA","30549","2022","12-NOV-20","2020","202011129336986976"
"H0LA01087","SCALISE, STEVE MR","Republican Party","REP","House","H","Louisiana","LA","01","JEFFERSON","LA","70183","2022","12-NOV-20","2020","202011129336988590"
"H8NM01331","HAALAND, DEBRA","Democratic Party","DEM","House","H","New Mexico","NM","01","ALBUQUERQUE","NM","87125","2022","12-NOV-20","2020","202011129336987198"
"H0MA07054","CAMPBELL, RAYLA","Republican Party","REP","House","H","Massachusetts","MA","07","RANDOLPH","IA","02368","2022","12-NOV-20","2020","202011129336987206"
"H8TN07076","GREEN, MARK DR.","Republican Party","REP","House","H","Tennessee","TN","07","BRENTWOOD","TN","37024","2022","12-NOV-20","2020","202011129336987221"
"H8PA15229","WILD, SUSAN","Democratic Party","DEM","House","H","Pennsylvania","PA","07","ALLENTOWN","PA","18104","2022","12-NOV-20","2020","202011129336987223"
"H4FL20023","WASSERMAN SCHULTZ, DEBBIE","Democratic Party","DEM","House","H","Florida","FL","23","WESTON","FL","33326","2022","12-NOV-20","2020","202011129336987334"
"H8SD01055","JOHNSON, DUSTY","Republican Party","REP","House","H","South Dakota","SD","00","MITCHELL","SD","57301","2022","12-NOV-20","2020","202011129336987620"
"H2CA37023","CALVERT, KEN","Republican Party","REP","House","H","California","CA","42","CORONA","CA","92878","2022","12-NOV-20","2020","202011129336987628"
"H6OH08315","DAVIDSON, WARREN","Republican Party","REP","House","H","Ohio","OH","08","TROY","OH","453739524","2022","12-NOV-20","2020","202011129336987629"
"H2MO02102","WAGNER, ANN L.","Republican Party","REP","House","H","Missouri","MO","02","BALLWIN","MO","630220050","2022","12-NOV-20","2020","202011129336987649"
"H0IA04145","FEENSTRA, RANDALL","Republican Party","REP","House","H","Iowa","IA","04","HULL","IA","512397323","2022","12-NOV-20","2020","202011129336987652"
"H6VT00160","WELCH, PETER","Democratic Party","DEM","House","H","Vermont","VT","00","BURLINGTON","VT","05402","2022","12-NOV-20","2020","202011129336987655"
"H0MN01045","HAGEDORN, JAMES","Republican Party","REP","House","H","Minnesota","MN","01","BLUE EARTH","MN","560131317","2022","12-NOV-20","2020","202011129336987661"
"H6OH04082","JORDAN, JAMES D.","Republican Party","REP","House","H","Ohio","OH","04","URBANA","OH","430789637","2022","12-NOV-20","2020","202011129336987881"
"H8PA10147","MEUSER, DANIEL","Republican Party","REP","House","H","Pennsylvania","PA","09","WYOMING","PA","186449373","2022","12-NOV-20","2020","202011129336987908"
"H2IL13120","DAVIS, RODNEY L","Republican Party","REP","House","H","Illinois","IL","13","TAYLORVILLE","IL","625689601","2022","12-NOV-20","2020","202011129336987911"
"H8NY06048","MEEKS, GREGORY W.","Democratic Party","DEM","House","H","New York","NY","05","JAMAICA","NY","11432","2022","12-NOV-20","2020","202011129336988118"
"H8MA07032","PRESSLEY, AYANNA","Democratic Party","DEM","House","H","Massachusetts","MA","07","DORCHESTER CENTER","MA","02124","2022","12-NOV-20","2020","202011129336988131"
"H8MI11254","STEVENS, HALEY","Democratic Party","DEM","House","H","Michigan","MI","11","ROCHESTER HILLS","MI","48309","2022","12-NOV-20","2020","202011129336988147"
"H8MN03143","PHILLIPS, DEAN","Democratic-Farmer-Labor","DFL","House","H","Minnesota","MN","03","EXCELSIOR","MN","55331","2022","12-NOV-20","2020","202011129336988156"
"H8NJ11142","SHERRILL, MIKIE","Democratic Party","DEM","House","H","New Jersey","NJ","11","MONTCLAIR","NJ","07043","2022","12-NOV-20","2020","202011129336988157"
"H8PA06087","HOULAHAN, CHRISSY","Democratic Party","DEM","House","H","Pennsylvania","PA","06","DEVON","PA","19333","2022","12-NOV-20","2020","202011129336987193"
"H4AR04048","WESTERMAN, BRUCE","Republican Party","REP","House","H","Arkansas","AR","04","HOT SPRINGS","AR","71901","2022","11-NOV-20","2020","202011119336986089"
"H0NY29054","REED, THOMAS W","Republican Party","REP","House","H","New York","NY","23","CORNING","NY","148302442","2022","11-NOV-20","2020","202011119336986217"
"H0IN05326","SPARTZ, VICTORIA","Republican Party","REP","House","H","Indiana","IN","05","NOBLESVILLE","IN","46061","2022","11-NOV-20","2020","202011119336986219"
"H2TX31044","CARTER, JOHN R REP.","Republican Party","REP","House","H","Texas","TX","31","WASHINGTON","DC","205150001","2022","11-NOV-20","2020","202011119336986246"
"H2KY04121","MASSIE, THOMAS H.","Republican Party","REP","House","H","Kentucky","KY","04","NEWPORT","KY","41072","2022","11-NOV-20","2020","202011119336986642"
"H2TN03193","LINDSEY, LUCY JELLYBEAN","Independent","IND","House","H","Tennessee","TN","03","CHATTANOOGA","TN","37405","2022","11-NOV-20","2020","202011119336986603"
"H0DC00058","NORTON, ELEANOR HOLMES","Democratic Party","DEM","House","H","District Of Columbia","DC","00","WASHINGTON","DC","20003","2022","11-NOV-20","2020","202011119336986611"
"H0NY27090","JACOBS, CHRISTOPHER L.","Republican Party","REP","House","H","New York","NY","27","HAMBURG","NY","14075","2022","11-NOV-20","2020","202011119336986617"
"H0OK05205","BICE, STEPHANIE","Republican Party","REP","House","H","Oklahoma","OK","05","OKLAHOMA CITY","OK","73156","2022","11-NOV-20","2020","202011119336986640"
"H8IN04199","BAIRD, JAMES R DR.","Republican Party","REP","House","H","Indiana","IN","04","GREENCASTLE","IN","46235","2022","11-NOV-20","2020","202011119336986579"
"H2TN03185","LINDSEY, BABO","Democratic Party","DEM","House","H","Tennessee","TN","03","CHATTANOOGA","TN","37405","2022","10-NOV-20","2020","202011109336977495"
"H4CA23011","WATERS, MAXINE MS","Democratic Party","DEM","House","H","California","CA","43","LOS ANGELES","CA","90044","2022","10-NOV-20","2020","202011109336984784"
"H8MN05239","OMAR, ILHAN","Democratic-Farmer-Labor","DFL","House","H","Minnesota","MN","05","MINNEAPOLIS","MN","55408","2022","10-NOV-20","2020","202011109336983249"
"H8CA48035","ROUDA, HARLEY E JR","Democratic Party","DEM","House","H","California","CA","48","NEWPORT BEACH","CA","92660","2022","10-NOV-20","2020","202011109336983236"
"H2AZ09126","JOHNSON, ORLANDO C JR","Republican Party","REP","House","H","Arizona","AZ","09","GLENDALE","AZ","85307","2022","09-NOV-20","2020","202011099336973037"
"H4CA12055","KHANNA, ROHIT","Democratic Party","DEM","House","H","California","CA","17","SANTA CLARA","CA","95051","2022","09-NOV-20","2020","202011099336973161"
"S0NH00326","BOLDUC, DONALD C.","Republican Party","REP","Senate","S","New Hampshire","NH","00","STRATHAM","NH","03885","2022","09-NOV-20","2020","202011099336973461"
"H4CA35031","TORRES, NORMA","Democratic Party","DEM","House","H","California","CA","35","ONTARIO","CA","91764","2022","09-NOV-20","2020","202011099336973749"
"H0NC03149","SMITH, SANDY","Republican Party","REP","House","H","North Carolina","NC","01","WINTERVILLE","NC","28590","2022","09-NOV-20","2020","202011099336973824"
"H6FL13205","CRIST, CHARLIE","Democratic Party","DEM","House","H","Florida","FL","13","ST. PETERSBURG","FL","33731","2022","09-NOV-20","2020","202011099336973836"
"H0CA48024","ISSA, DARRELL E","Republican Party","REP","House","H","California","CA","50","ESCONDIDO","CA","92046","2022","09-NOV-20","2020","202011099336974349"
"H0PA12181","KELLER, FRED","Republican Party","REP","House","H","Pennsylvania","PA","12","MIDDLEBURG","PA","17842","2022","09-NOV-20","2020","202011099336973894"
"H2CA52089","PETERS, SCOTT","Democratic Party","DEM","House","H","California","CA","52","SAN DIEGO","CA","92192","2022","09-NOV-20","2020","202011099336974373"
"H4WI04183","MOORE, GWEN S","Democratic Party","DEM","House","H","Wisconsin","WI","04","MILWAUKEE","WI","53216","2022","09-NOV-20","2020","202011099336974378"
"H8IL04134","GARCIA, JESUS","Democratic Party","DEM","House","H","Illinois","IL","04","CHICAGO","IL","60632","2022","09-NOV-20","2020","202011099336974379"
"H0WA08046","DELBENE, SUZAN K","Democratic Party","DEM","House","H","Washington","WA","01","KIRKLAND","WA","98083","2022","09-NOV-20","2020","202011099336975858"
"H6WA09025","SMITH, D. ADAM","Democratic Party","DEM","House","H","Washington","WA","09","RENTON","WA","98057","2022","09-NOV-20","2020","202011099336975859"
"H0MD06231","PARROTT, NEIL CONRAD","Republican Party","REP","House","H","Maryland","MD","06","HAGERSTOWN","MD","21742","2022","09-NOV-20","2020","202011099336973837"
"H0AR01083","CRAWFORD, ERIC ALAN RICK","Republican Party","REP","House","H","Arkansas","AR","01","JONESBORO","AR","72404","2022","08-NOV-20","2020","202011089336972842"
"H2IN90019","PATEL, HIREN MR.","Republican Party","REP","House","H","Indiana","IN","90","INDIANAPOLIS","IN","46237","2022","08-NOV-20","2020","202011089336972968"
"H6WY00159","CHENEY, ELIZABETH MRS.","Republican Party","REP","House","H","Wyoming","WY","00","CASPER","WY","82602","2022","08-NOV-20","2020","202011089336972847"
"H2TN07103","KUSTOFF, DAVID","Republican Party","REP","House","H","Tennessee","TN","08","GERMANTOWN","TN","381382769","2022","07-NOV-20","2020","202011079336972701"
"H0CA27085","SCHIFF, ADAM","Democratic Party","DEM","House","H","California","CA","28","LOS ANGELES","CA","90017","2022","06-NOV-20","2020","202011069336972530"
"H8CA34266","GOMEZ, JIMMY","Democratic Party","DEM","House","H","California","CA","34","LOS ANGELES","CA","90017","2022","06-NOV-20","2020","202011069336972532"
"H4WA04104","NEWHOUSE, DAN","Republican Party","REP","House","H","Washington","WA","04","SUNNYSIDE","WA","989449767","2022","06-NOV-20","2020","202011069336972576"
"H0CA03128","HAMILTON, TAMIKA","Republican Party","REP","House","H","California","CA","03","DIXON","CA","95620","2022","06-NOV-20","2020","202011069336972614"
"H4CA33119","LIEU, TED","Democratic Party","DEM","House","H","California","CA","33","LOS ANGELES","CA","90017","2022","06-NOV-20","2020","202011069336972615"
"H8OK01157","HERN, KEVIN","Republican Party","REP","House","H","Oklahoma","OK","01","TULSA","OK","74137","2022","06-NOV-20","2020","202011069336972107"
"H8TX05144","GOODEN, LANCE","Republican Party","REP","House","H","Texas","TX","05","TERRELL","TX","75160","2022","06-NOV-20","2020","202011069336972108"
"H0TX04219","FALLON, PATRICK","Republican Party","REP","House","H","Texas","TX","04","CELINA","TX","75009","2022","06-NOV-20","2020","202011069336972109"
"H0TX24209","VAN DUYNE, ELIZABETH ANN","Republican Party","REP","House","H","Texas","TX","24","IRVING","TX","75063","2022","06-NOV-20","2020","202011069336972153"
"H8TX03123","TAYLOR, NICHOLAS V.","Republican Party","REP","House","H","Texas","TX","03","PLANO","TX","75093","2022","06-NOV-20","2020","202011069336972161"
"H0TX22302","NEHLS, TROY","Republican Party","REP","House","H","Texas","TX","22","RICHMOND","TX","77469","2022","06-NOV-20","2020","202011069336972188"
"H0TN01118","HARSHBARGER, DIANA","Republican Party","REP","House","H","Tennessee","TN","01","KINGSPORT","TN","37664","2022","06-NOV-20","2020","202011069336972247"
"H6MI04113","UPTON, FREDERICK STEPHEN","Republican Party","REP","House","H","Michigan","MI","06","SAINT JOSEPH","MI","490851048","2022","05-NOV-20","2020","202011059336970647"
"H2AL07173","NICHOLS, BEATRICE JACKSON","Republican Party","REP","House","H","Alabama","AL","07","MOUNDVILLE","AL","35474","2022","05-NOV-20","2020","202011059336970631"
"H0KS01123","MANN, TRACEY ROBERT","Republican Party","REP","House","H","Kansas","KS","01","SALINA","KS","674021084","2022","05-NOV-20","2020","202011059336759692"
"H8ND00096","ARMSTRONG, KELLY","Republican Party","REP","House","H","North Dakota","ND","00","BISMARCK","ND","58503","2022","05-NOV-20","2020","202011059336759691"
"H8TX06233","WRIGHT, RON","Republican Party","REP","House","H","Texas","TX","06","ARLINGTON","TX","76017","2022","05-NOV-20","2020","202011059336970665"
"H4TX10028","DOGGETT, LLOYD","Democratic Party","DEM","House","H","Texas","TX","35","AUSTIN","TX","78702","2022","05-NOV-20","2020","202011059336970681"
"H2TX37025","SASINOWSKI, JAMES","Other","OTH","House","H","Texas","TX","37","AUSTIN","TX","78723","2022","05-NOV-20","2020","202011059336753428"
"H8NY15148","OCASIO-CORTEZ, ALEXANDRIA FOR","Democratic Party","DEM","House","H","New York","NY","14","CORONA","NY","113680080","2022","05-NOV-20","2020","202011059336972100"
"H0IA01174","ARENHOLZ, ASHLEY HINSON","Republican Party","REP","House","H","Iowa","IA","01","MARION","IA","52302","2022","05-NOV-20","2020","202011059336749887"
"H0TX35015","GONZALES, ERNEST ANTHONY TONY II","Republican Party","REP","House","H","Texas","TX","23","SAN ANTONIO","TX","78248","2022","05-NOV-20","2020","202011059336749890"
"H2MI05119","KILDEE, DANIEL T","Democratic Party","DEM","House","H","Michigan","MI","05","FLUSHING","MI","48433","2022","05-NOV-20","2020","202011059336749898"
"H2TX33040","WILLIAMS, ROGER","Republican Party","REP","House","H","Texas","TX","25","CLEBURNE","TX","76031","2022","05-NOV-20","2020","202011059336753426"
"H8TN06094","ROSE, JOHN W.","Republican Party","REP","House","H","Tennessee","TN","06","COOKEVILLE","TN","38502","2022","05-NOV-20","2020","202011059336970649"
"H4CA16049","LOFGREN, ZOE","Democratic Party","DEM","House","H","California","CA","19","SAN JOSE","CA","95126","2022","04-NOV-20","2020","202011049336749653"
"H2SC07157","NORRIS, RYAN NIGEL NORFIELD MR JR.","Democratic Party","DEM","House","H","South Carolina","SC","07","LORIS","SC","29569","2022","04-NOV-20","2020","202011049336749652"
"H8CA12262","BUTTAR, SHAHID","Democratic Party","DEM","House","H","California","CA","12","SAN FRANCISCO","CA","94117","2022","04-NOV-20","2020","202011049336744200"
"H2CA06259","HUFFMAN, JARED","Democratic Party","DEM","House","H","California","CA","02","SAN RAFAEL","CA","94915","2022","04-NOV-20","2020","202011049336744199"
"H6FL13148","BUCHANAN, VERNON","Republican Party","REP","House","H","Florida","FL","16","SARASOTA","FL","342305928","2022","04-NOV-20","2020","202011049336744150"
"S2CA00922","KEIVAULQE AUTIAMEINEIRE, FEPBRINA ESTRELVIA","None","NNE","Senate","S","California","CA","00","ROSEMEAD","CA","91770","2022","03-NOV-20","2020","202011039336744080"
"S2CA00914","THACH, MARY GLORY","None","NNE","Senate","S","California","CA","00","ROSEMEAD","CA","91770","2022","01-NOV-20","2020","202011019336679836"
"S2CA00906","URBINA, ERIK","Republican Party","REP","Senate","S","California","CA","00","STOCKTON","CA","95204","2022","30-OCT-20","2020","202010309336670747"
"S2UT00286","BARLOW, EVAN DR.","Unaffiliated","UN","Senate","S","Utah","UT","00","PLEASANT VIEW","UT","84414","2022","29-OCT-20","2020","202010299336667707"
"H2TX18165","EVERGREEN, CASSIUS MARCELLOUS","Democratic Party","DEM","House","H","Texas","TX","18","HOUSTON","TX","77004","2022","27-OCT-20","2020","202010279336627536"
"H2CA17116","KATZ, SARAH","Democratic Party","DEM","House","H","California","CA","17","SUNNYVALE","CA","94086","2022","23-OCT-20","2020","202010239336455529"
"S0WI00247","NELSON, TOM","Democratic Party","DEM","Senate","S","Wisconsin","WI","00","KAUKAUNA","WI","54130","2022","19-OCT-20","2020","202010199297282936"
"H0MI12150","CARBONARO, ANTHONY M","Democratic Party","DEM","House","H","Michigan","MI","12","ALLEN PARK","MI","48101","2022","15-OCT-20","2020","202010159294636560"
"H6FL01143","MILLS, RALPH JOHN III","Republican Party","REP","House","H","Florida","FL","01","NAVARRE","FL","32566","2022","14-OCT-20","2020","202010149285841817"
"H2UT01243","DAVIS, MARIE","Federalist","FED","House","H","Utah","UT","01","SALT LAKE CITY","UT","84118","2021","05-OCT-20","2020","202010059285015269"
"H2CA47162","GRIFFITH, WILLIAM","Democratic Party","DEM","House","H","California","CA","47","LONG BEACH","CA","90802","2022","02-OCT-20","2020","202010029284994334"
"H2PA05066","MARGUS, ROBERT","Democratic Party","DEM","House","H","Pennsylvania","PA","05","MARCUS HOOK","PA","19061","2022","25-SEP-20","2020","202009259284968088"
"H2MI08154","JAYE, BRIAN STEVEN","Democratic Party","DEM","House","H","Michigan","MI","08","ROCHESTER","MI","48307","2022","13-SEP-20","2020","202009139267166280"
"S0NY00667","SALEM, KHALED MR","Democratic Party","DEM","Senate","S","New York","NY","00","BROOKLYN","NY","11209","2022","10-SEP-20","2020","202009109267129932"
"H2FL20126","BOSWELL, MATT","Democratic Party","DEM","House","H","Florida","FL","20","FORT LAUDERDALE","FL","33311","2022","10-SEP-20","2020","202009109267130822"
"H8CA12171","SPEIER, JACKIE","Democratic Party","DEM","House","H","California","CA","14","BURLINGAME","CA","94011","2022","09-SEP-20","2020","202009099267125115"
"S2NC00281","RORIE, WINTER MS","Democratic Party","DEM","Senate","S","North Carolina","NC","00","GREENSBORO","NC","27401","2021","04-SEP-20","2020","202009049267082237"
"H0TX09184","WILLIAMS, MELISSA MECHELLE","Republican Party","REP","House","H","Texas","TX","09","PEARLAND","TX","77584","2022","24-AUG-20","2020","202008249266982382"
"H2NY13112","MANTANONA, NICHOLAS MR","Independent","IND","House","H","New York","NY","13","NEW YORK","NY","10029","2022","23-AUG-20","2020","202008239266864453"
"S2NY00333","MANTANONA, NICHOLAS MR","Independent","IND","Senate","S","New York","NY","00","NEW YORK","NY","10029","2022","23-AUG-20","2020","202008239266864450"
"S2MA00196","ARMAS, DAVID MICHAEL","Independent","IND","Senate","S","Massachusetts","MA","00","STERLING","MA","01564","2022","22-AUG-20","2020","202008229266863516"
"H0FL04140","AGUILAR, ERICK JAVIER DR.","Republican Party","REP","House","H","Florida","FL","04","JACKSONVILLE","FL","32225","2022","19-AUG-20","2020","202008199261415413"
"H2CO01165","CATALANO, THOMAS","Other","OTH","House","H","Colorado","CO","01","DENVER","CO","80216","2021","14-AUG-20","2020","202008149261303519"
"S2CA00898","LUCERO, ROBERT GEORGE MR JR","Democratic Party","DEM","Senate","S","California","CA","00","CULVER CITY","CA","90232","2022","13-AUG-20","2020","202008139261300094"
"H0NC11191","BENNETT, LYNDA","Republican Party","REP","House","H","North Carolina","NC","11","RALEIGH","NC","27624","2022","11-AUG-20","2020","202008119261291437"
"H2CA27214","PREBOLA, CRYSTAL","Republican Party","REP","House","H","California","CA","27","CLAREMONT","CA","91711","2022","11-AUG-20","2020","202008119261293335"
"P20005518","DUNN, JAMES","Republican Party","REP","President","P","United States","00","00","STATESVILLE","NC","28677","2021","03-AUG-20","2020","202008039261205814"
"S2CA00880","LIU, PETER Y","Republican Party","REP","Senate","S","California","CA","00","OAKLAND","CA","94601","2022","03-AUG-20","2020","202008039261204967"
"H0IN01135","MCDERMOTT, THOMAS","Democratic Party","DEM","House","H","Indiana","IN","01","HAMMOND","IN","46324","2022","30-JUL-20","2020","202007309261189236"
"H0KS01180","SOETAERT, MICHAEL ALAN REVEREND","Republican Party","REP","House","H","Kansas","KS","01","ALTA VISTA","KS","66834","2022","27-JUL-20","2020","202007279260820324"
"S2NY00325","SARE, DIANE WILSON MS","Independent","IND","Senate","S","New York","NY","00","NEW YORK","NY","10014","2022","16-JUL-20","2020","202007169250339368"
"P20005500","GUZMAN, MARIO","EMP","EMP","President","P","United States","00","00","EL RENO","OK","73036","2021","10-JUL-20","2020","202007109244413799"
"S2MO00460","SHEPARD, TIMOTHY JACOB","Democratic Party","DEM","Senate","S","Missouri","MO","00","EXCELSIOR SPRINGS","MO","64024","2022","09-JUL-20","2020","202007099244394410"
"H2MA01210","MARINO, LOUIS GREGORY","Republican Party","REP","House","H","Massachusetts","MA","01","ATHOL","MA","01331","2022","08-JUL-20","2020","202007089244374178"
"H2CA42163","RIOS, ANGEL ANTHONY MR.","Independent","IND","House","H","California","CA","42","CORONA","CA","92881","2022","07-JUL-20","2020","202007079244343076"
"S2WA00338","SLEISTER, NICOLAUS","Democratic Party","DEM","Senate","S","Washington","WA","00","PUYALLUP","WA","98375","2022","06-JUL-20","2020","202007069244334736"
"H0WI06194","WASHBURN, AMY IRENE MS.","Democratic Party","DEM","House","H","Wisconsin","WI","06","SHEBOYGAN","WI","53081","2022","02-JUL-20","2020","202007029244237356"
"H6CA44145","NAVARRO, OMAR","Republican Party","REP","House","H","California","CA","43","TORRANCE","CA","90505","2022","01-JUL-20","2020","202007019244229632"
"H0GA04122","HICKS, ANTONIO CORTEZ","Democratic Party","DEM","House","H","Georgia","GA","04","LOGANVILLE","GA","30052","2022","01-JUL-20","2020","202007019244230978"
"H0CA33216","LIEW, SARAH SUN DR.","Republican Party","REP","House","H","California","CA","33","BEVERLY HILLS","CA","90212","2022","29-JUN-20","2020","202006299244224623"
"S2CA01144","LIEW, SARAH","Republican Party","REP","Senate","S","California","CA","00","BEVERLY  HILLS","CA","90212","2022","29-JUN-20","2020","202006299244224620"
"P40003584","CAVANAGH, ERIC SCOTT","Republican Party","REP","President","P","United States","00","01","NORTHEAST","MD","21901","2022","26-JUN-20","2020","202008130300335863"
"S2FL00441","LAROSE, JOSUE","Democratic Party","DEM","Senate","S","Florida","FL","00","PEMBROKE PINES","FL","33082","2022","15-JUN-20","2020","202006159239792372"
"H2CA30275","RHODES, AARIKA SAMONE","Democratic Party","DEM","House","H","California","CA","30","NORTHRIDGE","CA","91324","2022","08-JUN-20","2020","202006089239655189"
"P20005492","CALICO, KENDRA COLLETTA","American Independent Party","AIP","President","P","Tennessee","TN","00","MEMPHIS","TN","38107","2021","31-MAY-20","2020","202005319239586469"
"H0OR05096","GAMBA, MARK","Democratic Party","DEM","House","H","Oregon","OR","05","SACRAMENTO","CA","95815","2022","28-MAY-20","2020","202005289239503216"
"S2IN00133","KHAALIQ, HANEEFAH MS.","Democratic Party","DEM","Senate","S","Indiana","IN","00","MICHIGAN CITY","IN","46360","2022","22-MAY-20","2020","202005229239492578"
"H0IL11128","BANSAL, KRISHNA K","Republican Party","REP","House","H","Illinois","IL","11","AURORA","IL","60504","2022","15-MAY-20","2020","202005159232715151"
"H0TX12246","PUTNAM, CHRIS","Republican Party","REP","House","H","Texas","TX","12","MCLEAN","VA","22101","2022","12-MAY-20","2020","202005129232673048"
"H6CA24113","SHERMAN, BRAD","Democratic Party","DEM","House","H","California","CA","30","LOS ANGELES","CA","90017","2022","11-MAY-20","2020","202005119232638885"
"H4NJ09095","WILDES, MICHAEL","Democratic Party","DEM","House","H","New Jersey","NJ","09","ENGLEWOOD","NJ","07631","2022","06-MAY-20","2020","202005069232368514"
"H2TX22134","ALVAREZ, ANDREW RUBEN","Republican Party","REP","House","H","Texas","TX","22","KATY","TX","77449","2022","01-MAY-20","2020","202005019232358976"
"S2CA00864","WHITNEY, ELLERTON PRATT MARK MR. III","Libertarian Party","LIB","Senate","S","California","CA","00","SAN DIEGO","CA","92121","2022","23-APR-20","2020","202004239232291806"
"S2NC00273","BRIAN, LEE ANDREA MS.","Republican Party","REP","Senate","S","North Carolina","NC","00","RALEIGH","NC","27607","2022","05-APR-20","2020","202004059216594924"
"H0FL22092","MOHAMMAD, IMTIAZ AHMAD","Democratic Party","DEM","House","H","Florida","FL","22","MIRAMAR","FL","33029","2022","01-APR-20","2020","202004019216574075"
"H2CA22157","SANCHEZ HERNANDEZ, JORGE","Democratic Party","DEM","House","H","California","CA","22","IVANHOE","CA","93235","2022","31-MAR-20","2020","202003319216571727"
"P20005484","WALKER, MARIAMA AMINA","Democratic Party","DEM","President","P","United States","00","00","RIALTO","CA","92376","2021","30-MAR-20","2020","202003309216030255"
"H6NC09184","CANO, FERNANDO CHRISTIAN MR. JR","Democratic Party","DEM","House","H","North Carolina","NC","09","CHARLOTTE","NC","28226","2022","19-MAR-20","2020","202003199203897479"
"S0MS00094","WRIGHT, MARY","Independent","IND","Senate","S","Mississippi","MS","00","OLIVE BRANCH","MS","38654","2022","16-MAR-20","2020","202007090300325803"
"H0CA19173","DENHAM, JEFF","Republican Party","REP","House","H","California","CA","10","TURLOCK","CA","95382","2022","14-MAR-20","2020","202003149203832307"
"H2CA00096","BARKLEY, MICHAEL JAMES MR.","Democratic Party","DEM","House","H","California","CA","10","MANTECA","CA","95336","2022","12-MAR-20","2020","202003129203826476"
"H2NY12171","JOSEPH, VLADIMY","Democratic Party","DEM","House","H","New York","NY","12","NEW YORK","NY","10113","2022","07-MAR-20","2020","202003079203793282"
"P20005476","ARAX, JOSEPH ARA","Libertarian Party","LIB","President","P","United States","00","00","FRESNO","CA","93711","2021","06-MAR-20","2020","202003069203792570"
"S2PA00307","MCGUIGAN, JOHN DAVID","Democratic Party","DEM","Senate","S","Pennsylvania","PA","00","PHOENIXVILLE","PA","19460","2022","26-FEB-20","2020","202002269203319508"
"H2HI01104","GILMORE, JOSEPH WHITE","Write-In","W","House","H","Hawaii","HI","01","HONOLULU","HI","96825","2022","21-FEB-20","2020","202002219203315214"
"H2TX37017","MARTINEZ, ANGEL DAVID","Democratic Party","DEM","House","H","Texas","TX","37","LUBBOCK","TX","79424","2022","06-FEB-20","2020","202002069186472929"
"H2NC01214","PATEL, ESHAN","Independent","IND","House","H","North Carolina","NC","01","GREENVILLE","NC","27858","2022","05-FEB-20","2020","202002059186465156"
"H8CA32062","LUTZ, MARY ANN","Democratic Party","DEM","House","H","California","CA","32","MONROVIA","CA","91016","2022","02-JAN-20","2020","202001029167015594"
"H8NY10081","LYNCH, HOLLY","Democratic Party","DEM","House","H","New York","NY","10","NEW YORK","NY","10023","2022","30-DEC-19","2019","201912309166888471"
"S6CA00634","AGBEDE, AKINYEMI","Democratic Party","DEM","Senate","S","California","CA","00","LOS ANGELES","CA","90028","2022","30-DEC-19","2019","201912300300303997"
"H2NC13110","HOLDING, GEORGE E MR.","Republican Party","REP","House","H","North Carolina","NC","02","RALEIGH","NC","27608","2022","09-DEC-19","2019","201912099166164570"
"S2WI00300","D?AMICO, SAMUEL NICHOLAS MR","Democratic Party","DEM","Senate","S","Wisconsin","WI","00","WAUKESHA","WI","53186","2022","03-DEC-19","2019","201912039166154619"
"H0TX03104","ROBERTSON, AL D","Democratic Party","DEM","House","H","Texas","TX","03","PLANO","TX","75023","2022","13-NOV-19","2019","201911139165362648"
"S2MD00529","SMITH, MICHELLE LAURENCE MS","Democratic Party","DEM","Senate","S","Maryland","MD","00","SUITLAND","MD","20752","2022","23-OCT-19","2019","201910239165292577"
"S2FL00433","BARBERENA, CARLOS JOSE","No Party Affiliation","NPA","Senate","S","Florida","FL","00","MIAMI","FL","33196","2022","16-OCT-19","2019","201910169164991458"
"H0CA50129","ABED, SAM","Republican Party","REP","House","H","California","CA","50","ESCONDIDO","CA","92029","2022","14-OCT-19","2019","201910149163848238"
"H2ID01168","BANNER, MICHAEL DOUGLAS MR.","Democratic Party","DEM","House","H","Idaho","ID","01","MERIDIAN","ID","83642","2022","13-OCT-19","2019","201910139163828325"
"S2OH00287","PUKITA, MARK MR.","Republican Party","REP","Senate","S","Ohio","OH","00","DUBLIN","OH","43017","2022","07-OCT-19","2019","201910079163759892"
"H0CA47166","MATHEWS, PETER","Democratic Party","DEM","House","H","California","CA","47","LONG BEACH","CA","90814","2022","20-SEP-19","2019","201909209163483734"
"P20005468","RAEGAN, MARK LAWRENCE JR","Personal Choice Party","PCH","President","P","United States","00","00","YONCALLA","OR","97401","2022","12-SEP-19","2019","201909129163225230"
"S2FL00425","GRANDA, GRACE","Unknown","UNK","Senate","S","Florida","FL","00","BOCA RATON","FL","33429","2022","28-AUG-19","2019","201908280300293629"
"H2CA01169","SAGOO, GURPINDER SINGH","Republican Party","REP","House","H","California","CA","01","RESEDA","CA","91335","2022","26-AUG-19","2019","201908269163103610"
"S2VA00217","KING, ZOEY MARIA","Democratic Party","DEM","Senate","S","Virginia","VA","00","RICHMOND","VA","23237","2022","18-AUG-19","2019","201908189162903925"
"H2NY00069","JOSEPH, VLADIMY MR.","Democratic Party","DEM","House","H","New York","NY","00","BRONX","NY","10453","2022","29-JUL-19","2019","201907299152044332"
"P20005450","KONG, DONOVAN J","Democratic Party","DEM","President","P","United States","00","00","EVERETT","WA","98203","2021","27-JUN-19","2019","201906279150360731"
"S2CT00264","FLYNN, JOHN J","Republican Party","REP","Senate","S","Connecticut","CT","00","NORWALK","CT","06854","2022","24-JUN-19","2019","201906240300280869"
"S2CT00256","HYDE, ROBERT FINLEY","Republican Party","REP","Senate","S","Connecticut","CT","00","CANTON","CT","06019","2022","07-JUN-19","2019","201906079149967289"
"H8CA45189","FORDE, BRIAN","Democratic Party","DEM","House","H","California","CA","45","TUSTIN","CA","92782","2022","15-MAY-19","2019","201905159149712979"
"S0GA00377","DEJESUS, MARCKEITH","Democratic Party","DEM","Senate","S","Georgia","GA","00","ATLANTA","GA","30319","2022","06-MAY-19","2019","201905069149631150"
"S2AL00111","DEAN, BRANDAUN LEFRED MAYOR","Democratic Party","DEM","Senate","S","Alabama","AL","00","BRIGHTON","AL","35020","2022","01-MAY-19","2019","201905019149607298"
"S2MD00511","FARRIS, JADEN THOMAS MR.","Democratic Party","DEM","Senate","S","Maryland","MD","00","DAVIDSONVILLE","MD","21035","2022","09-MAR-19","2019","201903099145646974"
"H2MI64017","HUNT, ANDREW","Democratic Party","DEM","House","H","Michigan","MI","64","PONTIAC","MI","48342","2021","09-FEB-19","2019","201902099145478880"
"S2OH00279","LACAVERA, DOMINIC JAMES JR.","Libertarian Party","LIB","Senate","S","Ohio","OH","00","EASTLAKE","OH","44095","2022","02-FEB-19","2019","201902029145458240"
"S2CA00856","WILLIAMS, BRANT JOHN-MICHAEL","Independent","IND","Senate","S","California","CA","00","VISALIA","CA","93279","2022","24-JAN-19","2019","201901249143967898"
"S8CA00515","BRADLEY, JAMES PATRICK MR","Republican Party","REP","Senate","S","California","CA","00","LAGUNA NIGUEL","CA","92677","2022","12-DEC-18","2018","201812120300253671"
"S2ND00107","STEELE, MICHAEL REVEREND","Constitutional","CST","Senate","S","North Dakota","ND","00","FARGO","ND","58102","2022","27-OCT-18","2018","201810279133547501"
"S2CA00591","CARROLL, JERRY LEON","Other","OTH","Senate","S","California","CA","00","STOCKTON","CA","95208","2022","01-AUG-18","2018","201808080200672252"
"S2CA00849","GUTIERREZ, PAUL ANTHONY","Republican Party","REP","Senate","S","California","CA","00","LOS GATOS","CA","95032","2022","26-JUL-18","2018","201807260200661681"
"P20005427","RINCON, MARY","Independent American Party","IAP","President","P","United States","00","00","QUEEN CREEK","AZ","85142","2021","28-AUG-17","2017","201708289071129087"
"H2NY06165","FUENTES-PADILLA, CHRISTOPHER ROBBIN MR.","Libertarian Party","LIB","House","H","New York","NY","06","OAKLAND GARDENS","NY","11364","2022","28-AUG-17","2017","201708289071128981"
"S4OK00232","LANKFORD, JAMES PAUL","Republican Party","REP","Senate","S","Oklahoma","OK","00","EDMOND","OK","730139415","2022","05-JUN-17","2017","201706080200155158"
"S0UT00165","LEE, MIKE","Republican Party","REP","Senate","S","Utah","UT","00","SALT LAKE CITY","UT","84110","2022","30-MAY-17","2017","201705300200154784"
"S4AK00099","MURKOWSKI, LISA","Republican Party","REP","Senate","S","Alaska","AK","00","GIRDWOOD","AK","99587","2022","25-MAY-17","2017","201705250200154711"
"S0IA00028","GRASSLEY, CHARLES E ","Republican Party","REP","Senate","S","Iowa","IA","00","CEDAR FALLS","IA","506138317","2022","15-MAY-17","2017","201705180200148231"
"S0OH00133","PORTMAN, ROB THE HONORA","Republican Party","REP","Senate","S","Ohio","OH","00","TERRACE PARK","OH","451741224","2022","12-MAY-17","2017","201705120200148023"
"S4LA00065","KENNEDY, JOHN NEELY","Republican Party","REP","Senate","S","Louisiana","LA","00","MADISONVILLE","LA","70447","2022","09-MAY-17","2017","201705090200147786"
"S0KY00156","PAUL, RAND","Republican Party","REP","Senate","S","Kentucky","KY","00","NEWPORT","KY","41072","2022","10-MAR-17","2017","201703100200079750"
"S6OR00110","WYDEN, RONALD LEE","Democratic Party","DEM","Senate","S","Oregon","OR","00","PORTLAND","OR","97208","2022","08-MAR-17","2017","201703150200081356"
"P10000024","COMLEY, STEPHEN BRADLEY SR","Republican Party","REP","President","P","United States","00","00","ROWLEY","MA","01969","2021","06-MAR-17","2017","201703130300144029"
"S2WA00189","MURRAY, PATTY","Democratic Party","DEM","Senate","S","Washington","WA","00","SEATTLE","WA","98124","2022","09-FEB-17","2017","201702100200071157"
"S0WI00197","JOHNSON, RON HAROLD","Republican Party","REP","Senate","S","Wisconsin","WI","00","MADISON","WI","53718","2022","07-FEB-17","2017","201702130200071534"
"S0FL00338","RUBIO, MARCO","Republican Party","REP","Senate","S","Florida","FL","00","MIAMI","FL","33266","2022","01-FEB-17","2017","201702060200064214"
"S4VT00017","LEAHY, PATRICK J","Democratic Party","DEM","Senate","S","Vermont","VT","00","MONTPELIER","VT","05601","2022","30-JAN-17","2017","201702020200050851"
"P20005377","ANDERSON, ANDREW","Democratic Party","DEM","President","P","United States","00","00","BAKERSFIELD","CA","93304","2021","22-JAN-17","2017","201701229041438254"
"S0AR00150","BOOZMAN, JOHN","Republican Party","REP","Senate","S","Arkansas","AR","00","ROGERS","AR","72757","2022","11-JAN-17","2017","201701110200011356"
"S4NC00089","BURR, RICHARD M","Republican Party","REP","Senate","S","North Carolina","NC","00","WINSTON-SALEM","NC","27113","2022","10-JAN-17","2017","201701170200012291"
"S4PA00121","TOOMEY, PATRICK JOSEPH","Republican Party","REP","Senate","S","Pennsylvania","PA","00","ZIONSVILLE","PA","18092","2022","03-JAN-17","2017","201701030200000158"
"S0MO00183","BLUNT, ROY","Republican Party","REP","Senate","S","Missouri","MO","00","WASHINGTON","DC","200031107","2022","27-DEC-16","2016","201612280200817927"
"S6IN00191","YOUNG, TODD CHRISTOPHER","Republican Party","REP","Senate","S","Indiana","IN","00","BLOOMINGTON","IN","47402","2022","15-DEC-16","2016","201612150200814042"
"S0CO00211","BENNET, MICHAEL F","Democratic Party","DEM","Senate","S","Colorado","CO","00","DENVER","CO","80206","2022","08-DEC-16","2016","201612090200730644"
"S0ND00093","HOEVEN, JOHN","Republican Party","REP","Senate","S","North Dakota","ND","00","BISMARCK","ND","58502","2022","06-DEC-16","2016","201612060200670414"
"S4SC00240","SCOTT, TIMOTHY E","Republican Party","REP","Senate","S","South Carolina","SC","00","CHARLESTON","SC","294075305","2022","06-DEC-16","2016","201612120200765432"
"S8ID00027","CRAPO, MIKE","Republican Party","REP","Senate","S","Idaho","ID","00","WASHINGTON","DC","205100001","2022","30-NOV-16","2016","201612050200669830"
"S6NH00091","HASSAN, MARGARET WOOD","Democratic Party","DEM","Senate","S","New Hampshire","NH","00","CONCORD","NH","03302","2022","30-NOV-16","2016","201611300200669352"
"S6NC00324","ABRAMS, MARCIA KAREN DR PHD","Republican Party","REP","Senate","S","North Carolina","NC","00","FAYETTEVILLE","NC","28303","2022","29-NOV-16","2016","201611290200669319"
"S2SD00068","THUNE, JOHN","Republican Party","REP","Senate","S","South Dakota","SD","00","SIOUX FALLS","SD","571088322","2022","28-NOV-16","2016","201612010200669729"
"S0CT00177","BLUMENTHAL, RICHARD","Democratic Party","DEM","Senate","S","Connecticut","CT","00","STAMFORD","CT","06901","2022","22-NOV-16","2016","201611220200667406"
"S6IL00292","DUCKWORTH, L TAMMY","Democratic Party","DEM","Senate","S","Illinois","IL","00","CHICAGO","IL","60610","2022","21-NOV-16","2016","201611290200669132"
"S0KS00091","MORAN, JERRY","Republican Party","REP","Senate","S","Kansas","KS","00","MANHATTAN","KS","665023116","2022","21-NOV-16","2016","201611210200667359"
"S4HI00136","SCHATZ, BRIAN","Democratic Party","DEM","Senate","S","Hawaii","HI","00","HONOLULU","HI","96812","2022","18-NOV-16","2016","201611180200667333"
"S8NY00082","SCHUMER, CHARLES E","Democratic Party","DEM","Senate","S","New York","NY","00","NEW YORK","NY","10016","2022","18-NOV-16","2016","201611180200667329"
"S6MD03441","VAN HOLLEN, CHRIS","Democratic Party","DEM","Senate","S","Maryland","MD","00","KENSINGTON","MD","20895","2022","16-NOV-16","2016","201611160200659659"
"S6CA00584","HARRIS, KAMALA D","Democratic Party","DEM","Senate","S","California","CA","00","LOS ANGELES","CA","90017","2022","14-NOV-16","2016","201611170200667280"
"S6NV00200","MASTO, CATHERINE CORTEZ","Democratic Party","DEM","Senate","S","Nevada","NV","00","LAS VEGAS","NV","89117","2022","14-NOV-16","2016","201611180200667348"
"S6GA00119","ISAKSON, JOHN HARDY","Republican Party","REP","Senate","S","Georgia","GA","00","ATLANTA","GA","303251116","2022","14-NOV-16","2016","201611170200667303"
"P20005344","NEIGHBORS, MARK ALLAN MR","American Independent Party","AIP","President","P","United States","00","00","MONTROSE","PA","18801","2021","21-MAY-16","2016","201605219017282273"
"H2ID02166","TAMAYO, AMY AMERICA","Democratic Party","DEM","House","H","Idaho","ID","02","WASHINGTON","DC","20001","2022","10-MAR-16","2016","201603109009731655"
