CANDIDATE_ID,CANDIDATE_NAME,PARTY,PARTY_CODE,CANDIDATE_OFFICE,CANDIDATE_OFFICE_CODE,CANDIDATE_OFFICE_STATE,CANDIDATE_OFFICE_STATE_CODE,CANDIDATE_OFFICE_DISTRICT,CITY,STATE,ZIP,ELECTION_YEAR,RECEIPT_DATE,REPORT_YEAR,BEGIN_IMAGE_NUMBER
"S6NY00565","SOLOMON, GAVIN","Write-In","W","Senate","S","New York","NY","00","NEW YORK","NY","10016","2026","19-SEP-26","2026","202609199904433305"
"S6NJ00495","CASTILLO NICASIO, EDUARDO JOSE","Write-In","W","Senate","S","New Jersey","NJ","00","MARLBORO","NJ","07746","2026","10-SEP-26","2026","202609109904189225"
"H6AL05277","BALL, CRYSTAL I MRS","None","NNE","House","H","Alabama","AL","05","MILLBROOK","AL","36054","2026","09-SEP-26","2026","202609099904167504"
"H6MI02265","MAGOON, CHARLOTTE IRENE","Green Party","GRE","House","H","Michigan","MI","02","CEDAR SPRINGS","MI","49319","2026","09-SEP-26","2026","202609099904178707"
"H6NY07255","GHAZNAVI, PRISCILLA MS.","Independent","IND","House","H","New York","NY","07","BROOKLYN","NY","11211","2026","08-SEP-26","2026","202609089904111704"
"H0VA09121","DICKERSON, CAMERON DREW","Libertarian Party","LIB","House","H","Virginia","VA","09","CHRISTIANSBURG","VA","24073","2026","07-SEP-26","2026","202609079904104157"
"S6NH00232","MAXWELL, MARY MS","Republican Party","REP","Senate","S","New Hampshire","NH","00","CONCORD","NH","03301","2026","05-SEP-26","2026","202609059904103953"
"H6WI01358","LYONS, JONATHAN PAUL MR","Green Party","GRE","House","H","Wisconsin","WI","01","KENOSHA","WI","53143","2026","05-SEP-26","2026","202609059904103874"
"H6WI01366","LYONS, JONATHAN PAUL MR","Green Party","GRE","House","H","Wisconsin","WI","01","KENOSHA","WI","53143","2026","05-SEP-26","2026","202609059904103930"
"H6LA06182","WAGLEY, STEPHEN","Republican Party","REP","House","H","Louisiana","LA","06","BATON ROUGE","LA","70837","2026","03-SEP-26","2026","202609039904082882"
"H6AL04171","COBB, LEE JEH","Write-In","W","House","H","Alabama","AL","04","HALEYVILLE","AL","35565","2026","31-AUG-26","2026","202608319904049814"
"H6LA01282","WILLIAMS, JOSHUA","Independent","IND","House","H","Louisiana","LA","01","NEW ORLEANS","LA","70122","2026","30-AUG-26","2026","202608309904048933"
"H6OH07192","ASAD, THAHBIA I","Independent","IND","House","H","Ohio","OH","07","STRONGSVILLE","OH","44149","2026","30-AUG-26","2026","202608309904049390"
"H6LA01274","WILLIAMS, JOSHUA","Independent","IND","House","H","Louisiana","LA","01","NEW ORLEANS","LA","70122","2026","29-AUG-26","2026","202608299904048932"
"H0KS03269","HOHE, STEVEN ADAM MR.","Libertarian Party","LIB","House","H","Kansas","KS","03","SHAWNEE","KS","66216","2026","28-AUG-26","2026","202608289903427328"
"H6GA11249","JAMES, AMANDA CARTER","Unknown","","House","H","Georgia","GA","11","CARTERSVILLE","GA","30121","2026","28-AUG-26","2026","202608280300534300"
"H6MI06241","MICKEVICIUS, MICHAEL RAYMOND","U.S. Taxpayers Party","UST","House","H","Michigan","MI","06","SOUTHFIELD","MI","48076","2026","28-AUG-26","2026","202608289904046531"
"S6DC00055","EUGENE, EARVIN PHILLIP","Republican Party","REP","Senate","S","District Of Columbia","DC","00","WASHINGTON DC","DC","20008","2026","26-AUG-26","2026","202608269903406798"
"H6OK03272","BYRD, SUZANNE","Democratic Party","DEM","House","H","Oklahoma","OK","03","ENID","OK","73701","2026","25-AUG-26","2026","202608259903394241"
"H6MA01146","JOHNSON, CHRISTOPHER II","Independent","IND","House","H","Massachusetts","MA","01","INDIAN ORCHARD","MA","01151","2026","25-AUG-26","2026","202608259903386251"
"S6MT00337","COOK, CHARLIE","Democratic Party","DEM","Senate","S","Montana","MT","00","MISSOULA","MT","59808","2026","25-AUG-26","2026","202608259903386243"
"P60024767","HAWKINS AL MAKTOUM JARRAH ASMA, KEEYANA","Commandments Party","CMD","President","P","United States","00","00","LONG BEACH","CA","90813","2026","24-AUG-26","2026","202608249903385609"
"H6FL14252","LEGGE, ALYSHA ALY","Republican Party","REP","House","H","Florida","FL","14","BEVERLY","MA","01915","2026","24-AUG-26","2026","202608249903386209"
"P60024759","HAWKINS AL MAKTOUM JARRAH ASMA, KEEYANA","Commandments Party","CMD","President","P","United States","00","00","LONG BEACH","CA","90813","2026","22-AUG-26","2026","202608229903382295"
"H2LA02305","BALLAY, LISA","Libertarian Party","LIB","House","H","Louisiana","LA","02","NEW ORLEANS","LA","70113","2026","21-AUG-26","2026","202608219903376830"
"H6TN05462","O'LEARY, MICHEAL","Independent","IND","House","H","Tennessee","TN","05","NASHVILLE","TN","37217","2026","20-AUG-26","2026","202608209899756400"
"P20005203","PINKNEY, PAMELA M REV","Other","OTH","President","P","United States","00","11","CARY","NC","27512","2026","19-AUG-26","2026","202608190300534168"
"S6IL00722","HORGES, BRADLEY LAMAR MR. JR.","Write-In","W","Senate","S","Illinois","IL","00","DECATUR","IL","62522","2026","18-AUG-26","2026","202608189899552905"
"H6IL51014","HORGES, BRADLEY MR.","Write-In","W","House","H","Illinois","IL","51","DECATUR","IL","62522","2026","18-AUG-26","2026","202608189899554753"
"S6TX00651","MOHAMED, ZUL MIRZA","American Party","AMP","Senate","S","Texas","TX","00","CARROLLTON","TX","75007","2026","18-AUG-26","2026","202608189899554850"
"H6IL13188","HORGES, BRADLEY MR.","Write-In","W","House","H","Illinois","IL","13","DECATUR","IL","62522","2026","18-AUG-26","2026","202608189899554764"
"S6WA00495","SOLOMON, GAVIN","Republican Party","REP","Senate","S","Washington","WA","00","NEW YORK","NY","10016","2026","18-AUG-26","2026","202608189899558612"
"S6AL00542","SOLOMON, GAVIN","Republican Party","REP","Senate","S","Alabama","AL","00","NEW YORK","NY","10016","2026","18-AUG-26","2026","202608189899558367"
"H6LA06174","BANKS, CHAUNA MS.","Democratic Party","DEM","House","H","Louisiana","LA","06","BATON ROUGE","LA","708745141","2026","16-AUG-26","2026","202608169899527581"
"S6AZ00449","SOLOMON, GAVIN","Republican Party","REP","Senate","S","Arizona","AZ","00","NEW YORK","NY","10016","2026","14-AUG-26","2026","202608149899508235"
"S6NC00597","SOLOMON, GAVIN","Republican Party","REP","Senate","S","North Carolina","NC","00","NEW YORK","NY","10016","2026","14-AUG-26","2026","202608149899508237"
"P60024684","SOLOMON, GAVIN","Republican Party","REP","President","P","United States","00","00","NEW YORK","NY","10016","2026","14-AUG-26","2026","202608149899508837"
"S6PR00025","SOLOMON, GAVIN","Republican Party","REP","Senate","S","Puerto Rico","PR","00","NEW YORK","NY","10016","2026","14-AUG-26","2026","202608149899508833"
"S6NJ00487","SOLOMON, GAVIN","Republican Party","REP","Senate","S","New Jersey","NJ","00","NEW YORK","NY","10016","2026","14-AUG-26","2026","202608149899508329"
"S6OR05234","SOLOMON, GAVIN","Republican Party","REP","Senate","S","Oregon","OR","00","NEW YORK","NY","10016","2026","14-AUG-26","2026","202608149899508325"
"S6TX00644","SOLOMON, GAVIN","Republican Party","REP","Senate","S","Texas","TX","00","NEW YORK","NY","10016","2026","13-AUG-26","2026","202608139899497237"
"S6FL00954","SOLOMON, GAVIN","Republican Party","REP","Senate","S","Florida","FL","00","NEW YORK","NY","10016","2026","13-AUG-26","2026","202608139899496592"
"S6CO00580","SOLOMON, GAVIN","Republican Party","REP","Senate","S","Colorado","CO","00","NEW YORK","NY","10016","2026","13-AUG-26","2026","202608139899496347"
"S6VA00259","SOLOMON, GAVIN","Republican Party","REP","Senate","S","Virginia","VA","00","NEW YORK","NY","10016","2026","13-AUG-26","2026","202608139899497233"
"S6DC00048","SOLOMON, GAVIN","Republican Party","REP","Senate","S","District Of Columbia","DC","00","NEW YORK","NY","10016","2026","13-AUG-26","2026","202608139899496597"
"S6ME00506","SOLOMON, GAVIN","Republican Party","REP","Senate","S","Maine","ME","00","NEW YORK","NY","10016","2026","13-AUG-26","2026","202608139899506190"
"S6CA01129","SOLOMON, GAVIN","Republican Party","REP","Senate","S","California","CA","00","NEW YORK","NY","10016","2026","13-AUG-26","2026","202608139899506186"
"S6RI00320","SOLOMON, GAVIN","Republican Party","REP","Senate","S","Rhode Island","RI","00","NEW YORK","NY","10016","2026","13-AUG-26","2026","202608139899506184"
"S6MI00582","SOLOMON, GAVIN","Republican Party","REP","Senate","S","Michigan","MI","00","NEW YORK","NY","10016","2026","13-AUG-26","2026","202608139899497229"
"H6NC11321","BALKCOM, JENNIFER","Republican Party","REP","House","H","North Carolina","NC","11","RALEIGH","NC","27624","2026","13-AUG-26","2026","202608139899505797"
"H6LA05341","MOORE, PATRICIA ANN","Democratic Party","DEM","House","H","Louisiana","LA","05","MONROE","LA","71202","2026","13-AUG-26","2026","202608139899494320"
"S6NY00524","SOLOMON, GAVIN","Republican Party","REP","Senate","S","New York","NY","00","NEW YORK","NY","10016","2026","13-AUG-26","2026","202608139899496319"
"H6OH01237","WEISE, NATHAN","Libertarian Party","LIB","House","H","Ohio","OH","01","CINCINNATI","OH","45202","2026","11-AUG-26","2026","202608119899448910"
"H6OH15138","BARRINGTON, BRENNAN","Libertarian Party","LIB","House","H","Ohio","OH","15","COLUMBUS","OH","43215","2026","11-AUG-26","2026","202608119899448735"
"H6OH01229","WEISE, NATHAN","Libertarian Party","LIB","House","H","Ohio","OH","01","CINCINNATI","OH","45202","2026","11-AUG-26","2026","202608119899448909"
"H6LA05325","WILSON, ANTONIO","Democratic Party","DEM","House","H","Louisiana","LA","05","TALLULAH","LA","71282","2026","10-AUG-26","2026","202608109899434372"
"H6TN02188","HEIMERMAN, ADAM","Independent","IND","House","H","Tennessee","TN","02","LENOIR CITY","TN","37772","2026","10-AUG-26","2026","202608109899436578"
"H6VA04137","BELL, JOAN E.","Unaffiliated","UN","House","H","Virginia","VA","04","MONTAGUE","NY","07827","2026","10-AUG-26","2026","202608109899437095"
"H0MO08285","SCHMITZ, TOM","Libertarian Party","LIB","House","H","Missouri","MO","01","SAINT LOUIS","MO","63102","2026","10-AUG-26","2026","202608109899434597"
"H6LA05333","WILSON, ANTONIO","Democratic Party","DEM","House","H","Louisiana","LA","05","TALLULAH","LA","71282","2026","10-AUG-26","2026","202608109899436879"
"S6CA01111","SOLOMON, GAVIN","Republican Party","REP","Senate","S","California","CA","00","NEW YORK","NY","10016","2026","09-AUG-26","2026","202608099899425128"
"S6NY00516","SOLOMON, GAVIN","Republican Party","REP","Senate","S","New York","NY","00","NEW YORK","NY","10016","2026","09-AUG-26","2026","202608099899425130"
"H4NC02150","GANORKAR, MAHESH","Republican Party","REP","House","H","North Carolina","NC","04","PITTSBORO","NC","27312","2026","09-AUG-26","2026","202608099899425214"
"S6NY00508","SOLOMON, GAVIN","Republican Party","REP","Senate","S","New York","NY","00","NEW YORK","NY","10016","2026","08-AUG-26","2026","202608089899423826"
"S6DC00030","SOLOMON, GAVIN","Republican Party","REP","Senate","S","District Of Columbia","DC","00","NEW YORK","NY","10016","2026","08-AUG-26","2026","202608089899423824"
"S6NJ00479","SOLOMON, GAVIN","Republican Party","REP","Senate","S","New Jersey","NJ","00","NEW YORK","NY","10016","2026","08-AUG-26","2026","202608089899423822"
"S6NY00490","SOLOMON, GAVIN","Republican Party","REP","Senate","S","New York","NY","00","NEW YORK","NY","10016","2026","08-AUG-26","2026","202608089899423819"
"H4MD03149","FLOWERS, BERNARD","Republican Party","REP","House","H","Maryland","MD","03","ELKRIDGE","MD","21075","2026","07-AUG-26","2026","202608079899415395"
"H6AK01134","AMBROSE, DAVID II","Unaffiliated","UN","House","H","Alaska","AK","00","NORTH POLE","AK","99705","2026","07-AUG-26","2026","202608079899421307"
"H6SC05236","KAPLAN, ANDREW","Other","OTH","House","H","South Carolina","SC","05","FORT MILL","SC","29708","2026","06-AUG-26","2026","202608069899401622"
"H0NY22091","DESIRA, JAMES","Independent","IND","House","H","New York","NY","19","CORTLAND","NY","13045","2026","05-AUG-26","2026","202608059899361995"
"H6VT01093","WALTON, RYAN PATRICK","Independent","IND","House","H","Vermont","VT","00","RUTLAND","VT","05701","2026","03-AUG-26","2026","202608039899321578"
"H6CA20251","CHEN, MAY","Democratic Party","DEM","House","H","California","CA","20","ROSAMOND","CA","93560","2026","03-AUG-26","2026","202608039899315342"
"H6VA04129","MURRAY, ROBERT P.","Republican Party","REP","House","H","Virginia","VA","04","RICHMOND","VA","23219","2026","03-AUG-26","2026","202608039899316756"
"S6WY00258","BENAVIDEZ, BILLY ARTHUR","Democratic Party","DEM","Senate","S","Wyoming","WY","00","SHERIDAN","WY","82801","2026","03-AUG-26","2026","202608030300533599"
"P60024676","RANDOLPH, EMPRESS JANAE","Independence Party","IDP","President","P","United States","00","00","WASHINGTON","DC","20032","2026","02-AUG-26","2026","202608029899313097"
"H6MD04399","HENNESSY, SAMUEL FRANK","Green Party","GRE","House","H","Maryland","MD","04","RIVERDALE","MD","20737","2026","02-AUG-26","2026","202608029899313023"
"S6CO00572","SOLOMON, GAVIN","Republican Party","REP","Senate","S","Colorado","CO","00","NEW YORK","NY","10016","2026","01-AUG-26","2026","202608019899298557"
"S6SC04478","SOLOMON, GAVIN","Republican Party","REP","Senate","S","South Carolina","SC","00","NEW YORK","NY","10016","2026","01-AUG-26","2026","202608019899298564"
"S6NV00374","SOLOMON, GAVIN","Republican Party","REP","Senate","S","Nevada","NV","00","NEW YORK","NY","10016","2026","31-JUL-26","2026","202607319899260443"
"S6AL00534","SOLOMON, GAVIN","Republican Party","REP","Senate","S","Alabama","AL","00","NEW YORK","NY","10016","2026","31-JUL-26","2026","202607319899260385"
"S6SC04460","PARKER, GLENDA GAIL","Republican Party","REP","Senate","S","South Carolina","SC","00","MYRTLE BEACH","SC","29572","2026","30-JUL-26","2026","202607309899243800"
"S6MD03706","SOLOMON, GAVIN","Republican Party","REP","Senate","S","Maryland","MD","00","NEW YORK","NY","10016","2026","29-JUL-26","2026","202607299894483790"
"S6MI00574","SOLOMON, GAVIN","Republican Party","REP","Senate","S","Michigan","MI","00","NEW YORK","NY","10016","2026","29-JUL-26","2026","202607299894484198"
"H4NC10146","FELDMAN, STEVEN","Libertarian Party","LIB","House","H","North Carolina","NC","10","WINSTON-SALEM","NC","27106","2026","29-JUL-26","2026","202607299899237976"
"P60024668","ATHANS, JAMES N/A JR.","Republican Party","REP","President","P","United States","00","00","RANCHO PALOS VERDES","CA","90275","2026","29-JUL-26","2026","202607299899235281"
"H6DE01121","ARMINIO, JOSEPH DR. JOE PH.D.","Republican Party","REP","House","H","Delaware","DE","00","MONTCHANIN","DE","19710","2026","28-JUL-26","2026","202607289894480728"
"S6MI00566","LONG, TIMOTHY E","U.S. Taxpayers Party","UST","Senate","S","Michigan","MI","00","TAYLOR","MI","481801754","2026","27-JUL-26","2026","202607280300533074"
"H6PA15199","SMITH, JACOB A","Green Party","GRE","House","H","Pennsylvania","PA","15","BRADFORD","PA","16701","2026","27-JUL-26","2026","202607280300533104"
"S6SC04452","SANFORD, MARSHALL C HON.","Republican Party","REP","Senate","S","South Carolina","SC","00","MOUNT PLEASANT","SC","29464","2026","27-JUL-26","2026","202607279894478226"
"H6MA05105","PAZ, JONATHAN","Democratic Party","DEM","House","H","Massachusetts","MA","05","WALTHAM","MA","02453","2026","27-JUL-26","2026","202607279894479594"
"H6FL01549","DAVIS, TYLER LEEANA MRS.","No Party Affiliation","NPA","House","H","Florida","FL","01","PENSACOLA","FL","32503","2026","26-JUL-26","2026","202607269894474913"
"P60024650","SAYRS, SARAH MISS","Socialist Party","SUS","President","P","United States","00","00","LANSDALE","PA","19446","2025","25-JUL-26","2026","202607259894463960"
"S6SC04445","NORMAN, RALPH","Republican Party","REP","Senate","S","South Carolina","SC","00","ROCK HILL","SC","29732","2026","25-JUL-26","2026","202607259894464816"
"H2KY05185","SERRANO, GERARDO","Independent","IND","House","H","Kentucky","KY","05","TYNER","KY","40486","2026","24-JUL-26","2026","202607249894461939"
"H6AZ05281","CHIRRAVURI, BHARGAV RAMACHANDRA MX.","Independent","IND","House","H","Arizona","AZ","05","CHANDLER","AZ","85286","2026","24-JUL-26","2026","202607249894460850"
"H2TN05347","BROOKS, NATISHA","Republican Party","REP","House","H","Tennessee","TN","06","BRENTWOOD","TN","37024","2026","23-JUL-26","2026","202607239894439142"
"H6FL01531","SABAT, RAMEZ ELIAS","BTC","BTC","House","H","Florida","FL","01","BOCA RATON","FL","33487","2026","23-JUL-26","2026","202607239894444928"
"S6WI00178","SOLOMON, GAVIN","Republican Party","REP","Senate","S","Wisconsin","WI","00","NEW YORK","NY","10016","2026","23-JUL-26","2026","202607239894423412"
"S6SC04437","GRAHAM, DARLINE","Republican Party","REP","Senate","S","South Carolina","SC","00","COLUMBIA","SC","29210","2026","23-JUL-26","2026","202607239894419117"
"H6PA01272","RAHMAN, MOHAMMED REZAUR","GRN","GRN","House","H","Pennsylvania","PA","01","MORRISVILLE","PA","19067","2026","23-JUL-26","2026","202607230300532459"
"H6VA02263","BAKER, MATTHEW","Independent","IND","House","H","Virginia","VA","02","WASHINGTON","DC","20024","2026","22-JUL-26","2026","202607229894415232"
"S6ME00498","PELLETIER, SAUNDRA","Democratic Party","DEM","Senate","S","Maine","ME","00","SACRAMENTO","CA","95814","2026","22-JUL-26","2026","202607229894417754"
"H6VA04111","GOODMAN, JUSTIN","Independent","IND","House","H","Virginia","VA","04","DISPUTANTA","VA","23842","2026","21-JUL-26","2026","202607219894392323"
"S6SC04429","WRIGHT-MCDONALD, REECE","Republican Party","REP","Senate","S","South Carolina","SC","00","BARROW","SC","000000000","2026","21-JUL-26","2026","202607219894392433"
"H6CO01356","BLAU, SHIMON","Unaffiliated","UN","House","H","Colorado","CO","01","DENVER","CO","80224","2026","21-JUL-26","2026","202607219894392168"
"S6SC04403","FRY, RUSSELL","Republican Party","REP","Senate","S","South Carolina","SC","00","SURFSIDE BEACH","SC","29587","2026","20-JUL-26","2026","202607209890929552"
"S6SC04411","OLIVER, BENTLEY","Republican Party","REP","Senate","S","South Carolina","SC","00","ABBEVILLE","SC","29620","2026","20-JUL-26","2026","202607209891003266"
"S6DE00271","HANSEN, E. NO-TRUMP","Democratic Party","DEM","Senate","S","Delaware","DE","00","MONTCHANIN","DE","19710","2026","20-JUL-26","2026","202607209890908623"
"H6PA06164","CERRONI, PHILIP VINCENT","Green Party","GRE","House","H","Pennsylvania","PA","06","COATESVILLE","PA","19320","2026","20-JUL-26","2026","202607200300531499"
"S6AK00334","SOLOMON, GAVIN","Republican Party","REP","Senate","S","Alaska","AK","00","NEW YORK","NY","10016","2026","20-JUL-26","2026","202607209890909998"
"S6ME00480","WEBB, ASHLEY JAMES","Democratic Party","DEM","Senate","S","Maine","ME","00","FARMINGTON","ME","04938","2026","19-JUL-26","2026","202607199890897348"
"S6PA00399","SOLOMON, GAVIN","Republican Party","REP","Senate","S","Pennsylvania","PA","00","NEW YORK","NY","10016","2026","18-JUL-26","2026","202607189890889748"
"S6OK04296","SOLOMON, GAVIN","Republican Party","REP","Senate","S","Oklahoma","OK","00","NEW YORK","NY","10016","2026","18-JUL-26","2026","202607189890889735"
"H6TX08266","COUGAR, ALEXANDER J","Independent","IND","House","H","Texas","TX","08","POINT BLANK","TX","77320","2026","18-JUL-26","2026","202607189890889003"
"S6HI00321","SOLOMON, GAVIN","Republican Party","REP","Senate","S","Hawaii","HI","00","NEW YORK","NY","10016","2026","18-JUL-26","2026","202607189890892353"
"H6PA08319","HAZOU, LEILA","Green Party","GRE","House","H","Pennsylvania","PA","08","DINGMANS FERRY","PA","18328","2026","18-JUL-26","2026","202607189890887392"
"H6VT01085","MALLOY, GERALD MR.","Republican Party","REP","House","H","Vermont","VT","00","WEATHERSFIELD","VT","05151","2026","16-JUL-26","2026","202607169890835000"
"S6DE00263","APPELHANS, JEFFERY RYAN","Democratic Party","DEM","Senate","S","Delaware","DE","00","NEWARK","DE","197113135","2026","15-JUL-26","2026","202607159875341961"
"H6NH01438","ANDERSON, LINDSEY","Republican Party","REP","House","H","New Hampshire","NH","01","CENTER HARBOR","NH","03226","2026","15-JUL-26","2026","202607159875988669"
"H6VT00269","SEYMOUR, SUZANNE","Independent","IND","House","H","Vermont","VT","00","HIGHGATE CENTER","VT","05459","2026","15-JUL-26","2026","202607159875671348"
"H6AL06184","MERCER, MAURICE","Democratic Party","DEM","House","H","Alabama","AL","06","PELHAM","AL","35124","2026","15-JUL-26","2026","202607159875087501"
"S6SC04395","BUCKNER, DUKE","Republican Party","REP","Senate","S","South Carolina","SC","00","WALTERBORO","SC","29488","2026","15-JUL-26","2026","202607159875139269"
"S6AK00326","SULLIVAN, DANIEL J","Republican Party","REP","Senate","S","Alaska","AK","00","PETERSBURG","AK","99833","2026","14-JUL-26","2026","202607149874991255"
"H6VA08344","BRUNER, LORENA THORNE MS.","Democratic Party","DEM","House","H","Virginia","VA","08","STAFFORD","VA","22554","2026","14-JUL-26","2026","202607149875033240"
"H6TN07344","HOLLOWAY, SALETTA","Democratic Party","DEM","House","H","Tennessee","TN","07","NASHVILLE","TN","37218","2026","14-JUL-26","2026","202607149874978345"
"H6VA07353","AHRAR, ALAHA MS.","Independent","IND","House","H","Virginia","VA","07","DUMFRIES","VA","22025","2026","13-JUL-26","2026","202607139874936515"
"H6WA02236","HERMANSON, DEVIN","Democratic Party","DEM","House","H","Washington","WA","02","SEATTLE","WA","98115","2026","13-JUL-26","2026","202607139874939253"
"P60024643","WELCH, MITSY LYNN","NDE","NDE","President","P","United States","00","00","JOPLIN","MO","64801","2026","13-JUL-26","2026","202607139874896863"
"H6MO06344","PONDELICK, SCOT","Democratic Party","DEM","House","H","Missouri","MO","06","KANSAS CITY","MO","64151","2026","13-JUL-26","2026","202607139874899404"
"S6DE00255","SOLOMON, GAVIN","Republican Party","REP","Senate","S","Delaware","DE","00","NEW YORK","NY","10016","2026","13-JUL-26","2026","202607139874923396"
"H6MI05235","MUSZYNSKI, RONALD A","Libertarian Party","LIB","House","H","Michigan","MI","05","GRASS LAKE","MI","49240","2026","13-JUL-26","2026","202607139874923402"
"H6WY01207","GOODENOUGH, KEITH BRIAN MR.","Republican Party","REP","House","H","Wyoming","WY","00","CASPER","WY","83609","2026","12-JUL-26","2026","202607129874889988"
"S6MO00495","CARLSON, OWEN NICHOLAS","Natural Law Party","NLP","Senate","S","Missouri","MO","00","SACRAMENTO","CA","95816","2026","10-JUL-26","2026","202607109874866721"
"H6SD01174","CARLSON, OWEN NICHOLAS","None","NNE","House","H","South Dakota","SD","00","SACRAMENTO","CA","95816","2026","10-JUL-26","2026","202607109874862699"
"H6AK01126","CARLSON, OWEN NICHOLAS","Alaskan Independence Party","AKI","House","H","Alaska","AK","00","SACRAMENTO","CA","95816","2026","10-JUL-26","2026","202607109874862713"
"H6DE01113","CARLSON, OWEN NICHOLAS","Republican Party","REP","House","H","Delaware","DE","00","SACRAMENTO","CA","95816","2026","10-JUL-26","2026","202607109874862854"
"H6ND01064","CARLSON, OWEN NICHOLAS","Republican Party","REP","House","H","North Dakota","ND","00","SACRAMENTO","CA","95816","2026","10-JUL-26","2026","202607109874862855"
"S6WY00241","CARLSON, OWEN NICHOLAS","Independent","IND","Senate","S","Wyoming","WY","00","SACRAMENTO","CA","95816","2026","10-JUL-26","2026","202607109874862871"
"S6CA01103","CARLSON, OWEN","Democratic Party","DEM","Senate","S","California","CA","00","SACRAMENTO","CA","95816","2026","10-JUL-26","2026","202607109874862895"
"S6NJ00461","CARLSON, OWEN NICHOLAS","New Jersey Conservative Party","NJC","Senate","S","New Jersey","NJ","00","SACRAMENTO","CA","95816","2026","10-JUL-26","2026","202607109874862917"
"S6AZ00431","CARLSON, OWEN NICHOLAS","Democratic Party","DEM","Senate","S","Arizona","AZ","00","SACRAMENTO","CA","95816","2026","10-JUL-26","2026","202607109874866602"
"S6NV00366","CARLSON, OWEN NICHOLAS","Independent","IND","Senate","S","Nevada","NV","00","SACRAMENTO","CA","95816","2026","10-JUL-26","2026","202607109874866624"
"S6HI00313","CARLSON, OWEN NICHOLAS","Liberal Party","LBL","Senate","S","Hawaii","HI","00","SACRAMENTO","CA","95816","2026","10-JUL-26","2026","202607109874866632"
"S6WV00220","CARLSON, OWEN NICHOLAS","Veterans Party","VET","Senate","S","West Virginia","WV","00","SACRAMENTO","CA","95816","2026","10-JUL-26","2026","202607109874866689"
"S6DC00022","CARLSON, OWEN NICHOLAS","Liberty Union Party","LBU","Senate","S","District Of Columbia","DC","00","SACRAMENTO","CA","95816","2026","10-JUL-26","2026","202607109874866690"
"S6PR00017","CARLSON, OWEN NICHOLAS","No Party Affiliation","NPA","Senate","S","Puerto Rico","PR","00","SACRAMENTO","CA","95816","2026","10-JUL-26","2026","202607109874866691"
"S6NC00589","CARLSON, OWEN NICHOLAS","One Earth Party","OE","Senate","S","North Carolina","NC","00","SACRAMENTO","CA","95816","2026","10-JUL-26","2026","202607109874866692"
"H6WY01199","CARLSON, OWEN NICHOLAS","Independent","IND","House","H","Wyoming","WY","00","ARCADIA","CA","91006","2026","10-JUL-26","2026","202607109874860283"
"H6VT01077","CARLSON, OWEN NICHOLAS","None","NNE","House","H","Vermont","VT","00","SACRAMENTO","CA","95816","2026","10-JUL-26","2026","202607109874862640"
"S6TN00430","CARLSON, OWEN NICHOLAS","U.S. Taxpayers Party","UST","Senate","S","Tennessee","TN","00","SACRAMENTO","CA","95816","2026","10-JUL-26","2026","202607109874866713"
"S6MD03698","CARLSON, OWEN NICHOLAS","Jewish/Christian National","JCN","Senate","S","Maryland","MD","00","SACRAMENTO","CA","95816","2026","10-JUL-26","2026","202607109874866712"
"S6AR00231","CARLSON, OWEN NICHOLAS","Non-Party","NON","Senate","S","Arkansas","AR","00","SACRAMENTO","CA","95816","2026","10-JUL-26","2026","202607109874866711"
"S6VA00242","CARLSON, OWEN NICHOLAS","None","NNE","Senate","S","Virginia","VA","00","SACRAMENTO","CA","95816","2026","10-JUL-26","2026","202607109874866710"
"S6ME00472","CARLSON, OWEN NICHOLAS","Taxpayers","TX","Senate","S","Maine","ME","00","SACRAMENTO","CA","95816","2026","10-JUL-26","2026","202607109874866704"
"S6PA00381","CARLSON, OWEN NICHOLAS","Peace And Freedom","PAF","Senate","S","Pennsylvania","PA","00","SACRAMENTO","CA","95816","2026","10-JUL-26","2026","202607109874866703"
"S6UT00295","CARLSON, OWEN NICHOLAS","Independent Conservative Democratic","ICD","Senate","S","Utah","UT","00","SACRAMENTO","CA","95816","2026","10-JUL-26","2026","202607109874866702"
"S6NE00194","CARLSON, OWEN NICHOLAS","Veterans Party","VET","Senate","S","Nebraska","NE","00","SACRAMENTO","CA","95816","2026","10-JUL-26","2026","202607109874866701"
"S6AS00023","CARLSON, OWEN NICHOLAS","Industrial Government Party","IGD","Senate","S","American Samoa","AS","00","SACRAMENTO","CA","95816","2026","10-JUL-26","2026","202607109874866695"
"S6OH00460","CARLSON, OWEN NICHOLAS","Libertarian Party","LIB","Senate","S","Ohio","OH","00","SACRAMENTO","CA","95816","2026","10-JUL-26","2026","202607109874866694"
"S6VI00018","CARLSON, OWEN NICHOLAS","Personal Choice Party","PCH","Senate","S","U.S. Virgin Islands","VI","00","SACRAMENTO","CA","95816","2026","10-JUL-26","2026","202607109874866693"
"S6DE00248","SOLOMON, GAVIN","Republican Party","REP","Senate","S","Delaware","DE","00","NEW YORK","NY","10016","2026","10-JUL-26","2026","202607109874859132"
"H6MN01232","EATON, ALEX","Democratic-Farmer-Labor","DFL","House","H","Minnesota","MN","01","VASA","MN","55066","2026","10-JUL-26","2026","202607109874857817"
"S6ME00449","SHAH, NIRAV","Democratic Party","DEM","Senate","S","Maine","ME","00","AUGUSTA","ME","04332","2026","09-JUL-26","2026","202607099874807605"
"S6ME00464","JACKSON, TROY DALE","Democratic Party","DEM","Senate","S","Maine","ME","00","PORTLAND","ME","04104","2026","09-JUL-26","2026","202607099874816935"
"S6ME00456","BELLOWS, SHENNA","Democratic Party","DEM","Senate","S","Maine","ME","00","AUGUSTA","ME","04332","2026","09-JUL-26","2026","202607099874816750"
"H6MI02257","KOVALY, ROBERT","Taxpayers","TX","House","H","Michigan","MI","02","HASTINGS","MI","49058","2026","08-JUL-26","2026","202607089874804953"
"H6VA10274","MALIK, AHSEN MUJEEB","Independent","IND","House","H","Virginia","VA","10","GAINESVILLE","VA","20155","2026","08-JUL-26","2026","202607089874804101"
"H6TN03244","ROLAND, EDWARD JOHN MR","Independent","IND","House","H","Tennessee","TN","03","CHATTANOOGA","TN","37408","2026","08-JUL-26","2026","202607089874803621"
"S6ME00431","LOUD, PAIGE","Democratic Party","DEM","Senate","S","Maine","ME","00","OLD TOWN","ME","04468","2026","07-JUL-26","2026","202607079874799299"
"H6VA07346","ERTLE, JOSHUA","No Party Affiliation","NPA","House","H","Virginia","VA","07","ALEXANDRIA","VA","22306","2026","07-JUL-26","2026","202607079874796669"
"P60024635","JOHNSON, CHAUNCEY RAY MR JR","United Party","UNI","President","P","United States","00","00","TULSA","OK","74128","2026","06-JUL-26","2026","202607069874766731"
"S6RI00312","SOLOMON, GAVIN","Republican Party","REP","Senate","S","Rhode Island","RI","00","NEW YORK","NY","10016","2026","06-JUL-26","2026","202607069874769576"
"H6TN05454","IACOMINI, CARRIE ANN","Democratic Party","DEM","House","H","Tennessee","TN","05","MEMPHIS","TN","38104","2026","06-JUL-26","2026","202607069874766851"
"H2IL08203","KOPPIE, CHAD","Republican Party","REP","House","H","Illinois","IL","07","GILBERTS","IL","60136","2026","06-JUL-26","2026","202607069874770507"
"S6OH00452","SOLOMON, GAVIN","Republican Party","REP","Senate","S","Ohio","OH","00","NEW YORK","NY","10016","2026","05-JUL-26","2026","202607059874766412"
"S6MO00487","SOLOMON, GAVIN","Republican Party","REP","Senate","S","Missouri","MO","00","NEW YORK","NY","10016","2026","05-JUL-26","2026","202607059874766416"
"S6MA00320","SOLOMON, GAVIN","Republican Party","REP","Senate","S","Massachusetts","MA","00","NEW YORK","NY","10016","2026","05-JUL-26","2026","202607059874766414"
"H6MI04212","JOHNSON, AUSTIN","U.S. Taxpayers Party","UST","House","H","Michigan","MI","04","LINDENWOLD","NJ","08021","2026","04-JUL-26","2026","202607049874765167"
"S6WA00487","SOLOMON, GAVIN","Republican Party","REP","Senate","S","Washington","WA","00","NEW YORK","NY","10016","2026","03-JUL-26","2026","202607039874762025"
"S6NC00571","SOLOMON, GAVIN","Republican Party","REP","Senate","S","North Carolina","NC","00","NEW YORK","NY","10016","2026","03-JUL-26","2026","202607039874762027"
"S6OR05226","SOLOMON, GAVIN","Republican Party","REP","Senate","S","Oregon","OR","00","NEW YORK","NY","10016","2026","03-JUL-26","2026","202607039874762029"
"S6NE00186","SOLOMON, GAVIN","Republican Party","REP","Senate","S","Nebraska","NE","00","NEW YORK","NY","10016","2026","03-JUL-26","2026","202607039874762031"
"S6MN00580","SOLOMON, GAVIN","Republican Party","REP","Senate","S","Minnesota","MN","00","NEW YORK","NY","10016","2026","03-JUL-26","2026","202607039874762036"
"H6MI01291","LOVATO, SUSAN","Taxpayers","TX","House","H","Michigan","MI","01","ARLINGTON","TN","38002","2026","03-JUL-26","2026","202607039874761736"
"S6DE00230","LOUVE, MARY","Democratic Party","DEM","Senate","S","Delaware","DE","00","WILMINGTON","DE","19810","2026","03-JUL-26","2026","202607039874759418"
"H4CO05071","MITCHELL, CHRISTOPHER DOUGLAS","Constitution Party","CON","House","H","Colorado","CO","05","COLORADO SPRINGS","CO","80919","2026","02-JUL-26","2026","202607029874737705"
"H6NM66015","GANDY, LEANNE","Republican Party","REP","House","H","New Mexico","NM","66","TATUM","NM","88267","2026","01-JUL-26","2026","202607019874305411"
"S6MI00558","BRAGGS, MARNISHA BRECHE","Republican Party","REP","Senate","S","Michigan","MI","00","EASTPOINTE","MI","48021","2026","01-JUL-26","2026","202607019874733973"
"H6IL05226","ROWDER, FRANK","Independent","IND","House","H","Illinois","IL","","CHICAGO ","IL","606141792","2026","30-JUN-26","2026","202606300300528660"
"H6NY04237","TARNOFF, BLAY","Independent","IND","House","H","New York","NY","04","PORT WASHINGTON","NY","11050","2026","30-JUN-26","2026","202606309874279314"
"H6HI01386","BERNING, NATHAN M.","Non-Party","NON","House","H","Hawaii","HI","01","FLAGLER BEACH","FL","32136","2026","30-JUN-26","2026","202606309874283511"
"H6AK01118","SALAZAR, MELANIE A.","Non-Party","NON","House","H","Alaska","AK","00","SAN FRANCISCO","CA","94159","2026","30-JUN-26","2026","202606309874284216"
"H6LA05317","FIRMENT, MICHAEL GABRIEL","Republican Party","REP","House","H","Louisiana","LA","05","POLLOCK","LA","71467","2026","30-JUN-26","2026","202606309874284970"
"S6ND00124","SOLOMON, GAVIN","Republican Party","REP","Senate","S","North Dakota","ND","00","NEW YORK","NY","10016","2026","30-JUN-26","2026","202606309874288077"
"S6IL00706","SOLOMON, GAVIN","Republican Party","REP","Senate","S","Illinois","IL","00","NEW YORK","NY","10016","2026","30-JUN-26","2026","202606309874288067"
"S6CT05157","SOLOMON, GAVIN","Republican Party","REP","Senate","S","Connecticut","CT","00","NEW YORK","NY","10016","2026","30-JUN-26","2026","202606309874288069"
"H6MA08372","WALTERS, RASHEED NICHOLAS","Independent","IND","House","H","Massachusetts","MA","08","SOUTH BOSTON","MA","02127","2026","30-JUN-26","2026","202606309874288282"
"S6WY00233","SOLOMON, GAVIN","Republican Party","REP","Senate","S","Wyoming","WY","00","NEW YORK","NY","10016","2026","30-JUN-26","2026","202606309874288071"
"S6AZ00423","SOLOMON, GAVIN","Republican Party","REP","Senate","S","Arizona","AZ","00","NEW YORK","NY","10016","2026","30-JUN-26","2026","202606309874288057"
"S6AK00318","ROBERTS, REECE","Non-Party","NON","Senate","S","Alaska","AK","00","ANCHORAGE","AK","99519","2026","29-JUN-26","2026","202606299874278619"
"S6MI00541","KOVALY, ROBERT","Taxpayers","TX","Senate","S","Michigan","MI","00","HASTINGS","MI","49058","2026","29-JUN-26","2026","202606299874278948"
"S6NM01202","SOLOMON, GAVIN","Republican Party","REP","Senate","S","New Mexico","NM","00","NEW YORK","NY","10016","2026","29-JUN-26","2026","202606299874277155"
"H6NY01225","WILSON, CELINA MRS.","Republican Party","REP","House","H","New York","NY","01","PORT JEFFERSON STATION","NY","11776","2026","29-JUN-26","2026","202606299874278611"
"S6AS00015","SOLOMON, GAVIN","Republican Party","REP","Senate","S","American Samoa","AS","00","NEW YORK","NY","10016","2026","29-JUN-26","2026","202606299874277322"
"S6WV00212","SOLOMON, GAVIN","Republican Party","REP","Senate","S","West Virginia","WV","00","NEW YORK","NY","10016","2026","29-JUN-26","2026","202606299874277325"
"S6NJ00453","SOLOMON, GAVIN","Republican Party","REP","Senate","S","New Jersey","NJ","00","NEW YORK","NY","10016","2026","29-JUN-26","2026","202606299874277185"
"H6MI01283","SATTERLA, ARNETT","Libertarian Party","LIB","House","H","Michigan","MI","01","ADRIAN","MI","49221","2026","27-JUN-26","2026","202606279874276953"
"H6NY10218","MOORE, JENNIFER E","Republican Party","REP","House","H","New York","NY","10","BROOKLYN","NY","11209","2026","27-JUN-26","2026","202606279874276886"
"H6NJ08217","HUGHEY, DA'SHONE","Independent","IND","House","H","New Jersey","NJ","08","BAYONNE","NJ","07002","2026","26-JUN-26","2026","202606269874267084"
"S6DE00222","STEVENS, TRAVIS","Democratic Party","DEM","Senate","S","Delaware","DE","00","REHOBOTH BEACH","DE","19971","2026","26-JUN-26","2026","202606269874270244"
"H6NY01217","WILSON, CELINA MRS.","Republican Party","REP","House","H","New York","NY","01","PORT JEFFERSON STATION","NY","11776","2026","26-JUN-26","2026","202606269874269978"
"S6RI00304","MUNOZ, LUIS DANIEL DR","Democratic Party","DEM","Senate","S","Rhode Island","RI","00","PAWTUCKET","RI","02861","2026","25-JUN-26","2026","202606259874263412"
"S4MI00512","MARSH, DOUGLAS PHILIP","Green Party","GRE","Senate","S","Michigan","MI","00","WEST BRANCH","MI","48661","2026","25-JUN-26","2026","202606259874264031"
"S6TN00422","SOLOMON, GAVIN","Republican Party","REP","Senate","S","Tennessee","TN","00","NEW YORK","NY","10016","2026","25-JUN-26","2026","202606259874264249"
"H6FL18246","GONZALEZ, ALEXANDER","Democratic Party","DEM","House","H","Florida","FL","18","WINTER HAVEN","FL","33884","2026","25-JUN-26","2026","202606259874264245"
"S6GA00473","SOLOMON, GAVIN","Republican Party","REP","Senate","S","Georgia","GA","00","NEW YORK","NY","10016","2026","25-JUN-26","2026","202606259874264246"
"S6DC00014","SOLOMON, GAVIN","Republican Party","REP","Senate","S","District Of Columbia","DC","00","NEW YORK","NY","10016","2026","25-JUN-26","2026","202606259874264180"
"S6NH00224","SAAL, MAXWELL LEAVY","Democratic Party","DEM","Senate","S","New Hampshire","NH","00","WALPOLE","NH","03608","2026","24-JUN-26","2026","202606249874261104"
"H6NY25224","STEHLAR, ERIK","Unaffiliated","UN","House","H","New York","NY","25","VICTOR","NY","14564","2026","24-JUN-26","2026","202606249874260874"
"H6FL06258","FINE, RANDY","Republican Party","REP","House","H","Florida","FL","06","DAYTONA BEACH","FL","32114","2026","23-JUN-26","2026","202606239874232676"
"H6VA03139","WOLL, STEPHEN C.","Independent","IND","House","H","Virginia","VA","03","NORFOLK","VA","23518","2026","23-JUN-26","2026","202606239874232388"
"S6TX00636","HALL, BRADFORD WINSTON","Write-In","W","Senate","S","Texas","TX","00","FORT WORTH","TX","76110","2026","22-JUN-26","2026","202606229874230148"
"S0NJ00258","FERNANDEZ, VERONICA","Independent","IND","Senate","S","New Jersey","NJ","00","LONG VALLEY","NJ","07853","2026","18-JUN-26","2026","202606189870721414"
"H6FL14245","LAMBERT, BRIAN KEITH","Libertarian Party","LIB","House","H","Florida","FL","14","DOVER","FL","33527","2026","18-JUN-26","2026","202606189870770923"
"S6FL00947","MARCHAND MINCIELI, PAIGE SUNDANCE","Republican Party","REP","Senate","S","Florida","FL","00","CAPE CORAL","FL","33991","2026","18-JUN-26","2026","202606189870726889"
"S6WV00204","WILSON, S. MARSHALL","Constitution Party","CON","Senate","S","West Virginia","WV","00","HEDGESVILLE","WV","25427","2026","17-JUN-26","2026","202606170300528325"
"H4AK00164","ERIC, HAFNER","Democratic Party","DEM","House","H","Alaska","AK","00","BOX ELDER","SD","57719","2026","17-JUN-26","2026","202606170300528393"
"H6FL25068","JASSENOFF, PETER","Libertarian Party","LIB","House","H","Florida","FL","25","WEST PALM BEACH","FL","33407","2026","17-JUN-26","2026","202606179870706600"
"H6VA08336","SHARMAN, TIM","Independent","IND","House","H","Virginia","VA","08","ALEXANDRIA","VA","22314","2026","17-JUN-26","2026","202606179870703749"
"H4NV03225","O'DONNELL, MARTY","Republican Party","REP","House","H","Nevada","NV","03","LAS VEGAS","NV","89136","2026","17-JUN-26","2026","202606179870703646"
"S4TN00542","BRADSHAW, MARQUITA","Democratic Party","DEM","Senate","S","Tennessee","TN","00","MEMPHIS","TN","38104","2026","16-JUN-26","2026","202606169870691341"
"S6MN00572","WHITING, REBECCA","Libertarian Party","LIB","Senate","S","Minnesota","MN","00","BEMIDJI","MN","56601","2026","16-JUN-26","2026","202606169870678644"
"H6TN08391","FUTCH, ANTONIO MR","Independent","IND","House","H","Tennessee","TN","08","MEMPHIS","TN","38111","2026","15-JUN-26","2026","202606159870663692"
"H6NE02273","FOREMAN, ERIC MICHAEL","Libertarian Party","LIB","House","H","Nebraska","NE","02","OMAHA","NE","68127","2026","14-JUN-26","2026","202606149870662693"
"H6CO06165","CLARK, JASON","Republican Party","REP","House","H","Colorado","CO","06","CENTENNIAL","CO","80016","2026","13-JUN-26","2026","202606139870662345"
"H6FL18238","GONZALEZ, ALEXANDER","Democratic Party","DEM","House","H","Florida","FL","18","WINTER HAVEN","FL","33884","2026","13-JUN-26","2026","202606139870661967"
"H6TN03236","MARTIN, BRYAN","Democratic Party","DEM","House","H","Tennessee","TN","03","SIGNAL MOUNTAIN","TN","37377","2026","12-JUN-26","2026","202606129870661652"
"H6NC02213","MCGINNIS, BRIAN","Independent","IND","House","H","North Carolina","NC","02","KNIGHTDALE","NC","27545","2026","12-JUN-26","2026","202606129870660723"
"H6MD08648","HUGHES, GARY","Democratic Party","DEM","House","H","Maryland","MD","08","TAKOMA PARK","MD","20912","2026","12-JUN-26","2026","202606129870656240"
"P60024627","GENTER, MARTIN ROBERT MR. JR.","Independent","IND","President","P","United States","00","00","CLINTON TOWNSHIP","MI","48038","2026","12-JUN-26","2026","202606129870656180"
"H6TN07286","COPELAND, DARDEN HUNTER","Democratic Party","DEM","House","H","Tennessee","TN","07","NASHVILLE","TN","37206","2026","12-JUN-26","2026","202606129870660759"
"H6FL24129","DAVIS, MARSHALL L. SR","Democratic Party","DEM","House","H","Florida","FL","24","HOLLYWOOD","FL","33021","2026","11-JUN-26","2026","202606119870565277"
"H6AL07208","AKIN, AMMIE","Republican Party","REP","House","H","Alabama","AL","07","BIRMINGHAM","AL","35219","2026","11-JUN-26","2026","202606119870610000"
"H4MO04187","CASS, JEANETTE","Democratic Party","DEM","House","H","Missouri","MO","04","NIANGUA","MO","65713","2026","11-JUN-26","2026","202606119870606172"
"H6FL08213","GRAYSON, ALAN MARK","Democratic Party","DEM","House","H","Florida","FL","07","ORLANDO","FL","328193240","2026","11-JUN-26","2026","202606119870605898"
"H6FL26074","MEIDINGER HOSEY, DEBORAH ANN","No Party Affiliation","NPA","House","H","Florida","FL","26","WESTON","FL","33326","2026","10-JUN-26","2026","202606109870551797"
"H2MI13360","BIVINGS, MARTELL DE'ANGELO","Republican Party","REP","House","H","Michigan","MI","13","DETROIT","MI","48215","2026","10-JUN-26","2026","202606109870560177"
"H6FL04253","WASHINGTON, EUGENE DAFFAH SIR III","Independent","IND","House","H","Florida","FL","04","JACKSONVILLE","FL","32218","2026","10-JUN-26","2026","202606109870563981"
"S6NM01194","CARRARO, JOSEPH JOHN","Independent","IND","Senate","S","New Mexico","NM","00","ALBUQUERQUE","NM","87114","2026","10-JUN-26","2026","202606109870563909"
"H6FL24111","MEEK, KENDRICK","Democratic Party","DEM","House","H","Florida","FL","24","MIAMI","FL","33147","2026","10-JUN-26","2026","202606109870560272"
"H4FL14091","NEELD, ROBERT M. JR.","Democratic Party","DEM","House","H","Florida","FL","19","CAPE CORAL","FL","339101508","2026","09-JUN-26","2026","202606099870451450"
"H6FL22263","ANDERSON, JILLIAN","Republican Party","REP","House","H","Florida","FL","22","COCONUT CREEK","FL","33073","2026","09-JUN-26","2026","202606099870451609"
"S6FL00913","SOLOMON, GAVIN","Republican Party","REP","Senate","S","Florida","FL","00","NEW YORK","NY","10016","2026","09-JUN-26","2026","202606099870452329"
"H4IL04117","CASTILLO, LUPE","Republican Party","REP","House","H","Illinois","IL","04","CHICAGO","IL","60623","2026","09-JUN-26","2026","202606099870451088"
"H6CA39145","MANOS, STEVE","Republican Party","REP","House","H","California","CA","39","LAKE ELSINORE","CA","92532","2026","09-JUN-26","2026","202606099870550948"
"H6FL11357","PERICOLA, JAMES","Democratic Party","DEM","House","H","Florida","FL","11","TAMPA","FL","33606","2026","09-JUN-26","2026","202606099870451045"
"H6WA10023","SCHEEL, ALEXANDER WILLIAM","Democratic Party","DEM","House","H","Washington","WA","10","TACOMA","WA","98404","2026","09-JUN-26","2026","202606099870453224"
"H2MI13337","DARDZINSKI, CHRISTOPHER","Taxpayers","TX","House","H","Michigan","MI","13","LINCOLN PARK","MI","481462009","2026","08-JUN-26","2026","202606080300528077"
"H0FL17092","VEREEN, RODERICK D","Democratic Party","DEM","House","H","Florida","FL","24","MIAMI","FL","33167","2026","08-JUN-26","2026","202606110300528199"
"H6FL22255","BAXTER, SARA","Republican Party","REP","House","H","Florida","FL","22","WEST PALM BEACH","FL","33411","2026","08-JUN-26","2026","202606089870439466"
"H6CO01349","SMITH, AUSTIN JOSEPH HARVEY","Republican Party","REP","House","H","Colorado","CO","01","GRAND JUNCTION","CO","81505","2026","07-JUN-26","2026","202606079870439214"
"H6SC02167","KHALIFA, ZYON DESHON","Democratic Party","DEM","House","H","South Carolina","SC","02","BEECH ISLAND","SC","29842","2026","06-JUN-26","2026","202606069870434190"
"H6SC02159","KHALIFA, ZYON DESHON","Democratic Party","DEM","House","H","South Carolina","SC","02","BEECH ISLAND","SC","29842","2026","06-JUN-26","2026","202606069870434165"
"H6MD04381","HEDGEPETH, SHAVONNE","Democratic Party","DEM","House","H","Maryland","MD","04","LANHAM","MD","20706","2026","05-JUN-26","2026","202606059870433124"
"H6FL11340","BAKER, CAREY","Republican Party","REP","House","H","Florida","FL","11","GAINESVILLE","FL","32606","2026","05-JUN-26","2026","202606059870433212"
"H6FL22248","ASKAR, CASEY","Republican Party","REP","House","H","Florida","FL","22","NAPLES","FL","34102","2026","05-JUN-26","2026","202606059870432824"
"H6MO04273","VERA, SCOTT VINCENT","Republican Party","REP","House","H","Missouri","MO","04","KANSAS CITY","MO","64112","2026","05-JUN-26","2026","202606059870432970"
"H6WY01181","DODSON, RICHARD","Republican Party","REP","House","H","Wyoming","WY","00","SUNDANCE","WY","82729","2026","05-JUN-26","2026","202606059870432996"
"H6FL11332","STRADA, JOE","Republican Party","REP","House","H","Florida","FL","11","LAKE MARY","FL","32746","2026","05-JUN-26","2026","202606059870433119"
"H6FL24095","GILBERT, OLIVER G. III","Democratic Party","DEM","House","H","Florida","FL","24","MIAMI","FL","33155","2026","04-JUN-26","2026","202606049870374202"
"H6FL05193","HOLLOWAY, LASHONDA J","Democratic Party","DEM","House","H","Florida","FL","04","JACKSONVILLE","FL","32218","2026","04-JUN-26","2026","202606049870370342"
"H6NY04229","MANDEL, MICHAEL","Republican Party","REP","House","H","New York","NY","04","PLAINVIEW","NY","11803","2026","04-JUN-26","2026","202606090300528138"
"H6FL24087","JONES, SHEVRIN","Democratic Party","DEM","House","H","Florida","FL","24","MIAMI","FL","33153","2026","04-JUN-26","2026","202606049870369231"
"H6FL04246","SELL, MIKE","Other","OTH","House","H","Florida","FL","04","JACKSONVILLE","FL","32234","2026","04-JUN-26","2026","202606049870430902"
"H6UT03224","STODDARD, MICHAEL RAY","Libertarian Party","LIB","House","H","Utah","UT","03","OREM","UT","84058","2026","03-JUN-26","2026","202606039870364356"
"H6FL09294","GREEN, DAN","Republican Party","REP","House","H","Florida","FL","09","GAINESVILLE","FL","32606","2026","03-JUN-26","2026","202606039870368310"
"S6NC00563","DUBLIN, MICHAEL LOUIS JR.","Green Party","GRE","Senate","S","North Carolina","NC","00","GARNER","NC","27529","2026","03-JUN-26","2026","202606039870368247"
"P60024619","TAYLOR, TATIYANA NEQUE","American Independent Party","AIP","President","P","California","CA","00","LOS ANGELES","CA","90044","2026","02-JUN-26","2026","202606029870361580"
"H6VA07338","SMITHERS, RICK","Republican Party","REP","House","H","Virginia","VA","07","WIRTZ","VA","24184","2026","02-JUN-26","2026","202606029870361631"
"H6FL07249","DENNISON, CHRISTOPHER ALLEN","Libertarian Party","LIB","House","H","Florida","FL","07","DELTONA","FL","32725","2026","02-JUN-26","2026","202606029870359213"
"H6TN05447","JOHNSON, JAMES ANDREW MR","Independent","IND","House","H","Tennessee","TN","05","MEMPHIS","TN","38104","2026","02-JUN-26","2026","202606029870358085"
"H6TN08383","AUSTILL, ADAM D","None","NNE","House","H","Tennessee","TN","08","COVINGTON","TN","38019","2026","02-JUN-26","2026","202606029870361437"
"H6FL18121","SPALDING, CARLA ARLENE","Republican Party","REP","House","H","Florida","FL","20","DEERFIELD BEACH","FL","334414161","2026","02-JUN-26","2026","202606029870359243"
"H6VA02255","FLEMING, WILLIAM WEATHERS DR.","Democratic Party","DEM","House","H","Virginia","VA","02","VIRGINIA BEACH","VA","23454","2026","02-JUN-26","2026","202606029870359394"
"H4FL23134","PIPER, MARK","Democratic Party","DEM","House","H","Florida","FL","23","WEST PALM BEACH","FL","33413","2026","02-JUN-26","2026","202606029870358837"
"H6WA05296","HAYES, MATTHEW STEPHEN","Independent","IND","House","H","Washington","WA","05","SPOKANE","WA","99223","2026","02-JUN-26","2026","202606020300527964"
"H6SC01391","RILEY, CINDY W","Republican Party","REP","House","H","South Carolina","SC","01","PINOPOLIS","SC","29469","2026","01-JUN-26","2026","202606010300527849"
"H6TN08375","HINDERS, JORDAN DANIEL","Democratic Party","DEM","House","H","Tennessee","TN","08","ARLINGTON","TN","38002","2026","01-JUN-26","2026","202606019870349054"
"S6AK00300","LESLIE, DAVID BRYAN","Democratic Party","DEM","Senate","S","Alaska","AK","00","FAIRBANKS","AK","99708","2026","01-JUN-26","2026","202606019870349023"
"H6FL24079","MONESTIME, JEAN","Democratic Party","DEM","House","H","Florida","FL","24","NORTH MIAMI","FL","33161","2026","01-JUN-26","2026","202606019870348782"
"H6FL22230","PRECOURT, SAM","Republican Party","REP","House","H","Florida","FL","22","DELRAY BEACH","FL","33483","2026","01-JUN-26","2026","202606019870355784"
"H6MI13312","NYKORIAK, T.P.","Republican Party","REP","House","H","Michigan","MI","13","DETROIT","MI","48212","2026","31-MAY-26","2026","202605319870347387"
"S6AK00292","MCELWAIN, HEATHER G","Republican Party","REP","Senate","S","Alaska","AK","00","WASILLA","AK","99654","2026","30-MAY-26","2026","202605309870347013"
"H6FL20150","FLEETWOOD, CLIFFORD GENE MR.","Unaffiliated","UN","House","H","Florida","FL","20","FORT LAUDERDALE","FL","33316","2026","30-MAY-26","2026","202605309870347292"
"H6CT01248","EUGENE, EARVIN P","Republican Party","REP","House","H","Connecticut","CT","01","WEST HAVEN","CT","06516","2026","29-MAY-26","2026","202605299870345174"
"H6CT01255","EUGENE, EARVIN P","Republican Party","REP","House","H","Connecticut","CT","01","WEST HAVEN","CT","06516","2026","29-MAY-26","2026","202605299870345187"
"H6NC08210","WHITEHEAD, ROBERT W MR.","Green Party","GRE","House","H","North Carolina","NC","08","CHARLOTTE","NC","28226","2026","29-MAY-26","2026","202605299870346796"
"H6FL22222","EARLEY, KAYSIA MRS.","Democratic Party","DEM","House","H","Florida","FL","22","PLANTATION","FL","33324","2026","29-MAY-26","2026","202605299870346125"
"H6MO08217","HESLOP, GORDON","Republican Party","REP","House","H","Missouri","MO","08","ROLLA","MO","65402","2026","29-MAY-26","2026","202605299870346772"
"H0CT01134","GRIFFIN, JAMES LEONARD","Republican Party","REP","House","H","Connecticut","CT","01","BRISTOL","CT","06010","2026","29-MAY-26","2026","202605299870346117"
"H6WY01173","KINNEY, LISA","Democratic Party","DEM","House","H","Wyoming","WY","00","LARAMIE","WY","82072","2026","28-MAY-26","2026","202605289870321388"
"H6TN04275","JAMES, JOSHUA","Republican Party","REP","House","H","Tennessee","TN","04","MURFREESBORO","TN","37129","2026","28-MAY-26","2026","202605289870318168"
"H6SC01383","DANTZLER, FRANCINA","Democratic Party","DEM","House","H","South Carolina","SC","01","BLUFFTON","SC","29910","2026","28-MAY-26","2026","202605289870316986"
"H6KY04205","TODD, JEREMY RYAN","Libertarian Party","LIB","House","H","Kentucky","KY","04","INDEPENDENCE","KY","41051","2026","27-MAY-26","2026","202605279870288935"
"H6AL02217","MATTHEWS, DAVID","Republican Party","REP","House","H","Alabama","AL","02","BEVERLY","MA","01915","2026","27-MAY-26","2026","202605279870290721"
"H6VA10266","MORSY, OMAR","Write-In","W","House","H","Virginia","VA","10","ASHBURN","VA","20147","2026","27-MAY-26","2026","202605279870290720"
"H6WI06274","ARNDT, MATTHEW JOHN","Green Party","GRE","House","H","Wisconsin","WI","06","MEQUON","WI","53097","2026","27-MAY-26","2026","202605279870290622"
"H6MA05097","FLEMING, DEREK","Independent","IND","House","H","Massachusetts","MA","05","WILMINGTON","MA","01887","2026","26-MAY-26","2026","202605269870278709"
"H6RI01161","DESOUZA, PEDRO","Independent","IND","House","H","Rhode Island","RI","01","WOONSOCKET","RI","02895","2026","26-MAY-26","2026","202605269870278695"
"H6FL19335","BUKOWSKI, GREGORY","Republican Party","REP","House","H","Florida","FL","19","OSPREY","FL","34229","2026","25-MAY-26","2026","202605259870275912"
"H6AL06176","PUETZ, WILLIAM KARL MR. IV","Independence Party","IDP","House","H","Alabama","AL","06","HOOVER","AL","35244","2026","25-MAY-26","2026","202605259870275906"
"H4WA01282","SILVA, MARY","Republican Party","REP","House","H","Washington","WA","01","MILL CREEK","WA","98082","2026","24-MAY-26","2026","202605249870275877"
"H4NJ10150","SERRANO, JON CARLOS MR.","Independent","IND","House","H","New Jersey","NJ","09","GARFIELD","NJ","07026","2026","24-MAY-26","2026","202605249870275671"
"S6KS00320","LATZ, KEVIN","Democratic Party","DEM","Senate","S","Kansas","KS","00","MISSION HILLS","KS","66208","2026","23-MAY-26","2026","202605239870274076"
"P60024601","ELLSWORTH, BARRY MR.","Democratic Party","DEM","President","P","United States","00","00","LAS VEGAS","NV","89145","2026","22-MAY-26","2026","202605229870271976"
"H6FL09286","MARTINEZ, JORGE","Republican Party","REP","House","H","Florida","FL","09","ORLANDO","FL","32832","2026","22-MAY-26","2026","202605229870271397"
"H6CA43196","SEDLIK, DAVID","Democratic Party","DEM","House","H","California","CA","43","HAWTHORNE","CA","90250","2026","21-MAY-26","2026","202605219870203522"
"H6AL06168","KENNEDY, KIMBERLY ASHTYN","Democratic Party","DEM","House","H","Alabama","AL","06","PRATTVILLE","AL","36067","2026","21-MAY-26","2026","202605219870208432"
"H6TN08367","KUHN, HEIDI","Democratic Party","DEM","House","H","Tennessee","TN","08","CORDOVA","TN","38018","2026","21-MAY-26","2026","202605219870257313"
"H4DE00078","WHALEN III, JOHN J","Republican Party","REP","House","H","Delaware","DE","00","MILLSBORO","DE","19966","2026","21-MAY-26","2026","202605219870211554"
"H6TN05439","HURLEY, RACHEL","Democratic Party","DEM","House","H","Tennessee","TN","05","MEMPHIS","TX","38112","2026","21-MAY-26","2026","202605219870214489"
"S6NJ00446","MALDONADO, JUSTIN JUAN","Independent","IND","Senate","S","New Jersey","NJ","00","PERTH AMBOY","NJ","08861","2026","21-MAY-26","2026","202605219870208853"
"H6FL22214","HASDORFF, TERRI","Republican Party","REP","House","H","Florida","FL","22","LOXAHATCHEE","FL","33470","2026","20-MAY-26","2026","202605209870177981"
"H2IL05241","HANSON, TOMMY","Republican Party","REP","House","H","Illinois","IL","05","CHICAGO","IL","60611","2026","20-MAY-26","2026","202606010300527668"
"H6TN05413","COOPER-SUTTON, YOLANDA MRS","Democratic Party","DEM","House","H","Tennessee","TN","05","MEMPHIS","TN","38109","2026","20-MAY-26","2026","202605209867452440"
"H6VA11249","PURVES, ARTHUR GRAHAME MR.","Republican Party","REP","House","H","Virginia","VA","11","VIENNA","VA","22183","2026","20-MAY-26","2026","202605209870141904"
"H6TN07229","DIXIE, VINCENT","Democratic Party","DEM","House","H","Tennessee","TN","07","NASHVILLE","TN","37218","2026","20-MAY-26","2026","202605209867468622"
"H6AS01021","KING YOUNG, SANDRA S","Democratic Party","DEM","House","H","American Samoa","AS","00","PAGO PAGO","AS","96799","2026","20-MAY-26","2026","202605209867471487"
"H6TX28157","BENAVIDES, GEORGE ANDREW MR","American Independent Conservative","AIC","House","H","Texas","TX","28","NEW BRAUNFELS","TX","78132","2026","20-MAY-26","2026","202605209867444989"
"H6FL11324","OLLER, WILLIAM TERRELL MR. II","Republican Party","REP","House","H","Florida","FL","11","WINTER GARDEN","FL","34787","2026","19-MAY-26","2026","202605199866999266"
"H6FL06423","GIST, MICHAEL","No Party Affiliation","NPA","House","H","Florida","FL","06","ORMOND BEACH","FL","32174","2026","19-MAY-26","2026","202605199866997510"
"H6WA02228","FELLER, EDWIN HAROLD","Republican Party","REP","House","H","Washington","WA","02","LYNDEN","WA","98264","2026","18-MAY-26","2026","202605189866984787"
"H6FL09278","BUTLER, BENJAMIN BEN","Republican Party","REP","House","H","Florida","FL","09","OKEECHOBEE","FL","34972","2026","18-MAY-26","2026","202605189866979922"
"H6MI08312","SMITH, THOMAS JAMES MR","Republican Party","REP","House","H","Michigan","MI","08","FLINT","MI","48503","2026","17-MAY-26","2026","202605179866978457"
"H6CO04277","GALVAN, LUIS HUMBERTO MR. II","Republican Party","REP","House","H","Colorado","CO","04","HIGHLANDS RANCH","CO","80129","2026","17-MAY-26","2026","202605179866978118"
"H6FL22198","AVILA, STEVE","Republican Party","REP","House","H","Florida","FL","22","ROYAL PALM BEACH","FL","33411","2026","16-MAY-26","2026","202605169866977333"
"H6NJ09306","BUKOVINAC, TERRISA","Independent","IND","House","H","New Jersey","NJ","09","ELLENDALE","TN","38029","2026","16-MAY-26","2026","202605169866977577"
"H6FL22206","KEISER, BELINDA","Republican Party","REP","House","H","Florida","FL","22","PARKLAND","FL","33067","2026","16-MAY-26","2026","202605169866977363"
"H6TN09498","LAMAR, LONDON","Democratic Party","DEM","House","H","Tennessee","TN","09","MEMPHIS","TN","38111","2026","15-MAY-26","2026","202605159866975369"
"H6FL14237","BELTRAN, MIKE","Republican Party","REP","House","H","Florida","FL","14","TAMPA","FL","33607","2026","15-MAY-26","2026","202605159866973057"
"S6UT00287","ARRINGTON, BRYAN LAMONT SGT.","Unaffiliated","UN","Senate","S","Utah","UT","00","WENDOVER","UT","84083","2026","14-MAY-26","2026","202605149866972431"
"H6TN04267","LANIER, TIMOTHY","Democratic Party","DEM","House","H","Tennessee","TN","04","NASHVILLE","TN","37211","2026","14-MAY-26","2026","202605149866972571"
"H6AL06150","BOUMA-SIMS, JACOB HENRY MR","Democratic Party","DEM","House","H","Alabama","AL","06","HOMEWOOD","AL","35209","2026","14-MAY-26","2026","202605149866960949"
"H6FL14229","STEELE, KEVIN","Republican Party","REP","House","H","Florida","FL","14","JENSEN BEACH","FL","34957","2026","14-MAY-26","2026","202605149866972131"
"H6WA07490","KIRKLAND, GWENEVERE JOSEPHINE","Democratic Party","DEM","House","H","Washington","WA","07","SEATTLE","WA","98115","2026","14-MAY-26","2026","202605149866961273"
"H6FL20143","ANDERSEN, BRENT","Republican Party","REP","House","H","Florida","FL","20","POMPANO BEACH","FL","33066","2026","14-MAY-26","2026","202605149866962953"
"H4MD06381","WHITE, KIAMBO UKURI","Democratic Party","DEM","House","H","Maryland","MD","06","BALTIMORE","MD","21231","2026","14-MAY-26","2026","202605149866961168"
"S6NY00474","JOHNSON, RACHEAL ALISA","Democratic Party","DEM","Senate","S","New York","NY","00","ROCHESTER","NY","14606","2026","13-MAY-26","2026","202605139866955587"
"H6GA13153","SCOTT, MARCYE","Democratic Party","DEM","House","H","Georgia","GA","13","ATLANTA","GA","30308","2026","13-MAY-26","2026","202605139866947086"
"H6NE01150","AHLMAN, AUSTIN LAWRENCE","Independent","IND","House","H","Nebraska","NE","01","NORFOLK","NE","68701","2026","13-MAY-26","2026","202605139866943317"
"H6FL19319","HASKIN, SETH","No Party Affiliation","NPA","House","H","Florida","FL","19","FT MYERS","FL","33905","2026","12-MAY-26","2026","202605129866919007"
"H6WA04265","SAAVEDRA, ELPIDIA","Republican Party","REP","House","H","Washington","WA","04","TOPPENISH","WA","98948","2026","12-MAY-26","2026","202605129866920304"
"H6TN07336","HALL, BRANT EDWARD II","Republican Party","REP","House","H","Tennessee","TN","07","HENDERSONVILLE","TN","37075","2026","12-MAY-26","2026","202605129866924297"
"H6NH02311","CONCEICAO, BRANDON","Other","OTH","House","H","New Hampshire","NH","02","NASHUA","NH","03062","2026","12-MAY-26","2026","202605129866922559"
"H6WA05288","FREUDENBERG, RICHARD","Democratic Party","DEM","House","H","Washington","WA","05","LIBERTY LAKE","WA","99019","2026","12-MAY-26","2026","202605129866923428"
"H6NJ07300","TERRY, RANDALL","Independent","IND","House","H","New Jersey","NJ","07","ELLENDALE","TN","38029","2026","12-MAY-26","2026","202605129866920504"
"H6TN09472","WARNER, WILLIAM TODD","Republican Party","REP","House","H","Tennessee","TN","09","CHAPEL HILL","TN","37034","2026","11-MAY-26","2026","202605119866915434"
"H6CA01319","CASTANEDALEAL, WENDY","Democratic Party","DEM","House","H","California","CA","01","WASCO","CA","93280","2026","11-MAY-26","2026","202605119866916069"
"H6FL14211","VALENTI, BEA","Republican Party","REP","House","H","Florida","FL","14","TAMPA","FL","33606","2026","11-MAY-26","2026","202605119866916719"
"H6TN09480","THOMPSON, JEREMY","Republican Party","REP","House","H","Tennessee","TN","09","FAYETTEVILLE","TN","37334","2026","11-MAY-26","2026","202605119866916137"
"H6FL24061","DARO, ANDY","No Party Affiliation","NPA","House","H","Florida","FL","24","NORTH BAY VILLAGE","FL","33141","2026","11-MAY-26","2026","202605119866916271"
"H6CA16176","SOULE, PETER SUNDIN MR.","Republican Party","REP","House","H","California","CA","16","SAN JOSE","CA","95124","2026","11-MAY-26","2026","202605119866916116"
"H6SC02142","GIBBONS, SAMUEL LUTHER MR. IV","Republican Party","REP","House","H","South Carolina","SC","02","WEST COLUMBIA","SC","29170","2026","10-MAY-26","2026","202605109866913972"
"S6NC00555","KEENER, LOGAN BENJAMIN DR","Republican Party","REP","Senate","S","North Carolina","NC","00","WENDELL","NC","27591","2026","09-MAY-26","2026","202605099866913906"
"H6WA05270","BARTLESON, ANDREW","Independent","IND","House","H","Washington","WA","05","SPOKANE VALLEY","WA","99016","2026","09-MAY-26","2026","202605099866913154"
"H6FL04238","FULTON-WILEY, AUGUSTUS MR. IV","No Party Affiliation","NPA","House","H","Florida","FL","04","JACKSONVILLE BEACH","FL","32250","2026","09-MAY-26","2026","202605099866913202"
"H6KS03308","JENKINS, ERIC","Republican Party","REP","House","H","Kansas","KS","03","SHAWNEE","KS","66216","2026","09-MAY-26","2026","202605099866913866"
"H6FL22180","THOMPSON, MICHAEL","Republican Party","REP","House","H","Florida","FL","22","ST. PETERSBURG","FL","33702","2026","09-MAY-26","2026","202605099866913896"
"S6DE00214","COPPOLA, ALEC","Republican Party","REP","Senate","S","Delaware","DE","00","MILFORD","DE","19963","2026","08-MAY-26","2026","202605080300526954"
"H6WA01246","HILDEBRAND, CATHERINE","Democratic Party","DEM","House","H","Washington","WA","01","MOUNTLAKE TERRACE","WA","98043","2026","08-MAY-26","2026","202605089866913140"
"H4WA09061","BASLER, DOUGLAS MICHAEL","Republican Party","REP","House","H","Washington","WA","09","KENT","WA","98031","2026","08-MAY-26","2026","202605089866899578"
"H2FL21108","FRANZESE, DANIEL JOHN","Republican Party","REP","House","H","Florida","FL","25","DELRAY BEACH","FL","33484","2026","08-MAY-26","2026","202605089866912742"
"S6AL00526","COLBERT, MICHAEL","Republican Party","REP","Senate","S","Alabama","AL","00","SAMSON","AL","36477","2026","08-MAY-26","2026","202605089866912839"
"H6GA13146","PARK, FAYTH","Republican Party","REP","House","H","Georgia","GA","13","REX","GA","30260","2026","07-MAY-26","2026","202605079866866182"
"H6TN09464","TAYLOR, BRENT","Republican Party","REP","House","H","Tennessee","TN","09","EADS","TN","38028","2026","07-MAY-26","2026","202605079866848798"
"H6TN03228","GOLLADAY, ANNA","Democratic Party","DEM","House","H","Tennessee","TN","03","CHATTANOOGA","TN","37408","2026","07-MAY-26","2026","202605079866848503"
"H6NY08170","AHSAN, SAHIR DR.","Write-In","W","House","H","New York","NY","08","BROOKLYN","NY","11201","2026","07-MAY-26","2026","202605079866843839"
"H6GA13138","KELLEY, ANTOINE F JR.","Republican Party","REP","House","H","Georgia","GA","13","SNELLVILLE","GA","30078","2026","07-MAY-26","2026","202605079866843651"
"H6WA05262","BARTLESON, ANDREW","Independent","IND","House","H","Washington","WA","05","SPOKANE VALLEY","WA","99016","2026","07-MAY-26","2026","202605079866896859"
"H6OK01326","WOODS, TODD","Republican Party","REP","House","H","Oklahoma","OK","01","TULSA","OK","74133","2026","06-MAY-26","2026","202605069866841100"
"S6OK04288","ENGLAND, GARY TY MR.","Republican Party","REP","Senate","S","Oklahoma","OK","00","BETHANY","OK","73008","2026","06-MAY-26","2026","202605069866841113"
"H6WA02210","PELLETTI, RAYMOND","Republican Party","REP","House","H","Washington","WA","02","BLAINE","WA","98230","2026","06-MAY-26","2026","202605069866843356"
"H6VA03121","RIVERA, EDWIN MR. JR.","Republican Party","REP","House","H","Virginia","VA","03","RICHMOND","VA","23255","2026","06-MAY-26","2026","202605069866841440"
"P60024593","CHAMBLEE, JOHNATHAN TROY MR.","DNC","DNC","President","P","United States","00","00","LOS ANGELES","CA","90013","2026","06-MAY-26","2026","202605069866843162"
"H0FL15096","BRITVEC, KEL JACOBS 2395601987","Independent","IND","House","H","Florida","FL","18","LAKELAND","FL","33809","2026","06-MAY-26","2026","202605069866842765"
"H6WI01341","VERA, JOSE ARTURO","Republican Party","REP","House","H","Wisconsin","WI","01","JANESVILLE","WI","53545","2026","04-MAY-26","2026","202605049866789399"
"H6ND01056","NEVILLE, HELENE","Independence Party","IDP","House","H","North Dakota","ND","00","JAMESTOWN","ND","58401","2026","04-MAY-26","2026","202605049866792306"
"H2FL11117","SABATINI, ANTHONY","Republican Party","REP","House","H","Florida","FL","11","MOUNT DORA","FL","32757","2026","04-MAY-26","2026","202605049866792289"
"H6FL11316","RAZACK, NIZAM MD, JD","Republican Party","REP","House","H","Florida","FL","11","ORLANDO","FL","32819","2026","04-MAY-26","2026","202605049866790270"
"H6OH05154","SHAVER, BRIAN ALAN MR.","Democratic Party","DEM","House","H","Ohio","OH","05","FOSTORIA","OH","44830","2026","03-MAY-26","2026","202605039866788643"
"H6CA19188","GAFARI, TUKA MR.","Republican Party","REP","House","H","California","CA","19","SCOTTS VALLEY","CA","95066","2026","02-MAY-26","2026","202605029866787722"
"H0FL17118","MOISE, RUDOLPH DR.","Democratic Party","DEM","House","H","Florida","FL","20","DAVIE","FL","33330","2026","01-MAY-26","2026","202605019866785873"
"H6FL14203","BROWN, TE","Republican Party","REP","House","H","Florida","FL","14","AVENTURA","FL","33180","2026","01-MAY-26","2026","202605019866783228"
"H6PA03369","MAHONEY, DENNIS JOSEPH","Independent","IND","House","H","Pennsylvania","PA","03","PHILADELPHIA","PA","19147","2026","01-MAY-26","2026","202605019866785577"
"H6WA05254","USREY, KYLE B","Independent","IND","House","H","Washington","WA","05","SPOKANE","WA","99223","2026","01-MAY-26","2026","202605019866785477"
"H6FL17081","QUIRK, MICHAEL","No Party Affiliation","NPA","House","H","Florida","FL","17","SARASOTA","FL","34240","2026","01-MAY-26","2026","202605019866784548"
"H8MI13185","WATERS, MARY","Democratic Party","DEM","House","H","Michigan","MI","13","DETROIT","MI","48207","2026","01-MAY-26","2026","202605019866785278"
"H6WI04089","DIXON, CARLOS LEMAR","None","NNE","House","H","Wisconsin","WI","04","MILWAUKEE","WI","53212","2026","30-APR-26","2026","202604309866743793"
"H6KS01229","JACOB, STEVEN ROBERT","Libertarian Party","LIB","House","H","Kansas","KS","01","LAWRENCE","KS","66046","2026","30-APR-26","2026","202604309866741533"
"S6KS00312","HAMILTON, ADAM","Democratic Party","DEM","Senate","S","Kansas","KS","00","STILWELL","KS","66085","2026","30-APR-26","2026","202604309866741344"
"H6MO03424","BROWN SR, THEODIS","Independent","IND","House","H","Missouri","MO","03","ST. LOUIS","MO","63147","2026","30-APR-26","2026","202604300300526666"
"H6FL16158","KIRSCHNER, KELLY","Democratic Party","DEM","House","H","Florida","FL","16","WASHINGTON","DC","20002","2026","30-APR-26","2026","202604309866783181"
"H6VA07320","HARDING, PHILIP A.","Republican Party","REP","House","H","Virginia","VA","07","WOODBRIDGE","VA","22191","2026","30-APR-26","2026","202604309866779440"
"H6FL15226","CHAMPION, STEVEN DOUGLAS II","Republican Party","REP","House","H","Florida","FL","15","BROOKSVILLE","FL","34604","2026","30-APR-26","2026","202604309866779327"
"H2MO04199","BRATTIN, RICHARD RAY JR.","Republican Party","REP","House","H","Missouri","MO","05","KANSAS CITY","MO","64138","2026","30-APR-26","2026","202604309866743676"
"H6FL11308","FARLEY, STEVE","Republican Party","REP","House","H","Florida","FL","11","TAVARES","FL","32778","2026","29-APR-26","2026","202604299866722920"
"S6NM01186","MARKER, LARRY E","Republican Party","REP","Senate","S","New Mexico","NM","00","ROSWELL","NM","88202","2026","29-APR-26","2026","202604299866723068"
"S6NE00178","AXTELL SCHULTZ, DEBRA LEANNE MS","Republican Party","REP","Senate","S","Nebraska","NE","00","GRAND ISLAND","NE","68803","2026","29-APR-26","2026","202604299866723428"
"H2MI12198","HOOPER, JAMES D","Republican Party","REP","House","H","Michigan","MI","12","LIVONIA","MI","48153","2026","29-APR-26","2026","202604299866723429"
"H6MI06233","ISMAIL, MARK ALEXANDER","Republican Party","REP","House","H","Michigan","MI","06","CANTON","MI","48188","2026","29-APR-26","2026","202604299866729412"
"H4VA07275","GUZMAN, ELIZABETH","Democratic Party","DEM","House","H","Virginia","VA","07","NOKESVILLE","VA","20182","2026","29-APR-26","2026","202604299866722932"
"S6MT00329","CALHOUN, LEE","Republican Party","REP","Senate","S","Montana","MT","00","WHITEFISH","MT","59937","2026","29-APR-26","2026","202605120300527206"
"H6MN08203","HAMILTON, ANTHONY DAVID MR.","Republican Party","REP","House","H","Minnesota","MN","08","MORA","MN","55051","2026","28-APR-26","2026","202604289866712168"
"H6FL07231","ELIJAH, RYAN","Republican Party","REP","House","H","Florida","FL","07","SANFORD","FL","32771","2026","28-APR-26","2026","202604289866712323"
"H6FL05292","UPHAM, WILLIAM LINTAG MR.","Republican Party","REP","House","H","Florida","FL","05","JACKSONVILLE","FL","32204","2026","28-APR-26","2026","202604289866712333"
"H6CA14254","ZEVALLOS, VICTOR","No Party Affiliation","NPA","House","H","California","CA","14","WASHINGTON","DC","20024","2026","27-APR-26","2026","202604279866700972"
"H6WI01333","BURGELIS, PETER","Democratic Party","DEM","House","H","Wisconsin","WI","01","MILWAUKEE","WI","53219","2026","26-APR-26","2026","202604269866700160"
"H6KS04280","CRANMER, ANDREW IRA","Libertarian Party","LIB","House","H","Kansas","KS","04","WICHITA","KS","67205","2026","26-APR-26","2026","202604269866700880"
"H6NH02303","MAHROU, ROBBIE S","Independent","IND","House","H","New Hampshire","NH","02","WALPOLE","NH","03608","2026","26-APR-26","2026","202604269866700193"
"H6CA14247","CORDES, ALISHA LOKELANI","Democratic Party","DEM","House","H","California","CA","14","LIVERMORE","CA","94550","2026","25-APR-26","2026","202604259866700083"
"H6MN03188","WITTROCK, QUENTIN","Republican Party","REP","House","H","Minnesota","MN","03","COON RAPIDS","MN","55448","2026","24-APR-26","2026","202604249866697838"
"H6CA14239","RIDENOUR, SHERIENE","Democratic Party","DEM","House","H","California","CA","14","CASTRO VALLEY","CA","94546","2026","24-APR-26","2026","202604249866698851"
"H6NV03311","WEST, BRANDON","Democratic Party","DEM","House","H","Nevada","NV","03","LAS VEGAS","NV","89117","2026","24-APR-26","2026","202604249866698004"
"H6WI03230","KENT, ALEXANDER VALIENSI","Independent","IND","House","H","Wisconsin","WI","03","LA CROSSE","WI","54601","2026","24-APR-26","2026","202604249866697940"
"H6CT05256","BUCCIARELLI, JOHN ANTHONY III","Republican Party","REP","House","H","Connecticut","CT","05","SOUTHBURY","CT","06488","2026","23-APR-26","2026","202604239866686063"
"H2MT02084","OLSZEWSKI, ALBERT","Republican Party","REP","House","H","Montana","MT","01","KALISPELL","MT","599017569","2026","23-APR-26","2026","202604239866687276"
"S6FL00905","CHURCHILL, PANO DR","Independent","IND","Senate","S","Florida","FL","00","MIAMI SHORES","FL","33138","2026","23-APR-26","2026","202604239866687910"
"H6MO01329","PHILLIPS, XAVIER","Independent","IND","House","H","Missouri","MO","01","SAINT LOUIS","MO","63120","2026","23-APR-26","2026","202604239866695036"
"H6FL11282","WILKINS, TIM","Republican Party","REP","House","H","Florida","FL","11","OCOEE","FL","34761","2026","22-APR-26","2026","202604229866667920"
"H6NY04211","DRISCOLL, JEANINE","Republican Party","REP","House","H","New York","NY","04","FLORAL PARK","NY","11001","2026","22-APR-26","2026","202604229866681773"
"H6NY20233","FU, JACK","No Party Affiliation","NPA","House","H","New York","NY","20","REGO PARK","NY","11374","2026","22-APR-26","2026","202604229866681615"
"H6VI01081","FRANCIS, RASHIDA","Democratic Party","DEM","House","H","U.S. Virgin Islands","VI","00","ST. THOMAS","VI","00802","2026","21-APR-26","2026","202604219866629277"
"H6CA14221","WIECKOWSKI, BOB","Democratic Party","DEM","House","H","California","CA","14","SACRAMENTO","CA","95815","2026","20-APR-26","2026","202604209863237710"
"S6NH00216","LAMARE, DENNIS","Republican Party","REP","Senate","S","New Hampshire","NH","00","LEE","NH","03861","2026","20-APR-26","2026","202604209866625303"
"H6NY08162","HAMLIN, DARAYAN J","Democratic Party","DEM","House","H","New York","NY","08","BROOKLYN","NY","11221","2026","20-APR-26","2026","202604209863282092"
"S6LA00706","ALBARES, NICHOLAS S.","Democratic Party","DEM","Senate","S","Louisiana","LA","00","NEW ORLEANS","LA","70122","2026","20-APR-26","2026","202604209863246824"
"H2CA18171","ACEVEDO-ARREGUIN, LUIS ANTONIO","Democratic Party","DEM","House","H","California","CA","18","CASTROVILLE","CA","95012","2026","19-APR-26","2026","202604199863198056"
"H6NJ11344","CRESITELLO, DONALD MR.","Democratic Party","DEM","House","H","New Jersey","NJ","11","MORRISTOWN","NJ","07960","2026","19-APR-26","2026","202604199863198057"
"H6WA03317","RASBAND, TROY AUSTIN","Democratic Party","DEM","House","H","Washington","WA","03","VANCOUVER","WA","98687","2026","19-APR-26","2026","202604199863197379"
"S6TN00414","WHITSON, CATHERINE BARCEL MS BARCY","Independent","IND","Senate","S","Tennessee","TN","00","CHATTANOOGA","TN","37421","2026","19-APR-26","2026","202604199863195983"
"S6NM01178","CHANNON, MATTHEW JAMES MR.","Republican Party","REP","Senate","S","New Mexico","NM","00","ALBUQUERQUE","NM","87111","2026","19-APR-26","2026","202604199863196652"
"H4NY16079","DOLAN, MARTIN WILLIAM MR","Democratic Party","DEM","House","H","New York","NY","14","NEW YORK","NY","10025","2026","19-APR-26","2026","202604199863195757"
"H6VA07312","TERRY, RANDALL","Independent","IND","House","H","Virginia","VA","07","ELLENDALE","TN","38029","2026","18-APR-26","2026","202604189863185136"
"H6CT04127","PEREZ-CAPUTO, JOSEPH","Democratic Party","DEM","House","H","Connecticut","CT","04","STAMFORD","CT","06903","2026","18-APR-26","2026","202604189863185126"
"S6AK00284","HAFNER, CAROL","Democratic Party","DEM","Senate","S","Alaska","AK","00","BOX ELDER","SD","57719","2026","17-APR-26","2026","202604179863156654"
"S6WY00225","MEAD, SAMUEL","Republican Party","REP","Senate","S","Wyoming","WY","00","JACKSON","WY","83001","2026","16-APR-26","2026","202604169863144764"
"H6NV02446","SMITH, MIKE","Republican Party","REP","House","H","Nevada","NV","02","SPARKA","NV","89436","2026","16-APR-26","2026","202604169863146647"
"S6RI00288","BAHRY, MICHAEL","Independent","IND","Senate","S","Rhode Island","RI","00","EAST PROVIDENCE","RI","02914","2026","16-APR-26","2026","202604169863148553"
"H6CO03279","HANKS, RON","Republican Party","REP","House","H","Colorado","CO","03","PENROSE","CO","81240","2026","16-APR-26","2026","202604169863151244"
"H4FL28026","LARA, ROYLAND","Republican Party","REP","House","H","Florida","FL","28","MIAMI","FL","33183","2026","16-APR-26","2026","202604169863151325"
"H6RI01153","KEENAN, KELLIE ELEANOR","Independent","IND","House","H","Rhode Island","RI","01","PROVIDENCE","RI","02905","2026","16-APR-26","2026","202604169863131646"
"H6IA01213","BRIDGFORD, MICHAEL","Independent","IND","House","H","Iowa","IA","01","BETTENDORF","IA","52722","2026","16-APR-26","2026","202604169863144661"
"H6HI01378","GELT, SHOLOM","No Party Affiliation","NPA","House","H","Hawaii","HI","01","HONOLULU","HI","96817","2026","16-APR-26","2026","202604169863151283"
"H6LA04203","NICHOLS, MICHAEL","Republican Party","REP","House","H","Louisiana","LA","04","PITKIN","LA","70656","2026","16-APR-26","2026","202604169863123105"
"H4GA11087","PRIDEMORE, TRICIA","Republican Party","REP","House","H","Georgia","GA","11","ATLANTA","GA","30355","2026","15-APR-26","2026","202604159862902976"
"H4NY21137","ROULEAU, BRIAN R MR.","Other","OTH","House","H","New York","NY","21","WINTHROP","NY","13697","2026","15-APR-26","2026","202604159863099078"
"H6TX32241","HESLOP, GORDON","Republican Party","REP","House","H","Texas","TX","32","COMMERCE","TX","75428","2026","15-APR-26","2026","202604159862586016"
"H2VA10273","BECKWITH, DAVID","Republican Party","REP","House","H","Virginia","VA","10","STERLING","VA","20165","2026","15-APR-26","2026","202604159857600765"
"H6MN08195","GULBRANSON, LUKE","Democratic Party","DEM","House","H","Minnesota","MN","08","EVELETH","MN","55734","2026","15-APR-26","2026","202604159857242195"
"H6NV01422","PANIAGUA, LUIS","Democratic Party","DEM","House","H","Nevada","NV","01","LAS VEGAS","NV","89160","2026","14-APR-26","2026","202604149857148348"
"S6TN00406","MCCANTS, KEVIN LEE MR.","Democratic Party","DEM","Senate","S","Tennessee","TN","00","MURFREESBORO","TN","37128","2026","14-APR-26","2026","202604149857167787"
"H6WI03222","MARIN, MELVIN MILIVOJ MR. JR.","Democratic Party","DEM","House","H","Wisconsin","WI","03","EAU CLAIRE","WI","54701","2026","14-APR-26","2026","202604149857184616"
"H6SC01375","CUTERI, CLAYTON ALEXANDER","Write-In","W","House","H","South Carolina","SC","01","MOUNT PLEASANT","SC","29464","2026","14-APR-26","2026","202604149857233552"
"H6UT02556","GIBB, JOHN R JR","Republican Party","REP","House","H","Utah","UT","02","LOGAN","UT","84321","2026","14-APR-26","2026","202604149857216189"
"H6MO05338","BEEBE, MICAH","Republican Party","REP","House","H","Missouri","MO","05","LEES SUMMIT","MO","64064","2026","14-APR-26","2026","202604149857217929"
"H6RI02326","SKOLY, STEPHEN T","Republican Party","REP","House","H","Rhode Island","RI","02","EAST GREENWICH","RI","02818","2026","14-APR-26","2026","202604149857184634"
"H6OK05319","MARTIN, TREY","Democratic Party","DEM","House","H","Oklahoma","OK","05","EDMOND","OK","73034","2026","13-APR-26","2026","202604139857129051"
"H6VA07304","TROYE, OLIVIA","Democratic Party","DEM","House","H","Virginia","VA","07","ARLINGTON","VA","22201","2026","13-APR-26","2026","202604139857129196"
"H6IN04243","BOKASH, DAVID EUGENE (E.)","None","NNE","House","H","Indiana","IN","04","LEBANON","IN","46052","2026","13-APR-26","2026","202604139857147800"
"H6IL04195","GETTY, CHRISTOPHER ROMAN","Independent","IND","House","H","Illinois","IL","04","LYONS","IL","60534","2026","13-APR-26","2026","202604139857138433"
"H6CA15210","GARRITY, JAMES","Unaffiliated","UN","House","H","California","CA","15","SAN CARLOS","CA","94070","2026","13-APR-26","2026","202604139857139796"
"H6NY15225","DAVIS, INDARA STAR MS.","Independent","IND","House","H","New York","NY","15","BRONX","NY","10451","2026","13-APR-26","2026","202604139857131847"
"H4SC01073","SANFORD, MARSHALL C. HON.","Republican Party","REP","House","H","South Carolina","SC","01","MOUNT PLEASANT","SC","294645312","2026","12-APR-26","2026","202604129857125724"
"S6CO00564","WITHROW, ADAM","United Party","UNI","Senate","S","Colorado","CO","00","WALSENBURG","CO","81089","2026","11-APR-26","2026","202604119857102264"
"H6SC06168","WASHINGTON, MAURICE G MR I","Republican Party","REP","House","H","South Carolina","SC","06","CHARLESTON","SC","29413","2026","10-APR-26","2026","202604109857072462"
"H6CA49169","KURDIAN, ARMEN","Republican Party","REP","House","H","California","CA","49","VISTA","CA","92081","2026","10-APR-26","2026","202604109857080624"
"H6MO06328","SCHULTZ, NATHANAEL","Republican Party","REP","House","H","Missouri","MO","06","BOWLING GREEN","MO","63334","2026","10-APR-26","2026","202604109857094394"
"S6MI00533","SHERMAN, JASON","Independence Party","IDP","Senate","S","Michigan","MI","00","ORTONVILLE","MI","48462","2026","10-APR-26","2026","202604109857088764"
"H6HI01360","LAM, ADRIEL C","Republican Party","REP","House","H","Hawaii","HI","01","KANEOHE","HI","96744","2026","10-APR-26","2026","202604109857094165"
"H6FL14195","MARCEL, MICHAEL","Republican Party","REP","House","H","Florida","FL","14","TAMPA","FL","33602","2026","10-APR-26","2026","202604109857081159"
"H6IN07493","HATCH, DENISE PAUL MRS","Democratic Party","DEM","House","H","Indiana","IN","07","INDIANAPOLIS","IN","46201","2026","09-APR-26","2026","202604099857053838"
"H6FL02398","BARNES, BRICE","Democratic Party","DEM","House","H","Florida","FL","02","TALLAHASSEE","FL","32303","2026","09-APR-26","2026","202604099857032946"
"H6CT04176","BUENO, LUZ HELENA","Republican Party","REP","House","H","Connecticut","CT","04","DARIEN","CT","06820","2026","08-APR-26","2026","202604089857023311"
"H6NY18252","AURINGER, JACKIE MARY MS.","Republican Party","REP","House","H","New York","NY","18","KINGSTON","NY","12401","2026","08-APR-26","2026","202604089857021615"
"H6WI06241","FITZGIBBON, ELIZABETH","Independent","IND","House","H","Wisconsin","WI","06","NEENAH","WI","54956","2026","07-APR-26","2026","202604079857020605"
"H6NH02295","NICHOLSON, DANIEL STEPHEN MR","Republican Party","REP","House","H","New Hampshire","NH","02","NASHUA","NH","03060","2026","07-APR-26","2026","202604079857020615"
"H0TX26170","CUNNINGHAM, WILLIAM ROBERT MR. JR.","Independent","IND","House","H","Texas","TX","26","ARGYLE","TX","76226","2026","07-APR-26","2026","202604079857016073"
"H6MP01027","DELEON GUERRERO, GALVIN SABLAN","Independent","IND","House","H","Northern Mariana Islands","MP","01","SAIPAN","MP","96950","2026","07-APR-26","2026","202604079857020241"
"S6MN00564","TAMBORNINO, EDWARD HAROLD","Unaffiliated","UN","Senate","S","Minnesota","MN","00","BLOOMINGTON","MN","55438","2026","07-APR-26","2026","202604079857017261"
"H6FL06415","BILZERIAN, DANIEL BRANDON","Republican Party","REP","House","H","Florida","FL","06","LAS VEGAS","NV","89118","2026","07-APR-26","2026","202604079857017373"
"H6FL02380","JONES, LEE JON","Republican Party","REP","House","H","Florida","FL","02","PANAMA CITY","FL","32408","2026","07-APR-26","2026","202604079857018073"
"H6OK05301","HENRI, ROBERT PATRICK","Independent","IND","House","H","Oklahoma","OK","05","EDMOND","OK","73003","2026","07-APR-26","2026","202604079857016117"
"H6MO04265","ROGERS, ASHLEIGH","Democratic Party","DEM","House","H","Missouri","MO","04","KANSAS CITY","MO","64171","2026","06-APR-26","2026","202604069857012956"
"S6OK04270","YEN, ERVIN STONE DR","Democratic Party","DEM","Senate","S","Oklahoma","OK","00","NICHOLS HILLS","OK","73120","2026","06-APR-26","2026","202604069856988004"
"H6WA04257","VALENCIA, FAVIAN","Independent","IND","House","H","Washington","WA","04","YAKIMA","WA","98908","2026","05-APR-26","2026","202604059856982369"
"H6GA11231","EKPETE KAMA, ULOMA","Republican Party","REP","House","H","Georgia","GA","11","MARIETTA","GA","30067","2026","04-APR-26","2026","202604049856979496"
"H2FL24037","OLIVO, CHRISTINE ALEXANDRIA","Democratic Party","DEM","House","H","Florida","FL","24","NORTH MIAMI","FL","33181","2026","04-APR-26","2026","202604049856980007"
"H6VA07296","SCHIARIZZI, JOSEPH","Democratic Party","DEM","House","H","Virginia","VA","07","ARLINGTON","VA","22216","2026","04-APR-26","2026","202604049856981472"
"S6SC04379","COWEN, CALVIN","Republican Party","REP","Senate","S","South Carolina","SC","00","STARTEX","SC","29377","2026","04-APR-26","2026","202604049856980516"
"H6SC07059","GIBSON-GROSSMANN, CARTER MONTGOMERY","Write-In","W","House","H","South Carolina","SC","07","MYRTLE BEACH","SC","29579","2026","04-APR-26","2026","202604049856980014"
"H6VA07288","SALIM, SADDAM","Democratic Party","DEM","House","H","Virginia","VA","07","MERRIFIELD","VA","22116","2026","03-APR-26","2026","202604039856979090"
"H6OH14248","JUKIC, MARIA","Democratic Party","DEM","House","H","Ohio","OH","14","EUCLID","OH","44132","2026","03-APR-26","2026","202604039856946482"
"H6WA04240","BLACK, CARMEN ELIZABETH","Non-Party","NON","House","H","Washington","WA","04","YAKIMA","WA","98902","2026","03-APR-26","2026","202604039856951645"
"H6VA10258","SUTTLES, ANTHONY","Republican Party","REP","House","H","Virginia","VA","10","ALDIE","VA","20105","2026","03-APR-26","2026","202604039856947477"
"H8SC07089","BROWN, BRANDEN PAUL","Republican Party","REP","House","H","South Carolina","SC","07","CONWAY","SC","29526","2026","03-APR-26","2026","202604039856951075"
"H2CA38260","CLEMMONS, MITCHELL","Republican Party","REP","House","H","California","CA","41","SANTA MONICA","CA","90405","2026","03-APR-26","2026","202604039856947337"
"H6IN02205","HENRY, WILLIAM ERIC","Libertarian Party","LIB","House","H","Indiana","IN","02","ELKHART","IN","46516","2026","02-APR-26","2026","202604029856932263"
"H6NJ02269","MORA, RAMON JR","Independent","IND","House","H","New Jersey","NJ","02","VINELAND","NJ","08360","2026","02-APR-26","2026","202604029856932284"
"H6VA07270","MCCLURE, ADELE","Democratic Party","DEM","House","H","Virginia","VA","07","ARLINGTON","VA","22205","2026","02-APR-26","2026","202604029856932724"
"H6SC86020","GREEN, MALCOLM","Democratic Party","DEM","House","H","South Carolina","SC","86","NEW ELLENTON","SC","29809","2026","02-APR-26","2026","202604029856933884"
"H6OK01318","DURBIN, RONALD MR. II","Republican Party","REP","House","H","Oklahoma","OK","01","TULSA","OK","74137","2026","02-APR-26","2026","202604029856935522"
"H6CA41380","CLEMMONS, MITCHELL LEE","Republican Party","REP","House","H","California","CA","41","SANTA MONICA","CA","90405","2026","02-APR-26","2026","202604029856933853"
"H6SC86012","GREEN, MALCOLM","Democratic Party","DEM","House","H","South Carolina","SC","86","NEW ELLENTON","SC","29809","2026","02-APR-26","2026","202604029856933883"
"H6WY01165","FRIESS, STEPHEN","Republican Party","REP","House","H","Wyoming","WY","00","JACKSON","WY","83001","2026","02-APR-26","2026","202604029856933010"
"H6AZ06214","PETERS, JEREME LANCE","Libertarian Party","LIB","House","H","Arizona","AZ","06","TUCSON","AZ","85705","2026","01-APR-26","2026","202604070300522671"
"H6MN07346","HUGHES, DAVE","Republican Party","REP","House","H","Minnesota","MN","07","KARLSTAD","MN","56732","2026","01-APR-26","2026","202604019856931593"
"H4MD05144","ARNESS, MARK","Democratic Party","DEM","House","H","Maryland","MD","05","PORT REPUBLIC","MD","20676","2026","01-APR-26","2026","202604019856925180"
"H6MO06302","OSHEL, CODY","Republican Party","REP","House","H","Missouri","MO","06","MARYVILLE","MO","64468","2026","01-APR-26","2026","202604019856925351"
"H6OK01284","LAHMEYER, JACKSON","Republican Party","REP","House","H","Oklahoma","OK","01","TULSA","OK","74145","2026","01-APR-26","2026","202604019856925402"
"H6MI03206","CUSHMAN, RYAN","Republican Party","REP","House","H","Michigan","MI","03","ALLENDALE","MI","49401","2026","01-APR-26","2026","202604019856925554"
"H6FL28047","MUJICA, HECTOR DANIEL","Democratic Party","DEM","House","H","Florida","FL","28","MIAMI","FL","33184","2026","01-APR-26","2026","202604019856925740"
"H6TN08359","BRYAN, DEWEY GORDON","Democratic Party","DEM","House","H","Tennessee","TN","08","GERMANTOWN","TN","38138","2026","01-APR-26","2026","202604019856926121"
"H6MO06310","STIGALL, CHRIS","Republican Party","REP","House","H","Missouri","MO","06","KEARNEY","MO","64060","2026","01-APR-26","2026","202604019856926284"
"H6OK01292","COCHRAN, JED","Republican Party","REP","House","H","Oklahoma","OK","01","TULSA","OK","74152","2026","01-APR-26","2026","202604019856930056"
"H6IN08327","ZEIGLER, TABITHA","Democratic Party","DEM","House","H","Indiana","IN","08","COVINGTON","IN","47932","2026","01-APR-26","2026","202604019856930091"
"S6FL00897","RIVERA, ERNIE JOHN REV. DR.","Republican Party","REP","Senate","S","Florida","FL","00","TEMPLE TERRACE","FL","33637","2026","01-APR-26","2026","202604019856931211"
"H6FL16141","GRUTERS, SYDNEY","Republican Party","REP","House","H","Florida","FL","16","BEVERLY","MA","01915","2026","01-APR-26","2026","202604019856931213"
"H6FL03149","KLEIN, MIKE","Independent","IND","House","H","Florida","FL","03","GAINESVILLE","FL","32605","2026","01-APR-26","2026","202604019856931324"
"H6OK01300","ROONEY, DAN","Republican Party","REP","House","H","Oklahoma","OK","01","TULSA","OK","74147","2026","01-APR-26","2026","202604019856931467"
"H6FL08296","SHOCK, COLBY","Democratic Party","DEM","House","H","Florida","FL","08","SATELLITE BEACH","FL","32937","2026","01-APR-26","2026","202604019856925017"
"H6UT03216","SCOTT, AYDEN TATE","Republican Party","REP","House","H","Utah","UT","03","SYRACUSE","UT","84075","2026","31-MAR-26","2026","202603319856921615"
"S6GA00465","BRIGMAN, BRADLEY","Republican Party","REP","Senate","S","Georgia","GA","00","SAVANNAH","GA","31408","2026","31-MAR-26","2026","202603319856921626"
"H6TN08342","TAYLOR, HORACE","Independent","IND","House","H","Tennessee","TN","08","GERMANTOWN","TN","38138","2026","31-MAR-26","2026","202603319856924958"
"H6TN07328","SALES, JOSHUA WARREN","Democratic Party","DEM","House","H","Tennessee","TN","07","KINGSTON SPRINGS","TN","37082","2026","31-MAR-26","2026","202603319856921725"
"H6ID01334","MORRISON, JOSEPH PERKINS","Republican Party","REP","House","H","Idaho","ID","01","BOISE","ID","83709","2026","31-MAR-26","2026","202603319856922782"
"H6MN02297","MCTAVISH, HUGH","Democratic-Farmer-Labor","DFL","House","H","Minnesota","MN","02","PINE SPRINGS","MN","55115","2026","31-MAR-26","2026","202603319856921637"
"H6MO03416","HOLSTEIN, TOMMY","Democratic Party","DEM","House","H","Missouri","MO","03","SAINT CHARLES","MO","63301","2026","30-MAR-26","2026","202603309856921189"
"H6FL13320","OFFUTT, COURTNEY MS","Republican Party","REP","House","H","Florida","FL","13","CLEARWATER","FL","33756","2026","30-MAR-26","2026","202603309856921224"
"H6FL21109","COOKE, ALEXANDER R","No Party Affiliation","NPA","House","H","Florida","FL","21","PALM BEACH GARDENS","FL","33410","2026","30-MAR-26","2026","202603309856874591"
"H6MO06294","WILLETT, NATHAN","Republican Party","REP","House","H","Missouri","MO","06","KANSAS CITY","MO","64154","2026","30-MAR-26","2026","202603309856921188"
"H6MT02226","WINDY BOY, JONATHAN MR.","Democratic Party","DEM","House","H","Montana","MT","02","BOX ELDER","MT","59521","2026","30-MAR-26","2026","202603309856889380"
"H6FL27106","PARNAS, LEV","Democratic Party","DEM","House","H","Florida","FL","27","MIAMI","FL","33133","2026","30-MAR-26","2026","202603309856914429"
"H6CA01301","MINNER, RICHARD T","Unaffiliated","UN","House","H","California","CA","01","SANTA ROSA","CA","95405","2026","30-MAR-26","2026","202603309856917402"
"H4OH10191","POMBO, TONY","Democratic Party","DEM","House","H","Ohio","OH","10","BEAVERCREEK","OH","45431","2026","30-MAR-26","2026","202603309856888720"
"H6MO05320","HUGHES, LEONARD JONAS IV","Republican Party","REP","House","H","Missouri","MO","05","BLUE SPRINGS","MO","64015","2026","29-MAR-26","2026","202603299856873855"
"H6UT01251","WEST, JESSE KEEGAN","Libertarian Party","LIB","House","H","Utah","UT","01","SALT LAKE CITY","UT","84106","2026","29-MAR-26","2026","202603299856873564"
"H4PA14114","HALFHILL, ADAM SCOTT","American Independent Party","AIP","House","H","Pennsylvania","PA","14","CONNELLSVILLE","PA","15601","2026","29-MAR-26","2026","202603299856873551"
"H6MA04140","STALCUP, THOMAS PHD","Republican Party","REP","House","H","Massachusetts","MA","04","BROOKLINE","MA","02446","2026","28-MAR-26","2026","202603289856873539"
"H6PA01264","REMMEY, JAMIE FROST","Libertarian Party","LIB","House","H","Pennsylvania","PA","01","FAIRLESS HILLS","PA","19030","2026","28-MAR-26","2026","202603289856873510"
"S6FL00871","TANEJA PERRY, NEELAM DR","Republican Party","REP","Senate","S","Florida","FL","00","ST.PETERSBURG","FL","33713","2026","27-MAR-26","2026","202603279856865628"
"H6MI06225","STAJICH, CASSANDRA ANN","Democratic Party","DEM","House","H","Michigan","MI","06","ANN ARBOR","MI","48104","2026","27-MAR-26","2026","202603279856868445"
"H6FL20135","WILLIAMS, MAISHA","Democratic Party","DEM","House","H","Florida","FL","20","POMPANO BEACH","FL","33069","2026","27-MAR-26","2026","202603279856868671"
"H6TN04259","JONES, HAROLD EUGENE MR. JR","Republican Party","REP","House","H","Tennessee","TN","04","MANCHESTER","TN","37355","2026","27-MAR-26","2026","202603279856873366"
"H6NY15217","HARRIS, JOHN MAYNARD MR.","Democratic Party","DEM","House","H","New York","NY","15","BRONX","NY","10468","2026","27-MAR-26","2026","202603279856868754"
"H6SC03108","MACKINS, ERNEST E. DR","Democratic Party","DEM","House","H","South Carolina","SC","03","ANDERSON","SC","29626","2026","27-MAR-26","2026","202603279856868759"
"H2OH04164","WILSON, TAMARA","Independent","IND","House","H","Ohio","OH","04","DELAWARE","OH","43015","2026","27-MAR-26","2026","202603279856871094"
"H6NY01209","JACOBS, JONATHAN LEWIS","Democratic Party","DEM","House","H","New York","NY","01","NEW YORK","NY","10028","2026","27-MAR-26","2026","202603279856868711"
"H4WA08147","SHETH, NIRAV","Republican Party","REP","House","H","Washington","WA","07","NORMANDY PARK","WA","98148","2026","26-MAR-26","2026","202603269856856265"
"H6OK01276","BUTTERFIELD, NATHANIEL ALLEN","Republican Party","REP","House","H","Oklahoma","OK","01","BROKEN ARROW","OK","74012","2026","26-MAR-26","2026","202603269856856316"
"H6CO01331","PETERSON, CHRISTY","Republican Party","REP","House","H","Colorado","CO","01","DENVER","CO","80246","2026","26-MAR-26","2026","202603269856861570"
"H6AZ01488","ALPONTE, MONICA MARIA","Libertarian Party","LIB","House","H","Arizona","AZ","01","TUCSON","AZ","85742","2026","26-MAR-26","2026","202603269856856912"
"H6AK01100","WILLIAMS, MATTHEW CHRISTOPHER","Independent","IND","House","H","Alaska","AK","00","ANCHORAGE","AK","99522","2026","26-MAR-26","2026","202603269856861157"
"H6FL22172","BRANDA, PAOLA DR","Republican Party","REP","House","H","Florida","FL","22","HAVERHILL","FL","33415","2026","26-MAR-26","2026","202603269856856384"
"S6OK04262","RAGAIN, BRIAN M","Republican Party","REP","Senate","S","Oklahoma","OK","00","CHICKASHA","OK","73018","2026","25-MAR-26","2026","202603259856856232"
"H6WY01157","CHAPMAN, FRANK","Republican Party","REP","House","H","Wyoming","WY","00","ALEXANDRIA","VA","22313","2026","25-MAR-26","2026","202603259856844631"
"H6MN04301","XIONG, PAUL","Republican Party","REP","House","H","Minnesota","MN","04","SAINT PAUL","MN","55106","2026","25-MAR-26","2026","202603259856843015"
"H6FL22164","WERTHEIM, HERBERT DR. OD","Republican Party","REP","House","H","Florida","FL","22","MANALAPAN","FL","33426","2026","25-MAR-26","2026","202603259856841787"
"H6ID02282","HOUSER, EMRE MR","Unaffiliated","UN","House","H","Idaho","ID","02","BOISE","ID","83701","2026","24-MAR-26","2026","202603249856840622"
"S6MD03680","WARD III, JUSTIN HARVEY RANDOLPH","Democratic Party","DEM","Senate","S","Maryland","MD","00","SILVER SPRING","MD","20904","2026","24-MAR-26","2026","202603240300522102"
"S6ID00179","BONDS, NICKOLAS","Democratic Party","DEM","Senate","S","Idaho","ID","00","POST FALLS","ID","83854","2026","24-MAR-26","2026","202603249856802467"
"H8CT01152","MCCORMICK, THOMAS","Democratic Party","DEM","House","H","Connecticut","CT","01","WEST HARTFORD","CT","06117","2026","24-MAR-26","2026","202603240300522108"
"H6UT02549","BOWEN, CARLTON E.","Independent American Party","IAP","House","H","Utah","UT","02","AMERICAN FORK","UT","84003","2026","24-MAR-26","2026","202603249856838517"
"H6PA04177","PATEL, MILAN","Independent","IND","House","H","Pennsylvania","PA","04","LANSDALE","PA","19446","2026","24-MAR-26","2026","202603249856838523"
"H6CA47130","GONZALES, CHRISTOPHER J","Republican Party","REP","House","H","California","CA","47","SANTA ANA","CA","92701","2026","24-MAR-26","2026","202603249856839044"
"H6VA07262","SCHMEELK, JONATHAN PETER","Democratic Party","DEM","House","H","Virginia","VA","07","ARLINGTON","VA","22207","2026","24-MAR-26","2026","202603249856837494"
"H6NY11273","ZIOGAS, ALLISON","Democratic Party","DEM","House","H","New York","NY","11","STATEN ISLAND","NY","10312","2026","23-MAR-26","2026","202603239856783585"
"H6IN09317","HUDSON, TONYA L","Libertarian Party","LIB","House","H","Indiana","IN","09","MITCHELL","IN","47446","2026","23-MAR-26","2026","202603239856783934"
"H6MN08187","SMITH, WENDELL ROBERT","Democratic-Farmer-Labor","DFL","House","H","Minnesota","MN","08","VIRGINIA","MN","55792","2026","23-MAR-26","2026","202603239856801897"
"H6WI04071","DONAHUE, AMY","Democratic Party","DEM","House","H","Wisconsin","WI","04","MILWAUKEE","WI","53212","2026","23-MAR-26","2026","202603239856801898"
"S6KS00304","HART, JASON","Democratic Party","DEM","Senate","S","Kansas","KS","00","WICHITA","KS","67208","2026","23-MAR-26","2026","202603239856776150"
"H6GA10217","AHSAN, SAHIR","Independent","IND","House","H","Georgia","GA","10","ALBANY","GA","31707","2026","23-MAR-26","2026","202603250300522131"
"H6CO03261","WINGET, STEVEN MICHAEL","Democratic Party","DEM","House","H","Colorado","CO","03","PUEBLO WEST","CO","81007","2026","23-MAR-26","2026","202603239856802402"
"H6MO03408","CONNER, MICHAEL PHILLIP","Democratic Party","DEM","House","H","Missouri","MO","","AUXVASSE","MO","652312202","2026","23-MAR-26","2026","202603230300522001"
"P60024585","GRONDIN, PETER D MR JR","Independent","IND","President","P","Michigan","MI","00","MOUNT PLEASANT","MI","48858","2026","23-MAR-26","2026","202603239856802224"
"S6MT00311","JANDRON, TOM","Libertarian Party","LIB","Senate","S","Montana","MT","00","CLANCY","MT","59634","2026","22-MAR-26","2026","202603229856776068"
"H6PA05216","MANGANARO, NICHOLAS WALN MORRIS","Republican Party","REP","House","H","Pennsylvania","PA","05","HAVERFORD","PA","19041","2026","22-MAR-26","2026","202603229856776105"
"H6PA04169","STUSKI, AURORA","Republican Party","REP","House","H","Pennsylvania","PA","04","WEST NORRITON","PA","19403","2026","22-MAR-26","2026","202603229856776139"
"S6TX00602","HUSE, RODGER","US","US","Senate","S","Texas","TX","00","AUSTIN","TX","78724","2026","22-MAR-26","2026","202603229856776133"
"H6GA06181","MARTIN, KEVIN EUGENE","RP","RP","House","H","Georgia","GA","06","MABLETON","GA","30126","2026","22-MAR-26","2026","202603229856776112"
"H6CA10195","GRIFFITHS, ANGELA","Republican Party","REP","House","H","California","CA","10","CASTRO VALLEY","CA","94546","2026","21-MAR-26","2026","202603219856775933"
"H6CA43188","MORALES, CRISTIAN","Republican Party","REP","House","H","California","CA","43","TORRANCE","CA","90504","2026","21-MAR-26","2026","202603219856775801"
"H4NY07052","CINQUEMANI, JOSEPH","Republican Party","REP","House","H","New York","NY","16","NEW ROCHELLE","NY","10801","2026","20-MAR-26","2026","202603209853672687"
"H6NY05119","FOXWORTH, ALEXANDRIA","Republican Party","REP","House","H","New York","NY","05","ROCKAWAY BEACH","NY","11693","2026","20-MAR-26","2026","202603209856774670"
"H6UT04040","HARDMAN, ISAIAH STEPHEN","Republican Party","REP","House","H","Utah","UT","04","LINDON","UT","84042","2026","20-MAR-26","2026","202603209853642839"
"H6OH09180","MCKINSTRY, KATHY","Write-In","W","House","H","Ohio","OH","09","FREMONT","OH","43420","2026","20-MAR-26","2026","202603209853644577"
"H2CA37320","FEDALIZO, BALTAZAR MR.","Republican Party","REP","House","H","California","CA","37","LOS ANGELES","CA","90062","2026","20-MAR-26","2026","202603209853663204"
"S6CO00556","CHEW, ROBERT","Other","OTH","Senate","S","Colorado","CO","00","BOULDER","CO","80304","2026","20-MAR-26","2026","202603209853654256"
"S6CO00549","CHEW, ROBERT","FWD","FWD","Senate","S","Colorado","CO","00","BOULDER","CO","80304","2026","20-MAR-26","2026","202603209853657080"
"H6UT02531","MOESINGER, ROBERT MICHAEL","Independent","IND","House","H","Utah","UT","02","OGDEN","UT","84405","2026","20-MAR-26","2026","202603209853657383"
"H8CO06294","KULIKOWSKI, JAIMIE LYNN","Republican Party","REP","House","H","Colorado","CO","06","CASTLE ROCK","CO","80104","2026","20-MAR-26","2026","202603209853646175"
"H6KY03231","PAY, DONALD","Republican Party","REP","House","H","Kentucky","KY","03","TAYLORSVILLE","KY","40071","2026","19-MAR-26","2026","202603199853640232"
"H6MI06217","SMITH, RICHARD","Republican Party","REP","House","H","Michigan","MI","06","YPSILANTI","MI","48197","2026","19-MAR-26","2026","202603199853633965"
"H6CO06157","TEWAHADE, BEMELEKOT W","Republican Party","REP","House","H","Colorado","CO","06","DENVER","CO","80237","2026","19-MAR-26","2026","202603199853633006"
"H6KY06283","QUIGLEY, ROBERT ALLEN","No Party Affiliation","NPA","House","H","Kentucky","KY","06","WASHINGTON","DC","20011","2026","18-MAR-26","2026","202603189853626962"
"H6NV01414","SAGE, RICK","Republican Party","REP","House","H","Nevada","NV","01","LAS VEGAS","NV","89146","2026","18-MAR-26","2026","202603189853627220"
"H6NV04137","KENNEDY, RONDA","Republican Party","REP","House","H","Nevada","NV","04","LAS VEGAS","NV","89148","2026","18-MAR-26","2026","202603189853627225"
"H6CO06140","HAMILTON BRUER, SHELLEY","Republican Party","REP","House","H","Colorado","CO","06","AURORA","CO","80016","2026","18-MAR-26","2026","202603189853622736"
"H6MO01311","MURPHY, ALISSA MARIE","Democratic Party","DEM","House","H","Missouri","MO","01","CLAYTON","MO","63105","2026","18-MAR-26","2026","202603189853621803"
"S6NE00160","FORBES, WILLIAM","Democratic Party","DEM","Senate","S","Nebraska","NE","00","NORTH PLATTE","NE","69101","2026","18-MAR-26","2026","202603189853609583"
"H6MN06256","DOSS, KELLY","Independent","IND","House","H","Minnesota","MN","06","SAUK RAPIDS","MN","56379","2026","18-MAR-26","2026","202603189853620475"
"S6NM01160","OCONNELL, MELISSA MIRA","Independent","IND","Senate","S","New Mexico","NM","00","TIJERAS","NM","87059","2026","18-MAR-26","2026","202603189853620484"
"H6AL07190","MURPHY, MORGAN W. W.","Republican Party","REP","House","H","Alabama","AL","07","BIRMINGHAM","AL","35253","2026","18-MAR-26","2026","202603189853626210"
"H4OR01121","CHAUDHRY-AHMAD, JAMIL O","Democratic Party","DEM","House","H","Oregon","OR","01","HILLSBORO","OR","97123","2026","17-MAR-26","2026","202603179853394163"
"H6CA07191","WOODEN, ZACHARIAH","Republican Party","REP","House","H","California","CA","07","WOODBRIDGE","CA","95258","2026","17-MAR-26","2026","202603179853399293"
"H6MN05399","LE, JULIE T","Democratic Party","DEM","House","H","Minnesota","MN","05","ROBBINSDALE","MN","55422","2026","17-MAR-26","2026","202603179853396098"
"S6KS00296","TAYLOR, NOAH","Democratic Party","DEM","Senate","S","Kansas","KS","00","WICHITA","KS","67209","2026","17-MAR-26","2026","202603179853394255"
"H6PA36013","CAVALLO-CAMPISI, PILAR MARIE MS","Republican Party","REP","House","H","Pennsylvania","PA","36","EASTON","PA","18042","2026","16-MAR-26","2026","202603169853393735"
"H6VA04103","KERSEY, ANDRE ODELL","Independent","IND","House","H","Virginia","VA","04","RICHMOND","VA","23224","2026","16-MAR-26","2026","202603169853389812"
"H4NV02185","KIDD, GREG","Democratic Party","DEM","House","H","Nevada","NV","02","CRYSTAL BAY","NV","89402","2026","16-MAR-26","2026","202603169853390537"
"S6OK04254","BUCKNER, WILLIAM SEAN","Republican Party","REP","Senate","S","Oklahoma","OK","00","SALLISAW","OK","74955","2026","16-MAR-26","2026","202603169853392235"
"S6TN00398","SUTMAN, DAVID JR","Independent","IND","Senate","S","Tennessee","TN","00","GRAY","TN","37615","2026","16-MAR-26","2026","202603169853391681"
"S6SC04361","DISMUKES, THOMAS KEITH","Republican Party","REP","Senate","S","South Carolina","SC","00","SHARON","SC","29742","2026","16-MAR-26","2026","202603169853392205"
"H6NV02438","WATTS, JESSE JAMES","Republican Party","REP","House","H","Nevada","NV","02","RENO","NV","89506","2026","16-MAR-26","2026","202603169853391008"
"P60024577","MAGDALENO, ISAAC J","None","NNE","President","P","United States","00","00","CENTENNIAL","CO","80015","2026","15-MAR-26","2026","202603159837960411"
"H6OK01268","STALLINGS, JACKSON","Republican Party","REP","House","H","Oklahoma","OK","01","TULSA","OK","74112","2026","14-MAR-26","2026","202603149837959371"
"H6WA01238","KINCAID, BENJAMIN","Democratic Party","DEM","House","H","Washington","WA","01","SEATTLE","WA","98109","2026","13-MAR-26","2026","202603139837959275"
"S6MT00303","KEHOE, CHRISTOPHER","Democratic Party","DEM","Senate","S","Montana","MT","00","MISSOULA","MT","59801","2026","13-MAR-26","2026","202603139837956637"
"H6MN05381","WINDHAUSER, ANGIE","Republican Party","REP","House","H","Minnesota","MN","05","SPRING LAKE PARK","MN","55432","2026","13-MAR-26","2026","202603139837956278"
"H6CO02206","DENNISON, KELLEY ANNE","Republican Party","REP","House","H","Colorado","CO","02","FORT COLLINS","CO","80524","2026","13-MAR-26","2026","202603139837959333"
"H3UT02017","HATFIELD JR, SCOTT ALLEN","Republican Party","REP","House","H","Utah","UT","04","HERRIMAN","UT","84096","2026","12-MAR-26","2026","202603120300521736"
"H6WY00241","BITEMAN, DENNIS BO DEAN II","Republican Party","REP","House","H","Wyoming","WY","00","RANCHESTER","WY","82839","2026","12-MAR-26","2026","202603129837937251"
"H6FL20127","JONES, LATERESA A","Republican Party","REP","House","H","Florida","FL","20","HOLLYWOOD","FL","33020","2026","12-MAR-26","2026","202603129837937695"
"H6CA47122","BROUGH, BILL","Republican Party","REP","House","H","California","CA","47","DANA POINT","CA","92629","2026","12-MAR-26","2026","202603129837940292"
"H6CO07130","KRZECZKOWSKI, JOE","Independent","IND","House","H","Colorado","CO","07","LAKEWOOD","CO","80226","2026","12-MAR-26","2026","202603129837937120"
"H6CA38154","LUTZ, ERIK","Democratic Party","DEM","House","H","California","CA","38","LOS ANGELES","CA","90024","2026","12-MAR-26","2026","202603129837940694"
"S6FL00863","GILESPIE, NEIL JOSEPH","No Party Affiliation","NPA","Senate","S","Florida","FL","00","OCALA","FL","34474","2026","12-MAR-26","2026","202603129837940704"
"H6CA52163","BELLE, JEFFERY MR","Republican Party","REP","House","H","California","CA","52","CHULA VISTA","CA","91914","2026","12-MAR-26","2026","202603129837940705"
"S6SC04353","LOUIS, DONAVAN ARTHUR MR","Independent","IND","Senate","S","South Carolina","SC","00","GREER","SC","29650","2026","12-MAR-26","2026","202603129837937115"
"H6OK01250","DAVID, KIM","Republican Party","REP","House","H","Oklahoma","OK","01","TULSA","OK","74152","2026","12-MAR-26","2026","202603129837940467"
"H6OK01243","GILL, COURTNEY","Republican Party","REP","House","H","Oklahoma","OK","01","TULSA","OK","74114","2026","11-MAR-26","2026","202603119837937057"
"H6VA07254","MCAULIFFE, DOROTHY","Democratic Party","DEM","House","H","Virginia","VA","07","FALLS CHURCH","VA","22046","2026","11-MAR-26","2026","202603119837935489"
"H6UT02523","LISONBEE, KARIANNE","Republican Party","REP","House","H","Utah","UT","02","CLEARFIELD","UT","84075","2026","11-MAR-26","2026","202603119837935694"
"H2CA20144","DEWELL, BEN","Independent","IND","House","H","California","CA","20","STALLION SPRINGS","CA","93561","2026","11-MAR-26","2026","202603119837936019"
"H6WA01220","ETZKORN, JAMES","Independent","IND","House","H","Washington","WA","01","WOODINVILLE","WA","98072","2026","11-MAR-26","2026","202603119837936191"
"H6CA48427","SHAW, ERIC","Democratic Party","DEM","House","H","California","CA","48","TEMECULA","CA","92590","2026","11-MAR-26","2026","202603119837936242"
"H0CA34115","MOTIWALLA, FRANCES YASMEEN","Democratic Party","DEM","House","H","California","CA","52","SAN DIEGO","CA","92165","2026","11-MAR-26","2026","202603119837936402"
"S6OK04247","HERN, KEVIN","Republican Party","REP","Senate","S","Oklahoma","OK","00","TULSA","OK","74133","2026","11-MAR-26","2026","202603119837936446"
"H4ND00079","BALAZS, ALEX","Republican Party","REP","House","H","North Dakota","ND","00","CANDO","ND","58324","2026","11-MAR-26","2026","202603119837936470"
"H6OK01235","TEDFORD, MARK","Republican Party","REP","House","H","Oklahoma","OK","01","TULSA","OK","74137","2026","11-MAR-26","2026","202603119837936713"
"H4UT02395","MURSET, TYLER WILLIAM","Republican Party","REP","House","H","Utah","UT","02","ST GEORGE","UT","84770","2026","11-MAR-26","2026","202603119837936779"
"H6MO02376","GRANT, MATTHEW R","Republican Party","REP","House","H","Missouri","MO","02","SAINT LOUIS","MO","63131","2026","11-MAR-26","2026","202603119837936784"
"H6CA48419","GAUTEREAUX, CORY","Republican Party","REP","House","H","California","CA","48","PINE VALLEY","CA","91962","2026","10-MAR-26","2026","202603109837935122"
"H6UT03208","LYMAN, PHILLIP KAY","Republican Party","REP","House","H","Utah","UT","03","BLANDING","UT","84511","2026","10-MAR-26","2026","202603109837935432"
"H6FL19301","SAWYER, LINDA J","Republican Party","REP","House","H","Florida","FL","19","NORTH FT MYERS","FL","33918","2026","10-MAR-26","2026","202603109837935366"
"H6NV02420","FORBUSH, GEORGE","Republican Party","REP","House","H","Nevada","NV","02","SPARKS","NV","89441","2026","10-MAR-26","2026","202603109837935384"
"H6MO03390","FRASER, JOHN G","Republican Party","REP","House","H","Missouri","MO","03","COLUMBIA","MO","65205","2026","10-MAR-26","2026","202603109837935401"
"H6VI01073","SMITH, DELIA LAVERNE MRS.","Democratic Party","DEM","House","H","U.S. Virgin Islands","VI","00","ST THOMAS","VI","00801","2026","10-MAR-26","2026","202603109837935173"
"H6CA30276","LAVA, JOEL MR.","Democratic Party","DEM","House","H","California","CA","30","BURBANK","CA","91502","2026","10-MAR-26","2026","202603109837935027"
"H6FL26058","LOCKLIN, NICOLE","Democratic Party","DEM","House","H","Florida","FL","26","MIAMI","FL","33137","2026","10-MAR-26","2026","202603109837935005"
"H6CA48401","SCHULTZ, JOHN THOMAS MR.","Democratic Party","DEM","House","H","California","CA","48","ALPINE","CA","91901","2026","10-MAR-26","2026","202603109837934311"
"H6TN03210","OWNBY, DONNIE LYNN","None","NNE","House","H","Tennessee","TN","03","PHILADELPHIA","TN","37846","2026","10-MAR-26","2026","202603109837934179"
"H6CA24352","BACON, SARAH","Democratic Party","DEM","House","H","California","CA","24","SANTA BARBARA","CA","93120","2026","10-MAR-26","2026","202603109837934110"
"S6NE00152","MARVIN, MIKE","Other","OTH","Senate","S","Nebraska","NE","00","OMAHA","NE","68122","2026","10-MAR-26","2026","202603109837923957"
"H6OR01308","KAHL, BARBARA J DR DVM","Republican Party","REP","House","H","Oregon","OR","01","YAMHILL","OR","97148","2026","10-MAR-26","2026","202603109837934031"
"H0IN04238","NELSON, TARA E.","Democratic Party","DEM","House","H","Indiana","IN","05","CARMEL","IN","46033","2026","09-MAR-26","2026","202603099837910964"
"H2CA01250","GEIST, TIMOTHY DAVID MR","Republican Party","REP","House","H","California","CA","02","REDDING","CA","96003","2026","09-MAR-26","2026","202603099837920933"
"H6MT22018","VON ESCHEN, DAVE","Libertarian Party","LIB","House","H","Montana","MT","22","GREAT FALLS","MT","59405","2026","09-MAR-26","2026","202603099837920890"
"H6NV02412","LOWE, ANDREA","Republican Party","REP","House","H","Nevada","NV","02","AUSTIN","NV","89310","2026","09-MAR-26","2026","202603099837914643"
"H6MA08364","HAMMOND, MICHAEL","Independence Party","IDP","House","H","Massachusetts","MA","08","BRAINTREE","MA","02184","2026","09-MAR-26","2026","202603099837914638"
"H6GA10209","BAKER, JEFF","Republican Party","REP","House","H","Georgia","GA","10","WASHINGTON","GA","30673","2026","09-MAR-26","2026","202603099837910820"
"H6FL27098","RODRIGUEZ, ELIOTT","Democratic Party","DEM","House","H","Florida","FL","27","TALLAHASSEE","FL","32314","2026","08-MAR-26","2026","202603089837908897"
"H6CA36232","SHAMMA, MARIANNE","Democratic Party","DEM","House","H","California","CA","36","SANTA MONICA","CA","90405","2026","08-MAR-26","2026","202603089837908637"
"H6AZ04250","NEWKIRK, KAI","Democratic Party","DEM","House","H","Arizona","AZ","04","TEMPE","AZ","85282","2026","08-MAR-26","2026","202603089837908638"
"H6NV02404","DOYLE, THOMAS PATRICK","Republican Party","REP","House","H","Nevada","NV","02","RENO","NV","89511","2026","08-MAR-26","2026","202603089837908645"
"S6IL00698","SCHWARTZBERG, STEVEN J","Unknown","","Senate","S","Illinois","IL","05","CHICAGO","IL","60614","2026","07-MAR-26","2026","202603100300521665"
"H6GA04194","DUFFIE, JIM","Republican Party","REP","House","H","Georgia","GA","04","ATLANTA","GA","30340","2026","07-MAR-26","2026","202603079837908572"
"H6MI11290","BAKER, ETHAN D","Republican Party","REP","House","H","Michigan","MI","11","TROY","MI","48084","2026","07-MAR-26","2026","202603079837908471"
"H6PA03351","JACKSON, ROB TRAVIS MR JR","Republican Party","REP","House","H","Pennsylvania","PA","03","LANCASTER","PA","17603","2026","07-MAR-26","2026","202603079837908573"
"H6CA42198","VERMEULEN, LARISA","None","NNE","House","H","California","CA","42","LONG BEACH","CA","90803","2026","07-MAR-26","2026","202603079837908574"
"H6MT02176","MCCRACKEN, PATRICK NEAL MR.","Libertarian Party","LIB","House","H","Montana","MT","02","COLUMBIA FALLS","MT","59912","2026","06-MAR-26","2026","202603069837906776"
"H6CA33130","CHRISTODOULOU, ANTONIS PANAGIOTIS","Democratic Party","DEM","House","H","California","CA","33","RANCHO CUCAMONGA","CA","91701","2026","06-MAR-26","2026","202603069837908393"
"H6TX03275","DEATS, ANTHONY","Independent","IND","House","H","Texas","TX","03","ALLEN","TX","75002","2026","06-MAR-26","2026","202603069837907347"
"H6CA11334","DEER, NATHAN","None","NNE","House","H","California","CA","11","SAN FRANCISCO","CA","94131","2026","06-MAR-26","2026","202603069837907893"
"H8GA10197","JOHNSON-GREEN, TABITHA","Independent","IND","House","H","Georgia","GA","10","SANDERSVILLE","GA","31082","2026","06-MAR-26","2026","202603069837907899"
"H6MD02310","NNABU EZE, NNABU EZE","Republican Party","REP","House","H","Maryland","MD","02","ELDERSBURG","MD","21784","2026","06-MAR-26","2026","202603069837907962"
"H6CA02317","HAHN, NICOLETTE G.","No Party Affiliation","NPA","House","H","California","CA","02","BOLINAS","CA","94924","2026","06-MAR-26","2026","202603069837908082"
"H0CA15213","WAHAB, AISHA","Democratic Party","DEM","House","H","California","CA","14","SACRAMENTO","CA","95815","2026","06-MAR-26","2026","202603069837907045"
"H6OH06244","KIRTLEY, ELIZABETH ANN MRS.","Democratic Party","DEM","House","H","Ohio","OH","06","NEW PHILADELPHIA","OH","44663","2026","06-MAR-26","2026","202603069837906589"
"H6TN04242","ANDERS, JACOB KRISTOPHER","Democratic Party","DEM","House","H","Tennessee","TN","04","TULLAHOMA","TN","37388","2026","06-MAR-26","2026","202603069837905838"
"H6NY12412","MUNOZ, CHARLES MICHAEL (MIKE MUNOZ)","Republican Party","REP","House","H","New York","NY","12","NEW YORK","NY","10019","2026","06-MAR-26","2026","202603069837905813"
"H6CA11326","JACKSON, CHERELLE","Democratic Party","DEM","House","H","California","CA","11","SAN FRANCISCO","CA","94103","2026","06-MAR-26","2026","202603069837905427"
"H6CA04248","URIBE, CHARLES MR. JR.","Republican Party","REP","House","H","California","CA","04","ANTELOPE","CA","95843","2026","06-MAR-26","2026","202603069837908224"
"H6NV02396","SETTELMEYER, JAMES ARNOLD","Republican Party","REP","House","H","Nevada","NV","02","MINDEN","NV","89423","2026","06-MAR-26","2026","202603069837908222"
"H6CA13207","GARIBAY RODRIGUEZ, DANIEL","Democratic Party","DEM","House","H","California","CA","13","LIVINGSTON","CA","95334","2026","05-MAR-26","2026","202603059837894600"
"H6CA17224","KATZ, MIKE","Democratic Party","DEM","House","H","California","CA","17","SAN LEANDRO","CA","94577","2026","05-MAR-26","2026","202603059837891531"
"H6CA14213","MALDONADO, DENA MARIE","Republican Party","REP","House","H","California","CA","14","DUBLIN","CA","94568","2026","05-MAR-26","2026","202603059837891526"
"S6TN00380","BREWER, MARIA A","Democratic Party","DEM","Senate","S","Tennessee","TN","00","NASHVILLE","TN","37209","2026","05-MAR-26","2026","202603059837891510"
"H6CA50324","COHEN, STEPHEN JAY MR","Republican Party","REP","House","H","California","CA","50","SAN DIEGO, CALIFORNIA, UNITED","CA","92109","2026","05-MAR-26","2026","202603059837890979"
"S6ME00423","ALCORN, ETHAN WELD MR","Unaffiliated","UN","Senate","S","Maine","ME","00","SACO","ME","04072","2026","05-MAR-26","2026","202603059837890570"
"S6MT00295","ALME, KURT","Republican Party","REP","Senate","S","Montana","MT","00","HELENA","MT","59601","2026","05-MAR-26","2026","202603059837890563"
"H6OH02318","WILSON, TODD ALAN MR.","Democratic Party","DEM","House","H","Ohio","OH","02","ALBANY","OH","45710","2026","05-MAR-26","2026","202603059837890343"
"H6OH05147","TABOR, SCOTT EDWARD","Democratic Party","DEM","House","H","Ohio","OH","05","COLUMBIA STATION","OH","44028","2026","05-MAR-26","2026","202603059837890283"
"H6NY22213","BULLER, KAILEE","Republican Party","REP","House","H","New York","NY","22","AUBURN","NY","13021","2026","05-MAR-26","2026","202603059837889594"
"S6TN00372","JONES, ROBERT THOMAS","Independent","IND","Senate","S","Tennessee","TN","00","JONESBOROUGH","TN","37659","2026","05-MAR-26","2026","202603059837889568"
"P60024569","SMULIAN, PAUL RAYMOND","None","NNE","President","P","United States","00","00","WESTMINSTER","MD","21158","2026","05-MAR-26","2026","202603059837889477"
"H6CA02309","LITTAU, ROBIN","Republican Party","REP","House","H","California","CA","02","REDDING","CA","96049","2026","05-MAR-26","2026","202603059837889455"
"H6GA11223","BROWN, WILLIAM","Republican Party","REP","House","H","Georgia","GA","11","WOODSTOCK","GA","30188","2026","05-MAR-26","2026","202603059837899304"
"H6LA03205","DAY, JOHN DAVID","Democratic Party","DEM","House","H","Louisiana","LA","03","LAKE CHARLES","LA","70602","2026","05-MAR-26","2026","202603059837895501"
"H6NJ11336","MATRISCIANO, VINCENT","Unaffiliated","UN","House","H","New Jersey","NJ","11","WHARTON","NJ","07885","2026","05-MAR-26","2026","202603059837890288"
"H6CA14205","CHENAULT, SUZANNE","No Party Affiliation","NPA","House","H","California","CA","14","LONG BARN","CA","95335","2026","04-MAR-26","2026","202603049837889128"
"S6LA00698","SPENCER, MARK","Republican Party","REP","Senate","S","Louisiana","LA","00","BELLE CHASSE","LA","70037","2026","04-MAR-26","2026","202603049837888992"
"H6GA07221","KOZYCKI, ANTHONY LAWRENCE","Democratic Party","DEM","House","H","Georgia","GA","07","JOHNS CREEK","GA","30022","2026","04-MAR-26","2026","202603049837888778"
"H6CA21275","KRUSE, LANCE ALVIN","None","NNE","House","H","California","CA","21","FRESNO","CA","93705","2026","04-MAR-26","2026","202603049837888776"
"H6WA04232","HUGHS, JOHN C","Republican Party","REP","House","H","Washington","WA","04","LIND","WA","99341","2026","04-MAR-26","2026","202603049837888775"
"H6MI03198","DEBOER, TERRI","Republican Party","REP","House","H","Michigan","MI","03","GRAND RAPIDS","MI","49505","2026","04-MAR-26","2026","202603049837888549"
"H6TN06288","KOONTZ, ANDREW J.","Independent","IND","House","H","Tennessee","TN","06","CARTHAGE","TN","37030","2026","04-MAR-26","2026","202603049837889133"
"H6NV02388","BILLAT, JENNIFER ANN MRS.","Republican Party","REP","House","H","Nevada","NV","02","RENO","NV","89519","2026","04-MAR-26","2026","202603049837888480"
"H6MD05438","COLLINS, REUBEN BURTON II","Democratic Party","DEM","House","H","Maryland","MD","05","WALDORF","MD","20604","2026","04-MAR-26","2026","202603049837887823"
"H6WA06260","LAWSON, LEON","Republican Party","REP","House","H","Washington","WA","06","ABERDEEN","WA","98520","2026","04-MAR-26","2026","202603049837887822"
"H6WY01140","CHRISTENSEN, KEVIN","Republican Party","REP","House","H","Wyoming","WY","00","CASPER","WY","82601","2026","04-MAR-26","2026","202603049837887789"
"H2WA03118","YAKHOUR, WADI","Republican Party","REP","House","H","Washington","WA","03","WASHOUGAL","WA","98671","2026","04-MAR-26","2026","202603049837887722"
"S6MT00287","BODNAR, SETH","Independent","IND","Senate","S","Montana","MT","00","MISSOULA","MT","59807","2026","04-MAR-26","2026","202603049837887678"
"H6FL06407","MORGAN, STEVE","Democratic Party","DEM","House","H","Florida","FL","06","PALM COAST","FL","32137","2026","04-MAR-26","2026","202603049837888494"
"H4TX19318","ZINK, RYAN","Republican Party","REP","House","H","Texas","TX","19","LUBBOCK","TX","79424","2026","03-MAR-26","2026","202603039837887208"
"H6GA03204","JOHNSON, GEORGE MELVILLE MR","Democratic Party","DEM","House","H","Georgia","GA","03","NEWNAN","GA","30265","2026","03-MAR-26","2026","202603039837886629"
"H6MT01160","JACOBSEN, CHRISTI","Republican Party","REP","House","H","Montana","MT","01","HELENA","MT","59624","2026","03-MAR-26","2026","202603039837886663"
"H6GA06173","BAPTISTE, CRYSTAL SHAUNA","Republican Party","REP","House","H","Georgia","GA","06","ATLANTA","GA","30326","2026","03-MAR-26","2026","202603039837886692"
"H6GA11207","PRIDEMORE, TRICIA","Republican Party","REP","House","H","Georgia","GA","11","ATLANTA","GA","30355","2026","03-MAR-26","2026","202603039837886748"
"H6GA11215","LISA, CARLQUIST","Republican Party","REP","House","H","Georgia","GA","11","KENNESAW","GA","30152","2026","03-MAR-26","2026","202603039837886892"
"H6KS04272","TYNDELL, KATY","Democratic Party","DEM","House","H","Kansas","KS","04","WICHITA","KS","67207","2026","03-MAR-26","2026","202603039837887101"
"S6NE00145","BURBANK, CINDY","DE","DE","Senate","S","Nebraska","NE","00","OMAHA","NE","68116","2026","03-MAR-26","2026","202603039837887102"
"H6CO03253","ROMERO, DWAYNE","Democratic Party","DEM","House","H","Colorado","CO","03","WOODY CREEK","CO","81656","2026","03-MAR-26","2026","202603039837886383"
"S6NJ00438","LEBOVICS, ROBERT","Republican Party","REP","Senate","S","New Jersey","NJ","00","BEVERLY","MA","01915","2026","03-MAR-26","2026","202603039837886388"
"S6OR05218","SMITH, DAVID BROCK","Republican Party","REP","Senate","S","Oregon","OR","00","SANDY","OR","97055","2026","03-MAR-26","2026","202603039837886530"
"H6MT01152","FLINT, AARON","Republican Party","REP","House","H","Montana","MT","01","KALISPELL","MT","59901","2026","03-MAR-26","2026","202603039837886557"
"H8OH03098","ESRATI, DAVID","Democratic Party","DEM","House","H","Ohio","OH","10","DAYTON","OH","45410","2026","03-MAR-26","2026","202603039837886624"
"H6TN09068","COHEN, STEVE I MR.","Democratic Party","DEM","House","H","Tennessee","TN","09","MEMPHIS","TN","38112","2026","03-MAR-26","2026","202603039837887149"
"H6CA17216","AGARWAL, ETHAN","Democratic Party","DEM","House","H","California","CA","17","SACRAMENTO","CA","95814","2026","03-MAR-26","2026","202603039837887203"
"H6OH01203","STOOPS, JASON DWIGHT","Libertarian Party","LIB","House","H","Ohio","OH","01","WILMINGTON","OH","45177","2026","02-MAR-26","2026","202603029837878248"
"H6CA12209","JOYCE, JAMIE","Democratic Party","DEM","House","H","California","CA","12","ORLANDO","FL","32803","2026","02-MAR-26","2026","202603029837883958"
"H6FL16133","POPE, EDWARD PETER DR.","Republican Party","REP","House","H","Florida","FL","16","PARRISH","FL","34219","2026","02-MAR-26","2026","202603029837878794"
"H6UT03190","HARRIS, DAVID","Republican Party","REP","House","H","Utah","UT","03","PAYSON","UT","84651","2026","02-MAR-26","2026","202603029837886166"
"S6GA00457","BURTON, MARQUETT DAVON","Republican Party","REP","Senate","S","Georgia","GA","00","COLLINS","GA","30421","2026","02-MAR-26","2026","202603029837886286"
"S6WA00461","BRISCO, DELBERT EUGENE MR","Constitution Party","CON","Senate","S","Washington","WA","00","YELM","WA","98597","2026","02-MAR-26","2026","202603029837872445"
"H6TX16210","RIOS, RUBEN A JR","Republican Party","REP","House","H","Texas","TX","16","EL PASO","TX","79930","2026","02-MAR-26","2026","202603029837872471"
"H6OK03264","DIMARIO, MICHAEL","Republican Party","REP","House","H","Oklahoma","OK","03","SNYDER","OK","73566","2026","02-MAR-26","2026","202603029837884307"
"H6NY04203","DARLING, TAYLOR R","Democratic Party","DEM","House","H","New York","NY","04","HEMPSTEAD","NY","11550","2026","02-MAR-26","2026","202603029837878249"
"H6VA10241","GOFORTH, STEVEN ANTHONY","Write-In","W","House","H","Virginia","VA","10","ASHBURN","VA","20148","2026","02-MAR-26","2026","202603029837878322"
"H2GA02163","JOHNSON, ARTHUR WAYNE","Republican Party","REP","House","H","Georgia","GA","02","MACON","GA","31204","2026","02-MAR-26","2026","202603029837878653"
"H6NY20225","AMBROSIO, RALPH","Republican Party","REP","House","H","New York","NY","20","DELMAR","NY","12054","2026","02-MAR-26","2026","202603029837878690"
"H6FL17073","PETERSEN-SOAL, STEPHANIE JOAN","No Party Affiliation","NPA","House","H","Florida","FL","17","SARASOTA","FL","34243","2026","01-MAR-26","2026","202603019837872303"
"S6OH00437","HOLLIMAN, ANTHONY JOHN","Independent","IND","Senate","S","Ohio","OH","00","CINCINNATI","OH","45231","2026","01-MAR-26","2026","202603019837872278"
"H6CT04150","MIRESSI, DANIEL","Republican Party","REP","House","H","Connecticut","CT","04","NORWALK","CT","06850","2026","01-MAR-26","2026","202603019837872389"
"H6MD05420","MESSICK, LEIGHA MICHELE","Democratic Party","DEM","House","H","Maryland","MD","05","LA PLATA","MD","20646","2026","28-FEB-26","2026","202602289837872210"
"H6NV01406","ARNOLD, MARIE ENCAR ARANA","Republican Party","REP","House","H","Nevada","NV","01","HENDERSON","NV","89002","2026","27-FEB-26","2026","202602279837867741"
"H6NV02370","STABBERT, MONICA JAYE","Republican Party","REP","House","H","Nevada","NV","02","RENO","NV","89510","2026","27-FEB-26","2026","202602279837867759"
"H4ID01149","GOMEZ, BRENDAN JOSEPH","Constitution Party","CON","House","H","Idaho","ID","01","BOISE","ID","83709","2026","27-FEB-26","2026","202602279837867765"
"H6OH03183","BIRD, MICHELLE LINDA","Non-Party","NON","House","H","Ohio","OH","03","COLUMBUS","OH","43206","2026","27-FEB-26","2026","202602279837867772"
"H6GA10191","MILLSAP, RYAN","Republican Party","REP","House","H","Georgia","GA","10","SOCIAL CIRCLE","GA","30025","2026","27-FEB-26","2026","202602279837868474"
"H6MD05412","SIMONS, KENNETH","Democratic Party","DEM","House","H","Maryland","MD","05","BOWIE","MD","20720","2026","27-FEB-26","2026","202602279837868021"
"H4WI01163","SANTOS, LORENZO JUAN","Democratic Party","DEM","House","H","Wisconsin","WI","01","RACINE","WI","53403","2026","27-FEB-26","2026","202602279837868027"
"H6MI10367","DEMETROPOULOS, STEFFAN","Republican Party","REP","House","H","Michigan","MI","10","MACOMB","MI","48042","2026","27-FEB-26","2026","202602279837868367"
"H6GA01224","WILVER, PATRICK","Democratic Party","DEM","House","H","Georgia","GA","01","SAVANNAH","GA","31401","2026","27-FEB-26","2026","202602279837868416"
"S6CO00531","WILLIAMS, JESSICA","Democratic Party","DEM","Senate","S","Colorado","CO","00","DENVER","CO","80216","2026","27-FEB-26","2026","202602279837867988"
"H6MA03100","GROSSI, GARY J.","Republican Party","REP","House","H","Massachusetts","MA","03","ACTON","MA","01720","2026","26-FEB-26","2026","202602269837863303"
"H6GU01032","LIMTIACO, ALICIA ANNE GARRIDO","Democratic Party","DEM","House","H","Guam","GU","00","TAMUNING","GU","96913","2026","26-FEB-26","2026","202602269837861392"
"H2MD06138","WALLACE, DAVID DRAIN II","Republican Party","REP","House","H","Maryland","MD","02","WESTMINSTER","MD","21157","2026","26-FEB-26","2026","202602269837861472"
"H6GA11199","KORCAK, KENNETH","Democratic Party","DEM","House","H","Georgia","GA","11","WOODSTOCK","GA","30189","2026","26-FEB-26","2026","202602269837861481"
"S6LA00680","CROCKETT, GARY","Democratic Party","DEM","Senate","S","Louisiana","LA","00","NEW ORLEANS","LA","70124","2026","26-FEB-26","2026","202602269837863541"
"H6VA02248","GAINES, MAKIBA A","Independent","IND","House","H","Virginia","VA","02","CHESAPEAKE","VA","23327","2026","26-FEB-26","2026","202602269837862292"
"H6KY01185","SUTHERBY, ROBERT JAMES","Republican Party","REP","House","H","Kentucky","KY","01","MURRAY","KY","42071","2026","26-FEB-26","2026","202602269837862429"
"H6ID01326","BRINER, ANDY MR.","Republican Party","REP","House","H","Idaho","ID","01","PARMA","ID","83660","2026","26-FEB-26","2026","202602269837862774"
"H6KY02100","HATFIELD, DAVID MR","Democratic Party","DEM","House","H","Kentucky","KY","02","OWENSBORO","KY","42301","2026","26-FEB-26","2026","202602269837862775"
"H6NY24268","MACULA, TONY","Independent","IND","House","H","New York","NY","24","GENESEO","NY","14454","2026","26-FEB-26","2026","202602269837861504"
"H6MD06303","GOLDSTEIN, ALEXIS","Democratic Party","DEM","House","H","Maryland","MD","06","GAITHERSBURG","MD","20878","2026","25-FEB-26","2026","202602259837850378"
"H6VA05266","BEDSWORTH, GABRIELLA MICHELE","Democratic Party","DEM","House","H","Virginia","VA","05","LYNCHBURG","VA","24503","2026","25-FEB-26","2026","202602259837850455"
"S6ID00161","LAVE, DENNY","Republican Party","REP","Senate","S","Idaho","ID","00","POST FALLS","ID","83877","2026","25-FEB-26","2026","202602259837850633"
"H6KS03290","PREU, SARAH","Democratic Party","DEM","House","H","Kansas","KS","03","FAIRWAY","KS","66205","2026","25-FEB-26","2026","202602259837861072"
"H6NV01398","THOMAS, ANTHONY MR JR.","Independent","IND","House","H","Nevada","NV","01","LAS VEGAS","NV","89119","2026","25-FEB-26","2026","202602259837850802"
"H6FL01523","FRANKMAN, JOHN","Republican Party","REP","House","H","Florida","FL","01","DESTIN","FL","32541","2026","25-FEB-26","2026","202602259837850839"
"H6CA30268","TENNYSON, CAMERON","Democratic Party","DEM","House","H","California","CA","30","BURBANK","CA","91501","2026","25-FEB-26","2026","202602259837850644"
"H6MD08630","MPAMBARA COX, K. ANITA","Republican Party","REP","House","H","Maryland","MD","08","DERWOOD","MD","20855","2026","24-FEB-26","2026","202602249837848505"
"H6CA50316","HUNTINGTON, ADAM","Republican Party","REP","House","H","California","CA","50","SAN DIEGO","CA","92109","2026","24-FEB-26","2026","202602249837841979"
"S6NM01152","CHICK, CAMERON ALTON MR. SR.","Independent","IND","Senate","S","New Mexico","NM","00","ALBUQUERQUE","NM","87107","2026","24-FEB-26","2026","202602249837842004"
"H6MD02302","METZGAR, RYAN","Republican Party","REP","House","H","Maryland","MD","02","NOTTINGHAM","MD","21236","2026","24-FEB-26","2026","202602249837847858"
"H6MD05404","BAKER, RUSHERN L III","Democratic Party","DEM","House","H","Maryland","MD","05","CHEVERLY","MD","20785","2026","24-FEB-26","2026","202602249837847910"
"S6AR00223","WADLIN, JEFFREY FRANCIS","Libertarian Party","LIB","Senate","S","Arkansas","AR","00","BENTONVILLE","AR","72712","2026","24-FEB-26","2026","202602249837841969"
"H6MA03092","CLARK, GAIGE MS.","Democratic Party","DEM","House","H","Massachusetts","MA","03","CLINTON","MA","01510","2026","24-FEB-26","2026","202602249837841856"
"H4FL20098","CAMPBELL, LUTHER MR.","Democratic Party","DEM","House","H","Florida","FL","20","PEMBROKE PINES","FL","33082","2026","24-FEB-26","2026","202602249837841893"
"H6MO05312","BURKS, TAYLOR","Republican Party","REP","House","H","Missouri","MO","05","JEFFERSON CITY","MO","65110","2026","24-FEB-26","2026","202602249837841954"
"H6MD02294","WITTSTADT, GERARD WILLIAM JR","Republican Party","REP","House","H","Maryland","MD","02","REISTERSTOWN","MD","21136","2026","24-FEB-26","2026","202602249837841956"
"H6OR02322","BECK, CHRIS","Democratic Party","DEM","House","H","Oregon","OR","02","PHOENIX","OR","97535","2026","24-FEB-26","2026","202602249837848472"
"H6GA11181","ADKERSON, ROB","Republican Party","REP","House","H","Georgia","GA","11","ADAIRSVILLE","GA","30103","2026","23-FEB-26","2026","202602239837833362"
"H6MD05396","SUNDERG, DAVID","Democratic Party","DEM","House","H","Maryland","MD","05","NORTH BEACH","MD","20714","2026","23-FEB-26","2026","202602239837833396"
"H6LA05291","MCKAY, DAN","Democratic Party","DEM","House","H","Louisiana","LA","05","BUNKIE","LA","71322","2026","23-FEB-26","2026","202602239837833418"
"H6WY00233","GIRALT, DAVID","Republican Party","REP","House","H","Wyoming","WY","00","MILLS","WY","82644","2026","23-FEB-26","2026","202602239837833578"
"H6UT01236","FARRELL, MICHAEL","Democratic Party","DEM","House","H","Utah","UT","01","SALT LAKE CITY","UT","84108","2026","23-FEB-26","2026","202602239837841361"
"H6LA05309","GARCIA, LINDSAY","Democratic Party","DEM","House","H","Louisiana","LA","05","WALKER","LA","70785","2026","23-FEB-26","2026","202602239837841841"
"H6CA11318","HURABIELL, MARIE","Democratic Party","DEM","House","H","California","CA","11","SAN FRANCISCO","CA","94118","2026","23-FEB-26","2026","202602239837841499"
"S6OK04239","HANKINS, NICKY JOE","Republican Party","REP","Senate","S","Oklahoma","OK","00","MOORE","OK","73160","2026","23-FEB-26","2026","202602239837841798"
"H6MO05304","PATTY, BRADLEY M","Republican Party","REP","House","H","Missouri","MO","05","FAYETTE","MO","65248","2026","23-FEB-26","2026","202602239837841814"
"H6NY08154","SIMMONS, RICHARD","Republican Party","REP","House","H","New York","NY","08","BROOKLYN","NY","11207","2026","23-FEB-26","2026","202602239837841832"
"H6UT01244","OWE, RILEY MONTGOMERY","Republican Party","REP","House","H","Utah","UT","01","SALT LAKE CITY","UT","84110","2026","23-FEB-26","2026","202602239837841385"
"H6OH02300","DIETZ, KENNETH JACOB","Libertarian Party","LIB","House","H","Ohio","OH","02","NORWOOD","OH","45212","2026","22-FEB-26","2026","202602229837833266"
"H6NY24250","SLOAN, TODD","Independent","IND","House","H","New York","NY","24","AUBURN","NY","13021","2026","22-FEB-26","2026","202602229837833293"
"S6SC04346","HERRMANN, PATRICK JOSEPH","Republican Party","REP","Senate","S","South Carolina","SC","00","MYRTLE BEACH","SC","29579","2026","22-FEB-26","2026","202602229837832950"
"S6TX00594","BROWN GAINES, JENNIFER TAWANDA DR. @ LAW","Commandments Party","CMD","Senate","S","Texas","TX","00","SEARCY","AR","72143","2026","22-FEB-26","2026","202602229837832920"
"H6NE02265","WILLIAMS, MELANIE","Democratic Party","DEM","House","H","Nebraska","NE","02","OMAHA","NE","68135","2026","22-FEB-26","2026","202602229837833299"
"H6CA19170","ACEVEDO-CABRERA, ANA LUZ","Independent","IND","House","H","California","CA","19","MARINA","CA","93933","2026","21-FEB-26","2026","202602219837832890"
"S6VA00226","DE PAULA, ALEX","Republican Party","REP","Senate","S","Virginia","VA","00","VIRGINIA BEACH","VA","23462","2026","21-FEB-26","2026","202602219837832661"
"H4MO05366","SMITH, SEAN","Republican Party","REP","House","H","Missouri","MO","05","LEES SUMMIT","MO","64081","2026","20-FEB-26","2026","202602209834835941"
"H6PA10240","ROBINSON, MICHAEL","Democratic Party","DEM","House","H","Pennsylvania","PA","10","MIDDLETOWN","PA","17057","2026","20-FEB-26","2026","202602209834840650"
"H6WA06286","FOX, TERESA","Republican Party","REP","House","H","Washington","WA","06","BREMERTON","WA","98312","2026","20-FEB-26","2026","202602209834841082"
"H6IL04187","CHURCH, LINDSAY","Independent","IND","House","H","Illinois","IL","04","NORTH RIVERSIDE","IL","60546","2026","20-FEB-26","2026","202602209834842068"
"H2MD08183","ROCA, MARIELA","Republican Party","REP","House","H","Maryland","MD","06","FREDERICK","MD","21702","2026","20-FEB-26","2026","202602209837826342"
"H6SC89016","MADGE, JOSEPH","Democratic Party","DEM","House","H","South Carolina","SC","89","WEST COLUMBIA","SC","29169","2026","20-FEB-26","2026","202602209837802734"
"H6ID02274","GILBREATH, ELINOR","Democratic Party","DEM","House","H","Idaho","ID","02","KETCHUM","ID","83340","2026","20-FEB-26","2026","202602209837803735"
"H6CA47114","LE ROUX, JENNY RAE","Republican Party","REP","House","H","California","CA","47","IRVINE","CA","92618","2026","20-FEB-26","2026","202602209837825189"
"H6MD03490","HAMMOND, SEAN","Democratic Party","DEM","House","H","Maryland","MD","03","LAUREL","MD","20707","2026","20-FEB-26","2026","202602209834852968"
"H6OH10147","KINNER, JAN","Democratic Party","DEM","House","H","Ohio","OH","10","KETTERING","OH","45429","2026","19-FEB-26","2026","202602199834759542"
"H6FL13312","GRAY, LEELA J","Democratic Party","DEM","House","H","Florida","FL","13","ST PETERSBURG","FL","33743","2026","19-FEB-26","2026","202602199834760984"
"S6OK04221","WASHINGTON, WAYNE LONNY DR.","Republican Party","REP","Senate","S","Oklahoma","OK","00","TULSA","OK","74133","2026","19-FEB-26","2026","202602199834783178"
"H6TN04234","LARSON, PATRICK","Democratic Party","DEM","House","H","Tennessee","TN","04","FAYETTEVILLE","TN","37334","2026","19-FEB-26","2026","202602199834764506"
"H6CA15202","DANG, ANTHONY VAN","Democratic Party","DEM","House","H","California","CA","15","BELMONT","CA","94002","2026","19-FEB-26","2026","202602199834794603"
"H6NY28061","JOHNSON, ANDREW","Unaffiliated","UN","House","H","New York","NY","28","ROCHESTER","NY","14609","2026","18-FEB-26","2026","202602189834338333"
"H6VA07247","HELMER, DAN","Democratic Party","DEM","House","H","Virginia","VA","07","FAIRFAX STATION","VA","22039","2026","18-FEB-26","2026","202602189834339153"
"H2CA39151","CHING, ERIC J","Republican Party","REP","House","H","California","CA","31","WALNUT","CA","91789","2026","18-FEB-26","2026","202602189834340545"
"H6NJ11328","BOND, ALAN","Independent","IND","House","H","New Jersey","NJ","11","MONTCLAIR","NJ","07042","2026","18-FEB-26","2026","202602189834341145"
"S6OK04213","HANKINS, NICKY JOE","Republican Party","REP","Senate","S","Oklahoma","OK","00","MOORE","OK","73160","2026","18-FEB-26","2026","202602189834757291"
"H6GA07213","TOWEH, JAYSON","Democratic Party","DEM","House","H","Georgia","GA","07","ATLANTA","GA","30328","2026","18-FEB-26","2026","202602189834342191"
"H6CA47106","REID, DERRICK MICHAEL","Libertarian Party","LIB","House","H","California","CA","47","LAKE FOREST","CA","92630","2026","18-FEB-26","2026","202602180300520884"
"H6HI01352","FATULA, BENJAMIN DAVID","Democratic Party","DEM","House","H","Hawaii","HI","01","KAPOLEI","HI","96707","2026","18-FEB-26","2026","202602189834757249"
"P60024551","PETTRY, DENA LORAINE","None","NNE","President","P","United States","00","00","INDIANAPOLIS","IN","46227","2026","18-FEB-26","2026","202602189834341553"
"H6IN06271","BAKER, NICHOLAS FREDERICK","Democratic Party","DEM","House","H","Indiana","IN","06","INDIANAPOLIS","IN","46220","2026","17-FEB-26","2026","202602179834338085"
"P60005303","FOX, CHERUNDA LYNN","Independent","IND","President","P","United States","00","00","FERNDALE","MI","48220","2026","17-FEB-26","2026","202602180300520713"
"H6NC10224","YARFITZ, MIR","Democratic Party","DEM","House","H","North Carolina","NC","10","WINSTON SALEM","NC","27101","2026","17-FEB-26","2026","202602179834337978"
"H6MA06210","CREEMERS, RACHEL","Democratic Party","DEM","House","H","Massachusetts","MA","06","SALEM","MA","01970","2026","17-FEB-26","2026","202602179834331220"
"H6LA05283","MAGEE, AUSTIN","Republican Party","REP","House","H","Louisiana","LA","05","FRANKLINTON","LA","70438","2026","17-FEB-26","2026","202602179834331381"
"H6CO02198","BLUNT, CHRISTINA LOUISE MS.","Republican Party","REP","House","H","Colorado","CO","02","FORT COLLINS","CO","80521","2026","17-FEB-26","2026","202602179834331724"
"H6PA14218","DUNN, JASON D","Republican Party","REP","House","H","Pennsylvania","PA","14","CANONSBURG","PA","15317","2026","17-FEB-26","2026","202602179834331932"
"H6NY03320","WELCH, DANIELLE","Democratic Party","DEM","House","H","New York","NY","03","WASHINGTON","DC","20005","2026","17-FEB-26","2026","202602179834336417"
"H6DC01145","GREENFIELD, SAMUEL","Democratic Party","DEM","House","H","District Of Columbia","DC","00","DISTRICT OF COLUMBIA","DC","20002","2026","17-FEB-26","2026","202602179834337290"
"H6VI01065","SARAUW, JANELLE KAREN","Independent","IND","House","H","U.S. Virgin Islands","VI","00","ST. THOMAS","VI","00804","2026","17-FEB-26","2026","202602179834337440"
"H6NV02362","BENITEZ-THOMPSON, TERESA","Democratic Party","DEM","House","H","Nevada","NV","02","WASHINGTON","DC","20001","2026","17-FEB-26","2026","202602179834337919"
"H0MI13463","LEMMO, ALFRED","Republican Party","REP","House","H","Michigan","MI","08","DEARBORN","MI","48124","2026","17-FEB-26","2026","202602179834333507"
"S6NJ00420","TABOR, RICHARD JEROME SR","Republican Party","REP","Senate","S","New Jersey","NJ","00","ELIZABETH","NJ","07202","2026","16-FEB-26","2026","202602169834323285"
"H6NV03303","SHOAF, ELGIN LEDESMA","Republican Party","REP","House","H","Nevada","NV","03","LAS VEGAS","NV","89148","2026","16-FEB-26","2026","202602169834323286"
"H6CA27330","NORWOOD, CALEB GABRIEL","Democratic Party","DEM","House","H","California","CA","27","LANCASTER","CA","93534","2026","16-FEB-26","2026","202602169834324541"
"H6PA17203","GUY, TONY","Republican Party","REP","House","H","Pennsylvania","PA","17","BEVERLY","MA","01915","2026","16-FEB-26","2026","202602169834325141"
"H6CA03174","TUCKER, ROBB","Republican Party","REP","House","H","California","CA","03","WEST SACRAMENTO","CA","95798","2026","16-FEB-26","2026","202602169834331082"
"H6LA05275","NYMAN, TANIA","Democratic Party","DEM","House","H","Louisiana","LA","05","BATON ROUGE","LA","70808","2026","16-FEB-26","2026","202602169834325656"
"H6CA26324","HERNANDEZ, LIAM ANDRES","Democratic Party","DEM","House","H","California","CA","26","CAMARILLO","CA","93012","2026","16-FEB-26","2026","202602169834325699"
"H6CA01293","BROCK, JAMES M","Democratic Party","DEM","House","H","California","CA","01","VINA","CA","96092","2026","16-FEB-26","2026","202602169834331032"
"H6NJ02251","MULLOCK, ZACK","Democratic Party","DEM","House","H","New Jersey","NJ","02","CAPE MAY","NJ","08204","2026","16-FEB-26","2026","202602169834325569"
"H4PA17174","VODVARKA, JESSE JAMES","Republican Party","REP","House","H","Pennsylvania","PA","17","MC KEES ROCKS","PA","15136","2026","15-FEB-26","2026","202602159834323149"
"H6MD05388","ELLIS, ARTHUR CARR","Democratic Party","DEM","House","H","Maryland","MD","05","MARBURY","MD","20658","2026","15-FEB-26","2026","202602159834323047"
"H0CA52091","RYANS, JERLILIA MS.","Democratic Party","DEM","House","H","California","CA","48","SAN DIEGO","CA","92196","2026","14-FEB-26","2026","202602149834322943"
"H6KS01211","MUSSER, CRAIG A","Other","OTH","House","H","Kansas","KS","01","ELLINWOOD","KS","67526","2026","14-FEB-26","2026","202602149834322966"
"H6PA05190","BROWN, JOSHUA DR","Republican Party","REP","House","H","Pennsylvania","PA","05","WOODLYN","PA","19094","2026","14-FEB-26","2026","202602149834322958"
"H2MI13154","JACKSON, SHANELLE M","Democratic Party","DEM","House","H","Michigan","MI","12","BIRMINGHAM","MI","48009","2026","13-FEB-26","2026","202602139834321475"
"H6TX22291","VUORINEN, PEARL ANN","Democratic Party","DEM","House","H","Texas","TX","22","SUGAR LAND","TX","77478","2026","13-FEB-26","2026","202602139834321534"
"H2OH05070","HEBERLING, MARTIN MATHIAS MR. III","Democratic Party","DEM","House","H","Ohio","OH","05","AMHERST","OH","44001","2026","13-FEB-26","2026","202602139834321545"
"S6NJ00404","FIELDS, MARVIN CHRISTOPHER","Democratic Party","DEM","Senate","S","New Jersey","NJ","00","SOMERVILLE","NJ","08876","2026","13-FEB-26","2026","202602139834321686"
"S6NJ00412","ZDAN, ALEX","Republican Party","REP","Senate","S","New Jersey","NJ","00","TRENTON","NJ","08650","2026","13-FEB-26","2026","202602139834321704"
"H6MN04293","WIKSTROM, PAUL","Republican Party","REP","House","H","Minnesota","MN","04","SHOREVIEW","MN","55126","2026","13-FEB-26","2026","202602139834322404"
"H6MA03084","ADES, KEVIN","No Party Affiliation","NPA","House","H","Massachusetts","MA","03","NORTHAMPTON","MA","01060","2026","13-FEB-26","2026","202602139834322238"
"H6GA14300","DAVIS, JIM MR.","Democratic Party","DEM","House","H","Georgia","GA","14","ROME","GA","30165","2026","13-FEB-26","2026","202602139834319551"
"S6OK04205","MEINHARDT, RON","Republican Party","REP","Senate","S","Oklahoma","OK","00","NOWATA","OK","74048","2026","13-FEB-26","2026","202602139834320062"
"H6DC98018","STEVENS, SANDI LEE MS","Democratic Party","DEM","House","H","District Of Columbia","DC","00","WASHINGTON","DC","20037","2026","13-FEB-26","2026","202602139834320329"
"H6IN06263","BROWN, SARAH JANISSE","Republican Party","REP","House","H","Indiana","IN","06","GREENWOOD","IN","46143","2026","13-FEB-26","2026","202602139834322144"
"H6CA48393","REYNA, LUIS FERNANDO","No Party Affiliation","NPA","House","H","California","CA","48","HEMET","CA","92544","2026","12-FEB-26","2026","202602129834310722"
"H6FL59018","AGUERJOUT, FATIMA EZAHRA","Democratic Party","DEM","House","H","Florida","FL","59","LARGO","FL","33770","2026","12-FEB-26","2026","202602129834319485"
"H6PA07212","GOLDEN, FRANK","Unaffiliated","UN","House","H","Pennsylvania","PA","07","BETHLEHEM","PA","18018","2026","12-FEB-26","2026","202602129834310745"
"H6FL02364","MURPHY, LUKE","Republican Party","REP","House","H","Florida","FL","02","HAVANA","FL","32333","2026","11-FEB-26","2026","202602119834310658"
"H6GA04186","BOOTH, TANIA JANISE","Democratic Party","DEM","House","H","Georgia","GA","04","LITHONIA","GA","30058","2026","11-FEB-26","2026","202602119834310711"
"H6CA48385","SCHAEFER, MIKE","Democratic Party","DEM","House","H","California","CA","48","SAN DIEGO","CA","92103","2026","11-FEB-26","2026","202602110300520445"
"H6OH03175","DIALS, SANTANA JADE","Write-In","W","House","H","Ohio","OH","03","DUBLIN","OH","43016","2026","11-FEB-26","2026","202602119834301391"
"S6WY00217","BYRD, JAMES WILLARD MR.","Democratic Party","DEM","Senate","S","Wyoming","WY","00","CHEYENNE","WY","82001","2026","11-FEB-26","2026","202602119834301408"
"H6VA00028","COONEY, JOSEPH PATRICK","Democratic Party","DEM","House","H","Virginia","VA","00","ARLINGTON","VA","22205","2026","11-FEB-26","2026","202602119834301539"
"H6ND46010","THOMPSON, VERN","Democratic Party","DEM","House","H","North Dakota","ND","00","FARGO","ND","58103","2026","11-FEB-26","2026","202602119834310566"
"H6FL02356","NORTON, JIM","Republican Party","REP","House","H","Florida","FL","02","PORT SAINT JOE","FL","32456","2026","11-FEB-26","2026","202602119834301812"
"H6CA30250","MEYERS, SCOTT ALAN","Republican Party","REP","House","H","California","CA","30","LOS ANGELES","CA","90068","2026","11-FEB-26","2026","202602119834301814"
"H6CA20244","FOX, JEREMY CHARLES","None","NNE","House","H","California","CA","20","VISALIA","CA","93278","2026","11-FEB-26","2026","202602119834308098"
"H6LA05259","MEBRUER, MICHAEL EDWARD","Republican Party","REP","House","H","Louisiana","LA","05","SAINT FRANCISVILLE","LA","70775","2026","11-FEB-26","2026","202602119834308294"
"H6CA02291","BURGESS, GREGORY WARREN","None","NNE","House","H","California","CA","02","SAN RAFAEL","CA","94901","2026","11-FEB-26","2026","202602119834310434"
"H4MD03263","DUNN, HARRY","Democratic Party","DEM","House","H","Maryland","MD","05","BOWIE","MD","20718","2026","11-FEB-26","2026","202602119834301615"
"H6MN06249","WICKLUND, JEREMY","Democratic-Farmer-Labor","DFL","House","H","Minnesota","MN","06","OTSEGO","MN","55362","2026","10-FEB-26","2026","202602109834300145"
"H6FL02349","ROWELL, AUDIE","Republican Party","REP","House","H","Florida","FL","02","TALLAHASSEE","FL","32309","2026","10-FEB-26","2026","202602109834300941"
"H6LA05242","ECHOLS, MICHAEL CHARLES","Republican Party","REP","House","H","Louisiana","LA","05","DENHAM SPRINGS","LA","70727","2026","10-FEB-26","2026","202602109834301112"
"H6CA14189","ELAM, CARIN","Democratic Party","DEM","House","H","California","CA","14","PLEASANTON","CA","94566","2026","10-FEB-26","2026","202602109834300973"
"H6TX16202","BARRAZA, MANUEL","Republican Party","REP","House","H","Texas","TX","16","EL PASO","TX","79926","2026","10-FEB-26","2026","202602109834300955"
"H6FL14187","MISHIYEV, ERIK","Republican Party","REP","House","H","Florida","FL","14","TAMPA","FL","33622","2026","09-FEB-26","2026","202602099834288553"
"H6OH07184","DONEGAN, ANN MARIE","Democratic Party","DEM","House","H","Ohio","OH","07","OLMSTED FALLS","OH","44138","2026","09-FEB-26","2026","202602099834288150"
"H6NY25216","WALTON, DAELIN","Independent","IND","House","H","New York","NY","25","ROCHESTER","NY","14606","2026","09-FEB-26","2026","202602099834288321"
"H6SC04205","LEE, ROBERT EUGENE","Republican Party","REP","House","H","South Carolina","SC","04","MAULDIN","SC","29662","2026","09-FEB-26","2026","202602099825934604"
"H6NE03206","BUDKE, MACEY","Independent","IND","House","H","Nebraska","NE","03","NORTH PLATTE","NE","69101","2026","09-FEB-26","2026","202602099825934631"
"H6WV02184","TOMANA, STEPHANIE","Democratic Party","DEM","House","H","West Virginia","WV","02","IDAMAY","WV","26576","2026","09-FEB-26","2026","202602099834288102"
"H6CO04269","PHELAN, ERIC","Republican Party","REP","House","H","Colorado","CO","04","PARKER","CO","80134","2026","09-FEB-26","2026","202602099834285476"
"H6FL01515","CHICO, DOUGLAS CONNOR","Republican Party","REP","House","H","Florida","FL","01","PENSACOLA","FL","32507","2026","09-FEB-26","2026","202602099834285736"
"H6DC01137","JACZKO, GREGORY DR.","Democratic Party","DEM","House","H","District Of Columbia","DC","00","WASHINGTON","DC","20016","2026","09-FEB-26","2026","202602099834285790"
"H2MI11232","DENOTTER, MATTHEW","Republican Party","REP","House","H","Michigan","MI","01","HIGHLAND","MI","48356","2026","09-FEB-26","2026","202602099834285805"
"H6GA11173","BACHMAN, ELLIS","Republican Party","REP","House","H","Georgia","GA","11","ATLANTA","GA","30326","2026","09-FEB-26","2026","202602099834288101"
"H6IL11182","MCCASKILL, STACY","Independent","IND","House","H","Illinois","IL","11","WOODSTOCK","IL","60098","2026","09-FEB-26","2026","202602099834285077"
"H6MO03382","WILSON, PAUL","Democratic Party","DEM","House","H","Missouri","MO","03","ST. CHARLES","MO","63301","2026","08-FEB-26","2026","202602089825934504"
"H6IN07469","WELLS, DESTINY","Democratic Party","DEM","House","H","Indiana","IN","07","INDIANAPOLIS","IN","46202","2026","08-FEB-26","2026","202602089825934521"
"H6MD05370","LIGHTFOOT, JERRY","Democratic Party","DEM","House","H","Maryland","MD","05","CLINTON","MD","20735","2026","08-FEB-26","2026","202602089825934490"
"H6OH01088","RONAN, SAMUEL","Republican Party","REP","House","H","Ohio","OH","15","GROVE CITY","OH","43223","2026","08-FEB-26","2026","202602089825934480"
"H6KY02092","PERRY-ADELMANN, G. SHAY","Republican Party","REP","House","H","Kentucky","KY","02","LOUISVILLE","KY","40222","2026","08-FEB-26","2026","202602089825934534"
"H6OH11202","FREEMAN, SEAN","Democratic Party","DEM","House","H","Ohio","OH","11","CLEVELAND","OH","44144","2026","07-FEB-26","2026","202602079825934380"
"H6UT03182","UDELL, KENT DR.","Democratic Party","DEM","House","H","Utah","UT","03","CASTLE VALLEY","UT","84532","2026","07-FEB-26","2026","202602079825934364"
"H6MO01295","WHITE, A J","Republican Party","REP","House","H","Missouri","MO","01","BLACK JACK","MO","63033","2026","06-FEB-26","2026","202602120300520614"
"H0GA14048","COWAN, JOHN","Republican Party","REP","House","H","Georgia","GA","11","ROME","GA","30165","2026","06-FEB-26","2026","202602069825934205"
"H6MO05288","BECKER, TODD WILLIAM","Independent","IND","House","H","Missouri","MO","05","COLUMBIA","MO","65202","2026","06-FEB-26","2026","202602069825933033"
"S4OR00156","PERKINS, JO RAE","Republican Party","REP","Senate","S","Oregon","OR","00","ALBANY","OR","97321","2026","06-FEB-26","2026","202602069825933306"
"H6WA08167","MELINE, SPENCER HARRISON","Republican Party","REP","House","H","Washington","WA","08","CASHMERE","WA","98815","2026","06-FEB-26","2026","202602069825933450"
"H6MN06231","AMBERSON, ANSON","Democratic-Farmer-Labor","DFL","House","H","Minnesota","MN","06","SAUK RAPIDS","MN","563790102","2026","06-FEB-26","2026","202602069825934139"
"H6TX16194","CASTANEDA, RAUL JESUS","Republican Party","REP","House","H","Texas","TX","16","EL PASO","TX","79934","2026","06-FEB-26","2026","202602069825933504"
"H6FL19285","YOUSCHAK, RICHARD STEPHEN III","Republican Party","REP","House","H","Florida","FL","19","FORT MYERS","FL","33908","2026","06-FEB-26","2026","202602069825933793"
"H6CA15194","HOELTER, CHARLES","Republican Party","REP","House","H","California","CA","15","SAN MATEO","CA","94401","2026","06-FEB-26","2026","202602069825933989"
"H6IN05315","MCKENNA, DYLAN","Democratic Party","DEM","House","H","Indiana","IN","05","CARMEL","IN","46082","2026","06-FEB-26","2026","202602069825934050"
"H6FL20119","MAXIME, KEDNER","Independent","IND","House","H","Florida","FL","20","OAKLAND PARK","FL","33309","2026","06-FEB-26","2026","202602069825933452"
"H0NY00071","NASCIMBENE, LUCA","Democratic Party","DEM","House","H","New York","NY","01","VOGHERA","NY","27058","2026","05-FEB-26","2026","202602059825918380"
"H4FL16179","SPEIR, JASON EDWARD","Republican Party","REP","House","H","Florida","FL","16","BRADENTON","FL","34210","2026","05-FEB-26","2026","202602059825919092"
"H6IN01249","COULTER, JOSHUA","Democratic Party","DEM","House","H","Indiana","IN","01","WHEATFIELD","IN","46392","2026","05-FEB-26","2026","202602059825922182"
"H6NY12404","SHINKLE, CAROLINE","Republican Party","REP","House","H","New York","NY","12","NEW YORK","NY","10020","2026","05-FEB-26","2026","202602059825932545"
"H6NJ12433","ALTMAN, SUSAN COPIUS","Democratic Party","DEM","House","H","New Jersey","NJ","12","PRINCETON","NJ","08542","2026","05-FEB-26","2026","202602059825932594"
"H6MA06202","JONES, MICAH Q.","Republican Party","REP","House","H","Massachusetts","MA","06","DANVERS","MA","01923","2026","05-FEB-26","2026","202602059825918401"
"H6FL06399","JENKINS, JENNIFER","Democratic Party","DEM","House","H","Florida","FL","06","SATELLITE BEACH","FL","32937","2026","05-FEB-26","2026","202602059825918503"
"H6CO04251","VELDHUIZEN, TIMOTHY","Unaffiliated","UN","House","H","Colorado","CO","04","LOVELAND","CO","80538","2026","05-FEB-26","2026","202602059825918755"
"H6LA06158","APPEANING, ANJANITA MONIQUE","Republican Party","REP","House","H","Louisiana","LA","06","ST GEORGE","LA","70810","2026","05-FEB-26","2026","202602059825918756"
"H6PA01256","WAGNER, WILLIAM WARREN JR","Democratic Party","DEM","House","H","Pennsylvania","PA","01","DOYLESTOWN","PA","18901","2026","05-FEB-26","2026","202602059825918767"
"H6TX30252","MALLORY CARAWAT, BARBARA","Democratic Party","DEM","House","H","Texas","TX","30","DALLAS","TX","75203","2026","05-FEB-26","2026","202602059825918782"
"H6MO08209","HARBISON, CLAYTON CHRISTOPHER","Democratic Party","DEM","House","H","Missouri","MO","08","ARCADIA","MO","63621","2026","05-FEB-26","2026","202602059825918828"
"H6GA09284","GEGEN, CAITLYN","Democratic Party","DEM","House","H","Georgia","GA","09","SUWANEE","GA","30024","2026","05-FEB-26","2026","202602059825919081"
"H6IN02197","MAEYENS, SHAUN MICHAEL","Democratic Party","DEM","House","H","Indiana","IN","02","SOUTH BEND","IN","46616","2026","05-FEB-26","2026","202602059825919091"
"H6VA09151","JACKSON, MICHAEL PAUL","Independent","IND","House","H","Virginia","VA","09","WOODLAWN","VA","24381","2026","05-FEB-26","2026","202602059825932819"
"H6OR02314","QUINCE, PETER L","02","02","House","H","Oregon","OR","","ASHLAND","OR","97520","2026","05-FEB-26","2026","202602050300519081"
"H6OR06018","FALER, JASON J","No Party Affiliation","NPA","House","H","Oregon","OR","06","TIGARD","OR","97223","2026","05-FEB-26","2026","202602059825922096"
"H8CA29100","DUENAS, ANGELICA MARIA","Democratic Party","DEM","House","H","California","CA","29","VAN NUYS","CA","91406","2026","04-FEB-26","2026","202602049825916515"
"S6KS00288","SCHMIDT, PATRICK","Democratic Party","DEM","Senate","S","Kansas","KS","00","TOPEKA","KS","66675","2026","04-FEB-26","2026","202602049825916558"
"H6PA12121","PARKER, WILLIAM","Democratic Party","DEM","House","H","Pennsylvania","PA","12","PITTSBURGH","PA","15236","2026","04-FEB-26","2026","202602049825916804"
"H6GA14292","HOBBS, JONATHAN","Democratic Party","DEM","House","H","Georgia","GA","14","DALLAS","GA","30157","2026","04-FEB-26","2026","202602049825916945"
"H6TN06270","MOSLEY, CHANEY","Democratic Party","DEM","House","H","Tennessee","TN","06","NASHVILLE","TN","37206","2026","04-FEB-26","2026","202602049825917032"
"H6FL16125","LYLES, TAMIKA","Democratic Party","DEM","House","H","Florida","FL","16","KISSIMMEE","FL","34742","2026","04-FEB-26","2026","202602049825917310"
"P40008542","CHESTNUT, KING JAMALL ","Republican Party","REP","President","P","United States","00","00","PHILA","PA","19121","2026","04-FEB-26","2026","202602050300518064"
"H6LA05234","MIGUEZ, BLAKE","Republican Party","REP","House","H","Louisiana","LA","05","NEW IBERIA","LA","70562","2026","04-FEB-26","2026","202602049825917541"
"H6OH10139","BECKETT, JANICE","Democratic Party","DEM","House","H","Ohio","OH","10","CENTERVILLE","OH","45458","2026","04-FEB-26","2026","202602049825917595"
"H6PA03344","COOK, THOMAS JOSEPH","Democratic Party","DEM","House","H","Pennsylvania","PA","03","PHILADELPHIA","PA","19102","2026","04-FEB-26","2026","202602049825917605"
"H6OH07176","RODRIGUEZ-CARBONE, LAURA D","Democratic Party","DEM","House","H","Ohio","OH","07","LAKEWOOD","OH","44107","2026","04-FEB-26","2026","202602049825917804"
"H6OH01195","ADAMS, HOLLY","Republican Party","REP","House","H","Ohio","OH","01","LEBANON","OH","45036","2026","04-FEB-26","2026","202602049825917946"
"H6NC12139","SMITH, CHARAY DR","Unaffiliated","UN","House","H","North Carolina","NC","12","CHARLOTTE","NC","28208","2026","04-FEB-26","2026","202602049825917976"
"H6IN04235","MCCASH, JAYDEN","Democratic Party","DEM","House","H","Indiana","IN","04","BROWNSBURG","IN","46112","2026","04-FEB-26","2026","202602049825917410"
"H6NY01175","SCHNEIDER, JONATHAN","Democratic Party","DEM","House","H","New York","NY","01","EAST SETAUKET","NY","11733","2026","03-FEB-26","2026","202602039825916399"
"H6ID02266","CLARKE, ERIC","Republican Party","REP","House","H","Idaho","ID","02","AMMON","ID","83406","2026","03-FEB-26","2026","202602039825916414"
"H6PA01249","ZELTAKALNS, MICHAEL","Democratic Party","DEM","House","H","Pennsylvania","PA","01","DOYLESTOWN","PA","18902","2026","03-FEB-26","2026","202602039825905806"
"H6NY25208","MCINTYRE, VIRGINIA","Republican Party","REP","House","H","New York","NY","25","ROCHESTER","NY","14624","2026","03-FEB-26","2026","202602039825908859"
"H6KY03223","RODRIGUEZ, MARIA TERESA","Republican Party","REP","House","H","Kentucky","KY","03","LOUISVILLE","KY","40223","2026","03-FEB-26","2026","202602039825908860"
"H0NY02267","LIPETRI, MIKE","Republican Party","REP","House","H","New York","NY","03","FARMINGDALE","NY","11735","2026","03-FEB-26","2026","202602039825909139"
"H6CA43170","RAHMAN, MYLA","Democratic Party","DEM","House","H","California","CA","43","SANTA BARBARA","CA","93101","2026","03-FEB-26","2026","202602039825915361"
"H0GA01029","GRIGGS, JOYCE MARIE","Democratic Party","DEM","House","H","Georgia","GA","01","GARDEN CITY","GA","31408","2026","03-FEB-26","2026","202602039825915737"
"H6OH06210","HANNI, BRENT CHARLES","Democratic Party","DEM","House","H","Ohio","OH","06","YOUNGSTOWN","OH","44514","2026","03-FEB-26","2026","202602039825916144"
"H6MN03170","BASS, TYLER MICHAEL","Republican Party","REP","House","H","Minnesota","MN","03","MINNETONKA","MN","55305","2026","03-FEB-26","2026","202602039825916346"
"H8OH08097","ENOCH, VANESSA L. DR.","Democratic Party","DEM","House","H","Ohio","OH","08","WEST CHESTER","OH","45069","2026","03-FEB-26","2026","202602039825916377"
"H6CA42180","BLOM, NOAH","Republican Party","REP","House","H","California","CA","42","NEWPORT BEACH","CA","92660","2026","03-FEB-26","2026","202602039825909190"
"S6WV00196","KESSLER, JEFFREY VINCENT","Democratic Party","DEM","Senate","S","West Virginia","WV","00","GLEN DALE","WV","26038","2026","02-FEB-26","2026","202602050300519383"
"S6OH00429","REDPATH, WILLIAM","Libertarian Party","LIB","Senate","S","Ohio","OH","00","PERRYSBURG","OH","43551","2026","02-FEB-26","2026","202602029825898579"
"H6MA04132","POULOS, JASON","Democratic Party","DEM","House","H","Massachusetts","MA","04","SHERBORN","MA","01770","2026","02-FEB-26","2026","202602029825898787"
"S6NJ00396","RIVERA, NATALIE","Republican Party","REP","Senate","S","New Jersey","NJ","00","SWEDESBORO","NJ","08085","2026","02-FEB-26","2026","202602029825904331"
"H6MN04285","RAHMAN, ASWAR","Democratic-Farmer-Labor","DFL","House","H","Minnesota","MN","04","SAINT PAUL","MN","55102","2026","02-FEB-26","2026","202602029825903493"
"H6OH05139","FRANKLIN, DALTON JAMES","Independent","IND","House","H","Ohio","OH","05","PAYNE","OH","45813","2026","02-FEB-26","2026","202602029825903854"
"H6NY22205","HOLLENBECK, DAVID","Republican Party","REP","House","H","New York","NY","22","NEW HARTFORD","NY","13413","2026","02-FEB-26","2026","202602029825903956"
"H6NY07248","WON, JULIE JAEHEE","Democratic Party","DEM","House","H","New York","NY","07","LONG ISLAND CITY","NY","11101","2026","02-FEB-26","2026","202602029825898895"
"H6IN04227","MCPHERSON, PAUL BRYANT","Democratic Party","DEM","House","H","Indiana","IN","04","OTTERBEIN","IN","47970","2026","01-FEB-26","2026","202602019825894923"
"H6DC01129","RANDOLPH, SYLVIA","Republican Party","REP","House","H","District Of Columbia","DC","00","WASHINGTON","DC","20003","2026","01-FEB-26","2026","202602019825895241"
"H6NY16157","WILSON, JOHN FRANKLIN MR IV","Independent","IND","House","H","New York","NY","16","YONKERS","NY","10704","2026","01-FEB-26","2026","202602019825896873"
"H4GA04132","POSTELL, ANSEL","Independent","IND","House","H","Georgia","GA","04","ATLANTA","GA","30338","2026","01-FEB-26","2026","202602019825896782"
"S6NC00522","MORROW, MICHELE","Republican Party","REP","Senate","S","North Carolina","NC","00","CARY","NC","27511","2026","01-FEB-26","2026","202602019825895248"
"H6WV01160","GEORGE, VINCENT RAYMOND MR.","Democratic Party","DEM","House","H","West Virginia","WV","01","SOUTH CHARLESTON","WV","25309","2026","31-JAN-26","2026","202601319795584331"
"H4OH06249","LAFONT, CHRISTOPHER ALEXANDER","Democratic Party","DEM","House","H","Ohio","OH","06","BETHESDA","OH","43719","2026","31-JAN-26","2026","202601319808434074"
"H6NJ12425","THOMPSON, IZIAH","Democratic Party","DEM","House","H","New Jersey","NJ","12","PLAINFIELD","NJ","07060","2026","31-JAN-26","2026","202601319808313604"
"H6NV02347","HEBERT, JOSHUA RUSSELL DR.","Democratic Party","DEM","House","H","Nevada","NV","02","RENO","NV","89523","2026","31-JAN-26","2026","202601319795679921"
"H6NY21264","CARUSO, ALLEN","Republican Party","REP","House","H","New York","NY","21","PORTER CORNERS","NY","12859","2026","30-JAN-26","2026","202601309794547720"
"S8MA00268","AYYADURAI, SHIVA DR","Independent","IND","Senate","S","Massachusetts","MA","00","CAMBRIDGE","MA","02138","2026","30-JAN-26","2026","202601309794613094"
"H6NY04195","SUBER WILLIAMS, MARVIN","Republican Party","REP","House","H","New York","NY","04","GARDEN CITY","NY","11530","2026","30-JAN-26","2026","202601309794633141"
"H6FL18220","LUONG, TIFFANIE SHAVON","Democratic Party","DEM","House","H","Florida","FL","18","PORT SAINT LUCIE","FL","34952","2026","30-JAN-26","2026","202601309794634414"
"H6AZ03260","BURGESS, KIRT","Republican Party","REP","House","H","Arizona","AZ","03","SURPRISE","AZ","85379","2026","30-JAN-26","2026","202601309794636048"
"H6UT71015","LOVEHEART, THOMAS LEE MONROE","Democratic Party","DEM","House","H","Utah","UT","71","CEDAR CITY","UT","84720","2026","30-JAN-26","2026","202601309795127455"
"H6NC12121","RABAH, RYAN","Independent","IND","House","H","North Carolina","NC","12","CHARLOTTE","NC","28269","2026","30-JAN-26","2026","202601309794643161"
"H6SC01367","ATWOOD, KJ","Democratic Party","DEM","House","H","South Carolina","SC","01","MOUNT PLEASANT","SC","29464","2026","30-JAN-26","2026","202601309794800786"
"H6VI01057","HELENESE, NICOLE TERI ANN","Democratic Party","DEM","House","H","U.S. Virgin Islands","VI","00","KINGSHILL","VI","00851","2026","30-JAN-26","2026","202601309794807322"
"H4CT03108","IRIZARRY, RAFAEL","Republican Party","REP","House","H","Connecticut","CT","03","STRATFORD","CT","06614","2026","30-JAN-26","2026","202601309794842087"
"H6NJ12417","HAMAWY, ADAM","Democratic Party","DEM","House","H","New Jersey","NJ","12","MONMOUTH","NJ","08852","2026","30-JAN-26","2026","202601309794884616"
"H6FL11266","PALOMO, IVETTE","Republican Party","REP","House","H","Florida","FL","11","BUSHNELL","FL","33513","2026","30-JAN-26","2026","202601309794642808"
"H6FL03131","HUBAC, GEORGE EMIL","Democratic Party","DEM","House","H","Florida","FL","03","GAINESVILLE","FL","32608","2026","29-JAN-26","2026","202601299794455167"
"H6MI11282","MURPHY, MICHELLE M.","Democratic Party","DEM","House","H","Michigan","MI","11","KEEGO HARBOR","MI","48320","2026","29-JAN-26","2026","202601299794403326"
"H6KS04264","EPLEY, COLE ALLEN","Democratic Party","DEM","House","H","Kansas","KS","04","BEL AIRE","KS","67220","2026","29-JAN-26","2026","202601299794406801"
"H6NC03229","SMITH, RAYMOND EDWARD DR. JR.","Democratic Party","DEM","House","H","North Carolina","NC","03","GOLDSBORO","NC","27534","2026","29-JAN-26","2026","202601299794413313"
"H6MS04259","CARL, BOYANTON LESTER","Independent","IND","House","H","Mississippi","MS","04","DIAMONDHEAD","MS","39525","2026","29-JAN-26","2026","202601299794421588"
"H6PA04151","SALERNO-O'DONNELL, JORDAN","Republican Party","REP","House","H","Pennsylvania","PA","04","BALA CYNWYD","PA","19004","2026","29-JAN-26","2026","202601299794440185"
"H6FL14179","WELDON, DANIEL","Republican Party","REP","House","H","Florida","FL","14","ALEXANDRIA","VA","22314","2026","29-JAN-26","2026","202601299794403252"
"H6FL02331","ROGERS, AUSTIN","Republican Party","REP","House","H","Florida","FL","02","PANAMA CITY","FL","32402","2026","29-JAN-26","2026","202601299794338889"
"H6VA09144","CROCKETT, DOUGLAS","Democratic Party","DEM","House","H","Virginia","VA","09","WILLIAMSBURG","VA","23185","2026","29-JAN-26","2026","202601299794340648"
"H6PA03310","SCHNELL, ALEXANDER","Republican Party","REP","House","H","Pennsylvania","PA","03","PHILADELPHIA","PA","19119","2026","29-JAN-26","2026","202601299794341763"
"H6OK05293","NELSON, JENA","Democratic Party","DEM","House","H","Oklahoma","OK","05","EDMOND","OK","73025","2026","29-JAN-26","2026","202601299794371692"
"S6LA00672","SKRMETTA, ERIC","Republican Party","REP","Senate","S","Louisiana","LA","00","METAIRIE","LA","70005","2026","29-JAN-26","2026","202601299794400962"
"H6IL07552","TAYLOR, JABARI L","Independent","IND","House","H","Illinois","IL","07","CHICAGO","IL","60607","2026","29-JAN-26","2026","202601299794299225"
"H6CA11300","XIONG, JINGCHAO","Republican Party","REP","House","H","California","CA","11","SAN FRANCISCO","CA","94133","2026","28-JAN-26","2026","202601289794251722"
"H6MA09214","SWALLOW, CRAIG M MR","Democratic Party","DEM","House","H","Massachusetts","MA","09","NEW BEDFORD","MA","02745","2026","28-JAN-26","2026","202601289794251792"
"H4FL13176","LICCIONE, JOHN WILLIAM","Democratic Party","DEM","House","H","Florida","FL","13","DUNEDIN","FL","34698","2026","28-JAN-26","2026","202601289794259718"
"H6NJ03192","KELLY, RYAN MICHAEL","Independent","IND","House","H","New Jersey","NJ","03","HIGHTSTOWN","NJ","08520","2026","28-JAN-26","2026","202601289794263541"
"H4MN06145","WINKELMAN, AUSTIN DANIEL","Independent","IND","House","H","Minnesota","MN","06","ALBERTVILLE","MN","55301","2026","28-JAN-26","2026","202601289794265017"
"H6NC12113","CODIGA, JOHN JACK","Republican Party","REP","House","H","North Carolina","NC","12","CHARLOTTE","NC","28209","2026","28-JAN-26","2026","202601289794298441"
"H6MI09252","VALDEZ, FERNANDO MR JR","Independent","IND","House","H","Michigan","MI","09","WASHINGTON TOWNSHIP","MI","48094","2026","28-JAN-26","2026","202601289794282609"
"H6WI07256","THRELFALL-BAUM, NIINA","Republican Party","REP","House","H","Wisconsin","WI","07","RHINELANDER","WI","54501","2026","28-JAN-26","2026","202601289794282896"
"H6NV02339","JOLLE, MARK","Democratic Party","DEM","House","H","Nevada","NV","02","RENO","NV","89509","2026","28-JAN-26","2026","202601289794287494"
"H6MA04124","LECKEY, IHSSANE","Democratic Party","DEM","House","H","Massachusetts","MA","04","SHARON","MA","02067","2026","28-JAN-26","2026","202601289794290979"
"H6OH01187","LYNCH, DAMON IV","Democratic Party","DEM","House","H","Ohio","OH","01","CINCINNATI","OH","45204","2026","28-JAN-26","2026","202601289794296708"
"H6NY21256","CARUSO, ALLEN","Republican Party","REP","House","H","New York","NY","21","PORTER CORNERS","NY","12859","2026","28-JAN-26","2026","202601289794269859"
"H6NJ08209","ALI, MUSSAB","Democratic Party","DEM","House","H","New Jersey","NJ","08","JERSEY CITY","NJ","07308","2026","27-JAN-26","2026","202601279794246121"
"H6CA33122","WEEMS, EUGENE LAMONTE","Democratic Party","DEM","House","H","California","CA","33","SAN BERNARDINO","CA","92401","2026","27-JAN-26","2026","202601279794216178"
"H6FL13296","FAY, JOHN","Democratic Party","DEM","House","H","Florida","FL","13","LARGO","FL","33774","2026","27-JAN-26","2026","202601279794212175"
"H6NY24243","MCDAIRMANT, DAVID JOHN","Republican Party","REP","House","H","New York","NY","24","ROCHESTER","NY","14613","2026","27-JAN-26","2026","202601279794227537"
"H6CA42172","TUREK, PHILIP","Republican Party","REP","House","H","California","CA","42","HUNTINGTON BEACH","CA","926474648","2026","27-JAN-26","2026","202601279794229186"
"H6CA18172","LEWIS, SHANE","Republican Party","REP","House","H","California","CA","18","SAN JOSE","CA","95136","2026","27-JAN-26","2026","202601279794242551"
"H6CA44210","ANGEL, GENEVIEVE","Republican Party","REP","House","H","California","CA","44","LAKEWOOD","CA","90712","2026","27-JAN-26","2026","202601279794242683"
"H6IL01217","HEWITT, ERROL LLOYD MR","Democratic Party","DEM","House","H","Illinois","IL","01","EVANSTON","IL","60202","2026","27-JAN-26","2026","202601279794206191"
"S6FL00855","VINDMAN, ALEXANDER","Democratic Party","DEM","Senate","S","Florida","FL","00","TEMPE","AZ","85285","2026","27-JAN-26","2026","202601279794206204"
"H6SC04197","ETHRIDGE, JESSICA","Libertarian Party","LIB","House","H","South Carolina","SC","04","GREENVILLE","SC","29615","2026","27-JAN-26","2026","202601279794206960"
"H6NJ04265","ENGLISH, ROBERT JOSEPH MR.","Democratic Party","DEM","House","H","New Jersey","NJ","04","EATONTOWN","NJ","07724","2026","27-JAN-26","2026","202601279794207728"
"H6SC03090","LEHMACHER, EUNICE","Democratic Party","DEM","House","H","South Carolina","SC","03","CENTRAL","SC","29630","2026","27-JAN-26","2026","202601279794209554"
"H6PA05174","JOHNAKIN, MELVIN PRINCE","Democratic Party","DEM","House","H","Pennsylvania","PA","05","PHILADELPHIA","PA","19120","2026","27-JAN-26","2026","202601279794209717"
"H6LA05200","CORDELL, MISTI SMITH","Republican Party","REP","House","H","Louisiana","LA","05","WEST MONROE","LA","71291","2026","27-JAN-26","2026","202601279794211103"
"H6LA05218","MCMAKIN, DIXON","Republican Party","REP","House","H","Louisiana","LA","05","PRAIRIEVILLE","LA","70769","2026","27-JAN-26","2026","202601279794212762"
"H6CA30243","ARMENIAN, HOVHANNES JOHN","No Party Affiliation","NPA","House","H","California","CA","30","GLENDALE","CA","91207","2026","27-JAN-26","2026","202601279794212999"
"H6CA37354","FENNER, ELIZABETH ANNE MS.","Democratic Party","DEM","House","H","California","CA","37","LOS ANGELES","CA","90018","2026","27-JAN-26","2026","202601279794213702"
"H6LA05226","EDMONDS, RICK","Republican Party","REP","House","H","Louisiana","LA","05","BATON ROUGE","LA","70817","2026","27-JAN-26","2026","202601279794214603"
"H6MN02289","ABDULLE, ABDISALLAM","Democratic-Farmer-Labor","DFL","House","H","Minnesota","MN","02","BURNSVILLE","MN","55337","2026","27-JAN-26","2026","202601279794215159"
"H6CA36224","PERKINS, IVAN","Democratic Party","DEM","House","H","California","CA","36","SANTA MONICA","CA","90405","2026","27-JAN-26","2026","202601279794251050"
"H6GA12114","GEORGE, TRACI L.","Democratic Party","DEM","House","H","Georgia","GA","12","AUGUSTA","GA","30909","2026","26-JAN-26","2026","202601269794163350"
"H6OH14230","SETZER, CARL","Democratic Party","DEM","House","H","Ohio","OH","14","MORELAND HILLS","OH","44022","2026","26-JAN-26","2026","202601269794170876"
"H6AL01136","MILLS, RALPH JOHN III","Republican Party","REP","House","H","Alabama","AL","01","NEWTON","AL","36352","2026","26-JAN-26","2026","202601269794174034"
"H6NJ12391","WANG, SAMUEL S.-H. MR.","Democratic Party","DEM","House","H","New Jersey","NJ","12","PRINCETON","NJ","08542","2026","26-JAN-26","2026","202601269794174135"
"S6FL00848","GLEASON, CHRISTOPHER","Republican Party","REP","Senate","S","Florida","FL","00","LARGO","FL","33779","2026","26-JAN-26","2026","202601269794200200"
"S6TN00364","MATTHEWS, YOSHI D.","Independent","IND","Senate","S","Tennessee","TN","00","GOODLETTSVILLE","TN","37072","2026","26-JAN-26","2026","202601269794189046"
"H6NJ12409","ANDERSON, MICHAEL","Democratic Party","DEM","House","H","New Jersey","NJ","12","BRIDGEWATER","NJ","08807","2026","26-JAN-26","2026","202601269794195678"
"H6PA03302","GRIFFIN, NADERAH","Democratic Party","DEM","House","H","Pennsylvania","PA","03","PHILADELPHIA","PA","19130","2026","26-JAN-26","2026","202601269794197338"
"H6NY09178","LUCAS, JOSHUA KAITAN","Democratic Party","DEM","House","H","New York","NY","09","BROOKLYN","NY","11226","2026","26-JAN-26","2026","202601269794175248"
"H6FL12231","SCRIVENER, BRANDEN","No Party Affiliation","NPA","House","H","Florida","FL","12","LAND O LAKES","FL","34637","2026","25-JAN-26","2026","202601259794162256"
"H6CA16150","JOHNSON, KEVIN","Republican Party","REP","House","H","California","CA","16","SAN JOSE","CA","95131","2026","25-JAN-26","2026","202601259794161854"
"H6NJ12383","MORALES, RICHARD","Democratic Party","DEM","House","H","New Jersey","NJ","12","PRINCETON","NJ","08542","2026","25-JAN-26","2026","202601259794162458"
"H6TN01537","BURKE, KRISTI","Democratic Party","DEM","House","H","Tennessee","TN","01","FALL BRANCH","TN","37656","2026","24-JAN-26","2026","202601249794155489"
"H6GA11157","MEDINA-ELSTON, IRIS","Democratic Party","DEM","House","H","Georgia","GA","11","WOODSTOCK","GA","30188","2026","24-JAN-26","2026","202601249794159471"
"H2KY05169","MONHOLLEN, BRANDON","Republican Party","REP","House","H","Kentucky","KY","05","LONDON","KY","40741","2026","24-JAN-26","2026","202601249794155389"
"H6LA05192","WYATT, SAMUEL LEE MR.","Republican Party","REP","House","H","Louisiana","LA","05","DENHAM SPRINGS","LA","70706","2026","23-JAN-26","2026","202601239794126538"
"H6AL02209","SANDERS, JARMAL JABBAR REV.","Republican Party","REP","House","H","Alabama","AL","02","SELMA","AL","36701","2026","23-JAN-26","2026","202601239794133144"
"H6MO02368","VONDRAS, JOAN","Democratic Party","DEM","House","H","Missouri","MO","02","CHESTERFIELD","MO","63005","2026","23-JAN-26","2026","202601239794135387"
"H4GA03100","KELLER, MAURA","Democratic Party","DEM","House","H","Georgia","GA","03","FAYETTEVILLE","GA","30215","2026","23-JAN-26","2026","202601239794148594"
"H2MD08175","GLUCK, GEORGE","Democratic Party","DEM","House","H","Maryland","MD","06","ROCKVILLE","MD","20853","2026","23-JAN-26","2026","202601239794154801"
"H6WA05247","FAGAN, KEVIN","Democratic Party","DEM","House","H","Washington","WA","05","SPOKANE","WA","99201","2026","23-JAN-26","2026","202601239794151132"
"H6VA04095","BROWN, JASON II","Independent","IND","House","H","Virginia","VA","04","N DINWIDDIE","VA","23803","2026","23-JAN-26","2026","202601239794152169"
"H6NJ12441","JINETE, ANDRES","Green Party","GRE","House","H","New Jersey","NJ","12","BOUND BROOK","NJ","08805","2026","23-JAN-26","2026","202602130300520708"
"H0AZ02216","BAH, IMAN","Democratic Party","DEM","House","H","Arizona","AZ","06","TUCSON","AZ","85701","2026","23-JAN-26","2026","202601239794151011"
"H6NY11265","DECILLIS, MICHAEL","Democratic Party","DEM","House","H","New York","NY","11","STATEN ISLAND","NY","10314","2026","22-JAN-26","2026","202601229794126150"
"H8CA07080","RICHARDSON, ROBERT CHRISTIAN","Green Party","GRE","House","H","California","CA","07","GOLD RIVER","CA","95670","2026","22-JAN-26","2026","202602050300519387"
"H2NY05142","LOZADA, FRANK J","Democratic Party","DEM","House","H","New York","NY","05","VALLEY STREAM","NY","11580","2026","22-JAN-26","2026","202601229794114992"
"H6DC01111","ROSADO, DENISE MS.","Republican Party","REP","House","H","District Of Columbia","DC","00","WASHINGTON DC","DC","20011","2026","22-JAN-26","2026","202601229794115173"
"S6FL00830","NIXON, ANGELA","Democratic Party","DEM","Senate","S","Florida","FL","00","JACKSONVILLE","FL","32203","2026","22-JAN-26","2026","202601229794115521"
"S6AL00518","WESS, EVERETT W","Democratic Party","DEM","Senate","S","Alabama","AL","00","BIRMINGHAM","AL","35261","2026","22-JAN-26","2026","202601229794116192"
"H6NY07230","KUMAR, VICHAL","Democratic Party","DEM","House","H","New York","NY","07","BROOKLYN","NY","11211","2026","22-JAN-26","2026","202601229794116477"
"H6WA05239","POWELL, NATE","Independent","IND","House","H","Washington","WA","05","SPOKANE","WA","99207","2026","22-JAN-26","2026","202601229794116669"
"H6AR01155","GREEN, TERRI YARBROUGH DR.","Democratic Party","DEM","House","H","Arkansas","AR","01","PARAGOULD","AR","72450","2026","22-JAN-26","2026","202601229794116725"
"S8VA00321","MIZUSAWA, BERT K","Republican Party","REP","Senate","S","Virginia","VA","00","ALEXANDRIA","VA","22313","2026","22-JAN-26","2026","202601229794120665"
"H6FL13270","AGUERJOUT, FATIMA EZAHRA","Democratic Party","DEM","House","H","Florida","FL","13","LARGO","FL","33770","2026","22-JAN-26","2026","202601229794120951"
"H6FL13288","AGUERJOUT, FATIMA EZAHRA","Democratic Party","DEM","House","H","Florida","FL","13","LARGO","FL","33770","2026","22-JAN-26","2026","202601229794121092"
"H6LA05184","CATHEY, STEWART JR.","Republican Party","REP","House","H","Louisiana","LA","05","FAIRBANKS","LA","71240","2026","22-JAN-26","2026","202601229794121256"
"H0FL10113","MONTAGUE, WILLIE","Republican Party","REP","House","H","Florida","FL","10","ORLANDO","FL","32811","2026","22-JAN-26","2026","202601229794121664"
"H6NY06174","PAGAN, JUAN","Republican Party","REP","House","H","New York","NY","06","FLUSHING","NY","11358","2026","22-JAN-26","2026","202601229794122006"
"H6NY13295","HANO, MICHAEL","Democratic Party","DEM","House","H","New York","NY","13","NEW YORK","NY","10032","2026","22-JAN-26","2026","202601229794122209"
"H6WA04224","BOEHNKE, MATTHEW","Republican Party","REP","House","H","Washington","WA","04","KENNEWICK","WA","99336","2026","22-JAN-26","2026","202601229794125993"
"H4CA19118","DOUGHERTY, SEAN JACOB","Green Party","GRE","House","H","California","CA","19","SANTA CRUZ","CA","95061","2026","22-JAN-26","2026","202601229794126285"
"H6CO01323","CUTLIP, GREGORY FERMAN MR JR","Republican Party","REP","House","H","Colorado","CO","01","PARKER","CO","80138","2026","21-JAN-26","2026","202601219794096362"
"S6VA00218","MORAN, MARK","Democratic Party","DEM","Senate","S","Virginia","VA","00","FALLS CHURCH","VA","22040","2026","21-JAN-26","2026","202601219794096718"
"H6PA01231","TAFT, THOMAS PRINDLE MR.","Democratic Party","DEM","House","H","Pennsylvania","PA","01","CHALFONT","PA","18914","2026","21-JAN-26","2026","202601219794110264"
"H6FL21091","OCONNOR, EDWARD F MR.","Democratic Party","DEM","House","H","Florida","FL","21","JUPITER","FL","33477","2026","21-JAN-26","2026","202601219794110289"
"H6CT05231","SHEA, CHRIS","Republican Party","REP","House","H","Connecticut","CT","05","CHESHIRE","CT","06410","2026","21-JAN-26","2026","202601219794112031"
"H6IL11174","DURR, MATTHEW MR.","Independent","IND","House","H","Illinois","IL","11","AURORA","IL","60504","2026","21-JAN-26","2026","202601219794096346"
"H6WA38016","OSWALD, DAVID JAMES MR","Independent","IND","House","H","Washington","WA","38","EVERETT","WA","98201","2026","21-JAN-26","2026","202601219794112784"
"S6ME00415","RICH, TIMOTHY","Unaffiliated","UN","Senate","S","Maine","ME","00","BRIDGTON","ME","04009","2026","21-JAN-26","2026","202601219794112847"
"H6CO07122","BENNETT, TIMOTHY","Republican Party","REP","House","H","Colorado","CO","07","PALMER LAKE","CO","80133","2026","21-JAN-26","2026","202601219794113268"
"H6NC07212","HENRY, MICHAEL JAMES","Unaffiliated","UN","House","H","North Carolina","NC","07","SOUTHPORT","NC","28461","2026","21-JAN-26","2026","202601219794096271"
"H4WI04282","NATH, PURNIMA","Republican Party","REP","House","H","Wisconsin","WI","04","BROWN DEER","WI","53223","2026","21-JAN-26","2026","202601219794112121"
"H6VA11231","FRAM, BREE","Democratic Party","DEM","House","H","Virginia","VA","11","HERNDON","VA","20172","2026","20-JAN-26","2026","202601209794083234"
"H6SC01359","LACORE, NANCY","Democratic Party","DEM","House","H","South Carolina","SC","01","ISLE OF PALMS","SC","29451","2026","20-JAN-26","2026","202601209794083342"
"S6AL00500","BURTON, MATTHEW SETH","Republican Party","REP","Senate","S","Alabama","AL","00","HUNTSVILLE","AL","35802","2026","20-JAN-26","2026","202601209794083542"
"S6LA00664","LETLOW, JULIA","Republican Party","REP","Senate","S","Louisiana","LA","00","BATON ROUGE","LA","70821","2026","20-JAN-26","2026","202601209794089573"
"H6AK01092","HILL, BILL","Independent","IND","House","H","Alaska","AK","00","ANCHORAGE","AK","99522","2026","20-JAN-26","2026","202601209794090518"
"H6FL14161","TEK, ERGIN AKA BATMAN","Republican Party","REP","House","H","Florida","FL","14","TAMPA","FL","33602","2026","20-JAN-26","2026","202601209794091938"
"H6MD05362","CROSS, JENNIFER","Democratic Party","DEM","House","H","Maryland","MD","05","SEVERN","MD","21144","2026","20-JAN-26","2026","202601209794095484"
"H6ND01049","HAMMER, TRYGVE","Democratic Party","DEM","House","H","North Dakota","ND","00","MINOT","ND","58701","2026","20-JAN-26","2026","202601209794092293"
"S6MN00556","TAFOYA, MICHELE","Republican Party","REP","Senate","S","Minnesota","MN","00","PLYMOUTH","MN","55447","2026","20-JAN-26","2026","202601209794092525"
"H6CA27322","RAMOS, ROBERTO","Democratic Party","DEM","House","H","California","CA","27","PALMDALE","CA","93551","2026","20-JAN-26","2026","202601209794094906"
"H6PA10232","SHIMP, FOGEL G","Republican Party","REP","House","H","Pennsylvania","PA","10","CARLISLE","PA","17015","2026","20-JAN-26","2026","202601209794095268"
"H6KY05202","WEIN, MIKEL","Independent","IND","House","H","Kentucky","KY","05","MAYKING","KY","41837","2026","20-JAN-26","2026","202601209794095288"
"H6NC10216","SIN, MATTHEW","Republican Party","REP","House","H","North Carolina","NC","10","WINSTON-SALEM","NC","27104","2026","20-JAN-26","2026","202601209794092091"
"H6CA14171","ISRANI, RAKHI","Democratic Party","DEM","House","H","California","CA","14","FREMONT","CA","94539","2026","19-JAN-26","2026","202601199794082330"
"H6VA02230","ALBRITTON, DEVINCHE JAVON","Independent","IND","House","H","Virginia","VA","02","VIRGINIA BEACH","VA","23453","2026","19-JAN-26","2026","202601199794083073"
"H6NY21249","METZGIER, MICHAEL JOHN","American Independent Party","AIP","House","H","New York","NY","21","POLAND","NY","13431","2026","19-JAN-26","2026","202601199794032432"
"H6MN05373","JACKSON, DEVELLE LAVAUGHN MR.","Independent","IND","House","H","Minnesota","MN","05","MINNEAPOLIS","MN","55415","2026","19-JAN-26","2026","202601199794032427"
"H6NJ12375","ZABORNEY, ANDREW JOSEPH","Republican Party","REP","House","H","New Jersey","NJ","12","SPOTSWOOD","NJ","08884","2026","19-JAN-26","2026","202601199794032421"
"H6CA41372","LAWTON, GALE DUANE","Democratic Party","DEM","House","H","California","CA","41","WINCHESTER","CA","92596","2026","18-JAN-26","2026","202601189794031413"
"H6NJ12367","ADAMS, MATTHEW MARK","Democratic Party","DEM","House","H","New Jersey","NJ","12","MIDDLESEX","NJ","08846","2026","18-JAN-26","2026","202601189794031839"
"H6CA23305","WALLIS, CHARLES PATRICK","Democratic Party","DEM","House","H","California","CA","23","YUCCA VALLEY","CA","92284","2026","18-JAN-26","2026","202601189794031816"
"H6OH11194","HOLMES, ARDELIA","Democratic Party","DEM","House","H","Ohio","OH","11","SHAKER HEIGHTS","OH","44120","2026","17-JAN-26","2026","202601179794029224"
"P60024536","STREET, ANDREW","Republican Party","REP","President","P","United States","00","00","WASHINGTON","DC","20002","2026","17-JAN-26","2026","202601179794030314"
"S6DE00206","KATZ, MICHAEL S DR.","Republican Party","REP","Senate","S","Delaware","DE","00","WILMINGTON","DE","19807","2026","17-JAN-26","2026","202601179794029519"
"S6MT00279","MCLAUGHLIN, KATHLEEN","Democratic Party","DEM","Senate","S","Montana","MT","00","KALISPELL","MT","59901","2026","17-JAN-26","2026","202601179794029505"
"H6GA14284","KELLY, WILLIAM FLYNN III","Republican Party","REP","House","H","Georgia","GA","14","ATLANTA","GA","30342","2026","16-JAN-26","2026","202601169794016862"
"P60024544","JOKINEN, MERCEDES","Republican Party","REP","President","P","United States","00","00","ANDOVER","MA","01810","2026","16-JAN-26","2026","202602050300519442"
"H6WY00225","BALOW, JILLIAN","Republican Party","REP","House","H","Wyoming","WY","00","CHEYENNE","WY","82003","2026","16-JAN-26","2026","202601169794016967"
"H6VA05258","MURRAY, DAVID HUGH III","Democratic Party","DEM","House","H","Virginia","VA","05","MANAKIN SABOT","VA","23103","2026","16-JAN-26","2026","202601169794020686"
"S6LA00656","COTTONHAM, MARKEDA ANN","Republican Party","REP","Senate","S","Louisiana","LA","00","CARENCRO","LA","70520","2026","16-JAN-26","2026","202601169794028958"
"H6CA01285","GALLAGHER, JAMES","Republican Party","REP","House","H","California","CA","01","WILTON","CA","95693","2026","16-JAN-26","2026","202601169794028968"
"H6ND08010","BROXTON, FERRIS LEE MR JR","Republican Party","REP","House","H","North Dakota","ND","00","MINOT","ND","58701","2026","16-JAN-26","2026","202601169794029004"
"H6NY03296","LAVERY, MICHAEL JOSEPH MR","Republican Party","REP","House","H","New York","NY","03","EAST NORTHPORT","NY","11731","2026","16-JAN-26","2026","202601169794029017"
"H6NY09160","DEPALIS, JEAN FRITZNER","Republican Party","REP","House","H","New York","NY","09","BROOKLYN","NY","11230","2026","16-JAN-26","2026","202601169794029044"
"H6NY12396","TIMMINS, PATRICK JOHN MR.","Democratic Party","DEM","House","H","New York","NY","12","MANHATTAN","NY","10027","2026","16-JAN-26","2026","202601169794021802"
"H6FL19277","ARIAS, VICTOR M.","Democratic Party","DEM","House","H","Florida","FL","19","CAPE CORAL","FL","33904","2026","16-JAN-26","2026","202601169794021917"
"S6NM01145","DODSON, MATT","Democratic Party","DEM","Senate","S","New Mexico","NM","00","FARMINGTON","NM","87401","2026","16-JAN-26","2026","202601169794022595"
"H6NV02321","WHITE, SAMUEL","Democratic Party","DEM","House","H","Nevada","NV","02","RENO","NV","89503","2026","16-JAN-26","2026","202601169794024342"
"H6OH14222","NICOLE, FRENCHKO MICHELE","Republican Party","REP","House","H","Ohio","OH","14","WARREN","OH","44483","2026","16-JAN-26","2026","202601169794024343"
"H6CT04143","GOLDSTEIN, MICHAEL","Republican Party","REP","House","H","Connecticut","CT","04","BEVERLY","MA","01915","2026","16-JAN-26","2026","202601169794024630"
"H6CA26316","DEVGAN-KACKER, SONIA DR","Democratic Party","DEM","House","H","California","CA","26","WESTLAKE VILLAGE","CA","91361","2026","16-JAN-26","2026","202601169794028914"
"H6MD05354","WILLIAMS, NICOLE","Democratic Party","DEM","House","H","Maryland","MD","05","BOWIE","MD","20719","2026","16-JAN-26","2026","202601169794016966"
"S6TX00586","SIMS, DANIEL M","Libertarian Party","LIB","Senate","S","Texas","TX","00","BERTRAM","TX","78605","2026","15-JAN-26","2026","202601150300516359"
"H6MD05347","STARR, TRACY","Democratic Party","DEM","House","H","Maryland","MD","05","CROFTON","MD","21114","2026","15-JAN-26","2026","202601159794002436"
"H6LA05176","FOY, LARRY W","Democratic Party","DEM","House","H","Louisiana","LA","05","WINNSBORO","LA","71295","2026","15-JAN-26","2026","202601159794002532"
"H6OH09172","SHEAHAN, MADISON","Republican Party","REP","House","H","Ohio","OH","09","CURTICE","OH","43412","2026","15-JAN-26","2026","202601159794003409"
"H6CA45209","KY-PHONG VO, THOMAS","Republican Party","REP","House","H","California","CA","45","HUNTINGTON BEACH","CA","92615","2026","15-JAN-26","2026","202601159794003531"
"H6FL02323","LEWIS, NICHOLAS JUSTIN","Republican Party","REP","House","H","Florida","FL","02","MONTICELLO","FL","32344","2026","15-JAN-26","2026","202601159794003997"
"H4GA10113","DOHERTY, ALEXANDRA","Democratic Party","DEM","House","H","Georgia","GA","10","ATHENS","GA","30606","2026","15-JAN-26","2026","202601160300516509"
"H6VA05241","HARVEY, COOKE COSTA","Independent","IND","House","H","Virginia","VA","05","AMHERST","VA","24521","2026","15-JAN-26","2026","202601159794006246"
"H6NY25190","LEACH, CASSANDRA LIN","Democratic Party","DEM","House","H","New York","NY","25","ROCHESTER","NY","14615","2026","15-JAN-26","2026","202601159794006247"
"S6GA00440","PILE, CHELSAE","Republican Party","REP","Senate","S","Georgia","GA","00","ALPHARETTA","GA","30004","2026","15-JAN-26","2026","202601159794006870"
"H6NH02287","ORLANDO, VICTOR D","Republican Party","REP","House","H","New Hampshire","NH","02","HOLLIS","NH","03049","2026","15-JAN-26","2026","202601159794007292"
"H6OR02306","LARSON, PETER JAMES","Republican Party","REP","House","H","Oregon","OR","02","LA GRANDE","OR","97850","2026","15-JAN-26","2026","202601159794009796"
"H6MA06194","FIELD, JOHN","Republican Party","REP","House","H","Massachusetts","MA","06","SALEM","MA","01970","2026","15-JAN-26","2026","202601159794009960"
"S6DE00198","SHULLI, JOHN","Republican Party","REP","Senate","S","Delaware","DE","00","WILMINGTON","WY","19807","2026","15-JAN-26","2026","202601159794005949"
"H6MO08191","BARNITZ, FRANK A","Democratic Party","DEM","House","H","Missouri","MO","08","LAKE SPRING","MO","65532","2026","14-JAN-26","2026","202601149793998716"
"H6FL05284","HAZEN, ALEXANDER","Democratic Party","DEM","House","H","Florida","FL","05","JACKSONVILLE","FL","32224","2026","14-JAN-26","2026","202601149793998795"
"H6CA26290","GOLDEN, CRYSTAL","Republican Party","REP","House","H","California","CA","26","THOUSAND OAKS","CA","91360","2026","14-JAN-26","2026","202601149793998821"
"S6GA00432","PILE, CHELSAE","Republican Party","REP","Senate","S","Georgia","GA","00","ALPHARETTA","GA","30004","2026","14-JAN-26","2026","202601149794002278"
"H6CA26308","ESPINOSA, CHRIS","Democratic Party","DEM","House","H","California","CA","26","SANTA PAULA","CA","93060","2026","14-JAN-26","2026","202601149794002283"
"H6FL02315","POWER, EVAN MR","Republican Party","REP","House","H","Florida","FL","02","TALLAHASSEE","FL","32301","2026","14-JAN-26","2026","202601149793968946"
"H6CA35143","LANE, WH","Democratic Party","DEM","House","H","California","CA","35","FORT IRWIN","CA","92310","2026","14-JAN-26","2026","202601149793970365"
"H6IN05307","FORD, J.D.","Democratic Party","DEM","House","H","Indiana","IN","05","CARMEL","IN","46032","2026","14-JAN-26","2026","202601149793970419"
"H6GA01216","MONTELEONE, MONTE, EUGENE, GEE T MR.","Republican Party","REP","House","H","Georgia","GA","01","BLACKSHEAR","GA","31516","2026","14-JAN-26","2026","202601149793972122"
"H6TX17168","SHEPARD, CASEY","Democratic Party","DEM","House","H","Texas","TX","17","WACO","TX","76712","2026","14-JAN-26","2026","202601149793972254"
"H6CA18164","DEMERS, CHRISTOPHER","No Party Affiliation","NPA","House","H","California","CA","18","SAN JOSE","CA","95110","2026","14-JAN-26","2026","202601149793987522"
"H6UT02515","PARRISH, IAN WILLIAM","Democratic Party","DEM","House","H","Utah","UT","02","CLEARFIELD","UT","84015","2026","14-JAN-26","2026","202601210300516743"
"H4AL02139","HARRIS, HAMPTON","Republican Party","REP","House","H","Alabama","AL","02","LOWNDESBORO","AL","36752","2026","14-JAN-26","2026","202601149793990893"
"H6CA28197","TUCKER, MICHAEL WYATT II","Democratic Party","DEM","House","H","California","CA","28","PASADENA","CA","91103","2026","13-JAN-26","2026","202601139793947906"
"H6OH10121","KNICKERBOCKER, KRISTINA","Democratic Party","DEM","House","H","Ohio","OH","10","DAYTON","OH","45429","2026","13-JAN-26","2026","202601139793947976"
"H6GA14276","UNDERWOOD, ANDREW PAUL","Libertarian Party","LIB","House","H","Georgia","GA","14","ROCK SPRING","GA","30739","2026","13-JAN-26","2026","202601139793948000"
"H6PA15181","BILGER, RAYMOND ALLEN","Democratic Party","DEM","House","H","Pennsylvania","PA","15","STATE COLLEGE","PA","16801","2026","13-JAN-26","2026","202601139793948383"
"H6FL02307","HENSARLING, GEORGE BENNETT MR. IV","Republican Party","REP","House","H","Florida","FL","02","TALLAHASSEE","FL","32309","2026","13-JAN-26","2026","202601139793949007"
"H6MD05339","BLEGAY, WALAKEWON N.","Democratic Party","DEM","House","H","Maryland","MD","05","UPPER MARLBORO","MD","20792","2026","13-JAN-26","2026","202601139793964852"
"H6AZ08269","KEELER, RAYMOND CHARLES","Democratic Party","DEM","House","H","Arizona","AZ","08","PHOENIX","AZ","85083","2026","13-JAN-26","2026","202601139793950014"
"H4CA36161","RAGGE ANDERSON, CLAIRE","Non-Party","NON","House","H","California","CA","36","SANTA ANA","CA","92704","2026","13-JAN-26","2026","202601139793955185"
"H6FL13262","KEMP, KARLA","Democratic Party","DEM","House","H","Florida","FL","13","SAINT PETERSBURG","FL","33710","2026","13-JAN-26","2026","202601139793961573"
"H6OH12143","CRAWFORD, DANIEL H","Democratic Party","DEM","House","H","Ohio","OH","12","NEWARK","OH","43055","2026","13-JAN-26","2026","202601139793963822"
"H4FL01247","GROSS, KEITH","Republican Party","REP","House","H","Florida","FL","02","PENSACOLA","FL","32502","2026","13-JAN-26","2026","202601139793949089"
"H6GA11140","VINES, CHRISTOPHER DALE","Democratic Party","DEM","House","H","Georgia","GA","11","CANTON","GA","30114","2026","12-JAN-26","2026","202601129793947758"
"H6CA26282","ROHRBACH, KYLE","Democratic Party","DEM","House","H","California","CA","26","THOUSAND OAKS","CA","91360","2026","12-JAN-26","2026","202601129793945980"
"S6AK00276","PELTOLA, MARY","Democratic Party","DEM","Senate","S","Alaska","AK","00","ANCHORAGE","AK","99509","2026","12-JAN-26","2026","202601129793940277"
"H6MD05321","BOAFO, ADRIAN","Democratic Party","DEM","House","H","Maryland","MD","05","BOWIE","MD","20718","2026","12-JAN-26","2026","202601129793940330"
"H6ME02213","BALDACCI, JOSEPH","Democratic Party","DEM","House","H","Maine","ME","02","BANGOR","ME","04402","2026","12-JAN-26","2026","202601129793940388"
"H6VA06181","GOODITIS, WENDY","Democratic Party","DEM","House","H","Virginia","VA","06","BOYCE","VA","22620","2026","12-JAN-26","2026","202601129793941252"
"H6FL19228","COLLINS, CHRIS","Republican Party","REP","House","H","Florida","FL","19","MARCO ISLAND","FL","34145","2026","12-JAN-26","2026","202601129793941469"
"H6VA10233","WONG, M. SAM","Republican Party","REP","House","H","Virginia","VA","10","ALEXANDRIA","VA","22315","2026","12-JAN-26","2026","202601129793941496"
"H6CA26274","LANGFORD, KYLE ALEXANDER","Democratic Party","DEM","House","H","California","CA","26","CARMEL VALLEY","CA","93924","2026","12-JAN-26","2026","202601129793942076"
"S6TX00578","ADEFOPE, JOHN","Republican Party","REP","Senate","S","Texas","TX","00","MANSFIELD","TX","76063","2026","12-JAN-26","2026","202601129793942094"
"H6NJ09280","BURRESS, TIFFANY","Republican Party","REP","House","H","New Jersey","NJ","09","EDISON","NJ","08721","2026","12-JAN-26","2026","202601129793942634"
"H6GA01208","STOKES-WILLIAMSON, SHARON","Democratic Party","DEM","House","H","Georgia","GA","01","SAVANNAH","GA","31419","2026","12-JAN-26","2026","202601129793943125"
"H6VA05233","LUCERO, MELANIE VIRGINIA","Republican Party","REP","House","H","Virginia","VA","05","BUMPASS","VA","23024","2026","12-JAN-26","2026","202601129793943446"
"H0CA01205","SAULSBURY, PAUL W","Republican Party","REP","House","H","California","CA","01","ANDERSON","CA","96007","2026","12-JAN-26","2026","202601129793943676"
"H6WY01116","RASNER, REID","Republican Party","REP","House","H","Wyoming","WY","00","CASPER","WY","82602","2026","12-JAN-26","2026","202601129793943750"
"H6FL19236","SHENKER, LOUIS","Republican Party","REP","House","H","Florida","FL","19","LAUDERHILL","FL","33319","2026","12-JAN-26","2026","202601129793943790"
"H6NJ01238","AFFRIME, LONNIE","Democratic Party","DEM","House","H","New Jersey","NJ","01","CHERRY HILL","NJ","08034","2026","12-JAN-26","2026","202601129793944885"
"S6NJ00388","MCCORMICK, LISA","Democratic Party","DEM","Senate","S","New Jersey","NJ","00","LAMBERTVILLE","NJ","08530","2026","12-JAN-26","2026","202601129793940222"
"H6TX38131","HILBORN, DONALD LEO","Democratic Party","DEM","House","H","Texas","TX","38","KLEIN","TX","77389","2026","11-JAN-26","2026","202601119793939326"
"H6KY06275","EDWARDS, COREY","Democratic Party","DEM","House","H","Kentucky","KY","06","LEXINGTON","KY","40505","2026","11-JAN-26","2026","202601119793939826"
"H6AL01128","RICHARDSON, JAMES","Republican Party","REP","House","H","Alabama","AL","01","HEADLAND","AL","36345","2026","11-JAN-26","2026","202601119793939631"
"H6FL22156","BURCK, DAVID","Republican Party","REP","House","H","Florida","FL","22","WEST PALM BEACH","FL","33407","2026","10-JAN-26","2026","202601109793938221"
"H6IL12131","FORTIER, JULIE DR.","Democratic Party","DEM","House","H","Illinois","IL","12","O FALLON","IL","62269","2026","10-JAN-26","2026","202601109793938792"
"H8IN04140","MACKEY, JOSEPH WILLIAM MR","Democratic Party","DEM","House","H","Indiana","IN","04","LAFAYETTE","IN","47905","2026","10-JAN-26","2026","202601109793938656"
"H6CA05393","DANBOM, PAUL","Democratic Party","DEM","House","H","California","CA","05","TURLOCK","CA","95382","2026","09-JAN-26","2026","202601099793937512"
"H6NY07222","NOBLE, DANE-BRANDON CAMERON","Democratic Party","DEM","House","H","New York","NY","07","BROOKLYN","NY","11213","2026","09-JAN-26","2026","202601099793937991"
"H6NY12388","SCHWALBE, NINA","Democratic Party","DEM","House","H","New York","NY","12","NEW YORK","NY","10025","2026","09-JAN-26","2026","202601099793929023"
"H6TX08258","LONG, STEPHEN DAVID","Republican Party","REP","House","H","Texas","TX","08","THE WOODLANDS","TX","77382","2026","09-JAN-26","2026","202601099793929095"
"H6CA34310","NGUYEN, VIVIAN","Independent","IND","House","H","California","CA","34","LOS ANGELES","CA","90006","2026","09-JAN-26","2026","202601099793929969"
"H6NY25182","TRAYWICK, SHERITA MRS.","Democratic Party","DEM","House","H","New York","NY","25","ROCHESTER","NY","14612","2026","09-JAN-26","2026","202601099793930209"
"H6MI05227","VUKASOVICH, CHRISTIAN A","Democratic Party","DEM","House","H","Michigan","MI","05","JACKSON","MI","49201","2026","09-JAN-26","2026","202601099793930229"
"H6PA10224","ROBINSON, MICHAEL D","Democratic Party","DEM","House","H","Pennsylvania","PA","10","MIDDLETOWN","PA","17057","2026","09-JAN-26","2026","202601099793930328"
"H6MO08183","REICHARD, CHRISTOPHER","Democratic Party","DEM","House","H","Missouri","MO","08","ARNOLD","MO","63010","2026","09-JAN-26","2026","202601099793931868"
"H6FL28039","CAMPIONE, THOMAS ANTHONY MR JR","Democratic Party","DEM","House","H","Florida","FL","28","HOMESTEAD","FL","33035","2026","09-JAN-26","2026","202601099793934948"
"H6NC03211","JASLOW, ALLISON","Democratic Party","DEM","House","H","North Carolina","NC","03","SNEADS FERRY","NC","28460","2026","09-JAN-26","2026","202601099793935076"
"H6NV03295","ROBINSON, TERRILL","Democratic Party","DEM","House","H","Nevada","NV","03","LAS VEGAS","NV","89178","2026","09-JAN-26","2026","202601099793935099"
"H6NY07214","VALDEZ, CLAIRE","Democratic Party","DEM","House","H","New York","NY","07","BROOKLYN","NY","11211","2026","09-JAN-26","2026","202601099793935347"
"H6NJ04257","PEACE, RACHEL","Democratic Party","DEM","House","H","New Jersey","NJ","04","JACKSON","NJ","08527","2026","09-JAN-26","2026","202601099793937934"
"H6KY05194","SMITH, KEVIN","Republican Party","REP","House","H","Kentucky","KY","05","LONDON","KY","40743","2026","09-JAN-26","2026","202601099793937990"
"H2GA03179","CRAIG, JARED","Republican Party","REP","House","H","Georgia","GA","14","NEWNAN","GA","30265","2026","09-JAN-26","2026","202601099793937606"
"H2TX06186","QUINTANILLA, CARLOS","Democratic Party","DEM","House","H","Texas","TX","33","DALLAS","TX","75211","2026","08-JAN-26","2026","202601089793921145"
"H8NY25113","WILT, ROBIN","Democratic Party","DEM","House","H","New York","NY","25","ROCHESTER","NY","14618","2026","08-JAN-26","2026","202601120300515900"
"H6IN06255","BOYD, DAVID LAWRENCE","Democratic Party","DEM","House","H","Indiana","IN","06","INDIANAPOLIS","IN","46239","2026","08-JAN-26","2026","202601089793921429"
"S4VA00197","SMITH, C.L. CHUCK JR","Republican Party","REP","Senate","S","Virginia","VA","00","VIRGINIA BEACH","VA","23462","2026","08-JAN-26","2026","202601089793921548"
"H6CA06318","GUERRERO, MARTHA","Democratic Party","DEM","House","H","California","CA","06","WEST SACRAMENTO","CA","95691","2026","08-JAN-26","2026","202601089793921806"
"S6PA00373","ROBINSON, MICHAEL D","Democratic Party","DEM","Senate","S","Pennsylvania","PA","00","MIDDLETOWN","PA","17057","2026","08-JAN-26","2026","202601089793926875"
"H6TX32233","BRIDGES, ANTHONY","Democratic Party","DEM","House","H","Texas","TX","32","DALLAS","TX","75218","2026","08-JAN-26","2026","202601089793926884"
"H6VA07239","WASHINGTON, WAVERLY E. MR.","Republican Party","REP","House","H","Virginia","VA","07","RICHMOND","VA","23255","2026","08-JAN-26","2026","202601089793927047"
"H6VA01323","LITTLEPAGE, LEWIS","Democratic Party","DEM","House","H","Virginia","VA","01","POQUOSON","VA","23662","2026","08-JAN-26","2026","202601089793927126"
"P60024528","GRUBB, DANIELLE","Democratic Party","DEM","President","P","United States","00","00","PLANO","TX","75074","2026","08-JAN-26","2026","202601089793927244"
"H6CA26266","IRWIN, JACQUI V","Democratic Party","DEM","House","H","California","CA","26","THOUSAND OAKS","CA","91359","2026","08-JAN-26","2026","202601089793927635"
"H6MD05263","SOLIS, ALEXIS","Democratic Party","DEM","House","H","Maryland","MD","05","SPRINGDALE","MD","20774","2026","08-JAN-26","2026","202601089793927675"
"H4PA07134","SHUPE, LEWIS","Democratic Party","DEM","House","H","Pennsylvania","PA","07","ALLENTOWN","PA","18101","2026","08-JAN-26","2026","202601089793927676"
"H6GA01190","CASTILLO, DYLAN","Socialist Labor Party","SLP","House","H","Georgia","GA","01","POOLER","GA","31322","2026","08-JAN-26","2026","202601089793928437"
"S6KY00419","DUNCAN, JAMES D","Republican Party","REP","Senate","S","Kentucky","KY","00","MIDWAY","KY","40347","2026","08-JAN-26","2026","202601089793929001"
"H6CA46199","BAHENA, FRANCISCO","Democratic Party","DEM","House","H","California","CA","46","SANTA ANA","CA","92704","2026","08-JAN-26","2026","202601089793929006"
"H6UT02499","ARRINGTON, BRYAN LAMONT","Independent","IND","House","H","Utah","UT","02","WENDOVER","UT","84083","2026","08-JAN-26","2026","202601089793921390"
"H6DC00212","EDEN, SOLUTIONATOR","Independent","IND","House","H","District Of Columbia","DC","00","WASHINGTON","DC","20002","2026","07-JAN-26","2026","202601080300515679"
"H4AZ01236","BURTON, PAUL","Independent","IND","House","H","Arizona","AZ","04","PHOENIX","AZ","85044","2026","07-JAN-26","2026","202601070300515614"
"H6CA18156","GUERRERO, RYAN R","Democratic Party","DEM","House","H","California","CA","18","SAN JOSE","CA","95136","2026","07-JAN-26","2026","202601079793916606"
"H6VA03105","MAFFETT, JUSTIN GARVIN","Democratic Party","DEM","House","H","Virginia","VA","03","NORFOLK","VA","23518","2026","07-JAN-26","2026","202601079793916655"
"H0GA14030","FULLER, CLAY","Republican Party","REP","House","H","Georgia","GA","14","TRENTON","GA","30752","2026","07-JAN-26","2026","202601079793916831"
"H6WY01108","WORKMAN, DANIEL VERL","Independent","IND","House","H","Wyoming","WY","00","ROCK SPRINGS","WY","82901","2026","07-JAN-26","2026","202601079793916838"
"H6OR02280","MUELLER, REBECCA MCKAY","Democratic Party","DEM","House","H","Oregon","OR","02","MEDFORD","OR","97504","2026","07-JAN-26","2026","202601079793917645"
"H6NY11257","USMAN, UMAR","Democratic Party","DEM","House","H","New York","NY","11","BROOKLYN","NY","11214","2026","07-JAN-26","2026","202601079793918662"
"H6NJ04240","LINARDAKIS, PETER ALEXANDER","Democratic Party","DEM","House","H","New Jersey","NJ","04","BRICK TOWNSHIP","NJ","08724","2026","07-JAN-26","2026","202601079793918706"
"H6DC01103","HOLBROOK, TRENT WILLIAM","Democratic Party","DEM","House","H","District Of Columbia","DC","00","WASHINGTON","DC","20036","2026","07-JAN-26","2026","202601079793919162"
"H6OH07168","POINDEXTER, BRIAN","Democratic Party","DEM","House","H","Ohio","OH","07","BROOK PARK","OH","44142","2026","07-JAN-26","2026","202601079793919163"
"H6CO05365","FULLER, STEVEN","Independence Party","IDP","House","H","Colorado","CO","05","COLORADO SPRINGS","CO","80919","2026","07-JAN-26","2026","202601079793919457"
"H6MN08179","SWANSON, TRINA","Democratic-Farmer-Labor","DFL","House","H","Minnesota","MN","08","DULUTH","MN","55810","2026","07-JAN-26","2026","202601079793919517"
"H6OH13307","COLEMAN, CAREY","Republican Party","REP","House","H","Ohio","OH","13","SAGAMORE HILLS","OH","44067","2026","07-JAN-26","2026","202601079793919980"
"S6CO00523","CALDERON, AMANDA J JILLIAN MRS","Republican Party","REP","Senate","S","Colorado","CO","00","BROOMFIELD","CO","80020","2026","07-JAN-26","2026","202601079793920519"
"H6MT01145","BUSSE, RYAN","Democratic Party","DEM","House","H","Montana","MT","01","MISSOULA","MT","59806","2026","07-JAN-26","2026","202601079793920676"
"H6CO06132","QUINONEZ, EDWARDO","Independent","IND","House","H","Colorado","CO","06","AURORA","CO","80011","2026","07-JAN-26","2026","202601079793921077"
"H2GA14119","CUNNINGHAM, ERIC B","Republican Party","REP","House","H","Georgia","GA","14","DALLAS","GA","30132","2026","06-JAN-26","2026","202601069793906774"
"H6CO06124","DISHON, TRAVIS","Democratic Party","DEM","House","H","Colorado","CO","06","LITTLETON","CO","80123","2026","06-JAN-26","2026","202601069793906859"
"S6MT00261","AUSTIN, KYLE","Libertarian Party","LIB","Senate","S","Montana","MT","00","BILLINGS","MT","59102","2026","06-JAN-26","2026","202601069793906879"
"S6MA00312","GATES, WILLIAM FRANCIS MR.","Democratic Party","DEM","Senate","S","Massachusetts","MA","00","WORCESTER","MA","01609","2026","06-JAN-26","2026","202601069793907743"
"S6OK04197","PRIEST, JIM","Democratic Party","DEM","Senate","S","Oklahoma","OK","00","OKLAHOMA CITY","OK","73157","2026","06-JAN-26","2026","202601069793907749"
"S6CO00515","POND, SEAN M.","Republican Party","REP","Senate","S","Colorado","CO","00","MONTROSE","CO","81401","2026","06-JAN-26","2026","202601069793916523"
"S6KY00401","CATLETT, ANISSA","Republican Party","REP","Senate","S","Kentucky","KY","00","FRANKFORT","KY","40601","2026","06-JAN-26","2026","202601069793913561"
"H6VA10225","PERRY, JULIE","Republican Party","REP","House","H","Virginia","VA","10","CENTREVILLE","VA","20120","2026","06-JAN-26","2026","202601069793913877"
"H6KS02284","CURWICK, BRAEDEN","Democratic Party","DEM","House","H","Kansas","KS","02","TOPEKA","KS","66614","2026","06-JAN-26","2026","202601069793914797"
"H6AZ05273","GROSS, MIKE","Republican Party","REP","House","H","Arizona","AZ","05","QUEEN CREEK","AZ","85142","2026","06-JAN-26","2026","202601069793914907"
"H6CA01277","VALLES, ANGELITA","Republican Party","REP","House","H","California","CA","01","LAKEHEAD","CA","96051","2026","06-JAN-26","2026","202601069793916402"
"H6GA07205","LONG, LARRY","Democratic Party","DEM","House","H","Georgia","GA","07","CUMMING","GA","30040","2026","06-JAN-26","2026","202601069793907761"
"H6CA32256","LIN, MARENA","Democratic Party","DEM","House","H","California","CA","32","PORTER RANCH","CA","91326","2026","05-JAN-26","2026","202601059793906404"
"H6CA30235","REEVES, DARRELL MR.","Democratic Party","DEM","House","H","California","CA","30","BEVERLY HILLS","CA","90209","2026","05-JAN-26","2026","202601059793906628"
"H6MA06186","LANCASTER, MARIAH DR","Democratic Party","DEM","House","H","Massachusetts","MA","06","SALEM","MA","01970","2026","05-JAN-26","2026","202601059793904113"
"S6CO00507","BAISLEY, MARK","Republican Party","REP","Senate","S","Colorado","CO","00","WOODLAND PARK","CO","80863","2026","05-JAN-26","2026","202601059793904460"
"H6KS01203","REINHOLD, LAUREN","Democratic Party","DEM","House","H","Kansas","KS","01","LAWRENCE","KS","66049","2026","05-JAN-26","2026","202601059793904673"
"S6MN00549","YORK, MARK","Republican Party","REP","Senate","S","Minnesota","MN","00","PLYMOUTH","MN","55447","2026","05-JAN-26","2026","202601059793904785"
"H6OH04181","KOLASINSKI, JOSHUA","Democratic Party","DEM","House","H","Ohio","OH","04","DELAWARE","OH","43015","2026","05-JAN-26","2026","202601059793904792"
"H6OR04203","PERKINS, JO RAE","Republican Party","REP","House","H","Oregon","OR","05","ALBANY","OR","97321","2026","05-JAN-26","2026","202601059793904963"
"H6PA07204","GRANADOS, MICHAEL RAMON MR. JR.","Independent","IND","House","H","Pennsylvania","PA","07","ALLENTOWN","PA","18101","2026","05-JAN-26","2026","202601059793904971"
"S6MN00531","HANN, DAVID W","Republican Party","REP","Senate","S","Minnesota","MN","00","EDEN PRAIRIE","MN","55346","2026","05-JAN-26","2026","202601059793905574"
"H6NC13244","AGUILAR, ANTHONY BAILEY MR.","Green Party","GRE","House","H","North Carolina","NC","13","SANFORD","NC","27332","2026","05-JAN-26","2026","202601059793905722"
"H4IN01194","RUIZ, DAVID BENYAMIN","Republican Party","REP","House","H","Indiana","IN","01","SCHERERVILLE","IN","46375","2026","05-JAN-26","2026","202601059793906104"
"H6FL21083","OTT, ROBERT DR.","No Party Affiliation","NPA","House","H","Florida","FL","21","PORT SAINT LUCIE","FL","34987","2026","05-JAN-26","2026","202601059793906288"
"S6DE00164","BLAND, DEXTER","Independent","IND","Senate","S","Delaware","DE","00","WILMINGTON","DE","19805","2026","05-JAN-26","2026","202601059793906311"
"H6OH06202","VITUS, ADRIAN J","Democratic Party","DEM","House","H","Ohio","OH","06","YOUNGSTOWN","OH","44513","2026","05-JAN-26","2026","202601059793906354"
"H6MT01137","FORSTAG, SAMUEL KELLEY","Democratic Party","DEM","House","H","Montana","MT","01","MISSOULA","MT","59807","2026","05-JAN-26","2026","202601059793904104"
"H6MD07525","GILLESPIE, THEO RALPH","Democratic Party","DEM","House","H","Maryland","MD","07","BALTIMORE","MD","21207","2026","03-JAN-26","2026","202601039793902369"
"H6TX07177","NGABO, ESPOIR","Green Party","GRE","House","H","Texas","TX","07","HOUSTON","TX","77005","2026","03-JAN-26","2026","202601039793902516"
"H6TX10304","STORY, JEREMY","Republican Party","REP","House","H","Texas","TX","10","GIDDINGS","TX","78942","2026","03-JAN-26","2026","202601039793902380"
"H6WA04208","POORE, DEVIN","Independent","IND","House","H","Washington","WA","04","MALAGA","WA","98828","2026","02-JAN-26","2026","202601029793900512"
"H6FL23188","SINGER, SCOTT M.","Republican Party","REP","House","H","Florida","FL","23","BOCA RATON","FL","33481","2026","02-JAN-26","2026","202601029793900546"
"H6WA04216","MCKINNEY, AMANDA","Republican Party","REP","House","H","Washington","WA","04","YAKIMA","WA","98908","2026","02-JAN-26","2026","202601029793900568"
"H6SC07042","MOYE, ADAM MR.","Republican Party","REP","House","H","South Carolina","SC","07","LAMAR","SC","29069","2026","02-JAN-26","2026","202601029793900569"
"H6WI03214","WELCH, JAYTE RYAN MR.","Independent","IND","House","H","Wisconsin","WI","03","NEW LISBON","WI","53950","2026","02-JAN-26","2026","202601029793900915"
"H4FL27028","ARIAS, VINCENT MICHAEL","Republican Party","REP","House","H","Florida","FL","27","MIAMI, FL","FL","33133","2026","02-JAN-26","2026","202601029793900967"
"H6FL22149","FRANZESE, DANIEL JOHN","Republican Party","REP","House","H","Florida","FL","22","PALM BEACH","FL","33480","2026","02-JAN-26","2026","202601029793902346"
"H6NV02313","SHEPHERD, RICK","Republican Party","REP","House","H","Nevada","NV","02","RENO","NV","89503","2026","02-JAN-26","2026","202601029793901791"
"S4NJ00532","MURPHY, JUSTIN MICHAEL LL.M.","Republican Party","REP","Senate","S","New Jersey","NJ","00","TABERNACLE","NJ","08088","2026","02-JAN-26","2026","202601029793901813"
"H6CA04230","MERRELL, TREVOR","Democratic Party","DEM","House","H","California","CA","04","ROHNERT PARK","CA","94928","2026","02-JAN-26","2026","202601029793902035"
"H6AL05269","TERRY, JOSEPH","Republican Party","REP","House","H","Alabama","AL","05","MOULTON","AL","35650","2026","02-JAN-26","2026","202601029793902300"
"H6VA08328","DUNIGAN, ADAM MICHAEL","Democratic Party","DEM","House","H","Virginia","VA","08","ARLINGTON","VA","22216","2026","02-JAN-26","2026","202601029793902301"
"H6AZ01470","BARRAZA, ANDRES ADAN","Democratic Party","DEM","House","H","Arizona","AZ","01","TEMPE","AZ","85282","2026","02-JAN-26","2026","202601029793901722"
"H6WA05221","MAVALWALLA, BAJUN","Democratic Party","DEM","House","H","Washington","WA","05","VALLEY","WA","991810341","2026","01-JAN-26","2026","202601019793870520"
"H6CA14163","HERNANDEZ, MELISSA","Democratic Party","DEM","House","H","California","CA","14","SAN JOSE","CA","95110","2026","01-JAN-26","2026","202601019793897637"
"H6CA16143","STEIN, JOTHAM","No Party Affiliation","NPA","House","H","California","CA","16","HALF MOON BAY","CA","94019","2026","01-JAN-26","2026","202601019793870585"
"H6GA14268","STOVER, BRIAN C.","Republican Party","REP","House","H","Georgia","GA","14","ALEXANDRIA","VA","22314","2026","01-JAN-26","2026","202601019793870568"
"H6CA11284","HAMID, OMED","Democratic Party","DEM","House","H","California","CA","11","SAN FRANCISCO","CA","94121","2026","31-DEC-25","2025","202512319793868295"
"S2NH00223","LAPLANTE, EDMOND","RNC","RNC","Senate","S","New Hampshire","NH","00","RICHMOND","NH","03470","2026","31-DEC-25","2025","202512310300515268"
"H6NV01380","CORNEJO, GABRIEL","Democratic Party","DEM","House","H","Nevada","NV","01","LAS VEGAS","NV","89121","2026","31-DEC-25","2025","202512319793868002"
"H0MA06098","BELSITO, JAMIE MARIE ZAHLAWAY","Democratic Party","DEM","House","H","Massachusetts","MA","06","TOPSFIELD","MA","01983","2026","31-DEC-25","2025","202512319793866509"
"S6WV00188","FETTY ANDERSON, RACHEL LEE","Democratic Party","DEM","Senate","S","West Virginia","WV","00","MORGANTOWN","WV","26505","2026","31-DEC-25","2025","202512319793866717"
"H6NY15191","SEPTIMO, AMANDA N","Democratic Party","DEM","House","H","New York","NY","15","BRONX","NY","10452","2026","31-DEC-25","2025","202512319793866508"
"H6MD05313","KIRKLAND, WALTER","Democratic Party","DEM","House","H","Maryland","MD","05","LAUREL","MD","20724","2026","30-DEC-25","2025","202512309793862190"
"H6NC09242","BIBLER, LOREN DAVID","Democratic Party","DEM","House","H","North Carolina","NC","09","RALEIGH","NC","27606","2026","30-DEC-25","2025","202512309793863276"
"H6FL18212","GIBSON, CURTIS","Democratic Party","DEM","House","H","Florida","FL","18","LOAKE WALES","FL","33859","2026","30-DEC-25","2025","202512309793866315"
"H6OK04171","EVERHART, MARCELLA SUE","Republican Party","REP","House","H","Oklahoma","OK","04","MOORE","OK","73160","2026","30-DEC-25","2025","202512309793866302"
"H6WI07249","HERMENING, KEVIN","Republican Party","REP","House","H","Wisconsin","WI","07","WAUSAU","WI","54403","2026","30-DEC-25","2025","202512309793863327"
"H6NY12370","HUHN, ROBERT DILLON MR","Unaffiliated","UN","House","H","New York","NY","12","AMSTERDAM, NY","NY","12010","2026","29-DEC-25","2025","202512299793860921"
"H6WY00217","GRAY, CHUCK","Republican Party","REP","House","H","Wyoming","WY","00","CASPER","WY","82609","2026","29-DEC-25","2025","202512299793861089"
"H6WI01325","BECKIUS, TRAVIS","Democratic Party","DEM","House","H","Wisconsin","WI","01","SALEM","WI","53168","2026","29-DEC-25","2025","202512299793861247"
"S6KY00393","WENZEL, DONALD RAY","Republican Party","REP","Senate","S","Kentucky","KY","00","FALMOUTH","KY","410408893","2026","29-DEC-25","2025","202512290300515197"
"H6MI13304","BOMER, ARTICIA","Republican Party","REP","House","H","Michigan","MI","13","DETROIT","MI","48206","2026","29-DEC-25","2025","202512299793861703"
"H6OH13299","PATEL, NIRANJAN NEIL MR","Republican Party","REP","House","H","Ohio","OH","13","COPLEY","OH","44321","2026","29-DEC-25","2025","202512299793861781"
"H6IN09309","ROARK, KEIL LOUIS MR.","Democratic Party","DEM","House","H","Indiana","IN","09","SELLERSBURG","IN","47172","2026","29-DEC-25","2025","202512299793860889"
"H6NY07206","CAMPAGNA, ALEXANDER","Democratic Party","DEM","House","H","New York","NY","07","BROOKLYN","NY","11211","2026","29-DEC-25","2025","202512299793860627"
"H4ID02097","HIGGINS, SEAN","Republican Party","REP","House","H","Idaho","ID","02","BOISE","ID","83703","2026","29-DEC-25","2025","202512299793860644"
"H6GA14250","HURD, CHRISTIAN MICHAEL","Republican Party","REP","House","H","Georgia","GA","14","ROCKY FACE","GA","30740","2026","29-DEC-25","2025","202512299793860733"
"H6CA09130","SINGH, PARMINDER","Republican Party","REP","House","H","California","CA","09","SACRAMENTO","CA","95838","2026","29-DEC-25","2025","202512299793860777"
"H6MO05270","HUEFFMEIER, BRETT","Republican Party","REP","House","H","Missouri","MO","05","KANSAS CITY","MO","64105","2026","29-DEC-25","2025","202512299793860831"
"H6NY13287","NILES, CANDACE MARTINA MRS","Democratic Party","DEM","House","H","New York","NY","13","NEW YORK","NY","10030","2026","29-DEC-25","2025","202512299793858442"
"H6WV02176","CARNEY, PATRICK JOSEPH","None","NNE","House","H","West Virginia","WV","02","ASHBURN","VA","20147","2026","28-DEC-25","2025","202512289793858367"
"H4NC01137","BUCKHOUT, LAURIE","Republican Party","REP","House","H","North Carolina","NC","01","RALEIGH","NC","27624","2026","28-DEC-25","2025","202512289793858441"
"H6NY12362","ZAPPONE, MASSIMILIANO","Republican Party","REP","House","H","New York","NY","12","NEW YORK","NY","10075","2026","28-DEC-25","2025","202512289793858408"
"H4KY03269","RANDALL, JARED MCNAMARA","Democratic Party","DEM","House","H","Kentucky","KY","03","LOUISVILLE","KY","40208","2026","27-DEC-25","2025","202512279793858348"
"H6CA33114","VARGAS, STEPHANIE M.","Republican Party","REP","House","H","California","CA","33","SAN BERNARDINO","CA","92407","2026","26-DEC-25","2025","202512269793858275"
"H6AZ06172","WEEKS, CARTER JORDAN","Democratic Party","DEM","House","H","Arizona","AZ","06","TUCSON","AZ","85745","2026","26-DEC-25","2025","202512269793857855"
"H6FL12207","WILLIAMS, SHAY","Republican Party","REP","House","H","Florida","FL","12","PALM HARBOR","FL","34683","2026","26-DEC-25","2025","202512269793858270"
"H6GA10183","DELANCY, PAMELA MRS","Democratic Party","DEM","House","H","Georgia","GA","10","MCDONOUGH","GA","30253","2026","26-DEC-25","2025","202512269793858200"
"H6MD01353","GUIDICE, VICTOR","Democratic Party","DEM","House","H","Maryland","MD","01","ABERDEEN","MD","21001","2026","26-DEC-25","2025","202512269793858205"
"H6PA07196","GONZALEZ, AIDEN ALEXANDER","Democratic Party","DEM","House","H","Pennsylvania","PA","07","BETHLEHEM","PA","18018","2026","26-DEC-25","2025","202512269793857856"
"H2GU01031","MOYLAN, JAMES C.","Republican Party","REP","House","H","Guam","GU","00","TUMON","GU","96913","2026","25-DEC-25","2025","202512259793857761"
"H6UT01228","MOHAMED, LIBAN","Democratic Party","DEM","House","H","Utah","UT","01","SALT LAKE","UT","84103","2026","24-DEC-25","2025","202512249793857746"
"H6OH09164","FROST, JACOB THOMAS MR.","Republican Party","REP","House","H","Ohio","OH","09","MONROEVILLE","OH","44847","2026","24-DEC-25","2025","202512249793857747"
"S6WY00209","HAGEMAN, HARRIET","Republican Party","REP","Senate","S","Wyoming","WY","00","CHEYENNE","WY","82003","2026","24-DEC-25","2025","202512249793857680"
"H4AL06189","ANDERSON, ELIZABETH","Democratic Party","DEM","House","H","Alabama","AL","06","VESTAVIA HILLS","AL","35243","2026","24-DEC-25","2025","202512249793857737"
"H6NY07198","SHORE, MILES","Democratic Party","DEM","House","H","New York","NY","07","RIDGEWOOD","NY","11385","2026","24-DEC-25","2025","202512249793857635"
"H6FL20093","MCCLELLAN, KEVIN HARRISON","Write-In","W","House","H","Florida","FL","20","LOXAHATCHEE","FL","33470","2026","24-DEC-25","2025","202512249793857700"
"H2CA39086","DE LA TORRE, HECTOR","Democratic Party","DEM","House","H","California","CA","41","ENCINO","CA","91436","2026","23-DEC-25","2025","202512239793854933"
"P60024502","DUKES, RICO CORTEZ","Independent","IND","President","P","United States","00","00","DALLAS","TX","75243","2025","23-DEC-25","2025","202512239793854672"
"P60024510","DUKES, RICO CORTEZ","Independent","IND","President","P","United States","00","00","DALLAS","TX","75243","2025","23-DEC-25","2025","202512239793854673"
"H6TX35137","HICKS-CALLAWAY, VANESSA F.","Republican Party","REP","House","H","Texas","TX","35","VICTORIA","TX","77904","2026","23-DEC-25","2025","202512239793857559"
"H6NY21231","SCHMIDT, CHRISTOPHER","Independent","IND","House","H","New York","NY","21","HUDSON FALLS","NY","12839","2026","23-DEC-25","2025","202512239793854821"
"H6CA06292","STANSFIELD, MICHAEL ENOCH MR","Republican Party","REP","House","H","California","CA","06","ROCKLIN","CA","95677","2026","23-DEC-25","2025","202512239793854879"
"H6TX01378","CONNER, MICHAEL K","Republican Party","REP","House","H","Texas","TX","01","ROUND ROCK","TX","78664","2026","23-DEC-25","2025","202512239793854674"
"H6NC14051","KARGBO, AHMID","Democratic Party","DEM","House","H","North Carolina","NC","14","HUNTERSVILLE","NC","28078","2026","22-DEC-25","2025","202512229793854652"
"H6NY12354","DIEP, CHRISTOPHER","Democratic Party","DEM","House","H","New York","NY","12","NEW YORK","NY","10128","2026","22-DEC-25","2025","202512229793854662"
"H6NY12347","CONWAY, GEORGE","Democratic Party","DEM","House","H","New York","NY","12","NEW YORK","NY","10011","2026","22-DEC-25","2025","202512229793852588"
"H6TX30245","HAYNES, FREDERICK III","Democratic Party","DEM","House","H","Texas","TX","30","CEDAR HILL","TX","75106","2026","22-DEC-25","2025","202512229793854651"
"P60024494","BAUER, BRADLEY","Democratic Party","DEM","President","P","Illinois","IL","00","OREGON","IL","61061","2025","22-DEC-25","2025","202512229793852907"
"H6OH13281","KEVIN, SIEMBIDA","Republican Party","REP","House","H","Ohio","OH","13","AKRON","OH","44333","2026","22-DEC-25","2025","202512229793852913"
"H6OR02298","DOYLE, MARY","Democratic Party","DEM","House","H","Oregon","OR","02","BEND","OR","97707","2026","22-DEC-25","2025","202512229793852966"
"S6OK04189","LAVANN, REBEKAH JEQETTA","Democratic Party","DEM","Senate","S","Oklahoma","OK","00","LAWTON","OK","73501","2026","22-DEC-25","2025","202512229793852823"
"P60024478","ZRNIK, DANA R","American Independent Party","AIP","President","P","United States","00","00","LAKEPORT","CA","95453","2026","21-DEC-25","2025","202512219793852274"
"P60024486","ZRNIK, DANA R","American Independent Party","AIP","President","P","United States","00","00","LAKEPORT","CA","95453","2026","21-DEC-25","2025","202512219793852275"
"H6NY10184","KANE, NICKIE MS.","Democratic Party","DEM","House","H","New York","NY","10","BROOKLYN","NY","11219","2026","21-DEC-25","2025","202512219793852538"
"H6PA16379","WAGNER, JUSTIN","Democratic Party","DEM","House","H","Pennsylvania","PA","16","MERCER","PA","16137","2026","21-DEC-25","2025","202512219793852374"
"H6AZ01462","WEINTRAUB, VICTOR H. MR.","Democratic Party","DEM","House","H","Arizona","AZ","01","SCOTTSDALE","AZ","85258","2026","21-DEC-25","2025","202512219793852522"
"H6CT01230","GREENSTEIN, MARK STEWART","Democratic Party","DEM","House","H","Connecticut","CT","01","FARMINGTON","CT","06034","2026","21-DEC-25","2025","202512219793852288"
"H6NJ03184","MCGUIRE, MICHAEL PATRICK","Republican Party","REP","House","H","New Jersey","NJ","03","FREEHOLD","NJ","07728","2026","20-DEC-25","2025","202512209793733864"
"S6IL00680","HARRINGTON, WHITFIELD MR JR","Independent","IND","Senate","S","Illinois","IL","00","SCHAUMBURG","IL","60194","2026","20-DEC-25","2025","202512209793691817"
"H6MS04242","HULUM, JEFFREY III","Democratic Party","DEM","House","H","Mississippi","MS","04","GULFPORT","MS","39501","2026","19-DEC-25","2025","202512199793672936"
"H6OH09156","GEDERT, DAVID EDWARD","Libertarian Party","LIB","House","H","Ohio","OH","09","TOLEDO","OH","43612","2026","19-DEC-25","2025","202512199793687215"
"H6PA05166","JOHNAKIN, MELVIN PRINCE","Republican Party","REP","House","H","Pennsylvania","PA","05","PHILADELPHIA","PA","19120","2026","19-DEC-25","2025","202512199793572943"
"S6GA00424","LEGETTE, KIA","Democratic Party","DEM","Senate","S","Georgia","GA","00","COLUMBUS","GA","31903","2026","19-DEC-25","2025","202512199793572949"
"H4NJ03288","BARBERA, JUSTIN R.","Republican Party","REP","House","H","New Jersey","NJ","03","SOUTHAMPTON","NJ","08088","2026","19-DEC-25","2025","202512199793596619"
"H6IN07444","MCAULEY, PATRICK BRAULT","Republican Party","REP","House","H","Indiana","IN","07","INDIANAPOLIS","IN","46205","2026","19-DEC-25","2025","202512290300515142"
"H4TX28046","CANSECO, FRANCISCO 'QUICO'","Republican Party","REP","House","H","Texas","TX","23","SAN ANTONIO","TX","78230","2026","19-DEC-25","2025","202512199793616506"
"H6ME02205","LOUD, PAIGE","Democratic Party","DEM","House","H","Maine","ME","02","OLD TOWN","ME","04468","2026","19-DEC-25","2025","202512199793622955"
"H6TX07169","KALAI, ALEXANDER ZACHARY","Republican Party","REP","House","H","Texas","TX","07","HOUSTON","TX","77027","2026","19-DEC-25","2025","202512199793635462"
"H6ME01298","PIETROWICZ, JOSHUA JAMES","Republican Party","REP","House","H","Maine","ME","01","NEW GLOUCESTER","ME","04260","2026","19-DEC-25","2025","202512199793660366"
"H2GA07121","CORBIN, MICHAEL ALLEN","Republican Party","REP","House","H","Georgia","GA","14","PEACHTREE CORNERS","GA","30092","2026","19-DEC-25","2025","202512199793596873"
"H6CT02220","MORGAN, STEPHEN","Democratic Party","DEM","House","H","Connecticut","CT","02","MIDDLETOWN","CT","06457","2026","18-DEC-25","2025","202512180300514752"
"H6PA02205","ARRIAGA, JESSICA","Republican Party","REP","House","H","Pennsylvania","PA","02","PHILADELHIA","PA","19133","2026","18-DEC-25","2025","202512189793572844"
"H6NJ12359","DIXON, ELIJAH","Democratic Party","DEM","House","H","New Jersey","NJ","12","TRENTON","NJ","08608","2026","18-DEC-25","2025","202512189793537124"
"S6MN00531","HANN, DAVID W","Republican Party","REP","Senate","S","Minnesota","MN","00","EDEN PRAIRIE","MN","55346","2025","18-DEC-25","2025","202512189793540620"
"H6NE03198","COHEN, MARK","Non-Party","NON","House","H","Nebraska","NE","03","LEMOYNE","NE","69146","2026","18-DEC-25","2025","202512189793541729"
"H8FL13151","LEFF, SUSAN ROCHELLE","Democratic Party","DEM","House","H","Florida","FL","13","LARGO","FL","33771","2026","18-DEC-25","2025","202512189793544186"
"H4MI14166","MORTON, MAURICE GERARD","Independent","IND","House","H","Michigan","MI","13","DETROIT","MI","48202","2026","18-DEC-25","2025","202512189793544227"
"H6GA14243","STRICKLAND, MEGAHN","Republican Party","REP","House","H","Georgia","GA","14","MARIETTA","GA","30064","2026","18-DEC-25","2025","202512189793544241"
"H6TX29122","FIERRO, MARTHA ELENA,","Republican Party","REP","House","H","Texas","TX","29","HOUSTON","TX","77023","2026","18-DEC-25","2025","202512189793546635"
"H6MD04365","EDWARDS, KHYRE","Democratic Party","DEM","House","H","Maryland","MD","04","TEMPLE HILLS","MD","20748","2026","18-DEC-25","2025","202512189793546636"
"H6MD04373","EDWARDS, KHYRE","Democratic Party","DEM","House","H","Maryland","MD","04","TEMPLE HILLS","MD","20748","2026","18-DEC-25","2025","202512189793546637"
"H6MA08349","GROCHOWSKI, WALTER","Republican Party","REP","House","H","Massachusetts","MA","08","HOLBROOK","MA","02343","2026","18-DEC-25","2025","202512189793552387"
"H6TX18489","VENCES, ELIZABETH MRS","Republican Party","REP","House","H","Texas","TX","18","HOUSTON","TX","77038","2026","18-DEC-25","2025","202512189793563602"
"H6WA02202","SCHEEL, TOMAS ROBERTO","Democratic Party","DEM","House","H","Washington","WA","02","FERNDALE","WA","98248","2026","18-DEC-25","2025","202512189793572423"
"S8NC00270","WILLIAMS, MARCUS W.","Democratic Party","DEM","Senate","S","North Carolina","NC","00","WILMINGTON","NC","284067806","2026","18-DEC-25","2025","202512220300514846"
"H6NV02305","WADSWORTH, MORGAN LEIGH","Democratic Party","DEM","House","H","Nevada","NV","02","RENO","NV","89506","2026","18-DEC-25","2025","202512189793572544"
"H0TX30115","WALKER, NILS B","Republican Party","REP","House","H","Texas","TX","30","GRAND PRAIRIE","TX","75052","2026","18-DEC-25","2025","202512189793537031"
"H6MS02220","TURNAGE, EVAN","Democratic Party","DEM","House","H","Mississippi","MS","02","TOUGALOO","MS","39174","2026","17-DEC-25","2025","202512179793523098"
"H6MS02238","WILSON, KEVIN","Republican Party","REP","House","H","Mississippi","MS","02","BRANDON","MS","39042","2026","17-DEC-25","2025","202512179793526558"
"H6GA14227","BOX, REAGAN","Republican Party","REP","House","H","Georgia","GA","14","ROME","GA","30162","2026","17-DEC-25","2025","202512179793531978"
"H6TX09231","GUTIERREZ, LETICIA","Democratic Party","DEM","House","H","Texas","TX","09","HOUSTON","TX","77207","2026","17-DEC-25","2025","202512179793537020"
"H6UT01210","LOPEZ CHAVEZ, EVA","Democratic Party","DEM","House","H","Utah","UT","01","SALT LAKE CITY","UT","84108","2026","17-DEC-25","2025","202512179793534342"
"H6GA14235","GRAY, THOMAS JONATHAN JACKSON","Republican Party","REP","House","H","Georgia","GA","14","POWDER SPRINGS","GA","30127","2026","17-DEC-25","2025","202512179793535502"
"S6NC00514","HAMMOND, ALYSSIA ROSE-KATHERINE","Democratic Party","DEM","Senate","S","North Carolina","NC","00","RALEIGH","NC","27611","2026","17-DEC-25","2025","202512179793533303"
"H6NJ12342","HECK, RAYMOND","Democratic Party","DEM","House","H","New Jersey","NJ","12","HILLSBOROUGH","NJ","08844","2026","16-DEC-25","2025","202512169793512606"
"H6TX37059","MALZAHN, JANET","Republican Party","REP","House","H","Texas","TX","37","AUSTIN","TX","78701","2026","16-DEC-25","2025","202512169793512621"
"H2FL11125","SORIANO, GAVRIEL ELIYAHU","Republican Party","REP","House","H","Florida","FL","14","BUSHNELL","FL","33513","2026","16-DEC-25","2025","202512169793512905"
"H6AL01110","DEES, JAMES ROBERT","Republican Party","REP","House","H","Alabama","AL","01","FAIRHOPE","AL","36532","2026","16-DEC-25","2025","202512169793512527"
"H6NM02143","WAKELY, TOM","Democratic Party","DEM","House","H","New Mexico","NM","02","COLUMBUS","NM","88030","2026","16-DEC-25","2025","202512169793504575"
"H6NE03198","COHEN, MARK","Non-Party","NON","House","H","Nebraska","NE","03","LEMOYNE","NE","69146","2025","16-DEC-25","2025","202512169793511060"
"H6CA14155","ORTEGA, MATT","Democratic Party","DEM","House","H","California","CA","14","SACRAMENTO","CA","95815","2026","16-DEC-25","2025","202512169793511235"
"H6VA05225","REGISTER, CHRIS","Independent","IND","House","H","Virginia","VA","05","CHARLOTTESVILLE","VA","22902","2026","16-DEC-25","2025","202512169793521928"
"H6TX35129","SISSINE, ANTHONY RICHARD JR","Independent","IND","House","H","Texas","TX","35","SAN ANTONIO","TX","78244","2026","15-DEC-25","2025","202512159793499432"
"H6WI06233","THUROW, MICHAEL","Independent","IND","House","H","Wisconsin","WI","06","MEQUON","WI","53097","2026","15-DEC-25","2025","202512159793500003"
"H6KY06267","SHANNON, STEVE MR.","Republican Party","REP","House","H","Kentucky","KY","06","LEXINGTON","KY","40508","2026","15-DEC-25","2025","202512159793500271"
"H6MN03162","WESTBY, JEREMY","Republican Party","REP","House","H","Minnesota","MN","03","HOPKINS","MN","55343","2026","15-DEC-25","2025","202512159793500595"
"H6GA08161","DAVIS, ROMAN COLEY PFC","Write-In","W","House","H","Georgia","GA","08","HAZLEHURST","GA","31539","2026","15-DEC-25","2025","202512159793501259"
"H6TX05205","MARSH-FOY, DEADRA","Independent","IND","House","H","Texas","TX","05","CRANDALL","TX","75114","2026","15-DEC-25","2025","202512159793501264"
"H6NC11305","ROGERS, JOHN WILLIAM MR. III","Independent","IND","House","H","North Carolina","NC","11","ASHEVILLE","NC","28814","2026","15-DEC-25","2025","202512159793504128"
"S6NC00480","JOHNSON, THOMAS LEE","Republican Party","REP","Senate","S","North Carolina","NC","00","GARNER","NC","27529","2026","15-DEC-25","2025","202512159793501485"
"H6AZ01454","CHAPLIK, JOSEPH","Republican Party","REP","House","H","Arizona","AZ","01","SCOTTSDALE","AZ","85260","2026","15-DEC-25","2025","202512159793502389"
"H6CA03166","CERVANTES, LYNDON","Democratic Party","DEM","House","H","California","CA","03","SACRAMENTO","CA","95820","2026","15-DEC-25","2025","202512159793502825"
"H6MT02168","EISENHAUER, MICHAEL D. DR.","Independent","IND","House","H","Montana","MT","02","GREAT FALLS","MT","59405","2026","15-DEC-25","2025","202512159793504096"
"H6MA04116","BOYD, CHRISTOPHER SLATER","Democratic Party","DEM","House","H","Massachusetts","MA","04","BELLINGHAM","MA","02019","2026","15-DEC-25","2025","202512159793504127"
"H6NY12339","BERGDALE, MICAH","Democratic Party","DEM","House","H","New York","NY","12","BRONX","NY","10456","2026","15-DEC-25","2025","202512159793501484"
"S6LA00623","WALKER, JABARIE","Democratic Party","DEM","Senate","S","Louisiana","LA","00","NEW ORLEANS","LA","70131","2026","13-DEC-25","2025","202512139793499120"
"H6VA02222","STATEN, GERAL DEFRANCE MR","Independent","IND","House","H","Virginia","VA","02","SUFFOLK","VA","23434","2026","13-DEC-25","2025","202512139793499177"
"S6LA00631","WALKER, JABARIE","Democratic Party","DEM","Senate","S","Louisiana","LA","00","NEW ORLEANS","LA","70131","2026","13-DEC-25","2025","202512139793499134"
"S6LA00649","WALKER, JABARIE","Democratic Party","DEM","Senate","S","Louisiana","LA","00","NEW ORLEANS","LA","70131","2026","13-DEC-25","2025","202512139793499133"
"H4FL17060","MONTAVON, MATTHEW","Democratic Party","DEM","House","H","Florida","FL","17","SARASOTA","FL","34276","2026","12-DEC-25","2025","202512129793494822"
"H6IN05299","SHELTON, TODD R","Democratic Party","DEM","House","H","Indiana","IN","05","PENDLETON","IN","46064","2026","12-DEC-25","2025","202512129793496702"
"H6CA50308","ARNOUS, HATIM","Democratic Party","DEM","House","H","California","CA","50","LA JOLLA","CA","92037","2026","12-DEC-25","2025","202512129793497577"
"H6LA04187","CABLE, CONRAD ROBERTS","Democratic Party","DEM","House","H","Louisiana","LA","04","FARMERVILLE","LA","71241","2026","12-DEC-25","2025","202512129793497638"
"H6TN06262","HENRY, JON","Republican Party","REP","House","H","Tennessee","TN","06","CARTHAGE","TN","37030","2026","12-DEC-25","2025","202512129793498639"
"H6LA05168","DAVIS, LARRY MR. III","Republican Party","REP","House","H","Louisiana","LA","05","LIVINGSTON","LA","70754","2026","12-DEC-25","2025","202512129793498388"
"H4MA01091","MILLERON, NADIA D","No Party Affiliation","NPA","House","H","Massachusetts","MA","01","SHEFFIELD","MA","01257","2026","12-DEC-25","2025","202512129793498421"
"H2KY05136","WILSON, BILLY RAY","Independent","IND","House","H","Kentucky","KY","05","LONDON","KY","407447071","2026","12-DEC-25","2025","202512150300514743"
"H6CA48351","CLEMONS, STEPHEN","Democratic Party","DEM","House","H","California","CA","48","PALM SPRINGS","CA","92264","2026","12-DEC-25","2025","202512129793498638"
"H6NY07172","CARBAJAL, STEVEN WILLIAM","Democratic Party","DEM","House","H","New York","NY","07","BROOKLYN","NY","11249","2026","12-DEC-25","2025","202512129793498003"
"H6GA14219","WILMER, JACQUELINE CHERISE","Republican Party","REP","House","H","Georgia","GA","14","AUGUSTA","GA","30909","2026","11-DEC-25","2025","202512119793488517"
"H6MD08549","TRONE, DAVID","Democratic Party","DEM","House","H","Maryland","MD","06","GAITHERSBURG","MD","20883","2026","11-DEC-25","2025","202512119793488525"
"H6UT01202","VILLARREAL, LUIS ANGEL","Democratic Party","DEM","House","H","Utah","UT","01","WEST VALLEY CITY","UT","84128","2026","11-DEC-25","2025","202512119793491434"
"H6TX07151","HALE, ALEXANDER","Republican Party","REP","House","H","Texas","TX","07","HOUSTON","TX","77008","2026","11-DEC-25","2025","202512119793491776"
"H2NC06098","ALLAM, NIDA","Democratic Party","DEM","House","H","North Carolina","NC","04","CHAPEL HILL","NC","27515","2026","11-DEC-25","2025","202512119793491890"
"H6LA01266","MAJOR, DONNA FAYE","Democratic Party","DEM","House","H","Louisiana","LA","01","PRIDE","LA","70770","2026","11-DEC-25","2025","202512119793493456"
"H6TX32225","YARBROUGH, JACE","Republican Party","REP","House","H","Texas","TX","32","ROCKWALL","TX","75087","2026","11-DEC-25","2025","202512119793492113"
"H6FL20085","DOUGLAS, MARK A MR","Democratic Party","DEM","House","H","Florida","FL","20","LAUDERDALE LAKES","FL","33319","2026","11-DEC-25","2025","202512119793492584"
"H6UT03174","HOOSLYN, ADONIS","Unaffiliated","UN","House","H","Utah","UT","03","OGDEN","UT","84403","2026","11-DEC-25","2025","202512119793493242"
"S6OR05200","MCALMOND, RUSSELL","Republican Party","REP","Senate","S","Oregon","OR","00","GRANTS PASS","OR","97526","2026","11-DEC-25","2025","202512119793493243"
"S8FL00323","BAPTISTE, ASHLEY JEAN","Republican Party","REP","Senate","S","Florida","FL","00","BARTOW","FL","33830","2026","11-DEC-25","2025","202512119793493450"
"H4GA14057","HARRIS, SHAWN","Democratic Party","DEM","House","H","Georgia","GA","14","CEDARTOWN","GA","30125","2026","11-DEC-25","2025","202512119793492023"
"H6TX32217","BARRIOS, DAN F.","Democratic Party","DEM","House","H","Texas","TX","32","RICHARDSON","TX","75080","2026","10-DEC-25","2025","202512109793488494"
"H6NC13236","NICHOLI, ALEXANDER","Democratic Party","DEM","House","H","North Carolina","NC","13","RALEIGH","NC","27604","2026","10-DEC-25","2025","202512109793488503"
"H6NY10176","LANDER, BRAD MR.","Democratic Party","DEM","House","H","New York","NY","10","BROOKLYN","NY","11215","2026","10-DEC-25","2025","202512109793387004"
"S6MT00253","BANKHEAD, ALANI INES","Democratic Party","DEM","Senate","S","Montana","MT","00","HELENA","MT","59602","2026","10-DEC-25","2025","202512109793387277"
"H6GA14201","LAMA, NICKY","Republican Party","REP","House","H","Georgia","GA","14","DALTON","GA","30720","2026","10-DEC-25","2025","202512109793387262"
"H6TX32209","VAZIRI, ABTEEN","Republican Party","REP","House","H","Texas","TX","32","DALLAS","TX","75204","2026","10-DEC-25","2025","202512109793387271"
"S6TX00560","BENDER, ANNA","Republican Party","REP","Senate","S","Texas","TX","00","CORINTH","TX","76210","2026","10-DEC-25","2025","202512109793387155"
"H6MS04234","CLABURN, CHARLES THOMAS","American Independent Conservative","AIC","House","H","Mississippi","MS","04","DIBERVILLE","MS","39540","2026","09-DEC-25","2025","202512099793384166"
"S4MT00209","WALKINGCHILD, CHARLES SR","Republican Party","REP","Senate","S","Montana","MT","00","HELENA","MT","59604","2026","09-DEC-25","2025","202512099793384761"
"H4FL23092","ORTIZ, RAFAEL ARTURO MR.","Republican Party","REP","House","H","Florida","FL","23","SUNRISE","FL","33323","2026","09-DEC-25","2025","202512099793385078"
"S6TX00552","CROCKETT, JASMINE","Democratic Party","DEM","Senate","S","Texas","TX","00","DALLAS","TX","75222","2026","09-DEC-25","2025","202512099793385107"
"H6TX03259","NEWGENT, MARK","Republican Party","REP","House","H","Texas","TX","03","MCKINNEY","TX","75072","2026","09-DEC-25","2025","202512099793386264"
"H6NV03287","GUNTER, JEFF DR.","Republican Party","REP","House","H","Nevada","NV","03","LAS VEGAS","NV","89193","2026","09-DEC-25","2025","202512099793384124"
"H6NJ12334","MCCOY, TENNILLE RENAE","Democratic Party","DEM","House","H","New Jersey","NJ","12","HAMILTON","NJ","08629","2026","09-DEC-25","2025","202512099793386840"
"H6TX22283","NEHLS, TREVER","Republican Party","REP","House","H","Texas","TX","22","RICHMOND","TX","77469","2026","09-DEC-25","2025","202512099793386841"
"H6TX10296","REYNA, BERNARDO","Democratic Party","DEM","House","H","Texas","TX","10","COLLEGE STATION","TX","77845","2026","09-DEC-25","2025","202512099793383820"
"H6VA05217","PERRIELLO, THOMAS","Democratic Party","DEM","House","H","Virginia","VA","05","IVY","VA","22945","2026","09-DEC-25","2025","202512099793383829"
"H6UT01194","KITCHEN, DEREK","Democratic Party","DEM","House","H","Utah","UT","01","SALT LAKE CITY","UT","84103","2026","09-DEC-25","2025","202512099793383855"
"H4TX21108","HOOK, KRISTIN A DR.","Democratic Party","DEM","House","H","Texas","TX","21","SAN ANTONIO","TX","78217","2026","09-DEC-25","2025","202512099793386795"
"H2CA33246","RICHTER, ERNEST","Republican Party","REP","House","H","California","CA","33","SAN BERNARDINO","CA","92411","2026","08-DEC-25","2025","202512080300514487"
"H8TX32098","ALLRED, COLIN","Democratic Party","DEM","House","H","Texas","TX","33","DALLAS","TX","75360","2026","08-DEC-25","2025","202512089793381744"
"H6GA14193","MOORE, COLTON","Republican Party","REP","House","H","Georgia","GA","14","TRENTON","GA","30752","2026","08-DEC-25","2025","202512089793381196"
"S6FL00442","WALLS-WINDHAUSER, ANGELA MARIE","Republican Party","REP","Senate","S","Florida","FL","00","WINTER GARDEN","FL","34778","2026","08-DEC-25","2025","202512089793381217"
"S6FL00814","WINDHAUSER, ANGIE","Republican Party","REP","Senate","S","Florida","FL","00","WINTER GARDEN","FL","34778","2026","08-DEC-25","2025","202512089793381219"
"H6CA30227","STARZINSKI, ALAN MICHAEL MR JR","Democratic Party","DEM","House","H","California","CA","30","LOS ANGELES","CA","90027","2026","08-DEC-25","2025","202512089793381230"
"H6TX16160","CABILDO, HECTOR MIGUEL MR. JR","Republican Party","REP","House","H","Texas","TX","16","EL PASO","TX","79925","2026","08-DEC-25","2025","202512089793381672"
"H6TX30237","NORDBERG, OXFORD CHRISTIAN FORBES","Independent","IND","House","H","Texas","TX","30","EULESS","TX","76039","2026","08-DEC-25","2025","202512089793381698"
"H6TX27134","CASTRO-MENDOZA, EUSTAQUIO","Democratic Party","DEM","House","H","Texas","TX","27","OLD GLORY","TX","79540","2026","08-DEC-25","2025","202512089793381718"
"H4FL14141","PETERS, JOHN","Republican Party","REP","House","H","Florida","FL","14","LAKELAND","FL","33807","2026","08-DEC-25","2025","202512089793381737"
"H6TX23299","WILLIAMS, VERONICA","Independent","IND","House","H","Texas","TX","23","HONDO","TX","78861","2026","08-DEC-25","2025","202512089793381796"
"H6NJ12318","VAINGANKAR, JAY","Democratic Party","DEM","House","H","New Jersey","NJ","12","PRINCETON JUNCTION","NJ","08550","2026","08-DEC-25","2025","202512089793381824"
"S6CO00499","GONZALES, JULIE","Democratic Party","DEM","Senate","S","Colorado","CO","00","DENVER","CO","80216","2026","08-DEC-25","2025","202512089793383376"
"H6NJ12326","MAPP, ADRIAN O MR","Democratic Party","DEM","House","H","New Jersey","NJ","12","PLAINFIELD","NJ","07061","2026","08-DEC-25","2025","202512089793383783"
"H6KY04197","WELLS, ROBERT STACY DR","Republican Party","REP","House","H","Kentucky","KY","04","LAKESIDE PARK","KY","41017","2026","08-DEC-25","2025","202512089793383804"
"H6MA04108","COOK, MATTHEW PAUL MR.","Independent","IND","House","H","Massachusetts","MA","04","MANSFIELD","MA","02048","2026","08-DEC-25","2025","202512089793383814"
"H6TX31177","LOSSA, ELVIS ARTURO","Republican Party","REP","House","H","Texas","TX","31","CEDAR PARK","TX","78630","2026","08-DEC-25","2025","202512089793383815"
"H6TX28140","DAY, EILEEN","Republican Party","REP","House","H","Texas","TX","28","GEORGETOWN","TX","78626","2026","08-DEC-25","2025","202512089793381189"
"H0TX09077","STOCKMAN, STEVE","Republican Party","REP","House","H","Texas","TX","09","FRIENDSWOOD","TX","77546","2026","07-DEC-25","2025","202512079793381142"
"H6TX15253","GARCIA, PONCIANO MR","Republican Party","REP","House","H","Texas","TX","15","MCALLEN","TX","78501","2026","07-DEC-25","2025","202512079793381123"
"H6IL06190","RUZEVICH, JOSEPH","Democratic Party","DEM","House","H","Illinois","IL","06","CHICAGO","IL","60655","2026","07-DEC-25","2025","202512079793381114"
"H6NV01372","HOUSTON, J E II","Other","OTH","House","H","Nevada","NV","01","LAS VEGAS","NV","89119","2026","07-DEC-25","2025","202512079793381144"
"H6TX38123","MCMENEMY, ALEX","Green Party","GRE","House","H","Texas","TX","38","HOUSTON","TX","77095","2026","07-DEC-25","2025","202512079793381039"
"H6TX09215","IVEY, R. TODD DR.","Democratic Party","DEM","House","H","Texas","TX","09","HOUSTON","TX","77256","2026","07-DEC-25","2025","202512079793381136"
"H4CA34091","LEE, CALVIN","Republican Party","REP","House","H","California","CA","34","LOS ANGELES","CA","90004","2026","06-DEC-25","2025","202512069793380989"
"H6TX11112","REYNOLDS, CLAIRE ANNE","Democratic Party","DEM","House","H","Texas","TX","11","AUSTIN","TX","78729","2026","05-DEC-25","2025","202512059793378181"
"H6TX19263","SMITH, MATTHEW","Republican Party","REP","House","H","Texas","TX","19","ABILENE","TX","79605","2026","05-DEC-25","2025","202512059793378273"
"H6TX35111","ADAMS, RANDAL HASKEL","Republican Party","REP","House","H","Texas","TX","35","NEW BRAUNFELS","TX","78130","2026","05-DEC-25","2025","202512059793377482"
"H6PA03286","ARMSTRONG, SHEILA E","Republican Party","REP","House","H","Pennsylvania","PA","03","PHILADELPHIA","PA","19104","2026","05-DEC-25","2025","202512059793376704"
"H6FL08288","VILLAREAL, LACEY","Independent","IND","House","H","Florida","FL","08","MELBOURNE","FL","32904","2026","05-DEC-25","2025","202512059793378660"
"H2TX33099","MITCHELL, MONTE MARK","Republican Party","REP","House","H","Texas","TX","33","FORT WORTH","TX","761127214","2026","04-DEC-25","2025","202512150300514725"
"H6TX31169","STOKER, GREGORY JAMES","Green Party","GRE","House","H","Texas","TX","31","IRVING","TX","75038","2026","04-DEC-25","2025","202512049793376640"
"H6WI08221","DEVILLE, KATRINA VIOLETTA","Democratic Party","DEM","House","H","Wisconsin","WI","08","NEENAH","WI","54956","2026","04-DEC-25","2025","202512049793375171"
"H6NY07164","REYNOSO, ANTONIO","Democratic Party","DEM","House","H","New York","NY","07","BROOKLYN","NY","11201","2026","04-DEC-25","2025","202512049793375180"
"S4TX00888","BROWN, THEODORE E. JR.","Libertarian Party","LIB","Senate","S","Texas","TX","00","AUSTIN","TX","78728","2026","04-DEC-25","2025","202512049793375965"
"H6AZ09119","VOLESKY, TERESA","Republican Party","REP","House","H","Arizona","AZ","09","BULLHEAD CITY","AZ","86442","2026","04-DEC-25","2025","202512049793376089"
"H6AZ09127","VOLESKY, TERESA","Republican Party","REP","House","H","Arizona","AZ","09","BULLHEAD CITY","AZ","86442","2026","04-DEC-25","2025","202512049793376090"
"H6AZ09135","VOLESKY, TERESA","Republican Party","REP","House","H","Arizona","AZ","09","BULLHEAD CITY","AZ","86442","2026","04-DEC-25","2025","202512049793376091"
"H6AZ09143","VOLESKY, TERESA","Republican Party","REP","House","H","Arizona","AZ","09","BULLHEAD CITY","AZ","86442","2026","04-DEC-25","2025","202512049793376123"
"S4WV00365","MCKINNEY, BRYAN","Republican Party","REP","Senate","S","West Virginia","WV","00","INWOOD","WV","25428","2026","04-DEC-25","2025","202512049793376176"
"H4DC00092","RIMENSNYDER, NELSON F FREDERICK","Republican Party","REP","House","H","District Of Columbia","DC","00","WASHINGTON","DC","20002","2026","04-DEC-25","2025","202512049793376457"
"H6MD02286","BAILEY, ENRICO JR","Democratic Party","DEM","House","H","Maryland","MD","02","PIKESVILLE","MD","21208","2026","04-DEC-25","2025","202512049793376498"
"H6TX32191","BONDAR, PAUL","Republican Party","REP","House","H","Texas","TX","32","BEVERLY","MA","01915","2026","04-DEC-25","2025","202512049793376591"
"H6TX20139","ATWOOD, JOHN","Democratic Party","DEM","House","H","Texas","TX","20","HELOTES","TX","78023","2026","04-DEC-25","2025","202512049793376597"
"H6DC00204","MORRIS, VINCENT","Democratic Party","DEM","House","H","District Of Columbia","DC","00","WASHINGTON","DC","20002","2026","04-DEC-25","2025","202512040300514423"
"S6KS00270","MURRAY, ERIK","Democratic Party","DEM","Senate","S","Kansas","KS","00","KANSAS CITY","KS","66103","2026","03-DEC-25","2025","202512039793359588"
"H6FL05268","MUIRHEID, DONALD ALBERT","Republican Party","REP","House","H","Florida","FL","05","JACKSONVILLE","FL","32277","2026","03-DEC-25","2025","202512039793359617"
"H2GA07121","CORBIN, MICHAEL ALLEN","Republican Party","REP","House","H","Georgia","GA","14","PEACHTREE CORNERS","GA","30092","2025","03-DEC-25","2025","202512039793359626"
"S6KY00385","BOOKER, CHARLES","Democratic Party","DEM","Senate","S","Kentucky","KY","00","LOUISVILLE","KY","40201","2026","03-DEC-25","2025","202512039793359387"
"S6NC00472","DANSIE, RICHARD","Republican Party","REP","Senate","S","North Carolina","NC","00","DURHAM","NC","27705","2026","03-DEC-25","2025","202512039793359562"
"H6IL04179","MACIAS, MAYRA","Independent","IND","House","H","Illinois","IL","04","CHICAGO","IL","60629","2026","03-DEC-25","2025","202512039793359689"
"H6TX28132","VANTINE, CHAUNCE ANDREW","Democratic Party","DEM","House","H","Texas","TX","28","MISSION","TX","78572","2026","03-DEC-25","2025","202512039793359703"
"H6FL10193","WALLS-WINDHAUSER, ANGELA MARIE","Republican Party","REP","House","H","Florida","FL","10","WINTER GARDEN","FL","34778","2026","03-DEC-25","2025","202512039793359724"
"H6FL05276","MUIRHEID, DONALD ALBERT","Republican Party","REP","House","H","Florida","FL","05","JACKSONVILLE","FL","32277","2026","03-DEC-25","2025","202512039793359865"
"H6TX33074","HAFEEZ, ZEESHAN","Democratic Party","DEM","House","H","Texas","TX","33","IRVING","TX","75039","2026","03-DEC-25","2025","202512039793359866"
"H6NY21157","CONSTANTINO, ANTHONY THOMAS","Republican Party","REP","House","H","New York","NY","21","ALBANY","NY","12211","2026","03-DEC-25","2025","202512039793359880"
"H6GA14185","BROWN, TIMOTHY BEAU","Republican Party","REP","House","H","Georgia","GA","14","SILVER CREEK","GA","30173","2026","03-DEC-25","2025","202512039793359893"
"H2MI13394","CARBONARO, ANTHONY MICHAEL","Democratic Party","DEM","House","H","Michigan","MI","13","ALLEN PARK","MI","48101","2026","03-DEC-25","2025","202512039793374787"
"S0VA00112","MINA, ALDOUS D","Republican Party","REP","Senate","S","Virginia","VA","00","NORFOLK","VA","23505","2026","03-DEC-25","2025","202512039793374794"
"H6AZ08251","FLORES, MARIA","Democratic Party","DEM","House","H","Arizona","AZ","08","PHOENIX","AZ","85053","2026","03-DEC-25","2025","202512039793375094"
"H6IA03300","WOLFE, EASTON","Democratic Party","DEM","House","H","Iowa","IA","03","DES MOINES","IA","50311","2026","03-DEC-25","2025","202512039793375160"
"H6TX25237","SIMS, DIONE MICHELLE MRS","Democratic Party","DEM","House","H","Texas","TX","25","FORT WORTH","TX","76110","2026","03-DEC-25","2025","202512039793375161"
"H6OH09149","CAMPBELL, ANTHONY BRUCE","Republican Party","REP","House","H","Ohio","OH","09","SANDUSKY","OH","44870","2026","02-DEC-25","2025","202512029793359226"
"H6NY04187","BIERRIA-ANDERSON, KIANA","Democratic Party","DEM","House","H","New York","NY","04","HEMPSTEAD","NY","11550","2026","02-DEC-25","2025","202512029793359170"
"S6LA00615","DAVIS, JAMIE","Democratic Party","DEM","Senate","S","Louisiana","LA","00","FERRIDAY","LA","71334","2026","02-DEC-25","2025","202512029793359099"
"S6SC04338","BRENKUS, JASON ELLIOT","Libertarian Party","LIB","Senate","S","South Carolina","SC","00","IRMO","SC","26063","2026","02-DEC-25","2025","202512029793359098"
"H4FL13234","D'ARRIGO, TONY C","Independent","IND","House","H","Florida","FL","13","PINELLAS PARK","FL","33782","2026","02-DEC-25","2025","202512029793359040"
"H6TX19255","CORLEY, JASON","Republican Party","REP","House","H","Texas","TX","19","SLATON","TX","79364","2026","02-DEC-25","2025","202512029793358816"
"H6NY12313","NEGRON, WILNEIDA","Independence Party","IDP","House","H","New York","NY","12","NEW YORK","NY","10024","2026","02-DEC-25","2025","202512029793354905"
"H6GA14177","BROWN, JAMES M MR","Republican Party","REP","House","H","Georgia","GA","14","RINGGOLD","GA","30736","2026","02-DEC-25","2025","202512029793354888"
"H6TX38115","RUBIN, LARRY DAVID","Republican Party","REP","House","H","Texas","TX","38","HOUSTON","TX","77069","2026","02-DEC-25","2025","202512029793354887"
"H6TX19248","BARBEE, JAMES BOB MR.","Republican Party","REP","House","H","Texas","TX","19","TUSCOLA","TX","79562","2026","02-DEC-25","2025","202512029793354877"
"H6NV02297","FONKEN, MATTHEW WILLIAM","Democratic Party","DEM","House","H","Nevada","NV","02","RENO","NV","89513","2026","02-DEC-25","2025","202512029793354829"
"H6CA37347","DUCKETT, RYAN CHAD CASEY CMR. ESQ.","Democratic Party","DEM","House","H","California","CA","37","LOS ANGELES","CA","90028","2026","02-DEC-25","2025","202512029793359259"
"H6TX28124","TIJERINA, TANO","Republican Party","REP","House","H","Texas","TX","28","LAREDO","TX","78045","2026","02-DEC-25","2025","202512029793359216"
"H6CA10187","FRESE, JEFFREY","Republican Party","REP","House","H","California","CA","10","MORAGA","CA","94556","2026","02-DEC-25","2025","202512029793359220"
"H6OH05121","MADDALUNO, CHRISTOPHER FRANK","Democratic Party","DEM","House","H","Ohio","OH","05","NORTH OLMSTED","OH","44039","2026","02-DEC-25","2025","202512029793359225"
"H6MN06223","FOLEY, MICHAEL","Republican Party","REP","House","H","Minnesota","MN","06","ELK RIVER","MN","55330","2026","01-DEC-25","2025","202512019793354797"
"H6VA08302","PHILLIPS, LUKE NATHAN","Republican Party","REP","House","H","Virginia","VA","08","ARLINGTON","VA","22202","2026","01-DEC-25","2025","202512019793354788"
"H6NY12305","WINTRICH, LUCIAN","Republican Party","REP","House","H","New York","NY","12","NEW YORK","NY","10003","2026","01-DEC-25","2025","202512019793353822"
"H6TX23281","BARTON, KEITH GEORGE KEITH","Republican Party","REP","House","H","Texas","TX","23","SAN ANTONIO","TX","78254","2026","01-DEC-25","2025","202512019793348331"
"H4UT02304","RIEBE, KATHLEEN","Democratic Party","DEM","House","H","Utah","UT","01","COTTONWOOD HEIGHTS","UT","84093","2026","01-DEC-25","2025","202512019793348239"
"H6TX22267","CLARK, REBECCA","Republican Party","REP","House","H","Texas","TX","22","FULSHEAR","TX","77441","2026","01-DEC-25","2025","202512019793348238"
"H6FL19210","ELLIOTT, STEPHEN W","Republican Party","REP","House","H","Florida","FL","19","ALEXANDRIA","VA","22313","2026","01-DEC-25","2025","202512019793354395"
"S6TX00545","CANADY, SARA LARUE","Republican Party","REP","Senate","S","Texas","TX","00","FLORESVILLE","TX","78114","2026","01-DEC-25","2025","202512019793348183"
"H2LA03105","LEBRUN, TIA MARIE MRS.","Democratic Party","DEM","House","H","Louisiana","LA","03","LAFAYETTE","LA","70503","2026","01-DEC-25","2025","202512019793348128"
"H6NJ11310","WAY, TAHESHA","Democratic Party","DEM","House","H","New Jersey","NJ","11","WAYNE","NJ","07470","2026","01-DEC-25","2025","202512019793348126"
"H6MS03236","KIEHLE, ERIK","Libertarian Party","LIB","House","H","Mississippi","MS","03","MERIDIAN","MS","39303","2026","01-DEC-25","2025","202512019793354655"
"H6TX22275","JETTON, JACEY","Republican Party","REP","House","H","Texas","TX","22","RICHMOND","TX","77406","2026","01-DEC-25","2025","202512019793354401"
"H6NJ12300","REYNOLDS-JACKSON, VERLINA","Democratic Party","DEM","House","H","New Jersey","NJ","12","TRENTON","NJ","08601","2026","01-DEC-25","2025","202512019793348232"
"H6TX28116","LOPEZ, ADRIEL VENTURA","Democratic Party","DEM","House","H","Texas","TX","28","SAN ANTONIO","TX","78245","2026","30-NOV-25","2025","202511309793336581"
"H6NJ12292","SINGH, SUJIT","Democratic Party","DEM","House","H","New Jersey","NJ","12","PRINCETON JUNCTION","NJ","08550","2026","30-NOV-25","2025","202511309793336801"
"P60024452","BELL, WILLIAM","Citizens' Party","CIT","President","P","United States","00","00","IDABEL","OK","74745","2026","30-NOV-25","2025","202511309793336792"
"H6NJ03176","CULLEN, JASON","Republican Party","REP","House","H","New Jersey","NJ","03","MANALAPAN TOWNSHIP","NJ","07726","2026","30-NOV-25","2025","202511309793336791"
"H6VA01315","BEGGS, ELIZABETH DEMPSEY","Democratic Party","DEM","House","H","Virginia","VA","01","GLEN ALLEN","VA","23059","2026","29-NOV-25","2025","202511299793336551"
"H6IL05218","BISHOP, JONNY ANTONIO","Democratic Party","DEM","House","H","Illinois","IL","05","CHICAGO","IL","60614","2026","28-NOV-25","2025","202511289793336496"
"H6GA14169","TURNIPSEED, JENNA JAYE","Republican Party","REP","House","H","Georgia","GA","14","CHICKAMAUGA - GA","GA","30707","2026","28-NOV-25","2025","202511289793334537"
"H6TX19230","MAY, DONALD R","Republican Party","REP","House","H","Texas","TX","19","LUBBOCK","TX","79408","2026","28-NOV-25","2025","202511289793334507"
"S0TN00193","ONYEJIAKA, DIANA","Democratic Party","DEM","Senate","S","Tennessee","TN","00","NASHVILLE","TN","37202","2026","28-NOV-25","2025","202511289793336494"
"H6GA07197","NORTON, CASEY","Democratic Party","DEM","House","H","Georgia","GA","07","SANDY SPRINGS","GA","30350","2026","27-NOV-25","2025","202511279793334462"
"H6TX31151","SHLOMI, OFFER VINCE","Republican Party","REP","House","H","Texas","TX","31","MIAMI BEACH","FL","33139","2026","27-NOV-25","2025","202511279793334438"
"H6NC01165","BUCK, ASA BRYANT III","Republican Party","REP","House","H","North Carolina","NC","01","BEAUFORT","NC","28516","2026","26-NOV-25","2025","202511269793334130"
"H6MO07326","CASEY, JOHN","Republican Party","REP","House","H","Missouri","MO","07","REPUBLIC","MO","65738","2026","26-NOV-25","2025","202511269793334412"
"S6NJ00362","TOMAINI, GREGORY RICHARD COLONEL","Democratic Party","DEM","Senate","S","New Jersey","NJ","00","BRIDGETON","NJ","083023016","2026","26-NOV-25","2025","202511269793334140"
"H6MD03482","SEIER, FELIX MARK","Democratic Party","DEM","House","H","Maryland","MD","03","ANNAPOLIS","MD","21401","2026","26-NOV-25","2025","202511269793334141"
"H6PA03278","JACKSON, JAHMIEL","Democratic Party","DEM","House","H","Pennsylvania","PA","03","PHILADELPHIA","PA","19143","2026","26-NOV-25","2025","202511269793334159"
"H4DE01092","COOPER, EARL L","Republican Party","REP","House","H","Delaware","DE","00","WILMINGTON","DE","19801","2026","26-NOV-25","2025","202511269793334161"
"H6GA14151","TULLY, JIM","Republican Party","REP","House","H","Georgia","GA","14","ROME","GA","30161","2026","26-NOV-25","2025","202511269793334169"
"H6FL13254","ROBINSON, TIMOTHY BRANDT MR","Democratic Party","DEM","House","H","Florida","FL","13","PALM HARBOR","FL","34684","2026","26-NOV-25","2025","202511269793334202"
"H6UT01186","HINCKLEY, KYE","Democratic Party","DEM","House","H","Utah","UT","01","SALT LAKE CITY","UT","84104","2026","26-NOV-25","2025","202511269793334225"
"S6NJ00370","MISSERI, MICHAEL","ASO","ASO","Senate","S","New Jersey","NJ","00","BAYVILLE, NJ 08721-1089","NJ","08721","2026","26-NOV-25","2025","202511269793334307"
"H6TX03242","BLACK, BRITTANY","Republican Party","REP","House","H","Texas","TX","03","MCKINNEY","TX","75071","2026","26-NOV-25","2025","202511269793334361"
"H6MA08331","ZYLBERFINK, ANDREW AJ","Democratic Party","DEM","House","H","Massachusetts","MA","08","WEST ROXBURY","MA","02132","2026","26-NOV-25","2025","202511269793334405"
"H6CA11276","WHEELER, DANIEL","Democratic Party","DEM","House","H","California","CA","11","SAN FRANCISCO","CA","94108","2026","26-NOV-25","2025","202511269793334406"
"H6GU00059","TORRES, MARY CAMACHO","Republican Party","REP","House","H","Guam","GU","","TAMUNING","GU","96913","2026","26-NOV-25","2025","202512150300514714"
"H6IL04161","SIGCHO LOPEZ, BYRON","Independent","IND","House","H","Illinois","IL","04","CHICAGO","IL","60608","2026","26-NOV-25","2025","202511269793334407"
"H6NY21223","AMORIELL, STUART JAMESON","Democratic Party","DEM","House","H","New York","NY","21","LAKE PLACID","NY","12946","2026","26-NOV-25","2025","202511269793334139"
"H4MD06258","HYSER, CHRIS","Republican Party","REP","House","H","Maryland","MD","06","SMITHSBURG","MD","21783","2026","25-NOV-25","2025","202511259793334111"
"S6ID00153","ROY, JOSHUA S","Republican Party","REP","Senate","S","Idaho","ID","00","LEWISTON","ID","83501","2026","25-NOV-25","2025","202511259793334116"
"H6TX33066","SIMS, JOHN DAVID MR SR","Republican Party","REP","House","H","Texas","TX","33","DALLAS","TX","75211","2026","25-NOV-25","2025","202511259793334117"
"H6ID02241","HUTCHINSON, TRIPP CHARLES","Independent","IND","House","H","Idaho","ID","02","KETCHUM","ID","83340","2026","25-NOV-25","2025","202511259793334036"
"H6MD05305","HALL, MILDRED MARIE","Other","OTH","House","H","Maryland","MD","05","AQUASCO","MD","206082121","2026","25-NOV-25","2025","202511250300514310"
"H6VA07221","ROGINSKY, JACOB","Republican Party","REP","House","H","Virginia","VA","07","KING GEORGE","VA","22485","2026","25-NOV-25","2025","202511250300514306"
"H0MT00116","RAINS, MATTHEW","Democratic Party","DEM","House","H","Montana","MT","01","MISSOULA","MT","59806","2026","25-NOV-25","2025","202511259793331311"
"H6NY12297","ORTIZ, KAREN","Independent","IND","House","H","New York","NY","12","NEW YORK","NY","10011","2026","25-NOV-25","2025","202511259793331290"
"H6NJ11302","LEWIS, JOSEPH MR. II","Democratic Party","DEM","House","H","New Jersey","NJ","11","MONTVILLE","NJ","07045","2026","25-NOV-25","2025","202511259793331335"
"H6GA14144","RISNER, LINVEL","Republican Party","REP","House","H","Georgia","GA","14","KENNESAW","GA","30152","2026","25-NOV-25","2025","202511259793331337"
"H6CO08138","DERITO, ADAM","Republican Party","REP","House","H","Colorado","CO","08","COMMERCE CITY","CO","80022","2026","25-NOV-25","2025","202511259793331345"
"H6SC04189","ATCHLEY, DAVID MICHAEL","Republican Party","REP","House","H","South Carolina","SC","04","GREENVILLE","SC","29601","2026","25-NOV-25","2025","202511259793333643"
"H6PA09143","HELLER, GAGE","Republican Party","REP","House","H","Pennsylvania","PA","09","MILTON","PA","17847","2026","25-NOV-25","2025","202511259793333676"
"H6NJ12284","SERVANCE, SQUIRE","Democratic Party","DEM","House","H","New Jersey","NJ","12","WASHINGTON","DC","20005","2026","25-NOV-25","2025","202511259793331266"
"H6MD02278","SPELLMAN JR, CLINTON BENJAMIN","Democratic Party","DEM","House","H","Maryland","MD","02","REISTERSTOWN ","MD","21136","2026","24-NOV-25","2025","202511240300514183"
"H6OH06194","CONNOLLY, SEAN MICHAEL","Democratic Party","DEM","House","H","Ohio","OH","06","CANFIELD","OH","44406","2026","24-NOV-25","2025","202511249793329966"
"S6CA01079","RAM, MELANIE","Democratic Party","DEM","Senate","S","California","CA","00","TACOMA","WA","98402","2026","24-NOV-25","2025","202511249793329977"
"H6TX10288","ALTMAN, ROB","Republican Party","REP","House","H","Texas","TX","10","BRYAN","TX","77802","2026","24-NOV-25","2025","202511249793329987"
"H6UT01178","BLOUIN, NATE","Democratic Party","DEM","House","H","Utah","UT","01","MURRAY","UT","84157","2026","24-NOV-25","2025","202511249793330087"
"S4WV00407","MCNULTY, JANET","Republican Party","REP","Senate","S","West Virginia","WV","00","MARTINSBURG","WV","25404","2026","24-NOV-25","2025","202512010300514341"
"H6NC12105","ALI, ADDUL RAHMAN ELI","Republican Party","REP","House","H","North Carolina","NC","12","CHARLOTTE","NC","28269","2026","24-NOV-25","2025","202511249793330573"
"H4NJ10135","BUCCO, CARMEN","Republican Party","REP","House","H","New Jersey","NJ","10","KENILWORTH","NJ","07033","2026","24-NOV-25","2025","202511249793330594"
"H6VA08294","GRAY, DANIEL","Democratic Party","DEM","House","H","Virginia","VA","08","ARLINGTON","VA","22204","2026","24-NOV-25","2025","202511249793330595"
"H6FL22131","SRADO, ANTONIO","Republican Party","REP","House","H","Florida","FL","22","DELRAY BEACH","FL","33445","2026","24-NOV-25","2025","202511249793331063"
"H6SD01166","PITTMAN, JACK L","Independent","IND","House","H","South Dakota","SD","00","PINE RIDGE","SD","57770","2026","24-NOV-25","2025","202511249793331082"
"H8NV01113","BLOCKEY, JIM","Republican Party","REP","House","H","Nevada","NV","01","LAS VEGAS","NV","89129","2026","24-NOV-25","2025","202511249793330560"
"H6GA14136","COPE, BENJAMIN M","Republican Party","REP","House","H","Georgia","GA","14","ACWORTH","GA","30101","2026","23-NOV-25","2025","202511239793329485"
"H6TX28108","DURAN, MARLON GERARDO MX.","Green Party","GRE","House","H","Texas","TX","28","MCALLEN","TX","78501","2026","23-NOV-25","2025","202511239793329468"
"S6DE00156","BEARDSLEY, CHRISTOPHER MR.","Democratic Party","DEM","Senate","S","Delaware","DE","00","HOCKESSIN","DE","19707","2026","23-NOV-25","2025","202511239793329467"
"H6GA14110","DAVENPORT, DANIEL","Republican Party","REP","House","H","Georgia","GA","14","DALLAS","GA","30157","2025","23-NOV-25","2025","202511239793329407"
"H6VA02206","MATTHEWS, WILLIAM MR JR","Republican Party","REP","House","H","Virginia","VA","02","VIRGINIA BEACH","VA","23451","2026","22-NOV-25","2025","202511229793329247"
"H6CA48344","CONTRERAS, CORINNA","Democratic Party","DEM","House","H","California","CA","48","VISTA","CA","92083","2026","22-NOV-25","2025","202511229793329242"
"H6NY23567","RAYNER, JEFFREY","Democratic-Farmer-Labor","DFL","House","H","New York","NY","23","ORCHARD PARK","NY","14127","2026","22-NOV-25","2025","202511229793329241"
"H6PA12113","SANTOS, ARNOLD","Republican Party","REP","House","H","Pennsylvania","PA","12","PHILADELPHIA","PA","19122","2026","22-NOV-25","2025","202511229793329248"
"H6PA09135","HELLER, GAGE","Republican Party","REP","House","H","Pennsylvania","PA","09","MILTON","PA","17847","2026","21-NOV-25","2025","202511219793329174"
"H6CA05385","SILLS, KATELYN ANNE","Democratic Party","DEM","House","H","California","CA","05","PORTLAND","OR","97242","2026","21-NOV-25","2025","202511219793327278"
"H6FL19202","KANE, JARED MARTIN","Democratic Party","DEM","House","H","Florida","FL","19","FORT MYERS","FL","33919","2026","21-NOV-25","2025","202511219793327310"
"H6MD07517","ANTHONY, HADLEY OPHELIA MS.","Democratic Party","DEM","House","H","Maryland","MD","07","BALTIMORE","MD","21231","2026","21-NOV-25","2025","202511219793327322"
"H6TX36028","ROGERS, DOUG","Democratic Party","DEM","House","H","Texas","TX","36","BEAUMONT","TX","77707","2026","21-NOV-25","2025","202511219793328716"
"S6TX00537","WILLIAMS, PAULA STEPHEN MS","Democratic Party","DEM","Senate","S","Texas","TX","00","SUGAR LAND","TX","77479","2026","21-NOV-25","2025","202511219793327398"
"H6NJ11294","CAUVIN, JEAN-LOUIS MR.","Democratic Party","DEM","House","H","New Jersey","NJ","11","BLOOMFIELD","NJ","07003","2026","21-NOV-25","2025","202511219793327838"
"H6TN08334","WICKER, WILLIAM DAVIS","Democratic Party","DEM","House","H","Tennessee","TN","08","JACKSON","TN","38305","2026","21-NOV-25","2025","202511219793328017"
"H6WV02168","WHITCOMB, CHRISTOPHER","Independent","IND","House","H","West Virginia","WV","02","PULLMAN","WV","26421","2026","21-NOV-25","2025","202511219793328686"
"H6OR03189","SALAS, JESSICA","Democratic Party","DEM","House","H","Oregon","OR","03","PORTLAND","OR","97266","2026","21-NOV-25","2025","202511219793327340"
"H6NY13279","AVILA CHEVALIER, DARIALIZA","Democratic Party","DEM","House","H","New York","NY","13","NEW YORK","NY","10027","2026","20-NOV-25","2025","202511209792714957"
"H6TX19222","ENRIQUEZ, ABRAHAM","Republican Party","REP","House","H","Texas","TX","19","LUBBOCK","TX","79493","2026","20-NOV-25","2025","202511209792716034"
"H6CA11268","CHAN, CONNIE","Democratic Party","DEM","House","H","California","CA","11","SAN FRANCISCO","CA","94117","2026","20-NOV-25","2025","202511209792716035"
"H6VA05209","TRACINSKI, ROBERT WILLIAM","Democratic Party","DEM","House","H","Virginia","VA","05","CHARLOTTESVILLE","VA","22906","2026","20-NOV-25","2025","202511209792718860"
"H6NY21215","SMULLEN, ROBERT","Republican Party","REP","House","H","New York","NY","21","GLOVERSVILLE","NY","12078","2026","20-NOV-25","2025","202511209792728824"
"H0NY07092","PRINCE, PAPERBOY LOVE","Democratic Party","DEM","House","H","New York","NY","07","BROOKLYN","NY","11207","2026","20-NOV-25","2025","202511209793320114"
"H6NJ07284","SOOY, SARA","Democratic Party","DEM","House","H","New Jersey","NJ","07","BEDMINSTER","NJ","07921","2026","20-NOV-25","2025","202511209792787019"
"H6TX09207","VIRTS, TERRY","Democratic Party","DEM","House","H","Texas","TX","09","LEAGUE CITY","TX","77574","2026","20-NOV-25","2025","202511209792821773"
"H6NY19276","PORTELLI, ALEXANDER","Republican Party","REP","House","H","New York","NY","19","BRIGHTON","CO","80601","2026","20-NOV-25","2025","202511209793292449"
"H6NY07156","MARTINEZ, SYDNEY","Democratic Party","DEM","House","H","New York","NY","07","BROOKLYN","NY","11231","2026","20-NOV-25","2025","202511209793309364"
"H6NJ11286","MEJIA, ANALILIA","Democratic Party","DEM","House","H","New Jersey","NJ","11","GLEN RIDGE","NJ","07028","2026","20-NOV-25","2025","202511209793314448"
"H6OH11186","PETERSON, CORTNEY","Democratic Party","DEM","House","H","Ohio","OH","11","MAYFIELD HEIGHTS","OH","44124","2026","20-NOV-25","2025","202511209792779512"
"H6NY12271","SHURKA, MATHEW","Democratic Party","DEM","House","H","New York","NY","12","NEW YORK","NY","10113","2026","19-NOV-25","2025","202511199792660914"
"H6AZ01447","TROBOUGH, JOHN","Republican Party","REP","House","H","Arizona","AZ","01","SCOTTSDALE","AZ","85251","2026","19-NOV-25","2025","202511199792662547"
"S6OH00411","BREWER, M SUSANNA MRS.","Republican Party","REP","Senate","S","Ohio","OH","00","BREWSTER","OH","44613","2026","19-NOV-25","2025","202511199792681972"
"H6SC04189","ATCHLEY, DAVID MICHAEL","Republican Party","REP","House","H","South Carolina","SC","04","GREENVILLE","SC","29601","2025","19-NOV-25","2025","202511199792682846"
"H6NJ06286","HERZIG, HILLARY","Republican Party","REP","House","H","New Jersey","NJ","06","OCEANPORT","NJ","07757","2026","19-NOV-25","2025","202511199792694323"
"S6KY00377","CAMPBELL, CHRISTOPHER TODD","Other","OTH","Senate","S","Kentucky","KY","00","RICHMOND","KY","40475","2026","19-NOV-25","2025","202511199792695720"
"H6NY24227","ESTES, KENNETH G MR JR","Independent","IND","House","H","New York","NY","24","CALEDONIA","NY","14423","2026","18-NOV-25","2025","202511189792625349"
"H6NC11289","WHIPPLE, LEE","Democratic Party","DEM","House","H","North Carolina","NC","11","ASHEVILLE","NC","28803","2026","18-NOV-25","2025","202511200300513658"
"H6FL13247","PAROS, REGINALD","Democratic Party","DEM","House","H","Florida","FL","13","ST. PETERSBURG","FL","33710","2026","18-NOV-25","2025","202511189792625355"
"H6CA06284","HO, THIEN","Democratic Party","DEM","House","H","California","CA","06","SACRAMENTO","CA","95814","2026","18-NOV-25","2025","202511189792625523"
"H6NY13261","RODRIGUEZ, MEGAN CATHERINE","Democratic Party","DEM","House","H","New York","NY","13","NEW YORK","NY","10025","2026","18-NOV-25","2025","202511189792625549"
"H6FL07223","ULRICH, SARAH","Republican Party","REP","House","H","Florida","FL","07","PORT ORANGE","FL","32128","2026","18-NOV-25","2025","202511189792627231"
"H6OR05242","ADAIR, PATTI","Republican Party","REP","House","H","Oregon","OR","05","WEST LINN","OR","97068","2026","18-NOV-25","2025","202511189792627499"
"H6SC01342","REESIDE, WILLIAM OLIVER JR.","Republican Party","REP","House","H","South Carolina","SC","01","EDISTO ISLAND","SC","29438","2026","18-NOV-25","2025","202511189792641245"
"H6NJ11278","PIVNICK, KENNEDY","Democratic Party","DEM","House","H","New Jersey","NJ","11","LIVINGSTON","NJ","07039","2026","18-NOV-25","2025","202511189792653598"
"H6TX38081","PRATT, MICHAEL","Republican Party","REP","House","H","Texas","TX","38","TOMBALL","TX","77375","2026","18-NOV-25","2025","202511189792656972"
"H6WV02150","PARSI, AHSAN","Democratic Party","DEM","House","H","West Virginia","WV","02","MORGANTOWN","WV","26505","2026","18-NOV-25","2025","202511189792657704"
"H3NY23010","KING, JAMES GEORGE","Republican Party","REP","House","H","New York","NY","23","OWEGO","NY","13827","2026","18-NOV-25","2025","202511190300512764"
"H6TX38107","TAGGART, WILLIAM M IV","Independent","IND","House","H","Texas","TX","38","HOUSTON","TX","77043","2026","18-NOV-25","2025","202511189792658022"
"H6TX38099","TAGGART, WILLIAM MISKEY MR. IV","Independent","IND","House","H","Texas","TX","38","HOUSTON","TX","77043","2026","18-NOV-25","2025","202511189792658512"
"H8FL03020","WELLS, TOM BECKWITH DR.","Democratic Party","DEM","House","H","Florida","FL","03","GAINESVILLE","FL","32601","2026","18-NOV-25","2025","202511189792659730"
"H6CO04236","SAN FELIPE, ERIC","Republican Party","REP","House","H","Colorado","CO","04","PARKER","CO","80138","2026","18-NOV-25","2025","202511189792660872"
"H8CT04222","FLYNN, JOHN J","Republican Party","REP","House","H","Connecticut","CT","04","NORWALK","CT","","2026","18-NOV-25","2025","202511200300513589"
"H6TX35103","GALINDO, MAUREEN","Democratic Party","DEM","House","H","Texas","TX","35","SAN ANTONIO","TX","78210","2026","18-NOV-25","2025","202511189792625350"
"P60024445","MELTON-RAMSEY-MARSH, MISTY LYNN","Republican Party","REP","President","P","United States","00","00","YELLVILLE","AR","72687","2025","17-NOV-25","2025","202511179792614151"
"H6FL07215","DALTON, BALE","Democratic Party","DEM","House","H","Florida","FL","07","SANFORD","FL","32772","2026","17-NOV-25","2025","202511179792614194"
"H6NJ11260","BEECHER, ZACH","Democratic Party","DEM","House","H","New Jersey","NJ","11","MORRISTOWN","NJ","07963","2026","17-NOV-25","2025","202511179792614199"
"H6CA06276","BABB TOMLINSON, LAUREN","Democratic Party","DEM","House","H","California","CA","06","SACRAMENTO","CA","95860","2026","17-NOV-25","2025","202511179792614379"
"H6WA01212","GORDON, HUNTER","Democratic Party","DEM","House","H","Washington","WA","01","REDMOND","WA","98052","2026","17-NOV-25","2025","202511179792615175"
"H6NY08147","OSSE, CHI","Democratic Party","DEM","House","H","New York","NY","08","BROOKLYN","NY","11216","2026","17-NOV-25","2025","202511179792615698"
"H6VA06173","MACY, BETH","Democratic Party","DEM","House","H","Virginia","VA","06","ROANOKE","VA","24015","2026","17-NOV-25","2025","202511179792625283"
"H6OH08364","GRANT, MADARIS","Democratic Party","DEM","House","H","Ohio","OH","08","WEST CHESTER","OH","45071","2026","17-NOV-25","2025","202511179792617148"
"H2TX21185","VILLARREAL, RICARDO","Democratic Party","DEM","House","H","Texas","TX","28","SAN ANTONIO","TX","78230","2026","17-NOV-25","2025","202511179792618215"
"S6VA00200","WILLIAMS, DAVID EARL MR.","Republican Party","REP","Senate","S","Virginia","VA","00","RESTON","VA","20190","2026","17-NOV-25","2025","202511179792618226"
"H4CO04215","MANGERIS, DOUGLAS","Libertarian Party","LIB","House","H","Colorado","CO","04","LOVELAND","CO","80537","2026","17-NOV-25","2025","202511179792618435"
"H6NC01157","ROUSE, ERIC","Republican Party","REP","House","H","North Carolina","NC","01","KINSTON","NC","28504","2026","17-NOV-25","2025","202511179792624673"
"H6SC01334","HONEYCUTT, JENNY COSTA","Republican Party","REP","House","H","South Carolina","SC","01","CHARLESTON","SC","29422","2026","17-NOV-25","2025","202511179792616816"
"H6CO06116","WITTA, SAMIR EZZELDIN DR.","Unaffiliated","UN","House","H","Colorado","CO","06","ENGLEWOOD","CO","80113","2026","16-NOV-25","2025","202511169792611406"
"H6TN09456","NEW, JAMES","Republican Party","REP","House","H","Tennessee","TN","09","MUNFORD","TN","38058","2026","16-NOV-25","2025","202511169792610880"
"H6MA05071","SAMMAN, TARIK","Democratic Party","DEM","House","H","Massachusetts","MA","05","CAMBRIDGE","MA","02140","2026","15-NOV-25","2025","202511159792610833"
"H6KY01177","SIMS, DAVID","Republican Party","REP","House","H","Kentucky","KY","01","CAMPBELLSVILLE","KY","42718","2026","15-NOV-25","2025","202511159792610834"
"H6GA12106","DIXON, ROBERT","Democratic Party","DEM","House","H","Georgia","GA","12","GARDEN CITY","GA","31408","2026","15-NOV-25","2025","202511159792610719"
"H6MN05365","REEVES, LATONYA T","Democratic Party","DEM","House","H","Minnesota","MN","05","MINNEAPOLIS, MN","MN","55403","2026","15-NOV-25","2025","202511159792610619"
"H6TX18471","BROWN, GRETCHEN","Democratic Party","DEM","House","H","Texas","TX","18","KEMAH","TX","77565","2026","15-NOV-25","2025","202511159792610627"
"H6AZ01439","AJLUNI, CHRISTOPHER","Independent","IND","House","H","Arizona","AZ","01","SCOTTSDALE","AZ","85251","2026","15-NOV-25","2025","202511159792610589"
"H6WA05213","WOMACK, DAVID","Democratic Party","DEM","House","H","Washington","WA","05","WALLA WALLA","WA","99362","2026","14-NOV-25","2025","202511149792605754"
"H6MO07318","HUNT, GRAYSON","Republican Party","REP","House","H","Missouri","MO","07","WILLARD","MO","65781","2026","14-NOV-25","2025","202511149792605782"
"H4MI10131","KUMAR, ANIL DR.","Democratic Party","DEM","House","H","Michigan","MI","11","BLOOMFIELD HILLS","MI","48304","2026","14-NOV-25","2025","202511149792606426"
"H6UT02481","ARRINGTON, BRYAN LAMONT SGT.","Independent","IND","House","H","Utah","UT","02","WENDOVER","UT","84083","2026","14-NOV-25","2025","202511149792606685"
"H6VA09136","POWERS, JOY","Democratic Party","DEM","House","H","Virginia","VA","09","MONETA","VA","24121","2026","14-NOV-25","2025","202511149792606747"
"H6WI07231","MURRAY, GINGER L","Democratic Party","DEM","House","H","Wisconsin","WI","07","NEW LISBON","WI","53950","2026","14-NOV-25","2025","202511149792607268"
"H6TX19214","ADAMS, CHRISTOPHER","Republican Party","REP","House","H","Texas","TX","19","ABILENE","TX","79606","2026","14-NOV-25","2025","202511149792610579"
"H6WA03309","KELLOGG, LAWRENCE CURTIS MR.","Republican Party","REP","House","H","Washington","WA","03","WASHOUGAL","WA","98671","2026","14-NOV-25","2025","202511149792607741"
"H6CA14148","HUANG, WENDY FIONA MS.","Republican Party","REP","House","H","California","CA","14","UNION CITY","CA","94587","2026","14-NOV-25","2025","202511149792609393"
"H6NY12263","JORDAN, AMY","Independent","IND","House","H","New York","NY","12","NEW YORK","NY","10023","2026","14-NOV-25","2025","202511149792609597"
"H2CA25234","HILL, STEVE","No Party Affiliation","NPA","House","H","California","CA","37","LOS ANGELES","CA","90011","2026","14-NOV-25","2025","202511149792610052"
"H6TX38073","GORALSKI, CRAIG","Republican Party","REP","House","H","Texas","TX","38","TOMBALL","TX","77377","2026","14-NOV-25","2025","202511149792610401"
"H6FL09260","MALAVET, JORGE ANTONIO","Republican Party","REP","House","H","Florida","FL","09","ORLANDO","FL","32872","2026","14-NOV-25","2025","202511149792607401"
"H6KY02076","FERGUSON, JOSHUA M","Republican Party","REP","House","H","Kentucky","KY","02","VINE GROVE","KY","40175","2026","13-NOV-25","2025","202511139792599115"
"H6OK03256","LAVANN, REBEKAH J","Independence Party","IDP","House","H","Oklahoma","OK","03","LAWTON","OK","73501","2025","13-NOV-25","2025","202511139792599122"
"H6CA01269","MCGUIRE, MIKE","Democratic Party","DEM","House","H","California","CA","01","SANTA ROSA","CA","95403","2026","13-NOV-25","2025","202511139792600126"
"H6IA02260","BUSHAW, DAVE","Independent","IND","House","H","Iowa","IA","02","WEST UNION","IA","52175","2026","13-NOV-25","2025","202511139792600695"
"H6PA01223","SIMONELLI, LUCIA DORA","Democratic Party","DEM","House","H","Pennsylvania","PA","01","QUAKERTOWN","PA","18951","2026","13-NOV-25","2025","202511139792600907"
"H6WI03206","RAVE, RODNEY","Democratic Party","DEM","House","H","Wisconsin","WI","03","BLACK RIVER FALLS","WI","54615","2026","13-NOV-25","2025","202511139792604740"
"H6MN07338","KEELER, HEATHER","Democratic-Farmer-Labor","DFL","House","H","Minnesota","MN","07","MOORHEAD","MN","56561","2026","13-NOV-25","2025","202511139792601454"
"S6AR00215","LITTLE, JEB","Republican Party","REP","Senate","S","Arkansas","AR","00","HARRISON","AR","72601","2026","13-NOV-25","2025","202511139792601548"
"H6CA13199","KIRKLAND, KYLE","Republican Party","REP","House","H","California","CA","13","FRESNO","CA","93729","2026","13-NOV-25","2025","202511139792602933"
"H6NJ12276","ROBINSON, SHANEL Y","Democratic Party","DEM","House","H","New Jersey","NJ","12","SOMERSET","NJ","08873","2026","13-NOV-25","2025","202511139792603085"
"H6GA11132","MORA, CHRIS","Republican Party","REP","House","H","Georgia","GA","11","JASPER","GA","30143","2026","13-NOV-25","2025","202511139792603260"
"H6TX09199","SARMIENTO, CRYSTAL","Republican Party","REP","House","H","Texas","TX","09","PASADNA","TX","77505","2026","13-NOV-25","2025","202511139792601401"
"H6GA14086","CASELY, ELVIS JULIAN MR JR","Republican Party","REP","House","H","Georgia","GA","14","KENNESAW","GA","30144","2026","12-NOV-25","2025","202511129792599005"
"H4WV02247","WENDELIN, STEVEN COMMANDER USN, (RET)","Democratic Party","DEM","House","H","West Virginia","WV","02","WARDENSVILLE","WV","26851","2026","12-NOV-25","2025","202511129792598980"
"H2NJ06210","MELE, GREGG","Republican Party","REP","House","H","New Jersey","NJ","12","PLAINFIELD","NJ","07060","2026","12-NOV-25","2025","202511129792596873"
"H6VA02198","LURIA, ELAINE","Democratic Party","DEM","House","H","Virginia","VA","02","VIRGINIA BEACH","VA","23466","2026","12-NOV-25","2025","202511129792596878"
"H6ME02197","WOOD, JORDAN","Democratic Party","DEM","House","H","Maine","ME","02","BRISTOL","ME","04539","2026","12-NOV-25","2025","202511129792596914"
"H6VA09128","HALL, BRANDI","Democratic Party","DEM","House","H","Virginia","VA","09","FRANKLIN","VA","23851","2026","12-NOV-25","2025","202511129792597509"
"H6TX19206","SELL, TOM","Republican Party","REP","House","H","Texas","TX","19","LUBBOCK","TX","79413","2026","12-NOV-25","2025","202511129792597534"
"H6NJ12268","COHEN, BRAD","Democratic Party","DEM","House","H","New Jersey","NJ","12","TEMPE","AZ","85285","2026","12-NOV-25","2025","202511129792597592"
"S6SC04320","STRUNGE, EDWARD IV","Independent Conservative Democratic","ICD","Senate","S","South Carolina","SC","00","MYRLTE BEACH","SC","29577","2026","12-NOV-25","2025","202511129792597607"
"H6CO05340","LORD, JUSICE","Democratic Party","DEM","House","H","Colorado","CO","05","COLORADO SPRINGS","CO","80935","2026","12-NOV-25","2025","202511129792597917"
"H6CO05357","LORD, JUSTICE","Democratic Party","DEM","House","H","Colorado","CO","05","COLORADO SPRINGS","CO","80935","2026","12-NOV-25","2025","202511129792597947"
"H6NY06166","PARK, CHARLES","Democratic Party","DEM","House","H","New York","NY","06","FLUSHING","NY","11355","2026","12-NOV-25","2025","202511129792598575"
"H6UT04032","JENSEN, TY","Republican Party","REP","House","H","Utah","UT","04","RICHFIELD","UT","84701","2026","12-NOV-25","2025","202511129792598622"
"H6CA41356","WOMEN'S, SHONIQUE","Democratic Party","DEM","House","H","California","CA","41","RANCHO MIRAGE","CA","92270","2026","12-NOV-25","2025","202511129792598685"
"H6IL07545","EHRLICH, DAVID","Democratic Party","DEM","House","H","Illinois","IL","07","CHICAGO","IL","60611","2026","12-NOV-25","2025","202511129792598757"
"H6NJ11252","DAFIS, DEAN","Democratic Party","DEM","House","H","New Jersey","NJ","11","CEDAR KNOLLS","NJ","07927","2026","12-NOV-25","2025","202511129792596862"
"H6OH05113","BURKET, DANIEL","Democratic Party","DEM","House","H","Ohio","OH","05","FINDLAY","OH","45840","2026","11-NOV-25","2025","202511119792583668"
"H6AR04100","O'DONNELL, STEVEN LAYNE","Democratic Party","DEM","House","H","Arkansas","AR","04","HOT SPRINGS NATIONAL PARK","AR","71901","2026","11-NOV-25","2025","202511119792583720"
"H6NY12255","SCHLOSSBERG, JOHN (JACK) BOUVIER KENNEDY","Democratic Party","DEM","House","H","New York","NY","12","NEW YORK","NY","10011","2026","11-NOV-25","2025","202511119792596839"
"S6MI00517","SMITH, BERNADETTE","Republican Party","REP","Senate","S","Michigan","MI","00","BYRON CENTER","MI","49315","2026","11-NOV-25","2025","202511119792596694"
"H6CA48336","IANNARINO, MARC","Democratic Party","DEM","House","H","California","CA","48","WEST HOLLYWOOD","CA","90069","2026","11-NOV-25","2025","202511119792583892"
"H6PA01215","HOBAN, JOHN J","Independent American Party","IAP","House","H","Pennsylvania","PA","01","STROUDSBURG","PA","18360","2026","10-NOV-25","2025","202511109792582748"
"H6CA38147","SANCHEZ, MONICA DR.","Democratic Party","DEM","House","H","California","CA","38","PICO RIVERA","CA","90660","2026","10-NOV-25","2025","202511109792582932"
"H6NC01140","RUSSELL, ASHLEY NICOLE","Republican Party","REP","House","H","North Carolina","NC","01","RALEIGH","NC","27624","2026","10-NOV-25","2025","202511109792582973"
"H6NY12248","ALDRICH, KALEY MARIE MS","Republican Party","REP","House","H","New York","NY","12","NEW YORK","NY","10128","2026","10-NOV-25","2025","202511109792582974"
"H6IL07537","EASLEY, PATRICIA P RAE","Republican Party","REP","House","H","Illinois","IL","07","CHICAGO","IL","60651","2026","10-NOV-25","2025","202511109792583530"
"H6TX23273","STOUT, KATY PADILLA","Democratic Party","DEM","House","H","Texas","TX","23","SAN ANTONIO","TX","78212","2026","10-NOV-25","2025","202511109792583508"
"S6IN00282","GREEN, CARMEN CHARMAINE","American Independent Party","AIP","Senate","S","Indiana","IN","00","CARMEL","IN","46032","2026","10-NOV-25","2025","202511109792583517"
"S6MA00304","DEATON, JOHN","Republican Party","REP","Senate","S","Massachusetts","MA","00","BEVERLY","MA","01915","2026","10-NOV-25","2025","202511109792583518"
"H6WV02143","HERSHMAN, LILLYAUNA FRANCIS","Democratic Party","DEM","House","H","West Virginia","WV","02","SMITHERS","WV","25186","2026","10-NOV-25","2025","202511109792583519"
"H6ID01318","ZABEL, SARAH","Independent","IND","House","H","Idaho","ID","01","BAYVIEW","ID","83803","2026","10-NOV-25","2025","202511109792583507"
"H6CA36216","KNUDTSON, RUSTIN","Democratic Party","DEM","House","H","California","CA","36","VENICE","CA","90291","2026","09-NOV-25","2025","202511099792582684"
"H4TX38045","AYERS, AVERY LAMARR","Republican Party","REP","House","H","Texas","TX","38","HOUSTON","TX","77092","2026","09-NOV-25","2025","202511099792582679"
"S6PA00365","STEVENS, DENNIS GENE","Democratic Party","DEM","Senate","S","Pennsylvania","PA","00","ALIQUIPPA","PA","15001","2026","09-NOV-25","2025","202511099792582720"
"H6TX02269","PRICE, VICTOR TYRONE MR.","Democratic Party","DEM","House","H","Texas","TX","02","SPRING","TX","77386","2026","08-NOV-25","2025","202511089792582655"
"H6AZ01421","DONNELLY, BRANDON","Democratic Party","DEM","House","H","Arizona","AZ","01","PHOENIX","AZ","85024","2026","08-NOV-25","2025","202511089792582438"
"S6LA00607","BURKE, TRACIE","Democratic Party","DEM","Senate","S","Louisiana","LA","00","GRETNA","LA","70053","2026","08-NOV-25","2025","202511089792582437"
"H6VA02180","STRICKLER, MATT","Democratic Party","DEM","House","H","Virginia","VA","02","VIRGINIA BEACH","VA","23471","2026","07-NOV-25","2025","202511079792580010"
"H6MI12306","NOLEN, BYRON H","Democratic Party","DEM","House","H","Michigan","MI","12","INKSTER","MI","48141","2026","07-NOV-25","2025","202511079792580027"
"H6KY04189","STRANGE, MELISSA CLAIRE","Democratic Party","DEM","House","H","Kentucky","KY","04","ERLANGER","KY","41018","2026","07-NOV-25","2025","202511079792580295"
"H6TX31144","BERRY, DAVID LEE DR.","Republican Party","REP","House","H","Texas","TX","31","SPICEWOOD","TX","78669","2026","07-NOV-25","2025","202511079792580374"
"H6NJ04232","SMALL, NICHOLAS","Democratic Party","DEM","House","H","New Jersey","NJ","04","EATONTOWN","NJ","07724","2025","07-NOV-25","2025","202511079792580757"
"S6LA00599","DENDY, TRACY COLLENE","Republican Party","REP","Senate","S","Louisiana","LA","00","ALEXANDRIA","LA","71301","2026","07-NOV-25","2025","202511079792580758"
"S6MN00523","BROOKS, CHRISTOPHER JARRED","Republican Party","REP","Senate","S","Minnesota","MN","00","ISANTI","MN","55040","2026","07-NOV-25","2025","202511079792581997"
"H6CA36208","BRIGNANO, HOUSTON","Republican Party","REP","House","H","California","CA","36","LOMITA","CA","90717","2026","06-NOV-25","2025","202511069792579354"
"H6NE01143","BACKEMEYER, CHRISTOPHER","Democratic Party","DEM","House","H","Nebraska","NE","01","LINCOLN","NE","68506","2026","06-NOV-25","2025","202511069792575102"
"H6WA05205","WHISENHUNT, ANTHONY A","Democratic Party","DEM","House","H","Washington","WA","05","MALDEN","WA","99149","2026","06-NOV-25","2025","202511069792579347"
"S6NC00464","MCGINNIS, BRIAN","Green Party","GRE","Senate","S","North Carolina","NC","00","WENDELL","NC","27591","2026","06-NOV-25","2025","202511069792575909"
"H6TX10270","BIUS, WALTER BENJAMIN","Republican Party","REP","House","H","Texas","TX","10","HUNTSVILLE","TX","77340","2026","06-NOV-25","2025","202511069792575380"
"H6NJ11237","GILL, BRENDAN W","Democratic Party","DEM","House","H","New Jersey","NJ","11","MONTCLAIR","NJ","07042","2026","06-NOV-25","2025","202511069792575368"
"H6MA08323","LINARDON, KELECHI","Independent","IND","House","H","Massachusetts","MA","08","BOSTON","MA","02205","2026","06-NOV-25","2025","202511069792579353"
"H6MI10359","BOUCHARD, MICHAEL","Republican Party","REP","House","H","Michigan","MI","10","ROCHESTER HILLS","MI","48307","2026","06-NOV-25","2025","202511069792574931"
"H6NJ06278","HERZIG, HILLARY","Republican Party","REP","House","H","New Jersey","NJ","06","OCEANPORT","NJ","07757","2026","06-NOV-25","2025","202511069792579712"
"H6NC14044","BARR, KATE","Republican Party","REP","House","H","North Carolina","NC","14","DAVDISON","NC","28036","2026","06-NOV-25","2025","202511069792579752"
"H6TX14181","BARTIE, THURMAN BILL MR","Democratic Party","DEM","House","H","Texas","TX","14","PORT ARTHUR","TX","77642","2026","06-NOV-25","2025","202511069792579751"
"H6GA02164","DALEY, BRANDON","Communist Party","COM","House","H","Georgia","GA","02","WARNER ROBINS","GA","31093","2026","06-NOV-25","2025","202511069792579769"
"H0NY15194","BLAKE, MICHAEL","Democratic Party","DEM","House","H","New York","NY","15","BRONX","NY","10451","2026","06-NOV-25","2025","202511069792575304"
"H6NJ11245","MALINOWSKI, TOM","Democratic Party","DEM","House","H","New Jersey","NJ","11","MILLBURN","NJ","07041","2026","06-NOV-25","2025","202511069792579871"
"H6CO01315","OLDFIELD, CHRISTOPHER","Democratic Party","DEM","House","H","Colorado","CO","01","DENVER","CO","80218","2026","05-NOV-25","2025","202511059792573556"
"H6DC01095","SMITH, MICHAEL LAUREL MR.","Democratic Party","DEM","House","H","District Of Columbia","DC","00","WASHINGTON","DC","20010","2026","05-NOV-25","2025","202511059792572889"
"H6KS04231","GILBERT, RYAN","Democratic Party","DEM","House","H","Kansas","KS","04","GODDARD","KS","67052","2026","05-NOV-25","2025","202511059792573935"
"H6NY13253","ROMERO, OSCAR","Democratic Party","DEM","House","H","New York","NY","13","NEW YORK","NY","10029","2026","05-NOV-25","2025","202511059792574894"
"H6AR01148","GAINES, JASON","Republican Party","REP","House","H","Arkansas","AR","01","COMING","AR","72422","2025","05-NOV-25","2025","202511059792573462"
"H8NJ11167","BARTLETT, JOHN","Democratic Party","DEM","House","H","New Jersey","NJ","11","WAYNE","NJ","07470","2026","05-NOV-25","2025","202511059792572296"
"H6PA10216","CASS, JASON","Democratic Party","DEM","House","H","Pennsylvania","PA","10","CARLISLE","PA","17013","2026","05-NOV-25","2025","202511059792574707"
"H6SC01326","CUNNINGHAM, LOGAN","Republican Party","REP","House","H","South Carolina","SC","01","BLUFFTON","SC","29910","2026","05-NOV-25","2025","202511059792574794"
"H4TX18229","DURAL, KEVIN","Democratic Party","DEM","House","H","Texas","TX","18","HOUSTON","TX","77046","2025","05-NOV-25","2025","202511059792574195"
"H6PA05158","CAMPBELL, MELVIN LEE MR JR","Democratic Party","DEM","House","H","Pennsylvania","PA","05","CHESTER","PA","19013","2026","05-NOV-25","2025","202511059792573537"
"H6SC01318","DYKES, TYLER","Republican Party","REP","House","H","South Carolina","SC","01","BLUFFTON","SC","29910","2026","05-NOV-25","2025","202511059792573525"
"S6VA00192","EICHELBERGER, GREGORY","Democratic Party","DEM","Senate","S","Virginia","VA","00","ALEXANDRIA","VA","22314","2026","05-NOV-25","2025","202511059792573524"
"H6TX04166","RUBELL, ANDREW LEE","Democratic Party","DEM","House","H","Texas","TX","04","PLANO","TX","75023","2026","05-NOV-25","2025","202511059792573504"
"H6FL22123","CROWLEY, STEVEN","Republican Party","REP","House","H","Florida","FL","22","BOYNTON BEACH","FL","33435","2026","05-NOV-25","2025","202511059792574152"
"H6KS04249","CARMICHAEL, CHRIS","Democratic Party","DEM","House","H","Kansas","KS","04","ANDOVER","KS","67002","2026","05-NOV-25","2025","202511059792574048"
"S6NJ00354","CALLAHAN, SAXON","Democratic Party","DEM","Senate","S","New Jersey","NJ","00","LONG BRANCH","NJ","07044","2026","05-NOV-25","2025","202511059792573936"
"H6ME02189","CLARK, JAMES L.","Republican Party","REP","House","H","Maine","ME","02","EAST MACHIAS","ME","04630","2026","05-NOV-25","2025","202511059792573557"
"H6CO08120","HASSLER, DANIEL SHANE MR","Democratic Party","DEM","House","H","Colorado","CO","08","WESTMINSTER","CO","80031","2026","04-NOV-25","2025","202511049792570146"
"H6KS03282","STANLEY, BLAKE","Republican Party","REP","House","H","Kansas","KS","03","PARKER","KS","66072","2026","04-NOV-25","2025","202511049792570113"
"H6TX37042","KINNEY, JAMES MR","None","NNE","House","H","Texas","TX","37","AUSTIN","TX","78701","2026","04-NOV-25","2025","202511049792572153"
"S6KY00369","ROMANS, DALE","Democratic Party","DEM","Senate","S","Kentucky","KY","00","LOUISVILLE","KY","40214","2026","04-NOV-25","2025","202511049792572151"
"H6ME01280","ROBERTS, TIFFANY DANIELLE","Democratic Party","DEM","House","H","Maine","ME","01","SOUTH BERWICK","ME","03908","2026","04-NOV-25","2025","202511049792572150"
"H6PA16361","SINGELIS, NICHOLAS II","Independent","IND","House","H","Pennsylvania","PA","16","PULASKI","PA","16143","2026","04-NOV-25","2025","202511049792572147"
"H6IL04153","GARCIA, PATTY","Democratic Party","DEM","House","H","Illinois","IL","04","CHICAGO","IL","60632","2026","04-NOV-25","2025","202511049792572149"
"H6NJ11229","CHAABAN, MARC","Democratic Party","DEM","House","H","New Jersey","NJ","11","PINE BROOK","NJ","07058","2026","03-NOV-25","2025","202511039792079111"
"H4NY03192","HACH, GREGORY","Republican Party","REP","House","H","New York","NY","03","SYOSSET","NY","11791","2026","03-NOV-25","2025","202511039792078889"
"S6VA00184","DANIELS, LORITA DR.","Democratic Party","DEM","Senate","S","Virginia","VA","00","SPOTSYLVANIA","VA","22553","2026","03-NOV-25","2025","202511039792570005"
"P60024437","THOMAS, CHAD JOSEPH","Republican Party","REP","President","P","United States","00","00","CANADIAN","OK","74425","2025","02-NOV-25","2025","202511029792078795"
"H6RI02318","MELLOR, VICTOR GILBERT","Republican Party","REP","House","H","Rhode Island","RI","02","WARWICK","RI","20889","2026","01-NOV-25","2025","202511019792078673"
"H6NC09234","HUNTER-HEROD, TITA L MRS.","Unaffiliated","UN","House","H","North Carolina","NC","09","GRAHAM","NC","27253","2026","31-OCT-25","2025","202510319792076943"
"H6MI10342","INGRAM, CODY R","Republican Party","REP","House","H","Michigan","MI","10","MACOMB","MI","48044","2026","31-OCT-25","2025","202510319792078002"
"H6CA23297","JONES, DAVID ALLEN","Democratic Party","DEM","House","H","California","CA","23","VICTORVILLE","CA","92392","2026","31-OCT-25","2025","202510319792078503"
"H6TX20121","WILKERSON, KENDRA","Democratic Party","DEM","House","H","Texas","TX","20","SAN ANTONIO","TX","78251","2026","31-OCT-25","2025","202510319792078448"
"H6CA07183","MING, KATHRYN S","Republican Party","REP","House","H","California","CA","07","ELK GROVE","CA","95624","2026","31-OCT-25","2025","202510319792078447"
"H6NC11297","CONNORS, JONATHAN R","Libertarian Party","LIB","House","H","North Carolina","NC","11","ASHEVILLE","NC","28806","2026","30-OCT-25","2025","202512010300514397"
"H6TX09181","THAIN, TERRY LEE MR","Republican Party","REP","House","H","Texas","TX","09","CLEVELAND","TX","77328","2026","30-OCT-25","2025","202510309792072853"
"H2GA04201","CHAVEZ, JONATHAN","Republican Party","REP","House","H","Georgia","GA","13","CONYERS","GA","30012","2026","30-OCT-25","2025","202510309792076937"
"H4FL07152","JOHNSON, MICHAEL DON","Republican Party","REP","House","H","Florida","FL","07","LAKE MARY","FL","32795","2026","30-OCT-25","2025","202510309792073410"
"H6IN07428","RIOS, FELIPE JESUS","Republican Party","REP","House","H","Indiana","IN","07","INDIANAPOLIS","IN","46228","2026","30-OCT-25","2025","202510309792074560"
"H2IN01172","GREEN, JENNIFER-RUTH","Republican Party","REP","House","H","Indiana","IN","01","INDIANAPOLIS","IN","46244","2026","30-OCT-25","2025","202510309792072854"
"H6LA04195","GROMLICH, MATTHEW","Democratic Party","DEM","House","H","Louisiana","LA","04","GREENWOOD","LA","71033","2026","29-OCT-25","2025","202510299792043494"
"H6AL01102","SIDWELL, AUSTIN","Republican Party","REP","House","H","Alabama","AL","01","SILVERHILL","AL","36576","2026","29-OCT-25","2025","202510299792038945"
"H6FL19194","STRAND, JOHN","Republican Party","REP","House","H","Florida","FL","19","NAPLES","FL","34108","2026","29-OCT-25","2025","202510299792047001"
"H6TX01360","BAKER, TJ","Democratic Party","DEM","House","H","Texas","TX","01","HOUSTON","TX","77025","2026","29-OCT-25","2025","202510299792043475"
"H6CA41349","ALVAREZ, SIMON MARK MR","Democratic Party","DEM","House","H","California","CA","41","LOS ANGELES","CA","90041","2025","29-OCT-25","2025","202510299792043474"
"H6AZ01413","MONTOYA, ANGIE","Democratic Party","DEM","House","H","Arizona","AZ","01","PHOENIX","AZ","85032","2026","28-OCT-25","2025","202510289792038879"
"H6IA17011","MUHAMMAD, WALI AQUIL","Democratic Party","DEM","House","H","Iowa","IA","17","DES MOINES","IA","50314","2026","28-OCT-25","2025","202510289792038530"
"H6NY12230","KASKY, CAMERON","Democratic Party","DEM","House","H","New York","NY","12","NEW YORK","NY","10028","2026","28-OCT-25","2025","202510289792038836"
"H6WI07223","ALFONSO, MICHAEL","Republican Party","REP","House","H","Wisconsin","WI","07","HUDSON","WI","54016","2026","28-OCT-25","2025","202510289792038874"
"H6KY06259","ARQUETTE, ADAM PEREZ","Republican Party","REP","House","H","Kentucky","KY","06","LEXINGTON","KY","40505","2026","28-OCT-25","2025","202510289792038494"
"H6PA03260","MCCONNIE-SAAD, PABLO IVAN","Democratic Party","DEM","House","H","Pennsylvania","PA","03","PHILADELPHIA","PA","19147","2026","28-OCT-25","2025","202510289792037856"
"H6MA06178","JAKIOUS, RICK","Democratic Party","DEM","House","H","Massachusetts","MA","06","LYNN","MA","01903","2026","28-OCT-25","2025","202510289792037861"
"H6UT02473","MERRILL, STEVEN","Democratic Party","DEM","House","H","Utah","UT","02","CEDAR CITY","UT","84721","2026","28-OCT-25","2025","202510289792038394"
"S6AL00492","LAVENDER, LAMONT","Democratic Party","DEM","Senate","S","Alabama","AL","00","MOBILE","AL","36617","2026","28-OCT-25","2025","202510289792038462"
"H6FL06381","COOPER, ROBERT DAVID MR II","Democratic Party","DEM","House","H","Florida","FL","06","OCALA","FL","34483","2026","28-OCT-25","2025","202510289792037855"
"H6WI07215","WASSGREN, PAUL","Republican Party","REP","House","H","Wisconsin","WI","07","ASHLAND","WI","54806","2026","27-OCT-25","2025","202510279792025054"
"H6TX10262","ECKHARDT, SARAH","Democratic Party","DEM","House","H","Texas","TX","10","AUSTIN","TX","78703","2026","27-OCT-25","2025","202510279792025055"
"H6AZ09101","WARD, CAMELIA","Democratic Party","DEM","House","H","Arizona","AZ","09","BUCKEYE","AZ","85326","2026","27-OCT-25","2025","202510279792025768"
"S6NC00456","DUES, JUSTIN","Democratic Party","DEM","Senate","S","North Carolina","NC","00","CONCORD","NC","28025","2026","27-OCT-25","2025","202510279792025783"
"H6AR04084","RUSSELL, JAMES RICHARD MR III","Democratic Party","DEM","House","H","Arkansas","AR","04","LITTLE ROCK","AR","72204","2026","27-OCT-25","2025","202510279792026247"
"H6TX10254","ECKHARDT, SARAH","Democratic Party","DEM","House","H","Texas","TX","10","AUSTIN","TX","78703","2026","27-OCT-25","2025","202510279792025044"
"H6TX09173","MORALES, ROY MR.","Independent","IND","House","H","Texas","TX","09","PASADENA","TX","77505","2026","27-OCT-25","2025","202510279792027920"
"H6UT02465","MERRILL, STEVEN","Democratic Party","DEM","House","H","Utah","UT","02","CEDAR CITY","UT","84721","2026","27-OCT-25","2025","202510279792027921"
"H6GA12098","PEACE-NICHOLS, TRACELL","Democratic Party","DEM","House","H","Georgia","GA","12","AUGUSTA","GA","30909","2026","27-OCT-25","2025","202510279792027922"
"H6MD05297","LUPER, HEATHER MARIE","Democratic Party","DEM","House","H","Maryland","MD","05","BOWIE","MD","20715","2026","27-OCT-25","2025","202510279792037809"
"H6MN05357","NAGEL, JOHN","Republican Party","REP","House","H","Minnesota","MN","05","GOLDEN VALLEY","MN","55427","2026","27-OCT-25","2025","202510279792027853"
"H6WA03291","TANNER, SUZZANNA","Independent","IND","House","H","Washington","WA","03","VANCOUVER","WA","98661","2026","25-OCT-25","2025","202510259792024874"
"S6NM01137","SMITH, TOBY MR.","Jewish/Christian National","JCN","Senate","S","New Mexico","NM","00","ALBERQUERQUE","NM","87311","2026","25-OCT-25","2025","202510259792024957"
"H6IA04241","JENSEN, DOUGLAS","Republican Party","REP","House","H","Iowa","IA","04","SILVER CITY","IA","51571","2026","25-OCT-25","2025","202510259792024950"
"S6SD01133","MCNEAL, JUSTIN S","Republican Party","REP","Senate","S","South Dakota","SD","00","RAPID CITY","SD","57709","2026","25-OCT-25","2025","202510259792024911"
"H6GA11124","WOLFERT, BARRY CRAIG MR.","Democratic Party","DEM","House","H","Georgia","GA","11","MARIETTA","GA","30062","2026","24-OCT-25","2025","202510249792007834"
"H6NC11271","MADDOX, PAUL","Democratic Party","DEM","House","H","North Carolina","NC","11","BURNSVILLE","NC","28714","2026","24-OCT-25","2025","202510249792008060"
"H6TX14173","DAVIS, RICHARD HARVEY III","Democratic Party","DEM","House","H","Texas","TX","14","DICKINSON","TX","77539","2026","24-OCT-25","2025","202510249792024708"
"H6VA05191","KRZYZANOWSKI, SUZANNE K","Democratic Party","DEM","House","H","Virginia","VA","05","BEDFORD","VA","24523","2026","24-OCT-25","2025","202510249792024707"
"H6MI10334","KIRK, JUSTIN","Republican Party","REP","House","H","Michigan","MI","10","CLINTON TOWNSHIP","MI","48038","2026","24-OCT-25","2025","202510249792024698"
"H4TX18138","EDWARDS, AMANDA","Democratic Party","DEM","House","H","Texas","TX","18","HOUSTON","TX","77288","2025","23-OCT-25","2025","202510239792007192"
"H6CA25243","KESSELMARK, JOHN KENNEDY MR II","Republican Party","REP","House","H","California","CA","25","HEMET","CA","92544","2026","23-OCT-25","2025","202510239791992606"
"H6MA06160","NGUYEN, TRAM","Democratic Party","DEM","House","H","Massachusetts","MA","06","ANDOVER","MA","01810","2026","23-OCT-25","2025","202510239791992615"
"H6TX04174","PEARCE, JASON","Democratic Party","DEM","House","H","Texas","TX","04","PLANO","TX","75024","2026","23-OCT-25","2025","202510239792005700"
"H6TX04166","RUBELL, ANDREW LEE","Democratic Party","DEM","House","H","Texas","TX","04","PLANO","TX","75023","2025","23-OCT-25","2025","202510239791998359"
"H8TX29110","BLANCO, JAIMY","Republican Party","REP","House","H","Texas","TX","09","PASADENA","TX","77505","2026","23-OCT-25","2025","202510239792005315"
"H6NC06180","KASSAY, ALYSA","Democratic Party","DEM","House","H","North Carolina","NC","06","GREENSBORO","NC","27417","2026","23-OCT-25","2025","202510239791992706"
"H0TX35064","SHARON, JENNIFER","Republican Party","REP","House","H","Texas","TX","10","AUSTIN","TX","78734","2026","22-OCT-25","2025","202510229791991395"
"H6TX30229","NICKSON, CODY","Republican Party","REP","House","H","Texas","TX","30","FRISCO","TX","75033","2026","22-OCT-25","2025","202510229791991408"
"H8CA11116","WIENER, SCOTT","Democratic Party","DEM","House","H","California","CA","11","OAKLAND","CA","94607","2026","22-OCT-25","2025","202510229791991618"
"H6IN01231","REGNITZ, BARB","Republican Party","REP","House","H","Indiana","IN","01","VALPARAISO","IN","46384","2026","22-OCT-25","2025","202510229791991414"
"S6NH00208","SUNUNU, JOHN E","Republican Party","REP","Senate","S","New Hampshire","NH","00","HAMPTON","NH","03483","2026","22-OCT-25","2025","202510229791991456"
"H6IL07529","RAO, ANITA M.D.","Independent","IND","House","H","Illinois","IL","07","OAK PARK","IL","60302","2026","22-OCT-25","2025","202510229791991409"
"S0KY00339","MCGRATH, AMY","Democratic Party","DEM","Senate","S","Kentucky","KY","00","PARIS","KY","40362","2026","21-OCT-25","2025","202510219791974777"
"H6TX34130","NAGY, JAY","Republican Party","REP","House","H","Texas","TX","34","BROWNSVILLE","TX","78520","2026","21-OCT-25","2025","202510219791976547"
"H6AZ05265","LAMB, MARK","Republican Party","REP","House","H","Arizona","AZ","05","SAN TAN VALLEY","AZ","85143","2026","21-OCT-25","2025","202510219791991367"
"H6GA03196","BUHACOFF, ADRIENNE","Independent","IND","House","H","Georgia","GA","03","CATAULA","GA","31804","2026","21-OCT-25","2025","202510219791991376"
"H6KY04171","GALLREIN, ED","Republican Party","REP","House","H","Kentucky","KY","04","SHELBYVILLE","KY","40066","2026","21-OCT-25","2025","202510219791977154"
"H6NY02181","MURPHY, JESSICA NICOLE","Democratic Party","DEM","House","H","New York","NY","02","AMITYVILLE","NY","11701","2026","21-OCT-25","2025","202510219791977269"
"H6MO02350","VIVIO, NICHOLAS","Democratic Party","DEM","House","H","Missouri","MO","02","MARYLAND HEIGHTS","MO","63043","2026","21-OCT-25","2025","202510219791977293"
"H6IL03171","VAJIC, SPOMENKA","Republican Party","REP","House","H","Illinois","IL","03","CHICAGO","IL","60618","2026","21-OCT-25","2025","202510219791977304"
"H6OH06194","CONNOLLY, SEAN MICHAEL","Democratic Party","DEM","House","H","Ohio","OH","06","CANFIELD","OH","44406","2025","21-OCT-25","2025","202510219791977321"
"H6FL28021","ROJAS, EDDY","Independent","IND","House","H","Florida","FL","28","MIAMI","FL","33116","2026","21-OCT-25","2025","202510219791991307"
"H6UT02457","GILLINS, JAROM","Democratic Party","DEM","House","H","Utah","UT","02","FARMINGTON","UT","84025","2026","21-OCT-25","2025","202510219791991352"
"H6TX14165","VOGIATZIS, KONSTANTINOS","Democratic Party","DEM","House","H","Texas","TX","14","ROSHARON","TX","77583","2026","21-OCT-25","2025","202510219791970645"
"H6MA06152","BECCIA, JOHN","Democratic Party","DEM","House","H","Massachusetts","MA","06","LYNNFIELD","MA","01940","2026","21-OCT-25","2025","202510219791970670"
"H6CO05332","CAVANAUGH, MATTHEW","Independent","IND","House","H","Colorado","CO","05","MANITOU SPRINGS","CO","80829","2026","21-OCT-25","2025","202510219791970675"
"H6KY06234","JAY, BOWMAN J","None","NNE","House","H","Kentucky","KY","06","LEXINGTON","KY","40507","2026","21-OCT-25","2025","202510219791970681"
"H6NC02197","BENNETT, ROBERT","Democratic Party","DEM","House","H","North Carolina","NC","02","RALEIGH","NC","27628","2026","21-OCT-25","2025","202510219791973512"
"H6VA02172","DEVANATH, NILA","Democratic Party","DEM","House","H","Virginia","VA","02","VIRGINIA BEACH","VA","23466","2026","21-OCT-25","2025","202510219791973845"
"H6KY06242","LYNCH, PETER SHAW KELLER DR.","Independent","IND","House","H","Kentucky","KY","06","LEXINGTON","KY","40504","2026","21-OCT-25","2025","202510219791975780"
"H6TX26144","SHOOK, STEVEN JAMES","Democratic Party","DEM","House","H","Texas","TX","26","HASLET","TX","76052","2026","21-OCT-25","2025","202510219791991353"
"H6NY12214","BORES, ALEXANDER","Democratic Party","DEM","House","H","New York","NY","12","NEW YORK","NY","10128","2026","20-OCT-25","2025","202510209791656547"
"H6AK01084","SCHULTZ, MATTHEW DAMIAN","Democratic Party","DEM","House","H","Alaska","AK","00","ANCHORAGE","AK","99524","2026","20-OCT-25","2025","202510209791659722"
"H6TX23265","HALE-ASHE, PATTI ANN","Independent","IND","House","H","Texas","TX","23","SAN ANTONIO","TX","78252","2026","20-OCT-25","2025","202510209791691571"
"H6CA32231","SAUTTER, JOSH","Democratic Party","DEM","House","H","California","CA","32","ENCINO","CA","91316","2026","20-OCT-25","2025","202510209791697995"
"H6AZ01405","SWOBODA, GINA","Republican Party","REP","House","H","Arizona","AZ","01","SCOTTSDALE","AZ","85252","2026","20-OCT-25","2025","202510209791858928"
"H6IL02397","KEATING, PATRICK JOHN","Democratic Party","DEM","House","H","Illinois","IL","02","FLOSSMOOR","IL","60422","2026","20-OCT-25","2025","202510209791967517"
"H6HI02426","AWA, BRENTON","Republican Party","REP","House","H","Hawaii","HI","02","KANEOHE","HI","96744","2026","20-OCT-25","2025","202510209791863683"
"H6LA02249","SMITH, RAY","Republican Party","REP","House","H","Louisiana","LA","02","AVONDALE","LA","70094","2026","20-OCT-25","2025","202510209791889484"
"H6NY12222","FLOYD, JAMI","Democratic Party","DEM","House","H","New York","NY","12","NEW YORK","NY","10023","2026","20-OCT-25","2025","202510209791903054"
"H6NH02279","TARDIF, CHRISTOPHER","Democratic Party","DEM","House","H","New Hampshire","NH","02","ATKINSON","NH","03811","2026","20-OCT-25","2025","202510209791932319"
"H6TX08241","FONDREN, JAY","Republican Party","REP","House","H","Texas","TX","08","WILLIS","TX","77378","2026","20-OCT-25","2025","202510209791862819"
"H6OR05234","LOCKWOOD, JONATHAN","Republican Party","REP","House","H","Oregon","OR","05","LEBANON","OR","97355","2026","19-OCT-25","2025","202510199791653290"
"S6CA01061","MUNOZ, EDGAR F","Independent","IND","Senate","S","California","CA","00","LAKESIDE","CA","92040","2025","19-OCT-25","2025","202510199791652695"
"H6NY04179","MCGRATH, DENNIS JOSEPH MR.","Republican Party","REP","House","H","New York","NY","04","MASSAPEQUA","NY","11758","2026","18-OCT-25","2025","202510189791649355"
"H6OH01179","HANCOCK, JOHN DAVID JR","Libertarian Party","LIB","House","H","Ohio","OH","01","CINCINNATI","OH","45220","2026","18-OCT-25","2025","202510189791652179"
"H6CA10179","MAISLER, MITCHELL DAVID","Democratic Party","DEM","House","H","California","CA","10","WALNUT CREEK","CA","94598","2026","18-OCT-25","2025","202510189791649384"
"H6GA11116","HARDEN, CHRISTOPHER MATTHEW","Democratic Party","DEM","House","H","Georgia","GA","11","WOODSTOCK","GA","30188","2026","17-OCT-25","2025","202510179791637830"
"H6CA47098","TROUTMAN, ERIC J","Independent","IND","House","H","California","CA","47","IRVINE","CA","92618","2026","17-OCT-25","2025","202510179791640084"
"H6TX30211","JACKSON, EVERETT HONORABLE","Republican Party","REP","House","H","Texas","TX","30","DESOTO","TX","75115","2026","17-OCT-25","2025","202510179791640085"
"S6LA00581","EMERSON, JULIE CATHRYN","Republican Party","REP","Senate","S","Louisiana","LA","00","YOUNGSVILLE","LA","70592","2026","17-OCT-25","2025","202510179791646013"
"H6OR02264","MCALMOND, RUSSELL 5035244864","Republican Party","REP","House","H","Oregon","OR","02","GRANTS PASS","OR","97526","2026","17-OCT-25","2025","202510179791644546"
"H6WA08159","HA, TRINH DR.","Republican Party","REP","House","H","Washington","WA","08","BELLEVUE","WA","98006","2026","17-OCT-25","2025","202510179791645529"
"H6CA15186","KUMAR, MANTOSH","Democratic Party","DEM","House","H","California","CA","15","SAN MATEO","CA","94403","2026","17-OCT-25","2025","202510179791640095"
"H6NM02135","OROZCO, JOSE","Republican Party","REP","House","H","New Mexico","NM","02","ALBUQUERQUE","NM","87193","2026","16-OCT-25","2025","202510169791606189"
"S6MA00296","MOULTON, SETH","Democratic Party","DEM","Senate","S","Massachusetts","MA","00","SALEM","MA","01970","2026","16-OCT-25","2025","202510169791618128"
"H8UT04053","MCADAMS, BEN","Democratic Party","DEM","House","H","Utah","UT","04","SLC","UT","84106","2026","16-OCT-25","2025","202510169791618155"
"H8MA03072","KOH, DANIEL ARRIGG","Democratic Party","DEM","House","H","Massachusetts","MA","06","ANDOVER","MA","01810","2026","16-OCT-25","2025","202510169791624279"
"H6FL11241","WEBSTER, ROYAL MR.","Democratic Party","DEM","House","H","Florida","FL","11","WINTER GARDEN","FL","34787","2026","16-OCT-25","2025","202510169791629961"
"H6TX14157","VOGIATZIS, KONSTANTINOS","Democratic Party","DEM","House","H","Texas","TX","14","ROSHARON","TX","77583","2026","16-OCT-25","2025","202510169791626097"
"H6FL05250","GRAGE, RACHEL","Democratic Party","DEM","House","H","Florida","FL","05","JACKSONVILLE BEACH","FL","32250","2026","16-OCT-25","2025","202510169791626453"
"S8OH00144","FARIS, STEPHEN I MR","Independent","IND","Senate","S","Ohio","OH","00","FAIRBORN","OH","45324","2026","16-OCT-25","2025","202510169791626699"
"H6TX16152","BAUMAN, ADAM","Republican Party","REP","House","H","Texas","TX","16","EL PASO","TX","79928","2026","16-OCT-25","2025","202510169791626700"
"H6CA41331","PETERSON, ERIC","Democratic Party","DEM","House","H","California","CA","41","CORONA","CA","92883","2026","16-OCT-25","2025","202510169791624531"
"H6PA03252","MARTIN, ISAIAH T III","Democratic Party","DEM","House","H","Pennsylvania","PA","03","PHILADELPHIA","PA","19146","2026","15-OCT-25","2025","202510159791363088"
"H6TN05405","HATCHER, CHARLIE","Republican Party","REP","House","H","Tennessee","TN","05","BETHESDA","MD","20824","2026","15-OCT-25","2025","202510159790901888"
"H6TX10247","KING, KARA","Republican Party","REP","House","H","Texas","TX","10","BETHESDA","MD","20824","2026","15-OCT-25","2025","202510159790907054"
"H6KS04223","SCHNEIDER, DANIEL","Democratic Party","DEM","House","H","Kansas","KS","04","WICHITA","KS","67207","2026","15-OCT-25","2025","202510159791031579"
"H6IL02124","JACKSON, JESSE L. JR","Democratic Party","DEM","House","H","Illinois","IL","02","CHICAGO","IL","60649","2026","15-OCT-25","2025","202510159791046155"
"H6SC01300","FULMER, MATTHEW","Democratic Party","DEM","House","H","South Carolina","SC","01","BLUFFTON","SC","29910","2026","15-OCT-25","2025","202510159791089920"
"S6TX00529","TRAKAS, ANDREW KYLE","Republican Party","REP","Senate","S","Texas","TX","00","DENTON","TX","76205","2026","15-OCT-25","2025","202510159791207109"
"H6GA05324","BEATTY, ARNETRESS","Democratic Party","DEM","House","H","Georgia","GA","05","COLLEGE PARK","GA","30349","2026","15-OCT-25","2025","202510159791483004"
"S6KS00262","SPIDEL NEUMANN, SANDY","Democratic Party","DEM","Senate","S","Kansas","KS","00","MISSION","KS","66201","2026","15-OCT-25","2025","202510159791595730"
"S6OH00403","ROSE, DAKOTA","Democratic Party","DEM","Senate","S","Ohio","OH","00","ATWATER","OH","44201","2026","15-OCT-25","2025","202510159790803054"
"H6NH01420","DILORENZO, ANTHONY","Republican Party","REP","House","H","New Hampshire","NH","01","MANCHESTER","NH","031034098","2026","15-OCT-25","2025","202510159790803213"
"H6NY23559","GIES, AARON DR.","Democratic Party","DEM","House","H","New York","NY","23","OLEAN","NY","14760","2026","15-OCT-25","2025","202510159790861304"
"S6CO00481","JONES, DATHAN CHARLES","Republican Party","REP","Senate","S","Colorado","CO","00","ALAMOSA","CO","81101","2026","14-OCT-25","2025","202510149790796045"
"H6TX10239","MACLEOD, SCOTT","Republican Party","REP","House","H","Texas","TX","10","AUSTIN","TX","78717","2026","14-OCT-25","2025","202510149790783016"
"H6AZ08244","MARTINES, JESSIE FLORENZO","Democratic Party","DEM","House","H","Arizona","AZ","08","GLENDALE","AZ","85306","2026","14-OCT-25","2025","202510149790784482"
"H6GA12080","SMITH, CERETTA","Democratic Party","DEM","House","H","Georgia","GA","12","GROVETOWN","GA","30813","2026","14-OCT-25","2025","202510149790785582"
"H6NC14036","CALDWELL, BRENT","Democratic Party","DEM","House","H","North Carolina","NC","14","CHARLOTTE","NC","28278","2026","14-OCT-25","2025","202510149790786101"
"H6GA07189","BARFIELD, STEPHEN ERIC MR.","Republican Party","REP","House","H","Georgia","GA","07","CUMMING","GA","30040","2026","14-OCT-25","2025","202510149790786307"
"H6TX27126","HATLEY, CHRIS","Republican Party","REP","House","H","Texas","TX","27","BRENHAM","TX","77833","2026","14-OCT-25","2025","202510149790788963"
"H6SC01292","BROWN, DAN","Republican Party","REP","House","H","South Carolina","SC","01","BLUFFTON","SC","29910","2026","14-OCT-25","2025","202510149790790419"
"H6AZ01397","DUEY, JASON S.","Republican Party","REP","House","H","Arizona","AZ","01","SCOTTSDALE","AZ","85260","2026","14-OCT-25","2025","202510149790791012"
"H6KS04207","MITCHELL, JORDAN L","Democratic Party","DEM","House","H","Kansas","KS","04","WICHITA","KS","67216","2026","14-OCT-25","2025","202510149790794138"
"S6ME00407","MILLS, JANET TRAFTON","Democratic Party","DEM","Senate","S","Maine","ME","00","PORTLAND","ME","04101","2026","14-OCT-25","2025","202510149790776565"
"H6TX21434","TESSMER, HEATHER ANN","Republican Party","REP","House","H","Texas","TX","21","BOERNE","TX","78006","2026","14-OCT-25","2025","202510149790777073"
"H6IL07511","COLLINS, KINA I","Democratic Party","DEM","House","H","Illinois","IL","07","CHICAGO","IL","60301","2026","14-OCT-25","2025","202510149790778777"
"H6CA03158","PAN, RICHARD DR.","Democratic Party","DEM","House","H","California","CA","03","SACRAMENTO","CA","95835","2026","14-OCT-25","2025","202510149790780337"
"H8MO01143","BUSH, CORI","Democratic Party","DEM","House","H","Missouri","MO","01","ST LOUIS","MO","63132","2026","14-OCT-25","2025","202510149790781799"
"H6VA05183","STICHEL, ADELE","Democratic Party","DEM","House","H","Virginia","VA","05","CHARLOTTESVILLE","VA","22902","2026","14-OCT-25","2025","202510149790782214"
"S6FL00806","MUJICA, HECTOR DANIEL","Democratic Party","DEM","Senate","S","Florida","FL","00","WASHINGTON","DC","20001","2026","14-OCT-25","2025","202510149790799555"
"H6MS03228","CHIARADIO, MICHAEL ALEXIS","Democratic Party","DEM","House","H","Mississippi","MS","03","SHUBUTA","MS","39360","2026","13-OCT-25","2025","202510139790748708"
"H6TN04226","ARNOLD, ROBERT","GOP","GOP","House","H","Tennessee","TN","04","MURFREESBORO","TN","37129","2026","13-OCT-25","2025","202510139790749429"
"H6KY06226","PLUCINSKI, GREG","Republican Party","REP","House","H","Kentucky","KY","06","NICHOLASVILLE","KY","40356","2026","13-OCT-25","2025","202510139790754738"
"H6TX37034","PENDRAGON, SOREN","Democratic Party","DEM","House","H","Texas","TX","37","AUSTIN","TX","78704","2026","13-OCT-25","2025","202510139790750349"
"H6FL03123","ABOUJAOUDE, ROCK ADEL MR. JR.","Democratic Party","DEM","House","H","Florida","FL","03","GAINESVILLE","FL","32635","2026","13-OCT-25","2025","202510139790750324"
"H6NY02173","PETERSEN, GARRETT","Democratic Party","DEM","House","H","New York","NY","02","EAST ISLIP","NY","11730","2026","12-OCT-25","2025","202510129790746023"
"H6NC07204","ABU-GHAZALAH, MAAD","Libertarian Party","LIB","House","H","North Carolina","NC","07","WILMINGTON","NC","28409","2026","12-OCT-25","2025","202510129790746318"
"H6CA02283","SMART, COLBY DR.","None","NNE","House","H","California","CA","02","EUREKA","CA","95501","2026","12-OCT-25","2025","202510129790746302"
"S2GA00282","MCCOLUMN, JONATHAN MR","Republican Party","REP","Senate","S","Georgia","GA","00","WARNER ROBINS","GA","31099","2026","11-OCT-25","2025","202510119790745605"
"H6PA08301","STONE, ERIC BRYAN","Democratic Party","DEM","House","H","Pennsylvania","PA","08","SCANTRON","PA","18504","2026","11-OCT-25","2025","202510119790744231"
"H6IL09392","BARRERA, DELILA","Democratic Party","DEM","House","H","Illinois","IL","09","ITASCA","IL","60143","2026","11-OCT-25","2025","202510119790743838"
"H6FL05243","DREW, DAVID HODSON MR.","Democratic Party","DEM","House","H","Florida","FL","05","JACKSONVILLE","FL","32247","2026","10-OCT-25","2025","202510109790739356"
"H6TX21426","MARTINEZ, WESTON CHARLES","Republican Party","REP","House","H","Texas","TX","21","MCLEAN","VA","22101","2026","09-OCT-25","2025","202510099790738805"
"H6TX35095","GARCIA, JOHNNY","Democratic Party","DEM","House","H","Texas","TX","35","SAN ANTONIO","TX","78214","2026","09-OCT-25","2025","202510099790720362"
"H6NE02257","RHOADES, CRYSTAL","Democratic Party","DEM","House","H","Nebraska","NE","02","OMAHA","NE","68102","2026","09-OCT-25","2025","202510099790721488"
"H6WI07207","CLARK, FREDERIC","Democratic Party","DEM","House","H","Wisconsin","WI","07","BAYFIELD","WI","54814","2026","09-OCT-25","2025","202510099790721893"
"H6MD05289","JACKSON, TERRY ANTONIO MR. II","Democratic Party","DEM","House","H","Maryland","MD","05","BOWIE","MD","20715","2026","09-OCT-25","2025","202510099790722544"
"H6UT04024","BURT, STEVEN","Independent","IND","House","H","Utah","UT","04","SOUTH JORDAN","UT","84095","2026","09-OCT-25","2025","202510099790737041"
"H6MT02150","MILLER, BRIAN JAMES","Democratic Party","DEM","House","H","Montana","MT","02","HELENA","MT","59601","2026","09-OCT-25","2025","202510099790724155"
"H6MI11266","PRIETO, ANTONIO J","Republican Party","REP","House","H","Michigan","MI","11","FARMINGTON","MI","48336","2026","09-OCT-25","2025","202510099790735207"
"H6NY02165","OSORIO, EDWIN","Democratic Party","DEM","House","H","New York","NY","02","QUEENS VILLAGE","NY","11428","2026","09-OCT-25","2025","202510099790735635"
"H6MI11274","TORRES, JOHN PAUL","Democratic Party","DEM","House","H","Michigan","MI","11","WATERFORD","MI","48327","2026","09-OCT-25","2025","202510099790736192"
"H6FL03115","ALBERS, TROY","Democratic Party","DEM","House","H","Florida","FL","03","LAKE CITY","FL","32025","2026","09-OCT-25","2025","202510099790724123"
"H6FL07207","EWERS, BENJAMIN RICHARD","Democratic Party","DEM","House","H","Florida","FL","07","DELTONA","FL","32725","2026","08-OCT-25","2025","202510089790716848"
"H6TX01352","PRINCE, YOLANDA RENA","Democratic Party","DEM","House","H","Texas","TX","01","TYLER","TX","75702","2026","08-OCT-25","2025","202510089790716862"
"H6TN09449","PEARSON, JUSTIN J.","Democratic Party","DEM","House","H","Tennessee","TN","09","MEMPHIS","TN","38190","2026","08-OCT-25","2025","202510089790717369"
"S6TX00511","HUNT, WESLEY","Republican Party","REP","Senate","S","Texas","TX","00","HOUSTON","TX","77056","2026","08-OCT-25","2025","202510089790717807"
"H6MO04257","PROVINCE, DANNY PAUL MR.","Democratic Party","DEM","House","H","Missouri","MO","04","WARRENSBURG","MO","64093","2026","08-OCT-25","2025","202510089790718482"
"H6TX21384","ROJAS, PAUL","Republican Party","REP","House","H","Texas","TX","21","NEW BRAUNFELS","TX","78130","2026","08-OCT-25","2025","202510089790718494"
"H6CA48328","BUCY, MICHAEL WILLIAM","Independent","IND","House","H","California","CA","48","EL CAJON","CA","92020","2026","08-OCT-25","2025","202510089790719729"
"H6CA26258","SCOTT, WILLIAM","Republican Party","REP","House","H","California","CA","26","FILLMORE","CA","93015","2026","08-OCT-25","2025","202510089790719168"
"H6SD01158","BIALOTA, JAMES M MR.","Republican Party","REP","House","H","South Dakota","SD","00","PIEDMONT","SD","57769","2026","08-OCT-25","2025","202510089790719349"
"H6NY12206","BOTTCHER, ERIK","Democratic Party","DEM","House","H","New York","NY","12","NEW YORK","NY","101011974","2026","08-OCT-25","2025","202510089790716843"
"H6TX11104","RUIZ, PEDRO","Democratic Party","DEM","House","H","Texas","TX","11","MIDLAND","TX","79703","2026","08-OCT-25","2025","202510089790719679"
"H6NJ05247","RUEDA, ADAM","Write-In","W","House","H","New Jersey","NJ","05","NEWTON","NJ","07054","2026","08-OCT-25","2025","202510089790719691"
"H6TX21392","OKERSON, MATTHEW MICHAEL","Republican Party","REP","House","H","Texas","TX","21","NEW BRAUNFELS","TX","78132","2026","08-OCT-25","2025","202510089790718674"
"H6IL06190","RUZEVICH, JOSEPH","Democratic Party","DEM","House","H","Illinois","IL","06","CHICAGO","IL","60655","2025","07-OCT-25","2025","202510079790713918"
"H6KS03274","LAPORTE, CHASE","Republican Party","REP","House","H","Kansas","KS","03","MISSION","KS","66202","2026","07-OCT-25","2025","202510079790706549"
"H6TX35087","DE LA CRUZ, CARLOS JR.","Republican Party","REP","House","H","Texas","TX","35","UNIVERSAL CITY","TX","78148","2026","07-OCT-25","2025","202510079790706604"
"H6FL13239","FORD, EARLE","Democratic Party","DEM","House","H","Florida","FL","13","LUTZ","FL","33549","2026","07-OCT-25","2025","202510079790713779"
"H6NC10208","MORLEY, HARRY CLARE MR JR","Democratic Party","DEM","House","H","North Carolina","NC","10","WINSTON-SALEM","NC","27104","2026","07-OCT-25","2025","202510079790707209"
"H6AZ08236","ROSE, AMANDA DAWN","Republican Party","REP","House","H","Arizona","AZ","08","TEMPE","AZ","85282","2025","07-OCT-25","2025","202510079790707228"
"H6AZ01389","REEVS, PAUL C","Republican Party","REP","House","H","Arizona","AZ","01","CAVE CREEK","AZ","85331","2026","07-OCT-25","2025","202510079790707600"
"H6TN06254","ADAMS, JACOB ALAN","Republican Party","REP","House","H","Tennessee","TN","06","HENDERSONVILLE","TN","37077","2026","07-OCT-25","2025","202510079790707139"
"H6NH01412","NOVELETSKY, HOLLIE T","Republican Party","REP","House","H","New Hampshire","NH","01","GREENLAND","NH","03840","2026","06-OCT-25","2025","202510069790678611"
"H6ME02171","DUNLAP, MATT","Democratic Party","DEM","House","H","Maine","ME","02","OLD TOWN","ME","04468","2026","06-OCT-25","2025","202510069790706493"
"H6CA01251","DENNEY, AUDREY","Democratic Party","DEM","House","H","California","CA","01","CHICO","CA","95927","2026","06-OCT-25","2025","202510069790700673"
"H6MS03210","MCINNISH, SHAUN","Libertarian Party","LIB","House","H","Mississippi","MS","03","PELAHATCHIE","MS","39145","2026","06-OCT-25","2025","202510069790700812"
"H6CA45191","VO, CHUONG","Republican Party","REP","House","H","California","CA","45","CERRITOS","CA","90703","2026","06-OCT-25","2025","202510069790700813"
"H6OR02249","CARR, ANDREA","Republican Party","REP","House","H","Oregon","OR","02","CHILOQUIN","OR","97624","2026","06-OCT-25","2025","202510069790701049"
"H6VA01307","KNAPP, JASON","Democratic Party","DEM","House","H","Virginia","VA","01","WASHINGTON","DC","20005","2026","06-OCT-25","2025","202510069790706202"
"H6UT02440","GILLINS, JAROM","Democratic Party","DEM","House","H","Utah","UT","02","FARMINGTON","UT","84025","2026","06-OCT-25","2025","202510069790706240"
"H6CA23289","MATTHEWS, KAREN","Independent","IND","House","H","California","CA","23","LOMA LINDA","CA","92354","2026","06-OCT-25","2025","202510069790678357"
"H6TX21376","TRAINOR, JAMES E III","Republican Party","REP","House","H","Texas","TX","21","AUSTIN","TX","78737","2026","06-OCT-25","2025","202510069790678379"
"H6DC00196","PINTO, BROOKE","Democratic Party","DEM","House","H","District Of Columbia","DC","00","WASHINGTON","DC","20033","2026","06-OCT-25","2025","202510069790678399"
"H6TX38057","MCNABB, BARRETT","Republican Party","REP","House","H","Texas","TX","38","HOUSTON","TX","77007","2026","06-OCT-25","2025","202510069790678568"
"H6KS04256","CATANESE, PAUL VINCENT","Independent","IND","House","H","Kansas","KS","04","WICHITA","KS","67211","2026","06-OCT-25","2025","202511240300514179"
"H6OK02274","WEBB, WILLIAM MIXHAEL","Republican Party","REP","House","H","Oklahoma","OK","02","EUFAULA","OK","74432","2026","06-OCT-25","2025","202510069790706280"
"H6AZ09093","LARA, KEITH JOSEPH","Democratic Party","DEM","House","H","Arizona","AZ","09","ARLINGTON","AZ","85322","2026","06-OCT-25","2025","202510069790706298"
"H6TX38065","DEZEVALLOS, SHELLY","Republican Party","REP","House","H","Texas","TX","38","HOUSTON","TX","77024","2026","06-OCT-25","2025","202510069790678657"
"H6TX24214","HENDLEY, AARON","Democratic Party","DEM","House","H","Texas","TX","24","KELLER","TX","76248","2026","05-OCT-25","2025","202510059790678077"
"H6IL15134","TEBRUGGE, RYAN","Republican Party","REP","House","H","Illinois","IL","15","SPRINGFIELD","IL","62702","2026","05-OCT-25","2025","202510059790678174"
"P60024429","WILSON, SOMMER LEE","Write-In","W","President","P","United States","00","00","MURFREESBORO","TN","37130","2025","05-OCT-25","2025","202510059790678156"
"H6TX32167","PEARSON, TOBEY MR","Republican Party","REP","House","H","Texas","TX","32","ROWLETT","TX","75089","2026","04-OCT-25","2025","202510049790676789"
"H6AZ01371","SOWERS, BRANDON","Republican Party","REP","House","H","Arizona","AZ","01","SCOTTSDALE","AZ","85262","2026","04-OCT-25","2025","202510049790676871"
"H6TX32183","PEARSON, TOBEY MR","Republican Party","REP","House","H","Texas","TX","32","ROWLETT","TX","75089","2026","04-OCT-25","2025","202510049790676791"
"H6TX32175","PEARSON, TOBEY MR","Republican Party","REP","House","H","Texas","TX","32","ROWLETT","TX","75089","2026","04-OCT-25","2025","202510049790676790"
"H6KY05186","RUVOLO-HURLEY, BENJAMIN LEE","Republican Party","REP","House","H","Kentucky","KY","05","KIMPER","KY","41539","2026","03-OCT-25","2025","202510039790675373"
"H6AZ07121","GRIJALVA, ADELITA","Democratic Party","DEM","House","H","Arizona","AZ","07","WASHINGTON","DC","20033","2026","03-OCT-25","2025","202510039790675533"
"H6TX30203","REAZOR, STEPHANI","Republican Party","REP","House","H","Texas","TX","30","AUSTIN","TX","78701","2026","03-OCT-25","2025","202510039790676401"
"H6VA07213","THYMMONS, ALEX","Republican Party","REP","House","H","Virginia","VA","07","STAFFORD","VA","22554","2026","03-OCT-25","2025","202510039790676470"
"H6WI06217","BELL, AMANDA H","Democratic Party","DEM","House","H","Wisconsin","WI","06","PARDEEVILLE","WI","53954","2026","03-OCT-25","2025","202510039790676595"
"H4TX27105","MANDEL, CHARLES","Republican Party","REP","House","H","Texas","TX","34","CORPUS CHRISTI","TX","78413","2026","03-OCT-25","2025","202510039790675558"
"H6TX10221","GOBER, CHRIS","Republican Party","REP","House","H","Texas","TX","10","AUSTIN","TX","78735","2026","03-OCT-25","2025","202510039790665086"
"H6NY09152","GOLDFARB, MICHAEL","Democratic Party","DEM","House","H","New York","NY","09","BROOKLYN","NY","11218","2026","03-OCT-25","2025","202510039790665100"
"H6TX18455","PAGE, CARTER WILLIAM DR.","Republican Party","REP","House","H","Texas","TX","18","HOUSTON","TX","77002","2025","03-OCT-25","2025","202510039790675001"
"H6HI01345","BELATTI, DELLA AU","Democratic Party","DEM","House","H","Hawaii","HI","01","HONOLULU","HI","96808","2026","03-OCT-25","2025","202510039790675201"
"H6SC04171","MCCLAIN, COURTNEY","Democratic Party","DEM","House","H","South Carolina","SC","04","SPARTANBURG","SC","29304","2026","03-OCT-25","2025","202510039790675290"
"H6WI06225","BELL, AMANDA H","Democratic Party","DEM","House","H","Wisconsin","WI","06","PARDEEVILLE","WI","53954","2026","03-OCT-25","2025","202510039790676596"
"H6CA38139","SOLIS, HILDA","Democratic Party","DEM","House","H","California","CA","38","ENCINO","CA","91436","2026","02-OCT-25","2025","202510029790664318"
"S6TX00495","SIMMONS, JADE","Independent","IND","Senate","S","Texas","TX","00","HOUSTON","TX","77006","2026","02-OCT-25","2025","202510029790664630"
"S6TX00503","SIMMONS, JADE","Independent","IND","Senate","S","Texas","TX","00","HOUSTON","TX","77006","2026","02-OCT-25","2025","202510029790664635"
"H6NH02261","BEAUCHEMIN, PAIGE","Democratic Party","DEM","House","H","New Hampshire","NH","02","NASHUA","NH","03064","2026","02-OCT-25","2025","202510029790662682"
"H6MD07509","CONWAY, MARK STEVEN MR. JR.","Democratic Party","DEM","House","H","Maryland","MD","07","BALTIMORE","MD","21218","2026","02-OCT-25","2025","202510029790662747"
"H6TX08233","JENSEN, BRETT","Republican Party","REP","House","H","Texas","TX","08","PINEHURST","TX","77362","2026","02-OCT-25","2025","202510029790662782"
"H6MS01313","JOHNSON, CLIFF","Democratic Party","DEM","House","H","Mississippi","MS","01","TAYLOR","MS","38673","2026","02-OCT-25","2025","202510029790663968"
"H6NC06172","FELTON-STACKHOUSE, TAVIN","Democratic Party","DEM","House","H","North Carolina","NC","06","HIGH POINT","NC","27265","2026","02-OCT-25","2025","202510029790662932"
"H6NM02127","CUNNINGHAM, GREG","Republican Party","REP","House","H","New Mexico","NM","02","LAS CRUCES","NM","88004","2026","02-OCT-25","2025","202510029790662980"
"S6NC00449","DUPRE, MARGOT","Republican Party","REP","Senate","S","North Carolina","NC","00","CHARLOTTE","NC","28204","2025","02-OCT-25","2025","202510029790663486"
"H6DC01087","READY, BRIAN","Democratic Party","DEM","House","H","District Of Columbia","DC","00","WASHINGTON","DC","20003","2026","02-OCT-25","2025","202510029790663564"
"H6GA14078","RUSZKOWSKI ( RUSH ), ROB","None","NNE","House","H","Georgia","GA","14","RISING FAWN","GA","30738","2026","02-OCT-25","2025","202510029790663690"
"H6GA12072","STEPHENS, ROBERT CHRISTOPHER","Democratic Party","DEM","House","H","Georgia","GA","12","AUGUSTA","GA","30901","2026","02-OCT-25","2025","202510029790662783"
"S6VA00176","REEVES, BRYCE","Republican Party","REP","Senate","S","Virginia","VA","00","FREDERICKSBURG","VA","22404","2026","01-OCT-25","2025","202510019790638570"
"S4GA11202","COYNE, JOHN F III","Republican Party","REP","Senate","S","Georgia","GA","00","ALPHARETTA","GA","300090032","2026","01-OCT-25","2025","202511200300513669"
"H6CA20228","VAN SCOTTER, SANDRA","Democratic Party","DEM","House","H","California","CA","20","RIDGECREST","CA","93555","2026","01-OCT-25","2025","202510019790638582"
"H6KY04163","DENNIS, JACKSON","Republican Party","REP","House","H","Kentucky","KY","04","CYNTHIANA","KY","41031","2026","01-OCT-25","2025","202510019790638583"
"H6VA07205","OLLIVANT, DOUGLAS","Republican Party","REP","House","H","Virginia","VA","07","REMINGTON","VA","22734","2026","01-OCT-25","2025","202510019790638614"
"H6NY15175","NEMORIN, DALOURNY","Democratic Party","DEM","House","H","New York","NY","15","BRONX","NY","10455","2026","01-OCT-25","2025","202510019790638615"
"H6NY19268","OBERACKER, PETER KARL JR","Republican Party","REP","House","H","New York","NY","19","MCLEAN","VA","22101","2026","01-OCT-25","2025","202510019790638878"
"H6WA05197","CROFT, AARON MATTHEW","Independent","IND","House","H","Washington","WA","05","SPOKANE","WA","99208","2026","01-OCT-25","2025","202510019790639576"
"H6TX10213","LOVELL, JOSHUA ROSS","Republican Party","REP","House","H","Texas","TX","10","HOUSTON","TX","77027","2026","01-OCT-25","2025","202510019790639577"
"S6IL00664","JONES, LLOYD","Republican Party","REP","Senate","S","Illinois","IL","00","MORRIS","IL","60450","2026","01-OCT-25","2025","202510019790639606"
"S6IL00672","EVANS, JEANNIE","Republican Party","REP","Senate","S","Illinois","IL","00","ALEXANDRIA","VA","22313","2026","01-OCT-25","2025","202510019790639771"
"H6FL19186","LAUF, CATALINA","Republican Party","REP","House","H","Florida","FL","19","BONITA SPRINGS","FL","34135","2026","01-OCT-25","2025","202510019790661464"
"H6NJ11211","HATHAWAY, JOE","Republican Party","REP","House","H","New Jersey","NJ","11","EDISON","NJ","08818","2026","01-OCT-25","2025","202510019790661517"
"H6NY12198","DUNN, LAURA L. MS. ESQ.","Democratic Party","DEM","House","H","New York","NY","12","NEW YORK","NY","10036","2026","01-OCT-25","2025","202510019790662574"
"H6CA20236","ROPER, CAROL KRISTINA","Democratic Party","DEM","House","H","California","CA","20","THREE RIVERS","CA","93271","2026","01-OCT-25","2025","202510019790662584"
"S6ME00399","EVANS, DAVID ALAN","Democratic Party","DEM","Senate","S","Maine","ME","00","PRESQUE ISLE","ME","04769","2026","01-OCT-25","2025","202510019790637923"
"H6PA03245","STANFORD, ALA DR.","Democratic Party","DEM","House","H","Pennsylvania","PA","03","PHILADELPHIA","PA","19118","2026","01-OCT-25","2025","202510019790637928"
"H6DC01079","WHITE, ROBERT C. JR.","Democratic Party","DEM","House","H","District Of Columbia","DC","00","WASHINGTON","DC","20017","2026","01-OCT-25","2025","202510019790637929"
"H6MN02271","BERG, KAELA JO","Democratic-Farmer-Labor","DFL","House","H","Minnesota","MN","02","BURNSVILLE","MN","55306","2026","01-OCT-25","2025","202510019790637934"
"H6FL19178","CAWTHORN, MADISON","Republican Party","REP","House","H","Florida","FL","19","MIAMI","FL","33130","2026","01-OCT-25","2025","202510019790637943"
"H6IA02252","LUNDGREN, SHANNON","Republican Party","REP","House","H","Iowa","IA","02","PEOSTA","IA","52068","2026","01-OCT-25","2025","202510019790637948"
"H6OH07150","SCHULZ, SCOTT","Democratic Party","DEM","House","H","Ohio","OH","07","BAY VILLAGE","OH","44140","2026","01-OCT-25","2025","202510019790637964"
"H6MO02343","WELLMAN, FREDERICK PAUL","Democratic Party","DEM","House","H","Missouri","MO","02","BALLWIN","MO","63011","2026","01-OCT-25","2025","202510019790637970"
"S6LA00573","SEIDEN, KATHY W","Republican Party","REP","Senate","S","Louisiana","LA","00","MANDEVILLE","LA","70471","2026","01-OCT-25","2025","202510019790637993"
"H2MS02203","ELLER, RON","Republican Party","REP","House","H","Mississippi","MS","02","RAYMOND","MS","39154","2026","01-OCT-25","2025","202510019790638103"
"H6OR04260","DESPAIN, MONIQUE","Republican Party","REP","House","H","Oregon","OR","04","EUGENE","OR","97405","2026","01-OCT-25","2025","202510019790638116"
"H6MD04340","WHITE, JONATHAN","Democratic Party","DEM","House","H","Maryland","MD","04","COLLEGE PARK","MD","20740","2026","01-OCT-25","2025","202510019790638148"
"H6FL21075","MARTIN, JAMES","Democratic Party","DEM","House","H","Florida","FL","21","HOBE SOUND","FL","33475","2026","01-OCT-25","2025","202510019790638571"
"H6TN06247","BALLIN, CRAIG","Democratic Party","DEM","House","H","Tennessee","TN","06","NASHVILLE","TN","37216","2026","30-SEP-25","2025","202509309790407550"
"H6CT03194","RICE, ANDREW JAMES MR.","Democratic Party","DEM","House","H","Connecticut","CT","03","MILFORD","CT","06460","2026","30-SEP-25","2025","202509309790407557"
"H6FL11258","BARNES, CHANELLE KRISETTE","Unknown","","House","H","Florida","FL","","OCKLAWAHA","FL","32179","2026","30-SEP-25","2025","202511180300511539"
"S6MS00158","TILL, PRISCILLA WILLIAMS","Democratic Party","DEM","Senate","S","Mississippi","MS","00","JACKSON","MS","39213","2026","30-SEP-25","2025","202509309790404454"
"H6OK01227","WATKINS, ERICA","Democratic Party","DEM","House","H","Oklahoma","OK","01","TULSA","OK","74157","2026","30-SEP-25","2025","202509309790407066"
"H6TX21368","SINCLAIR, KYLE","Republican Party","REP","House","H","Texas","TX","21","SAN ANTONIO","TX","78253","2026","30-SEP-25","2025","202509309790404552"
"H6PA09127","WALLACE, RACHEL","Democratic Party","DEM","House","H","Pennsylvania","PA","09","NEW RINGGOLD","PA","17960","2026","30-SEP-25","2025","202509309790404622"
"H6AZ01363","PURRINGTON, KAITLIN","Republican Party","REP","House","H","Arizona","AZ","01","PHOENIX","AZ","85029","2026","30-SEP-25","2025","202509309790404929"
"S6MS00141","TILL, PRISCILLA WILLIAMS","Democratic Party","DEM","Senate","S","Mississippi","MS","00","JACKSON","MS","39213","2026","30-SEP-25","2025","202509309790404456"
"H6CA18149","KORTAM, ZAKARIA MOHAMED","Independent","IND","House","H","California","CA","18","SAN JOSE","CA","95138","2026","29-SEP-25","2025","202509299790403982"
"H6TX21350","CAHILL, JASON","Republican Party","REP","House","H","Texas","TX","21","BOERNE","TX","78006","2026","29-SEP-25","2025","202509299790402110"
"H6NC10190","PEARSON, MARCUS","Democratic Party","DEM","House","H","North Carolina","NC","10","WINSTON SALEM","NC","27106","2026","29-SEP-25","2025","202509299790403965"
"H6FL03107","WIMAN, ANGELA","No Party Affiliation","NPA","House","H","Florida","FL","03","MCALPIN","FL","32062","2026","29-SEP-25","2025","202509299790403943"
"H6FL11233","WILLIAMS, DAN","Democratic Party","DEM","House","H","Florida","FL","11","ORLANDO","FL","32836","2026","29-SEP-25","2025","202509299790403908"
"H6SC01284","BYARS, JAMES LEX III","Republican Party","REP","House","H","South Carolina","SC","01","RAVENEL","SC","29470","2025","27-SEP-25","2025","202509279790396900"
"H6IL15126","BARNES, ANTHONY LAWRENCE","Democratic Party","DEM","House","H","Illinois","IL","15","JACKSONVILLE","IL","62650","2026","26-SEP-25","2025","202509269790395687"
"H6TX34114","BUENTELLO, LUIS F","Republican Party","REP","House","H","Texas","TX","34","CORPUS CHRISTI","TX","78427","2026","26-SEP-25","2025","202509269790395928"
"H6MS03202","JAMES, JUSTIN","Republican Party","REP","House","H","Mississippi","MS","03","UNION","MS","39365","2026","26-SEP-25","2025","202509269790396800"
"H6IL07388","MARTINEZ, TEKITA","Independent","IND","House","H","Illinois","IL","07","CHICAGO","IL","60644","2026","26-SEP-25","2025","202509269790396087"
"H6CA10161","HAMILTON, JOSHUA","Democratic Party","DEM","House","H","California","CA","10","PLEASANT HILL","CA","94523","2026","26-SEP-25","2025","202509269790396392"
"H6WI06209","PEETZ, JONATHAN PHILIP","Republican Party","REP","House","H","Wisconsin","WI","06","PARDEEVILLE","WI","53954","2026","26-SEP-25","2025","202509269790396071"
"H4TX18179","SLATER, ROBERT","Democratic Party","DEM","House","H","Texas","TX","29","HOUSTON","TX","77060","2026","25-SEP-25","2025","202509259790394623"
"H4TX23146","LOPEZ, GREGORY DIEGO","Democratic Party","DEM","House","H","Texas","TX","23","SAN ANTONIO","TX","78250","2026","25-SEP-25","2025","202509259790385855"
"H6TX09165","MIMS, DAN","Republican Party","REP","House","H","Texas","TX","09","CHANNELVIEW","TX","77530","2026","25-SEP-25","2025","202509259790385895"
"H6MI06167","CLOUTIER, JASON PATRICK","Democratic Party","DEM","House","H","Michigan","MI","06","YPSILANTI","MI","48198","2026","25-SEP-25","2025","202509259790394680"
"H6TX13167","WEDGEWORTH, CHASITY","Republican Party","REP","House","H","Texas","TX","13","AMARILLO","TX","79108","2026","25-SEP-25","2025","202509259790392750"
"H6NY10168","BRISTOL, JOSHUA AARON","Democratic Party","DEM","House","H","New York","NY","10","BROOKLYN","NY","11213","2026","25-SEP-25","2025","202509259790394422"
"H6TX23257","ENCK, GRETEL MARYSDATTER","Democratic Party","DEM","House","H","Texas","TX","23","MARFA","TX","798431208","2026","25-SEP-25","2025","202509259790392614"
"H6AL01094","JONES, CLYDE W MR. JR","Democratic Party","DEM","House","H","Alabama","AL","01","DAPHNE","AL","36526","2026","24-SEP-25","2025","202509249790385224"
"H6NY12180","PARDEE, ALAN","Democratic Party","DEM","House","H","New York","NY","12","NEW YORK","NY","10163","2026","24-SEP-25","2025","202509249790385756"
"S6MA00288","TACHE, JOSEPH","Other","OTH","Senate","S","Massachusetts","MA","00","ROXBURY","MA","02119","2026","24-SEP-25","2025","202509249790385751"
"H6PA12105","FECHTER, LEONARD BENSON","Republican Party","REP","House","H","Pennsylvania","PA","12","PITTSBURGH","PA","15241","2026","24-SEP-25","2025","202509249790385472"
"H6TX08225","COLEMAN, KEITH","Democratic Party","DEM","House","H","Texas","TX","08","MAGNOLIA","TX","77354","2026","23-SEP-25","2025","202509239790383805"
"H6OH01161","ERBECK, STEVEN","Republican Party","REP","House","H","Ohio","OH","01","COLUMBUS","OH","43206","2026","23-SEP-25","2025","202509239790381072"
"H6NC08202","WATSON, COLBY","Democratic Party","DEM","House","H","North Carolina","NC","08","MONROE","NC","28110","2026","23-SEP-25","2025","202509239790381090"
"H6CA21259","HUBBARD, LOURIN","Democratic Party","DEM","House","H","California","CA","21","FRESNO","CA","93710","2026","23-SEP-25","2025","202509239790383794"
"H6IA04233","DECKER, JERMAINE","Unaffiliated","UN","House","H","Iowa","IA","04","COUNCIL BLUFFS","IA","51503","2026","23-SEP-25","2025","202509239790383713"
"H6CA21242","HUBBARD, LOURIN","Democratic Party","DEM","House","H","California","CA","21","FRESNO","CA","93710","2026","23-SEP-25","2025","202509239790383724"
"H6AZ04243","CRUM, ANDROMEDA","Independent","IND","House","H","Arizona","AZ","04","MESA","AZ","85202","2026","23-SEP-25","2025","202509239790382755"
"S6AK00268","HOUSE DARDEN, DUSTIN THOMAS","Republican Party","REP","Senate","S","Alaska","AK","00","ANCHORAGE","AK","99502","2026","22-SEP-25","2025","202509229790380058"
"H6NJ11203","CROFT, CAMMIE L","Democratic Party","DEM","House","H","New Jersey","NJ","11","MONTCLAIR","NJ","07043","2026","22-SEP-25","2025","202509229790380064"
"S6AL00484","MURPHY, MORGAN W. W.","Republican Party","REP","Senate","S","Alabama","AL","00","BIRMINGHAM","AL","35253","2026","22-SEP-25","2025","202509229790380070"
"H6GA06157","PINKER, JUSTIN","Republican Party","REP","House","H","Georgia","GA","06","AUSTELL","GA","30106","2026","22-SEP-25","2025","202509229790380081"
"H6PA14200","BRADSTOCK, DAVID ALAN","Democratic Party","DEM","House","H","Pennsylvania","PA","14","CONNELLSVILLE","PA","15425","2026","22-SEP-25","2025","202509229790380628"
"H6KY04155","WELLS, ROBERT STACY DR","Republican Party","REP","House","H","Kentucky","KY","04","LAKESIDE PARK","KY","41017","2026","22-SEP-25","2025","202509229790380119"
"H6NC11263","SMITH, ADAM R.","Republican Party","REP","House","H","North Carolina","NC","11","FAIRVIEW","NC","28730","2026","22-SEP-25","2025","202509229790380120"
"H6OK01219","PARSCHAUER, RYAN MR","Independent","IND","House","H","Oklahoma","OK","01","JENKS","OK","74037","2026","22-SEP-25","2025","202509229790380498"
"H6TN02170","BARNETT, MICHAELA","Democratic Party","DEM","House","H","Tennessee","TN","02","KNOXVILLE","TN","37940","2026","22-SEP-25","2025","202509229790380095"
"H6MI01275","FEATHERLY, ZEBULON HART","Independent","IND","House","H","Michigan","MI","01","TRAVERSE CITY","MI","49685","2026","21-SEP-25","2025","202509219790379975"
"S6CA01053","PULLIAM, ALANDER","Independent","IND","Senate","S","California","CA","00","LOS ANGELES","CA","90007","2026","20-SEP-25","2025","202509209790315225"
"H6IA02245","MORGAN, GUY","Democratic Party","DEM","House","H","Iowa","IA","02","BOONE","IA","50036","2026","20-SEP-25","2025","202509209790257192"
"H6NY22197","STATON, WILLIAM A IV","Independent","IND","House","H","New York","NY","22","SYRACUSE","NY","13203","2026","19-SEP-25","2025","202509199790129214"
"H6VA05175","ZABRISKIE, KATHRYN (KATE) MS.","Democratic Party","DEM","House","H","Virginia","VA","05","LYNCHBURG","VA","24503","2026","19-SEP-25","2025","202509199790129686"
"H6TX05189","HOCKETT, CHELSEY ALEXANDRA","Democratic Party","DEM","House","H","Texas","TX","05","TERRELL","TX","75160","2026","19-SEP-25","2025","202509199790157691"
"H0WI03159","EBBEN, JESSI","Republican Party","REP","House","H","Wisconsin","WI","07","EAU CLAIRE","WI","54701","2026","19-SEP-25","2025","202509199790160868"
"H6CO01307","PALOMINO, SANTIAGO EMMANUEL","Democratic Party","DEM","House","H","Colorado","CO","01","DENVER","CO","80203","2026","19-SEP-25","2025","202509199790243056"
"H4FL09182","CHALIFOUX, THOMAS E. COLONEL JR.","Republican Party","REP","House","H","Florida","FL","09","ORLANDO","FL","32837","2026","19-SEP-25","2025","202509199790171609"
"H6IL06182","DUENSING, SKYLAR","Republican Party","REP","House","H","Illinois","IL","06","SHOREWOOD","IL","60404","2026","19-SEP-25","2025","202509199790185236"
"S6NH00190","SULLIVAN, JARED","Democratic Party","DEM","Senate","S","New Hampshire","NH","00","BETHLEHEM","NH","03574","2026","19-SEP-25","2025","202509230300511317"
"H6SC01136","FRASIER, BENJAMIN JR","Democratic Party","DEM","House","H","South Carolina","SC","01","WADMALAW ISLAND","SC","29487","2026","19-SEP-25","2025","202509250300511385"
"H6TX17150","FLORES, JAMILAH N","Democratic Party","DEM","House","H","Texas","TX","17","DIBOLL","TX","75941","2026","19-SEP-25","2025","202509199790161571"
"H6NE02240","LEUSCHEN, JAMES","Democratic Party","DEM","House","H","Nebraska","NE","02","OMAHA","NE","68131","2026","18-SEP-25","2025","202509189790100519"
"H6NV03279","HUTCHINSON, SEAN WILLIAM","Democratic Party","DEM","House","H","Nevada","NV","03","LAUGHLIN","NV","89029","2026","18-SEP-25","2025","202509189790103949"
"H6TX18406","JOHNSON, JARVIS","Democratic Party","DEM","House","H","Texas","TX","29","HOUSTON","TX","77222","2026","18-SEP-25","2025","202509189790107283"
"H6WI06191","SMITH, BRADLEY","Democratic Party","DEM","House","H","Wisconsin","WI","06","MEQUON","WI","53097","2026","18-SEP-25","2025","202509189790105994"
"H6DC01061","PATTERSON, JACQUE DONALD DR SR","Democratic Party","DEM","House","H","District Of Columbia","DC","00","WASHINGTON","DC","20020","2026","18-SEP-25","2025","202509189790105988"
"H6TX15246","PULIDO, BOBBY","Democratic Party","DEM","House","H","Texas","TX","15","EDINBURG","TX","78540","2026","17-SEP-25","2025","202509179790089680"
"H6NV03261","WALTERS, JOSHUA","Republican Party","REP","House","H","Nevada","NV","03","HENDERSON","NV","89012","2026","17-SEP-25","2025","202509179790089894"
"S6KY00336","WILLETT, JOEL","Democratic Party","DEM","Senate","S","Kentucky","KY","00","LOUISVILLE","KY","40250","2026","17-SEP-25","2025","202509179790090140"
"H6FL04220","KIRWAN, MICHAEL","Democratic Party","DEM","House","H","Florida","FL","04","TALLAHASSEE","FL","32314","2026","17-SEP-25","2025","202509179790098371"
"H6NJ05239","GAJAPATHY, CHANDIHA","Republican Party","REP","House","H","New Jersey","NJ","05","ORADELL","NJ","07649","2026","17-SEP-25","2025","202509179790096323"
"H6PA10208","DALTON, KAREN LYNN MS.","Republican Party","REP","House","H","Pennsylvania","PA","10","CARLISLE","PA","17013","2026","17-SEP-25","2025","202509179790097582"
"H6FL26041","GIL, YURINA","Democratic Party","DEM","House","H","Florida","FL","26","MIAMI","FL","33131","2026","17-SEP-25","2025","202509179790095908"
"H6SC05228","DITTMER, MALLORY","Democratic Party","DEM","House","H","South Carolina","SC","05","FORT MILL","SC","29716","2026","16-SEP-25","2025","202509169790068610"
"H6IL07503","SHOWALTER, REED","Democratic Party","DEM","House","H","Illinois","IL","07","OAK PARK","IL","60304","2026","16-SEP-25","2025","202509169790069937"
"H6TX17143","MITCHELL, JAMES GORDON","Democratic Party","DEM","House","H","Texas","TX","17","ROUND ROCK","TX","78664","2026","16-SEP-25","2025","202509169790069997"
"H6FL04212","VALERIO, ANTHONY","Republican Party","REP","House","H","Florida","FL","04","PONTE VEDRA","FL","32081","2026","16-SEP-25","2025","202509169790070369"
"H6CO02180","MASON, CINQUE","Democratic Party","DEM","House","H","Colorado","CO","02","BOULDER","CO","80302","2026","16-SEP-25","2025","202509169790083505"
"H6OH06186","BARRICK, SAM","Democratic Party","DEM","House","H","Ohio","OH","06","MINERVA","OH","44657","2026","16-SEP-25","2025","202509169790089396"
"H6CO01299","JAMES, WANDA","Democratic Party","DEM","House","H","Colorado","CO","01","DENVER","CO","80211","2026","16-SEP-25","2025","202509169790088736"
"H6GA13120","FAUNTLEROY, JEFFREE","Democratic Party","DEM","House","H","Georgia","GA","13","SNELLVILLE","GA","30039","2026","16-SEP-25","2025","202509169790088908"
"H6CA32223","WILDING, ANNA","Democratic Party","DEM","House","H","California","CA","32","SHERMAN OAKS","CA","91423","2026","16-SEP-25","2025","202509169790088921"
"H6TX21343","KARLSRUHER, JESSICA","Republican Party","REP","House","H","Texas","TX","21","AUSTIN","TX","78737","2026","16-SEP-25","2025","202509169790088922"
"H6KS01195","MCROBERTS, KENNETH COLIN","Democratic Party","DEM","House","H","Kansas","KS","01","LAWRENCE","KS","66044","2026","16-SEP-25","2025","202509169790087301"
"H6NY18245","THIND, SHARANJIT SINGH","Republican Party","REP","House","H","New York","NY","18","MIDDLEBURGH","NY","12122","2026","15-SEP-25","2025","202509159790058767"
"H6GA12064","WOODSON, BRIANNA COURTNEY ESTELLE","Democratic Party","DEM","House","H","Georgia","GA","12","FLOWERY BRANCH","GA","30542","2026","15-SEP-25","2025","202509159790058768"
"H6WI06183","MACHO, JOHN DOMINIC","Democratic Party","DEM","House","H","Wisconsin","WI","06","OSHKOSH","WI","54904","2026","15-SEP-25","2025","202509159790058979"
"H6IL08337","AKE, KEVIN ALLEN","Republican Party","REP","House","H","Illinois","IL","08","ELK GROVE VILLAGE","IL","60007","2026","15-SEP-25","2025","202509159790059718"
"S6AR00207","ASHBY, MICAH","Republican Party","REP","Senate","S","Arkansas","AR","00","BRADFORD","AR","72020","2026","15-SEP-25","2025","202509159790066035"
"H6IL09384","FRIEDMAN, PAUL SANFORD","Republican Party","REP","House","H","Illinois","IL","09","CHICAGO","IL","60660","2026","15-SEP-25","2025","202509190300511160"
"H6MO05262","FOLTZ, ROBERT BRANDON","Republican Party","REP","House","H","Missouri","MO","05","RAYTOWN","MO","64133","2026","15-SEP-25","2025","202509159790066514"
"S6KY00328","FORSYTHE, LOGAN","Democratic Party","DEM","Senate","S","Kentucky","KY","00","LEXINGTON","KY","40509","2026","15-SEP-25","2025","202509159790068605"
"H2DC01029","WILLIAMS, KELLY","Democratic Party","DEM","House","H","District Of Columbia","DC","00","WASHINGTON","DC","20013","2026","14-SEP-25","2025","202509149790058492"
"S6TX00487","TRUELSON, HANS","None","NNE","Senate","S","Texas","TX","00","KATY","TX","77450","2026","14-SEP-25","2025","202509149790058532"
"H6WI01317","CASIANO, ENRIQUE JACOB MR","Democratic Party","DEM","House","H","Wisconsin","WI","01","JANESVILLE","WI","53545","2026","13-SEP-25","2025","202509139790058223"
"H6TX34106","ESPINOZA, EDDIE","Green Party","GRE","House","H","Texas","TX","34","PHARR","TX","78577","2026","13-SEP-25","2025","202509139790058308"
"H6TX08217","YUNA, JEFFREY MICHAEL MR","Republican Party","REP","House","H","Texas","TX","08","MAGNOLIA","TX","77355","2026","13-SEP-25","2025","202509139790058307"
"H6TX31136","ABEL, WILLIAM P","Republican Party","REP","House","H","Texas","TX","31","COPPERAS COVE","TX","76522","2026","12-SEP-25","2025","202509129790048941"
"H6TX08209","STEINMANN, JESSICA HART","Republican Party","REP","House","H","Texas","TX","08","CONROE","TX","77305","2026","12-SEP-25","2025","202509129790051698"
"S6KS00254","LAPORTE, CHASE","Republican Party","REP","Senate","S","Kansas","KS","00","MISSION","KS","66202","2026","12-SEP-25","2025","202509129790051703"
"H2TX32182","DAY, DARRELL","Republican Party","REP","House","H","Texas","TX","32","RICHARDSON","TX","75080","2026","12-SEP-25","2025","202509129790057678"
"S6AR00199","SHOFFNER, HALLIE","Democratic Party","DEM","Senate","S","Arkansas","AR","00","LITTLE ROCK","AR","72202","2026","12-SEP-25","2025","202509129790057276"
"H6CA45183","PHAN WEST, AMY","Republican Party","REP","House","H","California","CA","45","WESTMINSTER","CA","92863","2026","12-SEP-25","2025","202509129790057506"
"H6MI02240","WELFORD, KOFINSIA CLYDE ANTHONY MR.","Democratic Party","DEM","House","H","Michigan","MI","02","BALDWIN","MI","49304","2026","12-SEP-25","2025","202509129790053727"
"H6OR05200","LEHMAN, JOSEPH","Republican Party","REP","House","H","Oregon","OR","05","LEBANON","OR","97355","2026","11-SEP-25","2025","202509119790044256"
"H6DC00188","BROWN, DEIRDRE","Democratic Party","DEM","House","H","District Of Columbia","DC","00","WASHINGTON DC","DC","20016","2026","11-SEP-25","2025","202509119790047663"
"S6MT00246","BLACKWOLF, MICHAEL JAMES MR.","Democratic Party","DEM","Senate","S","Montana","MT","00","HAYS","MT","59527","2026","11-SEP-25","2025","202509119790046637"
"H6IL08329","BEAN, MELISSA LUBURICH","Democratic Party","DEM","House","H","Illinois","IL","08","SCHAUMBURG","IL","60159","2026","10-SEP-25","2025","202509109789977791"
"H6FL05235","HEGGESTAD, MARK PETER","Democratic Party","DEM","House","H","Florida","FL","05","JACKSONVILLE","FL","32257","2026","10-SEP-25","2025","202509109789979693"
"H6WI08213","HABLE, BENJAMIN MICHAEL","Democratic Party","DEM","House","H","Wisconsin","WI","08","BIRNAMWOOD","WI","54414","2026","10-SEP-25","2025","202509109790044224"
"H4MA01083","CELATA, ANTHONY PATRICK MR.","Democratic Party","DEM","House","H","Massachusetts","MA","01","WARE","MA","01082","2026","10-SEP-25","2025","202509109789981772"
"S6IL00656","BOTSFORD, STEVE JR","Democratic Party","DEM","Senate","S","Illinois","IL","00","CHICAGO","IL","60614","2026","10-SEP-25","2025","202509109789981774"
"H6NY05101","PADELLARO, SALVATORE","Democratic Party","DEM","House","H","New York","NY","05","NEW YORK","NY","11435","2026","10-SEP-25","2025","202509109789981762"
"H6VA08286","DUFFIN, MICHAEL CHRISTIAN MR.","Democratic Party","DEM","House","H","Virginia","VA","08","ALEXANDRIA","VA","22304","2026","09-SEP-25","2025","202509099789977691"
"S6TX00479","TALARICO, JAMES","Democratic Party","DEM","Senate","S","Texas","TX","00","AUSTIN","TX","78761","2026","09-SEP-25","2025","202509099789856101"
"H6CA04222","JONES, ERIC","Democratic Party","DEM","House","H","California","CA","04","NAPA","CA","94558","2026","09-SEP-25","2025","202509099789856106"
"H2IA01055","BLUM, RODNEY","Republican Party","REP","House","H","Iowa","IA","02","DUBUQUE","IA","52003","2026","09-SEP-25","2025","202509099789919509"
"H6IL08311","DAVIS, JENNIFER","Republican Party","REP","House","H","Illinois","IL","08","DUNDEE","IL","60118","2026","09-SEP-25","2025","202509099789892209"
"H6TX13159","NAIR, MARK","Democratic Party","DEM","House","H","Texas","TX","13","AMARILLO","TX","79106","2026","09-SEP-25","2025","202509099789919497"
"H2CT05230","BOTELHO, MICHELLE L","Republican Party","REP","House","H","Connecticut","CT","05","DANBURY","CT","06813","2026","09-SEP-25","2025","202509099789919502"
"H6PA10190","LILLICH, WILLIAM EDWARD","Democratic Party","DEM","House","H","Pennsylvania","PA","10","DANVILLE","PA","17821","2026","09-SEP-25","2025","202509099789856632"
"H6IL09376","COHEN, JEFF","Democratic Party","DEM","House","H","Illinois","IL","09","EVANSTON","IL","60204","2026","08-SEP-25","2025","202509089789856045"
"H6SC01276","MCCOWN, SAM DR","Republican Party","REP","House","H","South Carolina","SC","01","MOUNT PLEASANT","SC","29465","2026","08-SEP-25","2025","202509089789856062"
"H6SD01141","GRONLI, NICOLE","Democratic Party","DEM","House","H","South Dakota","SD","00","DELL RAPIDS","SD","57022","2026","08-SEP-25","2025","202509089789853142"
"H6AL04163","WEAVER, MICHAEL SHANE","Democratic Party","DEM","House","H","Alabama","AL","04","NORTHPORT","AL","35475","2026","08-SEP-25","2025","202509089789855980"
"H6VA01299","TAYLOR, SHANNON LEIGH","Democratic Party","DEM","House","H","Virginia","VA","01","MIDLOTHIAN","VA","23113","2026","08-SEP-25","2025","202509089789853282"
"H6MD09018","JORDAN, DARRYL MR","American Independent Party","AIP","House","H","Maryland","MD","09","BALTIMORE","MD","21229","2026","08-SEP-25","2025","202509089789855018"
"H6IA02237","MITCHELL, JOE","Republican Party","REP","House","H","Iowa","IA","02","CLEAR LAKE","IA","50428","2026","08-SEP-25","2025","202509089789853147"
"H6NC11255","HUDSPETH, RICHARD DR.","Democratic Party","DEM","House","H","North Carolina","NC","11","SKYLAND","NC","28776","2026","07-SEP-25","2025","202509079789851552"
"H6PA03237","CARTER, COLE","Democratic Party","DEM","House","H","Pennsylvania","PA","03","BELLEVUE","WA","98015","2026","07-SEP-25","2025","202509079789851646"
"H6PA01207","STRICKLER, ROBERT J","Democratic Party","DEM","House","H","Pennsylvania","PA","01","DOYLESTOWN","PA","18902","2026","07-SEP-25","2025","202509079789851567"
"H6GA08146","LUCAS, JUSTIN","Democratic Party","DEM","House","H","Georgia","GA","08","SUMNER","GA","31789","2026","06-SEP-25","2025","202509069789851113"
"H6MI09245","POOLEY, STEVEN RAYMOND","Democratic Party","DEM","House","H","Michigan","MI","09","HIGHLAND","MI","48356","2026","06-SEP-25","2025","202509069789851489"
"H6AZ05257","POFF, JUSTIN","Democratic Party","DEM","House","H","Arizona","AZ","05","MESA","AZ","85209","2026","06-SEP-25","2025","202509069789851474"
"S6IA00314","ARENHOLZ, ASHLEY HINSON","Republican Party","REP","Senate","S","Iowa","IA","00","MARION","IA","52302","2026","06-SEP-25","2025","202509069789851115"
"H6TX09157","STOVALL, DWAYNE BRADLEY","Republican Party","REP","House","H","Texas","TX","09","CLEVELAND","TX","77327","2026","05-SEP-25","2025","202509059789851039"
"H6TX21335","DUBOSE, JACQUES","Republican Party","REP","House","H","Texas","TX","21","BOERNE","TX","78006","2026","05-SEP-25","2025","202509059789851045"
"H6TX35061","MASTERSON-MOYES, WHITNEY","Democratic Party","DEM","House","H","Texas","TX","35","KINGSBURY","TX","78638","2026","05-SEP-25","2025","202509059789843101"
"H6IA04225","SCHLAEFER, CHRISTIAN","Republican Party","REP","House","H","Iowa","IA","04","BANCROFT","IA","50517","2026","05-SEP-25","2025","202509059789843106"
"H6IN09291","VOYLES, PATRICK CODY MR.","Democratic Party","DEM","House","H","Indiana","IN","09","SALEM","IN","47167","2026","05-SEP-25","2025","202509059789851004"
"H6TX12151","SWIRE, SEMAJ","Republican Party","REP","House","H","Texas","TX","12","FT.WORTH","TX","76179","2026","05-SEP-25","2025","202509059789846077"
"H4TX31081","WHITLOW, STUART NORMAN MR.","Democratic Party","DEM","House","H","Texas","TX","31","CEDAR PARK","TX","78613","2026","05-SEP-25","2025","202509059789846078"
"H6NY15167","EASTON, ANDRE CLEMENT MR.","Independent","IND","House","H","New York","NY","15","BRONX","NY","10469","2026","05-SEP-25","2025","202509059789846267"
"H6IL07495","MENDOZA, ANABEL","Democratic Party","DEM","House","H","Illinois","IL","07","CHICAGO","IL","60621","2026","05-SEP-25","2025","202509059789850966"
"S6FL00798","JENKINS, JENNIFER","Democratic Party","DEM","Senate","S","Florida","FL","00","SATELLITE BEACH","FL","32937","2026","05-SEP-25","2025","202509059789845905"
"H6NY12172","LASHER, MICAH CHARLES","Democratic Party","DEM","House","H","New York","NY","12","NEW YORK","NY","10025","2026","04-SEP-25","2025","202509049789837449"
"H6TN05397","MOLDER, CHAZ","Democratic Party","DEM","House","H","Tennessee","TN","05","COLUMBIA","TN","38402","2026","04-SEP-25","2025","202509049789837458"
"S6OK04171","GREEN, TROY WESLEY","Democratic Party","DEM","Senate","S","Oklahoma","OK","00","NORMAN","OK","73072","2026","04-SEP-25","2025","202509049789839300"
"H6MS01305","BUCK, KELVIN ONEAL MR","Democratic Party","DEM","House","H","Mississippi","MS","01","TUPELO","MS","38804","2026","04-SEP-25","2025","202509049789839336"
"H6CA45167","NGUYEN, CHI CHARLIE","Republican Party","REP","House","H","California","CA","45","WESTMINSTER","CA","92683","2026","04-SEP-25","2025","202509049789843099"
"H6IA02229","MCCLINTOCK, CHARLIE","Republican Party","REP","House","H","Iowa","IA","02","ALBURNETT","IA","52202","2026","04-SEP-25","2025","202509049789842218"
"H6NY23542","COLLINS, STEPHEN","Democratic Party","DEM","House","H","New York","NY","23","BLASDELL","NY","14219","2026","04-SEP-25","2025","202509049789842219"
"H6PA10182","DOUGLAS, JUSTIN","Democratic Party","DEM","House","H","Pennsylvania","PA","10","WASHINGTON","DC","20033","2026","04-SEP-25","2025","202509049789843061"
"H6CA01244","RHODEN, ERICA","Unknown","UNK","House","H","California","CA","01","LONG BEACH","CA","90810","2025","04-SEP-25","2025","202509049789842216"
"S6OH00395","LEVY, GREGORY LEE","Independent","IND","Senate","S","Ohio","OH","00","UNIVERSITY HEIGHTS","OH","44118","2026","03-SEP-25","2025","202509039789837428"
"H6NC01132","HANIG, BOBBY","Republican Party","REP","House","H","North Carolina","NC","01","RALEIGH","NC","27624","2026","03-SEP-25","2025","202509039789837294"
"H6PA03229","CEPHAS, MORGAN","Democratic Party","DEM","House","H","Pennsylvania","PA","03","PHILADELPHIA","PA","19110","2026","03-SEP-25","2025","202509039789835949"
"S6ME00381","KLEBAN, DAN","Democratic Party","DEM","Senate","S","Maine","ME","00","SOUTH PORTLAND","ME","04116","2026","03-SEP-25","2025","202509039789835955"
"H6TX21327","GOULET, DENIS","Republican Party","REP","House","H","Texas","TX","21","BOERNE","TX","78006","2026","03-SEP-25","2025","202509039789836024"
"H6TX30195","VILLAR, OSCAR ALEXANDER","Democratic Party","DEM","House","H","Texas","TX","30","DALLAS","TX","75212","2026","03-SEP-25","2025","202509039789836092"
"S6MS00133","COLOM, SCOTT","Democratic Party","DEM","Senate","S","Mississippi","MS","00","COLUMBUS","MS","39703","2026","03-SEP-25","2025","202509039789836188"
"H6CA48310","VON WILPERT, MARNI","Democratic Party","DEM","House","H","California","CA","48","SAN MARCOS","CA","92078","2026","03-SEP-25","2025","202509039789836231"
"H6CT02212","RANDALL, SEAN","Republican Party","REP","House","H","Connecticut","CT","02","DUBLIN","OH","43017","2026","03-SEP-25","2025","202509039789836248"
"H6NV03253","DOMINGUEZ, LYDIA","Republican Party","REP","House","H","Nevada","NV","03","HUDSON","WI","54016","2026","03-SEP-25","2025","202509039789836566"
"H6AL03199","MCINNIS, VICTOR LEE","Democratic Party","DEM","House","H","Alabama","AL","03","OPELIKA","AL","36801","2026","03-SEP-25","2025","202509039789836588"
"H6CA00188","MCCLENDON, ALICIA","Democratic Party","DEM","House","H","California","CA","00","LAKE FOREST","CA","92630","2025","03-SEP-25","2025","202509039789836597"
"H6TX27118","SEGAN, CARL","Republican Party","REP","House","H","Texas","TX","27","ELGIN","TX","78621","2026","03-SEP-25","2025","202509039789836603"
"H6NC05141","CREEKMORE, KYAH","Democratic Party","DEM","House","H","North Carolina","NC","05","GREENSBORO","NC","27405","2026","03-SEP-25","2025","202509039789836799"
"H6TX35079","LIRA, JOHN","Democratic Party","DEM","House","H","Texas","TX","35","SAN ANTONIO","TX","78220","2026","03-SEP-25","2025","202509039789836862"
"H6TX18430","BONNER, FELDON MR. II","Democratic Party","DEM","House","H","Texas","TX","18","HOUSTON","TX","77088","2025","03-SEP-25","2025","202509039789836868"
"H6OR02231","RASNUSSEN, DAWN","Democratic Party","DEM","House","H","Oregon","OR","02","THE DALLES","OR","97058","2026","03-SEP-25","2025","202509039789837070"
"H6FL18204","SIMMONS, DEVA","No Party Affiliation","NPA","House","H","Florida","FL","18","LAKELAND","FL","33804","2026","03-SEP-25","2025","202509039789837430"
"H6KY06218","PETREY, ERIN","Democratic Party","DEM","House","H","Kentucky","KY","06","DALLAS","TX","75228","2026","02-SEP-25","2025","202509029789835852"
"H6OH13273","DIXIT, SANDEEP S MR","Independent","IND","House","H","Ohio","OH","13","MAYFIELD VILLAGE","OH","44040","2026","02-SEP-25","2025","202509029789833943"
"H6PA08293","COGNETTI, PAIGE","Democratic Party","DEM","House","H","Pennsylvania","PA","08","SCRANTON","PA","18502","2026","02-SEP-25","2025","202509029789833498"
"H6CA40390","PAYAD, MARICAR","American Independent Party","AIP","House","H","California","CA","40","MENIFEE","CA","92584","2026","02-SEP-25","2025","202509029789833493"
"H6OK04163","PIXLEY, JEFFREY","Democratic Party","DEM","House","H","Oklahoma","OK","04","NORMAN","OK","73070","2026","01-SEP-25","2025","202509019789833330"
"H4GA12051","YU, EUGENE CHIN MR.","Republican Party","REP","House","H","Georgia","GA","01","DULUTH","GA","30096","2026","01-SEP-25","2025","202509019789833462"
"H6WV01152","CLENDENEN, ABEL EDWARD MR","Republican Party","REP","House","H","West Virginia","WV","01","GAULEY BRIDGE","WV","25085","2026","01-SEP-25","2025","202509019789833475"
"H6CA07175","VANG, MAI","Democratic Party","DEM","House","H","California","CA","07","SACRAMENTO","CA","95815","2026","01-SEP-25","2025","202509019789833312"
"H6CO03246","BARTON, HEATHER MS","Unaffiliated","UN","House","H","Colorado","CO","03","PUEBLO","CO","81001","2026","01-SEP-25","2025","202509019789833306"
"H6IL07487","ROBINSON, JAZMIN J. MRS.","Democratic Party","DEM","House","H","Illinois","IL","07","CHICAGO","IL","60622","2026","01-SEP-25","2025","202509019789833307"
"S6AR00181","RUSSELL, JAMES RICHARD MR III","Democratic Party","DEM","Senate","S","Arkansas","AR","00","LITTLE ROCK","AR","72204","2026","01-SEP-25","2025","202509019789833476"
"H6IL16157","BEST, SCOTT ALLAN MR.","Democratic Party","DEM","House","H","Illinois","IL","16","NORMAL","IL","61761","2026","31-AUG-25","2025","202508319789833212"
"H6TX35061","MASTERSON-MOYES, WHITNEY","Democratic Party","DEM","House","H","Texas","TX","35","KINGSBURY","TX","78638","2025","31-AUG-25","2025","202508319789833269"
"P60024361","TSENESIDIS, LEFTERIS","Liberal Party","LBL","President","P","United States","00","00","MALBA","NY","11357","2025","31-AUG-25","2025","202508319789833189"
"H6NJ04224","BLAKE, JOHN DAVID","Democratic Party","DEM","House","H","New Jersey","NJ","04","BRICK","NJ","08723","2026","31-AUG-25","2025","202508319789833215"
"H6IL07479","TELLO, FELIX","Democratic Party","DEM","House","H","Illinois","IL","07","CHICAGO","IL","60654","2026","30-AUG-25","2025","202508309789832699"
"H6HI01337","FRAZIER, MAXWELL","Democratic Party","DEM","House","H","Hawaii","HI","01","KAPOLEI","HI","96709","2026","30-AUG-25","2025","202508309789833178"
"H6FL10185","RANCE, HOWARD STEVEN","Republican Party","REP","House","H","Florida","FL","10","OCOEE","FL","34761","2026","30-AUG-25","2025","202508309789832972"
"H6MI11258","BAKER, STU","Democratic Party","DEM","House","H","Michigan","MI","11","AUBRUN HILLS","MI","48326","2026","30-AUG-25","2025","202508309789832959"
"S6MS00125","SMITH, ANDREW SCOTT","Republican Party","REP","Senate","S","Mississippi","MS","00","FLORENCE","MS","39073","2026","29-AUG-25","2025","202508299789813871"
"H6IL07453","VOLNY, WILLIAM","Democratic Party","DEM","House","H","Illinois","IL","07","CHICAGO","IL","60608","2026","29-AUG-25","2025","202508299789811391"
"H6GA11108","RICHOZ, NATALIE MARIE","Independent","IND","House","H","Georgia","GA","11","ACWORTH","GA","30102","2026","29-AUG-25","2025","202508299789831464"
"H6IL15118","BOWLBY, JUDY","Republican Party","REP","House","H","Illinois","IL","15","DAWSON","IL","62520","2026","29-AUG-25","2025","202508299789832535"
"H6DC01053","MATTHEWS, ROBERT","Democratic Party","DEM","House","H","District Of Columbia","DC","00","WASHINGTON","DC","20019","2026","29-AUG-25","2025","202508299789832586"
"S6IA00306","HENRY, CHRIS","Democratic Party","DEM","Senate","S","Iowa","IA","00","LA QUINTA","CA","92253","2026","29-AUG-25","2025","202508299789832592"
"H6TX18414","DANIEL, THEODIS","Republican Party","REP","House","H","Texas","TX","18","HOUSTON","TX","77087","2025","29-AUG-25","2025","202508299789809250"
"H6TN07245","PARKS, STEWART THOMAS","Republican Party","REP","House","H","Tennessee","TN","07","NASHVILLE","TN","37211","2025","29-AUG-25","2025","202508299789809252"
"H4PA14114","HALFHILL, ADAM SCOTT","Independence Party","IDP","House","H","Pennsylvania","PA","14","GREENSBURG","PA","15601","2025","29-AUG-25","2025","202508299789809254"
"H6IL14178","VICIAN, GARY","Republican Party","REP","House","H","Illinois","IL","14","NAPERVILLE","IL","60540","2026","29-AUG-25","2025","202508299789809255"
"H4VA05063","RILEY, PAUL","Democratic Party","DEM","House","H","Virginia","VA","05","CROZET","VA","22932","2026","29-AUG-25","2025","202508299789809260"
"H6IL09368","HILL, TAMIKA LA'SHON MRS.","Democratic Party","DEM","House","H","Illinois","IL","09","CHICAGO","IL","60645","2026","29-AUG-25","2025","202508299789809261"
"H6TN06239","BERGMAN, LORE ANN","Democratic Party","DEM","House","H","Tennessee","TN","06","HENDERSONVILLE","TN","37075","2026","29-AUG-25","2025","202508299789809359"
"H6TX21319","WHEELER, MIKE","Republican Party","REP","House","H","Texas","TX","21","BOERNE","TX","78006","2026","29-AUG-25","2025","202508299789810381"
"H6NY01167","MAGGIO, JORDAN SMITH","None","NNE","House","H","New York","NY","01","SHELTER ISLAND HEIGHTS","NY","11965","2026","29-AUG-25","2025","202508299789829339"
"H6CA30219","HERMAN, LESTER","Democratic Party","DEM","House","H","California","CA","30","LOS ANGELES","CA","90048","2026","28-AUG-25","2025","202508289789804197"
"H6GA13112","BOURNE, PETER ALDWIN","Republican Party","REP","House","H","Georgia","GA","13","CONYERS","GA","30094","2026","28-AUG-25","2025","202508289789804651"
"H6TX21301","TEIXEIRA, MARK CHARLES","Republican Party","REP","House","H","Texas","TX","21","DRIPPING SPRINGS","TX","78620","2026","28-AUG-25","2025","202508289789804652"
"S6IL00649","MAXWELL, BRYAN","Democratic Party","DEM","Senate","S","Illinois","IL","00","URBANA","IL","61802","2026","28-AUG-25","2025","202508289789806440"
"H6TX34098","HINOJOSA, ALFREDO JR.","Republican Party","REP","House","H","Texas","TX","34","CORPUS CHRISTI","TX","78413","2026","28-AUG-25","2025","202508289789805569"
"H6IL08303","HILL, TAMIKA LA'SHON MRS.","Democratic Party","DEM","House","H","Illinois","IL","08","CHICAGO","IL","60645","2025","28-AUG-25","2025","202508289789805578"
"H6GA04178","ROBSON, ALEXANDER THOMAS MR.","Democratic Party","DEM","House","H","Georgia","GA","04","ATLANTA","GA","30345","2026","28-AUG-25","2025","202508289789806420"
"H4TX06232","BUFORD, JAMES","Republican Party","REP","House","H","Texas","TX","06","PALMER","TX","75152","2026","28-AUG-25","2025","202508289789804725"
"P60024353","HARRIS, KATRINA ERMAYNE","Constitution Party","CON","President","P","United States","00","00","FORREST CITY","AR","72335","2025","27-AUG-25","2025","202508279789804152"
"H6TX35046","SCHUCHARDT, CHRISTOPHER THOMAS MR","Republican Party","REP","House","H","Texas","TX","35","SAN ANTONIO","TX","78231","2026","27-AUG-25","2025","202508279789804157"
"H6FL19160","HAWATMEH, OLA NESHESWAT","Republican Party","REP","House","H","Florida","FL","19","KINGSTON","NY","12401","2026","27-AUG-25","2025","202508279789803836"
"S6SC04312","SEDLETSKY, PAUL","Independent","IND","Senate","S","South Carolina","SC","00","NORTH MYRTLE BEACH","SC","29582","2026","27-AUG-25","2025","202508279789803841"
"H0DC01023","MAYE, GREG","Democratic Party","DEM","House","H","District Of Columbia","DC","00","WASHINGTON","DC","20011","2026","27-AUG-25","2025","202508279789803870"
"H6GA01182","DAY, MATT","Republican Party","REP","House","H","Georgia","GA","01","DOUGLAS","GA","31533","2026","27-AUG-25","2025","202508279789803928"
"H0AZ03248","SCHARER, GENE PAUL","Democratic Party","DEM","House","H","Arizona","AZ","09","BUCKEYE","AZ","85326","2026","27-AUG-25","2025","202509030300510915"
"H6NY10143","MAJID, SAVAIL","Democratic Party","DEM","House","H","New York","NY","10","NEW YORK","NY","11201","2026","27-AUG-25","2025","202508279789803967"
"H6MI11241","UFFORD, DON","Democratic Party","DEM","House","H","Michigan","MI","11","BIRMINGHAM","MI","48012","2026","27-AUG-25","2025","202508279789803981"
"H8CA50098","CAMPA-NAJJAR, AMMAR","Democratic Party","DEM","House","H","California","CA","48","SACRAMENTO","CA","95841","2026","27-AUG-25","2025","202508279789803987"
"H6CA38139","SOLIS, HILDA","Democratic Party","DEM","House","H","California","CA","38","ENCINO","CA","91436","2025","27-AUG-25","2025","202508279789804056"
"H6TX35053","LUJAN, JOHN","Republican Party","REP","House","H","Texas","TX","35","SAN ANTONIO","TX","78221","2026","27-AUG-25","2025","202508279789804166"
"H6IL09350","HILL, TAMIKA LA'SHON MRS.","Democratic Party","DEM","House","H","Illinois","IL","09","CHICAGO","IL","60645","2026","27-AUG-25","2025","202508279789804172"
"H6AZ05240","LEE, ELIZABETH","Democratic Party","DEM","House","H","Arizona","AZ","05","CHANDLER","AZ","85246","2026","27-AUG-25","2025","202508279789803949"
"S6SC04304","GLASER, CINDY E","Independent","IND","Senate","S","South Carolina","SC","00","FOUNTAIN INN","SC","29644","2026","26-AUG-25","2025","202508269789803811"
"H6TX21285","BETTS, DANIEL","Republican Party","REP","House","H","Texas","TX","21","AUSTIN","TX","78701","2026","26-AUG-25","2025","202508269789803232"
"H6ID02233","SHUMWAY, PERRY","Republican Party","REP","House","H","Idaho","ID","02","REXBURG","ID","83440","2026","26-AUG-25","2025","202508269789803688"
"H6NY04153","MILLER, BRIAN","Republican Party","REP","House","H","New York","NY","04","EAST MEADOW","NY","11554","2026","26-AUG-25","2025","202508269789803702"
"H6IN02189","DECIO, JAMEE MS.","Democratic Party","DEM","House","H","Indiana","IN","02","WASHINGTON","DC","20033","2026","26-AUG-25","2025","202508269789803734"
"H6IA04217","DAWSON, DAVE","Democratic Party","DEM","House","H","Iowa","IA","04","LAWTON","IA","51030","2026","26-AUG-25","2025","202508269789803743"
"H6IL09343","POLAN, SAM","Democratic Party","DEM","House","H","Illinois","IL","09","CHICAGO","IL","60660","2026","26-AUG-25","2025","202508269789803627"
"H6CA28189","GONZALEZ, ROBERT THOMAS","Democratic Party","DEM","House","H","California","CA","28","SAN GABRIEL","CA","91776","2026","26-AUG-25","2025","202508269789803112"
"H6PA07188","BROOKS, BOB","Democratic Party","DEM","House","H","Pennsylvania","PA","07","LEHIGH VALLEY","PA","18002","2026","26-AUG-25","2025","202508269789803137"
"H6IL17262","BICKELHAUPT, JULIE","Republican Party","REP","House","H","Illinois","IL","17","MT CARROLL","IL","61053","2026","26-AUG-25","2025","202508269789803170"
"S6IL00623","DEAN, JONATHAN","Democratic Party","DEM","Senate","S","Illinois","IL","00","CHICAGO","IL","60602","2026","26-AUG-25","2025","202508269789803190"
"H6NJ01220","FINN, WILLIAM JOSEPH MR. III","Democratic Party","DEM","House","H","New Jersey","NJ","01","MANTUA","NJ","08051","2026","26-AUG-25","2025","202508269789803199"
"S6IL00631","RODRIQUEZ, ADAIR","Democratic Party","DEM","Senate","S","Illinois","IL","00","MORTON","IL","61550","2026","26-AUG-25","2025","202508269789803200"
"H6NJ05221","KIRRANE, SEAN JOSEPH","Republican Party","REP","House","H","New Jersey","NJ","05","RIVER VALE","NJ","07675","2026","26-AUG-25","2025","202508269789803206"
"H6AZ05232","JOHNSON, GARY ROBERT DR. JR.","Democratic Party","DEM","House","H","Arizona","AZ","05","SAN TAN VALLEY","AZ","85143","2026","26-AUG-25","2025","202508269789803816"
"H6SC01268","PELBATH, ALEX","Republican Party","REP","House","H","South Carolina","SC","01","MOUNT PLEASANT","SC","29464","2026","25-AUG-25","2025","202508259789802377"
"H6KS02276","COOVER, DON","Democratic Party","DEM","House","H","Kansas","KS","02","PITTSBURGH","KS","66762","2026","25-AUG-25","2025","202508259789802386"
"H6CT01222","GILCHREST, JILLIAN","Democratic Party","DEM","House","H","Connecticut","CT","01","WEST HARTFORD","CT","06127","2026","25-AUG-25","2025","202508259789802391"
"H6TX09140","MEALER, ALEXANDRA","Republican Party","REP","House","H","Texas","TX","09","PASADENA","TX","77501","2026","25-AUG-25","2025","202508259789802419"
"S6IL00615","TRACY, DON","Republican Party","REP","Senate","S","Illinois","IL","00","SPRINGFIELD","IL","62712","2026","25-AUG-25","2025","202508259789802429"
"H6TN06221","GAINES, BRAD","Republican Party","REP","House","H","Tennessee","TN","06","NASHVILLE","TN","37205","2026","25-AUG-25","2025","202508259789802439"
"S6CO00473","HASLEY, BRASHAD D","Democratic Party","DEM","Senate","S","Colorado","CO","00","AURORA","CO","80019","2026","25-AUG-25","2025","202508259789802891"
"H6GA13104","KIMES, HEAVENLY DR","Democratic Party","DEM","House","H","Georgia","GA","13","CONYERS","GA","30012","2026","25-AUG-25","2025","202508259789802580"
"H6NY08139","BOSTIC, VANCE","Democratic Party","DEM","House","H","New York","NY","08","BROOKLYN","NY","11234","2026","25-AUG-25","2025","202508259789802606"
"H6IN06248","ALT, RAYMOND EDWARD","Democratic Party","DEM","House","H","Indiana","IN","06","INDIANAPOLIS","IN","46217","2026","25-AUG-25","2025","202508259789802885"
"H6SD01133","MAWHINEY, BILLY","Democratic Party","DEM","House","H","South Dakota","SD","00","SIOUX FALLS","SD","57101","2026","25-AUG-25","2025","202508259789802886"
"H6PA10174","HARMAN, ISABELLE A","Independent","IND","House","H","Pennsylvania","PA","10","CARLISLE","PA","17013","2026","25-AUG-25","2025","202508259789802313"
"H6GA01166","MONTGOMERY, BRIAN ALLEN","Republican Party","REP","House","H","Georgia","GA","01","SAVANNAH","GA","31420","2026","25-AUG-25","2025","202508259789802345"
"H4CO08026","JOHNSON, LARRY","Democratic Party","DEM","House","H","Colorado","CO","08","GREELEY","CO","80631","2026","25-AUG-25","2025","202508259789802440"
"H6WA08142","VALLEZA, ANDRES R MR.","Republican Party","REP","House","H","Washington","WA","08","EVERETT","WA","98203","2026","24-AUG-25","2025","202508249789802289"
"H6FL25043","VILLATORO, CLAUDIA","Republican Party","REP","House","H","Florida","FL","25","HOLLYWOOD","FL","33021","2026","23-AUG-25","2025","202508239789802202"
"H6TX38040","COURTS, THERESA","Democratic Party","DEM","House","H","Texas","TX","38","CYPRESS","TX","77429","2026","23-AUG-25","2025","202508239789802220"
"H6TX18422","MARCHANT, BARRY DEWAYNE MR. SR.","Democratic Party","DEM","House","H","Texas","TX","18","ORANGE","TX","77630","2025","22-AUG-25","2025","202508229789802103"
"S6OH00387","ODE, FREDERICK J","Democratic Party","DEM","Senate","S","Ohio","OH","00","COLUMBIA STATION","OH","44028","2026","22-AUG-25","2025","202508229789794590"
"H6CA08256","ROWDEN, AARON B","Democratic Party","DEM","House","H","California","CA","08","SAN PABLO","CA","94806","2026","22-AUG-25","2025","202508229789802102"
"H4IN05286","PICKETT, DEBORAH A","Democratic Party","DEM","House","H","Indiana","IN","05","CARMEL","IN","46032","2026","22-AUG-25","2025","202508229789795538"
"H6MI02232","CARRIZALES, RICHARD CARL JR","Democratic Party","DEM","House","H","Michigan","MI","02","HARRIETTA","MI","49638","2026","22-AUG-25","2025","202508229789795564"
"H2TX34220","KUNKLE, GREGORY SCOTT JR.","Republican Party","REP","House","H","Texas","TX","34","PORT ISABEL","TX","78578","2026","22-AUG-25","2025","202508229789794639"
"H6TN05389","ONYEJIAKA, DIANA MS.","Democratic Party","DEM","House","H","Tennessee","TN","05","NASHVILLE","TN","37202","2026","21-AUG-25","2025","202508219789794513"
"H6TX09124","CAIN, BRISCOE ROWELL III","Republican Party","REP","House","H","Texas","TX","09","DEER PARK","TX","77536","2026","21-AUG-25","2025","202508219789793775"
"H6NY13238","AMADOR, JALIEL","Democratic Party","DEM","House","H","New York","NY","13","NEW YORK","NY","10040","2026","21-AUG-25","2025","202508219789794490"
"H6MI07298","LAWRENCE, WILLIAM","Democratic Party","DEM","House","H","Michigan","MI","07","LANSING","MI","48901","2026","21-AUG-25","2025","202508219789794129"
"H6AL01086","MARQUES, RHETT","Republican Party","REP","House","H","Alabama","AL","01","ENTERPRISE","AL","36331","2026","21-AUG-25","2025","202508219789793800"
"S6NH00182","MANZUR, KARISHMA","Democratic Party","DEM","Senate","S","New Hampshire","NH","00","EXETER","NH","03833","2026","20-AUG-25","2025","202508209789588980"
"H6CA40382","RAMIREZ, LISA D","Democratic Party","DEM","House","H","California","CA","40","SANTA ANA","CA","92711","2026","20-AUG-25","2025","202508209789613894"
"H6TN07310","LEURS, JOSEPH H","Republican Party","REP","House","H","Tennessee","TN","07","CLARKSVILLE","TN","37043","2025","20-AUG-25","2025","202508209789756130"
"S6MA00270","BECH, NATHAN ALEXANDER","Republican Party","REP","Senate","S","Massachusetts","MA","00","WEST SPRINGFIELD","MA","01089","2026","20-AUG-25","2025","202508209789638384"
"H6TX08175","TOTH, STEVE","Republican Party","REP","House","H","Texas","TX","02","THE WOODLANDS","TX","77387","2026","20-AUG-25","2025","202508209789699761"
"H6NH01396","GIRARD, ELIZABETH","Republican Party","REP","House","H","New Hampshire","NH","01","MANCHESTER","NH","03101","2026","20-AUG-25","2025","202508209789624024"
"H6TN07302","DAGAN, ADOLPH","Republican Party","REP","House","H","Tennessee","TN","07","CLARKSVILLE","TN","37042","2025","19-AUG-25","2025","202508199789531092"
"H6IA02211","JAMES, LINDSAY","Democratic Party","DEM","House","H","Iowa","IA","02","DUBUQUE","IA","52001","2026","19-AUG-25","2025","202508199789505589"
"S6AR00173","DUNBAR, ETHAN N SR.","Democratic Party","DEM","Senate","S","Arkansas","AR","00","LEWISVILLE","AR","71845","2026","19-AUG-25","2025","202508199789507693"
"H6TX31128","DOWELL, STEVEN CLAY JR","Republican Party","REP","House","H","Texas","TX","31","BELTON","TX","76513","2026","19-AUG-25","2025","202508199789516467"
"H6MD01346","WHITE, RANDI","Democratic Party","DEM","House","H","Maryland","MD","01","SALISBURY","MD","21803","2026","19-AUG-25","2025","202508199789522006"
"H6IL03163","OAKLEY, ANGEL","Republican Party","REP","House","H","Illinois","IL","03","WHEATON","IL","60187","2026","19-AUG-25","2025","202508199789522007"
"H6TX21277","WEBER, DANIEL","Democratic Party","DEM","House","H","Texas","TX","21","SAN MARCOS","TX","78666","2026","19-AUG-25","2025","202508199789530649"
"H6AZ01348","GALLEGO, DERRICK","Republican Party","REP","House","H","Arizona","AZ","01","GILBERT","AZ","85298","2026","19-AUG-25","2025","202508199789565118"
"H6NV01356","HOOVER, JOY","Democratic Party","DEM","House","H","Nevada","NV","01","LAS VEGAS","NV","89125","2026","18-AUG-25","2025","202508189789504734"
"S6ME00373","PLATNER, GRAHAM","Democratic Party","DEM","Senate","S","Maine","ME","00","BLUE HILL","ME","04614","2026","18-AUG-25","2025","202508189789505026"
"H6NV01349","HANOFF, KEITH","Republican Party","REP","House","H","Nevada","NV","01","LAS VEGAS","NV","89149","2026","18-AUG-25","2025","202508189789497062"
"H6TX12144","SPRAGUE, BRIAN JAMES","Republican Party","REP","House","H","Texas","TX","12","FORT WORTH","TX","76104","2026","18-AUG-25","2025","202508189789487904"
"S6AL00476","MOORE, FELIX BARRY","Republican Party","REP","Senate","S","Alabama","AL","00","ENTERPRISE","AL","36331","2026","18-AUG-25","2025","202508189789488506"
"S6OH00163","BROWN, SHERROD","Democratic Party","DEM","Senate","S","Ohio","OH","00","COLUMBUS ","OH","43215","2026","18-AUG-25","2025","202508189789488030"
"H6NY22171","LEMONDES, JOHN","Republican Party","REP","House","H","New York","NY","22","SKANEATELES","NY","13152","2026","17-AUG-25","2025","202508179789487848"
"H6OK03249","ROBERSON, JULES","Democratic Party","DEM","House","H","Oklahoma","OK","03","ANADARKO","OK","73005","2026","16-AUG-25","2025","202508169789487366"
"H6VA02164","MOSOLF, PATRICK MR.","Democratic Party","DEM","House","H","Virginia","VA","02","VIRGINIA BEACH","VA","23454","2026","16-AUG-25","2025","202508169789487528"
"H6WI01291","ARANDA, MIGUEL","Democratic Party","DEM","House","H","Wisconsin","WI","01","WHITEWATER","WI","53190","2026","16-AUG-25","2025","202508169789487483"
"H6NE01135","MOYER, ERIC HAMILTON","Democratic Party","DEM","House","H","Nebraska","NE","01","LINCOLN","NE","68512","2026","16-AUG-25","2025","202508169789487379"
"S6KY00310","THOMPSON, VINCENT ANTHONY","Democratic Party","DEM","Senate","S","Kentucky","KY","00","RINEYVILLE","KY","40162","2026","15-AUG-25","2025","202508159789480162"
"S6ME00365","RODRIGUEZ, DAIRA","Democratic Party","DEM","Senate","S","Maine","ME","00","WASHINGTON","DC","20033","2026","15-AUG-25","2025","202508159789485765"
"H6CA51124","BUCY, MICHAEL","Independent American Party","IAP","House","H","California","CA","51","EL CAJON","CA","92020","2026","15-AUG-25","2025","202508159789483381"
"H6OR04252","WIEDENFELD-NEEDHAM, BORIS 'BO'","Democratic Party","DEM","House","H","Oregon","OR","04","EUGENE","OR","97402","2026","14-AUG-25","2025","202508140300510332"
"H6MI11225","FAROOQI, AISHA","Democratic Party","DEM","House","H","Michigan","MI","11","TROY","MI","48099","2026","14-AUG-25","2025","202508149789470089"
"H6GA09276","POOLE, GREGG","Republican Party","REP","House","H","Georgia","GA","09","LULA","GA","30554","2026","14-AUG-25","2025","202508149789471009"
"H6SC01250","SMITH, MARK","Republican Party","REP","House","H","South Carolina","SC","01","DANIEL ISLAND","SC","29242","2026","14-AUG-25","2025","202508149789471018"
"H6TX18414","DANIEL, THEODIS","Republican Party","REP","House","H","Texas","TX","18","HOUSTON","TX","77087","2026","14-AUG-25","2025","202508149789471767"
"H4TN06218","REID, JOE","Republican Party","REP","House","H","Tennessee","TN","06","KNOXVILLE","TN","37912","2026","14-AUG-25","2025","202508149789471825"
"H6MD04332","JOHNSON, JAKEYA","Democratic Party","DEM","House","H","Maryland","MD","04","RIVERDALE","MD","20737","2026","14-AUG-25","2025","202508149789478899"
"S6NM01129","LUNA, BEN","Republican Party","REP","Senate","S","New Mexico","NM","00","ALBUQUERQUE","NM","87196","2026","14-AUG-25","2025","202508149789472071"
"H6FL08270","DELLINGER, PAUL LYAL","Democratic Party","DEM","House","H","Florida","FL","08","ROCKLEDGE","FL","32955","2026","14-AUG-25","2025","202508149789475057"
"H6IL02389","NOACK, MICHAEL SCOTT","Republican Party","REP","House","H","Illinois","IL","02","BONFIELD","IL","60913","2026","14-AUG-25","2025","202508149789477412"
"H6WI08205","CROSSON, RICK","Democratic Party","DEM","House","H","Wisconsin","WI","08","GREEN BAY","WI","54311","2026","14-AUG-25","2025","202508149789478013"
"H6CA51116","BUCY, MICHAEL","Independent American Party","IAP","House","H","California","CA","51","EL CAJON","CA","92020","2026","14-AUG-25","2025","202508149789478209"
"H4TX23120","HERRERA, BRANDON","Republican Party","REP","House","H","Texas","TX","23","SAN ANTONIO","TX","78257","2026","14-AUG-25","2025","202508149789471826"
"H6VA08278","SEIFELDEIN, MO","Democratic Party","DEM","House","H","Virginia","VA","08","ALEXANDRIA","VA","22304","2026","13-AUG-25","2025","202508139789463695"
"H6TN02162","VELK, ADAM JAY","Democratic Party","DEM","House","H","Tennessee","TN","02","KNOXVILLE","TN","37921","2026","13-AUG-25","2025","202508139789465722"
"H6WA03275","BRAUN, JOHN","Republican Party","REP","House","H","Washington","WA","03","CHEHALIS","WA","98532","2026","13-AUG-25","2025","202508139789465978"
"H6GA01174","ZURCHER, RANDY JAY","Democratic Party","DEM","House","H","Georgia","GA","01","SAVANNAH","GA","31405","2026","13-AUG-25","2025","202508260300510613"
"H6CA41323","KEISSIEH, CLAUDE MANUEL","Democratic Party","DEM","House","H","California","CA","41","CORONA","CA","92881","2026","13-AUG-25","2025","202508139789467287"
"H6CA32215","BENAMI, DORY","Democratic Party","DEM","House","H","California","CA","32","TARZANA","CA","91356","2026","13-AUG-25","2025","202508139789467827"
"H6IA02203","PRIMUS, DONALD K.","Democratic Party","DEM","House","H","Iowa","IA","02","STEAMBOAT ROCK","IA","50672","2026","13-AUG-25","2025","202508130300510278"
"H6IL05200","WICKER, BARRY","Republican Party","REP","House","H","Illinois","IL","05","CHICAGO","IL","60618","2026","13-AUG-25","2025","202508139789466024"
"H4IL07177","CONYEARS-ERVIN, MELISSA","Democratic Party","DEM","House","H","Illinois","IL","07","CHICAGO","IL","60612","2026","12-AUG-25","2025","202508129789457653"
"H6IL07438","FISHER, THOMAS DR.","Democratic Party","DEM","House","H","Illinois","IL","07","CHICAGO","IL","60661","2026","12-AUG-25","2025","202508129789458039"
"H6MO06286","ROSS, DR. GENA DR","Republican Party","REP","House","H","Missouri","MO","06","KANSAS CITY","MO","64079","2026","12-AUG-25","2025","202508129789458150"
"H6TN07195","BEHN, AFTYN","Democratic Party","DEM","House","H","Tennessee","TN","07","NASHVILLE","TN","37216","2025","12-AUG-25","2025","202508129789456769"
"H6FL06373","FURRY, WILL","Republican Party","REP","House","H","Florida","FL","06","PALM COAST","FL","32137","2026","12-AUG-25","2025","202508129789455650"
"S6IA00298","TUREK, JOSHUA","Democratic Party","DEM","Senate","S","Iowa","IA","00","COUNCIL BLUFFS","IA","51502","2026","12-AUG-25","2025","202508129789455705"
"H6WI01283","BERMAN, MITCHELL","Democratic Party","DEM","House","H","Wisconsin","WI","01","FRANKLIN","WI","53132","2026","12-AUG-25","2025","202508129789455710"
"H6DC01038","CHAFFIN, GORDON","Democratic Party","DEM","House","H","District Of Columbia","DC","00","WASHINGTON","DC","20002","2026","12-AUG-25","2025","202508129789455640"
"H6IL16140","GULLETTE, GARTH WESLEY","Republican Party","REP","House","H","Illinois","IL","16","CHILLICOTHE","IL","61523","2026","11-AUG-25","2025","202508119789451258"
"H6NJ04216","FLYNN, JULIE SUSAN MS.","Democratic Party","DEM","House","H","New Jersey","NJ","04","WALL TOWNSHIP","NJ","07719","2026","11-AUG-25","2025","202508119789451746"
"H6VA01273","CYWINSKI, TIMOTHY STEPHEN","Democratic Party","DEM","House","H","Virginia","VA","01","FRONT ROYAL","VA","22630","2026","11-AUG-25","2025","202508119789452320"
"H6DC01020","MCCLAIRN, JERRY MR JR","Democratic Party","DEM","House","H","District Of Columbia","DC","00","WASHINGTON","DC","20003","2026","11-AUG-25","2025","202508119789455624"
"H6SC01243","DIAZ, MAX ELIOT","Democratic Party","DEM","House","H","South Carolina","SC","01","HANAHAN","SC","29410","2026","11-AUG-25","2025","202508119789452457"
"H6KY05160","TRIMBLE, JACOB","Republican Party","REP","House","H","Kentucky","KY","05","SOMERSET","KY","42503","2026","11-AUG-25","2025","202508119789453870"
"H6CA08249","LAMBA, HARINDER SINGH","Democratic Party","DEM","House","H","California","CA","08","EL CERRITO","CA","94530","2026","11-AUG-25","2025","202508119789455195"
"H6TN02162","VELK, ADAM JAY","Democratic Party","DEM","House","H","Tennessee","TN","02","KNOXVILLE","TN","37921","2025","11-AUG-25","2025","202508119789452321"
"H6IN08301","RECTOR, CHRISTOPHER DAVID","Democratic Party","DEM","House","H","Indiana","IN","08","TELL CITY","IN","47586","2026","10-AUG-25","2025","202508109789450840"
"H6FL07199","BOCK, GEORGE LOUIS MR","Democratic Party","DEM","House","H","Florida","FL","07","CHULUOTA","FL","32766","2026","09-AUG-25","2025","202508099789448655"
"H6TX31110","TRAUTNER, BRIAN","Democratic Party","DEM","House","H","Texas","TX","31","GEORGETOWN","TX","78626","2026","09-AUG-25","2025","202508099789448628"
"H6CA14130","QADIR, ABRAR","Democratic Party","DEM","House","H","California","CA","14","PLEASANTON","CA","94588","2026","08-AUG-25","2025","202508089789420214"
"H6CA02275","EISELE, KEVIN","Democratic Party","DEM","House","H","California","CA","02","NOVATO","CA","94948","2026","08-AUG-25","2025","202508089789420215"
"H4AZ04115","JASSER, M. ZUHDI","Republican Party","REP","House","H","Arizona","AZ","04","PHOENIX","AZ","85016","2026","08-AUG-25","2025","202508089789420295"
"H2CT02161","FRANCE, MIKE","Republican Party","REP","House","H","Connecticut","CT","02","TRUMBULL","CT","06611","2026","08-AUG-25","2025","202508089789441788"
"S6MI00509","STEPHENS, THOMAS WAYNE","No Party Affiliation","NPA","Senate","S","Michigan","MI","00","FLINT","MI","48506","2026","08-AUG-25","2025","202508089789441446"
"S6MN00515","WEILER, TOM","Republican Party","REP","Senate","S","Minnesota","MN","00","EDEN PRAIRIE","MN","55347","2026","08-AUG-25","2025","202508089789446212"
"H6IN04219","WHETSTONE, JOHN PHILLIP","Democratic Party","DEM","House","H","Indiana","IN","04","CRAWFORDSVILLE","IN","47933","2026","08-AUG-25","2025","202508089789422398"
"S6NC00431","JOHNSON, CONSTANCE 'CONNIE'","Other","OTH","Senate","S","North Carolina","NC","00","SALISBURY","NC","28144","2026","07-AUG-25","2025","202508070300509873"
"H6CA08231","CARJUZAA, NICOLAS","Democratic Party","DEM","House","H","California","CA","08","MARTINEZ","CA","94553","2026","07-AUG-25","2025","202508079789420151"
"H6NJ07276","O'ROURKE, MEGAN","Democratic Party","DEM","House","H","New Jersey","NJ","07","ANDOVER","NJ","07821","2026","07-AUG-25","2025","202508079789411591"
"H6AR03144","HOCEVAR, CHRISTOPHER JOHN MR. II","Independent","IND","House","H","Arkansas","AR","03","FAYETTEVILLE","AR","72702","2026","07-AUG-25","2025","202508079789411542"
"H6MN01224","YOUNGERBERG, LUCAS TODD","Independent","IND","House","H","Minnesota","MN","01","JANESVILLE","MN","56048","2026","07-AUG-25","2025","202508070300509908"
"H6VA01257","SUBLETTE, SEAN","Democratic Party","DEM","House","H","Virginia","VA","01","MIDLOTHIAN","VA","23112","2026","06-AUG-25","2025","202508069789388315"
"H6WA08134","ARAFAT, ADAM NEIL","Democratic Party","DEM","House","H","Washington","WA","08","SPANAWAY","WA","98387","2026","06-AUG-25","2025","202508069789388488"
"H6TX32159","BINKLEY, RYAN","Republican Party","REP","House","H","Texas","TX","32","RICHARDSON","TX","75080","2026","06-AUG-25","2025","202508069789388559"
"S2IL00234","TILLMAN, JIMMY LEE II","Republican Party","REP","Senate","S","Illinois","IL","00","CHICAGO","IL","60619","2026","06-AUG-25","2025","202508069789388560"
"H6TX18372","HUEY, STEPHEN","Democratic Party","DEM","House","H","Texas","TX","18","HOUSTON","TX","77270","2025","06-AUG-25","2025","202508069789390722"
"H6MD05271","JORDAN, BRIAN STEPHEN","Independent","IND","House","H","Maryland","MD","05","HOLLYWOOD","MD","20636","2026","06-AUG-25","2025","202508069789389027"
"H6TN07161","VAN EPPS, MATTHEW ROBERT","Republican Party","REP","House","H","Tennessee","TN","07","DICKSON","TN","37056","2025","06-AUG-25","2025","202508069789389049"
"S6MI00491","KAMAL, ANDREW","Republican Party","REP","Senate","S","Michigan","MI","00","TROY","MI","48084","2026","06-AUG-25","2025","202508069789389945"
"H2TX18207","MONTIEL, CARMEN","Republican Party","REP","House","H","Texas","TX","18","HOUSTON","TX","77024","2025","06-AUG-25","2025","202508069789390601"
"H6OH06178","KELLEY, JULLIE","Republican Party","REP","House","H","Ohio","OH","06","SHERRODSVILLE","OH","44675","2026","06-AUG-25","2025","202508069789388639"
"H6SC05210","BLEDSOE, BILL","Republican Party","REP","House","H","South Carolina","SC","05","CHESNEE","SC","29323","2026","05-AUG-25","2025","202508059789385983"
"H4SC02071","REDMOND, HAMPTON","Republican Party","REP","House","H","South Carolina","SC","02","LEXINGTON","SC","29072","2026","05-AUG-25","2025","202508070300509821"
"S6IA00280","NORRIS, JACKIE","Democratic Party","DEM","Senate","S","Iowa","IA","00","WEST DES MOINES","IA","50265","2026","05-AUG-25","2025","202508059789386050"
"H6PA01199","HUNT, TRACY","Democratic Party","DEM","House","H","Pennsylvania","PA","01","NEW HOPE","PA","18938","2026","05-AUG-25","2025","202508059789386408"
"H6NY01159","GALLANT, CHRISTOPHER","Democratic Party","DEM","House","H","New York","NY","01","SMITHTOWN","NY","11787","2026","05-AUG-25","2025","202508059789386419"
"H6NV01331","BUCK, CARRIE","Republican Party","REP","House","H","Nevada","NV","01","HENDERSON","NV","89002","2026","05-AUG-25","2025","202508059789386638"
"H6VA06165","BARLOW, PETE HAMILTON","Democratic Party","DEM","House","H","Virginia","VA","06","WEYERS CAVE","VA","24486","2026","05-AUG-25","2025","202508059789386666"
"H6CA32207","LEVINE, JAKE","Democratic Party","DEM","House","H","California","CA","32","LOS ANGELES","CA","90049","2026","05-AUG-25","2025","202508059789386826"
"H6CA20210","ROBB, PATRICK","Democratic Party","DEM","House","H","California","CA","20","WOFFORD HEIGHTS","CA","93285","2026","05-AUG-25","2025","202508059789386884"
"H6NY17221","CAPPELLO, JOHN","Democratic Party","DEM","House","H","New York","NY","17","SUFFERN","NY","10901","2026","05-AUG-25","2025","202508059789386912"
"H6FL06365","DAVIS, MARK","Democratic Party","DEM","House","H","Florida","FL","06","PARRISH","FL","34219","2026","05-AUG-25","2025","202508059789386913"
"H6NJ11195","GRAYZEL, JEFF","Democratic Party","DEM","House","H","New Jersey","NJ","11","MORRISTOWN","NJ","07963","2026","05-AUG-25","2025","202508059789386924"
"H6IL08295","VETTICAD, RYAN","Democratic Party","DEM","House","H","Illinois","IL","08","SOUTH BARRINGTON","IL","60010","2026","05-AUG-25","2025","202508059789386965"
"S6KS00247","DAVIS, CHRISTY","Democratic Party","DEM","Senate","S","Kansas","KS","00","COTTONWOOD FALLS","KS","66845","2026","05-AUG-25","2025","202508059789388055"
"H6FL23170","DORCE, SENDRA","Republican Party","REP","House","H","Florida","FL","23","WINTER PARK","FL","32789","2026","05-AUG-25","2025","202508059789386045"
"S2FL00425","GRANDA, GRACE","Unknown","UNK","Senate","S","Florida","FL","00","BOCA RATON","FL","33429","2026","04-AUG-25","2025","202508040300509315"
"H6NH01388","COLE, BRIAN","Republican Party","REP","House","H","New Hampshire","NH","01","MANCHESTER","NH","03103","2026","04-AUG-25","2025","202508049789385957"
"H6IL09335","MANRIQUE, JILL","Democratic Party","DEM","House","H","Illinois","IL","09","EVANSTON","IL","60201","2026","04-AUG-25","2025","202508049789385466"
"H6IL07420","DRIVER, ANTHONY JR.","Democratic Party","DEM","House","H","Illinois","IL","07","CHICAGO","IL","60699","2026","04-AUG-25","2025","202508049789385320"
"H6MI11217","PAESANO, ANTHONY MEDIA","Republican Party","REP","House","H","Michigan","MI","11","NOVI","MI","48375","2026","04-AUG-25","2025","202508049789385802"
"H6AZ01330","LUCIO, DANIEL LEE","Democratic Party","DEM","House","H","Arizona","AZ","01","PHOENIX","AZ","85020","2026","04-AUG-25","2025","202508049789385918"
"H6CA04214","FULKERSON, HEATH VINCENT","Republican Party","REP","House","H","California","CA","04","LOWER LAKE","CA","95457","2026","04-AUG-25","2025","202508049789385158"
"H6FL22115","BLAKE, IAN SCOTT","Democratic Party","DEM","House","H","Florida","FL","22","BOYNTON BEACH","FL","33472","2026","04-AUG-25","2025","202508049789385677"
"H6MI01267","BLOMQUIST, KYLE","Democratic Party","DEM","House","H","Michigan","MI","01","IRON MOUNTAIN","MI","49801","2026","03-AUG-25","2025","202508039789385123"
"H6IN08293","ALLEN, MARY THERESA","Democratic Party","DEM","House","H","Indiana","IN","08","EVANSVILLE","IN","47708","2026","03-AUG-25","2025","202508039789385139"
"S6GA00408","DOOLEY, DEREK","Republican Party","REP","Senate","S","Georgia","GA","00","ATHENS","GA","30606","2026","03-AUG-25","2025","202508039789385128"
"H6GA01158","HOLLOWELL, AMANDA","Democratic Party","DEM","House","H","Georgia","GA","01","SAVANNAH","GA","31419","2026","02-AUG-25","2025","202508029789384794"
"H6CT02196","AUSTIN, GEORGE PATRICK","Republican Party","REP","House","H","Connecticut","CT","02","SUFFIELD","CT","06078","2026","02-AUG-25","2025","202508029789384972"
"H2FL20159","HOLNESS, DALE V.C. MR.","Democratic Party","DEM","House","H","Florida","FL","20","PLANTATION","FL","33313","2026","02-AUG-25","2025","202508029789384795"
"H6AZ05224","HUALDE, BRIAN","Democratic Party","DEM","House","H","Arizona","AZ","05","MESA","AZ","85209","2026","01-AUG-25","2025","202508019789384733"
"H6IA01205","KRAUSE, BOB MR.","Democratic Party","DEM","House","H","Iowa","IA","01","BURLINGTON","IA","52601","2026","01-AUG-25","2025","202508019789384734"
"H6FL02299","GREEN, AMANDA MARIE","Democratic Party","DEM","House","H","Florida","FL","02","TALLAHASSEE","FL","32308","2026","01-AUG-25","2025","202508019789383556"
"H6WI08197","SCHEFFLER, MARK CHRISTOPHER","Democratic Party","DEM","House","H","Wisconsin","WI","08","APPLETON","WI","54911","2026","01-AUG-25","2025","202508019789383557"
"S6NC00423","QUICK, ORRICK ROMAINE","Democratic Party","DEM","Senate","S","North Carolina","NC","00","HIGH POINT","NC","27260","2026","01-AUG-25","2025","202508019789383737"
"H6FL15200","OVERMAN, KIMBERLY","Democratic Party","DEM","House","H","Florida","FL","15","TEMPLE TERRACE","FL","33687","2026","01-AUG-25","2025","202508019789383493"
"H6SC05202","CLIMER, WES","Republican Party","REP","House","H","South Carolina","SC","05","ROCK HILL","SC","29732","2026","01-AUG-25","2025","202508019789384241"
"S6CO00465","ZIMPFER, ANTHONY JACOB","Democratic Party","DEM","Senate","S","Colorado","CO","00","LAKEWOOD","CO","80215","2026","01-AUG-25","2025","202508019789384277"
"H6TX21269","VANBURG, REGINA DR.","Democratic Party","DEM","House","H","Texas","TX","21","BANDERA","TX","78003","2026","01-AUG-25","2025","202508019789384457"
"H6NH01370","HOWARD, HEATH","Democratic Party","DEM","House","H","New Hampshire","NH","01","STRAFFORD","NH","03884","2026","01-AUG-25","2025","202508019789384623"
"H6PA03211","MORRIS, KARL","Democratic Party","DEM","House","H","Pennsylvania","PA","03","PHILADELPHIA","PA","19150","2026","01-AUG-25","2025","202508019789383465"
"S6IL00607","DELGADO, ADAM","Democratic Party","DEM","Senate","S","Illinois","IL","00","CHICAGO","IL","60601","2026","01-AUG-25","2025","202508019789384236"
"H6GA10175","GAINES, HOUSTON","Republican Party","REP","House","H","Georgia","GA","10","ATHENS","GA","30604","2026","31-JUL-25","2025","202507319764531173"
"S6AL00468","WALKER, RODNEY","Republican Party","REP","Senate","S","Alabama","AL","00","LINEVILLE","AL","36266","2026","31-JUL-25","2025","202507319779604191"
"H6LA01258","JEWETT, LAUREN","Democratic Party","DEM","House","H","Louisiana","LA","01","METAIRIE","LA","70003","2026","31-JUL-25","2025","202507319764437166"
"H6FL06357","GAMBARO, CHARLES","Republican Party","REP","House","H","Florida","FL","06","PALM COAST","FL","32164","2026","31-JUL-25","2025","202507319764519167"
"H6NC11248","AGER, JAMIE","Democratic Party","DEM","House","H","North Carolina","NC","11","FAIRVIEW","NC","28730","2026","31-JUL-25","2025","202507319764480898"
"H6OK04155","JACOB, MITCHELL LEIGH","Democratic Party","DEM","House","H","Oklahoma","OK","04","NEWCASTLE","OK","73065","2026","31-JUL-25","2025","202507319764518292"
"H6CT01206","BRONIN, LUKE","Democratic Party","DEM","House","H","Connecticut","CT","01","HARTFORD","CT","06123","2026","31-JUL-25","2025","202507319764480680"
"H2FL24052","GONZALEZ, PATRICIA","Republican Party","REP","House","H","Florida","FL","24","MIAMI","FL","33138","2026","30-JUL-25","2025","202507309764342013"
"H6TX32142","NIEHAUS, ERIC","Republican Party","REP","House","H","Texas","TX","32","DALLAS","TX","75231","2026","30-JUL-25","2025","202507309764344090"
"H6TN07179","KNIGHT, JASON","Republican Party","REP","House","H","Tennessee","TN","07","CLARKSVILLE","TN","37043","2025","30-JUL-25","2025","202507309764352701"
"H6NY13220","KEITH, JAMES FELTON","Democratic Party","DEM","House","H","New York","NY","13","NEW YORK","NY","10037","2026","30-JUL-25","2025","202507309764353327"
"H6GA02156","HAND, CHUCK","Republican Party","REP","House","H","Georgia","GA","02","BUTLER","GA","31006","2026","30-JUL-25","2025","202507309764434990"
"H6OH13265","BRIEM, MARGARET ELIZABETH","Republican Party","REP","House","H","Ohio","OH","13","FAIRLAWN","OH","44333","2026","30-JUL-25","2025","202507309764356447"
"S6NC00415","WHATLEY, MICHAEL","Republican Party","REP","Senate","S","North Carolina","NC","00","RALEIGH","NC","27624","2026","30-JUL-25","2025","202507309764357291"
"H6IA03284","CARRIGAN, MICHAEL XAVIER MR.","Democratic Party","DEM","House","H","Iowa","IA","03","WAUKEE","IA","50263","2026","30-JUL-25","2025","202507309764357315"
"H6NC10182","CAUDLE, WEST","Democratic Party","DEM","House","H","North Carolina","NC","10","WINSTON-SALEM","NC","271145161","2026","30-JUL-25","2025","202507309764368629"
"H6PA07170","PINSLEY, MARK","Democratic Party","DEM","House","H","Pennsylvania","PA","07","CHICAGO","IL","60614","2026","30-JUL-25","2025","202507309764353851"
"H6MI02224","AULT, ANDREW MICHAEL","Democratic Party","DEM","House","H","Michigan","MI","02","MANISTEE","MI","49660","2026","29-JUL-25","2025","202507299764307678"
"H6VA02156","WILLIAMSON, MICHAEL","Democratic Party","DEM","House","H","Virginia","VA","02","PORTSMOUTH","VA","23703","2026","29-JUL-25","2025","202507299764308426"
"H0TX08145","JONES, LAURA","Democratic Party","DEM","House","H","Texas","TX","08","COLDSPRING","TX","77331","2026","29-JUL-25","2025","202507299764310359"
"H6TN07153","THORP, JONATHAN","Independent","IND","House","H","Tennessee","TN","07","SPRINGFIELD","TN","37172","2025","29-JUL-25","2025","202507299764341832"
"H6HI01311","KEOHOKALOLE, JARRETT","Democratic Party","DEM","House","H","Hawaii","HI","01","HONOLULU","HI","96817","2026","29-JUL-25","2025","202507299764336185"
"H6NY12164","ELKIND, LIAM","Democratic Party","DEM","House","H","New York","NY","12","NEW YORK","NY","10025","2026","29-JUL-25","2025","202507299764337945"
"H6IN04201","ELWARTOWSKI, CHAD","Republican Party","REP","House","H","Indiana","IN","04","ZIONSVILLE","IN","46077","2026","29-JUL-25","2025","202507299764312807"
"S6NC00407","COOPER, ROY","Democratic Party","DEM","Senate","S","North Carolina","NC","00","RALEIGH","NC","27603","2026","28-JUL-25","2025","202507289764265274"
"S6GA00390","COLLINS, MICHAEL A JR","Republican Party","REP","Senate","S","Georgia","GA","00","JACKSON","GA","30233","2026","28-JUL-25","2025","202507289764265315"
"H6SC01227","DEFORD, WILLIAM MAC","Democratic Party","DEM","House","H","South Carolina","SC","01","MOUNT PLEASANT","SC","29465","2026","28-JUL-25","2025","202507289764266634"
"S6SC04296","DANS, PAUL","Republican Party","REP","Senate","S","South Carolina","SC","00","CHARLESTON","SC","29403","2026","28-JUL-25","2025","202507289764270083"
"H6IL02371","BANKS, ASHLEY","Independent","IND","House","H","Illinois","IL","02","CHICAGO","IL","60637","2026","28-JUL-25","2025","202507289764307201"
"H6MA01120","WHALEN, JEROMIE PATRICK DR.","Democratic Party","DEM","House","H","Massachusetts","MA","01","SOUTH HADLEY","MA","01075","2026","28-JUL-25","2025","202507289764270804"
"S6TX00453","MORGUL, EMILY","Democratic Party","DEM","Senate","S","Texas","TX","00","HOUSTON","TX","77069","2026","28-JUL-25","2025","202507289764279378"
"H6CA49151","PARKER, STAR L","Republican Party","REP","House","H","California","CA","49","SAN CLEMENTE","CA","92673","2026","28-JUL-25","2025","202507289764306987"
"H6TN07294","BULSO, GINO","Republican Party","REP","House","H","Tennessee","TN","07","FRANKLIN","TN","37068","2025","28-JUL-25","2025","202507289764270328"
"H6IL16132","BEST, SCOTT ALLAN MR.","Democratic Party","DEM","House","H","Illinois","IL","16","NORMAL","IL","61761","2026","27-JUL-25","2025","202507279764240311"
"H6IL07412","BILLIPS, NATHAN E MR","Independent","IND","House","H","Illinois","IL","07","MILWAUKEE","WI","53224","2026","27-JUL-25","2025","202507279764240341"
"H0TX14184","THOMAS, ROBERT","Democratic Party","DEM","House","H","Texas","TX","14","WEST COLUMBIA","TX","77486","2026","26-JUL-25","2025","202507269764233899"
"H0NJ06214","HSU, JOHN","Democratic Party","DEM","House","H","New Jersey","NJ","06","EDISON","NJ","08820","2026","26-JUL-25","2025","202507269764235825"
"H6FL04204","ROBINSON, BRITTNEY","Democratic Party","DEM","House","H","Florida","FL","04","JACKSONVILLE","FL","32244","2026","26-JUL-25","2025","202507269764236131"
"H6OH15112","LEONARD, DON RALPH","Democratic Party","DEM","House","H","Ohio","OH","15","COLUMBUS","OH","43206","2026","26-JUL-25","2025","202507269764235853"
"H6NJ05213","GEBO, NICHOLAS","Democratic Party","DEM","House","H","New Jersey","NJ","05","FREMONT","CA","94555","2026","26-JUL-25","2025","202507269764235992"
"H6MI13296","HASSAN, NAZMUL","Democratic Party","DEM","House","H","Michigan","MI","13","HAMTRAMCK","MI","48212","2026","26-JUL-25","2025","202507269764235837"
"H6MO05254","HERRERA, JORDAN","Democratic Party","DEM","House","H","Missouri","MO","05","KANSAS CITY","MO","64105","2026","25-JUL-25","2025","202507259764221837"
"H6NJ02244","ALEXANDER, TIMOTHY C","Democratic Party","DEM","House","H","New Jersey","NJ","02","GALLOWAY","NJ","08205","2026","25-JUL-25","2025","202507259764221875"
"S6CO00457","SCANLON, MICHAEL","Democratic Party","DEM","Senate","S","Colorado","CO","00","COMMERCE CITY","CO","80022","2026","25-JUL-25","2025","202507259764224664"
"H6OH01146","OGLESBY-HENRY, ROSEMARY","Republican Party","REP","House","H","Ohio","OH","01","CINCINNATI","OH","45229","2026","25-JUL-25","2025","202507259764223337"
"H6CA04206","BROWN, SHARON","Republican Party","REP","House","H","California","CA","04","FAIRFIELD","CA","94533","2026","25-JUL-25","2025","202507259764223409"
"S6TX00446","EVANS, RONALD JR","Republican Party","REP","Senate","S","Texas","TX","00","HOUSTON","TX","77084","2026","25-JUL-25","2025","202507259764222752"
"H4NC08082","DAVENPORT, KEITH","Democratic Party","DEM","House","H","North Carolina","NC","06","HIGH POINT","NC","27265","2026","24-JUL-25","2025","202507249764209611"
"H6FL13221","MOORE, JEFFREY","Democratic Party","DEM","House","H","Florida","FL","13","PINELLAS PARK","FL","33780","2026","24-JUL-25","2025","202507249764209653"
"H6AL04155","BARNES, THOMAS GARY","Republican Party","REP","House","H","Alabama","AL","04","SHEFFIELD","AL","35660","2026","24-JUL-25","2025","202507249764210412"
"H6IA04209","RHODES, RYAN","Republican Party","REP","House","H","Iowa","IA","04","SIOUX CITY","IA","51106","2026","24-JUL-25","2025","202507249764211759"
"H6FL15192","MCAULEY, DARREN","Democratic Party","DEM","House","H","Florida","FL","15","TEMPLE TERRACE","FL","33687","2026","24-JUL-25","2025","202507249764211760"
"H6IL16124","MORGAN, BRENDYN","Democratic Party","DEM","House","H","Illinois","IL","16","CHICAGO","IL","60618","2026","24-JUL-25","2025","202507249764218693"
"S6KS00239","PARELKAR, LOIS ANNE ELIZABETH LEA","Democratic Party","DEM","Senate","S","Kansas","KS","00","OVERLAND PARK","KS","66210","2026","24-JUL-25","2025","202507249764214466"
"H6TN07278","COOPER, STUART","Republican Party","REP","House","H","Tennessee","TN","07","FRANKLIN","TN","37068","2025","24-JUL-25","2025","202507249764217557"
"H6MT02143","BRIGGS, CALEB S","Democratic Party","DEM","House","H","Montana","MT","02","GREAT FALLS","MT","59405","2026","24-JUL-25","2025","202507249764218434"
"H6TN07286","COPELAND, DARDEN HUNTER","Democratic Party","DEM","House","H","Tennessee","TN","07","NASHVILLE","TN","37206","2025","24-JUL-25","2025","202507249764218571"
"H6OR04245","BIRD, MELISSA","Democratic Party","DEM","House","H","Oregon","OR","04","CORVALLIS","OR","97330","2026","24-JUL-25","2025","202507249764218573"
"S6NY00466","MANCE, PATRICIA ANNETTE MISS","NYC","NYC","Senate","S","New York","NY","00","ROSEDALE","NY","11422","2026","24-JUL-25","2025","202507249764213950"
"H6UT01160","CROSBY, PETER","Democratic Party","DEM","House","H","Utah","UT","01","PROVIDENCE","UT","84332","2026","23-JUL-25","2025","202507239764200565"
"H6MS04226","MILLS, JOHN RALPH III","Republican Party","REP","House","H","Mississippi","MS","04","NAVARRE","FL","32566","2026","23-JUL-25","2025","202507239764202055"
"H6IN06230","WIRTH, CYNTHIA (CINDE)","Democratic Party","DEM","House","H","Indiana","IN","06","COLUMBUS","IN","47201","2026","23-JUL-25","2025","202507239764207371"
"H6FL05219","JOHNSON, ELI","Democratic Party","DEM","House","H","Florida","FL","05","JACKSONVILLE","FL","32225","2026","23-JUL-25","2025","202507239764202525"
"H6VA11066","WALKINSHAW, JAMES","Democratic Party","DEM","House","H","Virginia","VA","11","MERRIFIELD","VA","22116","2025","23-JUL-25","2025","202507239764206647"
"H6TX32134","CARRASCO, AIMEE","Republican Party","REP","House","H","Texas","TX","32","RICHARDSON","TX","75080","2026","23-JUL-25","2025","202507239764202210"
"S6IL00599","SHEPHERD, JUMP WESLEY","Democratic Party","DEM","Senate","S","Illinois","IL","00","BERWYN","IL","60402","2026","22-JUL-25","2025","202507220300507541"
"H6TN07260","MITCHELL, JAMES BO","Democratic Party","DEM","House","H","Tennessee","TN","07","NASHVILLE","TN","37221","2025","22-JUL-25","2025","202507229764166493"
"H6VA05167","PRUITT, MIKE","Democratic Party","DEM","House","H","Virginia","VA","05","CHARLOTTESVILLE","VA","22902","2026","22-JUL-25","2025","202507229764166539"
"H6IA02195","TWEDT-BALL, CLINTON GENE","Democratic Party","DEM","House","H","Iowa","IA","02","CEDAR RAPIDS","IA","52401","2026","22-JUL-25","2025","202507229764166547"
"H4CA09093","LINCOLN, KEVIN J II","Republican Party","REP","House","H","California","CA","09","STOCKTON","CA","95219","2026","22-JUL-25","2025","202507229764172670"
"H6NV02289","DURHAM, KATHY L","Democratic Party","DEM","House","H","Nevada","NV","02","WEST WENDOVER","NV","89883","2026","22-JUL-25","2025","202507229764199956"
"H6TX18406","JOHNSON, JARVIS","Democratic Party","DEM","House","H","Texas","TX","18","HOUSTON","TX","77026","2025","22-JUL-25","2025","202507229764192986"
"H6AR02294","HUFFMAN, ZACKARY BLAKE","Democratic Party","DEM","House","H","Arkansas","AR","02","LITTLE ROCK","AR","72216","2026","22-JUL-25","2025","202507229764194353"
"H6CA17190","PHAN, HA T MS","Republican Party","REP","House","H","California","CA","17","MILPITAS","CA","95035","2026","22-JUL-25","2025","202507229764194381"
"H6NC06164","JEFFERSON, CYRIL","Democratic Party","DEM","House","H","North Carolina","NC","06","HIGH POINT","NC","27262","2026","22-JUL-25","2025","202507229764196620"
"H6MO03374","THURMON, ALEXANDER","Democratic Party","DEM","House","H","Missouri","MO","03","COLUMBIA","MO","65203","2026","22-JUL-25","2025","202507229764192882"
"H6CT01198","PERRY, JACK","Democratic Party","DEM","House","H","Connecticut","CT","01","SOUTHINGTON","CT","06489","2026","21-JUL-25","2025","202507219764155235"
"H6CA41315","ALEMAN, KATHERINE","Democratic Party","DEM","House","H","California","CA","41","NORCO","CA","92860","2026","21-JUL-25","2025","202507219764155344"
"H6IL01209","KING, JOELY FAREN","Democratic Party","DEM","House","H","Illinois","IL","01","CHICAGO","IL","60615","2026","21-JUL-25","2025","202507219764156593"
"H6MN02263","PRATT, ERIC","Republican Party","REP","House","H","Minnesota","MN","02","PRIOR LAKE","MN","55372","2026","21-JUL-25","2025","202507219764156594"
"H6CA40374","MEADE, PERRY","Democratic Party","DEM","House","H","California","CA","40","LAGUNA HILLS","CA","92653","2026","21-JUL-25","2025","202507219764157073"
"H6MO03366","THURMON, ALEXANDER","Democratic Party","DEM","House","H","Missouri","MO","03","COLUMBIA","MO","65203","2026","21-JUL-25","2025","202507219764163810"
"H6AR02286","JONES, CHRIS","Democratic Party","DEM","House","H","Arkansas","AR","02","LITTLE ROCK","AR","72221","2026","21-JUL-25","2025","202507219764160432"
"H6AZ01322","REDKEY, DAVID WAYNE MR.","Democratic Party","DEM","House","H","Arizona","AZ","01","PHOENIX","AZ","85032","2026","21-JUL-25","2025","202507219764162002"
"H6VA09110","COOK, BRANDON MICHAEL","Republican Party","REP","House","H","Virginia","VA","09","RIDGEWAY","VA","24148","2026","21-JUL-25","2025","202507219764162047"
"H6NC11230","LAWRENCE, JACOB","Democratic Party","DEM","House","H","North Carolina","NC","11","MOORESVILLE","NC","28117","2026","21-JUL-25","2025","202507219764163809"
"S6TN00331","MIXON, ANDREW WOODRUFF MR","Federalist","FED","Senate","S","Tennessee","TN","00","KNOXVILLE","TN","37918","2026","21-JUL-25","2025","202507219764157537"
"H6VA01240","KOPP, ERICKA","Democratic Party","DEM","House","H","Virginia","VA","01","GLEN ALLEN","VA","23060","2026","20-JUL-25","2025","202507209764126168"
"H6OH07143","FITZGERALD, EDWARD O'DONNELL","Democratic Party","DEM","House","H","Ohio","OH","07","LAKEWOOD","OH","44107","2026","20-JUL-25","2025","202507209763735041"
"H6IL07404","LEIGH, DANICA DAVID","Democratic Party","DEM","House","H","Illinois","IL","07","CHICAGO","IL","60611","2026","20-JUL-25","2025","202507209763734813"
"H6GA13096","WHATLEY, PIERRE","Democratic Party","DEM","House","H","Georgia","GA","13","ATLANTA","GA","30325","2026","19-JUL-25","2025","202507199763702858"
"H6OR02223","BLACK, PETER RUSSELL MR.","Democratic Party","DEM","House","H","Oregon","OR","02","POWELL BUTTE","OR","97753","2026","19-JUL-25","2025","202507199763704146"
"H6AL05251","DUVIEILH, CANDICE","Democratic Party","DEM","House","H","Alabama","AL","05","MADISON","AL","35758","2026","19-JUL-25","2025","202507199763705390"
"H6AZ06164","SWING, GARY","Green Party","GRE","House","H","Arizona","AZ","06","TUCSON","AZ","85716","2026","19-JUL-25","2025","202507199763721417"
"S6OH00361","KINCAID, RONALD E JR","Democratic Party","DEM","Senate","S","Ohio","OH","00","UPPER ARLINGTON","OH","43220","2026","18-JUL-25","2025","202507189763701599"
"H6CA08223","GHUSAR, MANDY","Peace And Freedom Party","PFP","House","H","California","CA","08","FAIRFIELD","CA","94534","2026","18-JUL-25","2025","202507189763702032"
"H6FL06340","YONCE, ERIC","Democratic Party","DEM","House","H","Florida","FL","06","ORMOND BEACH","FL","32176","2026","18-JUL-25","2025","202507189763598285"
"H6NY24219","ELLMAN, ALISSA","Democratic Party","DEM","House","H","New York","NY","24","LOCKPORT","NY","14094","2026","18-JUL-25","2025","202507189763596978"
"H6IL07396","HOSKINS, RORY E.","Democratic Party","DEM","House","H","Illinois","IL","07","FOREST PARK","IL","60130","2026","18-JUL-25","2025","202507189763698105"
"S6MN00507","GRUENHAGEN, ALYCIA","Republican Party","REP","Senate","S","Minnesota","MN","00","GLENCOE","MN","55336","2026","18-JUL-25","2025","202507189763698825"
"S6WV00170","PHILLIPS, RIO","Democratic Party","DEM","Senate","S","West Virginia","WV","00","CHARLESTON","WV","25304","2026","18-JUL-25","2025","202507189763596927"
"H6PA03203","RABB, CHRISTOPHER M.","Democratic Party","DEM","House","H","Pennsylvania","PA","03","PHILADELPHIA","PA","19119","2026","18-JUL-25","2025","202507189763674538"
"H6IL07388","MARTINEZ, TEKITA","Democratic Party","DEM","House","H","Illinois","IL","07","CHICAGO","IL","60644","2025","17-JUL-25","2025","202507179763563143"
"S6LA00565","MOROTT, JOSHUA","Republican Party","REP","Senate","S","Louisiana","LA","00","LEESVILLE","LA","71446","2026","17-JUL-25","2025","202507179763595351"
"H6CO08088","MUNSING, EVAN","Democratic Party","DEM","House","H","Colorado","CO","08","EASTLAKE","CO","80614","2026","17-JUL-25","2025","202507179763563456"
"H6VA01232","BHATTI, ATA-UL-SALAAM","Democratic Party","DEM","House","H","Virginia","VA","01","HENRICO","VA","23242","2026","17-JUL-25","2025","202507179763563457"
"H6TX15238","CUELLAR, ADA","Democratic Party","DEM","House","H","Texas","TX","15","ALAMO","TX","78516","2026","17-JUL-25","2025","202507179763563541"
"H6OH01138","CONROY, ERIC","Republican Party","REP","House","H","Ohio","OH","01","CINCINNATI","OH","45208","2026","17-JUL-25","2025","202507179763564072"
"H6KY06192","ALVARADO, RALPH A","Republican Party","REP","House","H","Kentucky","KY","06","WINCHESTER","KY","40391","2026","17-JUL-25","2025","202507179763564293"
"S6MI00483","ZOLLNER, TRAVIS JOSEPH","Democratic Party","DEM","Senate","S","Michigan","MI","00","SHELBY TOWNSHIP","MI","48315","2026","17-JUL-25","2025","202507179763565756"
"H8IL02104","LEWIS, MARCUS","Republican Party","REP","House","H","Illinois","IL","01","MATTESON","IL","60443","2026","17-JUL-25","2025","202507179763571581"
"H6KY03215","DIALLO, OUMOU","Independent","IND","House","H","Kentucky","KY","03","LOUISVILLE","KY","40242","2026","17-JUL-25","2025","202507179763571641"
"H6GA08138","ESTI, KELLY DR","Democratic Party","DEM","House","H","Georgia","GA","08","HAPEVILLE","GA","30354","2026","17-JUL-25","2025","202507179763577577"
"S6LA00557","LABRANCHE, JAMIE","Write-In","W","Senate","S","Louisiana","LA","00","LAPLACE","LA","70068","2026","17-JUL-25","2025","202507179763584919"
"H6MN01216","MORLAN, OLIVER RODERICK","Independent","IND","House","H","Minnesota","MN","01","ZUMBROTA","MN","55992","2026","17-JUL-25","2025","202507179763585094"
"H6IN04193","COX, DREW","Democratic Party","DEM","House","H","Indiana","IN","04","LAFAYETTE","IN","47905","2026","17-JUL-25","2025","202507179763585099"
"H6KY06184","DEMBO, ZACH","Democratic Party","DEM","House","H","Kentucky","KY","06","LEXINGTON","KY","40523","2026","17-JUL-25","2025","202507179763563152"
"H6TX01345","CANCHOLA, SONIA","None","NNE","House","H","Texas","TX","01","MISSION","TX","78572","2026","16-JUL-25","2025","202507169763559165"
"H6TX34080","FLORES, ERIC","Republican Party","REP","House","H","Texas","TX","34","SAN BENITO","TX","78586","2026","16-JUL-25","2025","202507169763562901"
"H6MI13270","CAMPBELL, SHELBY N","Democratic Party","DEM","House","H","Michigan","MI","13","DETROIT","MI","48214","2026","16-JUL-25","2025","202507169763563050"
"H6MI13288","CAMPBELL, SHELBY N","Democratic Party","DEM","House","H","Michigan","MI","13","DETROIT","MI","48214","2026","16-JUL-25","2025","202507169763563051"
"H6IL09327","FORD, JUSTIN","Democratic Party","DEM","House","H","Illinois","IL","09","CHICAGO","IL","60640","2026","16-JUL-25","2025","202507169763549762"
"H6NJ07268","MENDOZA, VALENTINA E. ESQ.","Democratic Party","DEM","House","H","New Jersey","NJ","07","LINDEN","NJ","07036","2026","16-JUL-25","2025","202507169763558884"
"H6TX38024","HUNTER, MARVALETTE","Democratic Party","DEM","House","H","Texas","TX","38","HOUSTON","TX","77256","2026","16-JUL-25","2025","202507169763551517"
"H6GA01133","MCCORD, MICHAEL","Democratic Party","DEM","House","H","Georgia","GA","01","SAVANNAH","GA","31404","2026","16-JUL-25","2025","202507169763554105"
"H6PA10158","HALL, JOSHUA ALAN","Republican Party","REP","House","H","Pennsylvania","PA","10","STEELTON","PA","17113","2026","16-JUL-25","2025","202507169763554403"
"H6IL02363","PRESTON, WILLIE JUNIOR MR","Democratic Party","DEM","House","H","Illinois","IL","02","CHICAGO","IL","60649","2026","16-JUL-25","2025","202507169763554908"
"H6CO04228","PRESTON, JENNA MICHALIK","Democratic Party","DEM","House","H","Colorado","CO","04","PARKER","CO","801340898","2026","16-JUL-25","2025","202507169763557183"
"H6CA22208","BAINS, JASMEET","Democratic Party","DEM","House","H","California","CA","22","BAKERSFIELD","CA","93311","2026","16-JUL-25","2025","202507169763550139"
"H6ME01272","SMALL, ERIC","Republican Party","REP","House","H","Maine","ME","01","SANFORD","ME","04073","2026","15-JUL-25","2025","202507159763274270"
"H6IL09319","PYATI, NICK","Democratic Party","DEM","House","H","Illinois","IL","09","EVANSTON","IL","60204","2026","15-JUL-25","2025","202507159763418856"
"S6NH00174","INNIS, DAN","Republican Party","REP","Senate","S","New Hampshire","NH","00","BRADFORD","NH","03221","2026","15-JUL-25","2025","202507159763421555"
"H6NE02224","ASKINS, KISHLA","Democratic Party","DEM","House","H","Nebraska","NE","02","OMAHA","NE","68131","2026","15-JUL-25","2025","202507159763436717"
"H0CA22110","GARCIA, ERIC","Democratic Party","DEM","House","H","California","CA","22","CLOVIS","CA","93611","2026","15-JUL-25","2025","202507159763446022"
"H4CA28127","VERLATO, APRIL","Republican Party","REP","House","H","California","CA","28","IMPERIAL BEACH","CA","91932","2026","15-JUL-25","2025","202507159763481968"
"H6TX10205","MARSHALL, DAWN DR.","Democratic Party","DEM","House","H","Texas","TX","10","COLLEGE STATION","TX","77845","2026","15-JUL-25","2025","202507159762972786"
"H6MN06215","CHAPIN, DOUG","Democratic-Farmer-Labor","DFL","House","H","Minnesota","MN","06","CHANHASSEN","MN","55317","2026","15-JUL-25","2025","202507159763546034"
"H6CO05324","KILLIN, JESSICA WILLOW","Democratic Party","DEM","House","H","Colorado","CO","05","COLORADO SPRINGS","CO","80907","2026","15-JUL-25","2025","202507159762847612"
"H6NY02140","HALPIN, PATRICK","Democratic Party","DEM","House","H","New York","NY","02","SMITHTOWN","NY","11787","2026","15-JUL-25","2025","202507159762873729"
"H6FL27072","PEGUERO, ROBIN","Democratic Party","DEM","House","H","Florida","FL","27","SOUTH MIAMI","FL","33143","2026","15-JUL-25","2025","202507159762874708"
"H6MO02335","SHERIDAN, RYAN","Republican Party","REP","House","H","Missouri","MO","02","ST. LOUIS","MO","63131","2026","15-JUL-25","2025","202507159762881775"
"S6SC04288","JOHNSON, LEE","Democratic Party","DEM","Senate","S","South Carolina","SC","00","COLUMBIA","SC","29202","2026","15-JUL-25","2025","202507159762967750"
"H6MD05263","SOLIS, ALEXIS","Democratic Party","DEM","House","H","Maryland","MD","05","SPRINGDALE","MD","20774","2025","15-JUL-25","2025","202507159763527727"
"H6NM03083","ZAMORA, MARTIN R","Republican Party","REP","House","H","New Mexico","NM","03","CLOVIS","NM","88101","2026","14-JUL-25","2025","202507220300507518"
"H6TX10197","ANDRADE, JAVI","Democratic Party","DEM","House","H","Texas","TX","10","LAKEWAY","TX","78734","2026","14-JUL-25","2025","202507149762780925"
"H4PA10104","STELSON, JANELLE","Democratic Party","DEM","House","H","Pennsylvania","PA","10","LEMOYNE","PA","17043","2026","14-JUL-25","2025","202507149762781403"
"H6MI04204","MCCANN, SEAN","Democratic Party","DEM","House","H","Michigan","MI","04","KALAMAZOO","MI","49005","2026","14-JUL-25","2025","202507149762781770"
"H6NJ09272","BUCCOLA, SAMUEL","Democratic Party","DEM","House","H","New Jersey","NJ","09","HAWTHORNE","NJ","07506","2026","14-JUL-25","2025","202507149762821448"
"H6IA04191","LARSEN, KLE","Republican Party","REP","House","H","Iowa","IA","04","HUMBOLDT","IA","50548","2026","14-JUL-25","2025","202507149762782962"
"H6DC00170","ZALESNE, KINNEY","Democratic Party","DEM","House","H","District Of Columbia","DC","00","WASHINGTON","DC","20016","2026","14-JUL-25","2025","202507149762815015"
"S4WV00357","SHREWSBURY, ZACHARY C","Democratic Party","DEM","Senate","S","West Virginia","WV","00","FAYETTEVILLE","WV","25840","2026","14-JUL-25","2025","202507149762820659"
"H6AL02175","MCKEE, JOSHUA LOGAN","Republican Party","REP","House","H","Alabama","AL","02","ROBERTSDALE","AL","36567","2026","14-JUL-25","2025","202507149762821447"
"H6MI08296","HASSAN, AMIR","Republican Party","REP","House","H","Michigan","MI","08","GRAND BLANC","MI","48439","2026","14-JUL-25","2025","202507149762782075"
"H6IN09283","TAYLOR, FLOYD","Independent","IND","House","H","Indiana","IN","09","HARDINSBURG","IN","47125","2026","13-JUL-25","2025","202507139762773002"
"H6OH65018","HILL, JOHN","Democratic Party","DEM","House","H","Ohio","OH","65","GIRARD","OH","44420","2026","13-JUL-25","2025","202507139762774080"
"H6MN08138","CRAMER, CYLE","Democratic-Farmer-Labor","DFL","House","H","Minnesota","MN","08","CHISAGO CITY","MN","55013","2026","13-JUL-25","2025","202507139762774010"
"H2OH16069","SCHULZ, JONAH","Republican Party","REP","House","H","Ohio","OH","07","NORTH ROYALTON","OH","44133","2026","13-JUL-25","2025","202507139762773008"
"H6NY04146","SCIRETTA, NICHOLAS JUDE","Democratic Party","DEM","House","H","New York","NY","04","VALLEY STREAM","NY","11581","2026","12-JUL-25","2025","202507129762772373"
"H4LA04034","MOROTT, JOSHUA","Democratic Party","DEM","House","H","Louisiana","LA","04","LEESVILLE","LA","71446","2026","12-JUL-25","2025","202507129762772374"
"H6NY04138","SMITHMYER, MARTIN PAUL","Republican Party","REP","House","H","New York","NY","04","NEW YORK","NY","10005","2026","12-JUL-25","2025","202507129762771901"
"H6VA08260","FEREIRA, FRANK MR.","Democratic Party","DEM","House","H","Virginia","VA","08","ALEXANDRIA","VA","22314","2026","12-JUL-25","2025","202507129762771847"
"H6CO01281","HANSON, CARTER","Democratic Party","DEM","House","H","Colorado","CO","01","DENVER","CO","80218","2026","12-JUL-25","2025","202507129762771273"
"H6MI03180","KETCHUM, ZACHARY","Democratic Party","DEM","House","H","Michigan","MI","03","MUSKEGON","MI","49442","2026","11-JUL-25","2025","202507119762756602"
"H6VA03097","VASQUEZ, DAWN E","Independent","IND","House","H","Virginia","VA","03","NORFOLK","VA","23518","2026","11-JUL-25","2025","202507119762756609"
"H6NY08121","KIM, SOYOUNG","Communist Party","COM","House","H","New York","NY","08","FRESH MEADOWS","NY","11365","2025","11-JUL-25","2025","202507119762757238"
"H6FL21067","METWALLY, AMR","MGT","MGT","House","H","Florida","FL","21","JENSEN BEACH","FL","34957","2026","11-JUL-25","2025","202507119762758427"
"H6CA32199","KAREM, WYATT","Democratic Party","DEM","House","H","California","CA","32","NORTHRIDGE","CA","91325","2026","11-JUL-25","2025","202507119762764969"
"H6OR02215","SNOW, PATTY","Democratic Party","DEM","House","H","Oregon","OR","02","MEDFORD","OR","97501","2026","11-JUL-25","2025","202507119762764139"
"H6MI12298","DOWNER, ALLEN","Democratic Party","DEM","House","H","Michigan","MI","12","WESTLAND","MI","48185","2026","11-JUL-25","2025","202507119762768806"
"H6WI01275","STILLS, GAGE JAMES","Democratic Party","DEM","House","H","Wisconsin","WI","01","RACINE","WI","53405","2026","11-JUL-25","2025","202507119762768857"
"P60024338","KIM, SOYOUNG","United Party","UNI","President","P","New York","NY","00","FRESH MEADOWS","NY","11365","2025","11-JUL-25","2025","202507119762758681"
"H6CA04198","MACKENZIE, LAURIE JOHN","Republican Party","REP","House","H","California","CA","04","VALLEJO","CA","94590","2026","10-JUL-25","2025","202507109762756428"
"H6MI07280","COWEN, JOSH","Democratic Party","DEM","House","H","Michigan","MI","07","EAST LANSING","MI","48826","2026","10-JUL-25","2025","202507109762745972"
"H6VA02149","OSYF, JAMES","Democratic Party","DEM","House","H","Virginia","VA","02","WASHINGTON","DC","20003","2026","10-JUL-25","2025","202507109762747405"
"H6NJ09264","PINO, ROSEMARY","Republican Party","REP","House","H","New Jersey","NJ","09","CLIFTON","NJ","07015","2026","10-JUL-25","2025","202507109762747406"
"H6IL07370","BOYKIN, RICHARD","Democratic Party","DEM","House","H","Illinois","IL","07","OAK PARK","IL","60302","2026","10-JUL-25","2025","202507109762748777"
"H6NY08113","KIM, SOYOUNG","Communist Party","COM","House","H","New York","NY","08","FRESH MEADOWS","NY","11365","2025","10-JUL-25","2025","202507109762755564"
"H6AZ01314","GORDON, MARK ROBERT","Democratic Party","DEM","House","H","Arizona","AZ","01","PHOENIX","AZ","85016","2026","10-JUL-25","2025","202507109762752867"
"H6TN07237","JONES, DAVID O. JR.","Democratic Party","DEM","House","H","Tennessee","TN","07","NASHVILLE","TN","37228","2026","10-JUL-25","2025","202507109762752868"
"H6NV03246","LALLY, JAMES DR.","Democratic Party","DEM","House","H","Nevada","NV","03","LAS VEGAS","NV","89137","2026","10-JUL-25","2025","202507109762753339"
"H6TN07245","PARKS, STEWART THOMAS","Republican Party","REP","House","H","Tennessee","TN","07","NASHVILLE","TN","37211","2026","10-JUL-25","2025","202507109762753581"
"H4FL04068","SCHAEFER, TODD","Independent","IND","House","H","Florida","FL","04","FERNANDINA BEACH","FL","32034","2026","10-JUL-25","2025","202507109762748902"
"S6SC04270","BROWN, BRANDON","Democratic Party","DEM","Senate","S","South Carolina","SC","00","TAYLORS","SC","29687","2026","09-JUL-25","2025","202507099762740607"
"S6FL00764","PERRY, NEELAM TANEJA DR","No Party Affiliation","NPA","Senate","S","Florida","FL","00","ST.PETERSBURG","FL","33713","2026","09-JUL-25","2025","202507099762740597"
"H6MN08161","MCKENNA, CHAD","Democratic-Farmer-Labor","DFL","House","H","Minnesota","MN","08","DULUTH","MN","55807","2026","09-JUL-25","2025","202507099762745445"
"H6TN07229","DIXIE, VINCENT","Democratic Party","DEM","House","H","Tennessee","TN","07","NASHVILLE","TN","37218","2025","09-JUL-25","2025","202507099762745446"
"H6VA01224","SHEA, JAMES MICHAEL","Democratic Party","DEM","House","H","Virginia","VA","01","NORTH CHESTERFIELD","VA","23235","2026","09-JUL-25","2025","202507099762740970"
"H6IL02355","MILLER, DONNA","Democratic Party","DEM","House","H","Illinois","IL","02","GLENWOOD","IL","60425","2026","09-JUL-25","2025","202507099762741083"
"H8GA08118","COOPER, JAMES L III","Democratic Party","DEM","House","H","Georgia","GA","08","LIZELLA","GA","31052","2026","09-JUL-25","2025","202507099762741097"
"H6KY06176","GORDON, DEANNA","Republican Party","REP","House","H","Kentucky","KY","06","RICHMOND","KY","40476","2026","09-JUL-25","2025","202507099762741146"
"H6IL12123","TABACCHI, MICHAEL EUGENE MR","Republican Party","REP","House","H","Illinois","IL","12","NASHVILLE","IL","62263","2026","09-JUL-25","2025","202507099762742312"
"H6CA21234","RIOS, LORENZO","Republican Party","REP","House","H","California","CA","21","FRESNO","CA","93747","2026","09-JUL-25","2025","202507099762742378"
"S6FL00772","PERRY, NEELAM TANEJA DR","No Party Affiliation","NPA","Senate","S","Florida","FL","00","ST.PETERSBURG","FL","33713","2026","09-JUL-25","2025","202507099762742417"
"S6FL00780","PERRY, NEELAM TANEJA DR","No Party Affiliation","NPA","Senate","S","Florida","FL","00","ST.PETERSBURG","FL","33713","2026","09-JUL-25","2025","202507099762742418"
"H6IA04183","STEINER, STEPHANIE","Democratic Party","DEM","House","H","Iowa","IA","04","SUTHERLAND","IA","51058","2026","09-JUL-25","2025","202507099762743805"
"H6TN05371","CORTESE, MIKE","Democratic Party","DEM","House","H","Tennessee","TN","05","NASHVILLE","TN","37211","2026","09-JUL-25","2025","202507099762744265"
"H6SD01117","CRABTREE, CASEY","Republican Party","REP","House","H","South Dakota","SD","00","MADISON","SD","57042","2026","09-JUL-25","2025","202507099762744754"
"H6AZ05216","JAMES, CHRISTOPHER LEE","Democratic Party","DEM","House","H","Arizona","AZ","05","GILBERT","AZ","85234","2026","09-JUL-25","2025","202507099762745099"
"H6MI11209","STEGER, MIKE","Republican Party","REP","House","H","Michigan","MI","11","BERKLEY","MI","48072","2026","09-JUL-25","2025","202507099762745350"
"H6VA01216","LUCCHETTI, ANDREW","Democratic Party","DEM","House","H","Virginia","VA","01","MECHANICSVILLE","VA","23116","2026","08-JUL-25","2025","202507089762735016"
"H6AZ06156","SWALLOW, AIDEN NICHOLETTE","Democratic Party","DEM","House","H","Arizona","AZ","06","SIERRA VISTA","AZ","85635","2026","08-JUL-25","2025","202507089762740485"
"H6IA01197","WETTACH, TAYLOR","Democratic Party","DEM","House","H","Iowa","IA","01","MUSCATINE","IA","52761","2026","08-JUL-25","2025","202507089762735235"
"H6PA11099","MANNION, NANCY","Democratic Party","DEM","House","H","Pennsylvania","PA","11","LANCASTER","PA","17604","2026","08-JUL-25","2025","202507089762735236"
"H6MD06287","FICKER, ROBIN","Republican Party","REP","House","H","Maryland","MD","06","BOYDS","MD","20841","2026","08-JUL-25","2025","202507089762735407"
"H6IL09293","SIMMONS, MIKE","Democratic Party","DEM","House","H","Illinois","IL","09","WASHINGTON","DC","20035","2026","08-JUL-25","2025","202507089762735427"
"H6TN07211","FOLEY, MASON","Republican Party","REP","House","H","Tennessee","TN","07","FRANKLIN","TN","37067","2025","08-JUL-25","2025","202507089762735451"
"H6IL09301","ANDREW, PHILIP JEROME","Democratic Party","DEM","House","H","Illinois","IL","09","WILMETTE","IL","60091","2026","08-JUL-25","2025","202507089762736129"
"H6NH01362","CHADZYNSKI, SARAH","Democratic Party","DEM","House","H","New Hampshire","NH","01","GOFFSTOWN","NH","03045","2026","08-JUL-25","2025","202507089762738844"
"H6CT03186","DENOBLE, DAMJAN","Democratic Party","DEM","House","H","Connecticut","CT","03","NEW HAVEN","CT","06510","2026","08-JUL-25","2025","202507089762738845"
"H4MI01155","BARR, CALLIE","Democratic Party","DEM","House","H","Michigan","MI","01","TRAVERSE CITY","MI","49696","2026","08-JUL-25","2025","202507089762739689"
"H6MD06295","WECHTALUK, ETHAN PARROTT","Democratic Party","DEM","House","H","Maryland","MD","06","CLARKSBURG","MD","20871","2026","08-JUL-25","2025","202507089762739690"
"H6IA02187","DOLTER, KATHRYN J","Democratic Party","DEM","House","H","Iowa","IA","02","DUBUQUE","IA","52002","2026","08-JUL-25","2025","202507089762739866"
"H6TX24206","HAWKS, NATHAN THOMAS","Democratic Party","DEM","House","H","Texas","TX","24","RICHARDSON","TX","75080","2026","08-JUL-25","2025","202507089762740484"
"H6TN06213","GARRETT, JOHNNY","Republican Party","REP","House","H","Tennessee","TN","06","GOODLETTSVILLE","TN","37070","2026","08-JUL-25","2025","202507089762735207"
"H6FL06332","MURCHINSON-RIVERA, RONNIE","Democratic Party","DEM","House","H","Florida","FL","06","SORRENTO","FL","32776","2026","07-JUL-25","2025","202507079762734563"
"H6MA09206","MACALLISTER, ROBERT TYLER","Republican Party","REP","House","H","Massachusetts","MA","09","MATTAPOISETT","MA","24739","2026","07-JUL-25","2025","202507079762731579"
"H6CA27314","NEIDHART, DAVID","Republican Party","REP","House","H","California","CA","27","ACTON","CA","93510","2026","07-JUL-25","2025","202507079762732020"
"H6IA04175","WINDSCHITL, MATT","Republican Party","REP","House","H","Iowa","IA","04","MISSOURI VALLEY","IA","51555","2026","07-JUL-25","2025","202507079762733028"
"H6ME02155","SIGEL, LOUIS MR.","Democratic Party","DEM","House","H","Maine","ME","02","GARDINER","ME","04345","2026","07-JUL-25","2025","202507079762728792"
"H6TX31102","ROURK, CAITLIN MCCLAY","Democratic Party","DEM","House","H","Texas","TX","31","ROUND ROCK","TX","78681","2026","07-JUL-25","2025","202507079762728805"
"H6TN07187","REEVES, LEE BRIAN MR. JR.","Republican Party","REP","House","H","Tennessee","TN","07","FRANKLIN","TN","37064","2025","07-JUL-25","2025","202507079762728943"
"H6NC08194","OPPENHEIM, JESSE","Democratic Party","DEM","House","H","North Carolina","NC","08","CHARLOTTE","NC","28277","2026","07-JUL-25","2025","202507079762729245"
"H6TN07195","BEHN, AFTYN","Democratic Party","DEM","House","H","Tennessee","TN","07","NASHVILLE","TN","37207","2026","07-JUL-25","2025","202507079762729362"
"H6TN07203","BARRETT, JOSEPH MICHAEL","Republican Party","REP","House","H","Tennessee","TN","07","DICKSON","TN","37055","2025","07-JUL-25","2025","202507079762729897"
"H6MO05247","GRAY, HARTZELL","Democratic Party","DEM","House","H","Missouri","MO","05","KANSAS CITY","MO","64141","2026","07-JUL-25","2025","202507079762730264"
"H6AL06143","PILKINGTON, KEITH ROSS","Democratic Party","DEM","House","H","Alabama","AL","06","FULTONDALE","AL","35068","2026","07-JUL-25","2025","202507079762730265"
"H6TX34072","CORTEZ, JOSHUA","Republican Party","REP","House","H","Texas","TX","34","HARLINGEN","TX","78550","2026","07-JUL-25","2025","202507079762730522"
"S6CO00440","JOSHI, JANAK","Republican Party","REP","Senate","S","Colorado","CO","00","DENVER","CO","80224","2026","07-JUL-25","2025","202507079762730983"
"H6CA15178","TETRUD, BRIAN","Democratic Party","DEM","House","H","California","CA","15","PALO ALTO","CA","94301","2026","07-JUL-25","2025","202507079762734910"
"H6NJ02236","REESE, TERRI","Democratic Party","DEM","House","H","New Jersey","NJ","02","NORTHFIELD","NJ","08225","2026","06-JUL-25","2025","202507069762728576"
"S6NC00399","DEBERRY, SHAUNESI YVETTE","Independent","IND","Senate","S","North Carolina","NC","00","ANNAPOLIS","MD","21401","2026","06-JUL-25","2025","202507069762728395"
"H6MS01297","HALL, MONTRAVIUS","Democratic Party","DEM","House","H","Mississippi","MS","01","RED BANKS","MS","38661","2026","05-JUL-25","2025","202507059762727904"
"H6TX20113","BAEZ, EDGARDO RAFAEL DR","Republican Party","REP","House","H","Texas","TX","20","SAN ANTONIO","TX","78257","2026","05-JUL-25","2025","202507059762727566"
"H6CA03141","VANDENBERG, TYLER ISAAC","Democratic Party","DEM","House","H","California","CA","03","SACRAMENTO","CA","95812","2026","04-JUL-25","2025","202507049762577693"
"S6NC00381","DEBERRY, SHAUNESI YVETTE","Independent","IND","Senate","S","North Carolina","NC","00","ANNAPOLIS","MD","21401","2026","04-JUL-25","2025","202507049762727034"
"H2CA01268","YEE, ROSE PENELOPE LAGOC","Democratic Party","DEM","House","H","California","CA","01","REDDING","CA","96001","2026","04-JUL-25","2025","202507049762678721"
"H6GA01125","DANIELS, DEFONSIO","Democratic Party","DEM","House","H","Georgia","GA","01","SAINT MARYS","GA","31558","2026","04-JUL-25","2025","202507049762577717"
"H2NY17071","NADLER, JERROLD L","Democratic Party","DEM","House","H","New York","NY","12","NEW YORK","NY","10024","2026","03-JUL-25","2025","202507039762565543"
"S4ME00113","COSTELLO, DAVID","Democratic Party","DEM","Senate","S","Maine","ME","00","BRUNSWICK","ME","04011","2026","03-JUL-25","2025","202507039762566017"
"H6NJ12250","LITTLE, KYLE D","Democratic Party","DEM","House","H","New Jersey","NJ","12","NORTH BRUNSWICK","NJ","08902","2026","03-JUL-25","2025","202507039762574255"
"H6NE02216","LINDSTROM, BRETT","Republican Party","REP","House","H","Nebraska","NE","02","OMAHA","NE","68154","2026","03-JUL-25","2025","202507039762574256"
"H6CA48294","DAVIS, NICHOLAS","Democratic Party","DEM","House","H","California","CA","48","TEMECULA","CA","92591","2026","03-JUL-25","2025","202507039762577615"
"H6TX34064","ROSAS, ETIENNE PH.D.","Democratic Party","DEM","House","H","Texas","TX","34","BROWNSVILLE","TX","78521","2026","03-JUL-25","2025","202507039762576820"
"H6MA06145","ANDRES-BECK, BETH","Democratic Party","DEM","House","H","Massachusetts","MA","06","MIDDLETON","MA","01949","2026","03-JUL-25","2025","202507070300505281"
"H6CA48302","DAVIS, NICHOLAS","Democratic Party","DEM","House","H","California","CA","48","TEMECULA","CA","92591","2026","03-JUL-25","2025","202507039762577012"
"H6SD01109","JACKLEY, MARTY","Republican Party","REP","House","H","South Dakota","SD","00","PIERRE","SD","57501","2026","03-JUL-25","2025","202507039762575360"
"H6AK01068","WILLIAMS, JOHN BRENDAN","Democratic Party","DEM","House","H","Alaska","AK","00","FAIRBANKS","AK","99709","2026","02-JUL-25","2025","202507029762565412"
"H6PA06156","YOUNG, MARTIN","Republican Party","REP","House","H","Pennsylvania","PA","06","POCOPSON","PA","19366","2026","02-JUL-25","2025","202507029762565447"
"H6CT01180","FORTUNE, RUTH R.","Democratic Party","DEM","House","H","Connecticut","CT","01","HARTFORD","CT","06105","2026","02-JUL-25","2025","202507029762565186"
"H6ID01292","BRUNGARDT, KENNETH FRANCIS JR","Democratic Party","DEM","House","H","Idaho","ID","01","MERIDIAN","ID","83680","2026","02-JUL-25","2025","202507029762564081"
"H6WA08126","HAGGLUND, BOB","Republican Party","REP","House","H","Washington","WA","08","DUVALL","WA","98019","2026","02-JUL-25","2025","202507029762563566"
"H6PA03195","STREET, SHARIF","Democratic Party","DEM","House","H","Pennsylvania","PA","03","PHILADELPHIA","PA","19132","2026","02-JUL-25","2025","202507029762563567"
"S6IL00581","RYAN, KEVIN","Democratic Party","DEM","Senate","S","Illinois","IL","00","CHICAGO","IL","60613","2026","02-JUL-25","2025","202507029762563278"
"H6NY27170","KASTENBAUM, DIANA KISIEL","Democratic Party","DEM","House","H","New York","NY","24","BATAVIA","NY","14021","2026","01-JUL-25","2025","202507019762557080"
"S4TX00722","ALLRED, COLIN","Democratic Party","DEM","Senate","S","Texas","TX","00","DALLAS","TX","75360","2026","01-JUL-25","2025","202507019762555798"
"H4TX22197","GREENE-SCOTT, MARQUETTE","Democratic Party","DEM","House","H","Texas","TX","22","ROSHARON","TX","77583","2026","01-JUL-25","2025","202507019762555711"
"H6NH01354","URRUTIA, CHRISTIAN","Democratic Party","DEM","House","H","New Hampshire","NH","01","MOULTONBOROUGH","NH","03254","2026","01-JUL-25","2025","202507019762555730"
"H6MI07272","MAASDAM, MATTHEW","Democratic Party","DEM","House","H","Michigan","MI","07","BRIGHTON","MI","48116","2026","01-JUL-25","2025","202507019762555757"
"H6NJ07250","SHAH, TINA","Democratic Party","DEM","House","H","New Jersey","NJ","07","WESTFIELD","NJ","07090","2026","01-JUL-25","2025","202507019762555843"
"H6VA01208","TULL, MELVIN","Democratic Party","DEM","House","H","Virginia","VA","01","HENRICO","VA","23233","2026","01-JUL-25","2025","202507019762555918"
"H4OH09169","MERRIN, DEREK","Republican Party","REP","House","H","Ohio","OH","09","MONCLOVA","OH","43542","2026","01-JUL-25","2025","202507019762555925"
"S6NH00166","BROWN, SCOTT P.","Republican Party","REP","Senate","S","New Hampshire","NH","00","RYE","NH","03870","2026","01-JUL-25","2025","202507019762555926"
"S6MA00262","DAWICKI, MORGAN GIFFORD","Independent","IND","Senate","S","Massachusetts","MA","00","FAIRHAVEN","MA","02719","2026","01-JUL-25","2025","202507019762556960"
"H6FL23162","GURFEIN, JARED","Republican Party","REP","House","H","Florida","FL","23","ALEXANDRIA","VA","22313","2026","01-JUL-25","2025","202507019762557489"
"H6CA48286","TILL, SUZANNE MARIE DR.","Democratic Party","DEM","House","H","California","CA","48","SANTEE","CA","92071","2026","01-JUL-25","2025","202507019762557490"
"S6KY00302","MORRIS, NATE","Republican Party","REP","Senate","S","Kentucky","KY","00","NEWPORT","KY","41072","2026","01-JUL-25","2025","202507019762557534"
"H6MI10326","LULGJURAJ, ROBERT","Republican Party","REP","House","H","Michigan","MI","10","STERLING HEIGHTS","MI","48314","2026","01-JUL-25","2025","202507019762560479"
"H6CA07167","NAZHAT, ENAYAT MR.","Democratic Party","DEM","House","H","California","CA","07","SACRAMENTO","CA","95814","2026","01-JUL-25","2025","202507019762560639"
"H4NV01237","BORIS, MICHAEL","Republican Party","REP","House","H","Nevada","NV","01","LAS VEGAS","NV","89121","2026","01-JUL-25","2025","202507019762560657"
"H6LA04187","CABLE, CONRAD ROBERTS","Democratic Party","DEM","House","H","Louisiana","LA","04","FARMERVILLE","LA","71241","2025","01-JUL-25","2025","202507019762560710"
"H6IA04167","MCGOWAN, CHRIS","Republican Party","REP","House","H","Iowa","IA","04","SIOUX CITY","IA","51101","2026","01-JUL-25","2025","202507019762560802"
"H6TN06205","HILLEARY, WILLIAM V.","Republican Party","REP","House","H","Tennessee","TN","06","HENDERSONVILLE","TN","37075","2026","01-JUL-25","2025","202507019762560999"
"H6NC07196","HARDY, KIMBERLY DR.","Democratic Party","DEM","House","H","North Carolina","NC","07","LINDEN","NC","28356","2026","01-JUL-25","2025","202507019762561011"
"H6VA07197","DURANT, TARA ANNE","Republican Party","REP","House","H","Virginia","VA","07","ALEXANDRIA","VA","22313","2026","01-JUL-25","2025","202507019762562506"
"H6OH09131","WILLIAMS, JOSH","Republican Party","REP","House","H","Ohio","OH","09","SYLVANIA","OH","43560","2026","01-JUL-25","2025","202507019762562733"
"H6CA27306","GIBBS, JASON","Republican Party","REP","House","H","California","CA","27","SANTA CLARITA","CA","91350","2026","01-JUL-25","2025","202507019762562750"
"H6IL09285","HUYNH, KHAI-HOAN","Democratic Party","DEM","House","H","Illinois","IL","09","CHICAGO","IL","60640","2026","01-JUL-25","2025","202507019762562784"
"S6SC04262","BAUER, ANDRE","Republican Party","REP","Senate","S","South Carolina","SC","00","GREENVILLE","SC","29605","2026","01-JUL-25","2025","202507019762563170"
"H6NE02208","HARDING, BRINKER","Republican Party","REP","House","H","Nebraska","NE","02","OMAHA","NE","68144","2026","01-JUL-25","2025","202507019762555710"
"H6TX23240","RICHARDSON, BRUCE CARLTON MR","Democratic Party","DEM","House","H","Texas","TX","23","ALPINE","TX","79830","2026","30-JUN-25","2025","202506309762555682"
"H6NY23534","STOCKER, KEVIN","Democratic Party","DEM","House","H","New York","NY","23","TONAWANDA","NY","14150","2026","30-JUN-25","2025","202506309762546829"
"H6CO01273","KIROS, MELAT","Democratic Party","DEM","House","H","Colorado","CO","01","DENVER","CO","80216","2026","30-JUN-25","2025","202506309762547466"
"H6IL09277","LEON, BRUCE","Democratic Party","DEM","House","H","Illinois","IL","09","CHICAGO","IL","60645","2026","30-JUN-25","2025","202506309762547369"
"H6IA04159","WOLFTORNABANE, ASHLEY","Democratic Party","DEM","House","H","Iowa","IA","04","STORM LAKE","IA","50588","2026","30-JUN-25","2025","202506309762547370"
"H6IL11166","WALTER, JEFFREY D","Republican Party","REP","House","H","Illinois","IL","11","ELBURN","IL","60119","2026","30-JUN-25","2025","202506309762547368"
"H6NY14277","ARCABASCIO, AURELIO MR","Republican Party","REP","House","H","New York","NY","14","DELRAY BEACH","FL","33446","2026","29-JUN-25","2025","202506299762546701"
"H6CA41307","PATEL, SHAAF MR","Republican Party","REP","House","H","California","CA","41","NUEVO","CA","92567","2026","28-JUN-25","2025","202506289762546515"
"H6IL17254","SOLIZ, MONTEZ","Democratic Party","DEM","House","H","Illinois","IL","17","ROCKFORD","IL","61125","2026","28-JUN-25","2025","202506289762546545"
"H6WI01267","FOLLMER, ADAM","Independent","IND","House","H","Wisconsin","WI","01","ST. FRANCIS","WI","53235","2026","27-JUN-25","2025","202506279762545726"
"H6TX33058","JACKSON, PAYTON","Republican Party","REP","House","H","Texas","TX","33","FORT WORTH","TX","76105","2026","27-JUN-25","2025","202506279762546505"
"S6ID00146","ACHILLES, TODD BAKER","Independent","IND","Senate","S","Idaho","ID","00","BOISE","ID","83707","2026","27-JUN-25","2025","202506279762546492"
"H6CA02267","WILSON, KYLE","Independent","IND","House","H","California","CA","02","SANTA ROSA","CA","95401","2026","27-JUN-25","2025","202506279762545779"
"H6AR03136","LAWRENCE, DIANA LYNNE","Democratic Party","DEM","House","H","Arkansas","AR","03","VAN BUREN","AR","72956","2026","26-JUN-25","2025","202506269762544705"
"H4VA06061","MITCHELL, KEN","Democratic Party","DEM","House","H","Virginia","VA","06","HARRISONBURG","VA","22803","2026","26-JUN-25","2025","202506269762544720"
"H6TX02251","FINNIE, SHAUN","Democratic Party","DEM","House","H","Texas","TX","02","SPRING","TX","77393","2026","26-JUN-25","2025","202506269762544848"
"H6AZ03252","CANO-BRAVO, SANDY","Democratic Party","DEM","House","H","Arizona","AZ","03","TEMPE","AZ","85285","2026","26-JUN-25","2025","202506269762544778"
"H6IL02348","YOUNG, JEREMY","Democratic Party","DEM","House","H","Illinois","IL","02","CHICAGO","IL","60616","2026","26-JUN-25","2025","202506269762544847"
"H6TN07179","KNIGHT, JASON","Republican Party","REP","House","H","Tennessee","TN","07","CLARKSVILLE","TN","37043","2026","26-JUN-25","2025","202506269762544757"
"H6TX18398","FOREMAN, GEORGE EDWARD IV","Independence Party","IDP","House","H","Texas","TX","18","HOUSTON","TX","77093","2025","25-JUN-25","2025","202506259762543135"
"H6WV01137","AGUIRRE, BRITTA","Democratic Party","DEM","House","H","West Virginia","WV","01","KANAWHA CITY","WV","25364","2026","25-JUN-25","2025","202506259762543053"
"H6MN08153","MCBRIDE, JOHN-PAUL 2183436597","Democratic-Farmer-Labor","DFL","House","H","Minnesota","MN","08","DULUTH,","MN","55807","2026","25-JUN-25","2025","202506259762541984"
"H6CA25235","OWNES, ELI","Independent","IND","House","H","California","CA","25","BLYTHE","CA","92225","2026","24-JUN-25","2025","202506249762533177"
"S6SC04254","GIRACELLO, CHRISTOPHER","Democratic Party","DEM","Senate","S","South Carolina","SC","00","MYRTLE BEACH","SC","29579","2026","24-JUN-25","2025","202506249762533580"
"H6SC01219","BEERS, ROBERT LEE MR III","Democratic Party","DEM","House","H","South Carolina","SC","01","BONNEAU","SC","29431","2026","24-JUN-25","2025","202506249762534317"
"H4NH01276","BRIGHT, CHRIS","Republican Party","REP","House","H","New Hampshire","NH","01","ALEXANDRIA","VA","22313","2026","24-JUN-25","2025","202506249762533740"
"H6OH14214","ONEILL, BILL MICHAEL JUSTICE","Democratic Party","DEM","House","H","Ohio","OH","14","CHAGRIN FALLS","OH","44022","2026","24-JUN-25","2025","202506249762533581"
"H6NJ02228","WINDER, BAYLY PHILIP CHRISTOPER","Democratic Party","DEM","House","H","New Jersey","NJ","02","MILLVILLE","NJ","08332","2026","23-JUN-25","2025","202506239762526336"
"S6TX00412","VIRTS, TERRY","Democratic Party","DEM","Senate","S","Texas","TX","00","HOUSTON","TX","77288","2026","23-JUN-25","2025","202506239762526364"
"S6TX00420","CAIN, JOSHUA","Independent","IND","Senate","S","Texas","TX","00","SAN ANTONIO","TX","78258","2026","23-JUN-25","2025","202506239762531864"
"H6MI07264","SMELTZER, SAMUEL","Democratic Party","DEM","House","H","Michigan","MI","07","LANSING","MI","48910","2026","23-JUN-25","2025","202506239762533152"
"H6NY13212","CHINO-TAVAREZ, THEO BRUCE","Democratic Party","DEM","House","H","New York","NY","13","NEW YORK","NY","10031","2026","23-JUN-25","2025","202506239762531871"
"S6CO00432","WOOD, MATTHEW","Independent","IND","Senate","S","Colorado","CO","00","GRAND JUNCTION","CO","81507","2026","23-JUN-25","2025","202506239762532068"
"H6CA37339","MOTA, SAMANTHA","Democratic Party","DEM","House","H","California","CA","37","LOS ANGELES","CA","90404","2026","23-JUN-25","2025","202506239762533140"
"H6IL09269","JOHNSON, BETHANY","Democratic Party","DEM","House","H","Illinois","IL","09","EVANSTON","IL","60202","2026","23-JUN-25","2025","202506239762531865"
"H6CA30201","FEITOSA, DENNIS F.","Republican Party","REP","House","H","California","CA","30","LOS ANGELES","CA","90046","2026","22-JUN-25","2025","202506229762526270"
"H6IL02330","BROWN, YUMEKA S MRS","Democratic Party","DEM","House","H","Illinois","IL","02","MATTESON","IL","60443","2026","22-JUN-25","2025","202506229762526325"
"H6IL09251","ROSENBLUM, HOWARD","Democratic Party","DEM","House","H","Illinois","IL","09","SKOKIE","IL","60077","2026","22-JUN-25","2025","202506229762526310"
"H6TX21251","TAYLOR, GARY FRANK","Democratic Party","DEM","House","H","Texas","TX","21","DRIPPING SPRINGS","TX","78620","2026","21-JUN-25","2025","202506219762526238"
"H6FL23154","LARKIN, OLIVER ADAMS","Democratic Party","DEM","House","H","Florida","FL","23","DEERFIELD BEACH","FL","33442","2026","21-JUN-25","2025","202506219762526205"
"H6CA43162","JAIN, ANISH","Republican Party","REP","House","H","California","CA","43","DIAMOND BAR","CA","91765","2026","20-JUN-25","2025","202506209762399088"
"H6MN08146","MCBRIDE, JOHN-PAUL 2183436597","Democratic-Farmer-Labor","DFL","House","H","Minnesota","MN","08","DULUTH,","MN","55807","2026","20-JUN-25","2025","202506209762421702"
"S0ID00172","FLEMING, NATALIE M","Unaffiliated","UN","Senate","S","Idaho","ID","00","MERIDIAN","ID","83642","2026","20-JUN-25","2025","202506209762508049"
"H6TX24198","BUCHWALD, JON","Democratic Party","DEM","House","H","Texas","TX","24","DALLAS","TX","75244","2026","20-JUN-25","2025","202506209762354882"
"H6WI06175","HEIDENREICH, MICHAEL","Democratic Party","DEM","House","H","Wisconsin","WI","06","LODI","WI","53555","2026","20-JUN-25","2025","202506209762525345"
"H4WV01058","EVANS, JONATHAN DERRICK","Republican Party","REP","House","H","West Virginia","WV","01","PRICHARD","WV","25555","2026","20-JUN-25","2025","202506209762382355"
"H6MN06207","GRANDY, SIERRA MARIE","Democratic-Farmer-Labor","DFL","House","H","Minnesota","MN","06","MINNEAPOLIS","MN","55423","2026","20-JUN-25","2025","202506209762383380"
"H6MI13262","LORENZ, ANDREW","Republican Party","REP","House","H","Michigan","MI","13","SOUTHGATE","MI","48195","2026","20-JUN-25","2025","202506209762387524"
"H6CA17182","FINAN, NICHOLAS JAMES","Democratic Party","DEM","House","H","California","CA","17","CUPERTINO","CA","95014","2026","20-JUN-25","2025","202506209762354924"
"H6MI09237","ATWELL, DALTSON THEODORE","Republican Party","REP","House","H","Michigan","MI","09","BIRCH RUN","MI","48415","2026","19-JUN-25","2025","202506199762354851"
"H2WA05097","DANIMUS, ANN MARIE","Democratic Party","DEM","House","H","Washington","WA","05","SPOKANE VALLEY","WA","99211","2026","19-JUN-25","2025","202506199762350114"
"H6OH09123","KINSEL, WAYNE CHARLES","Republican Party","REP","House","H","Ohio","OH","09","SYLVANIA","OH","43560","2026","19-JUN-25","2025","202506199762348834"
"S0TX00365","BIERSCHWALE, VIRGIL","Republican Party","REP","Senate","S","Texas","TX","00","JUNCTION","TX","76849","2026","19-JUN-25","2025","202506199762337577"
"S2FL00466","WEIL, JOSHUA","Democratic Party","DEM","Senate","S","Florida","FL","00","JACKSONVILLE","FL","32207","2026","18-JUN-25","2025","202506189762197872"
"H6IL09244","MILLION, LAUREN","Democratic Party","DEM","House","H","Illinois","IL","09","CHICAGO","IL","60640","2026","18-JUN-25","2025","202506189762337052"
"H6MI07256","BRINK, BRIDGET","Democratic Party","DEM","House","H","Michigan","MI","07","LANSING","MI","48908","2026","18-JUN-25","2025","202506189762197307"
"H6NH01347","BAILEY, MELISSA","Republican Party","REP","House","H","New Hampshire","NH","01","BEDFORD","NH","03110","2026","18-JUN-25","2025","202506189762197312"
"H6SC01201","RIVERA-VAZQUEZ, MAYRA","Democratic Party","DEM","House","H","South Carolina","SC","01","BUFFTON","SC","29910","2026","18-JUN-25","2025","202506189762329245"
"H6TX01337","ALEXANDER, DAX CORNELL","Democratic Party","DEM","House","H","Texas","TX","01","TYLER","TX","75703","2026","18-JUN-25","2025","202506189762206319"
"H6GA01109","KINGSTON, JAMES MORRIS","Republican Party","REP","House","H","Georgia","GA","01","SAVANNAH","GA","31416","2026","18-JUN-25","2025","202506189762209317"
"H6CO01265","MILLER, OLIVIA","Democratic Party","DEM","House","H","Colorado","CO","01","DENVER","CO","80204","2026","18-JUN-25","2025","202506189762210050"
"S6LA00540","MIGUEZ, BLAKE","Republican Party","REP","Senate","S","Louisiana","LA","00","PRAIRIEVILLE","LA","70769","2026","18-JUN-25","2025","202506189762206021"
"H6IN09275","DAVIDSON, JAMES LOGAN","Democratic Party","DEM","House","H","Indiana","IN","09","SALEM","IN","47167","2026","17-JUN-25","2025","202506179762186135"
"H2IA02111","BOHANNAN, CHRISTINA","Democratic Party","DEM","House","H","Iowa","IA","01","IOWA CITY","IA","52245","2026","17-JUN-25","2025","202506179762186140"
"S6MI00475","JOHNSON II, CRAIG HENLEY MR II","Independent","IND","Senate","S","Michigan","MI","00","GRAND RAPIDS","MI","49504","2026","17-JUN-25","2025","202506179762186347"
"P60024320","SEARCY, ROBERT STEVEN","No Party Affiliation","NPA","President","P","United States","00","00","MOSS POINT","MS","39562","2026","17-JUN-25","2025","202506179762196251"
"H6NM01129","OKPAREKE, NDIDIAMAKA","Republican Party","REP","House","H","New Mexico","NM","01","RIO RANCHO","NM","87124","2026","17-JUN-25","2025","202506179762189977"
"H6CA50290","MITRA, AISHWARYA","Democratic Party","DEM","House","H","California","CA","50","SAN DIEGO","CA","92102","2026","17-JUN-25","2025","202506179762189978"
"H6SC05186","CLOUGH, ANDREW NEIL","Democratic Party","DEM","House","H","South Carolina","SC","05","ROCK HILL","SC","29730","2026","17-JUN-25","2025","202506179762196040"
"H6IN04185","HUSTEDT-MAI, ANTHONY D","Republican Party","REP","House","H","Indiana","IN","04","LAFAYETTE","IN","47905","2026","17-JUN-25","2025","202506179762188575"
"H6MI10300","ADAMS, GEORGE","Democratic Party","DEM","House","H","Michigan","MI","10","UTICA","MI","48318","2026","16-JUN-25","2025","202506169762153150"
"H6VA11215","WHITSON, STEWART","Republican Party","REP","House","H","Virginia","VA","11","GREAT FALLS","VA","22066","2025","16-JUN-25","2025","202506169762153179"
"H6NY06158","XIONG, YAN","Democratic Party","DEM","House","H","New York","NY","06","WESTBURY","NY","11590","2026","16-JUN-25","2025","202506169762153276"
"H0TN09061","BERGMANN, CHARLOTTE","Republican Party","REP","House","H","Tennessee","TN","09","MEMPHIS","TN","38125","2026","16-JUN-25","2025","202506169762160640"
"H6MI10318","ARMITAGE, CASEY MRS.","Republican Party","REP","House","H","Michigan","MI","10","VASSAR","MI","48768","2026","16-JUN-25","2025","202506169762182954"
"H6OH07135","EISNER, MICHAEL","Democratic Party","DEM","House","H","Ohio","OH","07","SOLON","OH","44139","2026","16-JUN-25","2025","202506169762183057"
"H4AZ05096","OLSON, EVAN ANDREW","Democratic Party","DEM","House","H","Arizona","AZ","05","MESA","AZ","85212","2026","16-JUN-25","2025","202506169762185120"
"H4CA31196","LEVI, ERSKINE LINCOLN MR JR","Republican Party","REP","House","H","California","CA","31","GLENDORA","CA","91741","2026","14-JUN-25","2025","202506149762152186"
"H6PA17179","BARLOCK, ALEJANDRO LIAM","Democratic Party","DEM","House","H","Pennsylvania","PA","17","PITTSBURGH","PA","15235","2026","14-JUN-25","2025","202506149762152912"
"S6KY00294","SHELLEY, *ANDREW NICHOLAS","Republican Party","REP","Senate","S","Kentucky","KY","00","HILLSBORO","KY","410499998","2026","14-JUN-25","2025","202506149762152671"
"H6CO08070","SHELBY, DYLAN J","Democratic Party","DEM","House","H","Colorado","CO","08","LITTLETON","CO","80128","2026","13-JUN-25","2025","202506139762149428"
"H6TN07161","VAN EPPS, MATTHEW ROBERT","Republican Party","REP","House","H","Tennessee","TN","07","DICKSON","TN","37056","2026","13-JUN-25","2025","202506139762149887"
"H6GA05316","HILL, VICTOR KEITH MR.","Democratic Party","DEM","House","H","Georgia","GA","05","ALPHARETTA","GA","30005","2026","13-JUN-25","2025","202506139762151634"
"H6MN08138","CRAMER, CYLE","Democratic-Farmer-Labor","DFL","House","H","Minnesota","MN","08","CHISAGO CITY","MN","55013","2025","13-JUN-25","2025","202506139762151331"
"S6TX00404","FORD, CAMENCIA","None","NNE","Senate","S","Texas","TX","00","HALLETTSVILLE","TX","77964","2026","13-JUN-25","2025","202506139762151570"
"S6FL00749","ATKINS, JOEY MENDOZA","Democratic Party","DEM","Senate","S","Florida","FL","00","MIAMI","FL","33137","2026","13-JUN-25","2025","202506139762150971"
"H6TX23232","RUBIO, SUSAN STOREY","Republican Party","REP","House","H","Texas","TX","23","SAN ANTONIO","TX","78248","2026","12-JUN-25","2025","202506129762149406"
"S6PA00357","BRENNER, GARY DAVID MR JR","Democratic Party","DEM","Senate","S","Pennsylvania","PA","00","SOUTH PARK","PA","15129","2026","12-JUN-25","2025","202506129762127519"
"H6MI02216","AMBROSE, BENJAMIN","Democratic Party","DEM","House","H","Michigan","MI","02","HESPERIA","MI","49421","2026","12-JUN-25","2025","202506129762127780"
"H6VA11082","BENNETT, CANDICE","Democratic Party","DEM","House","H","Virginia","VA","11","LORTON","VA","22079","2025","12-JUN-25","2025","202506129762128593"
"H6GA13088","MOORE, CARLOS","Democratic Party","DEM","House","H","Georgia","GA","13","BROOKHAVEN","GA","30329","2026","12-JUN-25","2025","202506129762132505"
"S6IL00573","ORTEGA, JANUARIO MR.","Republican Party","REP","Senate","S","Illinois","IL","00","CHICAGO","IL","60640","2026","12-JUN-25","2025","202506129762129666"
"H6MO08175","CASS, GERALD D MR.","Democratic Party","DEM","House","H","Missouri","MO","08","AVA","MO","65608","2026","12-JUN-25","2025","202506129762129680"
"P60024312","NEZARUS, NEZARUS ROBERT J","Other","OTH","President","P","Minnesota","MN","00","LAKEVILLE","MN","55044","2026","12-JUN-25","2025","202506129762132003"
"H4OH06231","KRIPCHAK, MICHAEL LAWRENCE","Democratic Party","DEM","House","H","Ohio","OH","06","YOUNGSTOWN","OH","44511","2026","12-JUN-25","2025","202506129762129435"
"H6IL08287","TULLY, DAN","Democratic Party","DEM","House","H","Illinois","IL","08","CAROL STREAM","IL","60188","2026","11-JUN-25","2025","202506119762126056"
"H6VA01190","KHANNA, LISA VEDERNIKOVA","Democratic Party","DEM","House","H","Virginia","VA","01","MIDLOTHIAN","VA","23113","2026","11-JUN-25","2025","202506119762126133"
"H6TX10189","HURT, CHRISTOPHER MATTHEW MR.","Republican Party","REP","House","H","Texas","TX","10","NORTH ZULCH","TX","77872","2026","11-JUN-25","2025","202506119762126915"
"H6IL15100","DAVIS, PAUL R DR. JR","Democratic Party","DEM","House","H","Illinois","IL","15","COLLINSVILLE","IL","62234","2026","11-JUN-25","2025","202506119762127518"
"S6MS00117","LITTELL, ALBERT R","Democratic Party","DEM","Senate","S","Mississippi","MS","00","MS - LONG BEACH","MS","39560","2026","11-JUN-25","2025","202506119762127365"
"S6OH00353","VOLPE, CHRISTOPHER","Democratic Party","DEM","Senate","S","Ohio","OH","00","COLUMBUS","OH","43214","2026","11-JUN-25","2025","202506119762127482"
"H6MD04324","FIELD, ANTHONY","Democratic Party","DEM","House","H","Maryland","MD","04","SUITLAND","MD","20746","2026","11-JUN-25","2025","202506119762127360"
"H2VA03096","TAYLOR, JAMES L","Independent","IND","House","H","Virginia","VA","03","CARROLLTON","VA","23314","2026","10-JUN-25","2025","202506109762125424"
"H6IN03294","THOMPSON, KELLY ELIZABETH","Democratic Party","DEM","House","H","Indiana","IN","03","COLUMBIA CITY","IN","46725","2026","10-JUN-25","2025","202506109761873673"
"H2TX27273","TRISTAN, ANTHONY JAMES","Independent","IND","House","H","Texas","TX","20","PORT ARANSAS","TX","78373","2026","10-JUN-25","2025","202506109761873929"
"H6TX32126","MONTANEZ, MONTY","Republican Party","REP","House","H","Texas","TX","32","IRVING","TX","75038","2026","10-JUN-25","2025","202506109761874816"
"S6IA00272","WAHLS, ZACH P","Democratic Party","DEM","Senate","S","Iowa","IA","00","CORALVILLE","IA","52241","2026","10-JUN-25","2025","202506109762027273"
"S6IL00557","MUHAMMAD, TYRONE","Independent","IND","Senate","S","Illinois","IL","00","CHICAGO","IL","60616","2026","10-JUN-25","2025","202506109761875018"
"H6PA11081","KLIMM, SARAH RENEE","Democratic Party","DEM","House","H","Pennsylvania","PA","11","STEWARTSTOWN","PA","17363","2026","10-JUN-25","2025","202506109762026649"
"S6IL00565","BUSTOS, AWISI","Democratic Party","DEM","Senate","S","Illinois","IL","00","SPRINGFIELD","IL","62711","2026","10-JUN-25","2025","202506109762027264"
"H6SC01193","ELLISON, JACK","Republican Party","REP","House","H","South Carolina","SC","01","CHARLESTON","SC","29414","2026","10-JUN-25","2025","202506109761874972"
"H6NY11232","MCGHIE, TROY","Democratic Party","DEM","House","H","New York","NY","11","STATEN ISLAND","NY","10301","2026","09-JUN-25","2025","202506099761871635"
"H6VA11207","PUNNOOSE, PRIYA DR.","Democratic Party","DEM","House","H","Virginia","VA","11","ALEXANDRIA","VA","22306","2025","09-JUN-25","2025","202506099761871668"
"S6SC04247","WHITENER, KASIE DR.","Libertarian Party","LIB","Senate","S","South Carolina","SC","00","BLYTHEWOOD","SC","29016","2026","09-JUN-25","2025","202506099761871674"
"H6NJ11187","WILLIAMS, ANNA LEE","Democratic Party","DEM","House","H","New Jersey","NJ","11","MORRISTOWN","NJ","07960","2026","09-JUN-25","2025","202506099761871787"
"H6NC06156","BLAIR, BEAU","Democratic Party","DEM","House","H","North Carolina","NC","06","SALISBURY","NC","28145","2026","09-JUN-25","2025","202506090300504804"
"H6TX18380","PRESTWICH, LIZETTE","Democratic Party","DEM","House","H","Texas","TX","18","HOUSTON","TX","77220","2025","09-JUN-25","2025","202506099761873261"
"H4CA32137","THOMPSON, LARRY","Republican Party","REP","House","H","California","CA","32","MALIBU","CA","90265","2026","09-JUN-25","2025","202506099761870664"
"H4TX27089","LLOYD, TANYA W","Democratic Party","DEM","House","H","Texas","TX","27","LOCKHART","TX","78644","2026","09-JUN-25","2025","202506099761870840"
"H2IL14086","PIERCE, MICHAEL DAVID LTC (RET.)","Republican Party","REP","House","H","Illinois","IL","11","NAPERVILLE","IL","60540","2026","09-JUN-25","2025","202506099761871545"
"H6FL07181","WILNAU, MICHAEL","Republican Party","REP","House","H","Florida","FL","07","FT MCCOY","FL","32134","2026","09-JUN-25","2025","202506099761871630"
"H6NV03238","KENNEDY, RONDA","Republican Party","REP","House","H","Nevada","NV","03","LAS VEGAS","NV","89148","2026","09-JUN-25","2025","202506099761873260"
"H6PA07162","CROSSWELL, RYAN","Democratic Party","DEM","House","H","Pennsylvania","PA","07","ALLENTOWN","PA","18105","2026","09-JUN-25","2025","202506099761870552"
"H6TX06229","STAHL, BRIAN","Republican Party","REP","House","H","Texas","TX","06","BLUM","TX","76627","2026","08-JUN-25","2025","202506089761870542"
"S6ME00357","FAVREAU, TUCKER","Democratic Party","DEM","Senate","S","Maine","ME","00","BRUNSWICK","ME","04011","2026","08-JUN-25","2025","202506089761870541"
"H6WI06167","MARSCHALL, JOEY","Democratic Party","DEM","House","H","Wisconsin","WI","06","BERLIN","WI","54923","2026","07-JUN-25","2025","202506079761870396"
"H6IN02171","BEEBE, ERIC J","Independent","IND","House","H","Indiana","IN","02","LA PORTE","IN","46350","2026","06-JUN-25","2025","202506069761870239"
"H6MD01338","WALISH, GEORGE MARTIN MR JR","Democratic Party","DEM","House","H","Maryland","MD","01","EARLEVILLE","MD","21919","2026","06-JUN-25","2025","202506069761867316"
"H6AR03128","RYERSE, ROBB","Democratic Party","DEM","House","H","Arkansas","AR","03","SPRINGDALE","AR","72765","2026","06-JUN-25","2025","202506069761867983"
"H2IL08146","AHMED, JUNAID","Democratic Party","DEM","House","H","Illinois","IL","08","WASHINGTON","DC","20005","2026","06-JUN-25","2025","202506069761867537"
"H6IL08279","KALLAS, CHRIST","Democratic Party","DEM","House","H","Illinois","IL","08","ROSELLE","IL","60172","2026","06-JUN-25","2025","202506069761870121"
"H6TX18372","HUEY, STEPHEN","Democratic Party","DEM","House","H","Texas","TX","18","HOUSTON","TX","77270","2026","06-JUN-25","2025","202506069761870211"
"H6GA10167","WATKINS, DANTWAN SAMUEL MR","Democratic Party","DEM","House","H","Georgia","GA","10","ATHENS","GA","30601","2025","06-JUN-25","2025","202506069761870233"
"H6NV01323","PERESZLENYI, ALEX","Democratic Party","DEM","House","H","Nevada","NV","01","HENDERSON","NV","89074","2026","06-JUN-25","2025","202506069761868359"
"S6IL00540","LONG, PAMELA DENISE DR.","Republican Party","REP","Senate","S","Illinois","IL","00","EDWARDSVILLE","IL","62025","2026","05-JUN-25","2025","202506059761866193"
"H6TX18364","JONES, JOLANDA","Democratic Party","DEM","House","H","Texas","TX","18","HOUSTON","TX","77004","2025","05-JUN-25","2025","202506059761866220"
"H6TN06197","BRADEN, RONNIE DALE","Republican Party","REP","House","H","Tennessee","TN","06","COOKEVILLE","TN","38501","2026","05-JUN-25","2025","202506059761866252"
"H6VA11199","PAPANU, AMY","Democratic Party","DEM","House","H","Virginia","VA","11","WASHINGTON","DC","20005","2025","05-JUN-25","2025","202506059761866688"
"S6MI00467","HOWARD, RACHEL ELIZABETH","Democratic Party","DEM","Senate","S","Michigan","MI","00","DEXTER","MI","48130","2026","05-JUN-25","2025","202506059761866159"
"H6TX31094","EARLY, JUSTIN","Democratic Party","DEM","House","H","Texas","TX","31","GEORGETOWN","TX","78627","2026","05-JUN-25","2025","202506059761866746"
"H6IL13170","LUX, EMILY ATHENA DR","Democratic Party","DEM","House","H","Illinois","IL","13","URBANA","IL","61801","2026","05-JUN-25","2025","202506059761866909"
"H6CO08062","BACA-OEHLERT, AMIE","Democratic Party","DEM","House","H","Colorado","CO","08","EASTLAKE","CO","80214","2026","05-JUN-25","2025","202506059761865611"
"H6VA01182","POHL, AMANDA","Democratic Party","DEM","House","H","Virginia","VA","01","MIDLOTHIAN","VA","23112","2026","05-JUN-25","2025","202506059761865686"
"H6TX24180","WARE, TIMOTHY JOE II","Democratic Party","DEM","House","H","Texas","TX","24","KELLER","TX","76244","2026","05-JUN-25","2025","202506059761866740"
"H6NH01339","BERIONT, CARLEIGH","Democratic Party","DEM","House","H","New Hampshire","NH","01","HAMPTON","NH","03843","2026","04-JUN-25","2025","202506049761861864"
"H6CO08054","YOUNG, DAVID L.","Democratic Party","DEM","House","H","Colorado","CO","08","GREELEY","CO","80632","2026","04-JUN-25","2025","202506049761861893"
"H6NV01315","KHAN, AFZAL","Republican Party","REP","House","H","Nevada","NV","01","LAS VEGAS","NV","89144","2026","04-JUN-25","2025","202506049761862168"
"H6MD05255","JARIN, HARRY","Democratic Party","DEM","House","H","Maryland","MD","05","ODENTON","MD","21113","2026","04-JUN-25","2025","202506049761863569"
"H2VA08152","LIPSMAN, KARINA","Republican Party","REP","House","H","Virginia","VA","11","MCLEAN","VA","22102","2025","04-JUN-25","2025","202506049761863574"
"S6ME00340","LAFLAMME, ANDREA","Democratic Party","DEM","Senate","S","Maine","ME","00","BANGOR","ME","04402","2026","04-JUN-25","2025","202506049761864220"
"H6TX01329","NICHOLS, RYAN TAYLOR MR SR","Republican Party","REP","House","H","Texas","TX","01","LONGVIEW","TX","75605","2026","04-JUN-25","2025","202506049761861806"
"H6CO05316","SMITH, JAMEY LEE","Democratic Party","DEM","House","H","Colorado","CO","05","COLORADO SPRINGS","CO","80920","2026","04-JUN-25","2025","202506049761865239"
"H6VA11181","DAY, ISAAC","Democratic Party","DEM","House","H","Virginia","VA","11","VIENNA","VA","22180","2025","04-JUN-25","2025","202506049761865567"
"H6UT02432","FARNSWORTH, TYLER SCOTT","Democratic Party","DEM","House","H","Utah","UT","02","SALT LAKE CITY","UT","84103","2026","04-JUN-25","2025","202506049761865595"
"H6TX01337","ALEXANDER, DAX CORNELL","Democratic Party","DEM","House","H","Texas","TX","01","TYLER","TX","75703","2025","04-JUN-25","2025","202506049761865596"
"H6NE02190","CAVANAUGH, JOHN","Democratic Party","DEM","House","H","Nebraska","NE","02","OMAHA","NE","68104","2026","04-JUN-25","2025","202506049761837144"
"H6MN08120","ANASTOS, EMANUEL","Democratic-Farmer-Labor","DFL","House","H","Minnesota","MN","08","TOWER","MN","55790","2026","04-JUN-25","2025","202506049761864221"
"S6IA00264","SCHOLTEN, JAMES","Democratic Party","DEM","Senate","S","Iowa","IA","00","SIOUX CITY","IA","51102","2026","03-JUN-25","2025","202506039761733336"
"H6VA11173","RAND, LUCAS","Republican Party","REP","House","H","Virginia","VA","11","ATHENS","GA","30605","2025","03-JUN-25","2025","202506039761733337"
"S6OH00346","VOLPE, CHRISTOPHER","Democratic Party","DEM","Senate","S","Ohio","OH","00","COLUMBUS","OH","43214","2026","03-JUN-25","2025","202506039761751901"
"H6VA11157","SHIN, IRENE","Democratic Party","DEM","House","H","Virginia","VA","11","HERNDON","VA","20172","2025","03-JUN-25","2025","202506039761730362"
"H6GA14060","BLACK, STAR","Republican Party","REP","House","H","Georgia","GA","14","KENNESAW","GA","30144","2026","03-JUN-25","2025","202506039761730368"
"H6WA09082","SAWANT, KSHAMA","Independent","IND","House","H","Washington","WA","09","SEATTLE","WA","98011","2026","03-JUN-25","2025","202506039761755336"
"H6CT04127","PEREZ-CAPUTO, JOSEPH","Unaffiliated","UN","House","H","Connecticut","CT","04","STAMFORD","CT","06903","2025","03-JUN-25","2025","202506039761732611"
"H6VA11165","LEE, DANIEL","Democratic Party","DEM","House","H","Virginia","VA","11","MCLEAN","VA","22102","2025","03-JUN-25","2025","202506039761732635"
"S6OR05192","RYAN, JACOB","Democratic Party","DEM","Senate","S","Oregon","OR","00","MEDFORD","OR","97504","2026","03-JUN-25","2025","202506039761732637"
"H6VA11165","LEE, DANIEL","Democratic Party","DEM","House","H","Virginia","VA","11","MCLEAN","VA","22102","2026","03-JUN-25","2025","202506039761732859"
"H6TN06189","MONDAY, CHRISTOPHER BRIAN","Unaffiliated","UN","House","H","Tennessee","TN","06","COOKEVILLE","TN","38501","2026","03-JUN-25","2025","202506039761733205"
"H6KY05152","PILLERSDORF, NED","Democratic Party","DEM","House","H","Kentucky","KY","05","VAN LEAR","KY","41265","2026","03-JUN-25","2025","202506039761730418"
"H6GA13070","CLARK, JASMINE","Democratic Party","DEM","House","H","Georgia","GA","13","LILBURN","GA","30048","2026","02-JUN-25","2025","202506029761729350"
"H6FL21059","DANDIYA, PIA","Democratic Party","DEM","House","H","Florida","FL","21","JUPITER","FL","33496","2026","02-JUN-25","2025","202506029761729847"
"S6AR00165","PITTMAN, JONATHAN","Democratic Party","DEM","Senate","S","Arkansas","AR","00","FORREST CITY","AR","72335","2026","02-JUN-25","2025","202506029761730282"
"H6IN06222","HARDY, ALEXANDER","Democratic Party","DEM","House","H","Indiana","IN","06","GREENWOOD","IN","46142","2026","02-JUN-25","2025","202506029761730171"
"H6CO03238","SCHEPPELMAN, HOPE G","Republican Party","REP","House","H","Colorado","CO","03","BAYFIELD","CO","81122","2026","02-JUN-25","2025","202506029761729858"
"H6WI06159","OLDHAM, KORTNEY GRANT MS JR","Democratic Party","DEM","House","H","Wisconsin","WI","06","OSHKOSH","WI","54901","2026","01-JUN-25","2025","202506019761729270"
"H6IL09236","AMIWALA, BUSHRA","Democratic Party","DEM","House","H","Illinois","IL","09","SKOKIE","IL","60076","2026","01-JUN-25","2025","202506019761729320"
"H6IN04177","HALL, THOMAS DAVID MR.","Independent","IND","House","H","Indiana","IN","04","MARTINSVILLE","IN","46151","2026","01-JUN-25","2025","202506019761729309"
"H6AZ05208","BRACHT, BLAKE","Democratic Party","DEM","House","H","Arizona","AZ","05","SAN TAN VALLEY","AZ","85143","2026","30-MAY-25","2025","202505309761728430"
"H6NC03195","AYERS, AUSTIN JAY","Republican Party","REP","House","H","North Carolina","NC","03","AYDEN","NC","28513","2026","30-MAY-25","2025","202505309761728586"
"H4CA36146","HASHEMIEH, JULIA","Republican Party","REP","House","H","California","CA","47","SANTA CLARA","CA","95050","2026","30-MAY-25","2025","202505309761728591"
"H6TX37026","GARY, GE'NELL","Democratic Party","DEM","House","H","Texas","TX","37","AUSTIN","TX","78735","2026","30-MAY-25","2025","202505309761728745"
"H4TX35025","WRIGHT, STEVEN WILLIAM","Republican Party","REP","House","H","Texas","TX","35","BUDA","TX","78610","2026","30-MAY-25","2025","202505309761728746"
"H6AZ02221","DESCHEENIE, ERIC","Democratic Party","DEM","House","H","Arizona","AZ","02","FLAGSTAFF","AZ","86004","2026","30-MAY-25","2025","202505309761729207"
"H6KY06168","KLOIBER, DAVID","Democratic Party","DEM","House","H","Kentucky","KY","06","LEXINGTON","KY","40509","2026","30-MAY-25","2025","202505309761728631"
"H6AZ08228","BARFIELD, JILLIAN","Democratic Party","DEM","House","H","Arizona","AZ","08","GLENDALE","AZ","85308","2026","30-MAY-25","2025","202505309761728675"
"H6VA11140","ROMA, AMY","Democratic Party","DEM","House","H","Virginia","VA","11","RESTON","VA","20195","2026","29-MAY-25","2025","202505299761726096"
"S6IL00532","BARTZIS, PANAGIOTI JOHN MR","Republican Party","REP","Senate","S","Illinois","IL","00","WESTCHESTER","IL","60154","2026","29-MAY-25","2025","202505299761726014"
"S8MI00422","WILLIS, VALERIE LEE","Independent","IND","Senate","S","Michigan","MI","00","ESSEXVILLE","MI","48732","2026","29-MAY-25","2025","202506160300504961"
"H6MO06278","LEVINE, MATTHEW","Democratic Party","DEM","House","H","Missouri","MO","06","KANSAS CITY","MO","64163","2026","29-MAY-25","2025","202505299761727987"
"H2NC03137","PAPASTRAT, GEORGE J","Democratic Party","DEM","House","H","North Carolina","NC","03","JACKSONVILLE","NC","28540","2026","29-MAY-25","2025","202505299761727986"
"S6AL00450","MARSHALL, STEVEN T","Republican Party","REP","Senate","S","Alabama","AL","00","BIRMINGHAM","AL","35242","2026","29-MAY-25","2025","202505299761726351"
"H6NY17213","CHATZKY, PETER","Democratic Party","DEM","House","H","New York","NY","17","BRIARCLIFF MANOR","NY","10510","2026","29-MAY-25","2025","202505299761727713"
"H6MS04218","BLACKMAN, PAUL JAMES MR","Democratic Party","DEM","House","H","Mississippi","MS","04","GULFPORT","MS","39503","2026","29-MAY-25","2025","202505299761727688"
"H6CA47072","MIRANDA, HUNTER GARCIA","Democratic Party","DEM","House","H","California","CA","47","RANCHO SANTA MARGARITA","CA","92688","2026","29-MAY-25","2025","202505299761726423"
"H6MI09229","CLARK, WYATT BRONSON","Democratic Party","DEM","House","H","Michigan","MI","09","CLARKSTON","MI","48346","2026","29-MAY-25","2025","202505299761727862"
"S6FL00731","DIMOLA, FRANK","Democratic Party","DEM","Senate","S","Florida","FL","00","PARKLAND","FL","33067","2026","28-MAY-25","2025","202505289761725991"
"S6WV00162","WILLIS, THOMAS EDWARD II","Republican Party","REP","Senate","S","West Virginia","WV","00","MARTINSBURG","WV","25402","2026","28-MAY-25","2025","202505289761725815"
"S6AL00443","HUDSON, JARED","Republican Party","REP","Senate","S","Alabama","AL","00","BIRMINGHAM","AL","35203","2026","28-MAY-25","2025","202505289761725626"
"H6NH01321","SHAHEEN, STEFANY","Democratic Party","DEM","House","H","New Hampshire","NH","01","MANCHESTER","NH","03105","2026","28-MAY-25","2025","202505289761725585"
"H6FL19152","MODARELLI, DYLAN","Republican Party","REP","House","H","Florida","FL","19","NORTH PORT","FL","34286","2026","28-MAY-25","2025","202505289761725506"
"H6GA01091","PENN, KRISTA","Republican Party","REP","House","H","Georgia","GA","01","SAVANNAH","GA","31401","2026","28-MAY-25","2025","202505289761726012"
"H6IL07362","KALI, KAMARIA","Democratic Party","DEM","House","H","Illinois","IL","07","CHICAGO","IL","60619","2026","28-MAY-25","2025","202505289761726013"
"H6FL12199","IRIZARRY, CHRISTOPHER","Democratic Party","DEM","House","H","Florida","FL","12","HUDSON","FL","34667","2026","27-MAY-25","2025","202505280300504700"
"H6VA11132","MARTINEZ NUCETE, LEO","Democratic Party","DEM","House","H","Virginia","VA","11","WASHINGTON","DC","20003","2025","27-MAY-25","2025","202505279761723937"
"H6FL09252","STORY, JUSTIN","Republican Party","REP","House","H","Florida","FL","09","ST. CLOUD","FL","34771","2026","27-MAY-25","2025","202505279761723932"
"H6FL27064","FORNINO, ALEXANDER","Democratic Party","DEM","House","H","Florida","FL","27","CORAL GABLES","FL","33146","2026","26-MAY-25","2025","202505269761723674"
"H6CA43154","CRISTO, EDEN","Democratic Party","DEM","House","H","California","CA","43","LOS ANGELES","CA","90044","2026","23-MAY-25","2025","202505239761720258"
"H6CA40366","MENDEZ, CHRISTIAN","Democratic Party","DEM","House","H","California","CA","40","COSTA MESA","CA","92628","2026","23-MAY-25","2025","202505239761679380"
"H6TX35038","PENA, LAUREN B.","Republican Party","REP","House","H","Texas","TX","35","AUSTIN","TX","78702","2026","23-MAY-25","2025","202505239761679386"
"H6CA41299","TATE, TIFFANIE","Democratic Party","DEM","House","H","California","CA","41","RIVERSIDE","CA","92513","2026","23-MAY-25","2025","202505239761680038"
"H6VA09102","MURPHY, ADAM","Democratic Party","DEM","House","H","Virginia","VA","09","ROANOKE","VA","24018","2026","23-MAY-25","2025","202505239761680079"
"H6FL22107","DOYLE, VICTORIA JANE BOKER","Democratic Party","DEM","House","H","Florida","FL","22","LAKE WORTH BEACH","FL","33460","2026","23-MAY-25","2025","202505239761680085"
"H6MD06279","BURNETT, CHRISTOPHER MICHAEL","Republican Party","REP","House","H","Maryland","MD","06","GAITHERSBURG","MD","20878","2026","23-MAY-25","2025","202505239761680127"
"H4TX23138","LIMON, SANTOS M.","Democratic Party","DEM","House","H","Texas","TX","23","SAN ANTONIO","TX","78245","2026","22-MAY-25","2025","202505229761571061"
"H6NC11222","DAVIS, MORRIS D. COL.","Democratic Party","DEM","House","H","North Carolina","NC","11","ASHEVILLE","NC","28814","2026","22-MAY-25","2025","202505229761570997"
"H6MI02208","HILL, JAMIE","Democratic Party","DEM","House","H","Michigan","MI","02","FREMONT","MI","49412","2026","22-MAY-25","2025","202505229761570992"
"H6NC13228","BARRINGER, PAUL","Democratic Party","DEM","House","H","North Carolina","NC","13","SANFORD","NC","27331","2026","22-MAY-25","2025","202505229761570290"
"S6SC04239","ANDREWS, ANNIE","Democratic Party","DEM","Senate","S","South Carolina","SC","00","CHARLESTON","SC","29413","2026","22-MAY-25","2025","202505229761570217"
"H6ID02225","WILEY, JULIE MARISA","Democratic Party","DEM","House","H","Idaho","ID","02","BOISE","ID","83703","2026","22-MAY-25","2025","202505229761678790"
"H6VA11108","HEADRICK, NATHAN","Republican Party","REP","House","H","Virginia","VA","11","GREAT FALLS","VA","22066","2026","21-MAY-25","2025","202505219761569352"
"H6OK02266","TERWEY, ERIK","Democratic Party","DEM","House","H","Oklahoma","OK","02","BARTLESVILLE","OK","74003","2026","21-MAY-25","2025","202505219761570206"
"H6VA11116","AISEN, JOSHUA","Democratic Party","DEM","House","H","Virginia","VA","11","SPRINGFIELD","VA","22152","2025","21-MAY-25","2025","202505219761569488"
"H6FL15184","ENGELL, JOSE","Democratic Party","DEM","House","H","Florida","FL","15","TAMPA","FL","33624","2026","21-MAY-25","2025","202505219761569431"
"H6VA08252","SABIO, TONY","Republican Party","REP","House","H","Virginia","VA","08","ALEXANDRIA","VA","22314","2026","21-MAY-25","2025","202505219761569426"
"H6CT03178","LANCIA, CHRISTOPHER JOHN MR.","Republican Party","REP","House","H","Connecticut","CT","03","MILFORD","CT","06460","2026","21-MAY-25","2025","202505219761569364"
"H6IL07354","FORD, LA SHAWN K","Democratic Party","DEM","House","H","Illinois","IL","07","CHICAGO","IL","60644","2026","21-MAY-25","2025","202505219761569249"
"H6VA11090","TAMIRISA, CHANDRASHEKAR APPARAO SRINIVAS MR","Independent","IND","House","H","Virginia","VA","11","OAKTON","VA","22124","2025","21-MAY-25","2025","202505219761569114"
"H6CA41281","DIXIT, ANUJ","Democratic Party","DEM","House","H","California","CA","41","CORONA","CA","92877","2026","21-MAY-25","2025","202505219761569099"
"H6FL11225","HARMON, ANTONETTE","Republican Party","REP","House","H","Florida","FL","11","ORANGE PARK","FL","32065","2026","21-MAY-25","2025","202505219761569094"
"H6AZ07154","MALVIDO, JOSE LUIS M JR","Democratic Party","DEM","House","H","Arizona","AZ","07","AJO","AZ","85321","2025","21-MAY-25","2025","202505219761569064"
"H6CA35135","HORVATH, MICHAEL","Republican Party","REP","House","H","California","CA","35","ONTARIO","CA","91761","2026","21-MAY-25","2025","202505219761569005"
"H6CO08047","BIRD, SHANNON KATHLEEN","Democratic Party","DEM","House","H","Colorado","CO","08","WESTMINSTER","CO","80035","2026","20-MAY-25","2025","202505209761415063"
"H6TX04133","GONZALES, BRICE","Democratic Party","DEM","House","H","Texas","TX","04","FRISCO","TX","75035","2026","20-MAY-25","2025","202505209761561351"
"H6CO03220","DOSTER, KYLE","Democratic Party","DEM","House","H","Colorado","CO","03","GRAND JUNCTION","CO","81501","2026","20-MAY-25","2025","202505209761568921"
"H8WI01123","BRYCE, RANDY","Democratic Party","DEM","House","H","Wisconsin","WI","01","RACINE","WI","53401","2026","20-MAY-25","2025","202505209761428758"
"H4TX18153","MARTIN, ISAIAH MR.","Democratic Party","DEM","House","H","Texas","TX","18","HOUSTON","TX","77001","2025","20-MAY-25","2025","202505209761415068"
"H6CA38121","ADAMS-FALCONER, THOMAS MICHAEL JR.","Democratic Party","DEM","House","H","California","CA","38","DIAMOND BAR","CA","91765","2026","20-MAY-25","2025","202505209761561350"
"H6OH05105","KELLEY, ERICA ELIZABETH MRS","Republican Party","REP","House","H","Ohio","OH","05","COLUMBUS GROVE","OH","45830","2026","19-MAY-25","2025","202505199761341368"
"H6OH11178","LIGHT, DAVID","Democratic Party","DEM","House","H","Ohio","OH","11","MAYFIELD HEIGHTS","OH","44124","2026","19-MAY-25","2025","202505199761381313"
"H6SC02134","PRUITT, ROGER KEITH","Democratic Party","DEM","House","H","South Carolina","SC","02","IRMO","SC","29063","2026","19-MAY-25","2025","202505199761362856"
"H4NV04108","FLIPPO, DAVID","Republican Party","REP","House","H","Nevada","NV","04","LAS VEGAS","NV","89117","2026","19-MAY-25","2025","202505199761400821"
"H6NC11214","BRIARWOOD, ZELDA","Democratic Party","DEM","House","H","North Carolina","NC","11","CANTON","NC","28716","2026","19-MAY-25","2025","202505199761381424"
"H6TX25229","OTOOLE, STEPHEN CHARLES","Democratic Party","DEM","House","H","Texas","TX","25","ARLINGTON","TX","76016","2026","19-MAY-25","2025","202505199761381419"
"S6IL00524","PALMER, ROBERT A MR","Democratic Party","DEM","Senate","S","Illinois","IL","00","CHICAGO","IL","60643","2026","18-MAY-25","2025","202505189761339497"
"H6CA07159","MORIN, ROBERT","Democratic Party","DEM","House","H","California","CA","07","SACRAMENTO","CA","95816","2026","18-MAY-25","2025","202505189761339498"
"H6FL08262","ACEVEDO-CALVERT, DAPHNEY ROSARIO MRS.","Republican Party","REP","House","H","Florida","FL","08","PALMETTO BAY","FL","33157","2025","17-MAY-25","2025","202505179761339093"
"H6IL14160","DAVIS, JED","Republican Party","REP","House","H","Illinois","IL","14","NEWARK","IL","60541","2026","17-MAY-25","2025","202505179761339124"
"H6KY01169","WILLIAMS, JOHN ANDREW","Democratic Party","DEM","House","H","Kentucky","KY","01","BENTON","KY","42025","2026","17-MAY-25","2025","202505179761339098"
"H6TX35020","KRAUSE, RYAN P","Republican Party","REP","House","H","Texas","TX","35","NEW BRAUNFELS","TX","78131","2026","17-MAY-25","2025","202505179761338592"
"P60024304","SUNDAY, DAVE","Green Party","GRE","President","P","Pennsylvania","PA","00","PHILADELPHIA","PA","19120","2025","17-MAY-25","2025","202505179761338558"
"S6IL00490","CAPPARELLI, R CARY","Republican Party","REP","Senate","S","Illinois","IL","00","CHICAGO","IL","60618","2026","17-MAY-25","2025","202505179761339005"
"S6TN00323","MIXON, ANDREW WOODRUFF MR","Independent","IND","Senate","S","Tennessee","TN","00","KNOXVILLE","TN","37918","2026","17-MAY-25","2025","202505179761339021"
"H6VA11082","BENNETT, CANDICE","Democratic Party","DEM","House","H","Virginia","VA","11","LORTON","VA","22079","2026","17-MAY-25","2025","202505179761339028"
"H6TX24172","BURGE, KEVIN BERYL","Democratic Party","DEM","House","H","Texas","TX","24","NORTH RICHLAND HILLS","TX","76182","2026","16-MAY-25","2025","202505169761338537"
"H6CO05308","HOROWITZ, ZURIT ZURIEL","Democratic Party","DEM","House","H","Colorado","CO","05","COLORADO SPRINGS","CO","80904","2026","16-MAY-25","2025","202505169761334899"
"H6FL15176","ENGELL, JOSE","Democratic Party","DEM","House","H","Florida","FL","15","TAMPA","FL","33624","2026","16-MAY-25","2025","202505169761335069"
"S6VA00150","REYNOLDS, JASON","Democratic Party","DEM","Senate","S","Virginia","VA","00","FREDERICKSBURG","VA","22405","2026","16-MAY-25","2025","202505169761335750"
"H6TX34056","MORALES, MARIO ALBERTO","Republican Party","REP","House","H","Texas","TX","34","BROWNSVILLE","TX","78523","2026","16-MAY-25","2025","202505169761334483"
"H6CA32181","ISHII, ORISSA MRS.","Democratic Party","DEM","House","H","California","CA","32","NORTHRIDGE","CA","91325","2026","16-MAY-25","2025","202505169761333280"
"H6FL17065","SPENCE, ALLEN L JR","Democratic Party","DEM","House","H","Florida","FL","17","BABCOCK RANCH","FL","33982","2026","16-MAY-25","2025","202505169761327356"
"P60024296","PALMER, CHASE LOGAN MISTER 1ST","OWN","OWN","President","P","United States","00","00","KNOXVILLE","TN","37919","2025","16-MAY-25","2025","202505169761337978"
"H6GA01083","FARRELL, PATRICK K.","Republican Party","REP","House","H","Georgia","GA","01","SAVANNAH","GA","31411","2026","15-MAY-25","2025","202505159761327178"
"H6IL02306","REGIS, ADAL","Democratic Party","DEM","House","H","Illinois","IL","02","CHICAGO","IL","60615","2026","15-MAY-25","2025","202505159761311690"
"H6IL09228","BISS, DANIEL","Democratic Party","DEM","House","H","Illinois","IL","09","EVANSTON","IL","60201","2026","15-MAY-25","2025","202505159761312734"
"H6MN02255","KISTNER, TYLER","Republican Party","REP","House","H","Minnesota","MN","02","SAVAGE","MN","55378","2026","15-MAY-25","2025","202505159761313127"
"H6TX34049","ALLEN, KEITH","Republican Party","REP","House","H","Texas","TX","34","MISSION","TX","78572","2026","15-MAY-25","2025","202505159761319031"
"H6IL10168","COGHILL, MORGAN","Democratic Party","DEM","House","H","Illinois","IL","10","MUNDELEIN","IL","60060","2026","15-MAY-25","2025","202505159761320112"
"P60024288","SAIDE, AHMAD","GOO","GOO","President","P","United States","00","00","NEW YORK","NY","10001","2025","15-MAY-25","2025","202505159761326524"
"H6IL02322","FRANCE, ERIC","Democratic Party","DEM","House","H","Illinois","IL","02","LYNWOOD","IL","60411","2026","15-MAY-25","2025","202505150300504354"
"H6TX10171","COLEMAN, TAYHLOR","Democratic Party","DEM","House","H","Texas","TX","10","CHAPPELL HILL","TX","77426","2026","14-MAY-25","2025","202505149761183152"
"H6IL08253","BANKOLE, YASMEEN","Democratic Party","DEM","House","H","Illinois","IL","08","SCHAUMBURG","IL","60168","2026","14-MAY-25","2025","202505149761183421"
"H6WA03267","BARRAN, ANTONY","Republican Party","REP","House","H","Washington","WA","03","OCEAN PARK","WA","98640","2026","14-MAY-25","2025","202505149761189715"
"H6CO04210","THORNTON, WAYNE M","Independent","IND","House","H","Colorado","CO","04","AURORA","CO","80018","2026","14-MAY-25","2025","202505149761191065"
"H4FL09190","CARTER, GREGORY MARCUS MR","Republican Party","REP","House","H","Florida","FL","09","KISSIMMEE","FL","34741","2026","14-MAY-25","2025","202505149761311683"
"H6ME01264","DUPREY, JOSHUA JAMES","Republican Party","REP","House","H","Maine","ME","01","WATERVILLE","ME","04901","2026","14-MAY-25","2025","202505149761195365"
"H6IL09210","SU, DONGBO MARK","Republican Party","REP","House","H","Illinois","IL","09","CHICAGO","IL","60645","2026","14-MAY-25","2025","202505149761198511"
"H6NC06149","HAGER, JOSHUA ISAAC","No Party Affiliation","NPA","House","H","North Carolina","NC","06","SALISBURY","NC","28147","2026","14-MAY-25","2025","202505149761311684"
"H6TX30187","HEISE, GREGOR HEINRICH","Republican Party","REP","House","H","Texas","TX","30","NORTH RICHLAND HILLS","TX","76180","2026","14-MAY-25","2025","202505149761192564"
"H6AR01122","BAKER, SAMUEL GOODMAN MR","Democratic Party","DEM","House","H","Arkansas","AR","01","JONESBORO","AR","72401","2026","13-MAY-25","2025","202505139761180037"
"H6NJ07243","ADUBATO, BETH ELLEN PH.D.","Democratic Party","DEM","House","H","New Jersey","NJ","07","NEW PROVIDENCE","NJ","07974","2026","13-MAY-25","2025","202505139761179232"
"H6OH06160","RITCHIE, MALCOM","Democratic Party","DEM","House","H","Ohio","OH","06","DOVER","OH","44622","2026","13-MAY-25","2025","202505139761178284"
"H6CA05377","MASUDA, MICHAEL","Democratic Party","DEM","House","H","California","CA","05","SACRAMENTO","CA","95841","2026","13-MAY-25","2025","202505139761177575"
"H6GA12049","BRANUM, TORI","Republican Party","REP","House","H","Georgia","GA","12","DUBLIN","GA","31021","2026","13-MAY-25","2025","202505139761177375"
"H6IL08246","DUNUNG, SANJYOT","Democratic Party","DEM","House","H","Illinois","IL","08","DES PLAINES","IL","60016","2026","13-MAY-25","2025","202505139761177289"
"H6IL02298","PETERS, ROBERT JAMES","Democratic Party","DEM","House","H","Illinois","IL","02","CHICAGO","IL","60615","2026","13-MAY-25","2025","202505139760944633"
"H4FL27036","DAVEY, MICHAEL","Democratic Party","DEM","House","H","Florida","FL","27","TALLAHASSEE","FL","32314","2026","13-MAY-25","2025","202505139760944675"
"H6IL09202","JENKINS, MIRACLE","Democratic Party","DEM","House","H","Illinois","IL","09","CHICAGO","IL","60613","2026","13-MAY-25","2025","202505139761180820"
"H6VA11074","PEKARSKY, STELLA","Democratic Party","DEM","House","H","Virginia","VA","11","CENTREVILLE","VA","20120","2026","12-MAY-25","2025","202505129760937984"
"H6KY06150","STEVENSON, CHERLYNN","Democratic Party","DEM","House","H","Kentucky","KY","06","LEXINGTON","KY","40509","2026","12-MAY-25","2025","202505129760937276"
"S6FL00723","CRUZ, PAUL RON","Democratic Party","DEM","Senate","S","Florida","FL","00","LAKELAND","FL","33801","2026","12-MAY-25","2025","202505129760921142"
"S6MI00459","TATE, JOSEPH ALLEN","Democratic Party","DEM","Senate","S","Michigan","MI","00","DETROIT","MI","48215","2026","12-MAY-25","2025","202505129760919865"
"H6FL14138","LIONHEART, AMARO","Republican Party","REP","House","H","Florida","FL","13","CLEARWATER","FL","33759","2026","12-MAY-25","2025","202505129760930830"
"H6IL08238","MORRISON, KEVIN B.","Democratic Party","DEM","House","H","Illinois","IL","08","SCHAUMBURG","IL","60159","2026","12-MAY-25","2025","202505129760937281"
"H4IL08159","RICE, MARK","Republican Party","REP","House","H","Illinois","IL","08","CHICAGO","IL","60610","2026","12-MAY-25","2025","202505129760920286"
"H6NY17205","PHILLIPS-STALEY, EFFIE","Democratic Party","DEM","House","H","New York","NY","17","TARRYTOWN","NY","10591","2026","12-MAY-25","2025","202505129760920285"
"H6FL16117","HARRIS, JONATHAN","Democratic Party","DEM","House","H","Florida","FL","16","RIVERVIEW","FL","33578","2026","12-MAY-25","2025","202505129760920089"
"S6GA00382","KING, JOHN","Republican Party","REP","Senate","S","Georgia","GA","00","ATLANTA","GA","30355","2026","12-MAY-25","2025","202505129760919874"
"H4IN03182","GOSS, PHIL","Democratic Party","DEM","House","H","Indiana","IN","03","FORT WAYNE","IN","46809","2026","12-MAY-25","2025","202505129760919869"
"H2WA03134","HENNRICH, BRENT WILLIAM","Democratic Party","DEM","House","H","Washington","WA","03","VANCOUVER","WA","98682","2026","11-MAY-25","2025","202505119760919431"
"H6AZ09085","STERBINSKY, DANIELLE","Democratic Party","DEM","House","H","Arizona","AZ","09","WITTMANN","AZ","85361","2026","10-MAY-25","2025","202505109760919378"
"H4SC02089","ROBINSON, ROGER DAVID JR","Democratic Party","DEM","House","H","South Carolina","SC","02","COLUMBIA","SC","29229","2026","10-MAY-25","2025","202505109760919351"
"H6OR02207","KNIGHT, MITCHEL IAN","Democratic Party","DEM","House","H","Oregon","OR","02","SALEM","OR","97301","2026","10-MAY-25","2025","202505109760919283"
"H6IL01191","MAXWELL, CHRISTIAN","Republican Party","REP","House","H","Illinois","IL","01","CHICAGO","IL","60637","2026","09-MAY-25","2025","202505099760910749"
"H4CA06156","RIEHLE, RAYMOND","Republican Party","REP","House","H","California","CA","06","CITRUS HEIGHTS","CA","95621","2026","09-MAY-25","2025","202505099760911474"
"H6MN07320","ADAMS, JARED","Democratic-Farmer-Labor","DFL","House","H","Minnesota","MN","07","MOORHEAD","MN","56561","2026","09-MAY-25","2025","202505099760912876"
"H2GA03120","LESTER, JOE NATHAN","Democratic Party","DEM","House","H","Georgia","GA","13","CONYERS","GA","30013","2026","09-MAY-25","2025","202505099760913057"
"S6GA00374","CARTER, EARL LEROY","Republican Party","REP","Senate","S","Georgia","GA","00","SAINT SIMONS","GA","31322","2026","09-MAY-25","2025","202505099760907387"
"H2FL13139","SCHNEIDER, JAN","Democratic Party","DEM","House","H","Florida","FL","16","SARASOTA","FL","34236","2026","09-MAY-25","2025","202505090300504291"
"H6FL27056","LAMONDIN, RICHARD","Democratic Party","DEM","House","H","Florida","FL","27","WASHINGTON","DC","20005","2026","09-MAY-25","2025","202505099760907989"
"H6UT02424","LARSEN, JONATHAN","Democratic Party","DEM","House","H","Utah","UT","02","WEST JORDAN","UT","84084","2026","09-MAY-25","2025","202505099760907464"
"H6TX01311","ANDRUS, TRACY DR.","Democratic Party","DEM","House","H","Texas","TX","01","MARSHALL","TX","75670","2026","09-MAY-25","2025","202505099760915569"
"H4IL11245","KIM, CHARLES","Republican Party","REP","House","H","Illinois","IL","11","NAPERVILLE","IL","60564","2026","08-MAY-25","2025","202505089760842830"
"H6IA03276","KONFRST, JENNIFER","Democratic Party","DEM","House","H","Iowa","IA","03","WINDSOR HEIGHTS","IA","50324","2026","08-MAY-25","2025","202505089760316076"
"S6GA00366","CLEMENT, CHRISTINA LOREN REV DR TRUSTEE","Republican Party","REP","Senate","S","Georgia","GA","00","DOVER","DE","19901","2026","08-MAY-25","2025","202505089760346133"
"H6PA03187","TOLDENS, ROBIN J MS.","Democratic Party","DEM","House","H","Pennsylvania","PA","03","PHILADELPHIA","PA","19132","2026","08-MAY-25","2025","202505089760842850"
"H6TN05363","NEAL, JOYCE ELAINE ED.D.","Democratic Party","DEM","House","H","Tennessee","TN","05","ANTIOCH","TN","37013","2026","08-MAY-25","2025","202505089760906925"
"H6MI11191","MOSS, JEREMY","Democratic Party","DEM","House","H","Michigan","MI","11","BLOOMFIELD HILLS","MI","48302","2026","08-MAY-25","2025","202505089760357194"
"S6IL00482","KRISHNAMOORTHI, S RAJA","Democratic Party","DEM","Senate","S","Illinois","IL","00","CHICAGO","IL","60611","2026","07-MAY-25","2025","202505079759048101"
"H6MA08307","ROATH, PATRICK THOMAS","Democratic Party","DEM","House","H","Massachusetts","MA","08","JAMAICA PLAIN","MA","02130","2026","07-MAY-25","2025","202505079759048062"
"H6NE02182","ARGYRAKIS, EVANGELOS 'VAN'","Democratic Party","DEM","House","H","Nebraska","NE","02","OMAHA","NE","681051906","2026","07-MAY-25","2025","202505070300504279"
"H6CA48278","NASH, BRIAN L","Democratic Party","DEM","House","H","California","CA","48","MURRIETA","CA","92562","2026","07-MAY-25","2025","202505079760064006"
"H6FL02281","ZATESLO, NICHOLAS","Democratic Party","DEM","House","H","Florida","FL","02","TALLAHASSEE","FL","32309","2026","07-MAY-25","2025","202505079760315016"
"H4GA08125","WATKINS, VINSON L MR","Democratic Party","DEM","House","H","Georgia","GA","08","TIFTON","GA","31794","2026","07-MAY-25","2025","202505079760063641"
"S6NY00458","KOHLER, JOSEPH ANTHONY","Democratic Party","DEM","Senate","S","New York","NY","00","LINDENHURST","NY","11757","2026","07-MAY-25","2025","202505079760316061"
"H6CA01236","STEWART, CASEY","Democratic Party","DEM","House","H","California","CA","01","RANCHO CORDOVA","CA","95742","2025","07-MAY-25","2025","202505079760052544"
"H6IL08220","WENTZEL, JOSEPH MR.","Democratic Party","DEM","House","H","Illinois","IL","08","HANOVER PARK","IL","60133","2026","07-MAY-25","2025","202505079760052479"
"H6NY14269","RIVERA-DIAZ, ARIEL","Republican Party","REP","House","H","New York","NY","14","ANNAPOLIS","MD","21401","2026","07-MAY-25","2025","202505079759055002"
"S6NY00441","KOHLER, JOSEPH ANTHONY","Democratic Party","DEM","Senate","S","New York","NY","00","LINDENHURST","NY","11757","2026","07-MAY-25","2025","202505079760316059"
"H4CO04280","CALVARESE, TRISHA","Democratic Party","DEM","House","H","Colorado","CO","04","HIGHLANDS RANCH","CO","80126","2026","06-MAY-25","2025","202505069759036149"
"H6TX25211","MARKS, WILLIAM JAMES","Democratic Party","DEM","House","H","Texas","TX","25","ARLINGTON","TX","76001","2026","06-MAY-25","2025","202505069759036330"
"H6VA11066","WALKINSHAW, JAMES","Democratic Party","DEM","House","H","Virginia","VA","11","MERRIFIELD","VA","22116","2026","06-MAY-25","2025","202505069759036183"
"H6IL09194","FINE, LAURA","Democratic Party","DEM","House","H","Illinois","IL","09","NORTHBROOK","IL","60062","2026","06-MAY-25","2025","202505069759035657"
"H6FL07173","WIDMANN, NOAH","Democratic Party","DEM","House","H","Florida","FL","07","WINTER PARK","FL","32792","2026","06-MAY-25","2025","202505069759035651"
"S6IL00474","KELLY, ROBIN","Democratic Party","DEM","Senate","S","Illinois","IL","00","CHICAGO","IL","60610","2026","06-MAY-25","2025","202505069759035600"
"H6MN02248","KLEIN, MATTHEW DAVID","Democratic Party","DEM","House","H","Minnesota","MN","02","WEST ST. PAUL","MN","55118","2026","06-MAY-25","2025","202505069759035447"
"H4TX38011","MCDONOUGH, MELISSA A","Democratic Party","DEM","House","H","Texas","TX","38","TOMBALL","TX","77377","2026","06-MAY-25","2025","202505069759036344"
"H6FL19145","PEDERSEN, MIKE","Republican Party","REP","House","H","Florida","FL","19","CAPE CORAL","FL","33914","2026","06-MAY-25","2025","202505069759036681"
"H6NM02119","ARAGON, EDDY","Republican Party","REP","House","H","New Mexico","NM","02","ALBUQUERQUE","NM","87106","2026","06-MAY-25","2025","202505069759036962"
"H6IL02280","COLEMAN, CALVIN L","Independence Party","IDP","House","H","Illinois","IL","02","DWIGHT","IL","60420","2026","06-MAY-25","2025","202505069759038600"
"H6TX30179","RODRIGUEZ, SAUL","Democratic Party","DEM","House","H","Texas","TX","30","DALLAS","TX","75202","2026","05-MAY-25","2025","202505059758927419"
"H6CO04202","LAUBACHER, EILEEN","Democratic Party","DEM","House","H","Colorado","CO","04","HIGHLANDS RANCH","CO","80129","2026","05-MAY-25","2025","202505059759034091"
"H6KY04148","BREWER, JESSE RUSSELL MR.","Democratic Party","DEM","House","H","Kentucky","KY","04","VILLA HILLS","KY","41017","2026","05-MAY-25","2025","202505059758927433"
"H6AZ07147","HARRIS, PATRICK MR SR","Democratic Party","DEM","House","H","Arizona","AZ","07","SCOTTSDALE","AZ","85255","2025","05-MAY-25","2025","202505059759032288"
"H0NC03172","MURPHY, GREGORY FRANCIS DR.","Republican Party","REP","House","H","North Carolina","NC","03","GREENVILLE","NC","27835","2026","05-MAY-25","2025","202505059759022079"
"H6IL07347","MCCOMBS, JOHN","Democratic Party","DEM","House","H","Illinois","IL","07","CHICAGO","IL","60647","2026","05-MAY-25","2025","202505059758927438"
"H6IL11158","BROWN, TEDORA M.","Republican Party","REP","House","H","Illinois","IL","11","PALOS PARK","IL","60464","2026","05-MAY-25","2025","202505059759021193"
"H6TX02244","BONCK, JON","Republican Party","REP","House","H","Texas","TX","02","SPRING","TX","77389","2026","05-MAY-25","2025","202505059758968059"
"H4WI05115","STEINHOFF, BEN","Democratic Party","DEM","House","H","Wisconsin","WI","05","PEWAUKEE","WI","53072","2026","05-MAY-25","2025","202505059758927738"
"H6TX18356","ROGERS, CORISHA","Democratic Party","DEM","House","H","Texas","TX","18","HOUSTON","TX","77021","2025","05-MAY-25","2025","202505059758927475"
"H4FL28042","EHR, PHIL","Democratic Party","DEM","House","H","Florida","FL","28","TALLAHASSEE","FL","32314","2026","05-MAY-25","2025","202505059759021305"
"H6ME02148","LEPAGE, PAUL","Republican Party","REP","House","H","Maine","ME","02","AUGUSTA","ME","04332","2026","04-MAY-25","2025","202505049758927036"
"H6FL04196","SHERARD, RONALD EDGAR MR. III","No Party Affiliation","NPA","House","H","Florida","FL","04","MIDDLEBURG","FL","32068","2026","04-MAY-25","2025","202505049758926293"
"H6IA03268","TRONE GARRIOTT, SARAH","Democratic Party","DEM","House","H","Iowa","IA","03","WEST DES MOINES","IA","50266","2026","04-MAY-25","2025","202505049758926298"
"H6FL06282","BANGDIWALA, PURVA","No Party Affiliation","NPA","House","H","Florida","FL","06","ORMOND BEACH","FL","32175","2026","03-MAY-25","2025","202505039758922883"
"S6IL00466","CHLEBEK, CASIMER MR.","Republican Party","REP","Senate","S","Illinois","IL","00","LAKE FOREST","IL","60045","2026","02-MAY-25","2025","202505029758922502"
"H6GA13062","BLAIR, EVERTON","Democratic Party","DEM","House","H","Georgia","GA","13","STONE MOUNTAIN","GA","30087","2026","02-MAY-25","2025","202505029758922470"
"H6CA40358","AHMED, CHRISTIAN TYLER","Independent","IND","House","H","California","CA","40","FULLERTON","CA","92831","2026","02-MAY-25","2025","202505029758908689"
"H6PA07154","OBANDO-DERSTINE, CAROL","Democratic Party","DEM","House","H","Pennsylvania","PA","07","ALLENTOWN","PA","18105","2026","01-MAY-25","2025","202505019758903935"
"H6NE02174","POWELL, DENISE","Democratic Party","DEM","House","H","Nebraska","NE","02","OMAHA","NE","68106","2026","01-MAY-25","2025","202505019758903926"
"H6IN09242","MEYER, BRADLEY ALLEN MR.","Democratic Party","DEM","House","H","Indiana","IN","09","BLOOMINGTON","IN","47408","2026","01-MAY-25","2025","202505019758903925"
"S6OH00338","LAU, LYNNEA MS.","Democratic Party","DEM","Senate","S","Ohio","OH","00","TOLEDO","OH","43614","2026","01-MAY-25","2025","202505019758905618"
"H6GA09268","ALEX, NICHOLAS FRANCIS MR.","Democratic Party","DEM","House","H","Georgia","GA","09","CLAYTON","GA","30525","2026","01-MAY-25","2025","202505019758904613"
"H6MN02230","LITTLE, MATT","Democratic-Farmer-Labor","DFL","House","H","Minnesota","MN","02","LAKEVILLE","MN","55044","2026","30-APR-25","2025","202504309758895333"
"H6MI10292","CHUNG, ERIC","Democratic Party","DEM","House","H","Michigan","MI","10","STERLING HEIGHTS","MI","48311","2026","30-APR-25","2025","202504309758895338"
"H4VA11129","VAN METER, MICHAEL LEWIS","Republican Party","REP","House","H","Virginia","VA","11","SPRINGFIELD","VA","22150","2026","30-APR-25","2025","202504309758903341"
"S6MA00254","RIKLEEN, ALEXANDER","Democratic Party","DEM","Senate","S","Massachusetts","MA","00","ACTON","MA","01720","2026","30-APR-25","2025","202504309758901686"
"H6IL08212","KHOT, NEIL","Democratic Party","DEM","House","H","Illinois","IL","08","SCHAUMBURG","IL","60173","2026","30-APR-25","2025","202504309758902711"
"S6SD01125","BEAUDION, JULIAN C","Democratic Party","DEM","Senate","S","South Dakota","SD","00","SIOUX FALLS","SD","57104","2026","30-APR-25","2025","202504309758901544"
"S6MN00499","CRAIG, ANGIE","Democratic Party","DEM","Senate","S","Minnesota","MN","00","MINNEAPOLIS","MN","55458","2026","29-APR-25","2025","202504299757601278"
"H6ME01256","PIANTIDOSI, ANDREW","Republican Party","REP","House","H","Maine","ME","01","PORTLAND","ME","04104","2026","29-APR-25","2025","202504299757601355"
"H4CA14093","KRUTTIVENTI, VIN","Republican Party","REP","House","H","California","CA","13","PLEASANTON","CA","94588","2026","29-APR-25","2025","202504299757621144"
"H6CO03212","KELLOFF, ALEXANDER GEORGE","Democratic Party","DEM","House","H","Colorado","CO","03","SNOWMASS","CO","81654","2026","29-APR-25","2025","202504299758048108"
"H6OH11178","LIGHT, DAVID","Democratic Party","DEM","House","H","Ohio","OH","11","MAYFIELD HEIGHTS","OH","44124","2025","29-APR-25","2025","202504299758048102"
"H4TX30109","DANIELS, SHOLDON","Republican Party","REP","House","H","Texas","TX","30","DALLAS","TX","75201","2026","29-APR-25","2025","202504299758048107"
"H6CA34302","DIXON, ARTHUR","Democratic Party","DEM","House","H","California","CA","34","LOS ANGELES","CA","90006","2026","29-APR-25","2025","202504299758047791"
"H6CA11243","HELTON, DARREN WAYNE","Democratic Party","DEM","House","H","California","CA","11","SAN FRANCISCO","CA","94118","2026","28-APR-25","2025","202504289757600292"
"H6NC11206","HARJES, CHRISTOPHER JOHN","Democratic Party","DEM","House","H","North Carolina","NC","11","ASHEVILLE","NC","28806","2026","28-APR-25","2025","202504289757600316"
"H6TX18349","ANDERSON, REYNA","Other","OTH","House","H","Texas","TX","18","HOUSTON","TX","77077","2025","28-APR-25","2025","202504289756408777"
"H6FL07165","KINTER, MARIALANA","Democratic Party","DEM","House","H","Florida","FL","07","OVIEDO","FL","32762","2026","28-APR-25","2025","202504289756408803"
"S6SD01117","BENGS, BRIAN","Independent","IND","Senate","S","South Dakota","SD","00","HOT SPRINGS","SD","57747","2026","28-APR-25","2025","202504289756408849"
"H6MN02222","STEFANKO, MICHAEL","Democratic-Farmer-Labor","DFL","House","H","Minnesota","MN","02","ROSEMOUNT","MN","55068","2026","28-APR-25","2025","202504289756410166"
"H6MI13254","MCKINNEY, DONAVAN","Democratic Party","DEM","House","H","Michigan","MI","13","DETROIT","MI","48244","2026","28-APR-25","2025","202504289756408761"
"H6CA23271","ALONZO, EDWIN","Democratic Party","DEM","House","H","California","CA","23","VICTORVILLE","CA","92392","2026","28-APR-25","2025","202504289756412961"
"S6MN00481","SIMONETTI, MARISA","Non-Party","NON","Senate","S","Minnesota","MN","00","EDINA","MN","55346","2026","28-APR-25","2025","202504289757600274"
"H6AZ06149","BUMA, JOHNATHAN CURTIS","Democratic Party","DEM","House","H","Arizona","AZ","06","PRESCOTT","AZ","86303","2026","28-APR-25","2025","202504289757600276"
"S6MI00442","CHRISTENSEN, LYDIA LYNN","Independent","IND","Senate","S","Michigan","MI","00","IRONWOOD","MI","49938","2026","28-APR-25","2025","202504289756408752"
"H6IN05281","AMYX, WILLIAM KORY","Democratic Party","DEM","House","H","Indiana","IN","05","YORKTOWN","IN","46055","2026","28-APR-25","2025","202504289756408753"
"H6MI07249","PRIEDITIS, ALEXANDRA MICHELE MS.","Independent","IND","House","H","Michigan","MI","07","MILFORD","MI","48381","2026","28-APR-25","2025","202504289756412420"
"H6CA43147","GEIGER, CRAIG","Republican Party","REP","House","H","California","CA","43","LOS ANGELES","CA","90059","2025","27-APR-25","2025","202504279756408442"
"H6CA34294","LUCERO, ROB","Democratic Party","DEM","House","H","California","CA","34","LOS ANGELES","CA","90041","2026","27-APR-25","2025","202504279756408586"
"H2HI02128","CASE, EDWARD","Democratic Party","DEM","House","H","Hawaii","HI","01","HONOLULU","HI","96802","2026","27-APR-25","2025","202504279756408443"
"S6MI00434","SCOTT, GENEVIEVE","Republican Party","REP","Senate","S","Michigan","MI","00","ROYAL OAK","MI","48068","2026","26-APR-25","2025","202504269756408370"
"H2TX00064","SELF, KEITH ALAN","Republican Party","REP","House","H","Texas","TX","03","MCKINNEY","TX","75071","2026","25-APR-25","2025","202504259756407132"
"H6WI05136","BECK, ANDREW","Democratic Party","DEM","House","H","Wisconsin","WI","05","WEST BEND","WI","53095","2026","25-APR-25","2025","202504259756406422"
"H6SC05178","HARPER, ALEX","Democratic Party","DEM","House","H","South Carolina","SC","05","ROCK HILL","SC","29730","2026","25-APR-25","2025","202504259756407778"
"H4CA20181","FONG, VINCE","Republican Party","REP","House","H","California","CA","20","BAKERSFIELD","CA","93389","2026","25-APR-25","2025","202504259756407311"
"S6FL00715","STEVENS, DENNIS GENE MR","Democratic Party","DEM","Senate","S","Florida","FL","00","GAINESVILLE","FL","32608","2026","25-APR-25","2025","202504259756406574"
"S6WY00191","SKOVGARD, JIMMY MR","Republican Party","REP","Senate","S","Wyoming","WY","00","CASPER","WY","82604","2026","24-APR-25","2025","202504249756391715"
"H6GA11090","LAMINACK, MITCHELL","Democratic Party","DEM","House","H","Georgia","GA","11","KENNESAW","GA","30152","2026","24-APR-25","2025","202504249756391819"
"H6PA09119","BROTHERS, JENNIFER M","Democratic Party","DEM","House","H","Pennsylvania","PA","09","LACEYVILLE","PA","18623","2026","24-APR-25","2025","202504249756391844"
"H0KY05015","ROGERS, HAROLD DALLAS","Republican Party","REP","House","H","Kentucky","KY","05","SOMERSET","KY","42502","2026","24-APR-25","2025","202504249756391878"
"H6WI06142","WOJCIECHOWSKI, AARON MICHAEL","Democratic Party","DEM","House","H","Wisconsin","WI","06","OSHKOSH","WI","54901","2026","24-APR-25","2025","202504249756391937"
"H6NC08186","CLARK, KEVIN ROY","Democratic Party","DEM","House","H","North Carolina","NC","08","ROCKINGHHAM","NC","28379","2026","24-APR-25","2025","202504249756389508"
"S6FL00707","STEVENS, DENNIS GENE MR","Democratic Party","DEM","Senate","S","Florida","FL","00","GAINESVILLE","FL","32608","2026","24-APR-25","2025","202504249756388664"
"H6RI01146","CURIOSO, WILFRED MR","Independent","IND","House","H","Rhode Island","RI","01","BARRINGTON","RI","02806","2026","24-APR-25","2025","202504249756388955"
"H6NV03220","ANDERSON, TERA","Republican Party","REP","House","H","Nevada","NV","03","LAS VEGAS","NV","89117","2026","24-APR-25","2025","202504249756388960"
"H6OH09115","NADEEM, ALEA","Republican Party","REP","House","H","Ohio","OH","09","TOLEDO","OH","43606","2026","24-APR-25","2025","202504249756389393"
"S2FL00581","GRAYSON, ALAN MARK","Democratic Party","DEM","Senate","S","Florida","FL","00","INDIALANTIC","FL","329033054","2026","24-APR-25","2025","202504249756389417"
"S6IL00458","STRATTON, JULIANA","Democratic Party","DEM","Senate","S","Illinois","IL","00","CHICAGO","IL","60690","2026","24-APR-25","2025","202504249756388577"
"H6TX02236","PLUMB, NICHOLAS LEE MR.","Republican Party","REP","House","H","Texas","TX","02","HOUSTON","TX","77069","2026","23-APR-25","2025","202504239756384616"
"H6CA07142","LEE, ERICA","Democratic Party","DEM","House","H","California","CA","07","SACRAMENTO","CA","95817","2026","23-APR-25","2025","202504239756385444"
"H4NV03175","LONDON, STEVEN","Republican Party","REP","House","H","Nevada","NV","03","LAS VEGAS","NV","89134","2026","23-APR-25","2025","202504239756386532"
"S6ME00332","WOOD, JORDAN","Democratic Party","DEM","Senate","S","Maine","ME","00","BRISTOL","ME","04539","2026","23-APR-25","2025","202504239756380370"
"S6KY00286","BARR, GARLAND ANDY","Republican Party","REP","Senate","S","Kentucky","KY","00","LEXINGTON","KY","40588","2026","23-APR-25","2025","202504239756380384"
"H2NC02253","ROBERSON, SANDY","Republican Party","REP","House","H","North Carolina","NC","01","RALEIGH","NC","27624","2026","23-APR-25","2025","202504239756380563"
"S6FL00699","GOULD, CHARLES AKA ALEX A","Democratic Party","DEM","Senate","S","Florida","FL","00","ST. PETERSBURG","FL","33702","2026","23-APR-25","2025","202504239756388571"
"H8OH12180","BALDERSON, WILLIAM TROY","Republican Party","REP","House","H","Ohio","OH","12","ZANESVILLE","OH","437011955","2026","23-APR-25","2025","202504239756382166"
"H6IL14152","VALENCIANO, ROMAN GAEL","Democratic Party","DEM","House","H","Illinois","IL","14","EARLVILLE","IL","60518","2026","23-APR-25","2025","202504239756382426"
"S6RI00270","BURBRIDGE, CONNOR","Democratic Party","DEM","Senate","S","Rhode Island","RI","00","PROVIDENCE","RI","02906","2026","23-APR-25","2025","202504239756382427"
"H6KY06143","DOTSON, RYAN","Republican Party","REP","House","H","Kentucky","KY","06","WINCHESTER","KY","40391","2026","23-APR-25","2025","202504239756382574"
"H6MD01320","SCHWARTZ, DANIEL","Democratic Party","DEM","House","H","Maryland","MD","01","ROYAL OAK","MD","21662","2026","23-APR-25","2025","202504239756383273"
"H8ID01124","FULCHER, RUSSELL","Republican Party","REP","House","H","Idaho","ID","01","MERIDIAN","ID","836801375","2026","23-APR-25","2025","202504239756388020"
"H6NE03180","STILLE, BECKY LYNN","Democratic Party","DEM","House","H","Nebraska","NE","03","SOUTH SIOUX CITY","NE","68776","2026","23-APR-25","2025","202504239756381805"
"H2MI08154","JAYE, BRIAN STEVEN","Democratic Party","DEM","House","H","Michigan","MI","10","ROCHESTER","MI","48307","2026","22-APR-25","2025","202504229756378215"
"S6OR05184","SKELTON, TIMOTHY WILLIAM","Republican Party","REP","Senate","S","Oregon","OR","00","SANDY","OR","97055","2026","22-APR-25","2025","202504229756378243"
"H6CO08039","ABRATE, DENIS CHARLES MR.","Democratic Party","DEM","House","H","Colorado","CO","08","THORNTON","CO","80229","2025","22-APR-25","2025","202504229756378340"
"H6IA01189","HILL, GRANT D","Republican Party","REP","House","H","Iowa","IA","01","KEOTA","IA","52248","2026","22-APR-25","2025","202504229756342162"
"S6MI00426","STEVENS, HALEY","Democratic Party","DEM","Senate","S","Michigan","MI","00","BIRMINGHAM","MI","48009","2026","22-APR-25","2025","202504229756342190"
"H6WI06134","BROWN, KELLY MX.","Democratic Party","DEM","House","H","Wisconsin","WI","06","JUNEAU","WI","53039","2026","22-APR-25","2025","202504229756377855"
"H6NY17197","SULLIVAN, JOHN","Democratic Party","DEM","House","H","New York","NY","17","PIERMONT","NY","10968","2026","22-APR-25","2025","202504229756342207"
"H6AZ05190","FEELY, THOMAS JAMES","Republican Party","REP","House","H","Arizona","AZ","05","GILBERT","AZ","85297","2026","22-APR-25","2025","202504229756342308"
"H6NV01307","MARCHANT, JIM","Republican Party","REP","House","H","Nevada","NV","01","LAS VEGAS","NV","89107","2026","22-APR-25","2025","202504229756375433"
"H6AZ06131","SEVERSON, SAMANTHA","Democratic Party","DEM","House","H","Arizona","AZ","06","TUCSON","AZ","85710","2026","22-APR-25","2025","202504229756375434"
"H6TX18331","CADORE, ZOE","Democratic Party","DEM","House","H","Texas","TX","18","HOUSTON","TX","77288","2025","22-APR-25","2025","202504229756342205"
"H6NE02166","JOHNSTON, MARK EDMUND","Democratic Party","DEM","House","H","Nebraska","NE","02","OMAHA","NE","68122","2026","21-APR-25","2025","202504219756338924"
"H2OK02315","BRECHEEN, JOSH","Republican Party","REP","House","H","Oklahoma","OK","02","DURANT","OK","74701","2026","21-APR-25","2025","202504219756339802"
"H2WA04165","SESSLER, JERROD","Republican Party","REP","House","H","Washington","WA","04","PROSSER","WA","99350","2026","21-APR-25","2025","202504219756341426"
"H6IL13162","BLAHA, DYLAN THOMAS","Democratic Party","DEM","House","H","Illinois","IL","13","URBANA","IL","61802","2026","21-APR-25","2025","202504219756342091"
"H6MN01208","SMITH, ANDY","Democratic-Farmer-Labor","DFL","House","H","Minnesota","MN","01","ROCHESTER","MN","55903","2026","21-APR-25","2025","202504219756338797"
"H6GA13054","MCKENZIE, RONALD","Democratic Party","DEM","House","H","Georgia","GA","13","JONESBORO","GA","30237","2026","21-APR-25","2025","202504219756342161"
"H6MI04196","HARRIS, DIOP JERMAINE MR II","Democratic Party","DEM","House","H","Michigan","MI","04","BATTLE CREEK","MI","49016","2026","21-APR-25","2025","202504219756338829"
"H6FL21042","PANDICH, ELIZABETH","Democratic Party","DEM","House","H","Florida","FL","21","WELLINGTON","FL","33414","2026","21-APR-25","2025","202504219756338830"
"H2SC02059","WILSON, JOE THE HON.","Republican Party","REP","House","H","South Carolina","SC","02","WEST COLUMBIA","SC","291712145","2026","21-APR-25","2025","202504219756338917"
"H6TX37018","FLEHARTY, DILLON JAMES","Democratic Party","DEM","House","H","Texas","TX","37","AUSTIN","TX","78708","2026","21-APR-25","2025","202504219756338919"
"H6NC05133","CLAYTON, DAVID","Independent","IND","House","H","North Carolina","NC","05","LENOIR","NC","28645","2026","21-APR-25","2025","202504219756342123"
"H6MO06260","SMEAD, JOSH","Democratic Party","DEM","House","H","Missouri","MO","06","LIBERTY","MO","64069","2026","21-APR-25","2025","202504219756338803"
"H6NC10174","BELL, ASHLEY","Democratic Party","DEM","House","H","North Carolina","NC","10","GREENSBORO","NC","27401","2026","20-APR-25","2025","202504209756331730"
"H6CA11235","GANEZER, DAVID L","Republican Party","REP","House","H","California","CA","11","SANTA MONICA","CA","90401","2026","20-APR-25","2025","202504209756304766"
"H6VI01032","GIUSTO, ANDREW","Republican Party","REP","House","H","U.S. Virgin Islands","VI","00","MILLBRAE","CA","94030","2026","20-APR-25","2025","202504209756299544"
"H4CO04165","PADORA, JOHN J JR.","Democratic Party","DEM","House","H","Colorado","CO","04","SEVERANCE","CO","80550","2026","20-APR-25","2025","202504209756283349"
"H6VT01051","GIUSTO, ANDREWS","United Party","UNI","House","H","Vermont","VT","00","MILLBRAE","CA","94030","2026","19-APR-25","2025","202504199756246908"
"H6MS02188","FOSTER, BENNIE MR JR","Democratic Party","DEM","House","H","Mississippi","MS","02","JACKSON","MS","39206","2026","19-APR-25","2025","202504199756243070"
"H6VA07189","GRAY, JOHN","Republican Party","REP","House","H","Virginia","VA","07","WOODBRIDGE","VA","22192","2026","18-APR-25","2025","202504189756123166"
"H6AL05244","SNEED, ANDREW RANKIN GUYTON","Democratic Party","DEM","House","H","Alabama","AL","05","HUNTSVILLE","AL","35801","2026","18-APR-25","2025","202504189756151352"
"H6CA37321","LOMBARDO, TODD","Democratic Party","DEM","House","H","California","CA","37","LOS ANGELES","CA","90048","2026","18-APR-25","2025","202504189756220847"
"H6CA19154","VERBICA, PETER COE","Republican Party","REP","House","H","California","CA","19","FELTON","CA","95018","2026","18-APR-25","2025","202504189756218049"
"H6AZ06123","GOLDMAN, MO","Democratic Party","DEM","House","H","Arizona","AZ","06","ORO VALLEY","AZ","85737","2026","18-APR-25","2025","202504189756219518"
"H6FL01390","PATRONIS, JIMMY JR.","Republican Party","REP","House","H","Florida","FL","01","TALLAHASSEE","FL","32317","2026","18-APR-25","2025","202504189756151698"
"H2IL06090","CONFORTI, NIKI","Republican Party","REP","House","H","Illinois","IL","06","WHEATON","IL","60187","2026","17-APR-25","2025","404172025118493201"
"H6CA41273","MYERS, TIM","Democratic Party","DEM","House","H","California","CA","41","CORONA","CA","92878","2026","17-APR-25","2025","202504179756111682"
"H6TX05171","EDWARDS, TRAVIS","Republican Party","REP","House","H","Texas","TX","05","ATHENS","TX","75752","2026","17-APR-25","2025","202504179756115471"
"H6TX18323","BERRY, ALLEN D DR","Republican Party","REP","House","H","Texas","TX","18","HOUSTON","TX","77016","2026","17-APR-25","2025","202504179756118848"
"H6AR02278","MCDOWELL, CHASE","Republican Party","REP","House","H","Arkansas","AR","02","ROANOKE","VA","24018","2026","17-APR-25","2025","202504179756108426"
"H6MN01190","JOHNSON, JACOB","Democratic-Farmer-Labor","DFL","House","H","Minnesota","MN","01","ROCHESTER","MN","55903","2026","17-APR-25","2025","202504179756107088"
"H6IA02179","TECHAU, KEVIN W","Democratic Party","DEM","House","H","Iowa","IA","02","CEDAR RAPIDS","IA","52411","2026","17-APR-25","2025","202504179756107089"
"H6IL07339","FRIEDMAN, JASON","Democratic Party","DEM","House","H","Illinois","IL","07","CHICAGO","IL","60611","2026","17-APR-25","2025","202504179756107143"
"H6CA03133","HALL, HEIDI","Democratic Party","DEM","House","H","California","CA","03","GRASS VALLEY","CA","95945","2026","17-APR-25","2025","202504179756107426"
"S6MI00418","EL-SAYED, ABDUL","Democratic Party","DEM","Senate","S","Michigan","MI","00","ST CLAIR SHORES","MI","48080","2026","17-APR-25","2025","202504179756107022"
"S6TX00396","SWANSON, MICHAEL","Democratic Party","DEM","Senate","S","Texas","TX","00","HELOTES","TX","78023","2026","16-APR-25","2025","202504169756087172"
"H0FL08208","WEBSTER, DANIEL","Republican Party","REP","House","H","Florida","FL","11","WEBSTER","FL","335971007","2026","16-APR-25","2025","202504169756093656"
"H6AL05236","DEVITO, JEREMY","Democratic Party","DEM","House","H","Alabama","AL","05","ATHENS","AL","35613","2026","16-APR-25","2025","202504169756093934"
"H6WA04190","DURESKY, JOHN","Democratic Party","DEM","House","H","Washington","WA","04","WEST RICHLAND","WA","99353","2026","16-APR-25","2025","202504169756096721"
"H0TX31030","GARAPATI, ABHIRAM","Republican Party","REP","House","H","Texas","TX","31","CEDAR PARK","TX","78613","2026","16-APR-25","2025","202504169756099281"
"H6CA25227","HUFFMAN, RONALD R MR.","GOP","GOP","House","H","California","CA","25","BEAUMONT","CA","92223","2026","16-APR-25","2025","202504169756106046"
"H0CA17193","TANDON, RITESH","Democratic Party","DEM","House","H","California","CA","17","SAN JOSE","CA","95135","2026","16-APR-25","2025","202504169756100858"
"H6WI03180","BENJAMIN, LAURA S","Democratic Party","DEM","House","H","Wisconsin","WI","03","EAU CLAIRE","WI","54702","2026","16-APR-25","2025","202504169756101128"
"H2NJ08265","VARELA, BRIAN","Democratic Party","DEM","House","H","New Jersey","NJ","07","LONG VALLEY","NJ","07853","2026","16-APR-25","2025","202504169756102197"
"H6NJ07235","ROTH, MICHAEL","Democratic Party","DEM","House","H","New Jersey","NJ","07","MOUNTAINSIDE","NJ","07092","2026","16-APR-25","2025","202504169756105757"
"H6CA50282","PEREZ, ERNESTO NOEL MR","Democratic Party","DEM","House","H","California","CA","50","SAN DIEGO","CA","92107","2026","16-APR-25","2025","202504169756105758"
"H4CA06149","DELUZ, CRAIG","Republican Party","REP","House","H","California","CA","06","SACRAMENTO","CA","95838","2026","16-APR-25","2025","202504169756100168"
"H4CO05139","REAGAN, JOSEPH F","Democratic Party","DEM","House","H","Colorado","CO","05","COLORADO SPRINGS","CO","80906","2026","15-APR-25","2025","202504159756054400"
"H8KY02080","LINDERMAN, HANK","Democratic Party","DEM","House","H","Kentucky","KY","02","FALLS OF ROUGH","KY","40119","2026","15-APR-25","2025","202504159756054414"
"H2CO08020","CARAVEO, YADIRA","Democratic Party","DEM","House","H","Colorado","CO","08","EASTLAKE","CO","80614","2026","15-APR-25","2025","202504159755359206"
"H2TX18207","MONTIEL, CARMEN","Republican Party","REP","House","H","Texas","TX","18","HOUSTON","TX","77024","2026","15-APR-25","2025","202504159755391912"
"H6NV04129","HILL, AARON DR.","Republican Party","REP","House","H","Nevada","NV","04","LAS VEGAS","NV","89166","2026","15-APR-25","2025","202504159755423738"
"S6IA00256","SAGE, NATHAN","Democratic Party","DEM","Senate","S","Iowa","IA","00","KNOXVILLE","IA","50138","2026","15-APR-25","2025","202504159755807889"
"H6VA02123","STRINGFELLOW, JOHN BURK","Democratic Party","DEM","House","H","Virginia","VA","02","VIRGINIA BEACH","VA","23464","2026","15-APR-25","2025","202504159755440984"
"H6NV03212","NAGY, AURY","Republican Party","REP","House","H","Nevada","NV","03","HENDERSON","NV","89052","2026","15-APR-25","2025","202504159755443174"
"H6CA40341","LINH, NINA","Democratic Party","DEM","House","H","California","CA","40","TUSTIN","CA","92782","2026","15-APR-25","2025","202504159755444313"
"H6NJ07227","SANTOS, FELIPE","Democratic Party","DEM","House","H","New Jersey","NJ","07","UNION","NJ","07083","2026","15-APR-25","2025","202504159755531521"
"H8NJ03073","PALLONE, FRANK JR","Democratic Party","DEM","House","H","New Jersey","NJ","06","LONG BRANCH","NJ","07740","2026","15-APR-25","2025","202504159755633461"
"S6AL00435","SWEETSER, KYLE","Democratic Party","DEM","Senate","S","Alabama","AL","00","MOBILE","AL","36689","2026","15-APR-25","2025","202504159755423809"
"S4MI00595","ROGERS, MICHAEL J","Republican Party","REP","Senate","S","Michigan","MI","00","SAINT JOSEPH","MI","490850132","2026","14-APR-25","2025","202504149755273955"
"H6CA22190","VILLEGAS, RANDY","Democratic Party","DEM","House","H","California","CA","22","VISALIA","CA","93279","2026","14-APR-25","2025","202504149755274735"
"S6NH00158","GIOVONIZZI, MATTHEW S","Non-Party","NON","Senate","S","New Hampshire","NH","00","CENTER TUFTONBORO","NH","03816","2026","14-APR-25","2025","202504149755286698"
"H2MI13246","HOLLIER, ADAM","Democratic Party","DEM","House","H","Michigan","MI","13","DETROIT","MI","48202","2026","14-APR-25","2025","202504149755302517"
"S6CO00424","MARKERT, GEORGE WASHINGTON MR V","Republican Party","REP","Senate","S","Colorado","CO","00","BROOMFIELD","CO","80020","2026","14-APR-25","2025","202504149755303055"
"H2TX34113","FLORES, MAYRA NOHEMI","Republican Party","REP","House","H","Texas","TX","28","LOS INDIOS","TX","785670516","2026","14-APR-25","2025","202504149755350565"
"H6TX18315","EATMON, EBONY RAIN","Democratic Party","DEM","House","H","Texas","TX","18","HOUSTON","TX","77291","2025","14-APR-25","2025","202504149755327449"
"H6TX03234","HUNT, EVAN","Democratic Party","DEM","House","H","Texas","TX","03","MCKINNEY","TX","75072","2026","14-APR-25","2025","202504149755327456"
"H6FL21034","TAYLOR, BERNARD","Democratic Party","DEM","House","H","Florida","FL","21","PORT ST. LUCIE","FL","34988","2026","14-APR-25","2025","202504149755331876"
"H2WI03163","PROVANCE, RUSTIN LEVEM","None","NNE","House","H","Wisconsin","WI","03","PEPIN","WI","54759","2026","14-APR-25","2025","202504140300502913"
"H4IN09163","PECK, TIMOTHY","Democratic Party","DEM","House","H","Indiana","IN","09","NEW WASHINGTON","IN","47162","2026","14-APR-25","2025","202504140300503000"
"H6AZ01306","MCCARTNEY, RICK","Democratic Party","DEM","House","H","Arizona","AZ","01","PHOENIX","AZ","85016","2026","14-APR-25","2025","202504149755317867"
"H6IL09186","ABREVAYA, DAVID","Democratic Party","DEM","House","H","Illinois","IL","09","CHICAGO","IL","60659","2026","13-APR-25","2025","202504139755260526"
"H6PA09101","BYRON, DANIEL ANTHONY MR. JR.","Democratic Party","DEM","House","H","Pennsylvania","PA","09","WILLIAMSPORT","PA","17701","2026","12-APR-25","2025","202504129755255098"
"H0TX31048","WILLIAMS, MICHAEL HOWARD MR.","Republican Party","REP","House","H","Texas","TX","31","GEORGETOWN","TX","78628","2026","12-APR-25","2025","202504129755223244"
"H6KY02068","WINGFIELD, MEGAN","Democratic Party","DEM","House","H","Kentucky","KY","02","SCOTTSVILLE","KY","42164","2026","11-APR-25","2025","202504119755207988"
"H6FL14153","ARAUZ, JUAN","Democratic Party","DEM","House","H","Florida","FL","14","TAMPA","FL","33614","2026","11-APR-25","2025","202504119755207998"
"H0TX18375","DAVIS, CHANCE","Independent","IND","House","H","Texas","TX","18","HOUSTON","TX","77004","2026","11-APR-25","2025","202504119755208337"
"H6MO02327","BILASH, TIM D","Democratic Party","DEM","House","H","Missouri","MO","02","SAINT LOUIS","MO","631770503","2026","11-APR-25","2025","202504119755218086"
"H6NC09226","CARR, LENT CHRISTOPHER DR. II","Democratic Party","DEM","House","H","North Carolina","NC","09","RAEFORD","NC","28376","2026","11-APR-25","2025","202504119755218110"
"H6WI03172","BERGE, EMILY","Democratic Party","DEM","House","H","Wisconsin","WI","03","EAU CLAIRE","WI","54703","2026","11-APR-25","2025","202504119755217516"
"H6IN09234","MCCARTNEY, EMILEE R","Democratic Party","DEM","House","H","Indiana","IN","09","WILLIAMS","IN","47470","2026","11-APR-25","2025","202504119755212180"
"H6AL05228","PUSCZEK, AMANDA NOELLE","Democratic Party","DEM","House","H","Alabama","AL","05","HUNTSVILLE","AL","35824","2026","11-APR-25","2025","202504119755215602"
"S4FL00769","TOULME, ALIX CHRISTOPHER MR. JR.","Republican Party","REP","Senate","S","Florida","FL","00","WESLEY CHAPEL","FL","33545","2026","11-APR-25","2025","202504119755215791"
"H4CA48075","SHANAHAN, WHITNEY","Democratic Party","DEM","House","H","California","CA","48","FALLBROOK","CA","92028","2026","11-APR-25","2025","202504119755216349"
"H6MI07231","RAIS, MUHAMMAD SALMAN","Democratic Party","DEM","House","H","Michigan","MI","07","DEWITT","MI","48220","2026","11-APR-25","2025","202504119755217419"
"H2TX08125","MITCHELL, JONATHAN","Republican Party","REP","House","H","Texas","TX","36","SPLENDORA","TX","77372","2026","11-APR-25","2025","202504119755209692"
"H6TN06171","CROLEY, MIKE","Democratic Party","DEM","House","H","Tennessee","TN","06","CROSSVILLE","TN","385570344","2026","10-APR-25","2025","202504109755201736"
"H6NE03172","HUEBNER, DAVID P. MR.","Republican Party","REP","House","H","Nebraska","NE","03","NORTH PLATTE","NE","69101","2026","10-APR-25","2025","202504109755201867"
"H8NH01186","SULLIVAN, MAURA CORBY","Democratic Party","DEM","House","H","New Hampshire","NH","01","MANCHESTER","NH","03108","2026","10-APR-25","2025","202504109755201933"
"H6CA23263","CHAKALIAN, PAUL","Democratic Party","DEM","House","H","California","CA","23","YUCCA VALLEY","CA","92286","2026","10-APR-25","2025","202504109755202594"
"H6MI10284","GREIMEL, TIM","Democratic Party","DEM","House","H","Michigan","MI","10","STERLING HEIGHTS","MI","48311","2026","10-APR-25","2025","202504109755202693"
"H6TX01303","RAY, MASIKA AKILAH","Democratic Party","DEM","House","H","Texas","TX","01","LONGVIEW","TX","75603","2026","10-APR-25","2025","202504109755206184"
"H6GA13039","JONES, EMANUEL","Democratic Party","DEM","House","H","Georgia","GA","13","ELLENWOOD","GA","30294","2026","10-APR-25","2025","202504109755202825"
"H6CA01228","SALEGUI, JAMES","Democratic Party","DEM","House","H","California","CA","01","MOUNT SHASTA","CA","96067","2026","10-APR-25","2025","202504109755203067"
"H6AL05210","HOWARD, GREG MR JR","Democratic Party","DEM","House","H","Alabama","AL","05","CAPSHAW","AL","35742","2026","10-APR-25","2025","202504109755203134"
"H6OH04173","WILSON, TAMARA","Democratic Party","DEM","House","H","Ohio","OH","04","DELAWARE","OH","43015","2026","10-APR-25","2025","202504109755203500"
"H4FL10123","WHITE, VIBERT DR","Republican Party","REP","House","H","Florida","FL","10","ORLANDO","FL","32807","2026","10-APR-25","2025","202504109755202766"
"H6TX18307","BAKER, MS TJ","Democratic Party","DEM","House","H","Texas","TX","18","HOUSTON","TX","77025","2025","09-APR-25","2025","202504099755201636"
"H8DE01044","MURPHY, LEE","Republican Party","REP","House","H","Delaware","DE","00","WILMINGTON","DE","19809","2026","09-APR-25","2025","202504099755194977"
"H4OH15083","MILLER, ADAM CLAY","Democratic Party","DEM","House","H","Ohio","OH","15","COLUMBUS","OH","43228","2026","09-APR-25","2025","202504099755194978"
"H6FL04196","SHERARD, RONALD EDGAR MR. III","No Party Affiliation","NPA","House","H","Florida","FL","04","MIDDLEBURG","FL","32068","2025","09-APR-25","2025","202504099755195052"
"H6AL03181","LAPOINT, TERRI","Republican Party","REP","House","H","Alabama","AL","03","SPRINGVILLE","AL","35146","2026","09-APR-25","2025","202504099755200987"
"H6FL10177","FARBER, STUART ROSS","Republican Party","REP","House","H","Florida","FL","10","COCOA BEACH","FL","32931","2026","09-APR-25","2025","202504099755194866"
"H6FL19137","SCHWARTZEL, JIM","Republican Party","REP","House","H","Florida","FL","19","FORT MYERS","FL","33901","2026","09-APR-25","2025","202504099755144575"
"S6GA00358","CAPPARELL, CHRISTOPHER PAUL","Republican Party","REP","Senate","S","Georgia","GA","00","ATLANTA","GA","30314","2026","09-APR-25","2025","202504099755144576"
"H4MI04159","SWARTZ, JESSICA","Democratic Party","DEM","House","H","Michigan","MI","04","KALAMAZOO","MI","49007","2026","09-APR-25","2025","202504099755145344"
"H6IN07394","HORNEDO, GEORGE","Democratic Party","DEM","House","H","Indiana","IN","07","INDIANAPOLIS","IN","46230","2026","09-APR-25","2025","202504099755146130"
"H6WI07199","ARMSTRONG, CHRISTOPHER CAMPBELL","Democratic Party","DEM","House","H","Wisconsin","WI","07","NEW RICHMOND","WI","54017","2026","09-APR-25","2025","202504099755194671"
"S6FL00681","GREEN, JUSTIN MR","Veterans Party","VET","Senate","S","Florida","FL","00","CLEARWATER","FL","33763","2025","09-APR-25","2025","202504099755201491"
"H6FL25035","CARBONARA, MICHAEL","Republican Party","REP","House","H","Florida","FL","25","COOPER CITY","FL","33330","2026","08-APR-25","2025","202504089755067303"
"H6NV04111","WHIPPLE, CODY K","Republican Party","REP","House","H","Nevada","NV","04","HIKO","NV","89017","2026","08-APR-25","2025","202504089755072675"
"H6MT01103","CLEVELAND, RUSSELL TYLER","Democratic Party","DEM","House","H","Montana","MT","01","SAINT REGIS","MT","59866","2026","08-APR-25","2025","202504089755073288"
"H4NJ05150","GUINCHARD, MARY JO-ANN","Republican Party","REP","House","H","New Jersey","NJ","05","RIDGEWOOD","NJ","07450","2026","08-APR-25","2025","202504089755073405"
"H6FL16109","PEARSON, GLENN KEITH MR","Democratic Party","DEM","House","H","Florida","FL","16","ELLENTON","FL","34222","2026","08-APR-25","2025","202504089755073436"
"H2VA02098","SLEISTER, NICOLAUS","Democratic Party","DEM","House","H","Virginia","VA","02","SUFFOLK","VA","23435","2026","08-APR-25","2025","202504089755143214"
"H6NY17189","SACKS, MIKE","Democratic Party","DEM","House","H","New York","NY","17","CROTON ON HUDSON","NY","10520","2026","08-APR-25","2025","202504089755143755"
"S6TX00388","PAXTON, WARREN KENNETH JR.","Republican Party","REP","Senate","S","Texas","TX","00","MCKINNEY","TX","75070","2026","08-APR-25","2025","202504089755144446"
"H4TX02181","FILLER, PETER STEVEN","Democratic Party","DEM","House","H","Texas","TX","18","HOUSTON","TX","77073","2025","08-APR-25","2025","202504089755144516"
"H6CA04180","SIGALA, ANGELINA","Democratic Party","DEM","House","H","California","CA","04","MODESTO","CA","95351","2026","08-APR-25","2025","202504089755144522"
"H6CA25219","MALES, JOE","Republican Party","REP","House","H","California","CA","25","HEMET","CA","92545","2026","08-APR-25","2025","202504089755066924"
"S6MI00400","BENHAM, KENT","Republican Party","REP","Senate","S","Michigan","MI","00","LUDINGTON","MI","49431","2026","07-APR-25","2025","202504079755062917"
"H6MI10276","HINES, CHRISTINA","Democratic Party","DEM","House","H","Michigan","MI","10","WARREN","MI","48090","2026","07-APR-25","2025","202504079755055323"
"H6TX02210","TRAN, NGOC BA","Republican Party","REP","House","H","Texas","TX","02","SPRING","TX","77389","2025","07-APR-25","2025","202504079755055788"
"H2CA29087","CARRANZA, MARGARITA MARIA","Republican Party","REP","House","H","California","CA","29","SYLMAR","CA","91342","2026","07-APR-25","2025","202504070300502030"
"H6TX02228","TRAN, NICK B.","Republican Party","REP","House","H","Texas","TX","02","SPRING","TX","77389","2026","07-APR-25","2025","202504079755065756"
"H6TX10163","HAWBAKER, BRANDON","Republican Party","REP","House","H","Texas","TX","10","SEALY","TX","77474","2026","07-APR-25","2025","202504079755056956"
"H6IL15092","TODD, JENNIFER ANN","Democratic Party","DEM","House","H","Illinois","IL","15","EDWARDSVILLE","IL","62025","2026","06-APR-25","2025","202504069755051740"
"H2TX07051","MOCKUS, DAMIEN","Republican Party","REP","House","H","Texas","TX","38","TOMBALL","TX","77377","2026","06-APR-25","2025","202504069755051772"
"H2NH02260","WILLIAMS, LILY TANG TANG","Republican Party","REP","House","H","New Hampshire","NH","02","WEARE","NH","03281","2026","06-APR-25","2025","202504069755051553"
"H6CA02259","POLUDNIAK, CODY NIKOLAS","None","NNE","House","H","California","CA","02","SAN DIEGO","CA","92109","2025","05-APR-25","2025","202504059755050920"
"H6TX19198","RABLE, KYLE","Democratic Party","DEM","House","H","Texas","TX","19","LUBBOCK","TX","79410","2026","05-APR-25","2025","202504059755051252"
"H6PA03179","OXMAN, DAVID","Democratic Party","DEM","House","H","Pennsylvania","PA","03","PHILADELPHIA","PA","19147","2026","05-APR-25","2025","202504059755050929"
"H6FL14146","WICK, JOHN CHARLES","Republican Party","REP","House","H","Florida","FL","14","RIVERVIEW","FL","33578","2026","04-APR-25","2025","202504049755047767"
"H6CA34286","GONZALES-TORRES, ANGELA","Democratic Party","DEM","House","H","California","CA","34","LOS ANGELES","CA","90020","2026","04-APR-25","2025","202504049755049580"
"H6VA07171","MAYFIELD, DARIUS","Republican Party","REP","House","H","Virginia","VA","07","STAFFORD","VA","22554","2026","04-APR-25","2025","202504049755049368"
"H0VA08172","KIM, HEERAK CHRISTIAN DR.","Republican Party","REP","House","H","Virginia","VA","08","ARLINGTON","VA","22204","2026","03-APR-25","2025","202504039755044813"
"H4TX28129","FURMAN, JAY COMMANDER","Republican Party","REP","House","H","Texas","TX","28","UNIVERSAL CITY","TX","78150","2026","03-APR-25","2025","202504039755044811"
"H6CA06268","BENNETT, CHRISTOPHER JERMAN","Democratic Party","DEM","House","H","California","CA","06","SLOUGHHOUSE","CA","95683","2026","03-APR-25","2025","202504039755047722"
"H6TX09116","BUTLER, ALEXANDRIA","Republican Party","REP","House","H","Texas","TX","09","MISSOURI CITY","TX","77459","2026","03-APR-25","2025","202504039755041687"
"H6CA11227","BETTLES, COLE","Democratic Party","DEM","House","H","California","CA","11","SAN FRANCISCO","CA","94103","2026","03-APR-25","2025","202504039755044771"
"H6CA13181","LOPEZ, JAVIER B","Republican Party","REP","House","H","California","CA","13","CERES","CA","95307","2026","03-APR-25","2025","202504039755044193"
"H6AZ06115","DICKERSON, TREVOR","Independent","IND","House","H","Arizona","AZ","06","TUCSON","AZ","85704","2026","03-APR-25","2025","202504039755044187"
"H2IA04141","MELTON, RYAN MICHAEL APPLETON","Democratic Party","DEM","House","H","Iowa","IA","04","WEBSTER CITY","IA","50595","2026","03-APR-25","2025","202504039755041452"
"H6FL05201","KAYE, MARK","Republican Party","REP","House","H","Florida","FL","05","JACKSONVILLE","FL","32256","2026","03-APR-25","2025","202504039755036215"
"S6TX00370","ALVAREZ, ANDREW","Republican Party","REP","Senate","S","Texas","TX","00","VICTORIA","TX","77901","2026","03-APR-25","2025","202504039755036189"
"H6TX28082","ESPARZA, JUAN","Republican Party","REP","House","H","Texas","TX","28","LAREDO","TX","78044","2026","03-APR-25","2025","202504039755036436"
"H6PA01181","HARVIE, ROBERT J","Democratic Party","DEM","House","H","Pennsylvania","PA","01","FALLSINGTON","PA","19054","2026","03-APR-25","2025","202504039755036188"
"S4NE00207","OSBORN, DAN","Independent","IND","Senate","S","Nebraska","NE","00","OMAHA","NE","68136","2026","03-APR-25","2025","202504039755036234"
"S6NH00141","PAPPAS, CHRIS","Democratic Party","DEM","Senate","S","New Hampshire","NH","00","MANCHESTER","NH","03105","2026","03-APR-25","2025","202504039755036241"
"H6NY22163","SALKA, JOHN JOSEPH MR.","Republican Party","REP","House","H","New York","NY","22","WEST EDMESTON","NY","13485","2026","02-APR-25","2025","202504029755034495"
"H6LA06141","JOHNSON, CHRISTIAN RASHAD","Republican Party","REP","House","H","Louisiana","LA","06","BATON ROUGE","LA","70814","2026","02-APR-25","2025","202504029755022091"
"H6IN09226","GRAHAM, JAMES HENRY","Democratic Party","DEM","House","H","Indiana","IN","09","CHARLESTOWN","IN","47111","2026","02-APR-25","2025","202504029755013730"
"H6AZ01298","TREBLE, JONATHAN","Democratic Party","DEM","House","H","Arizona","AZ","01","SCOTTSDALE","AZ","85252","2026","02-APR-25","2025","202504029755010557"
"H6AZ07139","OPERANA-FOXX, DEJA CHERISE","Democratic Party","DEM","House","H","Arizona","AZ","07","TUCSON","AZ","85726","2025","02-APR-25","2025","202504029755010517"
"H6CA41265","RIKER, BRANDON","Democratic Party","DEM","House","H","California","CA","41","PALM SPRINGS","CA","92264","2026","02-APR-25","2025","202504029755010516"
"S6MI00392","MCMORROW, MALLORY","Democratic Party","DEM","Senate","S","Michigan","MI","00","ROYAL OAK","MI","48068","2026","02-APR-25","2025","202504029755010474"
"H4OH13153","COUGHLIN, KEVIN","Republican Party","REP","House","H","Ohio","OH","13","AKRON","OH","44333","2026","02-APR-25","2025","202504029755010473"
"H6MD01312","ROGERS, TERRENCE REV.","Democratic Party","DEM","House","H","Maryland","MD","01","PRINCE FREDERICK","MD","20678","2026","02-APR-25","2025","202504029755013723"
"H6CA32173","RAKOV, JAKE","Democratic Party","DEM","House","H","California","CA","32","STUDIO CITY","CA","91614","2026","02-APR-25","2025","202504029755010413"
"H6FL06324","BAKER, AARON","Republican Party","REP","House","H","Florida","FL","06","SORRENTO","FL","32776","2026","01-APR-25","2025","202504019755004889"
"S6AL00427","LARRIETT, DAKARAI","Democratic Party","DEM","Senate","S","Alabama","AL","00","BIRMINGHAM","AL","35201","2026","01-APR-25","2025","202504019754834278"
"H6AZ07055","RIVAS, JORGE","Republican Party","REP","House","H","Arizona","AZ","07","TUCSON","AZ","85705","2025","01-APR-25","2025","202504019755005185"
"H2AZ06155","GRANTHAM, TRAVIS W.","Republican Party","REP","House","H","Arizona","AZ","05","GILBERT","AZ","85299","2026","01-APR-25","2025","202504019755005258"
"H6CA48260","MORRISON, CURTIS","Democratic Party","DEM","House","H","California","CA","48","BONSALL","CA","92003","2026","01-APR-25","2025","202504019755005625"
"H6GA13047","BONNER, JONATHAN","Democratic Party","DEM","House","H","Georgia","GA","13","PEACHTREE CITY","GA","30269","2026","01-APR-25","2025","202504019755006124"
"S6MN00473","NORD, BILLY","Democratic-Farmer-Labor","DFL","Senate","S","Minnesota","MN","00","SAINT PAUL","MN","55108","2026","01-APR-25","2025","202504019755005151"
"H6MA04090","CHASSE, STEVEN MICHAEL","Independent","IND","House","H","Massachusetts","MA","04","NEWTON","MA","02459","2026","01-APR-25","2025","202504019755009571"
"H6GA02149","GLOVER, DANNY DWAYNE","Democratic Party","DEM","House","H","Georgia","GA","02","MACON","GA","31052","2026","01-APR-25","2025","202504019755010233"
"H6TX30161","VIVROUX, MICHAEL A","Republican Party","REP","House","H","Texas","TX","30","SEGUIN","TX","78155","2026","01-APR-25","2025","202504019755010234"
"H6MO04240","DANA, RICKY MR","Democratic Party","DEM","House","H","Missouri","MO","04","MARSHALL","MO","65340","2026","01-APR-25","2025","202504019755010404"
"S6LA00532","WYATT, SAMUEL LEE MR.","Republican Party","REP","Senate","S","Louisiana","LA","00","DENHAM SPRINGS","LA","70706","2026","01-APR-25","2025","202504019755005084"
"H6AZ07121","GRIJALVA, ADELITA","Democratic Party","DEM","House","H","Arizona","AZ","07","WASHINGTON","DC","20033","2025","01-APR-25","2025","202504019755009104"
"H6TX22259","JAMES, DEMILE ANDRE MR.","Independent American Party","IAP","House","H","Texas","TX","22","PEARLAND","TX","77584","2026","31-MAR-25","2025","202503319754826729"
"H6NV03204","O'DONNELL, MARTY","Republican Party","REP","House","H","Nevada","NV","03","LAS VEGAS","NV","89129","2026","31-MAR-25","2025","202503319754826932"
"H8TX12108","MORGAN-AGUILERA, KENNETH","Democratic Party","DEM","House","H","Texas","TX","12","CROWLEY","TX","76036","2026","31-MAR-25","2025","202503319754828032"
"H6TX23224","WHITE, PETER LEWIS DR.","Democratic Party","DEM","House","H","Texas","TX","23","SAN ANTONIO","TX","78258","2026","31-MAR-25","2025","202503319754833944"
"H6IN05273","FRANKLIN, JACKSON BAILEY","Democratic Party","DEM","House","H","Indiana","IN","05","MUNCIE","IN","47303","2026","31-MAR-25","2025","202503319754833190"
"H6CA40333","WILLIAMS SWIFT, PAULA DR.","Democratic Party","DEM","House","H","California","CA","40","SEAL BEACH","CA","90740","2026","31-MAR-25","2025","202503319754833943"
"H6IA01171","TERRELL, TRAVIS","Democratic Party","DEM","House","H","Iowa","IA","01","TIFFIN","IA","52340","2026","31-MAR-25","2025","202503319754829573"
"H6IN05265","COOPER, SAMUEL L","Democratic Party","DEM","House","H","Indiana","IN","05","FISHERS","IN","46037","2026","29-MAR-25","2025","202503299754824927"
"S6KY00260","FARIS, MICHAEL JAMES","Republican Party","REP","Senate","S","Kentucky","KY","00","ELIZABETHTOWN","KY","42701","2026","29-MAR-25","2025","202503299754824749"
"H4CA26162","KOSLOW, MICHAEL S","Republican Party","REP","House","H","California","CA","26","THOUSAND OAKS","CA","91362","2026","28-MAR-25","2025","202503289754824683"
"H6CA41257","BYORS, JASON","Democratic Party","DEM","House","H","California","CA","41","CATHEDRAL CITY","CA","92234","2026","28-MAR-25","2025","202503289754824684"
"S6MS00109","ADLAKHA, SARAH ANNE DR","Republican Party","REP","Senate","S","Mississippi","MS","00","OCEAN SPRINGS","MS","39564","2026","28-MAR-25","2025","202503289754824727"
"S4MS00187","PINKINS, TY","Democratic Party","DEM","Senate","S","Mississippi","MS","00","VICKSBURG","MS","39180","2026","28-MAR-25","2025","202503289754824728"
"H6IL16116","KITOVER, JOHN","Republican Party","REP","House","H","Illinois","IL","16","CHICAGO","IL","60630","2026","28-MAR-25","2025","202503289754573800"
"H6TX18299","CRUMP, LAVERNE BARLETTE MS","Democratic Party","DEM","House","H","Texas","TX","18","HOUSTOM","TX","77226","2025","28-MAR-25","2025","202503289754574397"
"H6TX18281","SAMUEL, SELENA","Democratic Party","DEM","House","H","Texas","TX","18","CLUTE","TX","77531","2025","28-MAR-25","2025","202503289754570844"
"S6IN00274","YOUNG, ALEEM MR","Democratic Party","DEM","Senate","S","Indiana","IN","00","INDIANAPOLIS","IN","46218","2026","27-MAR-25","2025","202503279754570403"
"H6KY04130","DEAN, MONICA","Democratic Party","DEM","House","H","Kentucky","KY","04","CRESTWOOD","KY","40014","2026","26-MAR-25","2025","202503269754508475"
"H6WA03259","VAUGHAN, ERIC SCOTT","Independent","IND","House","H","Washington","WA","03","VANCOUVER","WA","98665","2026","26-MAR-25","2025","202503269754570233"
"S6IL00441","SMITH, ANTHONY J MR","Independent","IND","Senate","S","Illinois","IL","00","CHICAGO","IL","60644","2026","26-MAR-25","2025","202503269754570232"
"H6GA06140","HALPERN, SONYA","Democratic Party","DEM","House","H","Georgia","GA","06","ATLANTA","GA","30324","2026","25-MAR-25","2025","202503259754494676"
"H6CA26241","GALLUCCI, SAMUEL","Republican Party","REP","House","H","California","CA","26","SANTA ANA","CA","92704","2026","25-MAR-25","2025","202503259754500793"
"H6MN00028","K, NEZARUS H","Country","COU","House","H","Minnesota","MN","00","LAKEVILLE","MN","55044","2026","25-MAR-25","2025","202503259754504683"
"H6TX32118","SHAITO, ZAIN-BRAHEIM","Democratic Party","DEM","House","H","Texas","TX","32","PLANO","TX","75025","2026","25-MAR-25","2025","202503259754494667"
"H6CO01257","RODGERS, TIFFANY","Democratic Party","DEM","House","H","Colorado","CO","01","DENVER","CO","80203","2026","25-MAR-25","2025","202503259754504678"
"H4CA10109","PICCININI, KATHERINE","Republican Party","REP","House","H","California","CA","10","OAKLEY","CA","94561","2026","25-MAR-25","2025","202503259754502522"
"H6NY17171","CONLEY, CAIT","Democratic Party","DEM","House","H","New York","NY","17","OSSINING","NY","10562","2026","24-MAR-25","2025","202503249754470470"
"H6IL09178","ABUGHAZALEH, KATHERINE M.","Democratic Party","DEM","House","H","Illinois","IL","09","EVANSTON","IL","60204","2026","24-MAR-25","2025","202503249754476209"
"H6AZ07105","HERNANDEZ, DANIEL","Democratic Party","DEM","House","H","Arizona","AZ","07","TUCSON","AZ","85702","2025","24-MAR-25","2025","202503249754476219"
"H6TN07153","THORP, JONATHAN","Republican Party","REP","House","H","Tennessee","TN","07","SPRINGFIELD","TN","37172","2026","24-MAR-25","2025","202503249754476261"
"H6AZ07113","RODRIGUEZ, JIMMY SR.","Republican Party","REP","House","H","Arizona","AZ","07","GLENDALE","AZ","85303","2025","24-MAR-25","2025","202503249754476866"
"H4MP01022","KING-HINDS, KIMBERLYN KAY","Republican Party","REP","House","H","Northern Mariana Islands","MP","01","TINIAN","MP","96952","2026","24-MAR-25","2025","202503249754494020"
"H6ID02217","LEWIS, KEVEN PAUL","Democratic Party","DEM","House","H","Idaho","ID","02","POCATELLO","ID","83201","2026","24-MAR-25","2025","202503249754492672"
"H6FL04188","KNOLES, RICKY PATRIC MR","Democratic Party","DEM","House","H","Florida","FL","04","ORANGE PARK","FL","32065","2026","24-MAR-25","2025","202503249754492997"
"H6CA26233","WAGONER, JONATHAN","Republican Party","REP","House","H","California","CA","26","CAMARILLO","CA","93012","2026","24-MAR-25","2025","202503249754492998"
"H6FL22099","MEDVEDEVA, ANNA","Republican Party","REP","House","H","Florida","FL","22","DELREY BEACH","FL","33448","2026","24-MAR-25","2025","202503249754493478"
"H2CT03102","CHAI, AMY FOGELSTROM DR","Republican Party","REP","House","H","Connecticut","CT","03","NORTH HAVEN","CT","06473","2026","24-MAR-25","2025","202503249754493479"
"S6FL00673","LYLES, TAMIKA MS","Democratic Party","DEM","Senate","S","Florida","FL","00","KISSIMMEE","FL","34742","2026","24-MAR-25","2025","202503249754477052"
"H6TX18273","CLAYTON, EARNEST","Democratic Party","DEM","House","H","Texas","TX","18","HOUSTON","TX","77088","2026","23-MAR-25","2025","202503239754470311"
"H4TX26172","LINEBERGER, ERNEST ROBINSON III","Democratic Party","DEM","House","H","Texas","TX","26","CARROLLTON","TX","75007","2026","22-MAR-25","2025","202503229754470301"
"S6CT05140","BELVAL, ZACCHERY TYLER MR. SR.","Democratic Party","DEM","Senate","S","Connecticut","CT","00","ENFIELD","CT","06082","2025","22-MAR-25","2025","202503229754470224"
"H6IL16108","NOLLEY, PAUL","Democratic Party","DEM","House","H","Illinois","IL","16","ROSCOE","IL","61073","2026","21-MAR-25","2025","202503219754470208"
"H6AZ07097","LONGORIA, VICTOR JB","Democratic Party","DEM","House","H","Arizona","AZ","07","TUCSON","AZ","85745","2025","21-MAR-25","2025","202503219754468862"
"H6KY04122","ETHINGTON, NICOLE LEE","Republican Party","REP","House","H","Kentucky","KY","04","TAYLORSVILLE","KY","40071","2026","20-MAR-25","2025","202503209754254089"
"H6MO06260","SMEAD, JOSH","Democratic Party","DEM","House","H","Missouri","MO","06","LIBERTY","MO","64069","2025","20-MAR-25","2025","202503209754256126"
"H6CA41240","KARSON, DAVID","Democratic Party","DEM","House","H","California","CA","41","CUPERTINO","CA","95015","2026","20-MAR-25","2025","202503209754309033"
"H6NY13204","MILLER, MATT DAVIES","Democratic Party","DEM","House","H","New York","NY","13","NEW YORK","NY","10031","2026","20-MAR-25","2025","202503209754279401"
"H6AZ05182","KEENAN, DANIEL","Republican Party","REP","House","H","Arizona","AZ","05","CHANDLER","AZ","85249","2026","20-MAR-25","2025","202503209754262623"
"H6WA06245","BROPHY, PARKER SUTTON","Independent","IND","House","H","Washington","WA","06","TACOMA","WA","98407","2026","19-MAR-25","2025","202503199754250303"
"H4TX18179","SLATER, ROBERT","Democratic Party","DEM","House","H","Texas","TX","18","HOUSTON","TX","77001","2025","19-MAR-25","2025","202503199754250317"
"H4NC05294","HUBBARD, CHUCK","Democratic Party","DEM","House","H","North Carolina","NC","05","WILKESBORO","NC","28697","2026","19-MAR-25","2025","202503199754230808"
"P60024270","BYRD, JENNIFER","Libertarian Party","LIB","President","P","United States","00","00","BATON ROUGE","LA","70807","2025","19-MAR-25","2025","202503199754231387"
"H6CT02188","GAUCK, KYLE","Democratic Party","DEM","House","H","Connecticut","CT","02","EAST HAMPTON","CT","06424","2026","19-MAR-25","2025","202503199754247618"
"H6TX18265","POLIMIS, KIVAN","Democratic Party","DEM","House","H","Texas","TX","18","HOUSTON","TX","77003","2025","19-MAR-25","2025","202503199754241188"
"H6LA06141","JOHNSON, CHRISTIAN RASHAD","Republican Party","REP","House","H","Louisiana","LA","06","BATON ROUGE","LA","70814","2025","19-MAR-25","2025","202503199754246395"
"H6CA06250","PRING, KINDRA M","Democratic Party","DEM","House","H","California","CA","06","CITRUS HEIGHTS","CA","95621","2026","19-MAR-25","2025","202503199754247080"
"H4TX18138","EDWARDS, AMANDA","Democratic Party","DEM","House","H","Texas","TX","18","HOUSTON","TX","77288","2026","19-MAR-25","2025","202503199754233232"
"H6AZ04227","DAVISON, JERONE","Republican Party","REP","House","H","Arizona","AZ","04","PHOENIX","AZ","85044","2026","18-MAR-25","2025","202503189754224562"
"H4NY10130","HUTCHISON, EVAN HALE","Democratic Party","DEM","House","H","New York","NY","10","BROOKLYN","NY","11237","2026","18-MAR-25","2025","202503189754227415"
"H6NJ03168","MCMAHON, LINDA DIANE","Republican Party","REP","House","H","New Jersey","NJ","03","HANESPORT","NJ","08060","2026","18-MAR-25","2025","202503189754227092"
"H6CT05223","DE BARROS, JONATHAN","Republican Party","REP","House","H","Connecticut","CT","05","TERRYVILLE","CT","06786","2026","17-MAR-25","2025","202503179754218613"
"H6IN01223","SCHENKE, JAMES","Republican Party","REP","House","H","Indiana","IN","01","WEST LAFAYETTE","IN","47906","2026","17-MAR-25","2025","202503179754219400"
"H4AZ07134","BUTIEREZ, DANIEL","Republican Party","REP","House","H","Arizona","AZ","07","TUCSON","AZ","85719","2025","17-MAR-25","2025","202503179754219501"
"H2FL20043","KAUFMAN, JOE","Republican Party","REP","House","H","Florida","FL","23","BOCA RATON","FL","33434","2026","17-MAR-25","2025","202503179754215650"
"H6CA40333","SWIFT, PAULA WILLIAMS DR.","Democratic Party","DEM","House","H","California","CA","40","SEAL BEACH","CA","90740","2025","17-MAR-25","2025","202503179754219873"
"S6OK04163","THOMAS, N'KIYLA JASMINE - ANN","Democratic Party","DEM","Senate","S","Oklahoma","OK","00","FORT CAMBELL","KY","42223","2026","17-MAR-25","2025","202503179754219975"
"H4CA32145","AHUJA, CHRISTOPHER","Democratic Party","DEM","House","H","California","CA","32","LOS ANGELES","CA","91367","2026","17-MAR-25","2025","202503179754219990"
"H6TX18257","TUPPERA, TEJAS","Independent","IND","House","H","Texas","TX","18","MISSOURI CITY","TX","77459","2025","17-MAR-25","2025","202503179754219871"
"H6TX18240","JOSEPH, JAMES DR.","Democratic Party","DEM","House","H","Texas","TX","18","HOUSTON","TX","77020","2025","16-MAR-25","2025","202503169754207535"
"H6WA04182","MEIER, WESLEY","Republican Party","REP","House","H","Washington","WA","04","RICHLAND","WA","99354","2026","16-MAR-25","2025","202503169754215050"
"H6CA07134","FULKERSON, HEATH V","Republican Party","REP","House","H","California","CA","07","LOWER LAKE","CA","95457","2025","15-MAR-25","2025","202503159754206832"
"S6IL00433","LEAVELL, STANLEY MR.","Democratic Party","DEM","Senate","S","Illinois","IL","00","CARMI","IL","62821","2026","15-MAR-25","2025","202503159754206931"
"H6TX18232","MENEFEE, CHRISTIAN D","Democratic Party","DEM","House","H","Texas","TX","18","HOUSTON","TX","77266","2025","15-MAR-25","2025","202503159754207037"
"H6AZ07089","VERDUGO, RAUL VERDUGO","Republican Party","REP","House","H","Arizona","AZ","07","TUCSON","AZ","85705","2025","15-MAR-25","2025","202503159754207009"
"H6AZ07071","GRAYSON, RICHARD","Other","OTH","House","H","Arizona","AZ","07","APACHE JUNCTION","AZ","85120","2025","15-MAR-25","2025","202503159754206940"
"S6KY00252","RANDALL, JARED","Democratic Party","DEM","Senate","S","Kentucky","KY","00","LOUISVILLE-JEFFERSON","KY","40208","2026","14-MAR-25","2025","202503149754175474"
"H6CO05290","TWEED, MICHELLE LYNN DR.","Democratic Party","DEM","House","H","Colorado","CO","05","COLORADO SPRINGS","CO","80911","2026","14-MAR-25","2025","202503149754206823"
"H6OK82011","BECK, WILLIAM EVAN SCOTT","Democratic Party","DEM","House","H","Oklahoma","OK","82","EDMOND","OK","73012","2026","14-MAR-25","2025","202503149754178531"
"S6ID00138","ROTH, DAVID JORDAN","Democratic Party","DEM","Senate","S","Idaho","ID","00","IDAHO FALLS","ID","83404","2026","14-MAR-25","2025","202503149754177336"
"H6CA12191","FULKERSON, HEATH VINCENT","Republican Party","REP","House","H","California","CA","12","LOWER LAKE","CA","95457","2026","13-MAR-25","2025","202503139754145476"
"S6MA00247","DEVINCENTIS, PHILIP PETER MR JR","American Independent Party","AIP","Senate","S","Massachusetts","MA","00","H","MA","02062","2025","13-MAR-25","2025","202503139754145606"
"H6SC07034","VINCENT, JOHN GREGORY","Democratic Party","DEM","House","H","South Carolina","SC","07","MYRTLE BEACH","SC","29588","2026","13-MAR-25","2025","202503139754145824"
"H6IL16090","ALBRIGHT, JOE","Democratic Party","DEM","House","H","Illinois","IL","16","EAST PEORIA","IL","61611","2026","13-MAR-25","2025","202503139754145897"
"H2AZ02436","BIES, DAVID","Democratic Party","DEM","House","H","Arizona","AZ","07","FLAGSTAFF","AZ","86001","2025","13-MAR-25","2025","202503139754175200"
"S6ME00324","CALABRESE, CARMEN VINCENT MR.","Republican Party","REP","Senate","S","Maine","ME","00","KENNEBUNKPORT","ME","04046","2026","13-MAR-25","2025","202503139754160006"
"S6TX00362","KHAN, GULREZ","Republican Party","REP","Senate","S","Texas","TX","00","LUBBOCK","TX","79414","2026","13-MAR-25","2025","202503139754174787"
"H6TX18224","TURNER, DERRELL SHERROD","Independent","IND","House","H","Texas","TX","18","HOUSTON","TX","77016","2025","13-MAR-25","2025","202503139754174870"
"H6CA09122","SHOEMAKER, JAMES H","Republican Party","REP","House","H","California","CA","09","LODI","CA","95240","2026","13-MAR-25","2025","202503139754146211"
"H6SD00143","SCHLAGEL, SCOTT WADE MR.","Democratic Party","DEM","House","H","South Dakota","SD","00","DELL RAPIDS","SD","57022","2026","12-MAR-25","2025","202503129754141756"
"H6PA06149","POPP, BENJAMIN","Democratic Party","DEM","House","H","Pennsylvania","PA","06","HONEY BROOK","PA","19344","2026","12-MAR-25","2025","202503129754142901"
"H2NC13243","HARRIGAN, PAT","Republican Party","REP","House","H","North Carolina","NC","10","RALEIGH","NC","276247275","2026","12-MAR-25","2025","202503129754143993"
"H0TX13228","JACKSON, RONNY LYNN","Republican Party","REP","House","H","Texas","TX","13","AMARILLO","TX","79159","2026","12-MAR-25","2025","202503129754144078"
"S6CO00416","MINER, NICHOLE","Democratic Party","DEM","Senate","S","Colorado","CO","00","BOULDER","CO","80303","2026","12-MAR-25","2025","202503129754144388"
"H4NC13116","KNOTT, BRAD","Republican Party","REP","House","H","North Carolina","NC","13","RALEIGH","NC","276247275","2026","12-MAR-25","2025","202503129754144096"
"H4NC14015","MOORE, TIM","Republican Party","REP","House","H","North Carolina","NC","14","RALEIGH","NC","276247275","2026","12-MAR-25","2025","202503129754144105"
"H6TX14140","FORGY, JESSICA JEANINE","Republican Party","REP","House","H","Texas","TX","14","ALVIN","TX","77512","2026","12-MAR-25","2025","202503129754144116"
"H2NC07096","ROUZER, DAVID","Republican Party","REP","House","H","North Carolina","NC","07","WILMINGTON","NC","284060142","2026","12-MAR-25","2025","202503129754144079"
"H4WI03169","COOKE, REBECCA","Democratic Party","DEM","House","H","Wisconsin","WI","03","EAU CLAIRE","WI","54702","2026","11-MAR-25","2025","202503119754108194"
"H6CA23255","CLAIBORNE, ALEXIS L","Democratic Party","DEM","House","H","California","CA","23","WRIGHTWOOD","CA","92397","2026","11-MAR-25","2025","202503119754127103"
"H6TN05355","TORINO, JAMES","Democratic Party","DEM","House","H","Tennessee","TN","05","COLUMBIA","TN","38401","2026","11-MAR-25","2025","202503119754109284"
"S6MN00465","LOPEZ FRANZEN, MELISA","Democratic Party","DEM","Senate","S","Minnesota","MN","00","HOPKINS","MN","55343","2026","10-MAR-25","2025","202503109754081912"
"S6ME00316","CALABRESE, CARMEM VINCENT MR.","Republican Party","REP","Senate","S","Maine","ME","00","KENNEBUNKPORT","ME","04046","2026","10-MAR-25","2025","202503109754098480"
"H6MN07312","OSBERG, ERIK","Democratic-Farmer-Labor","DFL","House","H","Minnesota","MN","07","WADENA","MN","56482","2026","10-MAR-25","2025","202503109754081957"
"H6CA45159","LEONARD, MARK ANDREW","Republican Party","REP","House","H","California","CA","45","FOUNTAIN VALLEY","CA","92708","2026","10-MAR-25","2025","202503109754081913"
"S6OK04155","BECK, WILLIAM EVAN SCOTT","Democratic Party","DEM","Senate","S","Oklahoma","OK","00","EDMOND","OK","73012","2026","09-MAR-25","2025","202503099754081750"
"H6AL06135","DIXON, CASE","Republican Party","REP","House","H","Alabama","AL","06","SYLVAN SPRINGS","AL","35118","2026","08-MAR-25","2025","202503089754081643"
"S6NC00373","BROWN, DON","Republican Party","REP","Senate","S","North Carolina","NC","00","RALEIGH","NC","27624","2026","08-MAR-25","2025","202503089754081721"
"H6TN05348","BROWN, KENNETH (KEN) H 584882 MR.","None","NNE","House","H","Tennessee","TN","05","NASHVILLE","TN","37204","2026","08-MAR-25","2025","202503089754081682"
"H6NJ07219","GARTH, MICHAEL JOSEPH","Democratic Party","DEM","House","H","New Jersey","NJ","07","FLANDERS","NJ","07836","2026","07-MAR-25","2025","202503079754079666"
"H6TX09108","EMMERT, PETER VAN MR","Republican Party","REP","House","H","Texas","TX","09","DALLAS\S","TX","75230","2026","07-MAR-25","2025","202503079754081110"
"H6PA04144","AYOUAZ, ISMAINE MR","Republican Party","REP","House","H","Pennsylvania","PA","04","NORTH WALES","PA","19454","2026","07-MAR-25","2025","202503079754081065"
"H6TX18190","BEAL, KHRISTOPHER W","Independent","IND","House","H","Texas","TX","18","HOUSTON","TX","77021","2025","06-MAR-25","2025","202503069754070180"
"H6TX18216","PORTER, DESHON","Independent","IND","House","H","Texas","TX","18","HOUSTON","TX","77004","2025","06-MAR-25","2025","202503069754075356"
"H6TX18208","PORTER, DESHON","Republican Party","REP","House","H","Texas","TX","18","HOUSTON","TX","77004","2025","06-MAR-25","2025","202503069754071507"
"H6TN05330","REYNOLDS, LOWELL ANDRE","Unknown","UNK","House","H","Tennessee","TN","05","NASHVILLE","TN","37220","2026","06-MAR-25","2025","202503069754071506"
"H0TX18375","DAVIS, CHANCE","Independence Party","IDP","House","H","Texas","TX","18","HOUSTON","TX","77004","2025","05-MAR-25","2025","202503059754040587"
"H6TX05163","USSERY, JAMES ANTHONY MR","Republican Party","REP","House","H","Texas","TX","05","QUITMAN","TX","75783","2026","05-MAR-25","2025","202503059754047925"
"H6CO08021","SZEMLER, JOHN FRANCIS","Democratic Party","DEM","House","H","Colorado","CO","08","THORNTON","CO","80233","2026","05-MAR-25","2025","202503059754048470"
"H6FL19129","OBERWEIS, JAMES MR.","Republican Party","REP","House","H","Florida","FL","19","BONITA SPRINGS","FL","34134","2026","05-MAR-25","2025","202503059754048206"
"S6GA00341","CAPPARELL, CHRIS","Democratic Party","DEM","Senate","S","Georgia","GA","00","ATLANTA","GA","30314","2025","05-MAR-25","2025","202503059754047931"
"H0CT04237","CERRETA, DAMON LAWRENCE","Independent","IND","House","H","Connecticut","CT","04","BROOKFIELD","CT","06804","2026","04-MAR-25","2025","202503040300501236"
"H6IN08285","BURKE, JAMES WILLIAM MR","Independent","IND","House","H","Indiana","IN","08","TERRE HAUTE","IN","47807","2026","04-MAR-25","2025","202503049754022796"
"H6TX38016","COOK, CURTIS II","Democratic Party","DEM","House","H","Texas","TX","38","SPRING","TX","77388","2026","04-MAR-25","2025","202503049754025725"
"S6MN00457","SCHWARZE, ADAM","Republican Party","REP","Senate","S","Minnesota","MN","00","SAVAGE","MN","55378","2026","04-MAR-25","2025","202503049754027140"
"H6AZ06107","DONAT, CHRIS","Democratic Party","DEM","House","H","Arizona","AZ","06","TUCSON","AZ","85749","2026","04-MAR-25","2025","202503049754027149"
"H6CA24345","SMITH, ROBERT JEFFREY","Republican Party","REP","House","H","California","CA","24","CARPINTERIA","CA","93013","2026","04-MAR-25","2025","202503049754028388"
"H6CO05282","MATTHEWSON, ROY","Independent","IND","House","H","Colorado","CO","05","COLORADO SPRINGS","CO","80910","2026","04-MAR-25","2025","202503049754028389"
"S6AL00419","HOWARD, JAMES GREGORY MR JR","Democratic Party","DEM","Senate","S","Alabama","AL","00","MADISON","AL","35757","2026","04-MAR-25","2025","202503049754037988"
"H4AZ01228","GALAN-WOODS, MARLENE","Democratic Party","DEM","House","H","Arizona","AZ","01","SCOTSDALE","AZ","85250","2026","04-MAR-25","2025","202503049754023175"
"H6FL23147","MORAITIS, GEORGE R","Republican Party","REP","House","H","Florida","FL","23","FORT LAUDERDALE","FL","33334","2026","03-MAR-25","2025","202503039754019179"
"H6FL23139","HARRISON, RAVEN","Republican Party","REP","House","H","Florida","FL","23","BOCO RATON","FL","33432","2026","03-MAR-25","2025","202503039754019178"
"H6CA23230","HODGE, TESSA LYNN","Democratic Party","DEM","House","H","California","CA","23","APPLE VALLEY","CA","92307","2026","03-MAR-25","2025","202503039754019127"
"H6NV03196","BRANDLIN, CHRISTOPHER PAUL","Republican Party","REP","House","H","Nevada","NV","03","LAS VEGAS","NV","89118","2026","28-FEB-25","2025","202502289754006608"
"H6NY14251","HYSENAJ, DIAMANT","Republican Party","REP","House","H","New York","NY","14","ALEXANDRIA","VA","22314","2026","28-FEB-25","2025","202502289753998501"
"H6VA07163","RAINFORTH, MATTHEW G.","Democratic Party","DEM","House","H","Virginia","VA","07","FREDERICKSBURG","VA","22405","2026","28-FEB-25","2025","202502289754006700"
"H4IA03156","LIMON, TRACY L","Independent","IND","House","H","Iowa","IA","03","DES MOINES","IA","50317","2026","28-FEB-25","2025","202502289754006698"
"H6NY23526","HALLER, MAYLON JUSTIN","Democratic Party","DEM","House","H","New York","NY","23","AMSTERDAM","NY","12010","2026","28-FEB-25","2025","202502289754006627"
"H6PA07147","MCCLURE, LAMONT","Democratic Party","DEM","House","H","Pennsylvania","PA","07","BETHLEHEM","PA","18017","2026","27-FEB-25","2025","202502279753970971"
"H6NC09200","HARRIS, MARK E","Republican Party","REP","House","H","North Carolina","NC","08","INDIAN TRAIL","NC","28079","2026","27-FEB-25","2025","202502279753969883"
"H4ME01160","RUSSELL, RONALD CHARLES MR.","Republican Party","REP","House","H","Maine","ME","01","KENNEBUNKPORT","ME","04046","2026","27-FEB-25","2025","202502279753971017"
"H6FL19111","SAPP, HOWARD","Democratic Party","DEM","House","H","Florida","FL","19","FORT MYERS","FL","33913","2026","26-FEB-25","2025","202502269753969476"
"H2MO03167","MANN, BETHANY","Democratic Party","DEM","House","H","Missouri","MO","03","WENTZVILLE","MO","63385","2026","26-FEB-25","2025","202502269753967105"
"H6GA01075","TAYLOR, KANDISS DR.","Republican Party","REP","House","H","Georgia","GA","01","BAXLEY","GA","31513","2026","26-FEB-25","2025","202502269753969725"
"H6TX02202","MANNING, THOMAS CLAYTON","Republican Party","REP","House","H","Texas","TX","02","SPRING","TX","77373","2026","26-FEB-25","2025","202502269753969723"
"H6CO04194","MADDOX, MICHAEL KURTIS","Democratic Party","DEM","House","H","Colorado","CO","04","LOVELAND","CO","80537","2026","26-FEB-25","2025","202502269753969707"
"H6CA48252","MORA, ALBERT JAMES","Democratic Party","DEM","House","H","California","CA","48","CARLSBAD","CA","92009","2026","26-FEB-25","2025","202502269753969730"
"H6AZ04219","HONER, BRADLEY J","Republican Party","REP","House","H","Arizona","AZ","04","CHANDLER","AZ","85224","2026","25-FEB-25","2025","202502259753966935"
"H6TX31086","HAMDEN, RAYMOND H II","Republican Party","REP","House","H","Texas","TX","31","HARKER HEIGHTS","TX","76548","2026","25-FEB-25","2025","202502259753790130"
"H6TX32100","HARPER, CHARLES M.","Independent","IND","House","H","Texas","TX","32","DALLAS","TX","75218","2026","25-FEB-25","2025","202502259753778543"
"H6NJ04190","CUPPLES, KEVIN","Independent","IND","House","H","New Jersey","NJ","04","BRICK","NJ","08724","2026","24-FEB-25","2025","202502249753771550"
"H4FL01288","RUDMAN, JOEL DR.","Republican Party","REP","House","H","Florida","FL","01","NAVARRE","FL","32566","2025","24-FEB-25","2025","202502249753772586"
"H8NH01210","PAPPAS, CHRIS","Democratic Party","DEM","House","H","New Hampshire","NH","01","MANCHESTER","NH","03105","2026","24-FEB-25","2025","202502249753772601"
"H4GA14099","BLALOCK, CLARENCE","Democratic Party","DEM","House","H","Georgia","GA","14","HIRAM","GA","30141","2026","24-FEB-25","2025","202502249753772959"
"H6NJ04208","CUPPLES, KEVIN","Independent","IND","House","H","New Jersey","NJ","04","BRICK TOWNSHIP","NJ","08724","2026","24-FEB-25","2025","202502249753771532"
"H6TX31078","GOMEZ NORIEGA, VALENTINA","Republican Party","REP","House","H","Texas","TX","31","NOLANVILLE","TX","76559","2026","24-FEB-25","2025","202502249753771526"
"H6TX06211","SHOTWELL-MORGAN, AIDEN","Democratic Party","DEM","House","H","Texas","TX","06","BLOOMING GROVE","TX","76626","2026","22-FEB-25","2025","202502229753771317"
"H8VA06104","CLINE, BENJAMIN LEE","Republican Party","REP","House","H","Virginia","VA","06","FINCASTLE","VA","24090","2026","21-FEB-25","2025","202502219753762262"
"H6TX09090","WILMER, DEDDRICK T","Republican Party","REP","House","H","Texas","TX","09","HOUSTON","TX","77095","2026","21-FEB-25","2025","202502219753762793"
"H6IL13154","WILSON, JEFF","Republican Party","REP","House","H","Illinois","IL","13","MAHOMET","IL","61853","2026","21-FEB-25","2025","202502219753762873"
"H4VT01056","COESTER, C. MARK MR","Republican Party","REP","House","H","Vermont","VT","00","WESTMINSTER","VT","05158","2026","21-FEB-25","2025","202502219753762897"
"S6KY00237","CAMERON, DANIEL","Republican Party","REP","Senate","S","Kentucky","KY","00","LEXINGTON","KY","40502","2026","21-FEB-25","2025","202502219753762183"
"S6IA00249","CARLIN, JAMES","Republican Party","REP","Senate","S","Iowa","IA","00","SERGEANT BLUFF","IA","51054","2026","20-FEB-25","2025","202502209753557886"
"S6ME00308","ALCALA, NATASHA","Democratic Party","DEM","Senate","S","Maine","ME","00","MADAWASKA","ME","04756","2026","20-FEB-25","2025","202502209753516084"
"H6CA11219","CHAKRABARTI, SAIKAT","Democratic Party","DEM","House","H","California","CA","11","SAN FRANCISCO","CA","94117","2026","20-FEB-25","2025","202502209753515186"
"S6FL00665","MCBRIDE, EVELYN JANE'-MARIE DR","Democratic Party","DEM","Senate","S","Florida","FL","00","VALRICO","FL","33596","2026","20-FEB-25","2025","202502209753502354"
"H6MI04188","AARON, RICHARD","Democratic Party","DEM","House","H","Michigan","MI","04","COLOMA","MI","49038","2026","20-FEB-25","2025","202502209753503773"
"H0NY02234","GARBARINO, ANDREW","Republican Party","REP","House","H","New York","NY","02","BAYPORT","VA","11705","2026","20-FEB-25","2025","202502209753761169"
"H6LA04138","JOHNSON, JAMES MICHAEL","Republican Party","REP","House","H","Louisiana","LA","04","BENTON","LA","710069331","2026","20-FEB-25","2025","202502209753761105"
"H8SC04250","TIMMONS, WILLIAM R IV","Republican Party","REP","House","H","South Carolina","SC","04","GREENVILLE","SC","296023416","2026","20-FEB-25","2025","202502209753753971"
"H8MS03125","GUEST, MICHAEL PATRICK","Republican Party","REP","House","H","Mississippi","MS","03","BRANDON","MS","39043","2026","20-FEB-25","2025","202502209753753950"
"H6PA03161","CACERES, GABRIEL","Democratic Party","DEM","House","H","Pennsylvania","PA","03","PHILADELPHIA","PA","19103","2026","19-FEB-25","2025","202502199753489739"
"H6GA04160","TRUMAN, BENEDICT MR. II","Democratic Party","DEM","House","H","Georgia","GA","04","ATLANTA","GA","30345","2026","19-FEB-25","2025","202502199753486797"
"S6GA00325","CAPPARELL, CHRISTOPHER","Peace And Freedom Party","PFP","Senate","S","Georgia","GA","00","RIVERDALE","GA","30274","2025","19-FEB-25","2025","202502199753491203"
"H4NJ10184","MELIUS, SHANA","Democratic Party","DEM","House","H","New Jersey","NJ","10","SECAUCUS","NJ","07094","2026","18-FEB-25","2025","202502189753478004"
"P60024254","CAMBRIA, NIA UNIQUE N/A N/A","Independent American Party","IAP","President","P","Pennsylvania","PA","00","PHILADELPHIA","PA","19144","2025","18-FEB-25","2025","202502189753477995"
"H6NY17163","DAVIDSON, BETH","Democratic Party","DEM","House","H","New York","NY","17","TARRYTOWN","NY","10591","2026","18-FEB-25","2025","202502189753480403"
"H6MI01259","STILES, WAYNE","Democratic Party","DEM","House","H","Michigan","MI","01","TRAVERSE CITY","MI","49684","2026","18-FEB-25","2025","202502189753482095"
"H6CA40325","GAGNIER, CHRISTINA","Democratic Party","DEM","House","H","California","CA","40","CHINO HILLS","CA","91709","2026","18-FEB-25","2025","202502189753475842"
"H2TX05253","TORRES, RUTH MS.","Democratic Party","DEM","House","H","Texas","TX","05","MESQUITE","TX","75150","2026","18-FEB-25","2025","202502189753476062"
"H6AZ01272","DEL VECCHIO, BRIAN A","Democratic Party","DEM","House","H","Arizona","AZ","01","ANTHEM","AZ","85086","2026","18-FEB-25","2025","202502189753477493"
"S6KY00229","KENNEDY, WENDE CAROL MS","Republican Party","REP","Senate","S","Kentucky","KY","00","NANCY","KY","42544","2026","17-FEB-25","2025","202502179753463535"
"S6MI00384","HEURTEBISE, FREDERICK","Republican Party","REP","Senate","S","Michigan","MI","00","LUTHER","MI","49656","2026","16-FEB-25","2025","202502169753435328"
"H2TX16250","MONTANEZ BERRIOS (DMB), DELIRIS","Republican Party","REP","House","H","Texas","TX","16","EL PASO","TX","79912","2026","16-FEB-25","2025","202502169753435161"
"H6IN08277","GEORGE, DANIEL OLSEN MR","Democratic Party","DEM","House","H","Indiana","IN","08","ROSEDALE","IN","47874","2026","16-FEB-25","2025","202502169753435257"
"H4MI12079","DINGELL, DEBBIE","Democratic Party","DEM","House","H","Michigan","MI","06","YPSILANTI","MI","48197","2026","16-FEB-25","2025","202502169753435329"
"H6IL03155","KNUTSON, KIP","Democratic Party","DEM","House","H","Illinois","IL","03","WHEATON","IL","60187","2026","15-FEB-25","2025","202502159753432322"
"S6ME00290","SMERIGLIO, DANIEL C","Republican Party","REP","Senate","S","Maine","ME","00","FRENCHVILLE","ME","04745","2026","14-FEB-25","2025","202502149753430192"
"H8FL27185","SALAZAR, MARIA ELVIRA","Republican Party","REP","House","H","Florida","FL","27","MIAMI","FL","33134","2026","14-FEB-25","2025","202502149753430752"
"H6OR04237","KING, SIR WILLIAM RICHARD","Democratic Party","DEM","House","H","Oregon","OR","04","ALBANY","OR","97321","2026","14-FEB-25","2025","202502149753431277"
"H6NJ08183","BARILLA, RICHARD JOSEPH","Independent","IND","House","H","New Jersey","NJ","08","JERSEY CITY","NJ","073101756","2026","14-FEB-25","2025","202502149753429587"
"H6TX19099","ARRINGTON, JODEY","Republican Party","REP","House","H","Texas","TX","19","LUBBOCK","TX","794936687","2026","14-FEB-25","2025","202502149753429993"
"H6LA03148","HIGGINS, CLAY CAPTAIN","Republican Party","REP","House","H","Louisiana","LA","03","LAFAYETTE","LA","705961747","2026","14-FEB-25","2025","202502149753430043"
"H0FL13158","PAULINA LUNA, ANNA","Republican Party","REP","House","H","Florida","FL","13","SAINT PETERSBURG","FL","337428001","2026","14-FEB-25","2025","202502149753430060"
"H0TX15124","DE LA CRUZ, MONICA","Republican Party","REP","House","H","Texas","TX","15","MCALLEN","TX","78502","2026","14-FEB-25","2025","202502149753430068"
"H2FL07156","MILLS, CORY","Republican Party","REP","House","H","Florida","FL","07","ALEXANDRIA","VA","22314","2026","14-FEB-25","2025","202502149753430103"
"S6MN00440","FLANAGAN, MARGARET","Democratic-Farmer-Labor","DFL","Senate","S","Minnesota","MN","00","ST. LOUIS PARK","MN","55426","2026","14-FEB-25","2025","202502149753430111"
"H6AZ05083","BIGGS, ANDY","Republican Party","REP","House","H","Arizona","AZ","05","ALEXANDRIA","VA","22314","2026","14-FEB-25","2025","202502149753430112"
"H6MO06252","INGRAM, JAMES RONALD","Republican Party","REP","House","H","Missouri","MO","06","KANSAS CITY","MO","64157","2026","13-FEB-25","2025","202502180300500521"
"H4GA08117","LASTER, JUSTIN","Democratic Party","DEM","House","H","Georgia","GA","08","AMERICUS","GA","31719","2026","13-FEB-25","2025","202502139753429094"
"H6LA01241","PAGEL, CANDIDA PEARLL","Democratic Party","DEM","House","H","Louisiana","LA","01","NEW ORLEANS","LA","70119","2026","13-FEB-25","2025","202502139753423854"
"H2TX03126","SESSIONS, PETE","Republican Party","REP","House","H","Texas","TX","17","WACO","TX","767147754","2026","13-FEB-25","2025","202502139753423965"
"S6IL00425","GOODMAN, JOHN","Republican Party","REP","Senate","S","Illinois","IL","00","DES PLAINES","IL","60016","2026","13-FEB-25","2025","202502139753424042"
"H6OH01120","FERREIRA, LINDSEY MARIE","Democratic Party","DEM","House","H","Ohio","OH","01","CINCINNATI","OH","45244","2026","13-FEB-25","2025","202502139753424130"
"H2NV02395","AMODEI, MARK EUGENE","Republican Party","REP","House","H","Nevada","NV","02","CARSON CITY","NV","89703","2026","13-FEB-25","2025","202502139753424170"
"H6FL03099","HARP, SETH ALLAN","Democratic Party","DEM","House","H","Florida","FL","03","GAINESVILLE","FL","32611","2026","13-FEB-25","2025","202502139753424635"
"S6ME00282","RENCH, PHILLIP","Independent","IND","Senate","S","Maine","ME","00","WATERBORO","ME","04087","2026","13-FEB-25","2025","202502139753424653"
"H0CO03165","BOEBERT, LAUREN","Republican Party","REP","House","H","Colorado","CO","04","ELIZABETH","CO","80107","2026","13-FEB-25","2025","202502139753424654"
"H8WV03097","MILLER, CAROL DEVINE","Republican Party","REP","House","H","West Virginia","WV","01","ALEXANDRIA","VA","22314","2026","13-FEB-25","2025","202502139753424884"
"H4MT02098","DOWNING, TROY","Republican Party","REP","House","H","Montana","MT","02","HELENA","MT","59624","2026","13-FEB-25","2025","202502139753424890"
"H4TX12065","GOLDMAN, CRAIG","Republican Party","REP","House","H","Texas","TX","12","FORT WORTH","TX","76185","2026","13-FEB-25","2025","202502139753424892"
"H4WV02205","MOORE, RILEY","Republican Party","REP","House","H","West Virginia","WV","02","HARPERS FERRY","WV","25425","2026","13-FEB-25","2025","202502139753424901"
"H8SC05158","NORMAN, RALPH W. JR.","Republican Party","REP","House","H","South Carolina","SC","05","ROCK HILL","SC","29732","2026","13-FEB-25","2025","202502139753424913"
"H4IA01127","PAUTSCH, DAVID ALFRED MR.","Republican Party","REP","House","H","Iowa","IA","01","DAVENPORT","IA","52806","2026","13-FEB-25","2025","202502139753427185"
"H6CA05369","WELAND, JASON PATRICK MR.","Republican Party","REP","House","H","California","CA","05","SANTA MARIA, CA","CA","93455","2026","13-FEB-25","2025","202502139753423849"
"H6CA49144","STERN, ELI","Republican Party","REP","House","H","California","CA","49","ENCINITAS","CA","92024","2026","12-FEB-25","2025","202502129753423811"
"H6NV01299","GURNER, ROY WILLIAM MR","Republican Party","REP","House","H","Nevada","NV","01","HENDERSON","NV","89074","2026","12-FEB-25","2025","202502129753420736"
"H6NC09218","OJEDA, RICHARD N.","Democratic Party","DEM","House","H","North Carolina","NC","09","ABERDEEN","NC","28315","2026","12-FEB-25","2025","202502129753421379"
"S6TX00354","DUNCAN, ALEXANDER","Republican Party","REP","Senate","S","Texas","TX","00","WEATHERFORD","TX","76088","2026","12-FEB-25","2025","202502129753403318"
"H6MI01242","MICHAL, JUSTIN","Republican Party","REP","House","H","Michigan","MI","01","GRAYLING","MI","49738","2026","12-FEB-25","2025","202502129753402645"
"H6AZ05174","STOVALL, ALEX NICOLAS","Republican Party","REP","House","H","Arizona","AZ","05","QUEEN CREEK","AZ","85142","2026","12-FEB-25","2025","202502129753403299"
"H6KY04114","MASON-HILL, ELIZABETH A.","Democratic Party","DEM","House","H","Kentucky","KY","04","VILLA HILLS","KY","41017","2026","12-FEB-25","2025","202502129753401688"
"H8KY02031","GUTHRIE, S. BRETT BRETT HON.","Republican Party","REP","House","H","Kentucky","KY","02","LOUISVILLE","KY","40252","2026","11-FEB-25","2025","202502119753397581"
"H0AZ01259","GOSAR, PAUL DR.","Republican Party","REP","House","H","Arizona","AZ","09","PRESCOTT","AZ","86302","2026","11-FEB-25","2025","202502119753401352"
"H8MA02041","NEAL, RICHARD E","Democratic Party","DEM","House","H","Massachusetts","MA","01","SPRINGFIELD","MA","01101","2026","11-FEB-25","2025","202502119753397723"
"S6AL00401","GLASGOW, VALMA K","Democratic Party","DEM","Senate","S","Alabama","AL","00","DOTHAN","AL","36303","2026","10-FEB-25","2025","202502180300500572"
"H4NJ07131","VARTAN, GREGORY III","Democratic Party","DEM","House","H","New Jersey","NJ","07","SUMMIT","NJ","07902","2026","10-FEB-25","2025","202502109753368058"
"H6SC07026","GRAHAM, JAQUELYN","No Party Affiliation","NPA","House","H","South Carolina","SC","07","LITTLE RIVER","SC","29566","2026","10-FEB-25","2025","202502109753374014"
"H0CA10149","GARAMENDI, JOHN","Democratic Party","DEM","House","H","California","CA","08","FAIRFIELD","CA","94533","2026","10-FEB-25","2025","202502109753368708"
"H6CO01141","DEGETTE, DIANA L","Democratic Party","DEM","House","H","Colorado","CO","01","DENVER","CO","80206","2026","10-FEB-25","2025","202502109753372037"
"H2OR01240","RUSS, DAVID HONORABLE","Republican Party","REP","House","H","Oregon","OR","06","DUNDEE","OR","97115","2026","10-FEB-25","2025","202502109753368528"
"S6SC04221","ELLISON, JACK","None","NNE","Senate","S","South Carolina","SC","00","CHARLESTON","SC","29414","2026","09-FEB-25","2025","202502099753367035"
"H6MI09211","CARTWRIGHT, JASEN D","Independent","IND","House","H","Michigan","MI","09","MACOMB","MI","48042","2026","08-FEB-25","2025","202502089753366372"
"H4WA04104","NEWHOUSE, DAN","Republican Party","REP","House","H","Washington","WA","04","SUNNYSIDE","WA","989449767","2026","07-FEB-25","2025","202502079753332212"
"H6GA05308","CASTRO, ANDRES","Democratic Party","DEM","House","H","Georgia","GA","05","ATLANTA","GA","30310","2026","07-FEB-25","2025","202502079753343120"
"H6CO01240","CAPOBIANCO, AMANDA","Republican Party","REP","House","H","Colorado","CO","07","DENVER","CO","80014","2026","07-FEB-25","2025","202502079753365551"
"H6VA01117","SCOTT, ROBERT C","Democratic Party","DEM","House","H","Virginia","VA","03","NEWPORT NEWS","VA","23607","2026","07-FEB-25","2025","202502079753344424"
"S6CO00408","BRESLIN, KAREN","Democratic Party","DEM","Senate","S","Colorado","CO","00","ELIZABETH","CO","80107","2026","07-FEB-25","2025","202502079753365436"
"H6FL15168","PEOPLE, ROBERT","Democratic Party","DEM","House","H","Florida","FL","15","TAMPA","FL","33689","2026","07-FEB-25","2025","202502079753343136"
"H6CA49136","ARELLANO, JULIAN","Democratic Party","DEM","House","H","California","CA","49","OCEANSIDE","CA","92058","2026","06-FEB-25","2025","202502069753331466"
"H6GA23012","HARRISON, RAVEN","Republican Party","REP","House","H","Georgia","GA","23","BOCO RATON","FL","33432","2026","06-FEB-25","2025","202502069753259657"
"H0DC00058","NORTON, ELEANOR HOLMES","Democratic Party","DEM","House","H","District Of Columbia","DC","00","WASHINGTON","DC","20003","2026","06-FEB-25","2025","202502069753330783"
"H6NC03187","SCHULTE, CHRIS","Democratic Party","DEM","House","H","North Carolina","NC","03","SNEADS FERRY","NC","28460","2026","06-FEB-25","2025","202502069753259818"
"H0FL17068","WILSON, FREDERICA S.","Democratic Party","DEM","House","H","Florida","FL","24","WASHINGTON","DC","20003","2026","06-FEB-25","2025","202502069753330080"
"S6FL00657","LANG, JAKE","Republican Party","REP","Senate","S","Florida","FL","00","LAKEWORTH","FL","33467","2026","06-FEB-25","2025","202502069753259717"
"H4OK06056","LUCAS, FRANK D.","Republican Party","REP","House","H","Oklahoma","OK","03","CHEYENNE","OK","736281039","2026","05-FEB-25","2025","202502059753258303"
"H0VA09055","GRIFFITH, H MORGAN","Republican Party","REP","House","H","Virginia","VA","09","CHRISTIANSBURG","VA","24068","2026","05-FEB-25","2025","202502059753258322"
"H2MI13204","THANEDAR, SHRI","Democratic Party","DEM","House","H","Michigan","MI","13","DETROIT","MI","48203","2026","05-FEB-25","2025","202502059753258323"
"H4NJ09194","POU, NELIDA","Democratic Party","DEM","House","H","New Jersey","NJ","09","PATERSON","NJ","07509","2026","05-FEB-25","2025","202502059753258674"
"H4NC06177","MCDOWELL, ADDISON","Republican Party","REP","House","H","North Carolina","NC","06","RALEIGH","NC","276230172","2026","05-FEB-25","2025","202502059753258336"
"H2FL14053","FRANKEL, LOIS J.","Democratic Party","DEM","House","H","Florida","FL","22","DELRAY BEACH","FL","33446","2026","05-FEB-25","2025","202502059753258350"
"H4NC05146","FOXX, VIRGINIA ANN","Republican Party","REP","House","H","North Carolina","NC","05","BOONE","NC","28607","2026","05-FEB-25","2025","202502059753258335"
"H6FL20077","MANLEY, ELIJAH","Democratic Party","DEM","House","H","Florida","FL","20","FORT LAUDERDALE","FL","33301","2026","04-FEB-25","2025","202502049753255235"
"H6NJ07201","BENNETT, REBECCA","Democratic Party","DEM","House","H","New Jersey","NJ","07","WASHINGTON","DC","20001","2026","04-FEB-25","2025","202502049753256351"
"H6PA12097","FORGIE, ADAM ROBERT","Democratic Party","DEM","House","H","Pennsylvania","PA","12","TURTLE CREEK","PA","15145","2026","04-FEB-25","2025","202502049753256366"
"H2KY02125","COMPTON, WILLIAM DAKOTA","Democratic Party","DEM","House","H","Kentucky","KY","02","BOWLING GREEN","KY","42101","2026","04-FEB-25","2025","202502049753257034"
"H8TN02119","BURCHETT, TIM","Republican Party","REP","House","H","Tennessee","TN","02","KNOXVILLE","TN","37950","2026","04-FEB-25","2025","202502049753257032"
"H0TN04195","DESJARLAIS, SCOTT HON.","Republican Party","REP","House","H","Tennessee","TN","04","SOUTH PITTSBURG","TN","373806414","2026","04-FEB-25","2025","202502049753257033"
"H6AZ07055","RIVAS, JORGE","Republican Party","REP","House","H","Arizona","AZ","07","TUCSON","AZ","85705","2026","04-FEB-25","2025","202502049753256372"
"H4DE00060","HALL, DONYALE LONDON","Republican Party","REP","House","H","Delaware","DE","00","DOVER","DE","19904","2026","03-FEB-25","2025","202502039753252431"
"P60024247","CAMBRIA, NIA UNIQUE N/A N/A","Independent American Party","IAP","President","P","Pennsylvania","PA","00","PHILADELPHIA","PA","19144","2025","03-FEB-25","2025","202502039753239298"
"H6AZ06099","MENDOZA, JOANNA","Democratic Party","DEM","House","H","Arizona","AZ","06","MARANA","AZ","85653","2026","03-FEB-25","2025","202502039753239336"
"S6SC04213","LYNCH, MARK","Republican Party","REP","Senate","S","South Carolina","SC","00","GREENVILLE","SC","29607","2026","03-FEB-25","2025","202502039753245766"
"H0MN05251","AL-AQIDI, DALIA","Republican Party","REP","House","H","Minnesota","MN","05","MINNEAPOLIS","MN","55401","2026","03-FEB-25","2025","202502039753240533"
"H6CA47064","MAXSENTI, MICHAEL","Republican Party","REP","House","H","California","CA","47","SANTA ANA","CA","92704","2026","03-FEB-25","2025","202502039753242450"
"H6PA35015","MURPHY, CRAIG","Republican Party","REP","House","H","Pennsylvania","PA","35","DUQUESNE","PA","15110","2025","03-FEB-25","2025","202502039753239355"
"H8WA08064","GREENE, CLIFFORD MARK","Republican Party","REP","House","H","Washington","WA","09","FEDERAL WAY","WA","98063","2026","01-FEB-25","2025","202502019753187126"
"H4NY15147","VEGA, JOSE DAVID","Unaffiliated","UN","House","H","New York","NY","15","BRONX","NY","10459","2026","31-JAN-25","2025","202501319749120919"
"S6KY00211","STEVENSON, PAMELA","Democratic Party","DEM","Senate","S","Kentucky","KY","00","LOUISVILLE","KY","40203","2026","31-JAN-25","2025","202501319749034170"
"H4OH02248","TAYLOR, DAVID","Republican Party","REP","House","H","Ohio","OH","02","AMELIA","OH","45102","2026","31-JAN-25","2025","202501319748824177"
"H2OH14064","JOYCE, DAVID P.","Republican Party","REP","House","H","Ohio","OH","14","CHAGRIN FALLS","OH","440224108","2026","31-JAN-25","2025","202501319748823451"
"H4TX02181","FILLER, PETER STEVEN","Democratic Party","DEM","House","H","Texas","TX","02","HOUSTON","TX","77068","2026","31-JAN-25","2025","202501319753051382"
"H4MO01134","BELL, WESLEY","Democratic Party","DEM","House","H","Missouri","MO","01","WASHINGTON","DC","20033","2026","30-JAN-25","2025","202501309748279703"
"H6CA41232","PORTER, FERGUSON","Democratic Party","DEM","House","H","California","CA","41","PALM SPRINGS","CA","92262","2026","30-JAN-25","2025","202501309748263985"
"H8ID02064","SIMPSON, MICHAEL","Republican Party","REP","House","H","Idaho","ID","02","BLACKFOOT","ID","832211667","2026","30-JAN-25","2025","202501309748180875"
"H6GA07171","MOBURG, HAIDEN WILLIAM","Democratic Party","DEM","House","H","Georgia","GA","07","CUMMING","GA","30040","2025","30-JAN-25","2025","202501309748656346"
"H4NY16087","LATIMER, GEORGE","Democratic Party","DEM","House","H","New York","NY","16","RYE","NY","10580","2026","30-JAN-25","2025","202501309748321308"
"H2NY13096","ESPAILLAT, ADRIANO","Democratic Party","DEM","House","H","New York","NY","13","NEW YORK","NY","10034","2026","30-JAN-25","2025","202501309748321176"
"H8OH05036","LATTA, ROBERT EDWARD","Republican Party","REP","House","H","Ohio","OH","05","BOWLING GREEN","OH","434023616","2026","29-JAN-25","2025","202501299748086759"
"H6NY21207","HEWITT, DYLAN","Democratic Party","DEM","House","H","New York","NY","21","GLENS FALLS","NY","12801","2026","29-JAN-25","2025","202501299748116631"
"H4IL13241","LOYD, JOSHUA","Republican Party","REP","House","H","Illinois","IL","13","CARBONDALE","IL","62902","2026","29-JAN-25","2025","202501299748055020"
"H8NJ04014","SMITH, CHRISTOPHER H","Republican Party","REP","House","H","New Jersey","NJ","04","TOMS RIVER","NJ","087541266","2026","29-JAN-25","2025","202501299748073258"
"S6OH00320","FARMS, WILLIAM","Democratic Party","DEM","Senate","S","Ohio","OH","00","JEWETT","OH","43986","2026","28-JAN-25","2025","202501289747985618"
"H0CA35146","CARGILE, MIKE","Republican Party","REP","House","H","California","CA","35","POMONA","CA","91766","2026","28-JAN-25","2025","202501289748015752"
"H4PA13298","FARNHAM, ELIZABETH RHOADS","Democratic Party","DEM","House","H","Pennsylvania","PA","13","CONEWAGO TOWNSHIP","PA","17331","2026","28-JAN-25","2025","202501289748015656"
"H4MO02090","SUMMERS, CHARLES DAVID MR.","Democratic Party","DEM","House","H","Missouri","MO","02","OAKVILLE","MO","63129","2026","28-JAN-25","2025","202501289748009499"
"S6LA00524","ARRINGTON, RANDALL STEVEN PHD","Republican Party","REP","Senate","S","Louisiana","LA","00","PONCHATOULA","LA","70454","2026","27-JAN-25","2025","202501279747888007"
"H4WA05168","CONROY, CARMELA","Democratic Party","DEM","House","H","Washington","WA","05","SPOKANE","WA","99204","2026","27-JAN-25","2025","202501279747788417"
"H6CO08013","RUTINEL, MANNY","Democratic Party","DEM","House","H","Colorado","CO","08","COMMERCE CITY","CO","80022","2026","27-JAN-25","2025","202501279747782579"
"H6MI10268","HAWKINS, ALEXANDER","Democratic Party","DEM","House","H","Michigan","MI","10","ROCHESTER","MI","48307","2026","27-JAN-25","2025","202501279747894339"
"H6RI02292","ANZOLI, ARMANDO LUCIANO","Independent","IND","House","H","Rhode Island","RI","02","EAST GREENWICH","RI","02818","2026","26-JAN-25","2025","202501269747780316"
"H8VA11062","CONNOLLY, GERALD EDWARD","Democratic Party","DEM","House","H","Virginia","VA","11","MERRIFIELD","VA","22116","2026","26-JAN-25","2025","202501269747780243"
"H6MO08167","TUNE, JOHNATHON","Republican Party","REP","House","H","Missouri","MO","08","CABOOL","MO","65689","2026","25-JAN-25","2025","202501259747763308"
"H0MD06231","PARROTT, NEIL CONRAD MR.","Republican Party","REP","House","H","Maryland","MD","06","HAGERSTOWN","MD","21742","2026","24-JAN-25","2025","202501249747747742"
"H4MD08213","RILEY, CHERYL","Republican Party","REP","House","H","Maryland","MD","08","ROCKVILLE","MD","20852","2026","24-JAN-25","2025","202501249747748077"
"H8TX21331","GARZA, MAURO EVERETT MR.","Republican Party","REP","House","H","Texas","TX","34","WASHINGTON","DC","20003","2026","24-JAN-25","2025","202501249747748104"
"H4MD05219","TALKINGTON, MICHELLE","Republican Party","REP","House","H","Maryland","MD","05","DUBLIN","OH","43017","2026","24-JAN-25","2025","202501249747748114"
"P60024213","PICKETT, PAIGE SUMMER","Unknown","UNK","President","P","United States","00","00","INDIANAPOLIS","IN","46220","2025","24-JAN-25","2025","202501249747759746"
"H6GA09250","COUVILLON, SAM","Republican Party","REP","House","H","Georgia","GA","09","GAINESVILLE","GA","30503","2026","24-JAN-25","2025","202501249747742535"
"H2ID01192","PETERSON, KAYLEE JADE","Democratic Party","DEM","House","H","Idaho","ID","01","EAGLE","ID","83616","2026","24-JAN-25","2025","202501249747744970"
"H2MS04258","EZELL, WALTER MICHAEL","Republican Party","REP","House","H","Mississippi","MS","04","HATTIESBURG","MS","39404","2026","24-JAN-25","2025","202501249747745181"
"S6TX00347","MCNABB, BARRETT ANTHONY","Republican Party","REP","Senate","S","Texas","TX","00","HOUSTON","TX","77007","2026","24-JAN-25","2025","202501249747749451"
"H6CT05215","TADDEO-WAITE, JACKSON","Democratic Party","DEM","House","H","Connecticut","CT","05","WASHINGTON DEPOT","CT","06794","2026","23-JAN-25","2025","202501239747710903"
"H6NC08160","PRINCE, BRIANNA","Republican Party","REP","House","H","North Carolina","NC","08","LELAND","NC","28451","2025","23-JAN-25","2025","202501239747726475"
"H4CA46137","PAN, DAVID","Republican Party","REP","House","H","California","CA","46","SANTA ANA","CA","92704","2026","23-JAN-25","2025","202501239747731383"
"H6KS03258","LAPORTE, CHASE","Republican Party","REP","House","H","Kansas","KS","03","LENEXA","KS","66215","2026","23-JAN-25","2025","202501239747740195"
"H6TX31060","MCCONNELL, JACK","Republican Party","REP","House","H","Texas","TX","31","AUSTIN","TX","78717","2026","23-JAN-25","2025","202501239747734185"
"H6TX01295","MCCULLOUGH, WILLIAM TROY MR","Republican Party","REP","House","H","Texas","TX","01","GLADEWATER","TX","75647","2026","23-JAN-25","2025","202501239747740187"
"H6NC08178","PRINCE, BRIANNA","Republican Party","REP","House","H","North Carolina","NC","08","LELAND","NC","28451","2025","23-JAN-25","2025","202501239747732657"
"S6OH00312","BIBLER, BRIAN CHRISTOPHER MR","Republican Party","REP","Senate","S","Ohio","OH","00","WELLSTON","OH","45692","2026","22-JAN-25","2025","202501229747687105"
"H2OH03125","BEATTY, JOYCE","Democratic Party","DEM","House","H","Ohio","OH","03","BLACKLICK","OH","43004","2026","22-JAN-25","2025","202501229747690005"
"H6NH02253","PENNINGTON, DEAN","Democratic Party","DEM","House","H","New Hampshire","NH","02","HUDSON","NH","03051","2026","22-JAN-25","2025","202501229747710458"
"S8IL00215","MINK, AUSTIN JAMES","Independent","IND","Senate","S","Illinois","IL","00","WINTHROP HARBOR","IL","60096","2026","22-JAN-25","2025","202501229747708610"
"H6IN01215","GONZALEZ, DIEGO MR. JR","Democratic Party","DEM","House","H","Indiana","IN","01","WHITING","IN","46394","2026","22-JAN-25","2025","202501229747710195"
"H4TN04270","BRODERICK, VICTORIA","Democratic Party","DEM","House","H","Tennessee","TN","04","FAYETTEVILLE","TN","37334","2026","22-JAN-25","2025","202501229747692223"
"H6NY02132","TAVERAS, JOSHUA J","Democratic Party","DEM","House","H","New York","NY","02","MASSAPEQUA","NY","11758","2026","21-JAN-25","2025","202501219747634084"
"S6FL00640","MOODY, ASHLEY","Republican Party","REP","Senate","S","Florida","FL","00","TAMPA","FL","33606","2026","21-JAN-25","2025","202501219747635377"
"H6AL03165","COAKLEY, DRAIC","Republican Party","REP","House","H","Alabama","AL","03","HEFLIN","AL","36264","2026","21-JAN-25","2025","202501219747660878"
"H6CA41224","CHAVEZ, ABEL","Democratic Party","DEM","House","H","California","CA","41","FULLERTON","CA","92835","2026","21-JAN-25","2025","202501219747657232"
"H6CA40317","KERR, JOSEPH","Democratic Party","DEM","House","H","California","CA","40","FULLERTON","CA","92835","2026","21-JAN-25","2025","202501219747660812"
"S6TX00339","DUNCAN, ALEXANDER","Republican Party","REP","Senate","S","Texas","TX","00","WEATHERFORD","TX","76088","2026","21-JAN-25","2025","202501219747656616"
"S6OH00304","HUSTED, JON","Republican Party","REP","Senate","S","Ohio","OH","00","COLUMBUS","OH","43206","2026","20-JAN-25","2025","202501209747629989"
"H8CT01046","LARSON, JOHN B","Democratic Party","DEM","House","H","Connecticut","CT","01","EAST HARTFORD","CT","06108","2026","20-JAN-25","2025","202501209747628704"
"S6AL00393","WHEELER, MARK SHANNON MR II","Democratic Party","DEM","Senate","S","Alabama","AL","00","HEFLIN","AL","36264","2026","19-JAN-25","2025","202501199747627550"
"H6GA13039","JONES, EMANUEL","Democratic Party","DEM","House","H","Georgia","GA","13","ELLENWOOD","GA","30294","2025","17-JAN-25","2025","202501179747623831"
"S4MT00217","HUMMERT, MICHAEL","Democratic Party","DEM","Senate","S","Montana","MT","00","HELENA","MT","59602","2026","17-JAN-25","2025","202501179740201125"
"S6FL00632","HAMILTON, MICHAELANGELO COLLINS","Republican Party","REP","Senate","S","Florida","FL","00","BOCA RATON","FL","33487","2026","16-JAN-25","2025","202501169740190181"
"H6NV02271","FULKERSON, HEATH VINCENT","Republican Party","REP","House","H","Nevada","NV","02","RENO","NV","89521","2026","16-JAN-25","2025","202501169740190561"
"S6CA01046","FULKERSON, HEATH VINCENT","Republican Party","REP","Senate","S","California","CA","00","LOWER LAKE","CA","95457","2026","16-JAN-25","2025","202501169740190542"
"H6NV03188","PARKER, LUCENA","Republican Party","REP","House","H","Nevada","NV","03","LAS VEGAS","NV","89183","2026","16-JAN-25","2025","202501169740190213"
"S6NC00365","AGNEW, BROOKS ALEXANDER","Republican Party","REP","Senate","S","North Carolina","NC","00","CONCORD","NC","28027","2026","15-JAN-25","2025","202501159740178901"
"H2TX31044","CARTER, JOHN R REP.","Republican Party","REP","House","H","Texas","TX","31","WASHINGTON","TX","205150001","2026","15-JAN-25","2025","202501159740180051"
"H6CA49128","DESMOND, JIM","Republican Party","REP","House","H","California","CA","49","IRVINE","CA","92618","2026","15-JAN-25","2025","202501159740185767"
"H6OK01201","CROISANT, JOHN THOMAS","Democratic Party","DEM","House","H","Oklahoma","OK","01","TULSA","OK","74114","2026","15-JAN-25","2025","202501159740184244"
"H6FL13148","BUCHANAN, VERNON","Republican Party","REP","House","H","Florida","FL","16","SARASOTA","FL","342305928","2026","15-JAN-25","2025","202501159740182163"
"H4MS02068","THOMPSON, BENNIE G.","Democratic Party","DEM","House","H","Mississippi","MS","02","BOLTON","MS","390419634","2026","14-JAN-25","2025","202501149740172278"
"S6NC00357","NILSSON, ROBERT ANDERS MR","Republican Party","REP","Senate","S","North Carolina","NC","00","WINSTON SALEM","NC","27103","2026","14-JAN-25","2025","202501149740174394"
"H6TN03202","HAWN, JOEL DEREK MR","Democratic Party","DEM","House","H","Tennessee","TN","03","WARTBURG","TN","37887","2026","14-JAN-25","2025","202501149740174561"
"H6TX02194","ZOLARI, AVA","Republican Party","REP","House","H","Texas","TX","02","AUSTIN","TX","78711","2026","14-JAN-25","2025","202501149740174518"
"H6WV01129","SARTIN, DAVID WAYNE","Republican Party","REP","House","H","West Virginia","WV","01","KERMIT","WV","25674","2026","14-JAN-25","2025","202501149740174534"
"H6IL07321","WASHINGTON SOVIEGN, EMELIA ROSIE","None","NNE","House","H","Illinois","IL","07","BARSTOW","CA","92311","2025","14-JAN-25","2025","202501149740174486"
"H6NJ11179","STRICKLAND, JUSTIN","Democratic Party","DEM","House","H","New Jersey","NJ","11","CHATHAM","NJ","07928","2026","13-JAN-25","2025","202501139740133700"
"H6UT01152","TOMKINS, ANTHONY","Democratic Party","DEM","House","H","Utah","UT","01","BRIGHAM CITY","UT","84302","2026","12-JAN-25","2025","202501129740130510"
"H6FL01473","RISTICK, TEDDY","Republican Party","REP","House","H","Florida","FL","01","DANVILLE","IL","61832","2025","12-JAN-25","2025","202501129740132484"
"H6IL07313","BROWN, JERICO J","Independent","IND","House","H","Illinois","IL","07","CHICAGO","IL","60621","2026","12-JAN-25","2025","202501129740132378"
"H6AL01078","THOMAS, KIMBERLY","Democratic Party","DEM","House","H","Alabama","AL","01","BIRMINGHAM","AL","35203","2025","12-JAN-25","2025","202501129740130520"
"H6FL01465","RISTICK, TEDDY","Republican Party","REP","House","H","Florida","FL","01","DANVILLE","IL","61832","2025","10-JAN-25","2025","202501109740129141"
"H4MI07103","WALBERG, TIMOTHY L REP","Republican Party","REP","House","H","Michigan","MI","05","TIPTON","MI","492879807","2026","10-JAN-25","2025","202501109740117777"
"H5NY21019","GUNTHER, JOHN","Democratic Party","DEM","House","H","New York","NY","21","SHUSHAN","NY","12873","2025","10-JAN-25","2025","202501100300495109"
"H6CA43139","TRUMAN, CHRISTOPHER","Democratic Party","DEM","House","H","California","CA","43","TORRANCE","CA","90503","2026","09-JAN-25","2025","202501099740114117"
"S6FL00624","LAROSE, JOSUE ECONOMIST","Republican Party","REP","Senate","S","Florida","FL","00","FORT LAUDERDALE","FL","33306","2026","07-JAN-25","2025","202501079740080263"
"H6NY17155","REINMANN, JESSICA","Democratic Party","DEM","House","H","New York","NY","17","CHAPPAQUA","NY","10514","2026","07-JAN-25","2025","202501079740080186"
"H6CA40309","VARET, ESTHER KIM","Democratic Party","DEM","House","H","California","CA","40","SACRAMENTO","CA","95815","2026","07-JAN-25","2025","202501079740070082"
"H4WA06141","CLARK, JANIS MENEATRICE DR.","Republican Party","REP","House","H","Washington","WA","09","FEDERAL WAY","WA","98003","2026","07-JAN-25","2025","202501079740080270"
"S6ID00120","EVANS, JOE","Republican Party","REP","Senate","S","Idaho","ID","00","MERIDIAN","ID","83642","2026","06-JAN-25","2025","202501069740058970"
"H6FL11126","CASTOR, KATHY","Democratic Party","DEM","House","H","Florida","FL","14","TAMPA","FL","33606","2026","06-JAN-25","2025","202501069740059113"
"P60024189","GRAHAM, DORIAN R","Democratic Party","DEM","President","P","United States","00","00","NEWHALL","CA","91321","2025","06-JAN-25","2025","202501069740059266"
"H6CA34278","COLIN, LOREN","No Party Preference","NOP","House","H","California","CA","34","LOS ANGELES","CA","90026","2026","06-JAN-25","2025","202501069740066507"
"P60024205","RESENDEZ, ELIUD D","None","NNE","President","P","United States","00","00","AZUSA","CA","91702","2025","06-JAN-25","2025","202501069740059706"
"H4CA09101","MCBRIDE, JOHN","Republican Party","REP","House","H","California","CA","09","LODI","CA","95242","2026","06-JAN-25","2025","202501069740063531"
"P60024197","GRAHAM, DORIAN R","Democratic Party","DEM","President","P","California","CA","00","NEWHALL","CA","91321","2025","06-JAN-25","2025","202501069740059292"
"H6FL06308","FONTAINE, SHOHREH Y","Republican Party","REP","House","H","Florida","FL","06","PALM COAST","FL","32137","2025","05-JAN-25","2025","202501059740058086"
"H6CA29245","SPARROW, STEVEN","Republican Party","REP","House","H","California","CA","29","NORTH HOLLYWOOD","CA","91601","2026","05-JAN-25","2025","202501059740058045"
"H4CO03357","HURD, JEFFREY","Republican Party","REP","House","H","Colorado","CO","03","GRAND JUNCTION","CO","81506","2026","04-JAN-25","2025","202501049740057449"
"H6CA46116","CORREA, LOU","Democratic Party","DEM","House","H","California","CA","46","SANTA ANA","CA","92706","2026","03-JAN-25","2025","202501039740056509"
"H4MI03243","MARKEY, MICHAEL JAY MR. JR.","Republican Party","REP","House","H","Michigan","MI","03","GRAND HAVEN","MI","49417","2026","03-JAN-25","2025","202501039740056653"
"H6TX03226","WHEATLEY, JORDAN DOUGLAS","Democratic Party","DEM","House","H","Texas","TX","03","DALLAS","TX","75252","2026","03-JAN-25","2025","202501039740057275"
"H0AL07086","SEWELL, TERRI A.","Democratic Party","DEM","House","H","Alabama","AL","07","BIRMINGHAM","AL","35201","2026","03-JAN-25","2025","202501039740057211"
"H6MS01131","KELLY, JOHN TRENT","Republican Party","REP","House","H","Mississippi","MS","01","TUPELO","MS","38804","2026","03-JAN-25","2025","202501039740056839"
"H6CA51108","WILLIAMS, JOHN-SAMUEL ETHERIDGE","Republican Party","REP","House","H","California","CA","51","SAN DIEGO","CA","92120","2026","02-JAN-25","2025","202501029740051640"
"H6CA04172","TYLER, JOHN WESLEY","Democratic Party","DEM","House","H","California","CA","04","LOWER LAKE","CA","95457","2026","02-JAN-25","2025","202501029740053729"
"S6TX00321","SCHMOKER, TONY","Republican Party","REP","Senate","S","Texas","TX","00","PRINCETON","TX","75407","2026","02-JAN-25","2025","202501029740051732"
"H6IL09160","CLEVELAND, ROCIO MRS.","Republican Party","REP","House","H","Illinois","IL","09","ISLAND LAKE","IL","60042","2026","31-DEC-24","2024","202412319740048265"
"H6CA41216","WIEBELHAUS, CODY MICHAEL","Republican Party","REP","House","H","California","CA","41","PALM SPRINGS","CA","92264","2026","31-DEC-24","2024","202412319740048778"
"H4FL14117","ROCHFORD, ROBERT ANTHONY ROCKY CAPT","Republican Party","REP","House","H","Florida","FL","14","THONOTOSSASA","FL","33592","2026","30-DEC-24","2024","202412309739994474"
"H6TN01529","GIBSON, DANNY","Republican Party","REP","House","H","Tennessee","TN","01","JEFFERSON CITY","TN","37760","2026","29-DEC-24","2024","202412299739993234"
"S4MN00486","RUOHO, MIKE","Republican Party","REP","Senate","S","Minnesota","MN","00","SAINT PAUL","MN","55119","2026","28-DEC-24","2024","202412289739992987"
"H6NE03115","SMITH, ADRIAN","Republican Party","REP","House","H","Nebraska","NE","03","SCOTTSBLUFF","NE","693613563","2026","28-DEC-24","2024","202412289739992961"
"H6FL01457","BRODEN, STEPHEN","Independent","IND","House","H","Florida","FL","01","DESOTO","TX","75115","2025","23-DEC-24","2024","202412239739985322"
"H4MI02138","LYNCH, MICHAEL","Democratic Party","DEM","House","H","Michigan","MI","02","ALMA","MI","48801","2026","22-DEC-24","2024","202412229739979210"
"H6AZ04201","REYE, ELIZABETH","Republican Party","REP","House","H","Arizona","AZ","04","PARADISE VALLEY","AZ","85253","2026","22-DEC-24","2024","202412229739979173"
"H4WA09095","CHAUDHRY, MELISSA","Democratic Party","DEM","House","H","Washington","WA","09","SEATTLE","WA","98118","2026","22-DEC-24","2024","202412229739978988"
"H6FL01440","BRODEN, STEPHEN EDWARD","Independent","IND","House","H","Florida","FL","01","DESOTO","TX","75223","2025","21-DEC-24","2024","202412219739978883"
"H8SD01055","JOHNSON, DUSTY","Republican Party","REP","House","H","South Dakota","SD","00","MITCHELL","SD","57301","2026","21-DEC-24","2024","202412219739978942"
"H6TN02154","POGUE, OLIVER FREEMAN","No Party Affiliation","NPA","House","H","Tennessee","TN","02","KNOXVILLE","TN","37917","2026","21-DEC-24","2024","202412219739978837"
"H2NY00010","VELAZQUEZ, NYDIA M.","Democratic Party","DEM","House","H","New York","NY","07","BROOKLYN","NY","11231","2026","20-DEC-24","2024","202412209739938247"
"H2CA39078","SANCHEZ, LINDA","Democratic Party","DEM","House","H","California","CA","38","WHITTIER","CA","90607","2026","20-DEC-24","2024","202412209739938249"
"H2TX33073","VEASEY, MARC ALLISON","Democratic Party","DEM","House","H","Texas","TX","33","FORT WORTH","TX","76105","2026","20-DEC-24","2024","202412209739941079"
"H8PA04116","DEAN, MADELEINE","Democratic Party","DEM","House","H","Pennsylvania","PA","04","GLENSIDE","PA","19038","2026","20-DEC-24","2024","202412209739941078"
"H2LA02149","CARTER, TROY A. SR.","Democratic Party","DEM","House","H","Louisiana","LA","02","NEW ORLEANS","LA","70150","2026","20-DEC-24","2024","202412209739941073"
"H4AS00036","AMATA, AUMUA","Republican Party","REP","House","H","American Samoa","AS","00","PAGO PAGO","AS","96799","2026","19-DEC-24","2024","202412199739937365"
"H6FL04105","RUTHERFORD, JOHN","Republican Party","REP","House","H","Florida","FL","05","JACKSONVILLE","FL","322248432","2026","19-DEC-24","2024","202412199739937465"
"H6CA11201","XIONG, JINGCHAO","Democratic Party","DEM","House","H","California","CA","11","SAN FRANCISCO","CA","94133","2026","19-DEC-24","2024","202412199739937515"
"H8FL20032","CHERFILUS-MCCORMICK, SHEILA","Democratic Party","DEM","House","H","Florida","FL","20","MIRAMAR","FL","33029","2026","19-DEC-24","2024","202412199739937514"
"H6FL06290","TERRY, RANDALL","Independent","IND","House","H","Florida","FL","06","ELLENDALE","TN","38029","2025","19-DEC-24","2024","202412199739937474"
"H2VI00082","PLASKETT, STACEY","Democratic Party","DEM","House","H","U.S. Virgin Islands","VI","00","FREDERIKSTED","VI","00841","2026","18-DEC-24","2024","202412189739930229"
"H6CA11193","XIONG, JINGCHAO","Democratic Party","DEM","House","H","California","CA","11","SAN FRANCISCO","CA","94133","2026","18-DEC-24","2024","202412189739934684"
"H4AZ08082","GREENE PLACENTIA, BERNADETTE","Democratic Party","DEM","House","H","Arizona","AZ","08","GLENDALE","AZ","85302","2026","18-DEC-24","2024","202412189739934028"
"H6NC08152","BUNTING, JUSTIN","Democratic Party","DEM","House","H","North Carolina","NC","08","CONCORD","NC","28027","2026","18-DEC-24","2024","202412189739933908"
"H0MO06073","GRAVES, SAMUEL B. JR.","Republican Party","REP","House","H","Missouri","MO","06","TARKIO","OH","644919209","2026","17-DEC-24","2024","202412179739928481"
"S6LA00516","ARRINGTON, RANDALL STEVEN PHD","Republican Party","REP","Senate","S","Louisiana","LA","00","PONCHATOULA","LA","70454","2026","17-DEC-24","2024","202412179739929749"
"H6NY21199","GENDEBIEN, BLAKE","Democratic Party","DEM","House","H","New York","NY","21","WASHINGTON","DC","20005","2026","17-DEC-24","2024","202412179739929706"
"H8NV03036","TITUS, DINA","Democratic Party","DEM","House","H","Nevada","NV","01","LAS VEGAS","NV","89170","2026","16-DEC-24","2024","202412169739922767"
"H6NY15159","LATONA, JON","Democratic Party","DEM","House","H","New York","NY","15","BRONX","NY","10461","2026","16-DEC-24","2024","202412169739922709"
"S6LA00318","FLEMING, JOHN C. JR.","Republican Party","REP","Senate","S","Louisiana","LA","00","MINDEN","LA","710553073","2026","13-DEC-24","2024","202412139739893721"
"H4CA12154","SIMON, LATEEFAH","Democratic Party","DEM","House","H","California","CA","12","OAKLAND","CA","94612","2026","13-DEC-24","2024","202412139739890863"
"H2IA03119","NUNN, ZACH","Republican Party","REP","House","H","Iowa","IA","03","BONDURANT","IA","50035","2026","12-DEC-24","2024","202412129739888110"
"H6NY21181","MARSHALL, PAMELA","Democratic Party","DEM","House","H","New York","NY","21","FULTONVILLE","NY","12072","2025","12-DEC-24","2024","202412129739890451"
"H6NY09145","ANABILAH-AZUMAH, JOEL","Republican Party","REP","House","H","New York","NY","09","BROOKLYN","NY","11203","2026","12-DEC-24","2024","202412129739888183"
"H2AZ01354","CRANE, ELI","Republican Party","REP","House","H","Arizona","AZ","02","CORTARO","AZ","85652","2026","12-DEC-24","2024","202412129739888117"
"H4IN08249","MESSMER, MARK MR.","Republican Party","REP","House","H","Indiana","IN","08","INDIANAPOLIS","IN","46244","2026","11-DEC-24","2024","202412119739859583"
"H2FL11166","ALCANTARA, CHRISTOPHER MANUEL","No Party Affiliation","NPA","House","H","Florida","FL","06","LADY LAKE","FL","32159","2026","11-DEC-24","2024","202412119739859594"
"H4PA12068","HAYES, JAMES DR.","Republican Party","REP","House","H","Pennsylvania","PA","12","PITTSBURGH","PA","15232","2026","11-DEC-24","2024","202412119739885859"
"H4FL01213","DIMMOCK, AARON","Republican Party","REP","House","H","Florida","FL","01","PENSACOLA","FL","32534","2025","11-DEC-24","2024","202412119739880910"
"H2CA13115","GRAY, ADAM C.","Democratic Party","DEM","House","H","California","CA","13","SACRAMENTO","CA","95814","2026","11-DEC-24","2024","202412119739885607"
"H4OH12080","CHRISTIAN, JERRAD SHANE","Democratic Party","DEM","House","H","Ohio","OH","12","GALENA","OH","43021","2026","11-DEC-24","2024","202412119739873548"
"H6NY21173","GRAYSON, RICHARD","Communist Party","COM","House","H","New York","NY","21","APACHE JUNCTION","AZ","85120","2025","10-DEC-24","2024","202412109739828571"
"S6IA00207","SMITH, JOSHUA DANIEL","Republican Party","REP","Senate","S","Iowa","IA","00","INDIANOLA","IA","50125","2026","10-DEC-24","2024","202412109739828574"
"H2KY03206","MCGARVEY, MORGAN","Democratic Party","DEM","House","H","Kentucky","KY","03","LOUISVILLE","KY","40255","2026","10-DEC-24","2024","202412109739857094"
"H2IL02172","KELLY, ROBIN","Democratic Party","DEM","House","H","Illinois","IL","02","CHICAGO","IL","60610","2026","10-DEC-24","2024","202412109739857095"
"H2MD04232","IVEY, GLENN FREDERICK","Democratic Party","DEM","House","H","Maryland","MD","04","BLADENSBURG","MD","20710","2026","10-DEC-24","2024","202412109739857104"
"H6PA02171","EVANS, DWIGHT","Democratic Party","DEM","House","H","Pennsylvania","PA","03","PHILADELPHIA","PA","19138","2026","10-DEC-24","2024","202412109739857103"
"H4VA08224","BEYER, DONALD STERNOFF JR.","Democratic Party","DEM","House","H","Virginia","VA","08","ARLINGTON","VA","22207","2026","10-DEC-24","2024","202412109739857105"
"H2NJ08232","MENENDEZ, ROBERT","Democratic Party","DEM","House","H","New Jersey","NJ","08","JERSEY CITY","NJ","07310","2026","10-DEC-24","2024","202412109739857102"
"H4MO07156","HESKETH, MISSI","Democratic Party","DEM","House","H","Missouri","MO","07","FORSYTH","MO","65653","2026","10-DEC-24","2024","202412170300493894"
"H0IL05096","QUIGLEY, MIKE","Democratic Party","DEM","House","H","Illinois","IL","05","CHICAGO","IL","60613","2026","10-DEC-24","2024","202412109739857096"
"H6GA03188","EKPETE KAMA, ULOMA","Republican Party","REP","House","H","Georgia","GA","03","MARIETTA","GA","30067","2026","09-DEC-24","2024","202412099739828490"
"H2OH09031","KAPTUR, MARCY HON. M.C.","Democratic Party","DEM","House","H","Ohio","OH","09","TOLEDO","OH","43697","2026","09-DEC-24","2024","202412099739743141"
"H2OH11169","BROWN, M SHONTEL","Democratic Party","DEM","House","H","Ohio","OH","11","WARRENSVILLE HEIGHTS","OH","44128","2026","09-DEC-24","2024","202412099739743234"
"H6FL01143","MILLS, RALPH JOHN III","Republican Party","REP","House","H","Florida","FL","01","NAVARRE","FL","32566","2025","09-DEC-24","2024","202412099739762558"
"H6KY01110","COMER, JAMES","Republican Party","REP","House","H","Kentucky","KY","01","TOMPKINSVILLE","KY","421671553","2026","09-DEC-24","2024","202412099739761471"
"H6GA03170","EKPETE KAMA, ULOMA","Republican Party","REP","House","H","Georgia","GA","03","MARIETTA","GA","30067","2026","09-DEC-24","2024","202412099739762239"
"H4NJ01084","NORCROSS, DONALD W","Democratic Party","DEM","House","H","New Jersey","NJ","01","COLLINGSWOOD","NJ","08108","2026","09-DEC-24","2024","202412099739762254"
"H0OR02127","BENTZ, CLIFF","Republican Party","REP","House","H","Oregon","OR","02","ONTARIO","OR","97914","2026","09-DEC-24","2024","202412099739761465"
"P60024163","CAPOBIANCO, AMANDA LEE","Republican Party","REP","President","P","United States","00","00","AURORA","CO","80014","2025","08-DEC-24","2024","202412089739741005"
"H6CO01224","CAPOBIANCO, AMANDA","Republican Party","REP","House","H","Colorado","CO","01","DENVER","CO","80014","2025","08-DEC-24","2024","202412089739741006"
"H4FL02138","BAILEY, HUY-YEN CAM MS.","Democratic Party","DEM","House","H","Florida","FL","02","TALLAHASSEE","FL","32317","2026","08-DEC-24","2024","202412089739741169"
"H6CO01240","CAPOBIANCO, AMANDA","Republican Party","REP","House","H","Colorado","CO","01","DENVER","CO","80014","2025","08-DEC-24","2024","202412089739741008"
"H6CO01232","CAPOBIANCO, AMANDA","Republican Party","REP","House","H","Colorado","CO","01","DENVER","CO","80014","2025","08-DEC-24","2024","202412089739741007"
"H4VA10279","SUBRAMANYAM, SUHAS","Democratic Party","DEM","House","H","Virginia","VA","10","ASHBURN","VA","20146","2026","06-DEC-24","2024","202412069739732620"
"H2RI02184","MAGAZINER, SETH","Democratic Party","DEM","House","H","Rhode Island","RI","02","PROVIDENCE","RI","02940","2026","06-DEC-24","2024","202412069739732669"
"H6FL01432","PEACOCK, JEFF","Republican Party","REP","House","H","Florida","FL","01","PACE","FL","32571","2025","06-DEC-24","2024","202412069739736312"
"H2CA00120","BROWNLEY, JULIA","Democratic Party","DEM","House","H","California","CA","26","THOUSAND OAKS","CA","91358","2026","06-DEC-24","2024","202412069739732881"
"H2FL21132","ADEIMY, DEBORAH","Republican Party","REP","House","H","Florida","FL","22","WEST PALM BEACH","FL","33416","2026","06-DEC-24","2024","202412069739736046"
"H8PA07200","SCANLON, MARY GAY","Democratic Party","DEM","House","H","Pennsylvania","PA","05","SWARTHMORE","PA","19081","2026","06-DEC-24","2024","202412069739732880"
"H4CA33119","LIEU, TED","Democratic Party","DEM","House","H","California","CA","36","LOS ANGELES","CA","90017","2026","05-DEC-24","2024","202412059736877067"
"H6IL08147","KRISHNAMOORTHI, S. RAJA","Democratic Party","DEM","House","H","Illinois","IL","08","SCHAUMBURG","IL","60168","2026","05-DEC-24","2024","202412059731352473"
"H0WI05113","FITZGERALD, SCOTT","Republican Party","REP","House","H","Wisconsin","WI","05","JUNEAU","WI","53039","2026","05-DEC-24","2024","202412059738023657"
"H6FL01424","HAFNER, ERIC","Republican Party","REP","House","H","Florida","FL","01","BOX ELDER","SD","57719","2026","05-DEC-24","2024","202412050300492051"
"H6NJ06260","BANSIL, KATIE","Democratic Party","DEM","House","H","New Jersey","NJ","06","RAHWAY","NJ","07065","2026","05-DEC-24","2024","202412059720511718"
"H2CA00146","TOOMIM, LEAH MELISSA","Republican Party","REP","House","H","California","CA","36","SANTA MONICA","CA","90403","2026","05-DEC-24","2024","202412059720555942"
"H0OK05205","BICE, STEPHANIE","Republican Party","REP","House","H","Oklahoma","OK","05","OKLAHOMA CITY","OK","73156","2026","05-DEC-24","2024","202412059720574983"
"H4IN06185","SHREVE, JEFFERSON","Republican Party","REP","House","H","Indiana","IN","06","SOUTHPORT","IN","46227","2026","05-DEC-24","2024","202412059720600780"
"H8NY25105","MORELLE, JOSEPH D","Democratic Party","DEM","House","H","New York","NY","25","ROCHESTER","NY","14609","2026","05-DEC-24","2024","202412059720615963"
"S6LA00508","JOHN, XAN MR.","Republican Party","REP","Senate","S","Louisiana","LA","00","LAFAYETTE","LA","70508","2026","05-DEC-24","2024","202412059720738181"
"H2CA31125","AGUILAR, PETE","Democratic Party","DEM","House","H","California","CA","33","SAN BERNARDINO","CA","92423","2026","05-DEC-24","2024","202412059720806058"
"H2AZ02360","CISCOMANI, JUAN","Republican Party","REP","House","H","Arizona","AZ","06","TUCSON","AZ","857405103","2026","05-DEC-24","2024","202412059721273956"
"H2LA05126","LETLOW, JULIA","Republican Party","REP","House","H","Louisiana","LA","05","RAYVILLE","LA","712690539","2026","05-DEC-24","2024","202412059730913441"
"H4KS02164","SCHMIDT, DEREK","Republican Party","REP","House","H","Kansas","KS","02","INDEPENDENCE","KS","67301","2026","05-DEC-24","2024","202412059731084241"
"H2OK04055","COLE, TOM","Republican Party","REP","House","H","Oklahoma","OK","04","NORMAN","OK","73070","2026","05-DEC-24","2024","202412059731119671"
"H2NV04011","HORSFORD, STEVEN ALEXZANDER","Democratic Party","DEM","House","H","Nevada","NV","04","LAS VEGAS","NV","89033","2026","05-DEC-24","2024","202412059731246764"
"H6FL09070","BILIRAKIS, GUS M","Republican Party","REP","House","H","Florida","FL","12","TARPON SPRINGS","FL","346880606","2026","05-DEC-24","2024","202412059731349021"
"H0WI07101","TIFFANY, TOM","Republican Party","REP","House","H","Wisconsin","WI","07","HAZELHURST","WI","545319683","2026","05-DEC-24","2024","202412059738020865"
"H4NJ10176","MCIVER, LAMONICA","Democratic Party","DEM","House","H","New Mexico","NM","10","NEWARK","NJ","07101","2026","04-DEC-24","2024","202412049720202559"
"H6FL01408","TROTTER, JAMES SCOTT","Republican Party","REP","House","H","Florida","FL","01","PENSACOLA","FL","32526","2025","04-DEC-24","2024","202412049720202583"
"S4RI00051","MCKAY, RAYMOND TYLER MR","Republican Party","REP","Senate","S","Rhode Island","RI","00","WARWICK","RI","02886","2026","04-DEC-24","2024","202412049720202661"
"H6FL06282","BANGDIWALA, PURVA","Democratic Party","DEM","House","H","Florida","FL","06","DAYTONA","FL","32118","2025","04-DEC-24","2024","202412049720209515"
"H0CA06170","BISH, CHRISTINE","Republican Party","REP","House","H","California","CA","06","ANTELOPE","CA","95843","2026","04-DEC-24","2024","202412049720413138"
"H8VA01147","WITTMAN, ROBERT J. MR.","Republican Party","REP","House","H","Virginia","VA","01","MONTROSS","VA","22520","2026","04-DEC-24","2024","202412049720211916"
"H4NJ03080","CONAWAY, HERB MD","Democratic Party","DEM","House","H","New Jersey","NJ","03","WILLINGBORO","NJ","08046","2026","04-DEC-24","2024","202412049720239641"
"H6FL01416","MACEY, JEFF","Republican Party","REP","House","H","Florida","FL","01","FORT WALTON BEACH","FL","32549","2025","04-DEC-24","2024","202412049720260938"
"H0UT01205","MOORE, BLAKE","Republican Party","REP","House","H","Utah","UT","01","OGDEN","UT","84401","2026","04-DEC-24","2024","202412049720285467"
"H2IN02295","YAKYM, RUDY C. III","Republican Party","REP","House","H","Indiana","IN","02","ALEXANDRIA","VA","223136141","2026","04-DEC-24","2024","202412049720211809"
"H4MO05234","CLEAVER, EMANUEL II","Democratic Party","DEM","House","H","Missouri","MO","05","KANSAS CITY","MO","641336325","2026","03-DEC-24","2024","202412030300491553"
"H6GA06132","CAPPARELL, CHRIS","Democratic Party","DEM","House","H","Georgia","GA","06","GRIFFIN","GA","30224","2026","03-DEC-24","2024","202412039720136366"
"H0CA03078","BERA, AMERISH","Democratic Party","DEM","House","H","California","CA","06","ELK GROVE","CA","95758","2026","03-DEC-24","2024","202412039720137534"
"H6FL06274","SELMONT, GEORGE AUSTIN","Democratic Party","DEM","House","H","Florida","FL","06","ELKTON","FL","32033","2025","03-DEC-24","2024","202412039720142387"
"H6NJ11179","STRICKLAND, JUSTIN","Democratic Party","DEM","House","H","New Jersey","NJ","11","CHATHAM","NJ","07928","2025","03-DEC-24","2024","202412039720144118"
"H8IL16153","MARTER, JAMES THOMAS","Republican Party","REP","House","H","Illinois","IL","14","OSWEGO","IL","60543","2026","03-DEC-24","2024","202412039720145648"
"H0IN03198","STUTZMAN, MARLIN A","Republican Party","REP","House","H","Indiana","IN","03","HOWE","IN","46746","2026","03-DEC-24","2024","202412039720151806"
"H2KY04121","MASSIE, THOMAS H.","Republican Party","REP","House","H","Kentucky","KY","04","NEWPORT","KY","41072","2026","03-DEC-24","2024","202412039720153101"
"H8NY22177","RILEY, JOSH","Democratic Party","DEM","House","H","New York","NY","19","WASHINGTON","DC","20005","2026","03-DEC-24","2024","202412039720153525"
"H2CA21233","SALAS, RUDY","Democratic Party","DEM","House","H","California","CA","22","BAKERSFIELD","CA","93384","2026","03-DEC-24","2024","202412039720161819"
"H6FL01390","PATRONIS, JIMMY JR.","Republican Party","REP","House","H","Florida","FL","01","TALLAHASSEE","FL","32317","2025","03-DEC-24","2024","202412039720170233"
"H8IN04199","BAIRD, JAMES R DR.","Republican Party","REP","House","H","Indiana","IN","04","GREENCASTLE","IN","46235","2026","03-DEC-24","2024","202412039720170580"
"H2NY23228","LANGWORTHY, NICK","Republican Party","REP","House","H","New York","NY","23","CLARENCE","NY","14031","2026","03-DEC-24","2024","202412039720151827"
"H2TX34105","TREVINO, RYAN","Democratic Party","DEM","House","H","Texas","TX","28","SCHERTZ","TX","78154","2026","02-DEC-24","2024","202412029720087412"
"H2CA00153","RECILE, RUDY","Republican Party","REP","House","H","California","CA","08","VACAVILLE","CA","95687","2026","02-DEC-24","2024","202412029720095039"
"H8TX06266","ELLZEY, JOHN KEVIN SR.","Republican Party","REP","House","H","Texas","TX","06","WAXAHACHIE","TX","75164","2026","02-DEC-24","2024","202412029720095053"
"H8NY21203","TONKO, PAUL DAVID","Democratic Party","DEM","House","H","New York","NY","20","ALBANY","NY","12206","2026","02-DEC-24","2024","202412029720117997"
"H2OR01133","BONAMICI, SUZANNE MS.","Democratic Party","DEM","House","H","Oregon","OR","01","BEAVERTON","OR","97075","2026","02-DEC-24","2024","202412029720099348"
"H0FL22100","CEREZO SWAFFAR, DARLENE","Republican Party","REP","House","H","Florida","FL","23","DEERFIELD BEACH","FL","33441","2026","02-DEC-24","2024","202412029720116567"
"H2FL22171","MOSKOWITZ, JARED","Democratic Party","DEM","House","H","Florida","FL","23","CORAL SPRINGS","FL","33065","2026","02-DEC-24","2024","202412029720117293"
"H2FL11166","ALCANTARA, CHRISTOPHER MANUEL","No Party Affiliation","NPA","House","H","Florida","FL","06","LADY LAKE","FL","32159","2025","02-DEC-24","2024","202412029720095951"
"H2NY24127","HOLDEN, STEVEN WESLEY SR.","Democratic Party","DEM","House","H","New York","NY","21","CAMILLUS","NY","13031","2026","01-DEC-24","2024","202412019720072343"
"S6SC04205","WRIGHT-MCDONALD, REECE","Independent","IND","Senate","S","South Carolina","SC","00","BARROW-IN-FURNESS","NY","00000","2026","01-DEC-24","2024","202412019720071762"
"H4FL03128","STEBBINS, ANTHONY","Libertarian Party","LIB","House","H","Florida","FL","03","LIVE OAK","FL","32060","2026","30-NOV-24","2024","202411309720069636"
"S6RI00262","WATERS, ALLEN","Republican Party","REP","Senate","S","Rhode Island","RI","00","PROVIDENCE","RI","02907","2026","30-NOV-24","2024","202411309720070665"
"S6AZ00415","HAMPTON, EDWARD J MR","Republican Party","REP","Senate","S","Arizona","AZ","00","PHOENIX","AZ","85022","2026","30-NOV-24","2024","202411309720070642"
"H6IL17247","VANCIL, DILLAN","Republican Party","REP","House","H","Illinois","IL","17","GLADSTONE","IL","61437","2026","29-NOV-24","2024","202411299720069333"
"H2GA01256","PALIMENO, JOSEPH","Democratic Party","DEM","House","H","Georgia","GA","01","SAINT  MARYS","GA","31558","2026","29-NOV-24","2024","202411299720067340"
"H6FL01382","TOMMASO, T.O.P., CATERINO","Unaffiliated","UN","House","H","Florida","FL","01","PHOENIX","AZ","85041","2025","29-NOV-24","2024","202411299720069331"
"H0WA02080","LARSEN, RICK","Democratic Party","DEM","House","H","Washington","WA","02","EVERETT","WA","98206","2026","27-NOV-24","2024","202411279720055452"
"H2WI02181","OLSEN, ERIK","Republican Party","REP","House","H","Wisconsin","WI","02","MADISON","WI","53705","2026","27-NOV-24","2024","202411279720065732"
"H6FL06266","WEIL, JOSHUA JOSEPH","Democratic Party","DEM","House","H","Florida","FL","06","ORLANDO","FL","32836","2025","27-NOV-24","2024","202411279720059894"
"H4FL01197","VALIMONT, JENNIFER GAY","Democratic Party","DEM","House","H","Florida","FL","01","GULF BREEZE","FL","32562","2025","27-NOV-24","2024","202411279720062858"
"H4CA45170","TRAN, DEREK","Democratic Party","DEM","House","H","California","CA","45","GARDEN GROVE","CA","92842","2026","27-NOV-24","2024","202411279720063625"
"H2WI02124","POCAN, MARK","Democratic Party","DEM","House","H","Wisconsin","WI","02","MADISON","WI","53701","2026","26-NOV-24","2024","202411269720045542"
"H6CA47056","LAM, RYAN SAGE","Republican Party","REP","House","H","California","CA","47","IRVINE","CA","92604","2026","26-NOV-24","2024","202411269720054615"
"H2MI07123","BARRETT, THOMAS MORE","Republican Party","REP","House","H","Michigan","MI","07","LANSING","MI","48901","2026","26-NOV-24","2024","202411269720053314"
"H4CA23011","WATERS, MAXINE MS","Democratic Party","DEM","House","H","California","CA","43","LOS ANGELES","CA","90044","2026","26-NOV-24","2024","202411269720053263"
"H4MA03022","MCGOVERN, JAMES P","Democratic Party","DEM","House","H","Massachusetts","MA","02","WORCESTER","MA","01606","2026","26-NOV-24","2024","202411269720052261"
"H4AZ03109","ANSARI, YASSAMIN","Democratic Party","DEM","House","H","Arizona","AZ","03","PHOENIX","AZ","85002","2026","26-NOV-24","2024","202411269720051776"
"S6LA00490","HOLDER, CHRISTOPHER LEE MR.","Republican Party","REP","Senate","S","Louisiana","LA","00","MINDEN","LA","71055","2026","26-NOV-24","2024","202411269720050710"
"H6FL06258","FINE, RANDY","Republican Party","REP","House","H","Florida","FL","06","BEVERLY","MA","01915","2025","26-NOV-24","2024","202411269720049735"
"H6FL06241","BAKER, AARON","Republican Party","REP","House","H","Florida","FL","06","SORRENTO","FL","32776","2025","26-NOV-24","2024","202411269720047064"
"H4AL02170","FIGURES, SHOMARI C.","Democratic Party","DEM","House","H","Alabama","AL","02","MOBILE","AL","36604","2026","26-NOV-24","2024","202411269720046983"
"H8KS04112","ESTES, RON","Republican Party","REP","House","H","Kansas","KS","04","WICHITA","KS","672064126","2026","26-NOV-24","2024","202411269720046856"
"H8PA05071","THOMPSON, GLENN MR.","Republican Party","REP","House","H","Pennsylvania","PA","15","ST. MARYS","PA","15857","2026","26-NOV-24","2024","202411269720046827"
"H2SC07280","FRY, RUSSELL","Republican Party","REP","House","H","South Carolina","SC","07","SURFSIDE BEACH","SC","29587","2026","26-NOV-24","2024","202411269720046819"
"H6AL04098","ADERHOLT, ROBERT B. REP.","Republican Party","REP","House","H","Alabama","AL","04","HALEYVILLE","AL","355651158","2026","25-NOV-24","2024","202411259720029611"
"H6FL01374","SALZMAN, MICHELLE","Republican Party","REP","House","H","Florida","FL","01","PENSACOLA","FL","32534","2025","25-NOV-24","2024","202411259720038862"
"H6FL01291","DAVIS, C MARCEL","Democratic Party","DEM","House","H","Florida","FL","01","PENSACOLA","FL","32507","2025","25-NOV-24","2024","202411259720028218"
"H0LA01087","SCALISE, STEVE MR","Republican Party","REP","House","H","Louisiana","LA","01","JEFFERSON","LA","70183","2026","25-NOV-24","2024","202411259720031339"
"H6FL02208","DUNN, NEAL PATRICK MD, FACS","Republican Party","REP","House","H","Florida","FL","02","TALLAHASSEE","FL","32302","2026","25-NOV-24","2024","202411259720031246"
"H0CA48198","STEEL, MICHELLE","Republican Party","REP","House","H","California","CA","45","SURFSIDE","CA","90743","2026","25-NOV-24","2024","202411259720039236"
"H2TX35144","CASAR, GREG","Democratic Party","DEM","House","H","Texas","TX","35","AUSTIN","TX","78703","2026","25-NOV-24","2024","202411259720034059"
"H0WI03175","VAN ORDEN, DERRICK F. MR.","Republican Party","REP","House","H","Wisconsin","WI","03","LA CROSSE","WI","54602","2026","25-NOV-24","2024","202411259720032890"
"H6NV04020","LEE, SUSIE","Democratic Party","DEM","House","H","Nevada","NV","03","LAS VEGAS","NV","89148","2026","25-NOV-24","2024","202411259720032895"
"H4AZ06045","SCHWEIKERT, DAVID S.","Republican Party","REP","House","H","Arizona","AZ","01","SCOTTSDALE","AZ","85267","2026","25-NOV-24","2024","202411259720032921"
"H2TX01112","MORAN, NATHANIEL QUENTIN","Republican Party","REP","House","H","Texas","TX","01","TYLER","TX","75702","2026","25-NOV-24","2024","202411259720032931"
"H6PA08277","FITZPATRICK, BRIAN","Republican Party","REP","House","H","Pennsylvania","PA","01","LANGHORNE","PA","19047","2026","25-NOV-24","2024","202411259720033182"
"H0FL15104","FRANKLIN, SCOTT MR.","Republican Party","REP","House","H","Florida","FL","18","LAKELAND","FL","33806","2026","25-NOV-24","2024","202411259720029613"
"H2OH03067","TURNER, MICHAEL R REP.","Republican Party","REP","House","H","Ohio","OH","10","DAYTON","OH","454021344","2026","25-NOV-24","2024","202411259720034021"
"H8WA08189","SCHRIER, KIM DR.","Democratic Party","DEM","House","H","Washington","WA","08","ISSAQUAH","WA","98027","2026","25-NOV-24","2024","202411259720034019"
"H8AZ09040","STANTON, GREG","Democratic Party","DEM","House","H","Arizona","AZ","04","PHOENIX","AZ","85018","2026","25-NOV-24","2024","202411259720034058"
"H8TX29052","GARCIA, SYLVIA R","Democratic Party","DEM","House","H","Texas","TX","29","HOUSTON","TX","77249","2026","25-NOV-24","2024","202411259720034045"
"H6FL01366","SALZMAN, MICHELLE","Republican Party","REP","House","H","Florida","FL","01","PENSACOLA","FL","32534","2025","25-NOV-24","2024","202411259720038870"
"H2FL15241","LEE, LAUREL","Republican Party","REP","House","H","Florida","FL","15","TAMPA","FL","33646","2026","25-NOV-24","2024","202411259720029604"
"H4NY11138","CLARKE, YVETTE D","Democratic Party","DEM","House","H","New York","NY","09","BROOKLYN","NY","11225","2026","24-NOV-24","2024","202411249720028040"
"H6FL01358","GAFFNEY, KEVIN JAMES MR.","Republican Party","REP","House","H","Florida","FL","01","FREEPORT","FL","32439","2025","24-NOV-24","2024","202411249720027963"
"H6MA01112","TRACY, NATHAN SHEA","Democratic Party","DEM","House","H","Massachusetts","MA","01","LEE","MA","01238","2026","24-NOV-24","2024","202411249720027953"
"H2CT02112","COURTNEY, JOSEPH","Democratic Party","DEM","House","H","Connecticut","CT","02","VERNON","CT","06066","2026","24-NOV-24","2024","202411249720027922"
"H2CA50026","VARGAS, JUAN C.","Democratic Party","DEM","House","H","California","CA","52","SAN DIEGO","CA","921022008","2026","22-NOV-24","2024","202411229720027799"
"H2NY04244","GILLEN, LAURA","Democratic Party","DEM","House","H","New York","NY","04","ROCKVILLE CENTRE","NY","11571","2026","22-NOV-24","2024","202411229720027517"
"H6FL01341","WITT, JEFF","Republican Party","REP","House","H","Florida","FL","01","PENNSACOLA","FL","32504","2025","22-NOV-24","2024","202411229720016003"
"H2NC14050","EDWARDS, CHUCK","Republican Party","REP","House","H","North Carolina","NC","11","HENDERSONVILLE","NC","28792","2026","22-NOV-24","2024","202411229720017266"
"H0CA48024","ISSA, DARRELL","Republican Party","REP","House","H","California","CA","48","ESCONDIDO","CA","92046","2026","22-NOV-24","2024","202411229720027516"
"H2CA37023","CALVERT, KEN","Republican Party","REP","House","H","California","CA","41","CORONA","CA","92878","2026","22-NOV-24","2024","202411229720027492"
"H2CA52089","PETERS, SCOTT","Democratic Party","DEM","House","H","California","CA","50","SAN DIEGO","CA","92192","2026","22-NOV-24","2024","202411229720027491"
"H8ME01120","PINGREE, CHELLIE M","Democratic Party","DEM","House","H","Maine","ME","01","PORTLAND","ME","04112","2026","22-NOV-24","2024","202411229720027057"
"H8CO07045","PETTERSEN, BRITTANY LOUISE","Democratic Party","DEM","House","H","Colorado","CO","07","LAKEWOOD","CO","80215","2026","22-NOV-24","2024","202411229720026922"
"H2IL17147","SORENSEN, ERIC","Democratic Party","DEM","House","H","Illinois","IL","17","MOLINE","IL","61265","2026","22-NOV-24","2024","202411229720026918"
"H8CO02160","NEGUSE, JOSEPH","Democratic Party","DEM","House","H","Colorado","CO","02","BOULDER","CO","80306","2026","22-NOV-24","2024","202411229720026916"
"H8IL06139","CASTEN, SEAN","Democratic Party","DEM","House","H","Illinois","IL","06","DOWNERS GROVE","IL","60515","2026","22-NOV-24","2024","202411229720026915"
"H8CA49074","JACOBS, SARA","Democratic Party","DEM","House","H","California","CA","51","SAN DIEGO","CA","92112","2026","22-NOV-24","2024","202411229720017895"
"H6MD07020","MFUME, KWEISI","Democratic Party","DEM","House","H","Maryland","MD","07","BALTIMORE","MD","21207","2026","22-NOV-24","2024","202411229720017891"
"S4MN00502","WHITE, ROYCE","Republican Party","REP","Senate","S","Minnesota","MN","00","HOPKINS","MN","55343","2026","22-NOV-24","2024","202411229720017437"
"H8GA06393","MCBATH, LUCIA KAY MS.","Democratic Party","DEM","House","H","Georgia","GA","06","ATLANTA","GA","30309","2026","21-NOV-24","2024","202411219720015440"
"H8TX16109","ESCOBAR, VERONICA","Democratic Party","DEM","House","H","Texas","TX","16","EL PASO","TX","79923","2026","21-NOV-24","2024","202411219720009564"
"H2MA09072","LYNCH, STEPHEN","Democratic Party","DEM","House","H","Massachusetts","MA","08","SOUTH BOSTON","MA","02127","2026","21-NOV-24","2024","202411219720009565"
"H2NM01144","STANSBURY, MELANIE","Democratic Party","DEM","House","H","New Mexico","NM","01","ALBUQUERQUE","NM","87181","2026","21-NOV-24","2024","202411219720009566"
"H0CA10073","DESAULNIER, MARK","Democratic Party","DEM","House","H","California","CA","10","WASHINGTON","DC","20003","2026","21-NOV-24","2024","202411219720009567"
"H6TX33041","SCHWAB, KURT","Republican Party","REP","House","H","Texas","TX","33","HURST","TX","76053","2026","21-NOV-24","2024","202411219720010119"
"H8MA03106","TRAHAN, LORI","Democratic Party","DEM","House","H","Massachusetts","MA","03","LOWELL","MA","01853","2026","21-NOV-24","2024","202411219720010138"
"H0AR03055","WOMACK, STEPHEN A THE HON","Republican Party","REP","House","H","Arkansas","AR","03","ROGERS","AR","727563078","2026","21-NOV-24","2024","202411219720010266"
"H6CA05195","MATSUI, DORIS","Democratic Party","DEM","House","H","California","CA","07","SACRAMENTO","CA","95812","2026","21-NOV-24","2024","202411219720010324"
"H2CA36439","RUIZ, RAUL DR.","Democratic Party","DEM","House","H","California","CA","25","INDIO","CA","92202","2026","21-NOV-24","2024","202411219720010392"
"H8MN05239","OMAR, ILHAN","Democratic-Farmer-Labor","DFL","House","H","Minnesota","MN","05","WASHINGTON","DC","20033","2026","21-NOV-24","2024","202411219720010393"
"H4NM01140","JONES, STEVE","Republican Party","REP","House","H","New Mexico","NM","01","RUIDOSO","NM","88345","2026","21-NOV-24","2024","202411219720010817"
"H8MA07032","PRESSLEY, AYANNA","Democratic Party","DEM","House","H","Massachusetts","MA","07","DORCHESTER CENTER","MA","02124","2026","21-NOV-24","2024","202411219720012474"
"H2FL10259","FROST, MAXWELL ALEJANDRO","Democratic Party","DEM","House","H","Florida","FL","10","ORLANDO","FL","32877","2026","21-NOV-24","2024","202411219720012842"
"S6VA00143","FARINGTON, KIM","Republican Party","REP","Senate","S","Virginia","VA","00","ALEXANDRIA","VA","22313","2026","21-NOV-24","2024","202411219720012904"
"H2WY00166","HAGEMAN, HARRIET","Republican Party","REP","House","H","Wyoming","WY","00","CHEYENNE","WY","82003","2026","21-NOV-24","2024","202411219720014965"
"H4MD02232","OLSZEWSKI, JOHN ANTHONY JR.","Democratic Party","DEM","House","H","Maryland","MD","02","BALTIMORE","MT","21211","2026","21-NOV-24","2024","202411219720014985"
"H4MD03156","ELFRETH, SARAH KELLY","Democratic Party","DEM","House","H","Maryland","MD","03","ANNAPOLIS","MD","21403","2026","21-NOV-24","2024","202411219720015019"
"H2NY10308","GOLDMAN, DANIEL","Democratic Party","DEM","House","H","New York","NY","10","NEW YORK","NY","10008","2026","21-NOV-24","2024","202411219720015377"
"H0CA32101","CHU, JUDY","Democratic Party","DEM","House","H","California","CA","28","ENCINO","CA","91436","2026","21-NOV-24","2024","202411219720015416"
"H4MN03118","MORRISON, KELLY LOUISE","Democratic-Farmer-Labor","DFL","House","H","Minnesota","MN","03","WAYZATA","MT","55391","2026","21-NOV-24","2024","202411219720015423"
"H4CA35031","TORRES, NORMA","Democratic Party","DEM","House","H","California","CA","35","ONTARIO","CA","91764","2026","21-NOV-24","2024","202411219720015425"
"H2IL10068","SCHNEIDER, BRADLEY S.","Democratic Party","DEM","House","H","Illinois","IL","10","DEERFIELD","IL","60015","2026","20-NOV-24","2024","202411209719998080"
"S6AK00243","MIKLOS, CHRISTOPHER","Republican Party","REP","Senate","S","Alaska","AK","00","HOMER","AK","99603","2026","20-NOV-24","2024","202411209720009539"
"H2NY06116","MENG, GRACE","Democratic Party","DEM","House","H","New York","NY","06","FRESH MEADOWS","NY","11365","2026","20-NOV-24","2024","202411209719998088"
"H6WA07458","JAYAPAL, PRAMILA","Democratic Party","DEM","House","H","Washington","WA","07","SEATTLE","WA","98111","2026","20-NOV-24","2024","202411209719998100"
"H4VA07234","VINDMAN, YEVGENY 'EUGENE'","Democratic Party","DEM","House","H","Virginia","VA","07","DUMFRIES","VA","22025","2026","20-NOV-24","2024","202411209719998120"
"H0TX11230","PFLUGER, AUGUST LEE II","Republican Party","REP","House","H","Texas","TX","11","SAN ANGELO","TX","76902","2026","20-NOV-24","2024","202411209719998512"
"H0PA03271","KELLY, GEORGE J JR","Republican Party","REP","House","H","Pennsylvania","PA","16","BUTLER","PA","16001","2026","20-NOV-24","2024","202411209719998618"
"H8TX27049","CLOUD, MICHAEL","Republican Party","REP","House","H","Texas","TX","27","VICTORIA","TX","77903","2026","20-NOV-24","2024","202411209719998622"
"H0GA08099","SCOTT, JAMES AUSTIN","Republican Party","REP","House","H","Georgia","GA","08","ASHBURN","GA","31714","2026","20-NOV-24","2024","202411209719998680"
"H4IL12060","BOST, MICHAEL","Republican Party","REP","House","H","Illinois","IL","12","MURPHYSBORO","IL","62966","2026","20-NOV-24","2024","202411209719998681"
"H4FL20023","WASSERMAN SCHULTZ, DEBBIE","Democratic Party","DEM","House","H","Florida","FL","25","WESTON","FL","33326","2026","20-NOV-24","2024","202411209719998759"
"H4AZ01194","SHAH, AMISH DR.","Democratic Party","DEM","House","H","Arizona","AZ","01","PHOENIX","AZ","85011","2026","20-NOV-24","2024","202411209719998800"
"H0NM03102","LEGER FERNANDEZ, TERESA","Democratic Party","DEM","House","H","New Mexico","NM","03","SANTA FE","NM","87504","2026","20-NOV-24","2024","202411209719998812"
"H4NC13108","SHARMA, SIDDHANTH","Republican Party","REP","House","H","North Carolina","NC","13","MORRISVILLE","NC","27560","2026","20-NOV-24","2024","202411209719998827"
"H4WI08119","WIED, TONY","Republican Party","REP","House","H","Wisconsin","WI","08","DE PERE","WI","54115","2026","20-NOV-24","2024","202411209719998859"
"H4VA04066","MCCLELLAN, JENNIFER","Democratic Party","DEM","House","H","Virginia","VA","04","RICHMOND","VA","23218","2026","20-NOV-24","2024","202411209719998860"
"H2FL14186","DONALDS, BYRON","Republican Party","REP","House","H","Florida","FL","19","NAPLES","FL","34108","2026","20-NOV-24","2024","202411209719998862"
"H8NJ02166","VAN DREW, JEFF MR","Republican Party","REP","House","H","New Jersey","NJ","02","CAPE MAY COURT HOUSE","NJ","08210","2026","20-NOV-24","2024","202411209719998864"
"H8CA39240","KIM, YOUNG","Republican Party","REP","House","H","California","CA","40","ANAHEIM","CA","92817","2026","20-NOV-24","2024","202411209719998875"
"H4NJ12149","COLEMAN, BONNIE WATSON","Democratic Party","DEM","House","H","New Jersey","NJ","12","WASHINGTON","DC","20003","2026","20-NOV-24","2024","202411209719998884"
"H2MI10150","JAMES, JOHN","Republican Party","REP","House","H","Michigan","MI","10","ST. CLAIR SHORES","MI","48080","2026","20-NOV-24","2024","202411209719998885"
"H0CT03072","DELAURO, ROSA L","Democratic Party","DEM","House","H","Connecticut","CT","03","NEW HAVEN","CT","06511","2026","20-NOV-24","2024","202411209719998917"
"H4WI04183","MOORE, GWEN S","Democratic Party","DEM","House","H","Wisconsin","WI","04","MILWAUKEE","WI","53216","2026","20-NOV-24","2024","202411209719998936"
"S6GA00317","BARTELL, ELBERT","Independent","IND","Senate","S","Georgia","GA","00","ATLANTA","GA","30309","2026","20-NOV-24","2024","202411209719998022"
"H6FL01333","KEEBAUGH, CHARLES CLAYTON","Republican Party","REP","House","H","Florida","FL","01","NICEVILLE","FL","32578","2026","20-NOV-24","2024","202411209719998027"
"H2IL03162","RAMIREZ, DELIA","Democratic Party","DEM","House","H","Illinois","IL","03","CHICAGO","IL","60647","2026","20-NOV-24","2024","202411209719998079"
"H8IL14067","FOSTER, G. WILLIAM (BILL)","Democratic Party","DEM","House","H","Illinois","IL","11","NAPERVILLE","IL","60540","2026","20-NOV-24","2024","202411209719998087"
"H8CT05245","HAYES, JAHANA","Democratic Party","DEM","House","H","Connecticut","CT","05","WATERBURY","CT","06721","2026","19-NOV-24","2024","202411199719994966"
"H8ME02185","GOLDEN, JARED","Democratic Party","DEM","House","H","Maine","ME","02","LEWISTON","ME","04240","2026","19-NOV-24","2024","202411199719994961"
"H6FL01325","VALENTINO, GENE","Republican Party","REP","House","H","Florida","FL","01","PENSACOLA","FL","32507","2026","19-NOV-24","2024","202411199719995427"
"H4PA13199","BOYLE, BRENDAN F","Democratic Party","DEM","House","H","Pennsylvania","PA","02","PHILADELPHIA","PA","19115","2026","19-NOV-24","2024","202411199719995518"
"H2IL01349","JACKSON, JONATHAN","Democratic Party","DEM","House","H","Illinois","IL","01","CHICAGO","IL","60615","2026","19-NOV-24","2024","202411199719995519"
"H2OR06066","SALINAS, ANDREA","Democratic Party","DEM","House","H","Oregon","OR","06","TIGARD","OR","97223","2026","19-NOV-24","2024","202411199719995570"
"H0MI03316","SCHOLTEN, HILLARY","Democratic Party","DEM","House","H","Michigan","MI","03","GRAND RAPIDS","MI","49506","2026","19-NOV-24","2024","202411199719995601"
"H8TN07076","GREEN, MARK DR.","Republican Party","REP","House","H","Tennessee","TN","07","NASHVILLE","TN","37203","2026","19-NOV-24","2024","202411199719997911"
"H2GA12121","ALLEN, RICHARD W","Republican Party","REP","House","H","Georgia","GA","12","AUGUSTA","GA","30904","2026","19-NOV-24","2024","202411199719997941"
"H4NC09171","BRISTOW, NIGEL WILLIAM","Democratic Party","DEM","House","H","North Carolina","NC","09","HAMLET","NC","28345","2026","19-NOV-24","2024","202411199719996378"
"H0IN01150","MRVAN, FRANK J.","Democratic Party","DEM","House","H","Indiana","IN","01","HIGHLAND","IN","46322","2026","19-NOV-24","2024","202411199719996417"
"H8CA34266","GOMEZ, JIMMY","Democratic Party","DEM","House","H","California","CA","34","WASHINGTON","DC","20003","2026","19-NOV-24","2024","202411199719994645"
"H4CA12055","KHANNA, ROHIT","Democratic Party","DEM","House","H","California","CA","17","SANTA CLARA","CA","95051","2026","19-NOV-24","2024","202411199719994646"
"H4CA30149","FRIEDMAN, LAURA","Democratic Party","DEM","House","H","California","CA","30","LOS ANGELES","CA","90027","2026","19-NOV-24","2024","202411199719994647"
"H8PA06087","HOULAHAN, CHRISSY","Democratic Party","DEM","House","H","Pennsylvania","PA","06","DEVON","PA","19333","2026","19-NOV-24","2024","202411199719994648"
"H0FL01146","MERK, GREGORY CHARLES","Republican Party","REP","House","H","Florida","FL","01","PENSACOLA","FL","32514","2025","19-NOV-24","2024","202411199719994661"
"H6GA04129","JOHNSON, HENRY C. 'HANK'","Democratic Party","DEM","House","H","Georgia","GA","04","DECATUR","GA","30034","2026","19-NOV-24","2024","202411199719994663"
"H6TX02079","BABIN, BRIAN","Republican Party","REP","House","H","Texas","TX","36","WOODVILLE","TX","75979","2026","19-NOV-24","2024","202411199719994671"
"H4MD06340","DELANEY, APRIL MCCLAIN","Democratic Party","DEM","House","H","Maryland","MD","06","GAITHERSBURG","MD","20883","2026","19-NOV-24","2024","202411199719994682"
"H6TX15162","GONZALEZ, VICENTE","Democratic Party","DEM","House","H","Texas","TX","34","BROWNSVILLE","TX","78523","2026","19-NOV-24","2024","202411199719994976"
"H0CA08135","OBERNOLTE, JAY","Republican Party","REP","House","H","California","CA","23","BIG BEAR LAKE","CA","92315","2026","18-NOV-24","2024","202411189719988134"
"H4MO08162","SMITH, JASON T","Republican Party","REP","House","H","Missouri","MO","08","SALEM","MO","655608910","2026","18-NOV-24","2024","202411189719994639"
"H4GA01039","CARTER, EARL LEROY","Republican Party","REP","House","H","Georgia","GA","01","POOLER","GA","31322","2026","18-NOV-24","2024","202411189719988355"
"H4FL07137","ADAMS, JENNIFER","Democratic Party","DEM","House","H","Florida","FL","07","WINTER PARK","FL","32790","2026","18-NOV-24","2024","202411189719988372"
"H6FL09179","SOTO, DARREN","Democratic Party","DEM","House","H","Florida","FL","09","KISSIMMEE","FL","34742","2026","18-NOV-24","2024","202411189719988578"
"H4GA07283","CRISWELL, JEFFERSON EDWARD","Republican Party","REP","House","H","Georgia","GA","14","SMYRNA","GA","30082","2026","18-NOV-24","2024","202411189719988591"
"H4WI06048","GROTHMAN, GLENN S.","Republican Party","REP","House","H","Wisconsin","WI","06","FOND DU LAC","WI","549641215","2026","18-NOV-24","2024","202411189719988596"
"H4OR03192","DEXTER, MAXINE","Democratic Party","DEM","House","H","Oregon","OR","03","PORTLAND","OR","97212","2026","18-NOV-24","2024","202411189719988597"
"H6FL01283","SLATER, CHRISTOPHER K","Republican Party","REP","House","H","Florida","FL","01","FORT WALTON BEACH","FL","32547","2025","18-NOV-24","2024","202411189719988598"
"H2WA03217","GLUESENKAMP PEREZ, MARIE","Democratic Party","DEM","House","H","Washington","WA","03","WASHOUGAL","WA","98671","2026","18-NOV-24","2024","202411189719988943"
"H4OR05304","BYNUM, JANELLE","Democratic Party","DEM","House","H","Oregon","OR","05","CLACKAMAS","OR","97015","2026","18-NOV-24","2024","202411189719989099"
"H2TX30178","CROCKETT, JASMINE","Democratic Party","DEM","House","H","Texas","TX","30","DALLAS","TX","75222","2026","18-NOV-24","2024","202411189719989103"
"H4LA06211","FIELDS, CLEO","Democratic Party","DEM","House","H","Louisiana","LA","06","BATON ROUGE","LA","70805","2026","18-NOV-24","2024","202411189719989104"
"H0KY06104","BARR, GARLAND ANDY","Republican Party","REP","House","H","Kentucky","KY","06","LEXINGTON","KY","405882059","2026","18-NOV-24","2024","202411189719989178"
"H6FL06233","AUDINO, ERNEST CARL","Republican Party","REP","House","H","Florida","FL","06","PORT ORANGE","FL","32128","2026","18-NOV-24","2024","202411189719989191"
"H2IL13153","BUDZINSKI, NIKKI","Democratic Party","DEM","House","H","Illinois","IL","13","SPRINGFIELD","IL","62705","2026","18-NOV-24","2024","202411189719989403"
"H6FL01291","DAVIS, C MARCEL","Democratic Party","DEM","House","H","Florida","FL","01","PENSACOLA","FL","32507","2026","18-NOV-24","2024","202411189719994484"
"H2NY10092","JEFFRIES, HAKEEM","Democratic Party","DEM","House","H","New York","NY","08","BROOKLYN","NY","11238","2026","18-NOV-24","2024","202411189719988295"
"H4WA06117","RANDALL, EMILY","Democratic Party","DEM","House","H","Washington","WA","06","PORT ORCHARD","WA","98366","2026","17-NOV-24","2024","202411179719987940"
"H4MI08218","MCDONALD RIVET, KRISTEN","Democratic Party","DEM","House","H","Michigan","MI","08","BAY CITY","MI","48707","2026","17-NOV-24","2024","202411179719987941"
"H2HI02581","TOKUDA, JILL NAOMI","Democratic Party","DEM","House","H","Hawaii","HI","02","KANEOHE","HI","96744","2026","17-NOV-24","2024","202411179719987943"
"H0TX14234","SAJNA, CYRUS MR","Republican Party","REP","House","H","Texas","TX","18","LAMARQUE","TX","77568","2026","17-NOV-24","2024","202411179719988063"
"H4CA29141","RIVAS, LUZ","Democratic Party","DEM","House","H","California","CA","29","ARLETA","CA","91334","2026","17-NOV-24","2024","202411179719987946"
"H0WA10034","STRICKLAND, MARILYN","Democratic Party","DEM","House","H","Washington","WA","10","OLYMPIA","WA","98516","2026","17-NOV-24","2024","202411179719987947"
"H4NC13157","PIERCE, FRANK","Democratic Party","DEM","House","H","North Carolina","NC","13","RALEIGH","NC","27602","2026","17-NOV-24","2024","202411179719987985"
"H6CA20152","PANETTA, JIMMY","Democratic Party","DEM","House","H","California","CA","19","CARMEL VALLEY","CA","93924","2026","17-NOV-24","2024","202411179719987945"
"S6TX00313","WYATT, DOC LEO DR","Republican Party","REP","Senate","S","Texas","TX","00","PAMPA","TX","79065","2026","16-NOV-24","2024","202411169719987885"
"H0NJ07261","KEAN, THOMAS H. JR.","Republican Party","REP","House","H","New Jersey","NJ","07","WESTFIELD","NJ","07090","2026","16-NOV-24","2024","202411169719987919"
"H2NY17162","LAWLER, MICHAEL VINCENT","Republican Party","REP","House","H","New York","NY","17","SOUTH SALEM","NY","10590","2026","16-NOV-24","2024","202411169719987894"
"H0NY11078","MALLIOTAKIS, NICOLE","Republican Party","REP","House","H","New York","NY","11","STATEN ISLAND","NY","10308","2026","16-NOV-24","2024","202411169719987890"
"H6NY21165","MILLER, OTTO DEAN","Republican Party","REP","House","H","New York","NY","21","QUEENSBURY","NY","12804","2025","15-NOV-24","2024","202411159719987405"
"H6WV01111","JACKSON, LARRY","Republican Party","REP","House","H","West Virginia","WV","01","NORTH SPRING","WV","24869","2026","15-NOV-24","2024","202411159719987869"
"H8CA39174","CISNEROS, GILBERT","Democratic Party","DEM","House","H","California","CA","31","COVINA","CA","91722","2026","15-NOV-24","2024","202411159719978235"
"H4MI04126","MOOLENAAR, JOHN MR.","Republican Party","REP","House","H","Michigan","MI","02","CALEDONIA","MI","49316","2026","15-NOV-24","2024","202411159719981527"
"H4FL06055","STOCKTON, JAMES D","Democratic Party","DEM","House","H","Florida","FL","06","OCALA","FL","34472","2026","15-NOV-24","2024","202411159719981528"
"H4NY26078","KENNEDY, TIMOTHY","Democratic Party","DEM","House","H","New York","NY","26","BUFFALO","NY","14201","2026","15-NOV-24","2024","202411159719981537"
"H8MI13250","TLAIB, RASHIDA","Democratic Party","DEM","House","H","Michigan","MI","12","DETROIT","MI","48232","2026","15-NOV-24","2024","202411159719981549"
"H6NY03247","SUOZZI, THOMAS","Democratic Party","DEM","House","H","New York","NY","03","GLEN COVE","NY","11542","2026","15-NOV-24","2024","202411159719981557"
"H6FL01275","THOMPSON, MICHAEL","Republican Party","REP","House","H","Florida","FL","01","PENSACOLA","FL","32506","2025","15-NOV-24","2024","202411159719981559"
"H8MI11254","STEVENS, HALEY","Democratic Party","DEM","House","H","Michigan","MI","11","BIRMINGHAM","MI","48009","2026","15-NOV-24","2024","202411159719987031"
"H2OH01194","LANDSMAN, GREG","Democratic Party","DEM","House","H","Ohio","OH","01","CINCINNATI","OH","45201","2026","15-NOV-24","2024","202411159719987382"
"H2OH13264","SYKES, EMILIA","Democratic Party","DEM","House","H","Ohio","OH","13","AKRON","OH","44308","2026","15-NOV-24","2024","202411159719987389"
"H8KS03155","DAVIDS, SHARICE","Democratic Party","DEM","House","H","Kansas","KS","03","SHAWNEE","KS","66216","2026","15-NOV-24","2024","202411159719987392"
"H4CA27111","WHITESIDES, GEORGE","Democratic Party","DEM","House","H","California","CA","27","NEWHALL","CA","91322","2026","15-NOV-24","2024","202411159719987398"
"H2CA20094","VALADAO, DAVID","Republican Party","REP","House","H","California","CA","22","FRESNO","CA","93704","2026","15-NOV-24","2024","202411159719987401"
"H8IL04134","GARCIA, JESUS","Democratic Party","DEM","House","H","Illinois","IL","04","CHICAGO","IL","60632","2026","15-NOV-24","2024","202411159719975329"
"H6TX17135","BROWN, ROBERT PASTOR","Republican Party","REP","House","H","Texas","TX","17","LATEXO","TX","75849","2026","15-NOV-24","2024","202411159719975357"
"H2FL25018","DIAZ-BALART, MARIO","Republican Party","REP","House","H","Florida","FL","26","MIAMI","FL","331733512","2026","15-NOV-24","2024","202411159719975358"
"H6MD08457","RASKIN, JAMIE","Democratic Party","DEM","House","H","Maryland","MD","08","TAKOMA PARK","MD","20913","2026","15-NOV-24","2024","202411159719975366"
"H8TX07140","FLETCHER, ELIZABETH","Democratic Party","DEM","House","H","Texas","TX","07","HOUSTON","TX","77098","2026","15-NOV-24","2024","202411159719975367"
"H2CA47188","GARCIA, ROBERT","Democratic Party","DEM","House","H","California","CA","42","LONG BEACH","CA","90802","2026","15-NOV-24","2024","202411159719975431"
"H4AZ08108","HAMADEH, ABRAHAM","Republican Party","REP","House","H","Arizona","AZ","08","PEORIA","AZ","85380","2026","15-NOV-24","2024","202411159719975440"
"H4TX18237","TURNER, SYLVESTER","Democratic Party","DEM","House","H","Texas","TX","18","HOUSTON","TX","77256","2026","15-NOV-24","2024","202411159719975444"
"H8MD01094","HARRIS, ANDREW P","Republican Party","REP","House","H","Maryland","MD","01","CAMBRIDGE","MD","21613","2026","15-NOV-24","2024","202411159719975449"
"H4GA10071","COLLINS, MICHAEL A JR","Republican Party","REP","House","H","Georgia","GA","10","JACKSON","GA","30233","2026","15-NOV-24","2024","202411159719975450"
"H4WA05234","BAUMGARTNER, MICHAEL JAMES","Republican Party","REP","House","H","Washington","WA","05","SPOKANE","WA","99203","2026","15-NOV-24","2024","202411159719975461"
"H0MI10287","MCCLAIN, LISA","Republican Party","REP","House","H","Michigan","MI","09","BRUCE TOWNSHIP","MI","48065","2026","15-NOV-24","2024","202411159719975462"
"H0FL26036","GIMENEZ, CARLOS","Republican Party","REP","House","H","Florida","FL","28","MIAMI","FL","33174","2026","15-NOV-24","2024","202411159719975475"
"H4PA08124","BRESNAHAN, ROB","Republican Party","REP","House","H","Pennsylvania","PA","08","PITTSTON","PA","18640","2026","15-NOV-24","2024","202411159719975478"
"H8AL02171","MOORE, FELIX BARRY","Republican Party","REP","House","H","Alabama","AL","01","ENTERPRISE","AL","36331","2026","15-NOV-24","2024","202411159719975485"
"H0TX04219","FALLON, PATRICK","Republican Party","REP","House","H","Texas","TX","04","CELINA","TX","75009","2026","15-NOV-24","2024","202411159719975487"
"H8OK01157","HERN, KEVIN","Republican Party","REP","House","H","Oklahoma","OK","01","TULSA","OK","74137","2026","15-NOV-24","2024","202411159719975516"
"H2NJ12127","MAYFIELD, DARIUS","Republican Party","REP","House","H","New Jersey","NJ","12","HELMETTA","NJ","08828","2026","15-NOV-24","2024","202411159719975572"
"H2MD05155","HOYER, STENY","Democratic Party","DEM","House","H","Maryland","MD","05","BOWIE","MD","20716","2026","15-NOV-24","2024","202411159719975656"
"H2CA37304","KAMLAGER-DOVE, SYDNEY","Democratic Party","DEM","House","H","California","CA","37","WASHINGTON","DC","20003","2026","15-NOV-24","2024","202411159719977977"
"H2TN07103","KUSTOFF, DAVID","Republican Party","REP","House","H","Tennessee","TN","08","GERMANTOWN","TN","381382769","2026","15-NOV-24","2024","202411159719978234"
"H4NY21145","COLLINS, PAULA","Democratic Party","DEM","House","H","New York","NY","21","NEW YORK","NY","10001","2026","15-NOV-24","2024","202411159719978240"
"H0GA09246","CLYDE, ANDREW","Republican Party","REP","House","H","Georgia","GA","09","JEFFERSON","GA","30549","2026","15-NOV-24","2024","202411159719978246"
"H4AR04048","WESTERMAN, BRUCE","Republican Party","REP","House","H","Arkansas","AR","04","HOT SPRINGS","AR","71901","2026","15-NOV-24","2024","202411159719978250"
"H8NY06048","MEEKS, GREGORY W.","Democratic Party","DEM","House","H","New York","NY","05","JAMAICA","NY","11432","2026","15-NOV-24","2024","202411159719978256"
"H6IL18088","LAHOOD, DARIN MCKAY","Republican Party","REP","House","H","Illinois","IL","16","DUNLAP","IL","61525","2026","15-NOV-24","2024","202411159719978266"
"H8FL17053","STEUBE, GREG","Republican Party","REP","House","H","Florida","FL","17","SARASOTA","FL","34232","2026","15-NOV-24","2024","202411159719978267"
"H2OH15228","CAREY, MIKE","Republican Party","REP","House","H","Ohio","OH","15","COLUMBUS","OH","43216","2026","15-NOV-24","2024","202411159719978274"
"H0MN07091","FISCHBACH, MICHELLE","Republican Party","REP","House","H","Minnesota","MN","07","LITCHFIELD","MN","55355","2026","15-NOV-24","2024","202411159719978766"
"H4FL01197","VALIMONT, JENNIFER GAY","Democratic Party","DEM","House","H","Florida","FL","01","GULF BREEZE","FL","32562","2026","15-NOV-24","2024","202411159719979325"
"H6TX17127","BROWN, ROBERT PASTOR","Republican Party","REP","House","H","Texas","TX","17","LATEXO","TX","75849","2026","14-NOV-24","2024","202411149719975228"
"H0IN05326","SPARTZ, VICTORIA","Republican Party","REP","House","H","Indiana","IN","05","NOBLESVILLE","IN","46061","2026","14-NOV-24","2024","202411149719971482"
"H4TX26149","GILL, BRANDON","Republican Party","REP","House","H","Texas","TX","26","FLOWER MOUND","TX","75027","2026","14-NOV-24","2024","202411149719972090"
"H4TX32089","JOHNSON, JULIE","Democratic Party","DEM","House","H","Texas","TX","32","DALLAS","TX","75380","2026","14-NOV-24","2024","202411149719972112"
"H4NY22085","MANNION, JOHN W","Democratic Party","DEM","House","H","New York","NY","22","SYRACUSE","NY","13218","2026","14-NOV-24","2024","202411149719972113"
"H6WA09025","SMITH, D. ADAM","Democratic Party","DEM","House","H","Washington","WA","09","RENTON","WA","98057","2026","14-NOV-24","2024","202411149719972122"
"H8CA01109","THOMPSON, MIKE MR.","Democratic Party","DEM","House","H","California","CA","04","NAPA","CA","94581","2026","14-NOV-24","2024","202411149719972123"
"H8NY19223","RYAN, PATRICK","Democratic Party","DEM","House","H","New York","NY","18","KINGSTON","NY","12402","2026","14-NOV-24","2024","202411149719972124"
"H0WA08046","DELBENE, SUZAN K","Democratic Party","DEM","House","H","Washington","WA","01","KIRKLAND","WA","98083","2026","14-NOV-24","2024","202411149719972128"
"H2TX35011","CASTRO, JOAQUIN","Democratic Party","DEM","House","H","Texas","TX","20","SAN ANTONIO","TX","78292","2026","14-NOV-24","2024","202411149719972803"
"H2AK01083","BEGICH, NICHOLAS III","Republican Party","REP","House","H","Alaska","AK","00","CHUGIAK","AK","99567","2026","14-NOV-24","2024","202411149719973310"
"H2PA17103","DELUZIO, CHRISTOPHER","Democratic Party","DEM","House","H","Pennsylvania","PA","17","PITTSBURGH","PA","15242","2026","14-NOV-24","2024","202411149719973321"
"H4DE00045","MCBRIDE, SARAH ELIZABETH","Democratic Party","DEM","House","H","Delaware","DE","00","WILMINGTON","DE","19899","2026","14-NOV-24","2024","202411149719973324"
"H6CA44103","BARRAGAN, NANETTE","Democratic Party","DEM","House","H","California","CA","44","SAN PEDRO","CA","90731","2026","14-NOV-24","2024","202411149719973331"
"H0MA04192","AUCHINCLOSS, JAKE","Democratic Party","DEM","House","H","Massachusetts","MA","04","NEWTONVILLE","MA","02460","2026","14-NOV-24","2024","202411149719973332"
"H4CA47085","MIN, DAVE","Democratic Party","DEM","House","H","California","CA","47","IRVINE","CA","92616","2026","14-NOV-24","2024","202411149719973370"
"H2VT01076","BALINT, REBECCA 'BECCA'","Democratic Party","DEM","House","H","Vermont","VT","00","BURLINGTON","VT","05402","2026","14-NOV-24","2024","202411149719973372"
"H4IL10080","MINK, AUSTIN JAMES","Independent","IND","House","H","Illinois","IL","10","WINTHROP HARBOR","IL","60096","2026","14-NOV-24","2024","202411149719970967"
"H6IN09143","HOUCHIN, ERIN","Republican Party","REP","House","H","Indiana","IN","09","SALEM","IN","47167","2026","14-NOV-24","2024","202411149719970993"
"H8CA05035","PELOSI, NANCY","Democratic Party","DEM","House","H","California","CA","11","SAN FRANCISCO","CA","94104","2026","14-NOV-24","2024","202411149719971010"
"H6NY01142","SORENSEN, THOMAS","Unaffiliated","UN","House","H","New York","NY","01","HAUPPAGUE","NY","11788","2026","14-NOV-24","2024","202411149719971012"
"H4MA05084","CLARK, KATHERINE","Democratic Party","DEM","House","H","Massachusetts","MA","05","WASHINGTON","DC","20003","2026","14-NOV-24","2024","202411149719971042"
"H4NH02399","GOODLANDER, MAGGIE","Democratic Party","DEM","House","H","New Hampshire","NH","02","NASHUA","NH","03060","2026","14-NOV-24","2024","202411149719971111"
"H2NM02191","VASQUEZ, GABRIEL","Democratic Party","DEM","House","H","New Mexico","NM","02","MESILLA","NM","88046","2026","14-NOV-24","2024","202411149719971114"
"H8IL14174","UNDERWOOD, LAUREN","Democratic Party","DEM","House","H","Illinois","IL","14","PLAINFIELD","IL","60585","2026","14-NOV-24","2024","202411149719971336"
"H6NY21157","CONSTANTINO, ANTHONY THOMAS","Republican Party","REP","House","H","New York","NY","21","ALBANY","NY","12211","2025","14-NOV-24","2024","202411149719971342"
"H6FL01267","MEADOWS, CINDY MS","Republican Party","REP","House","H","Florida","FL","01","SANTA ROSA BEACH","FL","32459","2025","14-NOV-24","2024","202411149719971381"
"H8NY15148","OCASIO-CORTEZ, ALEXANDRIA","Democratic Party","DEM","House","H","New York","NY","14","CORONA","NY","11368","2026","14-NOV-24","2024","202411149719971455"
"H0MA10082","KEATING, WILLIAM R","Democratic Party","DEM","House","H","Massachusetts","MA","09","MONUMENT BEACH","MA","02553","2026","14-NOV-24","2024","202411149719971456"
"H8CA49058","LEVIN, MIKE","Democratic Party","DEM","House","H","California","CA","49","CAPISTRANO BEACH","CA","92624","2026","14-NOV-24","2024","202411149719971465"
"H6CO05142","CRANK, JEFF","Republican Party","REP","House","H","Colorado","CO","05","COLORADO SPRINGS","CO","80920","2026","14-NOV-24","2024","202411149719971467"
"H4MT01041","ZINKE, RYAN K","Republican Party","REP","House","H","Montana","MT","01","WHITEFISH","MT","599373010","2026","14-NOV-24","2024","202411149719971483"
"H2AL03032","ROGERS, MICHAEL","Republican Party","REP","House","H","Alabama","AL","03","ANNISTON","AL","36201","2026","13-NOV-24","2024","202411139719969391"
"H4CA20082","COSTA, JIM","Democratic Party","DEM","House","H","California","CA","21","FRESNO","CA","937111200","2026","13-NOV-24","2024","202411139719970371"
"H4AL06098","PALMER, GARY","Republican Party","REP","House","H","Alabama","AL","06","BIRMINGHAM","AL","352093502","2026","13-NOV-24","2024","202411139719969431"
"H4AR02141","HILL, JAMES FRENCH","Republican Party","REP","House","H","Arkansas","AR","02","LITTLE ROCK","AR","72217","2026","13-NOV-24","2024","202411139719969437"
"S6NE00129","RICKETTS, PETE","Republican Party","REP","Senate","S","Nebraska","NE","00","LINCOLN","NE","68508","2026","13-NOV-24","2024","202411139719969487"
"H2IL02198","RAMOS, ASHLEY","Republican Party","REP","House","H","Illinois","IL","02","CLIFTON","IL","60927","2026","13-NOV-24","2024","202411139719969502"
"H4NC12100","ADAMS, ALMA SHEALEY","Democratic Party","DEM","House","H","North Carolina","NC","12","CHARLOTTE","NC","28202","2026","13-NOV-24","2024","202411139719969526"
"H6MN02131","CRAIG, ANGELA DAWN","Democratic Party","DEM","House","H","Minnesota","MN","02","EAGAN","MN","55122","2026","13-NOV-24","2024","202411139719969527"
"H2NC02287","DAVIS, DON","Democratic Party","DEM","House","H","North Carolina","NC","01","SNOW HILL","NC","28580","2026","13-NOV-24","2024","202411139719969530"
"H2NC06114","FOUSHEE, VALERIE","Democratic Party","DEM","House","H","North Carolina","NC","04","CHAPEL HILL","NC","27516","2026","13-NOV-24","2024","202411139719969533"
"H8CA10126","HARDER, JOSH","Democratic Party","DEM","House","H","California","CA","09","MANTECA","CA","95337","2026","13-NOV-24","2024","202411139719969534"
"H0NC02125","ROSS, DEBORAH","Democratic Party","DEM","House","H","North Carolina","NC","02","RALEIGH","NC","27611","2026","13-NOV-24","2024","202411139719969537"
"H0AR01083","CRAWFORD, ERIC ALAN RICK","Republican Party","REP","House","H","Arkansas","AR","01","JONESBORO","AR","72404","2026","13-NOV-24","2024","202411139719969615"
"H4MA06090","MOULTON, SETH","Democratic Party","DEM","House","H","Massachusetts","MA","06","SALEM","MA","01970","2026","13-NOV-24","2024","202411139719969804"
"H6NE02125","BACON, DONALD J","Republican Party","REP","House","H","Nebraska","NE","02","OMAHA","NE","681391368","2026","13-NOV-24","2024","202411139719969806"
"H2FL04211","BEAN, AARON P.","Republican Party","REP","House","H","Florida","FL","04","FERNANDINA BEACH","FL","32035","2026","13-NOV-24","2024","202411139719969813"
"H2MO04207","ALFORD, MARK","Republican Party","REP","House","H","Missouri","MO","04","RAYMORE","MO","64083","2026","13-NOV-24","2024","202411139719969824"
"H8TX05144","GOODEN, LANCE","Republican Party","REP","House","H","Texas","TX","05","TERRELL","TX","75160","2026","13-NOV-24","2024","202411139719969826"
"H8PA18199","RESCHENTHALER, GUY MR.","Republican Party","REP","House","H","Pennsylvania","PA","14","PITTSBURGH","PA","15222","2026","13-NOV-24","2024","202411139719969828"
"H4TX09095","GREEN, ALEXANDER","Democratic Party","DEM","House","H","Texas","TX","09","HOUSTON","TX","77256","2026","13-NOV-24","2024","202411139719969832"
"H2CA15094","SWALWELL, ERIC MICHAEL","Democratic Party","DEM","House","H","California","CA","14","DUBLIN","CA","94568","2026","13-NOV-24","2024","202411139719969877"
"H8WI01156","STEIL, BRYAN GEORGE","Republican Party","REP","House","H","Wisconsin","WI","01","JANESVILLE","WI","535469389","2026","13-NOV-24","2024","202411139719969878"
"H4FL01213","DIMMOCK, AARON","Republican Party","REP","House","H","Florida","FL","01","PENSACOLA","FL","32534","2026","13-NOV-24","2024","202411139719969882"
"H0UT04076","OWENS, BURGESS","Republican Party","REP","House","H","Utah","UT","04","RIVERTON","UT","84065","2026","13-NOV-24","2024","202411139719969891"
"H4GA11061","LOUDERMILK, BARRY","Republican Party","REP","House","H","Georgia","GA","11","CASSVILLE","GA","301230447","2026","13-NOV-24","2024","202411139719969893"
"H0SC01394","MACE, NANCY","Republican Party","REP","House","H","South Carolina","SC","01","CHARLESTON","SC","29492","2026","13-NOV-24","2024","202411139719969894"
"H2OH16051","MILLER, MAX","Republican Party","REP","House","H","Ohio","OH","07","ROCKY RIVER","OH","44116","2026","13-NOV-24","2024","202411139719969429"
"H8CO06229","CROW, JASON","Democratic Party","DEM","House","H","Colorado","CO","06","GREENWOOD VILLAGE","CO","80112","2026","12-NOV-24","2024","202411129719968048"
"H2OR04095","HOYLE, VALERIE","Democratic Party","DEM","House","H","Oregon","OR","04","SPRINGFIELD","OR","97477","2026","12-NOV-24","2024","202411129719968052"
"H2VA02064","KIGGANS, JENNIFER","Republican Party","REP","House","H","Virginia","VA","02","VIRGINIA BEACH","VA","23471","2026","12-NOV-24","2024","202411129719968067"
"H2MO07143","BURLISON, ERIC","Republican Party","REP","House","H","Missouri","MO","07","SPRINGFIELD","MO","65804","2026","12-NOV-24","2024","202411129719968076"
"H2NE01118","FLOOD, MIKE","Republican Party","REP","House","H","Nebraska","NE","01","LINCOLN","NE","68501","2026","12-NOV-24","2024","202411129719968081"
"H0FL03175","CAMMACK, KAT","Republican Party","REP","House","H","Florida","FL","03","GAINESVILLE","FL","32606","2026","12-NOV-24","2024","202411129719968211"
"H2TX23082","CUELLAR, HENRY R.","Democratic Party","DEM","House","H","Texas","TX","28","LAREDO","TX","78040","2026","12-NOV-24","2024","202411129719968243"
"H6MI01226","BERGMAN, JOHN","Republican Party","REP","House","H","Michigan","MI","01","WATERSMEET","MI","49969","2026","12-NOV-24","2024","202411129719968219"
"H6PA16320","SMUCKER, LLOYD K.","Republican Party","REP","House","H","Pennsylvania","PA","11","LANCASTER","PA","17601","2026","12-NOV-24","2024","202411129719968225"
"H8TX02166","CRENSHAW, DANIEL","Republican Party","REP","House","H","Texas","TX","02","HOUSTON","TX","772430965","2026","12-NOV-24","2024","202411129719968227"
"H6TX10155","SUAREZ, PHILIP","Republican Party","REP","House","H","Texas","TX","10","CYPRESS","TX","77433","2026","12-NOV-24","2024","202411129719968228"
"H4MN06087","EMMER, THOMAS EARL JR.","Republican Party","REP","House","H","Minnesota","MN","06","ELK RIVER","MN","55330","2026","12-NOV-24","2024","202411129719968229"
"H8PA13125","JOYCE, JOHN","Republican Party","REP","House","H","Pennsylvania","PA","13","HOLLIDAYSBURG","PA","16648","2026","12-NOV-24","2024","202411129719968213"
"H6MD08622","LEON, STEPHEN ALAN","Democratic Party","DEM","House","H","Maryland","MD","08","ARLINGTON","VA","22201","2026","11-NOV-24","2024","202411119719959143"
"H6FL20069","JOSEPH, RODENAY MR.","Republican Party","REP","House","H","Florida","FL","20","DEBARY","FL","32713","2026","11-NOV-24","2024","202411119719959148"
"H6AZ05166","GRAYSON, RICHARD","Green Party","GRE","House","H","Arizona","AZ","05","APACHE JUNCTION","AZ","85120","2026","11-NOV-24","2024","202411119719959184"
"H8TX21307","ROY, CHIP","Republican Party","REP","House","H","Texas","TX","21","AUSTIN","TX","78735","2026","11-NOV-24","2024","202411119719959185"
"H4NY22051","TENNEY, CLAUDIA","Republican Party","REP","House","H","New York","NY","24","VICTOR","NY","14564","2026","11-NOV-24","2024","202411119719959186"
"H2NC08185","HUDSON, RICHARD L. JR.","Republican Party","REP","House","H","North Carolina","NC","09","SOUTHERN PINES","NC","28388","2026","11-NOV-24","2024","202411119719959247"
"H4RI01265","AMO, GABRIEL F","Democratic Party","DEM","House","H","Rhode Island","RI","01","PROVIDENCE","RI","02940","2026","11-NOV-24","2024","202411119719959291"
"H2NY14128","FORTE, TINA","Republican Party","REP","House","H","New York","NY","14","NANUET","NY","10954","2026","11-NOV-24","2024","202411119719959328"
"H4UT03260","KENNEDY, MIKE","Republican Party","REP","House","H","Utah","UT","03","AMERICAN FORK","UT","84003","2026","11-NOV-24","2024","202411119719959330"
"H0TX22302","NEHLS, TROY","Republican Party","REP","House","H","Texas","TX","22","SUGAR LAND","TX","77498","2026","11-NOV-24","2024","202411119719959335"
"H6OH04082","JORDAN, JAMES D.","Republican Party","REP","House","H","Ohio","OH","04","URBANA","OH","430789637","2026","11-NOV-24","2024","202411119719959337"
"H4SC01313","BIGGS, SHERI","Republican Party","REP","House","H","South Carolina","SC","03","ANDERSON","SC","29622","2026","11-NOV-24","2024","202411119719959346"
"H0TN01118","HARSHBARGER, DIANA","Republican Party","REP","House","H","Tennessee","TN","01","KINGSPORT","TN","37664","2026","11-NOV-24","2024","202411119719959351"
"H6OH08315","DAVIDSON, WARREN","Republican Party","REP","House","H","Ohio","OH","08","TROY","OH","45373","2026","11-NOV-24","2024","202411119719959353"
"H2TN05446","OGLES, ANDY","Republican Party","REP","House","H","Tennessee","TN","05","COLUMBIA","TN","38401","2026","11-NOV-24","2024","202411119719959354"
"H2NY01190","NICK, LALOTA","Republican Party","REP","House","H","New York","NY","01","LINDENHURST","NY","11757","2026","11-NOV-24","2024","202411119719959355"
"H4OH06165","RULLI, MICHAEL","Republican Party","REP","House","H","Ohio","OH","06","YOUNGSTOWN","OH","44511","2026","11-NOV-24","2024","202411119719959361"
"S4WY00162","RASNER, REID","Republican Party","REP","Senate","S","Wyoming","WY","00","MILLS","WY","82644","2026","11-NOV-24","2024","202411119719959376"
"H8MO09146","ONDER JR, ROBERT FRANK","Republican Party","REP","House","H","Missouri","MO","03","O'FALLON","MO","63368","2026","11-NOV-24","2024","202411119719959315"
"H0VA07133","MCGUIRE, JOHN","Republican Party","REP","House","H","Virginia","VA","05","MANAKIN SABOT","VA","23103","2026","11-NOV-24","2024","202411119719959329"
"H6FL18097","MAST, BRIAN","Republican Party","REP","House","H","Florida","FL","21","STUART","FL","34995","2026","11-NOV-24","2024","202411119719960433"
"H0MI02094","HUIZENGA, WILLIAM P","Republican Party","REP","House","H","Michigan","MI","04","HOLLAND","MI","494247452","2026","11-NOV-24","2024","202411119719960435"
"H0TN03254","FLEISCHMANN, CHARLES J","Republican Party","REP","House","H","Tennessee","TN","03","OOLTEWAH","TN","37363","2026","11-NOV-24","2024","202411119719960437"
"H2GA02031","BISHOP, SANFORD","Democratic Party","DEM","House","H","Georgia","GA","02","COLUMBUS","GA","31902","2026","11-NOV-24","2024","202411119719960780"
"H4FL11105","HALL, BARBARA BARBIE HARDEN","Democratic Party","DEM","House","H","Florida","FL","11","MOUNT DORA","FL","32757","2026","11-NOV-24","2024","202411119719960813"
"H6CA13173","SIGALA, ANGELINA","Democratic Party","DEM","House","H","California","CA","13","MODESTO","CA","95351","2026","11-NOV-24","2024","202411119719961877"
"H4CO05105","GASSEN, RIVER","Democratic Party","DEM","House","H","Colorado","CO","05","COLORADO SPRINGS","CO","80909","2026","11-NOV-24","2024","202411119719961926"
"H0GA07273","MCCORMICK, RICHARD DEAN DR.","Republican Party","REP","House","H","Georgia","GA","07","CUMMING","GA","30040","2026","11-NOV-24","2024","202411119719959292"
"H0IA04145","FEENSTRA, RANDALL","Republican Party","REP","House","H","Iowa","IA","04","HULL","IA","512397323","2026","11-NOV-24","2024","202411119719959295"
"H8IA02043","MILLER-MEEKS, MARIANNETTE JANE","Republican Party","REP","House","H","Iowa","IA","01","DAVENPORT","IA","52807","2026","11-NOV-24","2024","202411119719959298"
"H6MI13247","WILCOXON, D.ETTA DR.","Green Party","GRE","House","H","Michigan","MI","13","DETROIT","MI","48203","2026","11-NOV-24","2024","202411119719959307"
"H2MI13311","ELLIOTT, STEVEN","Republican Party","REP","House","H","Michigan","MI","12","SOUTHFIELD","MI","48076","2026","11-NOV-24","2024","202411119719959308"
"H8MN08043","STAUBER, PETER ALLEN","Republican Party","REP","House","H","Minnesota","MN","08","HERMANTOWN","MN","55811","2026","11-NOV-24","2024","202411119719959309"
"H2MN01223","FINSTAD, BRAD","Republican Party","REP","House","H","Minnesota","MN","01","NEW ULM","MN","56073","2026","11-NOV-24","2024","202411119719959311"
"H2MO02102","WAGNER, ANN L.","Republican Party","REP","House","H","Missouri","MO","02","BALLWIN","MO","630220050","2026","11-NOV-24","2024","202411119719959313"
"H8PA10147","MEUSER, DANIEL","Republican Party","REP","House","H","Pennsylvania","PA","09","WYOMING","PA","186449373","2026","11-NOV-24","2024","202411119719959316"
"H4CO08034","EVANS, TIMOTHY GABRIEL JOSEPH","Republican Party","REP","House","H","Colorado","CO","08","FORT LUPTON","CO","80621","2026","10-NOV-24","2024","202411109719959122"
"H6WV01103","RUCKER, ISAIAH PATRICK MR","Independent","IND","House","H","West Virginia","WV","01","MT CARBON","WV","25139","2026","10-NOV-24","2024","202411109719959104"
"H0KS01123","MANN, TRACEY ROBERT","Republican Party","REP","House","H","Kansas","KS","01","SALINA","KS","674021084","2026","09-NOV-24","2024","202411099719958881"
"H8TN06094","ROSE, JOHN W.","Republican Party","REP","House","H","Tennessee","TN","06","COOKEVILLE","TN","38502","2026","09-NOV-24","2024","202411099719958880"
"H6MA06137","LARIVEE, KEVIN","Democratic Party","DEM","House","H","Massachusetts","MA","06","BEVERLY","MA","01915","2026","08-NOV-24","2024","202411089719958766"
"H2TX33040","WILLIAMS, ROGER","Republican Party","REP","House","H","Texas","TX","25","CLEBURNE","TX","76031","2026","08-NOV-24","2024","202411089719958772"
"H6TX01287","MORTON, MICHAEL","Independence Party","IDP","House","H","Texas","TX","01","OAK POINT","TX","75068","2026","08-NOV-24","2024","202411089719958773"
"H2AK01158","PELTOLA, MARY","Democratic Party","DEM","House","H","Alaska","AK","00","ANCHORAGE","AK","99501","2026","08-NOV-24","2024","202411089719958213"
"H2PA04135","PERRY, SCOTT","Republican Party","REP","House","H","Pennsylvania","PA","10","HARRISBURG","PA","17112","2026","08-NOV-24","2024","202411089719958210"
"H8PA15195","MACKENZIE, RYAN EDWARD","Republican Party","REP","House","H","Pennsylvania","PA","07","EMMAUS","PA","18049","2026","08-NOV-24","2024","202411089719958199"
"S6MT00238","NEILL, REILLY","Democratic Party","DEM","Senate","S","Montana","MT","00","LIVINGSTON","MT","59047","2026","08-NOV-24","2024","202411089719957820"
"H2AL05102","STRONG, DALE WHITNEY","Republican Party","REP","House","H","Alabama","AL","05","HUNTSVILLE","DC","35804","2026","08-NOV-24","2024","202411089719957869"
"H4AZ02184","NEZ, JONATHAN MICHAEL","Democratic Party","DEM","House","H","Arizona","AZ","02","FLAGSTAFF","AZ","86002","2026","08-NOV-24","2024","202411089719957716"
"H0GA05301","WILLIAMS, NIKEMA N.","Democratic Party","DEM","House","H","Georgia","GA","05","ATLANTA","GA","31131","2026","08-NOV-24","2024","202411089719957686"
"H4NY21079","STEFANIK, ELISE M.","Republican Party","REP","House","H","New York","NY","21","GLENS FALLS","NY","12801","2026","08-NOV-24","2024","202411089719957633"
"H6KY05145","HUFF, JAMESON KYLE","Republican Party","REP","House","H","Kentucky","KY","05","JACKSON","KY","41339","2026","08-NOV-24","2024","202411089719957632"
"H4FL08168","HARIDOPOLOS, MIKE","Unknown","UNK","House","H","Florida","FL","08","INDIAN HARBOUR BEACH","FL","32937","2026","07-NOV-24","2024","202411079719934906"
"H2SC02042","CLYBURN, JAMES E","Democratic Party","DEM","House","H","South Carolina","SC","06","COLUMBIA","SC","29203","2026","07-NOV-24","2024","202411079719936032"
"H2CA02142","LAMALFA, DOUG","Republican Party","REP","House","H","California","CA","01","BIGGS","CA","95917","2026","07-NOV-24","2024","202411079719934805"
"H8CA04152","MCCLINTOCK, THOMAS","Republican Party","REP","House","H","California","CA","05","EL DORADO HILLS","CA","95762","2026","07-NOV-24","2024","202411079719934803"
"H6NJ05171","GOTTHEIMER, JOSH","Democratic Party","DEM","House","H","New Jersey","NJ","05","RIDGEWOOD","NJ","07451","2026","07-NOV-24","2024","202411079719934796"
"H0TX07170","HUNT, WESLEY","Republican Party","REP","House","H","Texas","TX","38","HOUSTON","TX","77056","2026","07-NOV-24","2024","202411079719934014"
"H2TX14149","WEBER, RANDY","Republican Party","REP","House","H","Texas","TX","14","FRIENDSWOOD","TX","77546","2026","07-NOV-24","2024","202411079719934013"
"H6OR16017","ROSENBAUM, ZEVA TAYLER","Democratic Party","DEM","House","H","Oregon","OR","16","ALBANY","OR","97321","2026","07-NOV-24","2024","202411079719933226"
"H2CA03157","KILEY, KEVIN","Republican Party","REP","House","H","California","CA","03","ROSEVILLE","CA","95678","2026","07-NOV-24","2024","202411079719936268"
"H2CA14162","MULLIN, KEVIN","Democratic Party","DEM","House","H","California","CA","15","BELMONT","CA","94002","2026","07-NOV-24","2024","202411079719936180"
"H4CA16197","LICCARDO, SAM T.","Democratic Party","DEM","House","H","California","CA","16","SAN JOSE","CA","95125","2026","07-NOV-24","2024","202411079719936179"
"H2CA06259","HUFFMAN, JARED","Democratic Party","DEM","House","H","California","CA","02","PETALUMA","CA","94953","2026","07-NOV-24","2024","202411079719936151"
"H2GA13012","SCOTT, DAVID ALBERT","Democratic Party","DEM","House","H","Georgia","GA","13","ATLANTA","GA","30307","2026","07-NOV-24","2024","202411079719936033"
"H6CT05207","SOLOMITA, WINTER","Democratic Party","DEM","House","H","Connecticut","CT","05","WATERBURY","CT","06705","2026","07-NOV-24","2024","202411079719935069"
"H0MN04049","MCCOLLUM, BETTY","Democratic Party","DEM","House","H","Minnesota","MN","04","ST. PAUL","MN","55114","2026","07-NOV-24","2024","202411079719935491"
"H4UT02296","MALOY, CELESTE","Republican Party","REP","House","H","Utah","UT","02","CEDAR CITY","UT","847212410","2026","07-NOV-24","2024","202411079719934806"
"H4TX10028","DOGGETT, LLOYD","Democratic Party","DEM","House","H","Texas","TX","37","AUSTIN","TX","78702","2026","06-NOV-24","2024","202411069719932726"
"H0IL15129","MILLER, MARY","Republican Party","REP","House","H","Illinois","IL","15","QUINCY","IL","62305","2026","06-NOV-24","2024","202411069719932640"
"H0GA06192","GREENE, MARJORIE TAYLOR","Republican Party","REP","House","H","Georgia","GA","14","ROME","GA","30161","2026","06-NOV-24","2024","202411069719932635"
"H4FL26095","FRATTO, JOHN ROBERT","Republican Party","REP","House","H","Florida","FL","26","NAPLES","FL","34109","2026","06-NOV-24","2024","202411069719932634"
"H4AZ07134","BUTIEREZ, DANIEL","Republican Party","REP","House","H","Arizona","AZ","07","TUCSON","AZ","85719","2026","06-NOV-24","2024","202411069719932633"
"H4GA03126","JACK, BRIAN","Republican Party","REP","House","H","Georgia","GA","03","PEACHTREE CITY","GA","30269","2026","06-NOV-24","2024","202411069719932632"
"H8IN07184","CARSON, ANDRE","Democratic Party","DEM","House","H","Indiana","IN","07","INDIANAPOLIS","IN","46206","2026","06-NOV-24","2024","202411069719930713"
"H6IL01183","KOVAKA, BRIAN DAVID","Republican Party","REP","House","H","Illinois","IL","01","MANTENO","IL","60950","2026","06-NOV-24","2024","202411069719930616"
"H4ND00061","FEDORCHAK, JULIE","Republican Party","REP","House","H","North Dakota","ND","00","BISMARCK","ND","58502","2026","06-NOV-24","2024","202411069719930593"
"H0TX35015","GONZALES, ERNEST ANTHONY TONY II","Republican Party","REP","House","H","Texas","TX","23","SAN ANTONIO","TX","78270","2026","06-NOV-24","2024","202411069719930591"
"H0IA01174","ARENHOLZ, ASHLEY HINSON","Republican Party","REP","House","H","Iowa","IA","02","MARION","TX","52302","2026","06-NOV-24","2024","202411069719930588"
"H8IL09067","SCHAKOWSKY, JANICE D","Democratic Party","DEM","House","H","Illinois","IL","09","EVANSTON","IL","60204","2026","06-NOV-24","2024","202411069719930587"
"H4TX10093","MCCAUL, MICHAEL","Republican Party","REP","House","H","Texas","TX","10","AUSTIN","TX","787012514","2026","06-NOV-24","2024","202411069719930583"
"H2TX08182","LUTTRELL, MORGAN JOE","Republican Party","REP","House","H","Texas","TX","08","MAGNOLIA","TX","77353","2026","06-NOV-24","2024","202411069719930573"
"H4CA16049","LOFGREN, ZOE","Democratic Party","DEM","House","H","California","CA","18","SAN JOSE","CA","95126","2026","06-NOV-24","2024","202411069719930571"
"H2CA00096","BARKLEY, MICHAEL JAMES MR.","Democratic Party","DEM","House","H","California","CA","05","MANTECA","CA","95336","2026","06-NOV-24","2024","202411069719930513"
"H4NY04174","JONES, GIAN A","Democratic Party","DEM","House","H","New York","NY","04","WOODMERE","NY","11598","2026","06-NOV-24","2024","202411069719930567"
"H0TX24209","VAN DUYNE, ELIZABETH ANN","Republican Party","REP","House","H","Texas","TX","24","IRVING","TX","75063","2026","06-NOV-24","2024","202411069719930569"
"H4MI03276","FIORLETTA, J ALLEN MR","Republican Party","REP","House","H","Michigan","MI","03","GRAND RAPIDS","MI","49525","2026","06-NOV-24","2024","202411069719930521"
"H6FL01259","PLUMER, TAYLA","Republican Party","REP","House","H","Florida","FL","01","COCOA","FL","32927","2026","06-NOV-24","2024","202411069719930522"
"S6GA00309","TEMPLE, RICK","Republican Party","REP","Senate","S","Georgia","GA","00","AMERICUS","GA","31709","2026","06-NOV-24","2024","202411069719930531"
"H6NY21140","HENSON, ANDREW","Democratic Party","DEM","House","H","New York","NY","21","SHARON SPRINGS","NY","13459","2026","06-NOV-24","2024","202411069719930529"
"S6AK00235","DIENER, ANN","Democratic Party","DEM","Senate","S","Alaska","AK","00","FAIRBANKS","AK","99701","2026","05-NOV-24","2024","202411059719930449"
"H0TX20124","MCQUEEN, ELDON DAN","Independent","IND","House","H","Texas","TX","21","SAN ANTONIO","TX","78205","2026","05-NOV-24","2024","202411059719929850"
"H6TX23216","ENRIQUEZ, EZEKIEL","Republican Party","REP","House","H","Texas","TX","23","BANDERA","TX","78003","2026","04-NOV-24","2024","202411049719922687"
"H6DC01012","RIOS, ANGEL ANTHONY MR.","Democratic Party","DEM","House","H","District Of Columbia","DC","00","WASHINGTON","DC","20016","2026","26-OCT-24","2024","202410269719659457"
"H6TX25203","MINTON, DANIEL PATRICK","Democratic Party","DEM","House","H","Texas","TX","25","ARLINGTON","TX","76016","2026","22-OCT-24","2024","202410229710094059"
"H6CA34260","FERRELL, DAVID MATTHEW MR.","Democratic Party","DEM","House","H","California","CA","34","LOS ANGELES","CA","90033","2026","18-OCT-24","2024","202410189698653819"
"H8CA45189","FORDE, BRIAN","Democratic Party","DEM","House","H","California","CA","45","TUSTIN","CA","92782","2026","14-OCT-24","2024","202410149685185167"
"H6KS04199","GAYNOR, MICHAEL GREGORY WILLIAM MR SR.","Republican Party","REP","House","H","Kansas","KS","04","WICHITA","KS","67202","2026","10-OCT-24","2024","202410109684863889"
"H4PA11060","WILDER, JEFFREY","Republican Party","REP","House","H","Pennsylvania","PA","11","EPHRATA","PA","17522","2026","09-OCT-24","2024","202410099684829316"
"H6CA24303","CARBAJAL, SALUD O.","Democratic Party","DEM","House","H","California","CA","24","SANTA BARBARA","CA","93102","2026","08-OCT-24","2024","202410089684825382"
"H6TN01511","PRICE, JORDAN 8657763666","Republican Party","REP","House","H","Tennessee","TN","01","KNOXVILLE","TN","37931","2025","07-OCT-24","2024","202410079684813167"
"H6NY01134","VENTOURAS, LUKAS","Democratic Party","DEM","House","H","New York","NY","01","NORTHPORT","NY","11768","2026","25-SEP-24","2024","202409259684723065"
"S4MN00551","PETERSEN, RAYMOND DAVID","Republican Party","REP","Senate","S","Minnesota","MN","00","SAINT PAUL","MN","55124","2026","11-SEP-24","2024","202409110300480457"
"S6SC04197","FREEMAN, KYLE ODONNELL","Democratic Party","DEM","Senate","S","South Carolina","SC","00","COLUMBIA","SC","29210","2026","06-SEP-24","2024","202409069675372658"
"S6IA00199","BERMAN, JOHN","Republican Party","REP","Senate","S","Iowa","IA","00","CEDAR RAPIDS","IA","52402","2026","25-AUG-24","2024","202408259675274060"
"H6WI01242","WALLECK, CONNOR","Republican Party","REP","House","H","Wisconsin","WI","01","SALEM","WI","53168","2026","24-AUG-24","2024","202408249675274033"
"P60024106","SCALES, JOSHUA KELBY","American Party","AMP","President","P","United States","00","00","GRAND PRAIRIE","TX","75052","2025","20-AUG-24","2024","202408209666549323"
"H6MA01104","DEWBERRY, JARRET EZEKIEL","Democratic Party","DEM","House","H","Massachusetts","MA","01","BROCKTON","MA","02302","2026","20-AUG-24","2024","202408209674338022"
"P60024098","SCALES, JOSHUA KELBY","American Party","AMP","President","P","United States","00","00","GRAND PRAIRIE","TX","75052","2025","19-AUG-24","2024","202408199666448813"
"S6FL00574","STANDRIDGE, JASON CLYDE MR.","American Party","AMP","Senate","S","Florida","FL","00","MELBOURNE","FL","32940","2026","13-AUG-24","2024","202408139666171911"
"S6TX00305","ALLEN, KEITH","Republican Party","REP","Senate","S","Texas","TX","00","MCALLEN","TX","78501","2026","12-AUG-24","2024","202408129666170871"
"H4TN04247","DAVIS, THOMAS EUGENE","Republican Party","REP","House","H","Tennessee","TN","04","MORRISON","TN","37357","2026","07-AUG-24","2024","202408079666111563"
"H0VA05160","GOOD, ROBERT G. HON.","Republican Party","REP","House","H","Virginia","VA","05","LOVINGSTON","VA","22949","2026","06-AUG-24","2024","202408069666082187"
"H6CO06090","DAMMEN, KHALEB IAN","Republican Party","REP","House","H","Colorado","CO","06","AURORAE","CO","80013","2026","06-AUG-24","2024","202408069666082200"
"S6WV00154","GAASERUD, ALEXANDER","Republican Party","REP","Senate","S","West Virginia","WV","00","PARKERSBURG","WV","26101","2026","05-AUG-24","2024","202408059666060328"
"H0PA02091","SNOW, SALEM","Democratic Party","DEM","House","H","Pennsylvania","PA","02","PHILADELPHIA","PA","19125","2026","03-AUG-24","2024","202408039666058698"
"S6GA00291","CHAPMAN, CHRISTOPH LA'FLARE","Republican Party","REP","Senate","S","Georgia","GA","00","COLUMBUS","GA","31906","2026","02-AUG-24","2024","202408029666057109"
"S6KY00203","TRIMBLE, JACOB VISTA APPT REQUEST F","Republican Party","REP","Senate","S","Kentucky","KY","00","SOMERSET","KY","42503","2026","01-AUG-24","2024","202408019666042152"
"H6GA14052","EKPETE, ULOMA","Republican Party","REP","House","H","Georgia","GA","14","ATLANTA","GA","30068","2026","01-AUG-24","2024","202408019666027406"
"H6GA14045","EKPETE, ULOMA","Republican Party","REP","House","H","Georgia","GA","14","ATLANTA","GA","30068","2026","31-JUL-24","2024","202407319666027390"
"H2TX08158","ELLIS, JAMESON","Republican Party","REP","House","H","Texas","TX","02","CONROE","TX","77301","2026","29-JUL-24","2024","202407299665756068"
"H6CA19147","EKPETE, ULOMA","Democratic Party","DEM","House","H","California","CA","19","ST PETERSBURG","FL","33702","2026","26-JUL-24","2024","202407269665751577"
"H6CA18131","EKPETE, ULOMA","Democratic Party","DEM","House","H","California","CA","18","ST PETERBURG","CA","33702","2026","25-JUL-24","2024","202407259665728688"
"H6CA18123","EKPETE, ULOMA","Democratic Party","DEM","House","H","California","CA","18","ST PETERBURG","CA","33702","2026","22-JUL-24","2024","202407229665710657"
"H6TX30153","LABRUCE, RODNEY","Democratic Party","DEM","House","H","Texas","TX","30","DALLAS","TX","75208","2026","21-JUL-24","2024","202407219665705215"
"H4OR02228","HUBER, RAIPH R","Republican Party","REP","House","H","Oregon","OR","04","EUGENE","OR","97404","2026","20-JUL-24","2024","202407209661438865"
"H6NY05093","CHERRY, AARON LEE","Republican Party","REP","House","H","New York","NY","05","JAMAICA","NY","11434","2026","17-JUL-24","2024","202407170300476631"
"H4MD05235","BAREEBE, QUINCY","Democratic Party","DEM","House","H","Maryland","MD","05","ODENTON","MD","21113","2026","15-JUL-24","2024","202407159653444225"
"S6FL00566","DOUGHERTY, KAEL","Democratic Party","DEM","Senate","S","Florida","FL","00","MILTON","FL","32583","2026","14-JUL-24","2024","202407149653214947"
"H4OK04168","MACAULAY, KODY CRAIG","Democratic Party","DEM","House","H","Oklahoma","OK","04","MOORE","OK","73160","2026","02-JUL-24","2024","202407029652555296"
"H8CT04172","HIMES, JIM","Democratic Party","DEM","House","H","Connecticut","CT","04","FAIRFIELD","CT","06824","2026","02-JUL-24","2024","202407029652558690"
"P60024056","MASON, JACK WILLAM JA LL","Republican Party","REP","President","P","United States","00","00","HATTIESBURG","MS","39402","2025","28-JUN-24","2024","202406289652545400"
"H2TX08232","ETWOP, MARTIN","Republican Party","REP","House","H","Texas","TX","02","SPRING","TX","77387","2026","25-JUN-24","2024","202406259652490600"
"H4FL11089","GROVES, RALPH","Libertarian Party","LIB","House","H","Florida","FL","11","OCOEE","FL","34761","2026","24-JUN-24","2024","202406240300473122"
"H6NJ06252","JOHNSON, SIDNEY HRH","No Party Affiliation","NPA","House","H","New Jersey","NJ","06","LONG BRANCH","NJ","07740","2026","22-JUN-24","2024","202406229652484027"
"H6CA13165","ESCOBEDO, ALBERTO","None","NNE","House","H","California","CA","13","MERCED","CA","95348","2026","20-JUN-24","2024","202406209649253760"
"S4NJ00342","CARDUCCI, NICHOLAS MATTHEW","Independent","IND","Senate","S","New Jersey","NJ","00","FAIR HAVEN","NJ","07704","2026","17-JUN-24","2024","202406179649202655"
"H6GA13021","NUNNALLY, SIMEON","Democratic Party","DEM","House","H","Georgia","GA","13","ATLANTA","GA","30305","2026","14-JUN-24","2024","202406149649028128"
"H6CA32165","PHILLIPS, MIA MICHELLE","Democratic Party","DEM","House","H","California","CA","32","SHERMAN OAKS","CA","91411","2026","05-JUN-24","2024","202406059648849757"
"H6FL01143","MILLS, RALPH JOHN III","Republican Party","REP","House","H","Florida","FL","01","NAVARRE","FL","32566","2026","31-MAY-24","2024","202405319648833334"
"S6CO00390","KUEBLER, JOSHUA WILLIAM","Unaffiliated","UN","Senate","S","Colorado","CO","00","LOUISVILLE","CO","80027","2026","31-MAY-24","2024","202405319648838477"
"P60024049","AKHLAGHY, AMIRHOSSEIN MR","No Party Affiliation","NPA","President","P","United States","00","00","WASHINGTON D.C,","WA","20433","2025","28-MAY-24","2024","202405289648784820"
"S6GA00283","WATKINS, VINSON L","Republican Party","REP","Senate","S","Georgia","GA","00","TIFTON","GA","31794","2026","23-MAY-24","2024","202405239648719482"
"S6WV00147","EVANS, JONATHAN DERRICK","Republican Party","REP","Senate","S","West Virginia","WV","00","PRICHARD","WV","25555","2026","20-MAY-24","2024","202405209646204744"
"S6PA00340","PARVEZ, TARIQ","Republican Party","REP","Senate","S","Pennsylvania","PA","00","BENSALEM","PA","19020","2026","15-MAY-24","2024","202405159645995422"
"H4IN04248","HAGGARD, CRAIG","Republican Party","REP","House","H","Indiana","IN","04","MOORESVILLE","IN","46158","2026","08-MAY-24","2024","202405089645565656"
"H6FL09245","FARBER, STUART DR","No Party Affiliation","NPA","House","H","Florida","FL","09","ORLANDO","FL","32819","2026","05-MAY-24","2024","202405059645473029"
"P60024031","ABRAMS, JUSTIN","American People'S Freedom Party","APF","President","P","United States","00","00","HAVRE DE GRACE","MD","21078","2025","02-MAY-24","2024","202405029636880067"
"H2PA18200","LEE, SUMMER","Democratic Party","DEM","House","H","Pennsylvania","PA","12","WASHINGTON","DC","20003","2026","02-MAY-24","2024","202405029645460817"
"H6PA04136","MURPHY, MICHAEL ANTHONY","Democratic Party","DEM","House","H","Pennsylvania","PA","04","ELKINS PARK","PA","19027","2026","30-APR-24","2024","202404309636873010"
"S6PA00332","MURPHY, MICHAEL ANTHONY","Democratic Party","DEM","Senate","S","Pennsylvania","PA","00","ELKINS PARK","PA","19027","2026","30-APR-24","2024","202404309636873027"
"H2OH11250","HEMPHILL, JAMES TERRELLE","Republican Party","REP","House","H","Ohio","OH","11","CLEVELAND HEIGHTS","OH","44118","2026","26-APR-24","2024","202404269636747264"
"P60024023","ROBERTSON, FANTAZIA","Liberal Party","LBL","President","P","United States","00","00","FORT WORTH","TX","76244","2025","23-APR-24","2024","202404239636706717"
"H0AL01055","CARL, JERRY LEE, JR","Republican Party","REP","House","H","Alabama","AL","01","MOBILE","AL","36685","2026","22-APR-24","2024","202404229636706140"
"H6CA24113","SHERMAN, BRAD","Democratic Party","DEM","House","H","California","CA","32","LOS ANGELES","CA","90017","2026","15-APR-24","2024","202404159627895747"
"H6CO03204","BIAS, JASON","Republican Party","REP","House","H","Colorado","CO","03","GRAND JUNCTION","CO","81504","2026","09-APR-24","2024","202404099627512799"
"H4NC13066","MCCONKEY, JOSH","Republican Party","REP","House","H","North Carolina","NC","13","NEW HILL","NC","27562","2026","06-APR-24","2024","202404069627471740"
"H6GA03162","IGNELZI, DARELL","Republican Party","REP","House","H","Georgia","GA","03","WACO","GA","30182","2026","01-APR-24","2024","202404019627436763"
"H2CA50190","BILASH, TIMOTHY DANIEL DR. M.D.","Democratic Party","DEM","House","H","California","CA","50","DEL MAR","CA","92014","2026","01-APR-24","2024","202404019627453781"
"S6IL00417","SCHILLING, JOSEPH DAVID","Other","OTH","Senate","S","Illinois","IL","00","ALBANY","IL","61230","2026","30-MAR-24","2024","202403309627434490"
"H4CA30131","MELVOIN, NICK","Democratic Party","DEM","House","H","California","CA","30","PASADENA","CA","91109","2026","29-MAR-24","2024","202403299627433587"
"H6GA00036","LANG, JAMES","United Citizen","UC","House","H","Georgia","GA","00","VALDOSTA","GA","31603","2026","22-MAR-24","2024","202403229627394097"
"H4MO02074","KIEHNE, JOHN","Democratic Party","DEM","House","H","Missouri","MO","02","EUREKA","MO","63025","2026","22-MAR-24","2024","202403229627386581"
"H4CA16247","DIXON, PETER","Democratic Party","DEM","House","H","California","CA","16","MENLO PARK","CA","94026","2026","18-MAR-24","2024","202403189622440084"
"H6FL23105","HAMILTON, MICHAELANGELO COLLINS","Democratic Party","DEM","House","H","Florida","FL","23","BOCA RATON","FL","33432","2026","16-MAR-24","2024","202403169622431840"
"H4TX06216","CORNWALLIS, ALEX","Democratic Party","DEM","House","H","Texas","TX","32","PROSPER","TX","75078","2026","15-MAR-24","2024","202403159622431801"
"H6IL17239","MUDD, MATTHEW","Republican Party","REP","House","H","Illinois","IL","17","PORT BYRON","IL","61275","2026","11-MAR-24","2024","202403119622394780"
"S6IA00181","LAEHN, THOMAS RAYMOND DR.","Libertarian Party","LIB","Senate","S","Iowa","IA","00","JEFFERSON","IA","50129","2026","10-MAR-24","2024","202403109622357355"
"H4CA25214","TRUMAN, CECI","Republican Party","REP","House","H","California","CA","25","SANTA ANA","CA","92799","2026","07-MAR-24","2024","202403079622321342"
"H4NC02135","DOUGLASS, EUGENE FARLEY DR.","Republican Party","REP","House","H","North Carolina","NC","02","RALEIGH","NC","27624","2026","06-MAR-24","2024","202403069622316588"
"H6FL28013","HENRY, JAMES F MR.","Democratic Party","DEM","House","H","Florida","FL","28","GREENFIELD","MA","01301","2026","05-MAR-24","2024","202403059622313738"
"H6IL17221","MUDD, MATTHEW COLE PARKER","Unaffiliated","UN","House","H","Illinois","IL","17","PORT BYRON","IL","61275","2026","04-MAR-24","2024","202403049622312357"
"H2GA03153","MOORE, RODNEY R","Democratic Party","DEM","House","H","Georgia","GA","03","HOGANSVILLE","GA","30230","2026","01-MAR-24","2024","202403019622299528"
"H0CA48172","BURLEY, BRIAN J MR.","Republican Party","REP","House","H","California","CA","47","HUNTINGTON BEACH","CA","92649","2026","28-FEB-24","2024","202402289622289818"
"H2CA43245","TAKANO, MARK","Democratic Party","DEM","House","H","California","CA","39","RIVERSIDE","CA","92517","2026","22-FEB-24","2024","202402229622272110"
"P40019226","AKHLAGHY, NADER DR","Peace And Freedom","PAF","President","P","United States","00","00","MANHATTAN","NY","10005","2025","20-FEB-24","2024","202402209619799274"
"H6MD03474","KENNEDY, PENNY LEATHERWOOD MRS.","Republican Party","REP","House","H","Maryland","MD","03","ANNAPOLIS","MD","21403","2025","09-FEB-24","2024","202402099619757893"
"S4NJ00524","ESTRADA, MICHAEL","Independent","IND","Senate","S","New Jersey","NJ","00","CLINTON","NJ","08809","2026","02-FEB-24","2024","202402029619662277"
"S6IL00409","SWANN, CHRISTOPHER ALEXANDER","Democratic Party","DEM","Senate","S","Illinois","IL","00","CHICAGO","IL","60620","2026","29-JAN-24","2024","202401299600463910"
"H6OH08356","MARIN, GRADY","Democratic Party","DEM","House","H","Ohio","OH","08","HAMILTON","OH","45011","2026","15-JAN-24","2024","202401159600074864"
"S6SC04189","HOLLIMAN, ETHAN CLAY","Republican Party","REP","Senate","S","South Carolina","SC","00","CONWAY","SC","29526","2026","11-JAN-24","2024","202401119600040315"
"H4TX18153","MARTIN, ISAIAH MR.","Democratic Party","DEM","House","H","Texas","TX","18","HOUSTON","TX","77002","2026","04-JAN-24","2024","202401049599971130"
"S6NC00340","NICKEL, WILEY","Democratic Party","DEM","Senate","S","North Carolina","NC","00","RALEIGH","NC","27605","2026","15-DEC-23","2023","202312159599472521"
"H6WA05189","JENSEN, ANTHONY","Republican Party","REP","House","H","Washington","WA","05","SPOKANE","WA","99205","2026","07-DEC-23","2023","202312079599393777"
"S6IL00391","BENNETT, DOUGLAS","Republican Party","REP","Senate","S","Illinois","IL","00","DEERFIELD","IL","60015","2026","09-NOV-23","2023","202311099598979268"
"H6SC02126","BROWN, DAVID","Democratic Party","DEM","House","H","South Carolina","SC","02","SACRAMENTO","CA","95815","2026","23-OCT-23","2023","202310239598838789"
"H0NY15160","TORRES, RITCHIE JOHN","Democratic Party","DEM","House","H","New York","NY","15","WASHINGTON","DC","20003","2026","13-OCT-23","2023","202310139597629317"
"S6IN00266","MCGUIRE, DOUGLAS RYAN","Republican Party","REP","Senate","S","Indiana","IN","00","NEW HARMONY","IN","47631","2026","12-OCT-23","2023","202310129597458048"
"H4CA11156","WONG, TIMOTHY","Democratic Party","DEM","House","H","California","CA","11","SAN FRANCISCO","CA","94112","2026","20-SEP-23","2023","202309200300451518"
"H6NV00135","FULKERSON, HEATH VINCENT","Republican Party","REP","House","H","Nevada","NV","00","RENO","NV","89521","2026","15-SEP-23","2023","202309159597059147"
"S6IN00258","MCGUIRE, DOUGLAS RYAN","Republican Party","REP","Senate","S","Indiana","IN","00","NEW HARMONY","IN","47631","2026","06-SEP-23","2023","202309069596987506"
"S6GA00275","JACKSON, DEVELLE LAVAUGHN","Independent","IND","Senate","S","Georgia","GA","00","EAST POINT","GA","30344","2026","28-JUL-23","2023","202307289584102466"
"H6FL14138","LIONHEART, AMARO","Republican Party","REP","House","H","Florida","FL","14","CLEARWATER","FL","33759","2025","12-JUN-23","2023","202306129581782652"
"P60024007","DONG, YUHONG","Democratic Party","DEM","President","P","United States","00","00","FAYETTEVILLE","NC","28311","2025","01-JUN-23","2023","202306019581696847"
"P60024015","DONG, YUHONG","Republican Party","REP","President","P","United States","00","00","FAYETTEVILLE","NC","28311","2025","01-JUN-23","2023","202306019581696850"
"H6CA10153","NGUYEN, CALVIN","Democratic Party","DEM","House","H","California","CA","10","WALNUT CREEK","CA","94596","2026","23-MAY-23","2023","202305239581652215"
"S6TX00297","MANN, RENNIE HILL","Republican Party","REP","Senate","S","Texas","TX","00","RICHLAND SPRINGS","TX","76871","2026","24-APR-23","2023","202304249581265749"
"S6RI00254","LINDLEY, JON","Independent","IND","Senate","S","Rhode Island","RI","00","WARWICK","RI","02886","2026","19-APR-23","2023","202304199581045045"
"H6CA32157","BROWN, DAVID MR.","Democratic Party","DEM","House","H","California","CA","32","SHERMAN OAKS","CA","91403","2026","08-MAR-23","2023","202303089578978380"
"S4CO00452","DALE, CLINTON ROOSEVELT","Independent","IND","Senate","S","Colorado","CO","00","COMMERCE CITY","CO","80022","2026","02-MAR-23","2023","202303029578772716"
"S6PA00324","TARTOUR-AGUIRRE, HUSSEIN","None","NNE","Senate","S","Pennsylvania","PA","00","NORRISTOWN","PA","19401","2025","09-FEB-23","2023","202302099578203056"
"S2OK00186","MULLIN, MARKWAYNE","Republican Party","REP","Senate","S","Oklahoma","OK","00","WESTVILLE","OK","74965","2026","22-JAN-23","2023","202301229574895270"
"S6IN00241","MCGUIRE, DOUGLAS RYAN","Republican Party","REP","Senate","S","Indiana","IN","00","NEW HARMONY","IN","47631","2026","22-DEC-22","2022","202212229574205851"
"S6IN00233","MCGUIRE, DOUGLAS RYAN","Republican Party","REP","Senate","S","Indiana","IN","00","NEW HARMONY","IN","47631","2026","22-DEC-22","2022","202212229574205835"
"S0AR00218","WHITFIELD, DANIEL ALLEN","Democratic Party","DEM","Senate","S","Arkansas","AR","00","BELLA VISTA","AR","72714","2026","29-NOV-22","2022","202211299547071593"
"S2NH00249","MORSE, CHUCK","Republican Party","REP","Senate","S","New Hampshire","NH","00","SALEM","NH","03079","2026","16-NOV-22","2022","202211169546805800"
"S6NH00133","SIVALINGAM, TEJASINHA","Republican Party","REP","Senate","S","New Hampshire","NH","00","ASHLAND","NH","03217","2026","15-SEP-22","2022","202209159528484083"
"S2KS00097","SOETAERT, MICHAEL","Democratic Party","DEM","Senate","S","Kansas","KS","00","ALTA VISTA","KS","66834","2026","02-AUG-22","2022","202208029525112121"
"S6CA01038","MCGURR, MATTHEW E.","Democratic Party","DEM","Senate","S","California","CA","00","LOS ANGELES","CA","90013","2026","28-JUL-22","2022","202207289525068394"
"S2SC00145","BRUCE, CATHERINE FLEMING MS.","Democratic Party","DEM","Senate","S","South Carolina","SC","00","COLUMBIA","SC","29204","2026","05-JUL-22","2022","202207059517790753"
"S6GA00267","BOX, REAGAN","Republican Party","REP","Senate","S","Georgia","GA","00","ARMUCHEE","GA","30105","2026","22-JUN-22","2022","202206229517752428"
"S2NC00547","SIBHATU, LICHIA WOLDEGABREAL","Republican Party","REP","Senate","S","North Carolina","NC","00","RALEIGH","NC","27610","2026","23-MAY-22","2022","202205239512621196"
"P60023991","BRISSON, JAMES M MR","Democratic Party","DEM","President","P","California","CA","00","VALLEY VILLAGE","CA","91607","2026","22-MAR-22","2022","202203229495888928"
"H2NJ02227","GREEN, CURTIS REV","Democratic Party","DEM","House","H","New Jersey","NJ","02","MT. LAUREL","NJ","08054","2026","06-MAR-22","2022","202203069493742170"
"H6ND01023","CYSEWSKI, MASON VICENT","Democratic Party","DEM","House","H","North Dakota","ND","00","COURTENAY","ND","58426","2026","22-JAN-22","2022","202201229475105224"
"P60023967","DAVIS, JOHN FRANCIS MR JR.","Write-In","W","President","P","United States","00","00","HOLBROOK","MA","02343","2025","10-JAN-22","2022","202201109474907355"
"P60023959","DAVIS, JOHN FRANCIS MR JR.","Write-In","W","President","P","United States","00","00","HOLBROOK","MA","02343","2025","10-JAN-22","2022","202201109474904525"
"S6KY00195","DUNCAN, SCOTT MICHEAL","Independent","IND","Senate","S","Kentucky","KY","00","RUSSELL SPRINGS","KY","42642","2026","08-DEC-21","2021","202112089469814091"
"S6NC00332","DONG, YUHONG","Other","OTH","Senate","S","North Carolina","NC","00","FAYETTEVILLE","NC","28311","2025","25-AUG-21","2021","202108259466561422"
"S8ID00092","RISCH, JAMES E MR.","Unknown","UNK","Senate","S","Idaho","ID","00","BOISE","ID","837026049","2026","01-JUN-21","2021","202106019448455631"
"P60023926","MERKWAN, JOHNATHAN EDWARD MR.","Communist Party","COM","President","P","United States","00","00","SIOUX FALLS","SD","57106","2025","11-APR-21","2021","202104119443161810"
"P60023918","MCGOWAN, MATTHEW CORCORAN","Green Party","GRE","President","P","United States","00","00","PICAYUNEN","MS","39466","2025","18-MAR-21","2021","202103189441301080"
"S2KY00012","MCCONNELL, MITCH","Republican Party","REP","Senate","S","Kentucky","KY","00","LOUISVILLE","KY","40205","2026","02-MAR-21","2021","202103029431311503"
"S4LA00107","CASSIDY, WILLIAM M.","Republican Party","REP","Senate","S","Louisiana","LA","00","BATON ROUGE","LA","708980505","2026","24-FEB-21","2021","202102249428821241"
"S4NE00090","SASSE, BENJAMIN E.","Republican Party","REP","Senate","S","Nebraska","NE","00","FREMONT","NE","680255029","2026","24-FEB-21","2021","202102249428821230"
"S6NE00137","DUNN, EDWARD MR.","Republican Party","REP","Senate","S","Nebraska","NE","00","GRANT","NE","69140","2026","04-FEB-21","2021","202102049425039519"
"S4NJ00185","BOOKER, CORY A.","Democratic Party","DEM","Senate","S","New Jersey","NJ","00","NEWARK","NJ","07102","2026","04-FEB-21","2021","202102049425073680"
"S4NC00162","TILLIS, THOM R. SEN.","Republican Party","REP","Senate","S","North Carolina","NC","00","RALEIGH","NC","27624","2026","02-FEB-21","2021","202102029424923556"
"S0WY00137","LUMMIS, CYNTHIA MARIE MRS.","Republican Party","REP","Senate","S","Wyoming","WY","00","CHEYENNE","WY","820011132","2026","29-JAN-21","2021","202101299417695241"
"S8GA00180","OSSOFF, T. JONATHAN","Democratic Party","DEM","Senate","S","Georgia","GA","00","ATLANTA","GA","31145","2026","15-JAN-21","2021","202101159405148952"
"S4AR00103","COTTON, THOMAS","Republican Party","REP","Senate","S","Arkansas","AR","00","LITTLE ROCK","AR","72202","2026","22-DEC-20","2020","202012229393458454"
"S4SD00049","ROUNDS, MIKE","Republican Party","REP","Senate","S","South Dakota","SD","00","PIERRE","SD","575010250","2026","14-DEC-20","2020","202012149374379352"
"S4AK00214","SULLIVAN, DAN","Republican Party","REP","Senate","S","Alaska","AK","00","ANCHORAGE","AK","99503","2026","09-DEC-20","2020","202012099366440426"
"S4OK00083","INHOFE, JAMES M. SEN.","Republican Party","REP","Senate","S","Oklahoma","OK","00","OKLAHOMA CITY","OK","73113","2026","09-DEC-20","2020","202012099366440432"
"S6VA00093","WARNER, MARK ROBERT","Democratic Party","DEM","Senate","S","Virginia","VA","00","ALEXANDRIA","VA","22314","2026","05-DEC-20","2020","202012059366412020"
"S0KS00315","MARSHALL, ROGER W","Republican Party","REP","Senate","S","Kansas","KS","00","GREAT BEND","KS","67530","2026","30-NOV-20","2020","202011309337193716"
"S8MN00578","SMITH, TINA","Democratic Party","DEM","Senate","S","Minnesota","MN","00","SAINT PAUL","MN","55114","2026","30-NOV-20","2020","202011309337211750"
"S4MA00028","MARKEY, EDWARD J. SEN.","Democratic Party","DEM","Senate","S","Massachusetts","MA","00","MALDEN","MA","02148","2026","18-NOV-20","2020","202011189337051044"
"S0AL00230","TUBERVILLE, THOMAS H","Republican Party","REP","Senate","S","Alabama","AL","00","AUBURN","AL","36830","2026","17-NOV-20","2020","202011179337048704"
"S0NH00219","SHAHEEN, JEANNE","Democratic Party","DEM","Senate","S","New Hampshire","NH","00","MADBURY","NH","03823","2026","16-NOV-20","2020","202011169336992459"
"S0DE00092","COONS, CHRISTOPHER A.","Democratic Party","DEM","Senate","S","Delaware","DE","00","WILMINGTON","DE","19806","2026","16-NOV-20","2020","202011169336993245"
"S0NM00058","LUJAN, BEN RAY","Democratic Party","DEM","Senate","S","New Mexico","NM","00","ALBUQUERQUE","NM","87125","2026","16-NOV-20","2020","202011169336989910"
"S6RI00163","REED, JOHN F.","Democratic Party","DEM","Senate","S","Rhode Island","RI","00","CRANSTON","RI","02920","2026","16-NOV-20","2020","202011169336989947"
"S0TN00169","HAGERTY, BILL","Republican Party","REP","Senate","S","Tennessee","TN","00","NASHVILLE","TN","372052193","2026","14-NOV-20","2020","202011149336989388"
"S6IL00151","DURBIN, RICHARD J.","Democratic Party","DEM","Senate","S","Illinois","IL","00","SPRINGFIELD","IL","62704","2026","13-NOV-20","2020","202011139336988827"
"S4IA00129","ERNST, JONI K","Republican Party","REP","Senate","S","Iowa","IA","00","RED OAK","IA","51566","2026","13-NOV-20","2020","202011139336989319"
"S8OR00207","MERKLEY, JEFFREY ALAN","Democratic Party","DEM","Senate","S","Oregon","OR","00","PORTLAND","OR","97293","2026","12-NOV-20","2020","202011129336987208"
"S0CO00575","HICKENLOOPER, JOHN W.","Democratic Party","DEM","Senate","S","Colorado","CO","00","DENVER","CO","80218","2026","08-NOV-20","2020","202011089336972738"
"S4WV00159","CAPITO, SHELLEY MOORE","Republican Party","REP","Senate","S","West Virginia","WV","00","CHARLESTON","WV","25314","2026","08-NOV-20","2020","202011089336972854"
"S0SC00149","GRAHAM, LINDSEY O.","Republican Party","REP","Senate","S","South Carolina","SC","00","SENECA","SC","296790486","2026","07-NOV-20","2020","202011079336972716"
"S4MI00355","PETERS, GARY","Democratic Party","DEM","Senate","S","Michigan","MI","00","BLOOMFIELD HILLS","MI","48303","2026","06-NOV-20","2020","202011069336972377"
"S8MS00261","HYDE-SMITH, CINDY","Republican Party","REP","Senate","S","Mississippi","MS","00","JACKSON","MS","39207","2026","05-NOV-20","2020","202011059336759693"
"S2TX00106","CORNYN, JOHN SEN","Republican Party","REP","Senate","S","Texas","TX","00","AUSTIN","TX","78711","2026","05-NOV-20","2020","202011059336749900"
"S2MT00096","DAINES, STEVE","Republican Party","REP","Senate","S","Montana","MT","00","BELGRADE","MT","59714","2026","05-NOV-20","2020","202011059336972022"
"S6ME00159","COLLINS, SUSAN M.","Republican Party","REP","Senate","S","Maine","ME","00","BANGOR","ME","044014541","2026","04-NOV-20","2020","202011049336744118"
"S6SD01109","BEAUFORD, WILLIAM TREMEYNE MR III","Republican Party","REP","Senate","S","South Dakota","SD","00","SIOUX FALLS","SD","57103","2025","11-SEP-20","2020","202009119267138975"
"P60023892","MACHINE, CONCEPTS LEARNING","Other","OTH","President","P","United States","00","00","DENVER","CO","80216","2025","14-AUG-20","2020","202008149261305328"
"H6CA19139","JAMES, HANNAH","Democratic Party","DEM","House","H","California","CA","19","MORGAN HILL","CA","95037","2026","06-MAY-20","2020","202005069232369505"
"S6CA01038","GREEN, STEVEN LEWIS MR.","Democratic Party","DEM","Senate","S","California","CA","00","LOS ANGELES","CA","90003","2025","04-NOV-19","2019","201911049165325897"
"S6OK04148","SWEARENGIN, TAMMY","Republican Party","REP","Senate","S","Oklahoma","OK","00","TULSA","OK","74133","2026","08-OCT-19","2019","201910089163771734"
"H6NC12097","MCCARTHY, EMILY","Democratic Party","DEM","House","H","North Carolina","NC","12","CHARLOTTE","NC","28212","2026","12-JUN-17","2017","201706129056505838"
"P60023751","FOX, JIMMY LEE MR.","Democratic Party","DEM","President","P","United States","00","00","GULFPORT","FL","33707","2026","27-MAR-17","2017","201703279051892195"
"P60023744","MCCLANAHAN, LOUIS EARL LLL","Democratic Party","DEM","President","P","United States","00","00","GULFPORT","FL","33707","2026","27-MAR-17","2017","201703279051892041"
