CANDIDATE_ID,CANDIDATE_NAME,PARTY,PARTY_CODE,CANDIDATE_OFFICE,CANDIDATE_OFFICE_CODE,CANDIDATE_OFFICE_STATE,CANDIDATE_OFFICE_STATE_CODE,CANDIDATE_OFFICE_DISTRICT,CITY,STATE,ZIP,ELECTION_YEAR,RECEIPT_DATE,REPORT_YEAR,BEGIN_IMAGE_NUMBER
"P00017814","BROWN, BENDU","Independent","IND","President","P","Pennsylvania","PA","00","PHILADELPHIA","PA","19120","2020","12-JUN-26","2026","202606129870654277"
"P40009425","HARVEY, TERRANCE JAMES","Democratic Party","DEM","President","P","United States","00","00","WYOMING","MI","49519","2020","02-NOV-24","2024","202411029719917890"
"P00017681","DOMINGUEZ, ELIJAH ANTHONY MR.","Republican Party","REP","President","P","United States","00","00","SACRAMENTO","CA","95816","2019","15-JAN-24","2024","202401159600076466"
"H0NY22117","KRIESEL, KATELYN","Democratic Party","DEM","House","H","New York","NY","22","FAYETTEVILLE","NY","13066","2020","26-JAN-23","2023","202301269575006286"
"H0OK05320","CRAIG, THOMAS JAMES MR JR","Republican Party","REP","House","H","Oklahoma","OK","05","YUKON","OK","73099","2020","09-JAN-23","2023","202301099574639311"
"H0NY01244","GANDLEY, DEAN JOHN JR.","Republican Party","REP","House","H","New York","NY","01","ROCKY POINT","NY","11778","2020","26-MAR-22","2022","202203269495911307"
"H0FL09149","FARBER, STUART","Republican Party","REP","House","H","Florida","FL","09","ORLANDO","FL","32819","2020","31-JAN-22","2022","202201319485311489"
"S0ID00198","NICHOLS, THEODORE ALAN","Democratic Party","DEM","Senate","S","Idaho","ID","00","GARDEN CITY","ID","83714","2020","21-DEC-21","2021","202112219474721659"
"P40004574","WALLS-WINDHAUSER, ANGELA MARIE","Republican Party","REP","President","P","United States","00","00","WINTER GARDEN","FL","34787","2020","25-OCT-21","2021","202110259468349060"
"S0IL00642","LOVELESS, GREGORY DANIEL MR.","American Independent Party","AIP","Senate","S","Illinois","IL","00","GALESBURG","IL","61401","2020","14-FEB-21","2021","202102149427791283"
"P00017624","LLENZA (JENSA), SAMANTHA","Republican Party","REP","President","P","United States","00","00","725 5TH AVE","NY","10022","2020","11-FEB-21","2021","202102119427672073"
"H0MD01232","MASON, MIA","Democratic Party","DEM","House","H","Maryland","MD","01","FREDERICK","MD","21701","2020","25-JAN-21","2021","202101259405397717"
"H0LA02275","CHAMBERS, GARY JR.","Democratic Party","DEM","House","H","Louisiana","LA","02","BATON ROUGE","LA","70811","2020","25-NOV-20","2020","202011259337132383"
"H0UT03250","MCNEILL, THOMAS G.","Other","OTH","House","H","Utah","UT","03","OREM","UT","84097","2020","17-NOV-20","2020","202011179337048702"
"P00017590","COKER, AMBER NICHOLE","Write-In","W","President","P","Tennessee","TN","00","ALAMO TN","TN","38001","2020","08-NOV-20","2020","202011089336972745"
"S0NC00418","DONG, YUHONG","Unknown","UNK","Senate","S","North Carolina","NC","00","FAYETTEVILLE","NC","28311","2020","06-NOV-20","2020","202011069336972335"
"P00017574","DONG, YUHONG","Unknown","UNK","President","P","United States","00","00","FAYETTEVILLE","NC","28311","2020","06-NOV-20","2020","202011069336972127"
"H8CA47078","BRISCOE, JOHN","Republican Party","REP","House","H","California","CA","47","HUNTINGTON BEACH","CA","92647","2020","28-OCT-20","2020","202010289336630333"
"S0GA00690","SKRBIC, LJUBO","Republican Party","REP","Senate","S","Georgia","GA","00","PALM BEACH","FL","33480","2020","27-OCT-20","2020","202010279336627556"
"H0MO06222","ROSS, GENA L DR","Democratic Party","DEM","House","H","Missouri","MO","06","PLATTE CITY","MO","64079","2020","26-OCT-20","2020","202010269336531775"
"H0CA08226","GOMEZ, BLANCA","Democratic Party","DEM","House","H","California","CA","08","VICTORVILLE","CA","92392","2020","26-OCT-20","2020","202010269336571611"
"P00017558","NICKELSON, STONE THOMAS","Independent","IND","President","P","United States","00","3D","WEST DES MOINES","IA","50266","2020","22-OCT-20","2020","202010290300353082"
"S4NH00096","MARTIN, ANDY","Republican Party","REP","Senate","S","New Hampshire","NH","00","MANCHESTER","NH","03105","2020","22-OCT-20","2020","202010290300352969"
"H0PA17131","HENDRIE, DANIEL","Democratic Party","DEM","House","H","Pennsylvania","PA","17","PHILADELPHIA","PA","19111","2020","22-OCT-20","2020","202010290300353328"
"H0CA50244","HERRERA, NICHOLAS","Republican Party","REP","House","H","California","CA","50","CALIMESA","CA","92320","2020","21-OCT-20","2020","202010219326738276"
"S0WI00247","NELSON, TOM","Democratic Party","DEM","Senate","S","Wisconsin","WI","00","KAUKAUNA","WI","54130","2020","16-OCT-20","2020","202010169297136123"
"H0DC00249","FRANKLIN, BARBARA WASHINGTON","Independent","IND","House","H","District Of Columbia","DC","00","WASHINGTON","DC","20016","2020","15-OCT-20","2020","202010290300352982"
"P00017517","RA, CAMRON","Write-In","W","President","P","United States","00","00","HIGHLAND PARK","NJ","08904","2020","15-OCT-20","2020","202010159295638089"
"H0MI13521","WILCOXON, D.ETTA M","Green Party","GRE","House","H","Michigan","MI","13","DETROIT","MI","48203","2020","15-OCT-20","2020","202010159293984124"
"H8IN01096","LEYVA, MARK J","IN","IN","House","H","Indiana","IN","01","HIGHLAND","IN","46322","2020","14-OCT-20","2020","202010149285795449"
"H0IL08165","NELSON, PRESTON MR","Libertarian Party","LIB","House","H","Illinois","IL","08","MOUNT VERNON","IL","62864","2020","13-OCT-20","2020","202010139285522416"
"P00017491","GEISLER, TIMOTHY DAVID MSGT","Independent","IND","President","P","United States","00","00","TIGARD","OR","97223","2020","13-OCT-20","2020","202010139285521396"
"H0IL17133","PARKER, GENERAL","Independent","IND","House","H","Illinois","IL","17","PEORIA","IL","61615","2020","13-OCT-20","2020","202010139285504945"
"P00017475","STANEK, JASON ALEXANDER","Write-In","W","President","P","United States","00","00","MINNEAPOLIS","MN","55405","2020","09-OCT-20","2020","202010099285066563"
"P00017467","CORTESE, PHILIP SHAUN MR.","Write-In","W","President","P","United States","00","00","MASSENA","NY","13662","2020","08-OCT-20","2020","202010089285061942"
"S8NJ00558","HOFFMAN, MADELYN R","Green Party","GRE","Senate","S","New Jersey","NJ","00","FLANDERS","NJ","07836","2020","08-OCT-20","2020","202010130300344624"
"H0FL18215","MILLER, KARL W.","Republican Party","REP","House","H","Florida","FL","18","JENSEN BEACH","FL","34957","2020","07-OCT-20","2020","202010130300345257"
"P00017442","DEVOLL, ROBERT DELL","Independence Party","IDP","President","P","United States","00","00","NEWARK","OH","43055","2020","07-OCT-20","2020","202010079285050775"
"P00017434","CASTON, CHARLES EDWARD MR.","Independent","IND","President","P","Texas","TX","00","HOUSTON","TX","77020","2020","07-OCT-20","2020","202010079285047102"
"H0OH43018","CREECH, RODNEY LEE","Republican Party","REP","House","H","Ohio","OH","43","WEST ALEXANDRIA","OH","45381","2020","07-OCT-20","2020","202010079285050407"
"H0WV01130","COSNER, SHAWN PAUL","Write-In","W","House","H","West Virginia","WV","01","BRUCETON MILLS","WV","26525","2020","02-OCT-20","2020","202010029284990925"
"P00017426","STANCIL, CONNOR WESTON","None","NNE","President","P","United States","00","00","CLINTON","NC","28328","2020","30-SEP-20","2020","202009309284983055"
"H0MO01231","BAKER, MARTIN D","Independent","IND","House","H","Missouri","MO","01","ST LOUIS","MO","63136","2020","30-SEP-20","2020","202009309284982385"
"P00017418","LENCZICKI, JASON","Write-In","W","President","P","United States","00","00","CINCINNATI","OH","45244","2020","29-SEP-20","2020","202009299284982383"
"H0OH02154","CONDIT, JAMES JOSEPH MR. JR","Write-In","W","House","H","Ohio","OH","02","CINCINNATI","OH","45247","2020","28-SEP-20","2020","202009289284980838"
"H0MI12176","HERBERT, RICKY","N/A","N/A","House","H","Michigan","MI","12","ANN ARBOR","MI","48104","2020","27-SEP-20","2020","202009279284977037"
"H0WV03193","FOX-SPENCER, BELINDA","Independent","IND","House","H","West Virginia","WV","03","PETERSTOWN","WV","24963","2020","25-SEP-20","2020","202009259284970276"
"H0NJ05240","VELLUCCI, LOUIS A","Independent","IND","House","H","New Jersey","NJ","05","MAHWAH","NJ","07430","2020","25-SEP-20","2020","202009259284970348"
"P00017376","SMITH, RONALD BRYAN","Democratic Party","DEM","President","P","United States","00","00","ASHBURN","VA","20148","2020","24-SEP-20","2020","202009249284959382"
"P00017392","MILLER-JAMISON, LATOWYA","Independent","IND","President","P","United States","00","00","SUMMERVILLE","SC","29485","2020","24-SEP-20","2020","202009290300343941"
"P00017368","LYNCH, CLYDE","Democratic Party","DEM","President","P","United States","00","00","DETROIT","MI","48227","2020","23-SEP-20","2020","202009239284717896"
"H0MI06202","SOLIS, JERRY","No Party Affiliation","NPA","House","H","Michigan","MI","06","THREE RIVERS","MI","49093","2020","23-SEP-20","2020","202009239284717395"
"P00017343","DUMAS, NICHOLAS D'ARTAGNAN","No Party Affiliation","NPA","President","P","United States","00","00","LOTUS","CA","95651","2020","22-SEP-20","2020","202009229284686998"
"H0IL06086","REDPATH, BILL","Libertarian Party","LIB","House","H","Illinois","IL","06","WEST DUNDEE","IL","60118","2020","18-SEP-20","2020","202009189275261927"
"P00017327","FROHMAN, MARL DR","Independent","IND","President","P","Texas","TX","00","GRAPEVINE","TX","76051","2020","17-SEP-20","2020","202009179267231065"
"S0FL00627","AMOUZOU, ROLAND ELIKPLIM","Independent","IND","Senate","S","Florida","FL","00","BROOKSVILLE","FL","34602","2020","17-SEP-20","2020","202009179267235511"
"P00017335","GRIFFIN, ELLIOTT LEW MR.","Write-In","W","President","P","United States","00","00","DESERT HOT SPRINGS","CA","92240","2020","17-SEP-20","2020","202009179267236605"
"H0NJ10240","FITCHETTE, KHALIAH","Independent","IND","House","H","New Jersey","NJ","10","NEWARK","NJ","07102","2020","16-SEP-20","2020","202009169267218551"
"P20005492","CALICO, KENDRA","American Independent Party","AIP","President","P","United States","00","00","MEMPHIS","TN","38107","2020","16-SEP-20","2020","202009210300343539"
"P00017301","BAYLOR, TINA MICHELLE MS","Unknown","UNK","President","P","Pennsylvania","PA","00","PHILADELPHIA","PA","19143","2020","16-SEP-20","2020","202009169267206325"
"H0PA09047","MCGRAW, ALBERT DOUGLAS","Republican Party","REP","House","H","Pennsylvania","PA","09","PA - READING","PA","19609","2020","15-SEP-20","2020","202009159267180650"
"P00017293","LABOCH, MICHAEL ARTHUR","Independent","IND","President","P","United States","00","00","OCALA","FL","34472","2020","15-SEP-20","2020","202009159267182456"
"P00017277","LEVINSON, MICHAEL STEPHEN","No Party Affiliation","NPA","President","P","United States","00","00","ST PETERSBURG","FL","33702","2020","14-SEP-20","2020","202009149267169547"
"H0OH15164","HOFFMAN, SHANE","Write-In","W","House","H","Ohio","OH","15","PLAIN CITY","OH","43064","2020","14-SEP-20","2020","202009149267174792"
"H0OR02267","SPENSER, ALEX","Democratic Party","DEM","House","H","Oregon","OR","02","KALAMATH FALLS","OR","97601","2020","14-SEP-20","2020","202009149267170519"
"P00017251","PICKENS, RODNEY ALLEN","Reform Party","REF","President","P","United States","00","00","AUSTIN","MN","55912","2020","10-SEP-20","2020","202009109267129970"
"S0TN00342","BRADSHAW, MARQUITA","Democratic Party","DEM","Senate","S","Tennessee","TN","00","MEMPHIS","TN","38117","2020","07-SEP-20","2020","202009079267090697"
"P00017228","GOODWIN, CHAD","Republican Party","REP","President","P","United States","00","00","ROCKWOOD","PA","15557","2020","05-SEP-20","2020","202009059267084321"
"P00017210","UCHE, MAUREEN","Other","OTH","President","P","United States","00","00","RICHMOND","VA","23227","2020","04-SEP-20","2020","202009049267083074"
"P00017202","BODDIE, PRESIDENT R19","Write-In","W","President","P","United States","00","00","ANCHORAGE","GA","30016","2020","04-SEP-20","2020","202009049267082978"
"H0TX04243","JONES, TRACY SHAWN","Write-In","W","House","H","Texas","TX","04","TEXARKANA","TX","75503","2020","03-SEP-20","2020","202009039267077197"
"H0NY17349","PARIETTI, MIKE I.","SAM","SAM","House","H","New York","NY","17","SUFFERN","NY","10901","2020","03-SEP-20","2020","202009039267081885"
"P00017186","MARTIN, CHRISTOPHER JOB MR.","Other","OTH","President","P","United States","00","00","DENVER","CO","80204","2020","01-SEP-20","2020","202009019267072754"
"H0VT00130","BERRY, MIRIAM MRS.","Republican Party","REP","House","H","Vermont","VT","00","ESSEX","VT","05452","2020","31-AUG-20","2020","202008319267063929"
"H0GA05343","MUHAMMAD, STEVEN","Independent","IND","House","H","Georgia","GA","05","EAST POINT","GA","30344","2020","31-AUG-20","2020","202008319267061216"
"P00017178","WURTZ, MARK THOMAS","RAP","RAP","President","P","United States","00","00","TOPEKA","KS","66618","2020","30-AUG-20","2020","202008309267058338"
"H0NJ05232","ERDMAN, OLIVIA CLAIRE","Democratic Party","DEM","House","H","New Jersey","NJ","05","WYCKOFF","NJ","07481","2020","29-AUG-20","2020","202008299267057663"
"P00017160","HALSE, CHRISTOPHER","None","NNE","President","P","United States","00","00","FARMINGTON","MN","55024","2020","29-AUG-20","2020","202008299267057639"
"H0PA12207","ELIZABETH, TERWILLIGER","Libertarian Party","LIB","House","H","Pennsylvania","PA","12","WARREN CENTER","PA","18851","2020","27-AUG-20","2020","202008310300342288"
"H0IL12126","RUSHING, JULE","Unaffiliated","UN","House","H","Illinois","IL","12","COULTERVILLE","IL","62237","2020","26-AUG-20","2020","202008269267005351"
"H6TX34031","GONZALEZ, REY DR.","Republican Party","REP","House","H","Texas","TX","34","HARLINGEN","TX","78550","2020","26-AUG-20","2020","202008269267005081"
"S0IL00626","RUSHING, JULE","Unaffiliated","UN","Senate","S","Illinois","IL","00","COULTERVILLE","IL","62237","2020","26-AUG-20","2020","202008269267005352"
"H0LA05161","LAGARDE, JESSE P.","Democratic Party","DEM","House","H","Louisiana","LA","05","AMITE","LA","70422","2020","25-AUG-20","2020","202008259266983392"
"S0NE00163","SIADEK, EUGENE","Libertarian Party","LIB","Senate","S","Nebraska","NE","00","OMAHA","NE","68144","2020","25-AUG-20","2020","202008259266994085"
"H0MO05257","BALLARD, WILLIAM HOWARD MR. IV","Republican Party","REP","House","H","Missouri","MO","05","KANSAS CITY","MO","64127","2020","24-AUG-20","2020","202008249266870311"
"H0IN01325","CATALANO, THOMAS","Other","OTH","House","H","Indiana","IN","01","INDIANAPOLIS","IN","46204","2020","24-AUG-20","2020","202008249266866676"
"H0IA01208","CATALANO, THOMAS","Other","OTH","House","H","Iowa","IA","01","DES MOINES","IA","50309","2020","24-AUG-20","2020","202008249266866675"
"H0KS01230","CATALANO, THOMAS","Other","OTH","House","H","Kansas","KS","01","WICHITA","KS","67202","2020","24-AUG-20","2020","202008249266866025"
"H0NH01324","CATALANO, THOMAS","Other","OTH","House","H","New Hampshire","NH","01","MANCHESTER","NH","03101","2020","23-AUG-20","2020","202008239266863579"
"H0MI01252","CATALANO, THOMAS","Other","OTH","House","H","Michigan","MI","01","DETROIT","MI","48226","2020","23-AUG-20","2020","202008239266864420"
"H0SC01444","CATALANO, THOMAS","Other","OTH","House","H","South Carolina","SC","01","COLOMBIA","SC","29201","2020","23-AUG-20","2020","202008239266863581"
"H0ND01059","CATALANO, THOMAS","Other","OTH","House","H","North Dakota","ND","00","FARGO","ND","58103","2020","23-AUG-20","2020","202008239266863582"
"H0OR01210","CATALANO, THOMAS","Other","OTH","House","H","Oregon","OR","01","PORTLAND","OR","97204","2020","23-AUG-20","2020","202008239266863584"
"H0WI01138","CATALANO, THOMAS","Other","OTH","House","H","Wisconsin","WI","01","MILWAUKEE","WI","53202","2020","23-AUG-20","2020","202008239266863585"
"H0TX01140","CATALANO, THOMAS","Other","OTH","House","H","Texas","TX","01","HOUSTON","TX","77056","2020","23-AUG-20","2020","202008239266863588"
"H0NE01153","CATALANO, THOMAS","Other","OTH","House","H","Nebraska","NE","01","OMAHA","NE","68102","2020","23-AUG-20","2020","202008239266863589"
"H0AR01190","CATALANO, THOMAS","Other","OTH","House","H","Arkansas","AR","01","LITTLE ROCK","AR","72201","2020","23-AUG-20","2020","202008239266863590"
"H0MS01126","CATALANO, THOMAS","Other","OTH","House","H","Mississippi","MS","01","JACKSON","MS","39201","2020","23-AUG-20","2020","202008239266863591"
"H0OH01131","CATALANO, THOMAS","Other","OTH","House","H","Ohio","OH","01","CLEVELAND","OH","44114","2020","23-AUG-20","2020","202008239266863592"
"H0AZ01432","CATALANO, THOMAS","Other","OTH","House","H","Arizona","AZ","01","PHOENIX","AZ","85003","2020","23-AUG-20","2020","202008239266863593"
"H0NM01205","CATALANO, THOMAS","Other","OTH","House","H","New Mexico","NM","01","ALBUQUERQUE","NM","87102","2020","23-AUG-20","2020","202008239266863594"
"H0KY01089","CATALANO, THOMAS","Other","OTH","House","H","Kentucky","KY","01","LOUISVILLE","KY","40202","2020","23-AUG-20","2020","202008239266863595"
"H0UT01247","CATALANO, THOMAS","Other","OTH","House","H","Utah","UT","01","SALT LAKE CITY","UT","84111","2020","23-AUG-20","2020","202008239266863597"
"H0AL01147","CATALANO, THOMAS","Other","OTH","House","H","Alabama","AL","01","MOBILE","AL","36602","2020","23-AUG-20","2020","202008239266863598"
"H0MN01144","CATALANO, THOMAS","Other","OTH","House","H","Minnesota","MN","01","MINNEAPOLIS","MN","55402","2020","23-AUG-20","2020","202008239266863599"
"H0WA01165","CATALANO, THOMAS","Other","OTH","House","H","Washington","WA","01","SEATTLE","WA","98101","2020","23-AUG-20","2020","202008239266863603"
"H0GA01094","CATALANO, THOMAS","Other","OTH","House","H","Georgia","GA","01","ATLANTA","GA","30309","2020","23-AUG-20","2020","202008239266863605"
"H0ME01135","CATALANO, THOMAS","Other","OTH","House","H","Maine","ME","01","PORTLAND","ME","04101","2020","23-AUG-20","2020","202008239266863606"
"H0FL01161","CATALANO, THOMAS","Other","OTH","House","H","Florida","FL","01","MIAMI","FL","33131","2020","23-AUG-20","2020","202008239266863893"
"H0AK01046","CATALANO, THOMAS","Other","OTH","House","H","Alaska","AK","00","ANCHORAGE","AK","99503","2020","23-AUG-20","2020","202008239266863894"
"H0OK01154","CATALANO, THOMAS","Other","OTH","House","H","Oklahoma","OK","01","TULSA","OK","74103","2020","23-AUG-20","2020","202008239266863895"
"H0NC01135","CATALANO, THOMAS","Other","OTH","House","H","North Carolina","NC","01","CHARLOTTE","NC","28202","2020","23-AUG-20","2020","202008239266863896"
"H0NV01276","CATALANO, THOMAS","Other","OTH","House","H","Nevada","NV","01","WINCHESTER","NV","80906","2020","23-AUG-20","2020","202008239266863897"
"H0WY01069","CATALANO, THOMAS","Other","OTH","House","H","Wyoming","WY","00","AUBURN","WY","83111","2020","23-AUG-20","2020","202008239266863901"
"H0SD01102","CATALANO, THOMAS","Other","OTH","House","H","South Dakota","SD","00","SIOUX FALLS","SD","57104","2020","23-AUG-20","2020","202008239266864419"
"H0MA01099","CATALANO, THOMAS","Other","OTH","House","H","Massachusetts","MA","01","BOSTON","MA","02116","2020","23-AUG-20","2020","202008239266863580"
"H0WV01122","CATALANO, THOMAS","Other","OTH","House","H","West Virginia","WV","01","CHARLESTON","WV","25302","2020","22-AUG-20","2020","202008229266863494"
"H0TN01233","CATALANO, THOMAS","Other","OTH","House","H","Tennessee","TN","01","NASHVILLE","TN","37201","2020","22-AUG-20","2020","202008229266863498"
"H0VT01088","CATALANO, THOMAS","Other","OTH","House","H","Vermont","VT","00","BURLINGTON","VT","05401","2020","22-AUG-20","2020","202008229266863499"
"H0PA01366","CATALANO, THOMAS","Other","OTH","House","H","Pennsylvania","PA","01","PHILADELPHIA","PA","19103","2020","22-AUG-20","2020","202008229266863480"
"H0CT01142","CATALANO, THOMAS","Other","OTH","House","H","Connecticut","CT","01","HARTFORD","CT","06103","2020","22-AUG-20","2020","202008229266863488"
"H0MD01240","CATALANO, THOMAS","Other","OTH","House","H","Maryland","MD","01","BALTIMORE","MD","21202","2020","22-AUG-20","2020","202008229266863485"
"H0DE01090","CATALANO, THOMAS","Other","OTH","House","H","Delaware","DE","00","WILMINGTON","DE","19801","2020","22-AUG-20","2020","202008229266863486"
"H0MO01223","CATALANO, THOMAS","Other","OTH","House","H","Missouri","MO","01","KANSAS CITY","MO","64105","2020","22-AUG-20","2020","202008229266863487"
"H0LA01202","CATALANO, THOMAS","Other","OTH","House","H","Louisiana","LA","01","NEW ORLEANS","LA","70130","2020","22-AUG-20","2020","202008229266863481"
"H0PR01059","HENRIQUEZ, ADA NORAH ESQ","Other","OTH","House","H","Puerto Rico","PR","00","HUMACAO","PR","00791","2020","20-AUG-20","2020","202008209261506783"
"H0AS01016","CRICHTON, ORETA TUFAGA-MAPU","Democratic Party","DEM","House","H","American Samoa","AS","00","PAGO PAGO","AS","96799","2020","20-AUG-20","2020","202008209266182646"
"H4WA06075","MCCLENDON, MARTIN V.","Republican Party","REP","House","H","Washington","WA","10","GIG HARBOR","WA","98335","2020","20-AUG-20","2020","202008209266008009"
"P00017095","LAMBERTH, SHAWN MR","Independent","IND","President","P","North Carolina","NC","00","CHINA GROVE","NC","28023","2020","19-AUG-20","2020","202008199261393976"
"H0DE01082","PURCELL, CATHERINE STONESTREET MS.","Other","OTH","House","H","Delaware","DE","00","MILLSBORO","DE","19966","2020","19-AUG-20","2020","202008199261411777"
"H0LA05153","SNOWDEN, PHILLIP","Democratic Party","DEM","House","H","Louisiana","LA","05","MONROE","LA","71203","2020","19-AUG-20","2020","202008199261399719"
"P00017103","BISHOP, DOUGLAS MR.","Independent","IND","President","P","United States","00","00","SPOKANE","WA","99201","2020","19-AUG-20","2020","202008199261399279"
"H0OH07153","POTTER, QUENTIN","Democratic Party","DEM","House","H","Ohio","OH","07","CANTON","OH","44721","2020","18-AUG-20","2020","202008189261344643"
"P00017061","GREENE, EMILY FRANCES","Peace And Freedom Party","PFP","President","P","United States","00","00","ST. CHARLES","MO","63302","2020","17-AUG-20","2020","202008179261334162"
"P00017053","LAPORTE, PAMELA MISS","Other","OTH","President","P","Pennsylvania","PA","00","WARMINSTER","PA","18974","2020","16-AUG-20","2020","202008169261322443"
"H0NJ01215","CATALANO, THOMAS","Other","OTH","House","H","New Jersey","NJ","01","WEST ORANGE","NJ","07052","2020","15-AUG-20","2020","202008159261321494"
"H0IL01236","CATALANO, THOMAS","Other","OTH","House","H","Illinois","IL","01","CHICAGO","IL","60602","2020","15-AUG-20","2020","202008159261321538"
"H0VA01250","CATALANO, THOMAS","Other","OTH","House","H","Virginia","VA","01","NORFOLK","VA","23511","2020","15-AUG-20","2020","202008159261321518"
"H0CA01221","CATALANO, THOMAS","Other","OTH","House","H","California","CA","01","SAN DIEGO","CA","92136","2020","15-AUG-20","2020","202008159261321517"
"H8IN06202","LEE LAKE, JEANNINE","Democratic Party","DEM","House","H","Indiana","IN","06","MUNCIE","IN","47304","2020","14-AUG-20","2020","202008149261319051"
"H0CO05152","KELTIE, REBECCA MS.","UPA","UPA","House","H","Colorado","CO","05","COLORADO SPRINGS","CO","80918","2020","14-AUG-20","2020","202008149261319002"
"S0CO00716","CATALANO, THOMAS","Other","OTH","Senate","S","Colorado","CO","00","DENVER","CO","80216","2020","14-AUG-20","2020","202008149261303520"
"P00017046","WILKINSON, COLLEEN MARIE","Democratic Party","DEM","President","P","United States","00","00","ODESSA","FL","33556","2020","14-AUG-20","2020","202008149261310030"
"H0NY01236","CATALANO, THOMAS","Other","OTH","House","H","New York","NY","01","NYC","NY","10007","2020","14-AUG-20","2020","202008149261305823"
"H0DC01031","CATALANO, THOMAS","Other","OTH","House","H","District Of Columbia","DC","00","WASHINGTON","DC","20005","2020","14-AUG-20","2020","202008149261305845"
"S0CA00496","BRADFORD, DAPHNE","Democratic Party","DEM","Senate","S","California","CA","00","LOS ANGELES","CA","90056","2020","14-AUG-20","2020","202008149261305861"
"S0NJ00290","CATALANO, THOMAS","Other","OTH","Senate","S","New Jersey","NJ","00","WEST ORANGE","NJ","07052","2020","14-AUG-20","2020","202008149261305299"
"H0NH02298","BJELOBRK, MATTHEW D","Republican Party","REP","House","H","New Hampshire","NH","02","NORTH HAVERHILL","NH","03774","2020","13-AUG-20","2020","202008260300341985"
"P00017152","MORTENSEN, JASON","Unknown","UNK","President","P","United States","00","00","DRAPER","UT","84020","2020","13-AUG-20","2020","202008260300341973"
"H0MA09084","MANLEY, MICHAEL","Other","OTH","House","H","Massachusetts","MA","09","BREWSTER","MA","02631","2020","13-AUG-20","2020","202008260300342084"
"P00017129","JONES, MARSHALL B","Independent","IND","President","P","United States","00","00","RIDGELAND","SC","29936","2020","13-AUG-20","2020","202008200300337420"
"P00017087","WILBURN, KATHY DENICE","Democratic Party","DEM","President","P","United States","00","00","DALLAS","TX","75376","2020","13-AUG-20","2020","202008180300336695"
"H0GA05335","FRANKLIN, ROBERT DR.","Democratic Party","DEM","House","H","Georgia","GA","05","ATLANTA","GA","30331","2020","13-AUG-20","2020","202008139261299725"
"H0LA06052","WILLIAMS, DARTANYON A","Democratic Party","DEM","House","H","Louisiana","LA","06","BATON ROUGE","LA","70810","2020","13-AUG-20","2020","202008139261299768"
"H0OK05155","GUILD, THOMAS EUGENE","Democratic Party","DEM","House","H","Oklahoma","OK","05","EDMOND","OK","73083","2020","13-AUG-20","2020","202008139261300137"
"P60016888","BORING, PAIJ","Republican Party","REP","President","P","United States","00","00","WICHITA","KS","672079998","2020","13-AUG-20","2020","202008139261303021"
"H2NJ10154","PAYNE, DONALD M. JR","Democratic Party","DEM","House","H","New Jersey","NJ","10","NEWARK","NJ","07114","2020","13-AUG-20","2020","202008200300337837"
"H0MO07279","RICHARDS, AUDREY","Write-In","W","House","H","Missouri","MO","07","KIMBERLING CITY","MO","65686","2020","12-AUG-20","2020","202008129261298420"
"P00017012","EDWARDS, LONNIE","Democratic Party","DEM","President","P","United States","00","00","DALLAS","TX","75243","2020","11-AUG-20","2020","202008119261294617"
"H0WY01051","HAGGIT, JEFFREY ALLEN","Constitution Party","CON","House","H","Wyoming","WY","00","MOUNTAIN VIEW","WY","82939","2020","10-AUG-20","2020","202008109261290545"
"H0TX17252","BROWN, TED MR.","Libertarian Party","LIB","House","H","Texas","TX","17","AUSTIN","TX","78728","2020","09-AUG-20","2020","202008099261287209"
"P00017004","TURNER, WEDNESDAY","Concerned Citizens Party Of Connecticut","CNC","President","P","United States","00","00","UTQIA&#289;VIK","AK","99723","2020","08-AUG-20","2020","202008089261284612"
"H0MI01245","BOREN, BENJAMIN","Libertarian Party","LIB","House","H","Michigan","MI","01","CHARLEVOIX","MI","49720","2020","07-AUG-20","2020","202008079261278271"
"S8ME00163","LINN, MAX MR.","Independent","IND","Senate","S","Maine","ME","00","BAR HARBOR","ME","04609","2020","07-AUG-20","2020","202008079261279573"
"H0TN06364","FINLEY, CHRISTOPHER MARTIN","Democratic Party","DEM","House","H","Tennessee","TN","06","SPARTA","TN","38583","2020","07-AUG-20","2020","202008079261279519"
"H0NC07157","(TERRI) EVERETT, THERESA","Democratic Party","DEM","House","H","North Carolina","NC","07","WILMINGTON","NC","28402","2020","07-AUG-20","2020","202008260300341943"
"S0MA00240","MAZZUCHELLI, EDWARD JAMES","Independent","IND","Senate","S","Massachusetts","MA","00","MARSHFIELD","MA","02050","2020","06-AUG-20","2020","202008069261264866"
"H0LA04107","GIBSON, BEN","Republican Party","REP","House","H","Louisiana","LA","04","BOSSIER CITY","LA","71112","2020","05-AUG-20","2020","202008059261249131"
"S0AR00226","HARRINGTON, RICKY DALE MR. JR","Libertarian Party","LIB","Senate","S","Arkansas","AR","00","PINE BLUFF","AR","71601","2020","05-AUG-20","2020","202008059261248700"
"H0FL24213","RIVERA, HECTOR","No Party Affiliation","NPA","House","H","Florida","FL","24","NORTH MIAMI","FL","33181","2020","05-AUG-20","2020","202008059261248604"
"S4IA00194","STEWART, RICK","Libertarian Party","LIB","Senate","S","Iowa","IA","00","CEDAR RAPIDS","IA","52403","2020","05-AUG-20","2020","202008059261226454"
"H0GA05327","HALL, KWANZA","Democratic Party","DEM","House","H","Georgia","GA","05","ATLANTA","GA","30313","2020","05-AUG-20","2020","202008059261226320"
"H4WA09061","BASLER, DOUGLAS MICHAEL","Republican Party","REP","House","H","Washington","WA","09","KENT","WA","98031","2020","05-AUG-20","2020","202008059261248610"
"H6FL05193","HOLLOWAY, LASHONDA","Democratic Party","DEM","House","H","Florida","FL","05","JACKSONVILLE","FL","32218","2020","04-AUG-20","2020","202008180300336042"
"P00016980","ENGELL, WARREN OLIVER","None","NNE","President","P","United States","00","00","MOREHEAD","KY","40351","2020","04-AUG-20","2020","202008049261223142"
"H0GA05319","OLIVER, CHASE RUSSELL","Libertarian Party","LIB","House","H","Georgia","GA","05","ATLANTA","GA","30345","2020","03-AUG-20","2020","202008039261206326"
"S6LA00441","BILLIOT, BERYL MR","No Party Preference","NOP","Senate","S","Louisiana","LA","00","KENTWOOD","LA","70444","2020","03-AUG-20","2020","202008039261204417"
"P00016972","RYAN, JAMES JOSEPH","None","NNE","President","P","United States","00","00","LOS ANGELES","CA","90046","2020","03-AUG-20","2020","202008039261206123"
"H0CT02215","MARTINEAU, CASSANDRA","Green Party","GRE","House","H","Connecticut","CT","02","WILLIMANTIC","CT","06226","2020","01-AUG-20","2020","202008019261201955"
"P00016956","LAMONT, TROY WAYNE","Independent","IND","President","P","United States","00","00","CAPE GIRARDEAU","MO","63701","2020","01-AUG-20","2020","202008019261201927"
"P00016931","AKERS, ROBERT GALE MR.","Write-In","W","President","P","United States","00","00","FREELAND","WA","98249","2020","31-JUL-20","2020","202007319261199604"
"S0TX00472","FOGG, RAYMOND KENO MR. JR","Write-In","W","Senate","S","Texas","TX","00","DALLAS","TX","75240","2020","31-JUL-20","2020","202007319261199226"
"P00016949","PAISLEY, GORDON JAMES MR","Democratic Party","DEM","President","P","United States","00","00","MARTINEZ","CA","94553","2020","31-JUL-20","2020","202007319261200339"
"P00016923","WARNER, EDGAR HARLAN","Independent","IND","President","P","United States","00","00","ANNAPOLIS","MD","21401","2020","30-JUL-20","2020","202007309261190917"
"S0LA00394","SIGLER, AARON CHARLES DR","Libertarian Party","LIB","Senate","S","Louisiana","LA","00","HAMMOND","LA","70403","2020","30-JUL-20","2020","202007309261190578"
"P00016915","RATHNAMALA, GEETHA MS.","Independent","IND","President","P","United States","00","00","BRONX","NY","10460","2020","30-JUL-20","2020","202007309261190318"
"P00016907","VERVALEN, BRADLEY J. MR.","None","NNE","President","P","United States","00","00","BELCOURT","ND","58316","2020","30-JUL-20","2020","202007309261188883"
"P00016881","MAY, KEITH DENIS MR","Independence Party","IDP","President","P","United States","00","00","BRONX","NY","10465","2020","28-JUL-20","2020","202007289260929994"
"H0HI01280","OLSON, NANCY LYNN","Republican Party","REP","House","H","Hawaii","HI","01","AIEA","HI","96701","2020","27-JUL-20","2020","202007279260820466"
"P00017079","BELTON, SAMMY","Independent","IND","President","P","United States","00","00","MILWAUKEE","WI","53209","2020","25-JUL-20","2020","202008180300336965"
"P00016865","THOMSON-ESQUER, CODY","Write-In","W","President","P","United States","00","00","KAPOLEI","HI","96707","2020","24-JUL-20","2020","202007249260813552"
"P00016873","BADRU, NAHJ D","Independent","IND","President","P","United States","00","00","NEWNAN","GA","30265","2020","24-JUL-20","2020","202007249260814035"
"P00016857","STONE, BARBARA","People'S Party","PPY","President","P","United States","00","00","MIAMI","FL","33130","2020","24-JUL-20","2020","202007249260813265"
"S0CO00708","EVANS, STEPHAN","Unknown","","Senate","S","Colorado","CO","00","","","","2020","23-JUL-20","2020","202008260300341990"
"P00016840","EDWARDS, JASON ROMONDO","Unaffiliated","UN","President","P","United States","00","00","WICHITA","KS","67216","2020","23-JUL-20","2020","202007239260799500"
"P00016832","READDY, LUIS D.","None","NNE","President","P","United States","00","00","BETTENDORF","IA","52722","2020","23-JUL-20","2020","202007239260744226"
"H0TX04235","WORTHEN, ROBERT","Republican Party","REP","House","H","Texas","TX","04","TEXARKANA","TX","75501","2020","22-JUL-20","2020","202007229260728331"
"S0LA00386","PERKINS, ADRIAN","Democratic Party","DEM","Senate","S","Louisiana","LA","00","SHREVEPORT","LA","71133","2020","22-JUL-20","2020","202007229260727993"
"H0GA05301","WILLIAMS, NIKEMA NATASSHA","Democratic Party","DEM","House","H","Georgia","GA","05","ATLANTA","GA","30331","2020","22-JUL-20","2020","202007229260742674"
"H0VI01019","GEORGE, SHEKEMA","Independent","IND","House","H","U.S. Virgin Islands","VI","00","ST. CROIX","VI","00851","2020","21-JUL-20","2020","202007219260725211"
"H0CA42241","MILLER, DANIEL JAKE","Republican Party","REP","House","H","California","CA","42","MENIFEE","CA","92584","2020","21-JUL-20","2020","202007219260713931"
"P00016824","MORCHAK, CHRIS","Write-In","W","President","P","United States","00","00","CORNERSBURG","OH","44511","2020","20-JUL-20","2020","202007209260688802"
"P00016816","DEBOI, SHAWN HENRY","Unaffiliated","UN","President","P","United States","00","00","WHEELING","WV","26003","2020","20-JUL-20","2020","202007209250470386"
"H0LA03190","HARRIS, BRAYLON MR.","Democratic Party","DEM","House","H","Louisiana","LA","03","IOWA","LA","70647","2020","20-JUL-20","2020","202007209260686374"
"H0GA05293","MOSELEY, EDWARD LAVENDER","Democratic Party","DEM","House","H","Georgia","GA","05","TUCKER","GA","30084","2020","20-JUL-20","2020","202007209250466369"
"P00016808","HAYES, WARREN KEITH MR.","Unaffiliated","UN","President","P","United States","00","00","BRYSON CITY","NC","28713","2020","20-JUL-20","2020","202007209250421215"
"H0TX18375","DAVIS, CHANCE","Independent","IND","House","H","Texas","TX","18","HOUSTON","TX","77004","2020","19-JUL-20","2020","202007199250405944"
"P00016790","ANDERSON, WALTER JR","Independent","IND","President","P","United States","00","00","BUFFALO","NY","14201","2020","19-JUL-20","2020","202007199250407539"
"H0GA05285","MARC, JONATHAN","Democratic Party","DEM","House","H","Georgia","GA","05","ATLANTA","GA","30331","2020","18-JUL-20","2020","202007189250402042"
"S0LA00378","JOHN, XAN MR.","Other","OTH","Senate","S","Louisiana","LA","00","LAFAYETTE","LA","70508","2020","18-JUL-20","2020","202007189250402160"
"H0DE04011","PEREZ DE VILLA-AMIL, CARLOS ALBERTO GONZALEZ","Independent","IND","House","H","Delaware","DE","00","RIDGEFIELD","CT","06877","2020","17-JUL-20","2020","202007179250375205"
"H0LA05146","HASTY, MATTHEW","Republican Party","REP","House","H","Louisiana","LA","05","PINEVILLE","LA","71360","2020","17-JUL-20","2020","202007179250399640"
"H0FL02227","O'MEARA, BILLY MR","Independent","IND","House","H","Florida","FL","02","MIAMI","FL","33155","2020","16-JUL-20","2020","202007169250341863"
"P00016741","WEST, KANYE","BDY","BDY","President","P","United States","00","00","CODY","WY","82414","2020","16-JUL-20","2020","202007169250311720"
"P00016774","ALEMAN, JULIAN MICHAEL","None","NNE","President","P","United States","00","00","SAN ANTONIO","TX","78223","2020","16-JUL-20","2020","202007169250341057"
"P00016725","RODRIGUEZ, ARTHUR ELI","None","NNE","President","P","United States","00","00","SAN MATEO","CA","94402","2020","15-JUL-20","2020","202007159250065862"
"P00016717","JACOB, JOHN A","Independent","IND","President","P","United States","00","00","CHICAGO","IL","60630","2020","15-JUL-20","2020","202007159249995190"
"H0OH12229","STEWART, JOHN","Libertarian Party","LIB","House","H","Ohio","OH","12","WORTHINGTON","OH","43085","2020","15-JUL-20","2020","202007159244591080"
"H8TX29110","ZOUBOULIKOS-BLANCO, JAIMY ANNETTE","Republican Party","REP","House","H","Texas","TX","29","PASADENA","TX","77505","2020","15-JUL-20","2020","202007159244954671"
"P00016709","BERNARD, EMIL IVAN","Independent","IND","President","P","United States","00","00","PALM BEACH","FL","33480","2020","14-JUL-20","2020","202007149244529467"
"S0LA00360","BOURGEOIS, JOHN PAUL","None","NNE","Senate","S","Louisiana","LA","00","GRETNA","LA","70056","2020","14-JUL-20","2020","202007149244527956"
"H0FL14131","ELLIOTT, PAUL SIDNEY","Republican Party","REP","House","H","Florida","FL","14","TAMPA","FL","336884204","2020","14-JUL-20","2020","202007149244528979"
"H0TX02114","SCHEIRMAN, ELLIOTT ROBERT","Libertarian Party","LIB","House","H","Texas","TX","02","HOUSTON","TX","77057","2020","14-JUL-20","2020","202007149244549289"
"S0KY00511","HILLIARD, MAGGIE JO","Democratic Party","DEM","Senate","S","Kentucky","KY","00","LOUISVILLE","KY","40257","2020","14-JUL-20","2020","202007149244554532"
"H0NY14361","LANG, EDWARD JAKE MR","Other","OTH","House","H","New York","NY","14","NARROWSBURG","NY","12764","2020","11-JUL-20","2020","202007119244437953"
"H0MN04205","GILLESPIE, ALBERDER","Democratic-Farmer-Labor","DFL","House","H","Minnesota","MN","04","DRIVE","MN","55129","2020","11-JUL-20","2020","202007119244428384"
"H0MI06194","BROWN, LANCE CHADWICK","None","NNE","House","H","Michigan","MI","06","DECATUR","MI","49045","2020","10-JUL-20","2020","202007109244402843"
"H0WY00152","ADALIA, ZOILO MR","Desert Green Party","DGR","House","H","Wyoming","WY","00","GOLD RIVER","CA","95670","2020","10-JUL-20","2020","202007109244404841"
"P00016642","OLANIYI, NOAH O","Other","OTH","President","P","United States","00","00","NEWARK","NJ","07108","2020","10-JUL-20","2020","202007109244402208"
"P00016675","COGGESHALL, NATHANIEL","Independent","IND","President","P","Washington","WA","00","YELM","WA","98597","2020","10-JUL-20","2020","202007109244428155"
"H0WY01044","ADALIA, ZOILO","Desert Green Party","DGR","House","H","Wyoming","WY","00","GOLD RIVER","CA","95670","2020","10-JUL-20","2020","202007109244404847"
"P00016600","BAUM, BRENDAN","Communist Party","COM","President","P","United States","00","00","DALLAS","TX","75214","2020","09-JUL-20","2020","202007099244390269"
"P00016626","KERR. AKA JONES/LEVARDI, SUSAN MARY MS.","Independence Party","IDP","President","P","Massachusetts","MA","00","ADAMS","MA","01220","2020","09-JUL-20","2020","202007099244398261"
"H0NY10146","MADRID, MICHAEL","Libertarian Party","LIB","House","H","New York","NY","10","NEW YORK","NY","10019","2020","09-JUL-20","2020","202007099244392372"
"H0CA50236","ADALIA, ZOILO MR","Desert Green Party","DGR","House","H","California","CA","50","GOLD RIVER","CA","95670","2020","09-JUL-20","2020","202007099244397480"
"H0IL05369","SANDERMAN, ISAIAH","Independent","IND","House","H","Illinois","IL","05","CHICAGO","IL","60657","2020","09-JUL-20","2020","202007099244393704"
"H0CA38173","ADALIA, ZOILO MR","Desert Green Party","DGR","House","H","California","CA","38","GOLD RIVER","CA","95670","2020","09-JUL-20","2020","202007099244399027"
"H0TX04227","SCHELL, CHRISTOPHER MR.","Republican Party","REP","House","H","Texas","TX","04","PROSPER","TX","75078","2020","09-JUL-20","2020","202007099244390488"
"H0PA01358","MILORO, CHARLES","Republican Party","REP","House","H","Pennsylvania","PA","01","SELINSGROVE","PA","17870","2020","08-JUL-20","2020","202007089244390162"
"H0TN01183","ADKINS, JAY LYNN JR","Republican Party","REP","House","H","Tennessee","TN","01","ELIZABETHTON","TN","37643","2020","08-JUL-20","2020","202007089244389969"
"P00016592","GEBBIE, CHRISTOPHER MR.","Unknown","UNK","President","P","United States","00","00","BOZRAH","CT","06334","2020","08-JUL-20","2020","202007089244390002"
"H0FL11228","JOHNSON, DAREN CRAIG","No Party Affiliation","NPA","House","H","Florida","FL","11","OCALA","FL","34471","2020","08-JUL-20","2020","202007089244374065"
"P60017662","MORISSON, SAMUEL JOSEPH DENIS COLM","Independent","IND","President","P","United States","00","00","SUSSEX","NJ","07461","2020","07-JUL-20","2020","202007079244355990"
"P00016576","OBRIEN, JAMES RICHARD SR","Republican Party","REP","President","P","United States","00","00","DAWSONVILLE","GA","30534","2020","07-JUL-20","2020","202007079244337245"
"P00016584","WILLIAMS, WILLIAMS ELIZABETH (ADDISON) REVEREND","Republican Party","REP","President","P","United States","00","00","NAPLES","FL","34109","2020","07-JUL-20","2020","202007079244339663"
"H2GU00025","UNDERWOOD, ROBERT ANACLETUS","Democratic Party","DEM","House","H","Guam","GU","00","HAGATNA","GU","96932","2020","07-JUL-20","2020","202007079244352424"
"H0GU01035","UNDERWOOD, ROBERT ANACLETUS","Democratic Party","DEM","House","H","Guam","GU","00","HAGATNA","GU","96932","2020","07-JUL-20","2020","202007079244352770"
"P00016568","PETERSON, BROOKE","Independent","IND","President","P","United States","00","00","EVERETT","WA","98208","2020","07-JUL-20","2020","202007079244337176"
"H0NY11102","AKINDUDE, KEMI","Write-In","W","House","H","New York","NY","11","STATEN ISLAND","NY","10303","2020","07-JUL-20","2020","202007079244357370"
"H0IL10393","SEVERINO, JOSEPH","Independent","IND","House","H","Illinois","IL","10","LAKE FOREST","IL","60045","2020","07-JUL-20","2020","202007079244354362"
"P00016550","PIERCE, BROCK","Independent","IND","President","P","United States","00","00","SAN JUAN","PR","00901","2020","06-JUL-20","2020","202007069244335263"
"H0NY02309","BURGER, HARRY R MR.","Green Party","GRE","House","H","New York","NY","02","DEER PARK","NY","11729","2020","06-JUL-20","2020","202007069244331916"
"P00016535","CARRON, JOSEPH ALLEN","None","NNE","President","P","United States","00","00","TIGARD","OR","97223","2020","06-JUL-20","2020","202007069244313574"
"H0TN09111","CLARK, DENNIS JEFFREY","Independent","IND","House","H","Tennessee","TN","09","ARLINGTON","TN","38002","2020","06-JUL-20","2020","202007270300331192"
"P00016527","POORE, CHASE MR.","Republican Party","REP","President","P","United States","00","00","BRISTOL","VA","24201","2020","06-JUL-20","2020","202007069244313569"
"P00016519","FAIRCHILD, TYRONE","Independent","IND","President","P","United States","00","00","FRIENDSWOOD","TX","77546","2020","05-JUL-20","2020","202007059244312369"
"P00016493","YUE, PATRICIA ANN","None","NNE","President","P","United States","00","00","WILMINGTON","NC","28411","2020","05-JUL-20","2020","202007059244312220"
"P00016477","BRADLEY, JASON MICHAEL","Write-In","W","President","P","Utah","UT","00","ENOCH","UT","84721","2020","05-JUL-20","2020","202007059244311067"
"P00016444","CONKLIN, CLAYTON ROSS","Independent","IND","President","P","United States","00","00","EASLEY","SC","29640","2020","04-JUL-20","2020","202007049244305666"
"P00016451","SIEBOLD, KARIN ARLENE","Independent","IND","President","P","United States","00","00","OAK ISLAND","NC","28465","2020","04-JUL-20","2020","202007049244305710"
"P00016469","ADALIA, ZOILO MR","Desert Green Party","DGR","President","P","United States","00","00","GOLD RIVER","CA","95670","2020","04-JUL-20","2020","202007049244305711"
"P00016436","ZIMMERMAN, CURTIS","Unknown","UNK","President","P","United States","00","00","HONOLULU","HI","96822","2020","04-JUL-20","2020","202007049244305585"
"P00016428","SHARPE, PHILLIP ANTHONY MR SR.","Write-In","W","President","P","United States","00","00","ELIZABETHTOWN,","PA","17022","2020","02-JUL-20","2020","202007029244235812"
"H0WA04136","WRIGHT, TRACY JUSTICE","Republican Party","REP","House","H","Washington","WA","04","GRAND COULEE","WA","99133","2020","02-JUL-20","2020","202007029244271966"
"H0WA08137","BAILEY, COREY RYAN MR.","Independence Party","IDP","House","H","Washington","WA","08","BLACK DIAMOND","WA","98010","2020","02-JUL-20","2020","202007029244266823"
"H8LA04282","TRUNDLE, RYAN","Democratic Party","DEM","House","H","Louisiana","LA","04","SHREVEPORT","LA","71105","2020","01-JUL-20","2020","202007019244227020"
"H0TX04219","FALLON, PATRICK","Republican Party","REP","House","H","Texas","TX","04","CELINA","TX","75009","2020","01-JUL-20","2020","202007019244230201"
"S0KS00364","MILLER, JOHN LEE","Republican Party","REP","Senate","S","Kansas","KS","00","OVERLAND PARK","KS","66224","2020","30-JUN-20","2020","202006309244226699"
"P00016394","CUTSHAW, BRAD A","Unaffiliated","UN","President","P","Michigan","MI","00","LIVONIA","MI","48150","2020","30-JUN-20","2020","202006309244225064"
"H0NY02317","BERGER, HARRY MR.","Green Party","GRE","House","H","New York","NY","02","DEER PARK","NY","11729","2020","30-JUN-20","2020","202006309244224989"
"H0MA09076","BRADY, HELEN","Republican Party","REP","House","H","Massachusetts","MA","09","CONCORD","MA","01742","2020","30-JUN-20","2020","202006309244226708"
"H0LA05138","LEMELLE, MARTIN MR. JR.","Democratic Party","DEM","House","H","Louisiana","LA","05","RUSTON","LA","71270","2020","29-JUN-20","2020","202006299244224458"
"P00016386","SCROGGINS, BRANDON","Write-In","W","President","P","United States","00","00","RIVERDALE","IL","60827","2020","28-JUN-20","2020","202006289244220073"
"P00016378","WEST, SEAN E.","Independent","IND","President","P","United States","00","00","MISSOULA","MT","59808","2020","27-JUN-20","2020","202006279244219240"
"P00016758","CARTER, CHARLES 'JOE'","None","NNE","President","P","United States","00","00","LEESBURG","VA","20176","2020","26-JUN-20","2020","202007160300329073"
"H0IN07272","MERRILL, DOUGLAS L (DOUG)","Republican Party","REP","House","H","Indiana","IN","07","NOBLESVILLE","IN","46062","2020","26-JUN-20","2020","202008200300338646"
"P00016618","BLAKLEY, RONNIE DARRELL","None","NNE","President","P","United States","00","00","BRADSHAW","WV","24817","2020","26-JUN-20","2020","202007090300326866"
"H0TX20173","ALLEN, GARY","Republican Party","REP","House","H","Texas","TX","20","SAN ANTONIO","TX","78249","2020","26-JUN-20","2020","202007090300325429"
"P60005246","BORRELL, ERIC JAMES","Independent","IND","President","P","United States","00","00","WASHINGTON TWP","MI","48094","2020","26-JUN-20","2020","202008130300335559"
"P00017038","PRINCESS, OAWLAWOLWAOL","Democratic Party","DEM","President","P","United States","00","00","LEXINGTON","NY","40508","2020","26-JUN-20","2020","202008130300335836"
"H0NJ03229","WEBER, MARTIN B","Independent","IND","House","H","New Jersey","NJ","03","BARNEGAT ","NJ","08005","2020","26-JUN-20","2020","202008130300335873"
"P20002861","HUNT, EUGENE ROSELL JR","Republican Party","REP","President","P","United States","00","00","GAYLORD","MI","49735","2020","26-JUN-20","2020","202008130300335823"
"P00017145","MONTGOMERY, RICHARD THOMAS","Independent","IND","President","P","United States","00","00","REDDING","CA","96099","2020","26-JUN-20","2020","202008240300339175"
"H0PA10144","WOODARD, RASHAWN A MR SR","Independent","IND","House","H","Pennsylvania","PA","10","SPRING GROVE","PA","17362","2020","26-JUN-20","2020","202006269244217360"
"S0FL00619","SKRBIC, LJUBO","Republican Party","REP","Senate","S","Florida","FL","00","PALM BEACH","FL","33480","2020","26-JUN-20","2020","202006269244217789"
"H0WA05141","MAJOR, STEPHEN THOMAS MR.","Republican Party","REP","House","H","Washington","WA","05","SPOKANE VALLEY","WA","99206","2020","26-JUN-20","2020","202006269244217883"
"S0TN00383","SCHUSTER, DAVID EUGENE","Republican Party","REP","Senate","S","Tennessee","TN","00","MARYVILLE","TN","37801","2020","26-JUN-20","2020","202008130300335800"
"H8IL09190","SANGARI, SARGIS","Republican Party","REP","House","H","Illinois","IL","09","SKOKIE","IL","60077","2020","26-JUN-20","2020","202008130300335399"
"P60015591","ROBERT DERLE MCGEE","Republican Party","REP","President","P","United States","00","00","ANGIER","NC","27501","2020","26-JUN-20","2020","202008130300335789"
"H0FL02235","KAREN, STRIPLING","No Party Affiliation","NPA","House","H","Florida","FL","02","MARIANNA","FL","32446","2020","26-JUN-20","2020","202008200300338820"
"P00016766","VANE, CULLEN","Unknown","","President","P","United States","00","04","ROSEVILLE","CA","95678","2020","26-JUN-20","2020","202007160300329042"
"S0TN00334","SCHUSTER, DAVID EUGENE","Republican Party","REP","Senate","S","Tennessee","TN","00","MARYVILLE","TN","37801","2020","25-JUN-20","2020","202007090300323728"
"S0WY00228","ROSELLI, STAR","Republican Party","REP","Senate","S","Wyoming","WY","00","SCOTTSDALE","AZ","85255","2020","25-JUN-20","2020","202007010300323325"
"H0IN01309","SYLWESTROWICZ, ANDREW","Democratic Party","DEM","House","H","Indiana","IN","01","MERRILLVILLE","IN","46410","2020","25-JUN-20","2020","202007010300323359"
"P00016634","TEAGUE, WILLIAM J","Unknown","","President","P","United States","00","00","MIL","WI","53208","2020","25-JUN-20","2020","202007090300325713"
"H8CO05171","MURPHY, MARCUS","Unaffiliated","UN","House","H","Colorado","CO","05","FOUNTAIN","CO","80817","2020","25-JUN-20","2020","202007090300324287"
"H0FL03274","SILVA, EDGARDO","Republican Party","REP","House","H","Florida","FL","03","ORANGE PARK","FL","32065","2020","25-JUN-20","2020","202006290300320622"
"P00016337","WHITE, JUSTIN L MR","Libertarian Party","LIB","President","P","United States","00","00","MESA","AZ","85201","2020","25-JUN-20","2020","202006259244189160"
"P00016345","DOYLE, STEPHEN","Independent","IND","President","P","United States","00","00","SKOKIE","IL","60076","2020","25-JUN-20","2020","202006259244207153"
"H0WY01036","GREY BULL, LYNNETTE","Democratic Party","DEM","House","H","Wyoming","WY","00","LANDER","WY","82520","2020","25-JUN-20","2020","202006259244211219"
"P00016360","GOMEZ, PAMELA MARIE MS.","Democratic Party","DEM","President","P","United States","00","00","WASHINGTON","DC","20003","2020","25-JUN-20","2020","202006259244216171"
"H8KY03187","CRAVEN , MIKE","Republican Party","REP","House","H","Kentucky","KY","03","LOUISVILLE","KY","40204","2020","25-JUN-20","2020","202007090300326581"
"H0TX19092","REYES-RODRIGUEZ, JOSE ANTONIO MR","Democratic Party","DEM","House","H","Texas","TX","19","BIG SPRING","TX","79720","2020","24-JUN-20","2020","202006249244185752"
"P00016311","FARMS, WILLIAM BRENDAN MR","Independent","IND","President","P","United States","00","00","JEWETT","OH","43986","2020","24-JUN-20","2020","202006249244186184"
"H0IN07298","WARNER, ANDREW GREGG","Libertarian Party","LIB","House","H","Indiana","IN","07","INDIANAPOLIS","IN","46219","2020","24-JUN-20","2020","202006249244188614"
"P00016329","LOEB, ABRAM S","Write-In","W","President","P","United States","00","00","AFTON","NY","13730","2020","24-JUN-20","2020","202006249244188611"
"H0CA38165","MENDOZA, BRANDON","Democratic Party","DEM","House","H","California","CA","38","MONTEBELLO","CA","90640","2020","24-JUN-20","2020","202006249244188612"
"H0TX04201","HARRIS, PHILIP AARON","Republican Party","REP","House","H","Texas","TX","04","ROCKWALL","TX","75087","2020","24-JUN-20","2020","202006249244186201"
"S0KY00479","LOWNDES, KENNETH LOUISE MR.","Republican Party","REP","Senate","S","Kentucky","KY","00","TAYLOR MILL","KY","41015","2020","23-JUN-20","2020","202006239244173917"
"H0VA06051","LUCIANI, AARON JAMES","Independent","IND","House","H","Virginia","VA","06","ROANOKE","VA","24012","2020","23-JUN-20","2020","202006239244179047"
"H0AZ05193","VESS, JOSEPH ALLEN","Republican Party","REP","House","H","Arizona","AZ","05","GILBERT","AZ","85298","2020","23-JUN-20","2020","202006239244174272"
"H2IN07096","MINIEAR, J D","Republican Party","REP","House","H","Indiana","IN","07","INDIANAPOLIS","IN","46224","2020","22-JUN-20","2020","202006230300318230"
"S0NY00667","SALEM, KHALED MR","Democratic Party","DEM","Senate","S","New York","NY","00","BROOKLYN","NY","11209","2020","21-JUN-20","2020","202006219244073196"
"H0NY04164","DENNEHY, EDWARD LEO III","Independent","IND","House","H","New York","NY","04","MERRICK","NY","11566","2020","21-JUN-20","2020","202006219244073048"
"P00016303","MEEKS, TIMOTHY R. MR.","Independent","IND","President","P","United States","00","00","SALEM","OR","97302","2020","19-JUN-20","2020","202006199240021173"
"S0TX00464","ELKOMOUS, KENNEY","Write-In","W","Senate","S","Texas","TX","00","FORT WORTH","TX","76112","2020","19-JUN-20","2020","202006199239982247"
"P00016352","NICHOLS, KEENAN INVICTUS","Independent","IND","President","P","United States","00","07","HOUSTON","TX","77084","2020","18-JUN-20","2020","202006250300319848"
"H0TX01132","CARBAJAL, CHASE RICHARD","Independent","IND","House","H","Texas","TX","01","PLANO","TX","75025","2020","18-JUN-20","2020","202006189239953036"
"H0CT01134","GRIFFIN, JIM","Republican Party","REP","House","H","Connecticut","CT","01","BRISTOL","CT","06010","2020","18-JUN-20","2020","202006189239938917"
"H0MO05216","BARHAM, JERRY","Republican Party","REP","House","H","Missouri","MO","05","KANSAS CITY","MO","64111","2020","17-JUN-20","2020","202006179239812887"
"H0CO02233","BOLLING, SHANE","Republican Party","REP","House","H","Colorado","CO","02","DENVER","CO","80220","2020","16-JUN-20","2020","202006169239799031"
"H0TN01175","QUILLEN, CARTER MATHESON MR.","Republican Party","REP","House","H","Tennessee","TN","01","ELIZABETHTON","TN","37643","2020","16-JUN-20","2020","202006169239794729"
"P00016295","ZAYAS, MICHAEL","Democratic Party","DEM","President","P","United States","00","00","NEW YORK","NY","10029","2020","15-JUN-20","2020","202006159239790662"
"H0LA04099","HOUSTON, KENNY","Democratic Party","DEM","House","H","Louisiana","LA","04","SHREVEPORT","LA","71118","2020","14-JUN-20","2020","202006149239780066"
"H0CT03163","PAGLINO, JUSTIN COBB DR MD, PHD","Green Party","GRE","House","H","Connecticut","CT","03","GUILFORD","CT","06437","2020","12-JUN-20","2020","202006129239769081"
"H0GU01027","CASTRO, WILLIAM MENDIOLA","Republican Party","REP","House","H","Guam","GU","00","GMF, BARRIGADA","GU","96921","2020","12-JUN-20","2020","202006129239778871"
"H0NY22091","DESIRA, JAMES","Independent","IND","House","H","New York","NY","22","ALBANY","NY","12206","2020","11-JUN-20","2020","202006119239679271"
"P00016279","AHL, JOSEPH BRIAN MR","Unaffiliated","UN","President","P","United States","00","00","WAVERLY","TN","37185","2020","11-JUN-20","2020","202006119239762935"
"S0WY00210","CADE, DEVON","Republican Party","REP","Senate","S","Wyoming","WY","00","PHILADELPHIA","PA","19143","2020","11-JUN-20","2020","202006119239682547"
"P00016261","BONHAM, JEREMY SCOTT","Independence Party","IDP","President","P","United States","00","00","WEST HOLLYWOOD","CA","90046","2020","10-JUN-20","2020","202006109239659407"
"H0RI02295","CONLEY, DYLAN","Democratic Party","DEM","House","H","Rhode Island","RI","02","PROVIDENCE","RI","02909","2020","10-JUN-20","2020","202006109239659472"
"H0ME01127","AMEDE, AARON","No Party Affiliation","NPA","House","H","Maine","ME","01","SOUTH PORTLAND","ME","04106","2020","10-JUN-20","2020","202006109239667185"
"H0AZ05185","RAMOS, JAVIER GARCIA MR.","Democratic Party","DEM","House","H","Arizona","AZ","05","QUEEN CREEK","AZ","85142","2020","10-JUN-20","2020","202006109239666306"
"S0NH00342","SHARPE, THOMAS MR. V","PBM","PBM","Senate","S","New Hampshire","NH","00","SALEM","NH","03079","2020","10-JUN-20","2020","202006109239666546"
"H0WA02213","UY, TIM DR.","Republican Party","REP","House","H","Washington","WA","02","BELLINGHAM","WA","98225","2020","10-JUN-20","2020","202006109239662195"
"P00016212","GARCIA, ROBERT A","None","NNE","President","P","United States","00","00","HOOPER","UT","84315","2020","09-JUN-20","2020","202006099239655280"
"P00016220","CLAVETTE, BETH ANNE","Independent","IND","President","P","United States","00","00","WICHITA","KS","672182532","2020","09-JUN-20","2020","202006099239655307"
"P00016238","JENKINS, ALISON","None","NNE","President","P","United States","00","00","ATLANTA","GA","30332","2020","09-JUN-20","2020","202006099239656177"
"P00016253","SCURLOCK, FRANK MIALS","Independent","IND","President","P","United States","00","00","NEW ORLEANS","LA","70124","2020","09-JUN-20","2020","202006099239658435"
"S0OK00446","CASSITY, RALPH O'NEIL  JOE JR.","Democratic Party","DEM","Senate","S","Oklahoma","OK","00","PONCA CITY","OK","74604","2020","09-JUN-20","2020","202006099239656945"
"P00016246","LOGAN, FRANK MITCHELL","Independent","IND","President","P","United States","00","00","NEW BRAUNFELS","TX","78130","2020","09-JUN-20","2020","202006099239657200"
"H0NV01268","BAKARI, KAMAU","Independent American Party","IAP","House","H","Nevada","NV","01","LAS VEGAS","NV","89142","2020","09-JUN-20","2020","202006099239657419"
"H0KS02212","TAYLOR, DENNIS R MR.","Republican Party","REP","House","H","Kansas","KS","02","TOPEKA","KS","66610","2020","09-JUN-20","2020","202006099239656862"
"S0WI00239","HULTMAN, ZACHARY","Democratic Party","DEM","Senate","S","Wisconsin","WI","00","GREEN BAY","WI","54304","2020","08-JUN-20","2020","202006089239639479"
"H0SC02095","BISHOP, MICHAEL","Republican Party","REP","House","H","South Carolina","SC","02","WEST COLUMBIA","SC","29170","2020","08-JUN-20","2020","202006089239640172"
"S0TX00456","SELIG, DAVID","Democratic Party","DEM","Senate","S","Texas","TX","00","HOUSTON","TX","77096","2020","08-JUN-20","2020","202006089239639098"
"P00016204","LEWIS, BILLY R MR III","American Independent Party","AIP","President","P","Pennsylvania","PA","00","PHILADELPHIA","PA","19135","2020","06-JUN-20","2020","202006069239633961"
"H0HI02254","NAGAMINE, ROBERT K","Republican Party","REP","House","H","Hawaii","HI","02","KAILUA","HI","96734","2020","05-JUN-20","2020","202006059239624934"
"H0KS02204","WINDHOLZ, JAMES K","Democratic Party","DEM","House","H","Kansas","KS","02","LAWRENCE","KS","66044","2020","05-JUN-20","2020","202006059239633783"
"H0TX04193","RANSOM, TRAVIS","Republican Party","REP","House","H","Texas","TX","04","ATLANTA","VA","75551","2020","04-JUN-20","2020","202006049239624126"
"H0WA10125","LEMAY, ERIC N MR.","Democratic Party","DEM","House","H","Washington","WA","10","GRAHAM","WA","98338","2020","04-JUN-20","2020","202006049239623902"
"H0TX14242","SANCHEZ, MICHAEL DAVID","Independent","IND","House","H","Texas","TX","14","TEXAS CITY","TX","77590","2020","04-JUN-20","2020","202006049239621121"
"P00016196","SANDAGE, NEIL","Republican Party","REP","President","P","United States","00","00","JACKSONVILLE","FL","32207","2020","03-JUN-20","2020","202006039239610719"
"P00016410","WAGNER , JOHN ","Constitution Party","CON","President","P","United States","00","00","ALBUQUERQUE","NM","87123","2020","02-JUN-20","2020","202007010300323337"
"P00016188","BABAIAN, RAYMOND","Independent","IND","President","P","United States","00","00","CLAREMONT","CA","91711","2020","02-JUN-20","2020","202006029239593173"
"H0MI13513","EASON, DONALD","Independent","IND","House","H","Michigan","MI","13","RIVER ROUGE","MI","48218","2020","02-JUN-20","2020","202006029239592670"
"H0HI02247","MCCORRISTON, BYRON MR","Non-Party","NON","House","H","Hawaii","HI","02","HONOLULU","HI","96814","2020","01-JUN-20","2020","202006019239591212"
"P00016170","HAUSER, ASHTON JAMES","United Citizen","UC","President","P","United States","00","00","CANYON LAKE","CA","92587","2020","01-JUN-20","2020","202006019239591948"
"H0LA02234","JAMES, COLBY C","Independent","IND","House","H","Louisiana","LA","02","NEW ORLEANS","LA","70126","2020","31-MAY-20","2020","202005319239588684"
"P00016162","GILBERTSON, JOHN JAMES MR","American Independent Conservative","AIC","President","P","United States","00","00","BARNEGAT","NJ","08005","2020","31-MAY-20","2020","202005319239588627"
"H0NV02241","GUSS, MICHAEL MR.","Democratic Party","DEM","House","H","Nevada","NV","02","FALLON","NV","89406","2020","30-MAY-20","2020","202005309239585801"
"S0LA00352","MURPHY, DUSTIN","Republican Party","REP","Senate","S","Louisiana","LA","00","EROS","LA","71238","2020","29-MAY-20","2020","202005299239584572"
"H0GA13156","WAITES, KEISHA SEAN","Democratic Party","DEM","House","H","Georgia","GA","13","ATLANTA","GA","30321","2020","28-MAY-20","2020","202005289239564439"
"S0AZ00426","WHITE, ALAN ASHLEY ALEXANDER MR","Independent","IND","Senate","S","Arizona","AZ","00","PHOENIX","AZ","85024","2020","28-MAY-20","2020","202005289239504365"
"S0WY00194","WENDT, NATHAN","Democratic Party","DEM","Senate","S","Wyoming","WY","00","JACKSON","WY","83001","2020","28-MAY-20","2020","202005289239503788"
"H0MN05285","LESTER, LESLIE L.","Democratic-Farmer-Labor","DFL","House","H","Minnesota","MN","05","WOODBURY","MN","55129","2020","28-MAY-20","2020","202005289239503470"
"S0LA00345","WENSTRUP, PETER","Democratic Party","DEM","Senate","S","Louisiana","LA","00","NEW ORLEANS","LA","70113","2020","28-MAY-20","2020","202005289239541547"
"H0HI02239","HAMMAN, DAVID ROY","Republican Party","REP","House","H","Hawaii","HI","02","PRINCEVILLE","HI","96722","2020","28-MAY-20","2020","202005289239512985"
"H0WA04128","SLOOT, SARENA","Republican Party","REP","House","H","Washington","WA","04","KENNEWICK","WA","99338","2020","28-MAY-20","2020","202005289239512663"
"S0WY00202","DEBRINE, JAMES KIRK","Democratic Party","DEM","Senate","S","Wyoming","WY","00","EVANSVILLE","WY","826361242","2020","28-MAY-20","2020","202005289239510569"
"H0WA01140","HEINES, MATTHEW DAVID","Independent","IND","House","H","Washington","WA","01","REDMOND","WA","98052","2020","28-MAY-20","2020","202005289239510094"
"S0MO00415","ETHERTON, ORVILLE W MR","No Party Affiliation","NPA","Senate","S","Missouri","MO","00","POLO","MO","64671","2020","27-MAY-20","2020","202005279239499478"
"H0LA03182","LELEUX, BRANDON","Libertarian Party","LIB","House","H","Louisiana","LA","03","LAKE CHARLES","LA","70605","2020","27-MAY-20","2020","202005279239501730"
"P00016154","HARBOUR, MICHAEL","No Party Affiliation","NPA","President","P","United States","00","00","LAKE OSWEGO","OR","97035","2020","26-MAY-20","2020","202005269239494996"
"H0ID01311","SOTO, RUDY","Democratic Party","DEM","House","H","Idaho","ID","01","NAMPA","ID","83653","2020","26-MAY-20","2020","202005269239497861"
"H0WA05133","WILSON, DAVE","Democratic Party","DEM","House","H","Washington","WA","05","SPOKANE","WA","99208","2020","26-MAY-20","2020","202005269239497892"
"H0IL04081","SOLORIO, JESUS EDUARDO JR","Republican Party","REP","House","H","Illinois","IL","04","CHICAGO","IL","60629","2020","26-MAY-20","2020","202005269239497999"
"H0MN02167","WEEKS, ADAM CHARLES","Other","OTH","House","H","Minnesota","MN","02","GOODHUE","MN","55027","2020","25-MAY-20","2020","202005259239494045"
"P00016147","MU?OZ, HEATHER DR.","Unaffiliated","UN","President","P","United States","00","00","SAN DIEGO","CA","92101","2020","24-MAY-20","2020","202005249239493776"
"H0CT04237","CERRETA, DAMON LAWRENCE MR.","Write-In","W","House","H","Connecticut","CT","04","DANBURY","CT","06813","2020","24-MAY-20","2020","202005249239493769"
"H0MA05132","COLARUSSO, CAROLINE","Republican Party","REP","House","H","Massachusetts","MA","05","STONEHAM","MA","02180","2020","24-MAY-20","2020","202005249239493812"
"H0VA01243","PONTERIO, SHAWN THOMAS","Independent","IND","House","H","Virginia","VA","01","STAFFORD","VA","22554","2020","24-MAY-20","2020","202005249239493654"
"P00016139","FREEMAN, JAKE SPENCER","Write-In","W","President","P","United States","00","00","SUMMIT","NJ","07901","2020","24-MAY-20","2020","202005249239493728"
"S0TX00449","WARREN, LUKE MR.","Write-In","W","Senate","S","Texas","TX","00","DENTON","TX","76209","2020","24-MAY-20","2020","202005249239493961"
"H0WA10117","BACON, MARY","Democratic Party","DEM","House","H","Washington","WA","10","TACOMA","WA","98445","2020","24-MAY-20","2020","202005249239493830"
"S0CO00690","WOLF, MARTHA","Independent","IND","Senate","S","Colorado","CO","00","DENVER","CO","80236","2020","23-MAY-20","2020","202005239239493567"
"S0WY00186","HOLTHUS, ROLLAND SCOTT MR","Republican Party","REP","Senate","S","Wyoming","WY","00","LARAMIE","WY","82072","2020","22-MAY-20","2020","202005229239492356"
"H0TN07271","BROWN, RONALD MR","Independent American Party","IAP","House","H","Tennessee","TN","07","CLARKSVILLE","TN","37043","2020","22-MAY-20","2020","202005229239493024"
"H0NV01227","ELLIOTT, JOSH DENNIS MR. JR.","Republican Party","REP","House","H","Nevada","NV","01","LAS VEGAS","NV","89110","2020","21-MAY-20","2020","202005219239473145"
"H8IN04140","MACKEY, JOSEPH","Democratic Party","DEM","House","H","Indiana","IN","04","LAFAYETTE","IN","47905","2020","21-MAY-20","2020","202005219239467146"
"H0WA01132","SMOAK, JUSTIN ODELL","No Party Affiliation","NPA","House","H","Washington","WA","01","BELLINGHAM","WA","98225","2020","21-MAY-20","2020","202005219239471350"
"P00016121","MUKAMAL, THEODORE","Independent","IND","President","P","United States","00","00","NEW YORK","NY","10022","2020","20-MAY-20","2020","202005209232825058"
"H0WA04110","JONES, EVAN OWEN MR.","Independent","IND","House","H","Washington","WA","04","RICHLAND","WA","99354","2020","20-MAY-20","2020","202005209239221816"
"H0WA09069","CAMPBELL, JOSHUA","Republican Party","REP","House","H","Washington","WA","09","FEDERAL WAY","WA","98093","2020","19-MAY-20","2020","202005199232805469"
"H0CT01126","FAY, MARY","Republican Party","REP","House","H","Connecticut","CT","01","WEST HARTFORD","CT","06489","2020","15-MAY-20","2020","202005159232713623"
"H4WA07073","KELLER, CRAIG","Republican Party","REP","House","H","Washington","WA","07","SEATTLE","WA","981160716","2020","15-MAY-20","2020","202007160300329027"
"H0WA01124","CHARTRAND, DEREK","Republican Party","REP","House","H","Washington","WA","01","REDMOND","WA","98052","2020","15-MAY-20","2020","202005159232749005"
"S0TX00431","COLEMAN, MARILYN MS.","Republican Party","REP","Senate","S","Texas","TX","00","HOUSTON","TX","77020","2020","15-MAY-20","2020","202005159232750358"
"H0TX04185","JOHANNESEN, TRACE","Republican Party","REP","House","H","Texas","TX","04","ROCKWALL","TX","75087","2020","14-MAY-20","2020","202005149232697531"
"H0IN03255","KALONJI, JEAN-PAUL BANGILA","Democratic Party","DEM","House","H","Indiana","IN","03","FORT WAYNE","IN","46845","2020","13-MAY-20","2020","202005139232676658"
"H0WA07139","ISHII, DAVID TADASHI","Democratic Party","DEM","House","H","Washington","WA","07","SEATTLE","WA","98125","2020","13-MAY-20","2020","202005139232678569"
"S0CT00292","BEGIN, SHAWN","Republican Party","REP","Senate","S","Connecticut","CT","00","PLAINVILLE","CT","06062","2020","12-MAY-20","2020","202005129232672537"
"H0VA06044","BETTS, NICHOLAS","Democratic Party","DEM","House","H","Virginia","VA","06","LEXINGTON","VA","24450","2020","12-MAY-20","2020","202005129232672929"
"H0HI02221","KANESHIRO, ELISE HATSUKO","Republican Party","REP","House","H","Hawaii","HI","02","HONOLULU","HI","96825","2020","12-MAY-20","2020","202005129232672890"
"S0OK00438","MAVIS, NEIL J MR.","Republican Party","REP","Senate","S","Oklahoma","OK","00","TULSA","OK","74104","2020","12-MAY-20","2020","202005129232672568"
"S0AK00212","CUMINGS, CHRISTOPHER CHARLES","Non-Party","NON","Senate","S","Alaska","AK","00","KETCHIKAN","AK","99901","2020","12-MAY-20","2020","202005129232673066"
"H8KS04088","LOMBARD, LAURA","Democratic Party","DEM","House","H","Kansas","KS","04","WICHITA","KS","67203","2020","11-MAY-20","2020","202005119232635119"
"H0MI13505","BOMER, ARTICIA","Republican Party","REP","House","H","Michigan","MI","13","DETROIT","MI","48228","2020","11-MAY-20","2020","202005119232634959"
"S0GA00666","MCCRACKEN, TRICIA CARPENTER","Democratic Party","DEM","Senate","S","Georgia","GA","00","AUGUSTA","GA","30909","2020","10-MAY-20","2020","202005109232633805"
"H0DE01074","KERNER, ANNE","Democratic Party","DEM","House","H","Delaware","DE","00","WILMINGTON","DE","19807","2020","09-MAY-20","2020","202005099232633531"
"H0NV03199","WATSON, TIFFANY ANN MISS","Democratic Party","DEM","House","H","Nevada","NV","03","LAS VEGAS","NV","89113","2020","08-MAY-20","2020","202005089232630420"
"H0NY02291","MACRUARI, PHILIP","Unaffiliated","UN","House","H","New York","NY","02","WEST BABYLON","NY","11704","2020","08-MAY-20","2020","202005089232624490"
"P00016071","BRODERSEN, LUKE ALLEN","Democratic Party","DEM","President","P","Florida","FL","00","ST. AUGUSTINE","FL","32084","2020","08-MAY-20","2020","202005089232624206"
"H0FL01153","ORAM, ALBERT","No Party Affiliation","NPA","House","H","Florida","FL","01","PENSACOLA","FL","32507","2020","08-MAY-20","2020","202005089232633122"
"H0TX04177","ROSS, JASON","Republican Party","REP","House","H","Texas","TX","04","ROCKWALL","TX","75032","2020","08-MAY-20","2020","202005089232624501"
"H0IN09195","POWELL, MARK J. REV","Democratic Party","DEM","House","H","Indiana","IN","09","WHITELAND","IN","46184","2020","08-MAY-20","2020","202005089232633158"
"H0ID01303","JONES, NICHOLAS","Republican Party","REP","House","H","Idaho","ID","01","BOISE","ID","83702","2020","08-MAY-20","2020","202005089232618880"
"P00016055","JO, PATRICK H","Democratic Party","DEM","President","P","United States","00","00","RIDGEFIELD","NJ","07657","2020","08-MAY-20","2020","202005089232498559"
"P00016097","DAVENPORT, DANIEL","Libertarian Party","LIB","President","P","United States","00","00","OAKLAND","CA","94612","2020","08-MAY-20","2020","202005089232633123"
"P00016048","MOORE, R. DENNIS","Democratic Party","DEM","President","P","United States","00","00","NEW YORK","NY","10037","2020","07-MAY-20","2020","202005079232370835"
"S6SC04155","BLEDSOE, WILLIAM DAVID DVM","Constitution Party","CON","Senate","S","South Carolina","SC","00","CHESNEE","SC","29323","2020","07-MAY-20","2020","202007010300323313"
"P00016030","MCCUTCHEON, SHAUN","Libertarian Party","LIB","President","P","United States","00","00","MCCALLA","AL","35111","2020","06-MAY-20","2020","202005069232369551"
"S0WY00178","RICE, DONNA","Republican Party","REP","Senate","S","Wyoming","WY","00","CASPER","WY","82609","2020","06-MAY-20","2020","202005069232368823"
"P00016022","FULLER, L.C. MR. JR.","Democratic Party","DEM","President","P","United States","00","00","PINOLE","CA","94564","2020","06-MAY-20","2020","202005069232367973"
"H8FL24067","DE LA FUENTE, RICARDO","Democratic Party","DEM","House","H","Florida","FL","24","SAN DIEGO","CA","92121","2020","06-MAY-20","2020","202005069232368406"
"P00016014","STEPHENSON, NEIL KIERNAN","Green Party","GRE","President","P","United States","00","00","DUNDEE","MI","48131","2020","06-MAY-20","2020","202005069232367458"
"H0MA04267","LINOS, NATALIA","Democratic Party","DEM","House","H","Massachusetts","MA","04","BROOKLINE","MA","02445","2020","06-MAY-20","2020","202005069232369616"
"H0WA10109","MAYNARD, JACKSON","Republican Party","REP","House","H","Washington","WA","10","OLYMPIA","WA","98501","2020","05-MAY-20","2020","202005059232366998"
"H0MO03237","WILKINSON, BRANDON","Republican Party","REP","House","H","Missouri","MO","03","CEDAR HILL","MO","63016","2020","04-MAY-20","2020","202005049232360895"
"H8CA51062","HIDALGO, JUAN M SGTMAJ JR","Republican Party","REP","House","H","California","CA","51","SAN DIEGO","CA","92127","2020","04-MAY-20","2020","202005049232360841"
"H0MN05277","TURNER, LAVERNE C MR","Republican Party","REP","House","H","Minnesota","MN","05","MINNEAPOLIS","MN","55412","2020","03-MAY-20","2020","201912189166365579"
"P00016006","ISHMAN, BRADLEY WILLIAM","Independent","IND","President","P","United States","00","00","FAYETTEVILLE","NC","28304","2020","03-MAY-20","2020","202005039232360069"
"P00015982","BROWNING, JUSTIN MICHAEL","Write-In","W","President","P","United States","00","00","GALLOWAY","OH","43119","2020","30-APR-20","2020","202004309232341864"
"P00016063","AMASH, JUSTIN","Libertarian Party","LIB","President","P","United States","00","00","GRAND RAPIDS","MI","49501","2020","30-APR-20","2020","202007010300323375"
"P00015974","BUKER, MATTHEW","Veterans Party","VET","President","P","United States","00","00","CLAYTON","OH","45315","2020","28-APR-20","2020","202004289232330137"
"H0FL08265","CAINE, SCOTT","Republican Party","REP","House","H","Florida","FL","08","VERO BEACH","FL","32960","2020","27-APR-20","2020","202004279232295088"
"S0IL00618","MALOUF, DANNY","Libertarian Party","LIB","Senate","S","Illinois","IL","00","WOODSTOCK","IL","60098","2020","27-APR-20","2020","202004279232295452"
"H0KS03269","HOHE, STEVEN ADAM","Libertarian Party","LIB","House","H","Kansas","KS","03","SHAWNEE","KS","66216","2020","27-APR-20","2020","202004279232298911"
"H8KY06180","KEMPH, DANIEL","Democratic Party","DEM","House","H","Kentucky","KY","06","LEXINGTON","KY","40523","2020","27-APR-20","2020","202004279232329575"
"P00015958","MUTZBERG, JOHN 3RD","Independent","IND","President","P","Maryland","MD","00","BETHESDA","MD","20814","2020","25-APR-20","2020","202004259232294482"
"H0TX10232","COKER, LLOYD F","Conservative Party","CRV","House","H","Texas","TX","10","CYPRESS","TX","77429","2020","25-APR-20","2020","202004259232294470"
"H0MA04259","HALL, JULIE","Republican Party","REP","House","H","Massachusetts","MA","04","ATTLEBORO","MA","02703","2020","24-APR-20","2020","202004249232292862"
"H0FL02219","THRIPP, KRISTY","Democratic Party","DEM","House","H","Florida","FL","02","ORANGE CITY","FL","32763","2020","24-APR-20","2020","202004249232292841"
"S0MT00181","GIESE, SUSAN GOOD","Libertarian Party","LIB","Senate","S","Montana","MT","00","POLSON","MT","59860","2020","23-APR-20","2020","202004239232290359"
"P00013326","MCHUGH, JOE","Independent","IND","President","P","United States","00","00","GRAND BLANC","MI","48439","2020","23-APR-20","2020","202004239232290382"
"S0TN00326","OSBORNE, JOHN E.","Republican Party","REP","Senate","S","Tennessee","TN","00","NASHVILLE","TN","37215","2020","23-APR-20","2020","202004239232292038"
"H0AR04095","GILBERT, FRANK","Libertarian Party","LIB","House","H","Arkansas","AR","04","WHITE HALL","AR","71602","2020","23-APR-20","2020","202004239232291992"
"H0FL06145","NOLAN, JOHN GERARD MR.","No Party Affiliation","NPA","House","H","Florida","FL","06","DELAND","FL","32720","2020","23-APR-20","2020","202004239232247995"
"H0OK02236","CASTALDO, RICHIE","Libertarian Party","LIB","House","H","Oklahoma","OK","02","AFTON","OK","74331","2020","23-APR-20","2020","202004239232291986"
"H0TX23292","SANDERS, STEVEN","Independent","IND","House","H","Texas","TX","23","SAN ANTONIO","TX","78278","2020","22-APR-20","2020","202004229232247094"
"S0TN00318","FAPARUSI, YOMI DR. SR","Independent","IND","Senate","S","Tennessee","TN","00","BRENTWOOD","TN","37027","2020","22-APR-20","2020","202004229232246936"
"H6FL14112","QUINN, CHRISTINE YVONNE","Republican Party","REP","House","H","Florida","FL","14","TAMPA","FL","33609","2020","22-APR-20","2020","202004229232245821"
"P00015941","FLORQUIST, CHRISTOPHER PAUL","Independent","IND","President","P","United States","00","00","LOS ANGELES","CA","90028","2020","21-APR-20","2020","202004219232244760"
"S0GA00658","GRAYSON, DERRICK E REV","Republican Party","REP","Senate","S","Georgia","GA","00","LITHONIA","GA","30058","2020","21-APR-20","2020","202004219224405436"
"S0KY00461","JAMES, NAREN","Republican Party","REP","Senate","S","Kentucky","KY","00","STANFORD","KY","40484","2020","21-APR-20","2020","202004219224407976"
"H8TN04107","HALE, CHRISTOPHER JOLLY","Democratic Party","DEM","House","H","Tennessee","TN","04","MURFREESBORO","TN","37129","2020","21-APR-20","2020","202004219224405672"
"H0FL19247","KOWAL, DANIEL","Republican Party","REP","House","H","Florida","FL","19","NAPLES","FL","34109","2020","21-APR-20","2020","202004219224405951"
"S0KS00356","BUCKLEY, JASON","Libertarian Party","LIB","Senate","S","Kansas","KS","00","OVERLAND PARK","KS","66212","2020","21-APR-20","2020","202004219224405647"
"H0VT01070","TUTHILL, JUSTIN","None","NNE","House","H","Vermont","VT","00","HARTFORD","VT","05047","2020","20-APR-20","2020","202004209219745478"
"H0FL21177","MALKEMUS, CHARLESTON","No Party Affiliation","NPA","House","H","Florida","FL","21","DELRAY BEACH","FL","33444","2020","20-APR-20","2020","202004209224104199"
"H0MI09198","TIMMON, CHRISTINE MISS","Republican Party","REP","House","H","Michigan","MI","09","EAST POINTE","MI","48021","2020","20-APR-20","2020","202004209219763117"
"S0CO00682","GARCIA, LISA MARIE MRS.","Independent","IND","Senate","S","Colorado","CO","00","LITTLETON","CO","80127","2020","20-APR-20","2020","202004209219745834"
"P00015933","GRAY, JIM","Libertarian Party","LIB","President","P","United States","00","00","NEWPORT BEACH","CA","92663","2020","17-APR-20","2020","202004179219700091"
"S0OK00420","CASSITY, R.O. JOE JR.","Democratic Party","DEM","Senate","S","Oklahoma","OK","00","PONCA CITY","OK","74604","2020","17-APR-20","2020","202004179219693122"
"H6WA04141","MCKINLEY, DOUGLAS E. JR.","Democratic Party","DEM","House","H","Washington","WA","04","RICHLAND","WA","99352","2020","16-APR-20","2020","202004169219668659"
"S0GA00641","TAYLOR, KANDISS SHARPE DR","Republican Party","REP","Senate","S","Georgia","GA","00","BAXLEY","GA","31513","2020","16-APR-20","2020","202004169219669593"
"P00015925","WALTON, GREG","Other","OTH","President","P","United States","00","00","VALENCIA","CA","91385","2020","16-APR-20","2020","202004169219674245"
"S0ME00160","BOND, TIFFANY","Unaffiliated","UN","Senate","S","Maine","ME","00","PORTLAND","ME","04104","2020","16-APR-20","2020","202004169219667169"
"S0NJ00266","BURKE, DANIEL C. MR.","Independent","IND","Senate","S","New Jersey","NJ","00","BOGOTA","NJ","07603","2020","16-APR-20","2020","202004169219661675"
"H0MA05124","PINCKNEY, STEVEN JOHN","Republican Party","REP","House","H","Massachusetts","MA","05","MARLBOROUGH","MA","01752","2020","16-APR-20","2020","202004169219665538"
"H0FL21169","LEVY, LAUREN ALLISON","Democratic Party","DEM","House","H","Florida","FL","21","BOYNTON BEACH","FL","33435","2020","15-APR-20","2020","202004159216712389"
"H0WA01116","SKELTON, STEVEN MR","Libertarian Party","LIB","House","H","Washington","WA","01","SNOHOMISH","WA","98290","2020","15-APR-20","2020","202004159216733048"
"S0TN00300","HILL, GARLAND DEAN II","Independent","IND","Senate","S","Tennessee","TN","00","FRANKLIN","TN","37064","2020","15-APR-20","2020","202004159216807621"
"H0TN05382","HAYNES, KEEDA","Democratic Party","DEM","House","H","Tennessee","TN","05","GOODLETTSVILLE","TN","37072","2020","15-APR-20","2020","202004159219619233"
"P00015917","BUCCOLA, BRANDON PAUL","Independent","IND","President","P","United States","00","00","WURTSBORO","NY","12790","2020","15-APR-20","2020","202004159216846836"
"S0GA00633","SLOWINSKI, BRIAN RICHARD","Libertarian Party","LIB","Senate","S","Georgia","GA","00","GREENSBORO","GA","30642","2020","15-APR-20","2020","202004159219226910"
"H0IN01267","COSTELLO, SCOTT L MR","Democratic Party","DEM","House","H","Indiana","IN","01","HIGHLAND","IN","46322","2020","15-APR-20","2020","202004159219322665"
"H0GA05277","STANTON KING, ANGELA","Republican Party","REP","House","H","Georgia","GA","05","ATLANTA","GA","30326","2020","15-APR-20","2020","202004159216825301"
"H0MA07054","CAMPBELL, RAYLA","Republican Party","REP","House","H","Massachusetts","MA","07","RANDOLPH","MA","02368","2020","14-APR-20","2020","202004149216703323"
"P00015909","ANFANG, MICHAEL","Unaffiliated","UN","President","P","United States","00","00","YACOLT","WA","98675","2020","14-APR-20","2020","202004149216695549"
"P00015891","I, KURIOS","Independent","IND","President","P","United States","00","00","HOUSTON","TX","77084","2020","14-APR-20","2020","202004149216670222"
"H0OK02228","SILK, JOSEPH WESLEY","Republican Party","REP","House","H","Oklahoma","OK","02","WATSON","OK","74963","2020","13-APR-20","2020","202004139216649793"
"H0WI05121","DETEMPLE, CLIFFORD JAMES","Republican Party","REP","House","H","Wisconsin","WI","05","JACKSON","WI","53223","2020","13-APR-20","2020","202004139216653768"
"H0CO03173","MILTON, CHRISTOPHER HAWKINS CRITTER","United Party","UNI","House","H","Colorado","CO","03","ALMA","CO","80420","2020","13-APR-20","2020","202004139216655321"
"P00015883","FRANKLIN, LUVITA RENEE","Independent","IND","President","P","United States","00","00","BUFFALO","NY","14208","2020","13-APR-20","2020","202004139216654558"
"H0MI04124","SALEH, SENAN MOHAMED","Democratic Party","DEM","House","H","Michigan","MI","04","LINCOLN PARK","MI","48146","2020","13-APR-20","2020","202004139216654087"
"H0TN03452","GORMAN, MEG","Democratic Party","DEM","House","H","Tennessee","TN","03","CHATTANOOGA","TN","37405","2020","12-APR-20","2020","202004129216641903"
"P00015875","THARALDSON, LON DWIGHT MR","None","NNE","President","P","United States","00","00","SHOREWOOD","MN","55331","2020","12-APR-20","2020","202004129216641968"
"H0MO03229","NOWAK, JEFFREY","Republican Party","REP","House","H","Missouri","MO","03","WINFIELD","MO","63389","2020","12-APR-20","2020","202004129216643307"
"S0SC00347","WILLIAMS, LLOYD BENTON MR. III","Independence Party","IDP","Senate","S","South Carolina","SC","00","GEORGETOWN","SC","29440","2020","12-APR-20","2020","202004129216643301"
"H0NJ06248","AL-KHATAHTBEH, AMANI","Democratic Party","DEM","House","H","New Jersey","NJ","06","NEW BRUNSWICK","NJ","08901","2020","12-APR-20","2020","202004129216642070"
"H0VT01062","RODRIGUEZ, JIMMY","Republican Party","REP","House","H","Vermont","VT","00","PEORIA","AZ","85385","2020","11-APR-20","2020","202004119216638869"
"H0NY04156","TUMAN, DOUGLAS","Republican Party","REP","House","H","New York","NY","04","WEST HEMPSTEAD","NY","11552","2020","10-APR-20","2020","202004109216634149"
"H0NV00062","ANN PERRY VAN GRAY, LISA","Democratic Party","DEM","House","H","Nevada","NV","","HENDERSON","NV","89011","2020","10-APR-20","2020","202008260300341926"
"H0KY03267","SERRANO, GERARDO","Republican Party","REP","House","H","Kentucky","KY","03","TYNER","KY","40486","2020","10-APR-20","2020","202004109216632927"
"P00015859","MERCAUTO, JOHN JOSEPH FRANCIS","Independent","IND","President","P","United States","00","00","HALIFAX","MA","02338","2020","09-APR-20","2020","202004099216618892"
"H0FL20153","DEGRAMMONT, VIC","Republican Party","REP","House","H","Florida","FL","20","LAUDERHILL","FL","33351","2020","09-APR-20","2020","202004099216621687"
"H8GA10197","JOHNSON-GREEN, TABITHA","Democratic Party","DEM","House","H","Georgia","GA","10","SANDERSVILLE","GA","31082","2020","09-APR-20","2020","202004099216623426"
"P00015867","FRANKLIN, LEE CHRISTOPHER","None","NNE","President","P","United States","00","00","HAMPTON","TN","37658","2020","09-APR-20","2020","202004099216623518"
"H0NV03181","SULLIVAN, DENNIS JOHN DR","Democratic Party","DEM","House","H","Nevada","NV","03","HENDERSON","NV","89052","2020","09-APR-20","2020","202004099216622939"
"H6OK03165","ROGERS, EVELYN L","Independent","IND","House","H","Oklahoma","OK","01","TULSA","OK","74170","2020","08-APR-20","2020","202008260300341914"
"P00015842","CHRYSTAL, SHAWN MICHAEL","Veterans Party","VET","President","P","United States","00","00","DAYTONA BEACH","FL","32124","2020","08-APR-20","2020","202004089216616430"
"P00015834","RAMOS, DOMINGO DE JESUS MR","Republican Party","REP","President","P","United States","00","00","HARRISON","NJ","07029","2020","08-APR-20","2020","202004089216613869"
"S0TN00292","MORGAN, KACEY","Independent","IND","Senate","S","Tennessee","TN","00","GALLATIN","TN","37066","2020","07-APR-20","2020","202004079216605970"
"S0OK00412","FARR, JOAN","Independent","IND","Senate","S","Oklahoma","OK","00","TULSA","OK","74147","2020","07-APR-20","2020","202004079216606376"
"H0VA04080","LEVINE, RONGERLIS CAZEL","Democratic Party","DEM","House","H","Virginia","VA","04","CHESTERFIELD","VA","23832","2020","07-APR-20","2020","202004079216610557"
"P00015818","JACKSON, RYAN MR.","Libertarian Party","LIB","President","P","Utah","UT","00","MIDVALE","UT","84047","2020","07-APR-20","2020","202004079216607434"
"P00015826","CASH, JOHN DARYL","Independent","IND","President","P","United States","00","00","MARKHAM","IL","60428","2020","07-APR-20","2020","202004079216607733"
"H0MI11145","GRECO, CARMELITA","Republican Party","REP","House","H","Michigan","MI","11","NORTHVILLE","MI","48167","2020","07-APR-20","2020","202004079216606989"
"P00015800","MEIRING, ERIC RICHARD REV.","Independent","IND","President","P","United States","00","00","PIQUA","OH","45356","2020","06-APR-20","2020","202004069216603653"
"H0FL27075","MARC, JONATHAN","Democratic Party","DEM","House","H","Florida","FL","27","MIAMI","FL","33133","2020","06-APR-20","2020","202004069216595453"
"P00015792","RILEY, JOHN PAUL","None","NNE","President","P","United States","00","00","RAYTOWN","MO","64138","2020","06-APR-20","2020","202004069216598366"
"H0TN01167","FLEENOR, CHADWICK JAMES","Republican Party","REP","House","H","Tennessee","TN","01","GRAY","TN","37615","2020","06-APR-20","2020","202004069216596162"
"H0NV03173","ROBINSON, MINDY","Republican Party","REP","House","H","Nevada","NV","03","LAS VEGAS","NV","89118","2020","06-APR-20","2020","202004069216597314"
"H0FL12192","RETTEW, COURTNEY","Democratic Party","DEM","House","H","Florida","FL","12","ST. PETERSBURG","FL","33731","2020","06-APR-20","2020","202004069216595920"
"P00015784","BROWN, KEITH","Libertarian Party","LIB","President","P","United States","00","00","NORFOLK","VA","23508","2020","05-APR-20","2020","202004059216594783"
"H0TN01159","HAWK, DAVID","Republican Party","REP","House","H","Tennessee","TN","01","GREENEVILLE","TN","37745","2020","05-APR-20","2020","202004059216594775"
"S0ME00152","GATES, CHRISTINE M","Democratic Party","DEM","Senate","S","Maine","ME","00","CASCO","ME","04015","2020","03-APR-20","2020","202004039216593260"
"S0TN00284","PICKRELL, MARK","Democratic Party","DEM","Senate","S","Tennessee","TN","00","NASHVILLE","TN","37205","2020","03-APR-20","2020","202004039216580468"
"H0OK05296","BALLARD, MICHAEL","Republican Party","REP","House","H","Oklahoma","OK","05","TECUMSEH","OK","74873","2020","03-APR-20","2020","202004039216593024"
"H0NV04130","D'AYR, STEFFANIE GABRIELLE MS.","Democratic Party","DEM","House","H","Nevada","NV","04","LAS VEGAS","NV","89113","2020","03-APR-20","2020","202004039216584205"
"H0FL03266","THEUS, DAVID","Republican Party","REP","House","H","Florida","FL","03","FLEMING ISLAND","FL","32003","2020","03-APR-20","2020","202004039216583543"
"H6TN08250","STOTTS-PEARSON, ERIKA","Democratic Party","DEM","House","H","Tennessee","TN","08","CORDOVA","TN","38088","2020","02-APR-20","2020","202004029216577278"
"H0TN01142","GAPP, JOSHUA","Republican Party","REP","House","H","Tennessee","TN","01","JOHNSON CITY","TN","37615","2020","02-APR-20","2020","202004029216579871"
"H0TN01134","HILL, TIMOTHY AARON","Republican Party","REP","House","H","Tennessee","TN","01","BLOUNTVILLE","TN","37617","2020","02-APR-20","2020","202004029216578622"
"H0DE01066","MORRIS, MATTHEW MICHAEL HATHAWAY","Republican Party","REP","House","H","Delaware","DE","00","WILMINGTON","DE","19810","2020","02-APR-20","2020","202004029216578621"
"H0IN01259","LAMB, RYAN","Democratic Party","DEM","House","H","Indiana","IN","01","MUNSTER","IN","46321","2020","01-APR-20","2020","202004019216571929"
"H0TX12261","HOLCOMB, TREY","Libertarian Party","LIB","House","H","Texas","TX","12","FT. WORTH","TX","76116","2020","01-APR-20","2020","202004019216573979"
"H8SC07063","WILLIAMS, ROBERT","Democratic Party","DEM","House","H","South Carolina","SC","07","DARLINGTON","SC","29532","2020","01-APR-20","2020","202004019216573561"
"H0MD07387","IVEY, AMBER","Unaffiliated","UN","House","H","Maryland","MD","07","BALTIMORE","MD","21218","2020","31-MAR-20","2020","202003319216565510"
"H0MN05269","WOODLAND, TOYA MICHELLE MS.","Green Party","GRE","House","H","Minnesota","MN","05","GOLDEN VALLEY","MN","55427","2020","31-MAR-20","2020","202003319216565305"
"P00015776","BARBETTA, CONSUELO MARIE","Human Rights Party","HRP","President","P","United States","00","00","N BELLMORE","NY","11710","2020","31-MAR-20","2020","202003319216565991"
"S0CO00674","DOANE, RAYMON ANTHONY","Libertarian Party","LIB","Senate","S","Colorado","CO","00","DENVER","CO","80249","2020","30-MAR-20","2020","202003309216565304"
"H0GA01029","GRIGGS, JOYCE MARIE","Democratic Party","DEM","House","H","Georgia","GA","01","SAVANNAH","GA","31408","2020","30-MAR-20","2020","202003309216030442"
"S0KS00349","HAMILTON, BOB","Republican Party","REP","Senate","S","Kansas","KS","00","MISSION","KS","66202","2020","30-MAR-20","2020","202003309216030047"
"H0AZ04543","SPRY, ROBERT","Democratic Party","DEM","House","H","Arizona","AZ","04","KINGMAN","AZ","86401","2020","30-MAR-20","2020","202003309216406922"
"H0PA12199","GRIFFIN, LEE","Democratic Party","DEM","House","H","Pennsylvania","PA","12","SUNBURY","PA","17801","2020","30-MAR-20","2020","202003309216030256"
"H0OR03174","HARBOUR, JOANNA","Republican Party","REP","House","H","Oregon","OR","03","ESTACADA","OR","97023","2020","30-MAR-20","2020","202003309216030326"
"S0TN00276","HENRY, JON","Republican Party","REP","Senate","S","Tennessee","TN","00","RIDDLETON","TN","37151","2020","30-MAR-20","2020","202003309216030202"
"H0OH01123","WINSTEARD, OLIVIA","Democratic Party","DEM","House","H","Ohio","OH","01","WARRENSVILLE HEIGHTS","OH","44128","2020","29-MAR-20","2020","202003299216029103"
"H0NJ08145","SHEEHAN, WILL","Democratic Party","DEM","House","H","New Jersey","NJ","08","41EAST43RD@GMAIL.COM","NJ","07002","2020","28-MAR-20","2020","202003289216028341"
"H0MO03211","TRARES, LYNETTE","Republican Party","REP","House","H","Missouri","MO","03","LAKE ST. LOUIS","MO","63367","2020","28-MAR-20","2020","202003289216028896"
"S0LA00337","WILLIAMS, DARTANYON A.","Democratic Party","DEM","Senate","S","Louisiana","LA","00","BATON ROUGE","LA","70817","2020","27-MAR-20","2020","202003279216027449"
"H0FL18207","KEITH, PAMELA M.","Democratic Party","DEM","House","H","Florida","FL","18","FORT PIERCE","FL","349461050","2020","27-MAR-20","2020","202003279216018111"
"H0KY05163","WELLS, JOHN L","Libertarian Party","LIB","House","H","Kentucky","KY","05","STINNETT","KY","40868","2020","27-MAR-20","2020","202003279216014241"
"S0TN00268","KIMBROUGH, ROBIN","Democratic Party","DEM","Senate","S","Tennessee","TN","00","NASHVILLE","TN","37221","2020","27-MAR-20","2020","202003279216014240"
"H0FL08257","WALLS-WINDHAUSER, ANGELA MARIE","Republican Party","REP","House","H","Florida","FL","08","WINTER GARDEN","FL","34778","2020","26-MAR-20","2020","202003269216013650"
"H0FL19239","WALLS-WINDHAUSER, ANGELA MARIE","Republican Party","REP","House","H","Florida","FL","19","WINTER GARDEN","FL","34778","2020","25-MAR-20","2020","202003259216011664"
"P00015768","KLEIN, JOHN JAMES","Republican Party","REP","President","P","North Dakota","ND","00","FORT YATES","ND","58538","2020","25-MAR-20","2020","202003259216011751"
"H0SC07037","WILLIAMS, WILLIAM HENRY","Democratic Party","DEM","House","H","South Carolina","SC","07","FLORENCE","SC","29506","2020","25-MAR-20","2020","202003259216011658"
"H0TX33051","WELTON, RENEDRIA ANN","No Party Affiliation","NPA","House","H","Texas","TX","33","FORT WORTH","TX","76106","2020","25-MAR-20","2020","202003259216010861"
"H0TX32137","MOWREY, CHRISTY RENEE","Libertarian Party","LIB","House","H","Texas","TX","32","ALLEN","TX","75002","2020","25-MAR-20","2020","202003259216010825"
"H0FL07200","FIGUEIREDO, PEDRO NORMAN PH.D.","Democratic Party","DEM","House","H","Florida","FL","07","LONGWOOD","FL","32779","2020","24-MAR-20","2020","202003249215853218"
"H2UT03280","AALDERS, TIM","Republican Party","REP","House","H","Utah","UT","03","HIGHLAND","UT","84003","2020","24-MAR-20","2020","202003249215898604"
"S0TN00250","MORRELL, KENT","Republican Party","REP","Senate","S","Tennessee","TN","00","KNOXVILLE","TN","37931","2020","24-MAR-20","2020","202003249215853473"
"H4NY11138","CLARKE, YVETTE  D.","Democratic Party","DEM","House","H","New York","NY","09","HOLLIS","NY","114122138","2020","24-MAR-20","2020","202003249215853319"
"S0TX00423","TURULLOLS-BONILLA, RICARDO","Independent","IND","Senate","S","Texas","TX","00","AUSTIN","TX","78741","2020","23-MAR-20","2020","202003239215621590"
"H8ID02064","SIMPSON, MICHAEL","Republican Party","REP","House","H","Idaho","ID","02","BLACKFOOT","ID","832211667","2020","23-MAR-20","2020","202003239215621573"
"H0TX20199","MARTINEZ-GOMEZ, ADSM MICHSEL SIR III","Independent","IND","House","H","Texas","TX","20","SAN ANTONIO","TX","78227","2020","23-MAR-20","2020","202003239215620393"
"H0DC01023","MAYE, GREG","Democratic Party","DEM","House","H","District Of Columbia","DC","00","WASHINGTON","DC","20011","2020","23-MAR-20","2020","202003239215620369"
"P00015735","MCDOUGAL, RYAN","None","NNE","President","P","United States","00","00","ATHENS","TN","37303","2020","21-MAR-20","2020","202003219215620095"
"H2IN09183","TILFORD, JOHN W.","Independent","IND","House","H","Indiana","IN","09","BLOOMINGTON","IN","474089360","2020","21-MAR-20","2020","202007090300325770"
"S0CO00666","PRENTICE, GAIL D","Republican Party","REP","Senate","S","Colorado","CO","00","WRAY","CO","80758","2020","20-MAR-20","2020","202003209204025256"
"H0TN09103","LYONS, BOBBY MR","Independent","IND","House","H","Tennessee","TN","09","MEMPHIS","TN","38125","2020","20-MAR-20","2020","202003209204064247"
"H0MA04242","ZANNETOS, CHRISTOPHER","Democratic Party","DEM","House","H","Massachusetts","MA","04","WELLESLEY","MA","02481","2020","20-MAR-20","2020","202003209204056307"
"S0NJ00258","FERNANDEZ, VERONICA","Independent","IND","Senate","S","New Jersey","NJ","00","LONG VALLEY","NJ","07853","2020","20-MAR-20","2020","202003209204025351"
"H0FL19221","ASKAR, CASEY","Republican Party","REP","House","H","Florida","FL","19","NAPLES","FL","34016","2020","19-MAR-20","2020","202003199203915521"
"H0UT03219","ANDERSON, JARED LYLE","Democratic Party","DEM","House","H","Utah","UT","03","OREM","UT","84058","2020","19-MAR-20","2020","202003199203899960"
"S0AZ00418","CAVENER, MARK","Republican Party","REP","Senate","S","Arizona","AZ","00","TUCSON","AZ","85719","2020","18-MAR-20","2020","202003189203864149"
"H0OK05288","LANDON, SHELDON (SHELLI) ELIZABETH DR PH.D","Republican Party","REP","House","H","Oklahoma","OK","05","EDMOND","OK","73034","2020","18-MAR-20","2020","202003189203864162"
"H8MI13243","JONES, BRENDA","Democratic Party","DEM","House","H","Michigan","MI","13","DETROIT","MI","48215","2020","18-MAR-20","2020","202003189203868651"
"H0KY02103","TRIBBLE, POET REV","Write-In","W","House","H","Kentucky","KY","02","ELIZABETHTOWN","KY","42701","2020","18-MAR-20","2020","202003189203865872"
"H0GA08115","HOLLIDAY, LINDSAY DOZIER DR","Democratic Party","DEM","House","H","Georgia","GA","08","MACON","GA","31204","2020","18-MAR-20","2020","202003189203864164"
"H0TN04286","ANDERS, JACOB KRISTOPHER MR.","Democratic Party","DEM","House","H","Tennessee","TN","04","JASPER","TN","37347","2020","17-MAR-20","2020","202003179203837543"
"P00015719","SCOLLAN, MICHAEL","None","NNE","President","P","United States","00","00","SELLERSVILLE","PA","18960","2020","17-MAR-20","2020","202003179203838009"
"S0OK00404","NESBIT, APRIL","Independent","IND","Senate","S","Oklahoma","OK","00","ADA","OK","74820","2020","17-MAR-20","2020","202003179203840480"
"P00015727","HOBBS, RICHARD","Republican Party","REP","President","P","United States","00","00","NEW YORK","NY","10038","2020","17-MAR-20","2020","202003179203839648"
"H0TX24274","HAMILTON, DARREN J","Liberty Union Party","LBU","House","H","Texas","TX","24","DALLAS","TX","75208","2020","17-MAR-20","2020","202003179203839659"
"H0MN02159","CASHIN, ERIKA MARIE","Republican Party","REP","House","H","Minnesota","MN","02","APPLE VALLEY","MN","55124","2020","17-MAR-20","2020","202003179203838431"
"S0MS00094","WRIGHT, MARY","Independent","IND","Senate","S","Mississippi","MS","00","OLIVE BRANCH","MS","386541651","2020","16-MAR-20","2020","202007090300325790"
"H0WA02205","MILLER, DANIEL R","Republican Party","REP","House","H","Washington","WA","02","FRIDAY HARBOR","WA","98250","2020","16-MAR-20","2020","202003169203837380"
"H0NV04122","KEMPTON, GREGORY","Democratic Party","DEM","House","H","Nevada","NV","04","HENDERSON","NV","89002","2020","16-MAR-20","2020","202003169203836051"
"H8KY06198","EDDY, CHUCK","Republican Party","REP","House","H","Kentucky","KY","06","LEXINGTON","KY","405172525","2020","16-MAR-20","2020","202008130300335848"
"H0HI02213","AKANA, JOSEPH S","Republican Party","REP","House","H","Hawaii","HI","02","WAIANAE","HI","96792","2020","16-MAR-20","2020","202003169203833764"
"H0FL15104","FRANKLIN, SCOTT MR.","Republican Party","REP","House","H","Florida","FL","15","LAKELAND","FL","33806","2020","16-MAR-20","2020","202003169203834959"
"H0CO04213","MCGANNON, JAMES","Democratic Party","DEM","House","H","Colorado","CO","04","PARKER","CO","80134","2020","16-MAR-20","2020","202003169203836554"
"H0GA09279","WEEKS, KELLIE","Republican Party","REP","House","H","Georgia","GA","09","GAINESVILLE","GA","30501","2020","14-MAR-20","2020","202003149203832308"
"H0TN01126","ARLINGHAUS, WILLIAM PHILIP","Republican Party","REP","House","H","Tennessee","TN","01","SEYMOUR","TN","37865","2020","14-MAR-20","2020","202003149203832427"
"H0NM02237","JONES, STEVE MR.","Independent","IND","House","H","New Mexico","NM","02","RUIDOSO","NM","88345","2020","14-MAR-20","2020","202003149203832358"
"H0AZ09070","BURTON, P.T. MR.","Republican Party","REP","House","H","Arizona","AZ","09","TEMPE","AZ","85281","2020","13-MAR-20","2020","202003139203832159"
"H0LA05120","LETLOW, LUKE JOSHUA","Republican Party","REP","House","H","Louisiana","LA","05","OAK RIDGE","LA","71264","2020","13-MAR-20","2020","202003139203832163"
"P00015693","ALAMEDA, JENNIFER","Independent","IND","President","P","United States","00","00","NEW YORK CITY","NY","10002","2020","13-MAR-20","2020","202003139203831738"
"H0OR01194","CHRISTENSEN, CHRIS C MR.","Republican Party","REP","House","H","Oregon","OR","01","BEAVERTON","OR","97006","2020","13-MAR-20","2020","202003139203826477"
"H0WA10091","JOHNSON, DEAN","Republican Party","REP","House","H","Washington","WA","10","PUYALLUP","WA","98371","2020","13-MAR-20","2020","202003139203832169"
"H0MO01181","HEARTSTRONG, WINNIE BRIDGET DR.","Republican Party","REP","House","H","Missouri","MO","01","ST LOUIS","MO","63118","2020","12-MAR-20","2020","202003129203822809"
"H0IA02214","HEPKER, MATHEW THOMAS MR","Republican Party","REP","House","H","Iowa","IA","02","MUSCATINE","IA","52761","2020","12-MAR-20","2020","202003129203822810"
"H0FL10113","MONTAGUE, WILLIE","Republican Party","REP","House","H","Florida","FL","10","ORLANDO","FL","32822","2020","12-MAR-20","2020","202003129203823167"
"H6NV03154","SCHIFFMAN, STEVEN MITCHELL","Democratic Party","DEM","House","H","Nevada","NV","02","LAS VEGAS","NV","89134","2020","12-MAR-20","2020","202003129203825980"
"H0LA05112","HARRIS, JOHN LANCE","Republican Party","REP","House","H","Louisiana","LA","05","ALEXANDRIA","LA","71303","2020","12-MAR-20","2020","202003129203824906"
"H0OR02242","VAUGHN, CHRIS","Democratic Party","DEM","House","H","Oregon","OR","02","BEND","OR","97701","2020","12-MAR-20","2020","202003129203825596"
"H0WI03175","VAN ORDEN, DERRICK F. MR.","Republican Party","REP","House","H","Wisconsin","WI","03","ELLSWORTH","WI","54011","2020","12-MAR-20","2020","202003129203826028"
"H0NY15301","TAPPER, MARLENE J","Democratic Party","DEM","House","H","New York","NY","15","EAST ELMHURST","NY","11369","2020","12-MAR-20","2020","202003129203823839"
"P00015685","PENNINGTON, RICHARD LEE MR.","Unaffiliated","UN","President","P","United States","00","00","GUILFORD","VT","05301","2020","11-MAR-20","2020","202003119203800048"
"H0NV02225","DUNN, RICHARD","Independent","IND","House","H","Nevada","NV","02","RENO","NV","89523","2020","11-MAR-20","2020","202003119203800432"
"H0VA03165","YACUS, GEORGE MICHAEL","Republican Party","REP","House","H","Virginia","VA","03","CHESAPEAKE","VA","233252913","2020","11-MAR-20","2020","202003119203800478"
"H0TN04278","BIVENS, LYDIA NOELLE","Democratic Party","DEM","House","H","Tennessee","TN","04","MURFREESBORO","TN","37130","2020","11-MAR-20","2020","202003119203820315"
"S0GA00625","STOVALL, VALENCIA","Independent","IND","Senate","S","Georgia","GA","00","ELLENWOOD","GA","30294","2020","11-MAR-20","2020","202003119203820358"
"H0FL22159","FLYNN, FRANCES","Republican Party","REP","House","H","Florida","FL","22","FT. LAUDERDALE","FL","33316","2020","11-MAR-20","2020","202003119203820390"
"P60014222","TAUBE, DERICK DEAN","Write-In","W","President","P","United States","00","00","OXFORD JUNCTION","IA","52323","2020","11-MAR-20","2020","202003119203820675"
"H0OR03166","HECKER, FRANK","Republican Party","REP","House","H","Oregon","OR","03","PORTLAND","OR","97202","2020","11-MAR-20","2020","202003119203820676"
"H0TX09226","SMALL, EDWARD JR","Non-Party","NON","House","H","Texas","TX","09","RICHMOND","TX","77407","2020","11-MAR-20","2020","202003119203820732"
"S0OK00396","WILLIAMS, PERRY LORENZA MR JR","Democratic Party","DEM","Senate","S","Oklahoma","OK","00","OKLAHOMA CITY","OK","73129","2020","11-MAR-20","2020","202003119203821157"
"H0MI10311","WELLINGTON, DON","Democratic Party","DEM","House","H","Michigan","MI","10","FORT GRATIOT","MI","48059","2020","11-MAR-20","2020","202003119203822379"
"H0NV03165","CRISPIN, GARY","No Party Affiliation","NPA","House","H","Nevada","NV","03","LAS VEGAS","NV","89183","2020","10-MAR-20","2020","202003109203797342"
"S0NE00130","STOCK, ANDREW ERIC","Democratic Party","DEM","Senate","S","Nebraska","NE","00","LINCOLN","NE","68510","2020","10-MAR-20","2020","202003109203799391"
"H0NY25102","WILSON, KEVIN A","Libertarian Party","LIB","House","H","New York","NY","25","ROCHESTER","NY","14609","2020","10-MAR-20","2020","202003109203799455"
"H0MO06206","WEST, CHARLES","Democratic Party","DEM","House","H","Missouri","MO","06","CANTON","MO","63435","2020","10-MAR-20","2020","202003109203799023"
"H0FL19213","MCLAUGHLIN, CHRISTY","Republican Party","REP","House","H","Florida","FL","19","NAPLES","FL","34110","2020","09-MAR-20","2020","202003099203796930"
"S0KY00453","ALSAGER, NICHOLAS SCOTT","Republican Party","REP","Senate","S","Kentucky","KY","00","CAMPBELLVILLE","KY","42718","2020","09-MAR-20","2020","202003090300317153"
"S0MT00173","BULLOCK, STEVE","Democratic Party","DEM","Senate","S","Montana","MT","00","HELENA","MT","59624","2020","09-MAR-20","2020","202003099203797154"
"H0OH05090","REDINGER, GENE C","Democratic Party","DEM","House","H","Ohio","OH","05","BRYAN","OH","43506","2020","09-MAR-20","2020","202003099203797298"
"H0GA13149","GONZALES, CAESAR","Republican Party","REP","House","H","Georgia","GA","13","WINSTON","GA","30187","2020","09-MAR-20","2020","202003099203797317"
"S0GA00617","FORTUIN, JOHN","Green Party","GRE","Senate","S","Georgia","GA","00","ATHENS","GA","30603","2020","08-MAR-20","2020","202003089203793848"
"S0IN00202","MEIRING, ERIC RICHARD REV.","Libertarian Party","LIB","Senate","S","Indiana","IN","00","NEW CASTLE","IN","47362","2020","07-MAR-20","2020","202003079203793114"
"H0MT01114","MCGINLEY, MARK J","Republican Party","REP","House","H","Montana","MT","00","HELENA","MT","59602","2020","07-MAR-20","2020","202003079203793777"
"P00015677","KIMBROUGH, EDWARD WAYNE MR.","Democratic Party","DEM","President","P","United States","00","00","HOUSTON","TX","77251","2020","06-MAR-20","2020","202003069203792610"
"H0GA03074","ALMONORD, VALBRUN","Democratic Party","DEM","House","H","Georgia","GA","03","COLUMBUS","GA","31904","2020","06-MAR-20","2020","202003069203791743"
"H0MN01128","SCHROEPFER, MARK P","Democratic-Farmer-Labor","DFL","House","H","Minnesota","MN","01","MINNEAPOLIS","MN","55407","2020","06-MAR-20","2020","202003069203791209"
"H0OR02234","MEDENBACH, KENNETH","Republican Party","REP","House","H","Oregon","OR","02","CRESCENT","OR","97733","2020","06-MAR-20","2020","202003069203791217"
"P00015669","HALL, ELLA REE","Democratic Party","DEM","President","P","United States","00","00","SUMTER","SC","29154","2020","05-MAR-20","2020","202003060300317082"
"S0NM00132","WALSH, BOB","Libertarian Party","LIB","Senate","S","New Mexico","NM","00","SANTA FE","NM","87505","2020","05-MAR-20","2020","202003059203756743"
"H0MI13497","SAWYER, LINDA","Republican Party","REP","House","H","Michigan","MI","13","DETROIT","MI","48226","2020","05-MAR-20","2020","202003059203756756"
"H0UT04092","CHRISTENSEN, TRENT MR.","Republican Party","REP","House","H","Utah","UT","04","SANDY","UT","84070","2020","05-MAR-20","2020","202003059203759784"
"H0GA05269","OWENS, HUBERT E JR","Republican Party","REP","House","H","Georgia","GA","05","SNELLVILLE","GA","30039","2020","05-MAR-20","2020","202003059203759164"
"H0MI07168","LARSON, SAMUEL","Democratic Party","DEM","House","H","Michigan","MI","07","ANN ARBOR","MI","48106","2020","05-MAR-20","2020","202003059203750953"
"H0MA04234","MATTHEW, NICK","Democratic Party","DEM","House","H","Massachusetts","MA","04","SOMERVILLE","MA","02143","2020","05-MAR-20","2020","202003059203748610"
"H0TN01118","HARSHBARGER, DIANA","Republican Party","REP","House","H","Tennessee","TN","01","KINGSPORT","TN","37664","2020","05-MAR-20","2020","202003059203747855"
"S0GA00609","JAMES, JAMESIA MS","Democratic Party","DEM","Senate","S","Georgia","GA","00","POWDER SPRINGS","GA","30127","2020","05-MAR-20","2020","202003059203747818"
"H0UT03201","ROBINSON, TREY","Democratic Party","DEM","House","H","Utah","UT","03","PROVO","UT","84601","2020","04-MAR-20","2020","202003049203747661"
"S0MT00165","FREDRICKSON, WENDIE","Green Party","GRE","Senate","S","Montana","MT","00","HELENA","MT","59601","2020","04-MAR-20","2020","202003049203747487"
"H0NY26084","DONOVAN, RICKY THOMAS SR","Republican Party","REP","House","H","New York","NY","26","BUFFALO","NY","14206","2020","04-MAR-20","2020","202003040300316832"
"P00015636","SCHERRER, JOSHUA JEFFREY","Unaffiliated","UN","President","P","United States","00","00","OWENSBORO","KY","42303","2020","04-MAR-20","2020","202003049203743949"
"P00015644","MEIKLE, MARCUS EBENEZER MR.","Other","OTH","President","P","United States","00","00","ARLINGTON","VA","22204","2020","04-MAR-20","2020","202003049203744297"
"H0IL12118","BOEVING, BRIAN J","Federalist","FED","House","H","Illinois","IL","12","OFALLON","IL","62269","2020","04-MAR-20","2020","202003049203744303"
"P00015628","POWELL, GARRETT","Republican Party","REP","President","P","Indiana","IN","00","MORRISTOWN","IN","46161","2020","03-MAR-20","2020","202003039203741296"
"H0GA09261","STRICKLAND, MARIA D.","Republican Party","REP","House","H","Georgia","GA","09","BLUE RIDGE","GA","30513","2020","03-MAR-20","2020","202003039203741147"
"S0LA00311","PIERCE, ANTOINE","Democratic Party","DEM","Senate","S","Louisiana","LA","00","BATON ROUGE","LA","70879","2020","03-MAR-20","2020","202003039203741241"
"H0OR02226","LIVINGSTON, JUSTIN","Republican Party","REP","House","H","Oregon","OR","02","BEND","OR","97702","2020","03-MAR-20","2020","202003039203740715"
"H0FL07192","GARLINGTON, WILLIAM","No Party Affiliation","NPA","House","H","Florida","FL","07","OVIEDO","FL","32765","2020","03-MAR-20","2020","202003039203741132"
"H0FL05188","WAGONER, JOHN ROGER","Republican Party","REP","House","H","Florida","FL","05","JASPER","FL","32052","2020","03-MAR-20","2020","202003040300316809"
"H0TN01100","DARDEN, STEPHEN MATSON MR.","Republican Party","REP","House","H","Tennessee","TN","01","JOHNSON CITY","TN","37604","2020","02-MAR-20","2020","202003029203487281"
"H0FL06137","EKMAN, KENNETH PHILLIP JR.","Democratic Party","DEM","House","H","Florida","FL","06","PALM COAST","FL","32137","2020","02-MAR-20","2020","202003029203555546"
"H0NY13165","GWINN, LOVELYNN","Republican Party","REP","House","H","New York","NY","13","NEW YORK","NY","10031","2020","02-MAR-20","2020","202003029203555333"
"S0NE00122","WEWEL, LARRY LOU MR","Republican Party","REP","Senate","S","Nebraska","NE","00","ONEILL","NE","68763","2020","02-MAR-20","2020","202003029203555313"
"H0SC03150","WELCH, MARK DILLING MR.","Democratic Party","DEM","House","H","South Carolina","SC","03","NEWRY","SC","29665","2020","02-MAR-20","2020","202003029203555298"
"H0NY14353","ROBOT, RALLY","Independent","IND","House","H","New York","NY","14","NEW ORLEANS","LA","70125","2020","02-MAR-20","2020","202003029203487273"
"H0WY01028","BEACH, CARL","Democratic Party","DEM","House","H","Wyoming","WY","00","SARATOGA","WY","82331","2020","02-MAR-20","2020","202003029203554184"
"H0MA09068","SYLVIA, MARK","Democratic Party","DEM","House","H","Massachusetts","MA","09","FAIRHAVEN","MA","02719","2020","02-MAR-20","2020","202003029203555551"
"H0NJ10232","ZINONE, JENNIFER","Republican Party","REP","House","H","New Jersey","NJ","10","BAYONNE","NJ","07002","2020","02-MAR-20","2020","202003029203555549"
"H0FL23132","JOHNSON, KIM","Republican Party","REP","House","H","Florida","FL","23","BAL HARBOUR","FL","33154","2020","02-MAR-20","2020","202003029203689138"
"H8MA02116","LOVVORN, TRACY LYN","Republican Party","REP","House","H","Massachusetts","MA","02","GRAFTON","MA","01519","2020","02-MAR-20","2020","202003029203639996"
"H0MO07253","CHENTNIK, STEVE","Republican Party","REP","House","H","Missouri","MO","07","BRANSON","MO","65616","2020","02-MAR-20","2020","202003029203555224"
"P00015610","ROBOT, RALLY","Independent","IND","President","P","United States","00","00","NEW ORLEANS","LA","70125","2020","01-MAR-20","2020","202003019203487272"
"H0OH01115","KAHN, KEVIN","Libertarian Party","LIB","House","H","Ohio","OH","01","CINCINNATI","OH","45249","2020","01-MAR-20","2020","202003019203458201"
"H0OR02218","ARCHER, PATRICK SHANE","No Party Affiliation","NPA","House","H","Oregon","OR","02","ROGUE RIVER","OR","97537","2020","28-FEB-20","2020","202002289203379016"
"H0UT01213","PARRY, DARREN BRUCE MR.","Democratic Party","DEM","House","H","Utah","UT","01","PROVIDENCE","UT","84332","2020","28-FEB-20","2020","202002289203326172"
"H0VA11127","ANANTATMULA, MANGA MANGA","Republican Party","REP","House","H","Virginia","VA","11","HERNDON","VA","20171","2020","27-FEB-20","2020","202002279203326097"
"H0GA09253","TOLIN, TYLER JAMES","Republican Party","REP","House","H","Georgia","GA","09","DAWSONVILLE","GA","30534","2020","27-FEB-20","2020","202002279203321051"
"H0CO07091","MALGIERI, ANTHONY","None","NNE","House","H","Colorado","CO","07","THORNTON","CO","80602","2020","27-FEB-20","2020","202002279203321206"
"P60010857","DOVER, BENJAMIN","Other","OTH","President","P","United States","00","00","DELMAR","NY","12054","2020","27-FEB-20","2020","202002270300316459"
"S0TN00243","COPE, ROY DALE","Republican Party","REP","Senate","S","Tennessee","TN","00","CHATTANOOGA","TN","37421","2020","27-FEB-20","2020","202002279203320770"
"H2NE02090","ANDERSON, PAUL","Republican Party","REP","House","H","Nebraska","NE","02","OMAHA","NE","68132","2020","27-FEB-20","2020","202003020300316692"
"H0NH02280","TOWNE, GILEAD R","Republican Party","REP","House","H","New Hampshire","NH","02","SALEM","NH","03079","2020","27-FEB-20","2020","202002279203321156"
"H0FL26044","MISIGOY, DENNIS","Libertarian Party","LIB","House","H","Florida","FL","26","MIAMI","FL","33190","2020","26-FEB-20","2020","202002269203320395"
"P00015602","BENEDIX, DANIEL","Libertarian Party","LIB","President","P","United States","00","00","CEDAR GROVE","NC","27231","2020","26-FEB-20","2020","202002269203320642"
"H0GA09246","CLYDE, ANDREW","Republican Party","REP","House","H","Georgia","GA","09","JEFFERSON","GA","30549","2020","26-FEB-20","2020","202002269203319559"
"H0NY04149","GROSZ, CINDY","Republican Party","REP","House","H","New York","NY","04","HEWLETT","NY","11557","2020","26-FEB-20","2020","202002269203320097"
"H0TX35064","SHARON, JENNIFER","Republican Party","REP","House","H","Texas","TX","35","SPICEWOOD","TX","78669","2020","25-FEB-20","2020","202002259203319265"
"H0TX17229","FOSTER, WILLIAM A. DR. III","Democratic Party","DEM","House","H","Texas","TX","17","HEARNE","TX","77859","2020","25-FEB-20","2020","202002259203318765"
"H0TN01092","WALSINGHAM, BLAIR NICOLE","Democratic Party","DEM","House","H","Tennessee","TN","01","EIDSON","TN","37731","2020","25-FEB-20","2020","202002259203318763"
"H0IL01228","PELLEGRINI, RUTH","Independent","IND","House","H","Illinois","IL","01","ORLAND PARK","IL","60467","2020","25-FEB-20","2020","202002259203318751"
"P00015594","TIEN, JOSHUA","Democratic Party","DEM","President","P","United States","00","00","TAMPA","FL","33610","2020","25-FEB-20","2020","202002259203318732"
"H0NC06258","HANES, ED JR.","Democratic Party","DEM","House","H","North Carolina","NC","06","WINSTON-SALEM","NC","27103","2020","25-FEB-20","2020","202002259203318729"
"H0NY26076","RALEIGH, MIKE","Green Party","GRE","House","H","New York","NY","26","BUFFALO","NY","14209","2020","25-FEB-20","2020","202002259203318627"
"H0UT03193","THORPE, DEVIN D","Democratic Party","DEM","House","H","Utah","UT","03","SALT LAKE CITY","UT","84101","2020","25-FEB-20","2020","202002259203318626"
"H0TN02090","BROWN, CHANCE","Democratic Party","DEM","House","H","Tennessee","TN","02","KNOXVILLE","TN","37923","2020","25-FEB-20","2020","202002259203318216"
"P00015586","GRAHAM, NATHAN","Non-Party","NON","President","P","United States","00","00","HIXTON","WI","54635","2020","25-FEB-20","2020","202002259203318213"
"H0FL05170","ADLER, GARY","Republican Party","REP","House","H","Florida","FL","05","JACKSONVILLE","FL","32207","2020","25-FEB-20","2020","202002270300316374"
"S4WY00147","MILLER, BRYAN","Republican Party","REP","Senate","S","Wyoming","WY","00","SHERIDAN","WY","82801","2020","25-FEB-20","2020","202002260300316297"
"H0PA05102","JORDAN, ROBERT","Republican Party","REP","House","H","Pennsylvania","PA","05","MEDIA","PA","19063","2020","24-FEB-20","2020","202002240300315861"
"H0TX19084","BOYD, VANCE","Republican Party","REP","House","H","Texas","TX","19","ANSON","TX","79501","2020","24-FEB-20","2020","202002240300315626"
"H0AZ01424","SHAMLEY, DOYEL","Republican Party","REP","House","H","Arizona","AZ","01","EAGAR","AS","85925","2020","24-FEB-20","2020","202002249203317947"
"P00015578","CONONE, KURT ANTHONY","Unknown","UNK","President","P","United States","00","00","SAN CLEMENTE","CA","92674","2020","24-FEB-20","2020","202002240300315840"
"P20004222","PILLSBURY-FOSTER, MELINDA","Other","OTH","President","P","United States","00","00","BEAUMONT","CA","92223","2020","24-FEB-20","2020","202003020300316604"
"H0HI02205","MEZA, RYAN","Democratic Party","DEM","House","H","Hawaii","HI","02","KAILUA KONA","HI","96745","2020","24-FEB-20","2020","202002249203317921"
"S0WY00160","SHORT, ROBERT G","Republican Party","REP","Senate","S","Wyoming","WY","00","DOUGLAS","WY","82633","2020","24-FEB-20","2020","202002249203317956"
"H0MI05170","HARRIS, JAMES","Libertarian Party","LIB","House","H","Michigan","MI","05","FENTON","MI","48430","2020","23-FEB-20","2020","202002239203315976"
"P00015560","PINNAVARIA, CARMELO (CARMEN) MR.","Write-In","W","President","P","United States","00","00","CARY","IL","60013","2020","22-FEB-20","2020","202002229203315510"
"H0MI11137","BATU, DAVID","Republican Party","REP","House","H","Michigan","MI","11","NOVI","MI","48374","2020","22-FEB-20","2020","202002229203315330"
"H0ID02111","LAW, IDAHO L","ECL","ECL","House","H","Idaho","ID","02","POCATELLO","ID","83201","2020","21-FEB-20","2020","202002219187237451"
"H0WV03177","DAVIS, PAUL E","Democratic Party","DEM","House","H","West Virginia","WV","03","HUNTINGTON","WV","25701","2020","21-FEB-20","2020","202002219187237499"
"P00015537","SIMMONS, JADE","Unaffiliated","UN","President","P","United States","00","00","KINGWOOD","TX","77345","2020","21-FEB-20","2020","202002219187241539"
"H0TX27095","JACKSON, CHARLIE","Democratic Party","DEM","House","H","Texas","TX","27","CORPUS CHRISTI","TX","78415","2020","21-FEB-20","2020","202002219187241591"
"H0NJ09200","PREMPEH, WILLIAM SREBOE","Republican Party","REP","House","H","New Jersey","NJ","09","PATERSON","NJ","07524","2020","21-FEB-20","2020","202002219203315012"
"H0KS03251","BEEHLER, MICHAEL E.","Republican Party","REP","House","H","Kansas","KS","03","LEAWOOD","KS","66211","2020","20-FEB-20","2020","202002209187235488"
"S0AZ00400","BURTON, PT","Republican Party","REP","Senate","S","Arizona","AZ","00","TEMPE","AZ","85281","2020","20-FEB-20","2020","202002200300315394"
"H0NC03172","MURPHY, GREGORY FRANCIS DR","Republican Party","REP","House","H","North Carolina","NC","03","GREENVILLE","NC","27858","2020","20-FEB-20","2020","202002209186572140"
"H0NY14346","CARUSO-CABRERA, MICHELLE","Democratic Party","DEM","House","H","New York","NY","14","JACKSON HEIGHTS","NY","11372","2020","20-FEB-20","2020","202002209186892259"
"H0CA25246","MERCURI, DANIEL REY MR","Republican Party","REP","House","H","California","CA","25","SIMI VALLEY","CA","93065","2020","20-FEB-20","2020","202002209186608853"
"S0MT00157","LARSON, DANIEL RICHARD","Republican Party","REP","Senate","S","Montana","MT","00","STEVENSVILLE","MT","59870","2020","20-FEB-20","2020","202002209186613540"
"P00015529","ADAMS, EMILY ROSE MS","Democratic Party","DEM","President","P","United States","00","00","PIEDMONT","CA","94611","2020","20-FEB-20","2020","202002209186873389"
"P00015503","WEED, MATTHEW","American Independent Party","AIP","President","P","United States","00","00","CRAFTON","PA","15205","2020","20-FEB-20","2020","202002209186572590"
"S0CO00658","BOYINGTON, MARCOS DAVID CARDOSO","Democratic Party","DEM","Senate","S","Colorado","CO","00","BOULDER","CO","80304","2020","19-FEB-20","2020","202002199186546582"
"S4GA11103","BUCKLEY, ALLEN","Independent","IND","Senate","S","Georgia","GA","00","MABLETON","GA","30126","2020","19-FEB-20","2020","202002190300315289"
"S0MN00336","OVERBY, PAULA MIRARE","Democratic-Farmer-Labor","DFL","Senate","S","Minnesota","MN","00","EAGAN","MN","55123","2020","19-FEB-20","2020","202002199186538121"
"H8CA52037","JONES, BRIAN W","Republican Party","REP","House","H","California","CA","50","SANTEE","CA","92071","2020","19-FEB-20","2020","202002199186529576"
"P00015495","CUEVAS, JOSE MANUEL","No Party Affiliation","NPA","President","P","United States","00","00","ORLANDO","FL","32819","2020","19-FEB-20","2020","202002199186533560"
"S0TN00235","BROOKS, NATISHA","Republican Party","REP","Senate","S","Tennessee","TN","00","NASHVILLE","TN","37211","2020","19-FEB-20","2020","202002199186520212"
"H0GA09220","GURTLER, MATT","Republican Party","REP","House","H","Georgia","GA","09","TIGER","GA","30576","2020","18-FEB-20","2020","202002189186512515"
"H0MO06198","FARRIS, RAMONA","Democratic Party","DEM","House","H","Missouri","MO","06","SAINT JOSEPH","MO","64502","2020","18-FEB-20","2020","202002189186512650"
"H0GA09238","UNDERWOOD, ETHAN","Republican Party","REP","House","H","Georgia","GA","09","CUMMING","GA","30028","2020","18-FEB-20","2020","202002189186514086"
"S0MA00232","O'CONNOR, KEVIN J","Republican Party","REP","Senate","S","Massachusetts","MA","00","CANTON","MA","02021","2020","18-FEB-20","2020","202002189186514458"
"H0NY27157","MCMURRAY, NATE","Democratic Party","DEM","House","H","New York","NY","27","ORCHARD PARK","NY","14127","2020","18-FEB-20","2020","202002189186518928"
"H0NY10138","WYMAN, ROBERT MARK (BOB)","Democratic Party","DEM","House","H","New York","NY","10","NEW YORK","NY","10024","2020","18-FEB-20","2020","202002189186515460"
"H8OR02229","ROBERTS, MARK","Republican Party","REP","House","H","Oregon","OR","02","WHITE CITY","OR","97503","2020","18-FEB-20","2020","202002189186518866"
"P00015552","O''KALANI, KEIKI","Independent","IND","President","P","United States","00","00","HILO,BIG ISLAND","HI","96721","2020","18-FEB-20","2020","202002210300315508"
"H6NV02255","SHEPHERD, RICK","Democratic Party","DEM","House","H","Nevada","NV","02","RENO","NV","89503","2020","18-FEB-20","2020","202002189186514740"
"H0PR01042","JORDAN, ZAYIRA","Unaffiliated","UN","House","H","Puerto Rico","PR","00","GUAYNABO","PR","00971","2020","17-FEB-20","2020","202002179186507580"
"H0PA04287","TARSHISH, JOE MR.","Independent","IND","House","H","Pennsylvania","PA","04","BALA CYNWYD","PA","19004","2020","17-FEB-20","2020","202002179186508716"
"H0OR01186","BRIONES, HEIDI","Democratic Party","DEM","House","H","Oregon","OR","01","HILLSBORO","OR","97006","2020","17-FEB-20","2020","202002179186508689"
"H0TX05125","HALE, KEVIN A","Libertarian Party","LIB","House","H","Texas","TX","05","DALLAS","TX","75238","2020","16-FEB-20","2020","202002169186507469"
"H0FL06129","JUNGK, RONALD ALEXANDER","Republican Party","REP","House","H","Florida","FL","06","DELTONA","FL","32738","2020","16-FEB-20","2020","202002169186507460"
"H0MT01106","EVANKOVICH, JOHN DAVID","Republican Party","REP","House","H","Montana","MT","00","BUTTE","MT","59701","2020","15-FEB-20","2020","202002159186506732"
"H8HI02141","EVANS, BRIAN","Democratic Party","DEM","House","H","Hawaii","HI","02","KIHEI","HI","96753","2020","15-FEB-20","2020","202002159186505301"
"P00015487","ELLISON, BRIAN","Libertarian Party","LIB","President","P","United States","00","00","ROYAL OAK","MI","48073","2020","14-FEB-20","2020","202002149186504907"
"H0NE03217","ELSE, DAVID J","Democratic Party","DEM","House","H","Nebraska","NE","03","OVERTON","NE","68863","2020","14-FEB-20","2020","202002149186503937"
"H8PR00054","ACEVEDO-VILA, ANIBAL","Democratic Party","DEM","House","H","Puerto Rico","PR","00","SAN JUAN","PR","00927","2020","14-FEB-20","2020","202002149186504025"
"H0WI03167","SUNDBLOM, JONATHAN","Republican Party","REP","House","H","Wisconsin","WI","03","TOMAH","WI","54660","2020","14-FEB-20","2020","202002149186504520"
"H0MA04226","SHACK, THOMAS G III","Democratic Party","DEM","House","H","Massachusetts","MA","04","BROOKLINE","MA","02445","2020","14-FEB-20","2020","202002149186504613"
"H0PA10136","COLE, KOLBE","Democratic Party","DEM","House","H","Pennsylvania","PA","10","BEAVER FALLS","PA","15010","2020","14-FEB-20","2020","202002149186504269"
"H6IN08244","DRAKE, RON","Democratic Party","DEM","House","H","Indiana","IN","08","SULLIVAN","IN","478820444","2020","13-FEB-20","2020","202002130300314882"
"H2WA05048","CHASE, ROBERT","Republican Party","REP","House","H","Washington","WA","05","SPOKANE VALLEY","WA","99216","2020","13-FEB-20","2020","202002139186501698"
"H0UT01205","MOORE, BLAKE","Republican Party","REP","House","H","Utah","UT","01","OGDEN","UT","84401","2020","13-FEB-20","2020","202002140300315046"
"H8ID02148","SWISHER, CARLTON AARON","Democratic Party","DEM","House","H","Idaho","ID","02","BOISE","ID","83703","2020","13-FEB-20","2020","202002139186503244"
"H0OH13219","TRUEX, DONALD DARYL MR","Republican Party","REP","House","H","Ohio","OH","13","RITTMAN","OH","44270","2020","13-FEB-20","2020","202002139186503383"
"P60018298","WHANG, EDWARD SUNG","Write-In","W","President","P","United States","00","00","ANGOLA","IN","46703","2020","13-FEB-20","2020","202002139186502127"
"P00015479","KRICHEVSKY, RITA ANNA-MARIA","Democratic Party","DEM","President","P","United States","00","00","LAWRENCEVILLE","NJ","08648","2020","12-FEB-20","2020","202002120300314842"
"H0FL13182","HUBBARD, DAVE MR","Independent","IND","House","H","Florida","FL","13","LARGO","FL","33771","2020","12-FEB-20","2020","202002129186499974"
"H0MN08172","SPOLARICH, GAYLENE","Democratic-Farmer-Labor","DFL","House","H","Minnesota","MN","08","PALISADE","MN","56469","2020","12-FEB-20","2020","202002129186499975"
"H0MA06148","MORAN, JOHN PAUL","Republican Party","REP","House","H","Massachusetts","MA","06","BILLERICA","MA","01821","2020","12-FEB-20","2020","202002129186499772"
"S0ID00180","JORDAN, PAULETTE","Democratic Party","DEM","Senate","S","Idaho","ID","00","BOISE","ID","83702","2020","12-FEB-20","2020","202002130300314897"
"H0TN07263","VIEIRA, SCOTT ANTHONY MR JR","Veterans Party","VET","House","H","Tennessee","TN","07","WAVERLY","TN","37185","2020","12-FEB-20","2020","202002129186499682"
"H0MN07117","LAUGISCH, THADDEUS ROBERT","Democratic-Farmer-Labor","DFL","House","H","Minnesota","MN","07","MOORHEAD","MN","56560","2020","12-FEB-20","2020","202002129186500110"
"H6GA09243","BROUN, PAUL","Republican Party","REP","House","H","Georgia","GA","09","GAINSVILLE","GA","30503","2020","11-FEB-20","2020","202002210300315520"
"P00015446","GUNFISH, DAVY","Democratic Party","DEM","President","P","United States","00","00","TEMPE","AZ","85281","2020","11-FEB-20","2020","202002119186497745"
"H0TX25149","NEUENDORFF, KEITH","Republican Party","REP","House","H","Texas","TX","25","AUSTIN","TX","78746","2020","11-FEB-20","2020","202002119186493487"
"H0FL07184","JACKSON, SEAN","Republican Party","REP","House","H","Florida","FL","07","WEST PALM BEACH","FL","33407","2020","11-FEB-20","2020","202002119186497420"
"P00015420","DUGANDZIC, ANDREW JOSEPH","Independent","IND","President","P","Florida","FL","00","CELEBRATION","FL","34747","2020","11-FEB-20","2020","202002119186496154"
"H0TN03445","BAXLEY, NANCY JACKSON MRS.","Unaffiliated","UN","House","H","Tennessee","TN","03","SIGNAL MOUNTAIN","TN","37377","2020","11-FEB-20","2020","202002119186496174"
"H0FL15096","BRITVEC, KEL JACOBS 2395601987","Democratic Party","DEM","House","H","Florida","FL","15","LAKELAND","FL","33809","2020","11-FEB-20","2020","202002119186496031"
"P80005358","VAN RAAM, DOUGLAS SCOTT","Other","OTH","President","P","United States","00","00","MARTINEZ","CA","94553","2020","10-FEB-20","2020","202002100300314284"
"S8MS00295","BARTEE, TOBEY","Democratic Party","DEM","Senate","S","Mississippi","MS","00","GAUTIER","MS","39553","2020","10-FEB-20","2020","202002100300314499"
"H0GA14121","GUNTHER, ANDREAS (ANDY)","Republican Party","REP","House","H","Georgia","GA","14","BREMEN","GA","30110","2020","10-FEB-20","2020","202002100300314607"
"H0NJ07287","BARRETT, JAMES KEVIN MR","Republican Party","REP","House","H","New Jersey","NJ","07","NORTH PLAINFIELD","NJ","07060","2020","10-FEB-20","2020","202002109186489319"
"P00015412","COSME, SEBASTIAN OSCAR","American Independent Conservative","AIC","President","P","United States","00","00","OKLAHOMA CITY","OK","73179","2020","10-FEB-20","2020","202002109186489321"
"H0FL03258","ENGELBRECHT, CHARLES WILLIAM MR","Republican Party","REP","House","H","Florida","FL","03","ORANGE PARK","FL","32073","2020","10-FEB-20","2020","202002109186489651"
"P20003521","HAHN, VERN LEROY","Independent","IND","President","P","United States","00","00","HOT SPRINGS","AR","71901","2020","10-FEB-20","2020","202002100300314640"
"H0GA09212","WILKINSON, JOHN","Republican Party","REP","House","H","Georgia","GA","09","TOCCOA","GA","30577","2020","10-FEB-20","2020","202002109186492375"
"S0MA00224","BLASK, WASHINGTON","Democratic Party","DEM","Senate","S","Massachusetts","MA","00","CAMBRIDGE","MA","02138","2020","10-FEB-20","2020","202002109186492888"
"H0AZ02299","BOYD, MIKE","Republican Party","REP","House","H","Arizona","AZ","02","TUCSON","AZ","85711","2020","10-FEB-20","2020","202002109186492939"
"H0TN01084","CROWE, DEWEY RUSTY EDWARD II","Republican Party","REP","House","H","Tennessee","TN","01","JOHNSON CITY","TN","37601","2020","10-FEB-20","2020","202002109186493368"
"S0WV00256","ROBB, RICHARD ALLEN","Democratic Party","DEM","Senate","S","West Virginia","WV","00","SOUTH CHARLESTON","WV","25303","2020","10-FEB-20","2020","202002100300314618"
"H0AZ07108","AMLING, DANE","Democratic Party","DEM","House","H","Arizona","AZ","07","PHOENIX","AZ","85041","2020","10-FEB-20","2020","202002109186493426"
"S0AZ00392","GETCHELL, FLOYD GEORGE MR JUNIOR","Republican Party","REP","Senate","S","Arizona","AZ","00","CASA GRANDE","AZ","85122","2020","10-FEB-20","2020","202002109186489686"
"H0CA02161","WALK, ANTONIO LOPEZ","Independent","IND","House","H","California","CA","02","USA","CA","90001","2020","09-FEB-20","2020","202002099186488371"
"S0GA00591","JACKSON, DEBORAH A","Democratic Party","DEM","Senate","S","Georgia","GA","00","DECATUR","GA","30034","2020","09-FEB-20","2020","202002099186488471"
"H0FL23124","REQUENA, OSWALDO J.","Republican Party","REP","House","H","Florida","FL","23","HOLLYWOOD","FL","33024","2020","09-FEB-20","2020","202002099186488748"
"H0IN05334","BRIZZI, CARL JOSEPH","Republican Party","REP","House","H","Indiana","IN","05","FISHERS","IN","46037","2020","09-FEB-20","2020","202002099186488515"
"H0FL04173","WHITE, JOHN","Republican Party","REP","House","H","Florida","FL","04","JACKSONVILLE","FL","32218","2020","09-FEB-20","2020","202002099186488473"
"S0TX00415","SMITH, TIM","Independent","IND","Senate","S","Texas","TX","00","HOUSTON","TX","77077","2020","08-FEB-20","2020","202002089186488299"
"H0NJ02205","FRANCIS, JOHN HULL MR III","Democratic Party","DEM","House","H","New Jersey","NJ","02","CAPE MAY","NJ","08204","2020","08-FEB-20","2020","202002089186488352"
"H0MI14255","PATRICK, ROBERT VANCE","Republican Party","REP","House","H","Michigan","MI","14","SOUTHFIELD","MI","48076","2020","08-FEB-20","2020","202002089186488125"
"H0OK03093","MIDYETT, ZOE ANN MRS","Democratic Party","DEM","House","H","Oklahoma","OK","03","WELLSTON","OK","74881","2020","08-FEB-20","2020","202002089186488077"
"H0FL07176","MEJIAS, EDUARDO","Republican Party","REP","House","H","Florida","FL","07","SANFORD","FL","32771","2020","08-FEB-20","2020","202002089186488080"
"P00015404","MARCOPOLUS, ALEXANDER","Unaffiliated","UN","President","P","United States","00","00","NEWTOWN","PA","18940","2020","08-FEB-20","2020","202002089186488353"
"H0RI02287","LANCIA, BOB","Republican Party","REP","House","H","Rhode Island","RI","02","CRANSTON","RI","02920","2020","07-FEB-20","2020","202002100300314629"
"H0GA09204","TANNER, KEVIN","Republican Party","REP","House","H","Georgia","GA","09","DAWSONVILLE","GA","30534","2020","07-FEB-20","2020","202002079186486475"
"S0OR00345","KULOW, MATTHEW EUGENE","Republican Party","REP","Senate","S","Oregon","OR","00","EAGLE POINT","OR","97524","2020","07-FEB-20","2020","202002079186486036"
"H0WA07121","MARTIN, BRIAN D","Republican Party","REP","House","H","Washington","WA","07","SHORELINE","WA","98155","2020","07-FEB-20","2020","202002079186486041"
"H0CA06188","HAISTY, SHERWOOD ELLSWORTH JR","Republican Party","REP","House","H","California","CA","06","RIO LINDA","CA","95673","2020","07-FEB-20","2020","202002079186487409"
"H0FL21151","CANTON, STEPHEN GREGORY","Independent","IND","House","H","Florida","FL","21","PALM BEACH","FL","33480","2020","07-FEB-20","2020","202002079186486497"
"H0NH01316","FOWLER, WILLIAM","Republican Party","REP","House","H","New Hampshire","NH","01","SEABROOK","NH","03874","2020","07-FEB-20","2020","202002079186487233"
"H0GA14113","LAUGHRIDGE, MATTHEW","Republican Party","REP","House","H","Georgia","GA","14","DOUGLASVILLE","GA","30134","2020","07-FEB-20","2020","202002079186487351"
"H0VA08198","JORDAN, JEFF","Republican Party","REP","House","H","Virginia","VA","08","ARLINGTON","VA","22207","2020","07-FEB-20","2020","202002079186486355"
"S0AZ00384","ARIF, MOHAMMAD","Democratic Party","DEM","Senate","S","Arizona","AZ","00","CASA GRANDE","AZ","85193","2020","06-FEB-20","2020","202002060300313856"
"H0MD06256","MEYYUR, CHRIS P MR","Republican Party","REP","House","H","Maryland","MD","06","FREDERICK","MD","21704","2020","06-FEB-20","2020","202002069186473027"
"H0GA14105","HEMBREE, BILL","Republican Party","REP","House","H","Georgia","GA","14","DALLAS","GA","30132","2020","06-FEB-20","2020","202002069186471416"
"H0CA31137","WEEMS, EUGENE","Write-In","W","House","H","California","CA","31","SAN BERNARDINO","CA","92401","2020","06-FEB-20","2020","202002069186470938"
"H0FL10105","LAWSON, KRISTOFER STEVEN","Independent","IND","House","H","Florida","FL","10","ORLANDO","FL","32803","2020","06-FEB-20","2020","202002069186471010"
"H0NC11258","DRISCOLL, DAN","Republican Party","REP","House","H","North Carolina","NC","11","ALEXANDRIA","VA","22313","2020","06-FEB-20","2020","202002069186485482"
"H4NC06136","DAVIS, BRUCE E SR.","Democratic Party","DEM","House","H","North Carolina","NC","06","JAMESTOWN","NC","27282","2020","05-FEB-20","2020","202002059186470905"
"H0NC09229","WILEY JR, ALBERT LEE","Republican Party","REP","House","H","North Carolina","NC","11","SALTER PATH ","NC","28575","2020","05-FEB-20","2020","202002050300313688"
"H0GA02258","COLE, DONALD EUGENE","Republican Party","REP","House","H","Georgia","GA","02","CORDELE","GA","31015","2020","05-FEB-20","2020","202002059186465206"
"S0GA00583","TARVER, EDWARD J.","Democratic Party","DEM","Senate","S","Georgia","GA","00","AUGUSTA","GA","30919","2020","05-FEB-20","2020","202002059186465581"
"H0NY04131","HUSSEIN, AZEEM","Democratic Party","DEM","House","H","New York","NY","04","NEW HYDE PARK","NY","11040","2020","05-FEB-20","2020","202002059186470848"
"H0IN05326","SPARTZ, VICTORIA","Republican Party","REP","House","H","Indiana","IN","05","NOBLESVILLE","IN","46061","2020","05-FEB-20","2020","202002059186470225"
"H0TN05374","MORAN, JOSHUA","Democratic Party","DEM","House","H","Tennessee","TN","05","NASHVILLE","TN","37208","2020","05-FEB-20","2020","202002059186470283"
"H0OH18143","HALLARN, RYAN STEPHEN MR.","Write-In","W","House","H","Ohio","OH","18","COLUMBUS","OH","43201","2020","05-FEB-20","2020","202002059186470440"
"H8MD06192","CALDWELL, KEVIN TEROME MR","Republican Party","REP","House","H","Maryland","MD","06","BRUNSWICK","MD","21716","2020","05-FEB-20","2020","202002059186470210"
"P00015362","FOSTER, MICHAEL ANDREW DR.","Democratic Party","DEM","President","P","United States","00","00","MOBILE","AL","36695","2020","04-FEB-20","2020","202002049186352267"
"H0WA10083","INGRAM, RIAN","Republican Party","REP","House","H","Washington","WA","10","LAKEWOOD","WA","98496","2020","04-FEB-20","2020","202002049186352308"
"H0NY13157","MORRIS-PERRY, CHRISTOPHER","Conservative Party","CRV","House","H","New York","NY","13","NEWYORK","NY","10039","2020","04-FEB-20","2020","202002049186352424"
"H0GA14097","VAN AUSDAL, KEVIN","Democratic Party","DEM","House","H","Georgia","GA","14","ROSSVILLE","GA","30741","2020","04-FEB-20","2020","202002049186352718"
"H0KY03259","PALAZZO, RHONDA RAYE","Republican Party","REP","House","H","Kentucky","KY","03","LOUISVILLE","KY","40207","2020","04-FEB-20","2020","202002049186352991"
"H0NY19204","VAN DE WATER, KYLE","Republican Party","REP","House","H","New York","NY","19","MILLBROOK","NY","12545","2020","04-FEB-20","2020","202002049186353008"
"H0OR02200","MAYO, JUSTUS P MR.","Republican Party","REP","House","H","Oregon","OR","02","BEND","OR","97702","2020","04-FEB-20","2020","202002049186353038"
"H8LA03060","ANDERSON, ROBERT JON","Democratic Party","DEM","House","H","Louisiana","LA","03","SINGER","LA","70660","2020","04-FEB-20","2020","202002049186353039"
"H0TN05366","ADCOX, ELIJAH NATHANIEL","Republican Party","REP","House","H","Tennessee","TN","05","NASHVILLE","TN","37217","2020","04-FEB-20","2020","202002049186358626"
"H0WI07119","OPELA, MICHAEL PAUL MR. SR.","Republican Party","REP","House","H","Wisconsin","WI","07","EDGAR","WI","544265320","2020","04-FEB-20","2020","202002049186465105"
"H0VA08180","ELLMORE, MARK W","Republican Party","REP","House","H","Virginia","VA","08","ALEXANDRIA","VA","22315","2020","03-FEB-20","2020","202002039186351833"
"H0FL03233","CHAMBERLIN, RYAN MR.","Republican Party","REP","House","H","Florida","FL","03","BELLEVIEW","FL","34420","2020","03-FEB-20","2020","202002039186346666"
"H0NY10120","STEVENSON, DYLAN MR","Republican Party","REP","House","H","New York","NY","10","NEW YORK","NY","10012","2020","03-FEB-20","2020","202002039186352131"
"H0UT01197","LIGGERA, DAVID","Democratic Party","DEM","House","H","Utah","UT","01","PLEASANT VIEW","UT","84414","2020","03-FEB-20","2020","202002039186346806"
"H0WA02197","HAZELO, TIMOTHY SCOTT","Republican Party","REP","House","H","Washington","WA","02","OAK HARBOR","WA","98277","2020","03-FEB-20","2020","202002039186347045"
"H0MO05208","DERKS, RYAN","Republican Party","REP","House","H","Missouri","MO","05","LEE'S SUMMIT","MO","64082","2020","03-FEB-20","2020","202002039186347134"
"H0FL21144","WEISS, GUIDO","Democratic Party","DEM","House","H","Florida","FL","21","LAKE WORTH","FL","33449","2020","03-FEB-20","2020","202002039186347151"
"H0AZ05177","MURRAY, NICHOLAS RAYMOND","Democratic Party","DEM","House","H","Arizona","AZ","05","GILBERT","AZ","85296","2020","03-FEB-20","2020","202002039186347405"
"P00015347","DIR, HOPE ELAINE","Republican Party","REP","President","P","United States","00","00","EUGENE","OR","97402","2020","03-FEB-20","2020","202002039186347455"
"H0FL03241","CHASE, TODD","Republican Party","REP","House","H","Florida","FL","03","GAINESVILLE","FL","326538389","2020","03-FEB-20","2020","202002039186347489"
"P00015354","GRAY, PHIL MR.","Libertarian Party","LIB","President","P","United States","00","00","TYLER","TX","75701","2020","03-FEB-20","2020","202002039186348101"
"H8PA18223","KARPACS, GEORGE A","Republican Party","REP","House","H","Pennsylvania","PA","18","SOUTH PARK","PA","15129","2020","03-FEB-20","2020","202002030300312611"
"H8OH16108","HAGAN, CHRISTINA","Republican Party","REP","House","H","Ohio","OH","13","ALLIANCE","OH","44601","2020","03-FEB-20","2020","202002030300311647"
"H0TX11313","BARBER, GENE ALLEN","Republican Party","REP","House","H","Texas","TX","11","COLORADO CITY","TX","79512","2020","03-FEB-20","2020","202002030300311328"
"S8NE00141","MARVIN, LARRY","Democratic Party","DEM","Senate","S","Nebraska","NE","00","FREMONT","NE","680255091","2020","03-FEB-20","2020","202002030300312588"
"H0NY02283","HEMENDINGER, NANCY","Republican Party","REP","House","H","New York","NY","02","BABYLON","NY","11702","2020","03-FEB-20","2020","202002039186352110"
"H0WI06210","BEARDSLEY, MICHAEL GRANT","Democratic Party","DEM","House","H","Wisconsin","WI","06","OSHKOSH","WI","54901","2020","03-FEB-20","2020","202002039186346654"
"H0NY17315","MCARDLE SCHULMAN, MAUREEN B MRS","Republican Party","REP","House","H","New York","NY","17","SHRUB OAK","NY","10588","2020","03-FEB-20","2020","202002039186346447"
"P00015339","DUKE, JESSE WALKER","Other","OTH","President","P","United States","00","00","CUMBERLAND FURNACE","TN","37051","2020","03-FEB-20","2020","202002039186344449"
"H0PA13114","ROWLEY, TODD","Democratic Party","DEM","House","H","Pennsylvania","PA","13","SOMERSET","PA","15501","2020","02-FEB-20","2020","202002029186344399"
"P00015321","CHANDLER, PATRICIA ELAINE MS.","Republican Party","REP","President","P","United States","00","00","BROOKLYN","NY","11233","2020","01-FEB-20","2020","202002019186343688"
"H0MS03114","LEE, KATELYN","Democratic Party","DEM","House","H","Mississippi","MS","03","BAILEY","MS","39320","2020","01-FEB-20","2020","202002019186343408"
"H0OK05270","RAHIMI, MILES V","Republican Party","REP","House","H","Oklahoma","OK","05","EDMOND","OK","73083","2020","01-FEB-20","2020","202002019186343403"
"H0OR04081","ROBINSON, ART DR.","Republican Party","REP","House","H","Oregon","OR","04","CAVE JUNCTION","OR","97523","2020","01-FEB-20","2020","202002019186342094"
"H0FL01146","MERK, GREGORY CHARLES","Republican Party","REP","House","H","Florida","FL","01","PENSACOLA","FL","32514","2020","31-JAN-20","2020","202002030300311091"
"H0WA08129","MITCHELL, JAMES","Democratic Party","DEM","House","H","Washington","WA","08","SNOQUALMIE","WA","98065","2020","31-JAN-20","2020","202001319184690022"
"H0PA11191","DAIGLE, PAUL RICHARD","Democratic Party","DEM","House","H","Pennsylvania","PA","11","LANCASTER","PA","17601","2020","31-JAN-20","2020","202001319184768437"
"H8KY02080","LINDERMAN, HANK","Democratic Party","DEM","House","H","Kentucky","KY","02","FALLS OF ROUGH","KY","40119","2020","31-JAN-20","2020","202001319185555164"
"H6VA08229","WEBB, MICHAEL DAVID","Republican Party","REP","House","H","Virginia","VA","08","ARLINGTON","VA","22204","2020","31-JAN-20","2020","202001319184588244"
"S0KS00331","MATLOCK, BRIAN","Republican Party","REP","Senate","S","Kansas","KS","00","KANSAS CITY","KS","66101","2020","31-JAN-20","2020","202001319185575375"
"H0OH11122","SHABAZZ, TARIQ KHAJUAN","Democratic Party","DEM","House","H","Ohio","OH","11","CLEVELAND","OH","44114","2020","31-JAN-20","2020","202001319185576063"
"P00015313","JONES, MARVIN D","Democratic Party","DEM","President","P","United States","00","00","CHESTERFIELD","MA","010120144","2020","31-JAN-20","2020","202001310300310671"
"H0OH10132","MOYER, ERIC","Democratic Party","DEM","House","H","Ohio","OH","10","KETTERING","OH","45440","2020","31-JAN-20","2020","202001319184091615"
"H0FL08240","PATTI, TIFFANY JEAN MS.","Democratic Party","DEM","House","H","Florida","FL","08","ORLANDO","FL","32833","2020","31-JAN-20","2020","202001319184830398"
"H8AZ08208","SAWDY, STEVEN","Democratic Party","DEM","House","H","Arizona","AZ","08","GLENDALE","AZ","85308","2020","31-JAN-20","2020","202001319184781735"
"H0MD04160","SHELTON, KIM","Democratic Party","DEM","House","H","Maryland","MD","04","LAUREL","MD","20708","2020","31-JAN-20","2020","202001319184651354"
"H0IN01242","HANDLEY, MONT ANDREW","Republican Party","REP","House","H","Indiana","IN","01","CHESTERTON","IN","46304","2020","31-JAN-20","2020","202001319184651355"
"H8TX18196","SPENCER, LUKE","Libertarian Party","LIB","House","H","Texas","TX","18","HOUSTON","TX","77006","2020","31-JAN-20","2020","202001319184668413"
"S0GA00575","HAZEL, SHANE","Libertarian Party","LIB","Senate","S","Georgia","GA","00","WALESKA","GA","30183","2020","31-JAN-20","2020","202001319184629135"
"H8MD01177","GALBRAITH, ALLISON","Democratic Party","DEM","House","H","Maryland","MD","01","ELKTON","MD","21922","2020","31-JAN-20","2020","202001319184685677"
"S0VA00187","DUNN, BLAINE P HON.","Republican Party","REP","Senate","S","Virginia","VA","00","WINCHESTER","VA","22602","2020","31-JAN-20","2020","202001319184695566"
"P00015370","KELLY, NATHAN DOUGLAS MR 'NATHANAEL'","Republican Party","REP","President","P","United States","00","00","NAMPA","ID","836875608","2020","30-JAN-20","2020","202002030300312575"
"S0DE00191","DEMARTINO, JAMES","Republican Party","REP","Senate","S","Delaware","DE","00","LEWES","DE","19958","2020","30-JAN-20","2020","202001309182424301"
"S0GA00559","WARNOCK, RAPHAEL","Democratic Party","DEM","Senate","S","Georgia","GA","00","DECATUR","GA","30031","2020","30-JAN-20","2020","202001309182424302"
"H0NJ02197","HARRISON, BRIGID CALLAHAN","Democratic Party","DEM","House","H","New Jersey","NJ","02","LONGPORT","NJ","08403","2020","30-JAN-20","2020","202001309182451550"
"S0CO00641","DUPRE, MARGOT","Republican Party","REP","Senate","S","Colorado","CO","00","COLORADO SPRINGS","CO","80919","2020","30-JAN-20","2020","202001309184063088"
"H0NJ09192","WALSH, TIMOTHY","Republican Party","REP","House","H","New Jersey","NJ","09","RAMSEY","NJ","07446","2020","30-JAN-20","2020","202001309182460776"
"S0GA00567","COLLINS, DOUGLAS ALLEN","Republican Party","REP","Senate","S","Georgia","GA","00","GAINESVILLE","GA","30506","2020","30-JAN-20","2020","202001309182467527"
"H0HI02197","HOOMANAWANUI, JONATHAN","Republican Party","REP","House","H","Hawaii","HI","02","HONOLULU","HI","96818","2020","30-JAN-20","2020","202001309182485991"
"H0GA14089","BARGE, JOHN D","Republican Party","REP","House","H","Georgia","GA","14","ROME","GA","30162","2020","30-JAN-20","2020","202001309182451757"
"H0FL27067","POLO, FRANK E. SR.","Republican Party","REP","House","H","Florida","FL","27","MIAMI","FL","33172","2020","29-JAN-20","2020","202001299182399431"
"P00015297","AVOURIS, AARON PATRICK","Libertarian Party","LIB","President","P","United States","00","00","SHELBY TOWNSHIP","MI","48316","2020","29-JAN-20","2020","202001299167435212"
"H0WV03169","LEWIS, JEFFREY","Democratic Party","DEM","House","H","West Virginia","WV","03","MILTON","WV","25541","2020","29-JAN-20","2020","202001299167435246"
"H0SC05056","BROWN, MAURICUS","Democratic Party","DEM","House","H","South Carolina","SC","05","FORT MILL","SC","29726","2020","29-JAN-20","2020","202001299167436813"
"H0VA03157","ROBERTS, KYLE","Independent","IND","House","H","Virginia","VA","03","NORFOLK","VA","23513","2020","29-JAN-20","2020","202001299167436886"
"H0NY25094","MITRIS, GEORGE MR.","Republican Party","REP","House","H","New York","NY","25","ROCHESTER","NY","14618","2020","29-JAN-20","2020","202001299167445192"
"H0OR02192","CAMPBELL, DAVID R.","Republican Party","REP","House","H","Oregon","OR","02","WHITE CITY","OR","97503","2020","29-JAN-20","2020","202001299182392673"
"P60021136","CUMMINGS, DANIEL CLYDE","Constitution Party","CON","President","P","United States","00","00","PROVO","UT","846065050","2020","29-JAN-20","2020","202001299182323919"
"H0CT04229","GOLDSTEIN, MICHAEL TED","Republican Party","REP","House","H","Connecticut","CT","04","GREENWICH","CT","06831","2020","29-JAN-20","2020","202001299182364748"
"H0NY02275","GOMEZ, KEVIN YEZID","Democratic Party","DEM","House","H","New York","NY","02","LEVITTOWN","NY","11756","2020","29-JAN-20","2020","202001299182372058"
"P00015305","MCAFEE, J D","Libertarian Party","LIB","President","P","United States","00","00","FRISCO","NC","27936","2020","29-JAN-20","2020","202001299182380023"
"H0GA06226","SMITH, PAULETTE MISS","Republican Party","REP","House","H","Georgia","GA","06","KENNESAW","GA","30152","2020","29-JAN-20","2020","202001299182391877"
"H0AZ02281","QUILTER, PETER","Democratic Party","DEM","House","H","Arizona","AZ","02","TUCSON","AZ","85718","2020","29-JAN-20","2020","202001299182322822"
"H0CA43124","KEYS, REGINALD FERNANDO","Unaffiliated","UN","House","H","California","CA","43","POMONA","CA","91766","2020","28-JAN-20","2020","202001289167401950"
"H0SD01094","MARTY MAY, ELIZABETH","Republican Party","REP","House","H","South Dakota","SD","00","SPEARFISH","SD","57783","2020","28-JAN-20","2020","202001289167403935"
"H0CA40138","DELGADO, ANTONIO","Republican Party","REP","House","H","California","CA","40","LONG BEACH","CA","90802","2020","28-JAN-20","2020","202001289167405496"
"H0NY27140","SAMSEL, JAMES ALAN","Republican Party","REP","House","H","New York","NY","27","WARSAW","NY","145699761","2020","28-JAN-20","2020","202002030300312592"
"H0MS02108","RATHBURN, SONIA","Democratic Party","DEM","House","H","Mississippi","MS","02","CLINTON","MS","39056","2020","28-JAN-20","2020","202001289167420006"
"H0IL03125","O'SHEA, CATHERINE ANNE MS","Republican Party","REP","House","H","Illinois","IL","03","OAK LAWN","IL","60453","2020","28-JAN-20","2020","202001289167425129"
"H0WA10075","DOGLIO, BETH","Democratic Party","DEM","House","H","Washington","WA","10","SEATTLE","WA","98101","2020","28-JAN-20","2020","202001289167410719"
"H0CA18084","FOX, DR. RICHARD B","Republican Party","REP","House","H","California","CA","18","LOS GATOS","CA","95030","2020","27-JAN-20","2020","202001279167401247"
"H0OR05112","REYNOLDS, BLAIR","Democratic Party","DEM","House","H","Oregon","OR","05","MILWAUKIE","OR","97222","2020","27-JAN-20","2020","202001279167374964"
"H0NY17307","GOTTESFELD, YEHUDIS","Republican Party","REP","House","H","New York","NY","17","MONSEY","NY","10952","2020","27-JAN-20","2020","202001279167375614"
"H0NY13140","RODRIGUEZ, RAMON","Democratic Party","DEM","House","H","New York","NY","13","NEW YORK","NY","10032","2020","27-JAN-20","2020","202001279167379096"
"P00015271","WILLIAMS JR, ANDY","Libertarian Party","LIB","President","P","United States","00","00","WESTMONT","IL","60559","2020","27-JAN-20","2020","202001279167385326"
"H0OR02184","SMITH, JEFFERY G","Republican Party","REP","House","H","Oregon","OR","02","ELGIN","OR","97827","2020","27-JAN-20","2020","202001290300309605"
"H0PA14138","MARX, WILLIAM A MR. III","Democratic Party","DEM","House","H","Pennsylvania","PA","14","DELMONT","PA","15626","2020","27-JAN-20","2020","202001279167388857"
"P00015289","MONDS, JOHN","Libertarian Party","LIB","President","P","United States","00","00","ATLANTA","GA","30314","2020","27-JAN-20","2020","202001279167392013"
"H8WA01077","BEELER, JEFFREY ALLEN SR.","Republican Party","REP","House","H","Washington","WA","01","SULTAN","WA","98294","2020","27-JAN-20","2020","202001279167398541"
"H0NJ06230","GINDI, SAMMY","Republican Party","REP","House","H","New Jersey","NJ","06","WEST LONG BRANCH","NJ","07764","2020","27-JAN-20","2020","202001279167398564"
"H0MI10303","SINGH, BISHAM DR.","Republican Party","REP","House","H","Michigan","MI","10","CHESTERFIELD","MI","48047","2020","27-JAN-20","2020","202001279167388533"
"S0NC00384","THOMAS, JEREMY JAMES","Independence Party","IDP","Senate","S","North Carolina","NC","00","MOUNT HOLLY","NC","28120","2020","26-JAN-20","2020","202001269167369179"
"H0TX31170","WALL, CHRISTOPHER D","Republican Party","REP","House","H","Texas","TX","31","HUTTO","TX","78634","2020","26-JAN-20","2020","202001269167369218"
"H0NH01308","DUMONT, ZACHARY STEVEN","Libertarian Party","LIB","House","H","New Hampshire","NH","01","NEWMARKET","NH","03857","2020","26-JAN-20","2020","202001269167373762"
"H0PA01341","SCHEETZ, STEVE","Libertarian Party","LIB","House","H","Pennsylvania","PA","01","LANGHORNE","PA","19047","2020","26-JAN-20","2020","202001269167373250"
"H8NJ09120","HENRY, WILLIAM OSCAR","Democratic Party","DEM","House","H","New Jersey","NJ","09","PATERSON","NJ","07544","2020","26-JAN-20","2020","202001269167372824"
"H0ND01042","RAKNERUD, ZACH","Democratic Party","DEM","House","H","North Dakota","ND","00","MINOT","ND","58703","2020","25-JAN-20","2020","202001259167365746"
"H0FL01138","HOWARD, CHERYL","Democratic Party","DEM","House","H","Florida","FL","01","PENSACOLA","FL","32502","2020","25-JAN-20","2020","202001259167363392"
"P80004641","RHETT ROSENQUEST SMITH","Libertarian Party","LIB","President","P","United States","00","00","SAN ANTONIO ","TX","78217","2020","24-JAN-20","2020","202001270300309022"
"H0MD04152","EZE, NNABU","Republican Party","REP","House","H","Maryland","MD","04","PIKESVILLE","MD","21208","2020","24-JAN-20","2020","202001249167358406"
"H0KY03242","EDDINGS, WAYMEN","Republican Party","REP","House","H","Kentucky","KY","03","LOUISVILLE","KY","40291","2020","24-JAN-20","2020","202001249167344458"
"H0WI03159","EBBEN, JESSI","Republican Party","REP","House","H","Wisconsin","WI","03","EAU CLAIRE","WI","54701","2020","24-JAN-20","2020","202001249167339659"
"S0KY00446","MCDOWELL, ALYSSA DARA","Independent","IND","Senate","S","Kentucky","KY","00","COVINGTON","KY","41011","2020","23-JAN-20","2020","202001239167310187"
"H0NY27132","MYCHAJLIW, STEFAN IWAN JR.","Republican Party","REP","House","H","New York","NY","27","HAMBURG","NY","14075","2020","23-JAN-20","2020","202001239167310213"
"H0MD05266","LLOYD, RASHAD DWAYNE","Unaffiliated","UN","House","H","Maryland","MD","05","COLLEGE PARK","MD","20740","2020","23-JAN-20","2020","202001239167326232"
"H0FL07168","DIANGELUS, JEAN ROCHELLE CHELLE","Republican Party","REP","House","H","Florida","FL","07","ORLANDO","FL","32826","2020","23-JAN-20","2020","202001239167328417"
"H0FL09131","WRIGHT, CHRISTOPHER ROBERT","Republican Party","REP","House","H","Florida","FL","09","ORLANDO","FL","32832","2020","23-JAN-20","2020","202001239167339214"
"H4GA02078","CHILDS, VIVIAN LOUISE","Republican Party","REP","House","H","Georgia","GA","02","WARNER ROBINS","GA","31088","2020","23-JAN-20","2020","202001280300309111"
"H8CA17105","FORBES, STEPHEN","Democratic Party","DEM","House","H","California","CA","17","SANTA CLARA","CA","950514537","2020","23-JAN-20","2020","202001240300308162"
"H0MD02248","SIMPSON, JIM","Republican Party","REP","House","H","Maryland","MD","02","MCLEAN","VA","22101","2020","23-JAN-20","2020","202001239167339213"
"H0FL26036","GIMENEZ, CARLOS","Republican Party","REP","House","H","Florida","FL","26","MIAMI","FL","33174","2020","23-JAN-20","2020","202001239167328965"
"H0UT01189","DURBANO, DOUGLAS","Republican Party","REP","House","H","Utah","UT","01","LAYTON","UT","84041","2020","22-JAN-20","2020","202001230300307844"
"H0MS02090","HAMMOND, B.C. MR.","Republican Party","REP","House","H","Mississippi","MS","02","DODDSVILLE","MS","38736","2020","22-JAN-20","2020","202001229167308192"
"S4OR00156","PERKINS, JO RAE","Republican Party","REP","Senate","S","Oregon","OR","00","ALBANY","OR","97321","2020","22-JAN-20","2020","202001229167308285"
"H0MI09180","LANGWORTHY, CHARLES JOHN","Republican Party","REP","House","H","Michigan","MI","09","ROSEVILLE","MI","48066","2020","22-JAN-20","2020","202001229167308742"
"H0PA08221","BOGNET, JIM","Republican Party","REP","House","H","Pennsylvania","PA","08","HAZLE TOWNSHIP","PA","18202","2020","22-JAN-20","2020","202001229167300291"
"H0GA14071","COOKE, KEVIN","Republican Party","REP","House","H","Georgia","GA","14","BREMEN","GA","30110","2020","22-JAN-20","2020","202001229167300305"
"S6NC00308","HOLMQUIST, LARRY","Republican Party","REP","Senate","S","North Carolina","NC","00","GREENSBORO","NC","27455","2020","22-JAN-20","2020","202001240300308339"
"H0NY03083","DEVOLDER-SANTOS, GEORGE ANTHONY","Republican Party","REP","House","H","New York","NY","03","ELMHURST","NY","11373","2020","22-JAN-20","2020","202001229167302938"
"H0PR01026","ALBORS, JUAN CARLOS","Unaffiliated","UN","House","H","Puerto Rico","PR","00","GUAYNABO","PR","00968","2020","22-JAN-20","2020","202001229167304016"
"H0NY06086","ZMICH, THOMAS","Republican Party","REP","House","H","New York","NY","06","BAYSIDE","NY","11361","2020","22-JAN-20","2020","202001229167304220"
"H0PA18113","NEGRON, LUKE","Republican Party","REP","House","H","Pennsylvania","PA","18","BETHEL PARK","PA","15102","2020","22-JAN-20","2020","202001229167306595"
"P00015248","SEGURA, STEVEN","Write-In","W","President","P","United States","00","00","GLENVIEW","IL","60025","2020","22-JAN-20","2020","202001229167306715"
"H0NY04123","RAISER, STEVE","Republican Party","REP","House","H","New York","NY","04","N. MERRICK","NY","11566","2020","22-JAN-20","2020","202001229167302582"
"S0KY00438","TOBIN, MARY ANN","Democratic Party","DEM","Senate","S","Kentucky","KY","02","IRVINGTON ","KY","40146","2020","21-JAN-20","2020","202001220300307767"
"S6CO00333","UNDERWOOD, ERIK","Democratic Party","DEM","Senate","S","Colorado","CO","00","DENVER","CO","80202","2020","21-JAN-20","2020","202001219167293556"
"H0PA08239","CAMMISA, MIKE","Republican Party","REP","House","H","Pennsylvania","PA","08","HAZELTON","PA","18201","2020","21-JAN-20","2020","202001240300308360"
"H0NC09294","HARRY, SOUTHERLAND","Democratic Party","DEM","House","H","North Carolina","NC","09","RAEFORD","NC","28376","2020","21-JAN-20","2020","202001270300308453"
"H0FL11210","LICCIARDELLO, AARON JOSEPH","Republican Party","REP","House","H","Florida","FL","11","SUMMERFIELD","FL","34491","2020","21-JAN-20","2020","202001210300306914"
"H0NC11241","OSBORNE, JOSEPH DARREN","Republican Party","REP","House","H","North Carolina","NC","11","HICKORY ","NC","28602","2020","21-JAN-20","2020","202001210300307518"
"H8FL05157","FULLER, VIRGINIA","Republican Party","REP","House","H","Florida","FL","05","TALLAHASSEE","FL","32301","2020","21-JAN-20","2020","202001210300307529"
"H0WA10067","HEWETT, DON","Republican Party","REP","House","H","Washington","WA","10","LACEY","WA","98509","2020","21-JAN-20","2020","202001219167279483"
"H0NY09114","DEUTSCH, CHAIM","Democratic Party","DEM","House","H","New York","NY","09","BROOKLYN","NY","11210","2020","21-JAN-20","2020","202001219167290469"
"P00015230","TANNIRU, JOSEPH KISHORE","Socialist Equality Party","SEP","President","P","United States","00","00","OAK PARK","MI","48237","2020","21-JAN-20","2020","202001219167290531"
"H0MD07247","SPIKES, HARRY","Democratic Party","DEM","House","H","Maryland","MD","07","BALTIMORE","MD","21213","2020","21-JAN-20","2020","202001219167292965"
"H0TX06115","SNIDER, CHAD EDWARD","Independent","IND","House","H","Texas","TX","06","MIDLOTHIAN","TX","76065","2020","21-JAN-20","2020","202001219167293245"
"H0IN01234","BERGERON, DION MICHAEL MR.","Republican Party","REP","House","H","Indiana","IN","01","MICHIGAN CITY","IN","46360","2020","21-JAN-20","2020","202001219167293258"
"H0GA13131","HITES, BECKY E","Republican Party","REP","House","H","Georgia","GA","13","DOUGLASVILLE","GA","30154","2020","20-JAN-20","2020","202001209167274309"
"H0WI06202","ERICKSON, FREDRICK W MR.","Conservative Party","CRV","House","H","Wisconsin","WI","06","WISCONSIN DELLS","WI","53965","2020","20-JAN-20","2020","202001209167279449"
"H0GA05251","MARTIN, BARRINGTON DEON MR II","Democratic Party","DEM","House","H","Georgia","GA","05","ATLANTA","GA","30331","2020","20-JAN-20","2020","202001209167279448"
"H0CO02225","WINN, CHARLES E. DR","Republican Party","REP","House","H","Colorado","CO","02","BOULDER","CO","80302","2020","20-JAN-20","2020","202001209167278725"
"H0WV02187","HAHN, MATTHEW ABNER MD","Republican Party","REP","House","H","West Virginia","WV","02","BERKELEY SPRINGS","WV","25411","2020","19-JAN-20","2020","202001199167272861"
"P00015222","BAGBY, MICHAEL PAUL","Republican Party","REP","President","P","United States","00","00","LARGO","FL","33774","2020","19-JAN-20","2020","202001199167272695"
"H0IN07256","SMITH, SUSAN MARIE","Republican Party","REP","House","H","Indiana","IN","07","INDIANAPOLIS","IN","46219","2020","18-JAN-20","2020","202001189167271737"
"P00015214","KIM, JASON CHANGKYU","Democratic Party","DEM","President","P","United States","00","00","TOMS RIVER","NJ","08753","2020","18-JAN-20","2020","202001189167271985"
"H0PA03339","GLATFELTER, KATHERINE ELIZABETH","Democratic Party","DEM","House","H","Pennsylvania","PA","03","PHILADELPHIA","PA","19151","2020","18-JAN-20","2020","202001189167271927"
"H0FL24205","SPICER, LAVERN","Republican Party","REP","House","H","Florida","FL","24","MIAMI","FL","33150","2020","17-JAN-20","2020","202001170300306769"
"H0FL03225","BRADDY, ED","Republican Party","REP","House","H","Florida","FL","03","GAINESVILLE","FL","32606","2020","17-JAN-20","2020","202001179167238159"
"H0GA14063","PERKINS, KYLE ANTHONY","Republican Party","REP","House","H","Georgia","GA","14","DALLAS","GA","30157","2020","17-JAN-20","2020","202001179167269226"
"H0OH04119","GIBBS, CHRIS","Independent","IND","House","H","Ohio","OH","04","MAPLEWOOD","OH","45340","2020","17-JAN-20","2020","202001179167240120"
"P00015206","BANCHIO, LACIE CARMEN","Republican Party","REP","President","P","United States","00","00","TAYLORSVILLE","CA","95983","2020","17-JAN-20","2020","202001179167239921"
"H0AZ06100","NAPOLITANO, GENNARO","None","NNE","House","H","Arizona","AZ","06","FLAGSTAFF","AZ","86001","2020","16-JAN-20","2020","202001169167207027"
"H0IL01210","MATTHEWS, AMEENA NUUR MS","Democratic Party","DEM","House","H","Illinois","IL","01","TINLEY PARK","IL","60477","2020","16-JAN-20","2020","202001169167207094"
"H0FL03217","GUINN, KENT","Republican Party","REP","House","H","Florida","FL","03","OCALA","FL","34475","2020","16-JAN-20","2020","202001169167191650"
"H0NH01290","MAYBERRY, MATT","Republican Party","REP","House","H","New Hampshire","NH","01","DOVER","NH","03821","2020","16-JAN-20","2020","202001169167199236"
"P00015198","XIMENEZ, NICHOLAS","Other","OTH","President","P","Texas","TX","00","FLORESVILLE","TX","78114","2020","16-JAN-20","2020","202001169167205931"
"H0NC10193","PARKER, DAVID PAYNE","Democratic Party","DEM","House","H","North Carolina","NC","10","MOORESVILLE","NC","28117","2020","16-JAN-20","2020","202001169167199872"
"H0NY15293","NEWSOME, CHIVONA RENEE","Democratic Party","DEM","House","H","New York","NY","15","BRONX","NY","10456","2020","16-JAN-20","2020","202001169167202663"
"H0GA07331","KENNEMORE, ZACHARY HEATHCLIFF MR.","Republican Party","REP","House","H","Georgia","GA","07","BUFORD","GA","30519","2020","16-JAN-20","2020","202001169167203939"
"S0TN00227","MCLEOD, ELIZABETH D","Independent","IND","Senate","S","Tennessee","TN","00","NASHVILLE","TN","37209","2020","16-JAN-20","2020","202001169167204245"
"P60008075","CHAFEE, LINCOLN DAVENPORT MR.","Libertarian Party","LIB","President","P","United States","00","00","TETON VILLAGE","WY","83025","2020","16-JAN-20","2020","202001169167199615"
"H0IN01226","LEMMONS, SPENCER","Republican Party","REP","House","H","Indiana","IN","01","HOBART","IN","46342","2020","15-JAN-20","2020","202001160300306665"
"H0FL23116","FUGATE, DEMETRIUS","Republican Party","REP","House","H","Florida","FL","23","SUNNY ISLES BEACH","FL","33160","2020","15-JAN-20","2020","202001159167190150"
"H0CA32358","MADRIGAL, RAUL ALI","Democratic Party","DEM","House","H","California","CA","32","WEST COVINA","CA","91790","2020","15-JAN-20","2020","202001159167176179"
"H0FL21136","BLUEMLING, MICHAEL JOSEPH JR","Republican Party","REP","House","H","Florida","FL","21","DELRAY BEACH","FL","33444","2020","15-JAN-20","2020","202001159167183408"
"H0MD07239","SCHUMAN, GARY","Democratic Party","DEM","House","H","Maryland","MD","07","PIKESVILLE","MD","21208","2020","15-JAN-20","2020","202001159167189424"
"H0MD01224","PINGLEY, JENNIFER","Democratic Party","DEM","House","H","Maryland","MD","01","ELKTON","MD","21921","2020","15-JAN-20","2020","202001159167187630"
"H0MN02142","BARR, REGINA","Republican Party","REP","House","H","Minnesota","MN","02","INVER GROVE HEIGHTS","MN","55076","2020","15-JAN-20","2020","202001159167188086"
"H0NJ02189","TURKAVAGE, ROBERT D","Democratic Party","DEM","House","H","New Jersey","NJ","02","BRIGANTINE","NJ","08203","2020","15-JAN-20","2020","202001159167188946"
"H0WA10059","GARDNER, PHIL","Democratic Party","DEM","House","H","Washington","WA","10","OLYMPIA","WA","98507","2020","15-JAN-20","2020","202001159167187629"
"P00015156","FAROOQ, MUHAMMAD UMAR","Democratic Party","DEM","President","P","United States","00","00","SOUTH WINDSOR","CT","06074","2020","14-JAN-20","2020","202001149167166252"
"H0FL02201","BAKER, DEVIN","Democratic Party","DEM","House","H","Florida","FL","02","TALLAHASSEE","FL","32303","2020","14-JAN-20","2020","202001149167176153"
"H0GA14048","COWAN, JOHN DR.","Republican Party","REP","House","H","Georgia","GA","14","ROME","GA","30161","2020","14-JAN-20","2020","202001149167166341"
"H0MN05251","AL-AQIDI, DALIA","Republican Party","REP","House","H","Minnesota","MN","05","MINNEAPOLIS","MN","55416","2020","14-JAN-20","2020","202001149167166442"
"H2TX30079","CARAWAY, BARBARA LEN MALLORY","Democratic Party","DEM","House","H","Texas","TX","30","DALLAS","TX","75339","2020","14-JAN-20","2020","202001149167166557"
"H0PA16067","CADY, MATTHEW DALE DR","Democratic Party","DEM","House","H","Pennsylvania","PA","16","NORTH EAST","PA","16428","2020","14-JAN-20","2020","202001149167166812"
"P00015164","MOUTOUX, BRIAN","Democratic Party","DEM","President","P","United States","00","00","LITTLETON","CO","80123","2020","14-JAN-20","2020","202001149167167737"
"H0UT01171","GIBSON, KERRY W.","Republican Party","REP","House","H","Utah","UT","01","OGDEN","NV","84409","2020","14-JAN-20","2020","202001149167170467"
"H0AZ09054","WALKER, JASON S","Republican Party","REP","House","H","Arizona","AZ","09","PHOENIX","AZ","85018","2020","14-JAN-20","2020","202001149167170632"
"H0IN07249","WALTERS, GERALD","Republican Party","REP","House","H","Indiana","IN","07","INDIANAPOLIS","IN","46227","2020","14-JAN-20","2020","202001149167170633"
"H0GA06218","BARTHELEMY, MYKEL LYNN","Republican Party","REP","House","H","Georgia","GA","06","SANDY SPRINGS","GA","30342","2020","14-JAN-20","2020","202001149167171286"
"H0AZ09062","FUENTES-WOLFE, TALIA","Democratic Party","DEM","House","H","Arizona","AZ","09","TEMPE","AZ","85282","2020","14-JAN-20","2020","202001149167171293"
"H0AZ02273","BACON, JASON","Republican Party","REP","House","H","Arizona","AZ","02","TUCSON","AZ","85716","2020","14-JAN-20","2020","202001149167175201"
"P00015180","MORIELLO, ANTHONY MICHAEL MR","Independent","IND","President","P","United States","00","00","WEST HAVEN","CT","06516","2020","14-JAN-20","2020","202001149167175511"
"H0TX26196","WARREN, LUKE JACOB MR.","Democratic Party","DEM","House","H","Texas","TX","26","DENTON","TX","76209","2020","14-JAN-20","2020","202001149167175556"
"H0NH01282","MOWERS, MATT","Republican Party","REP","House","H","New Hampshire","NH","01","BEDFORD","NH","03110","2020","14-JAN-20","2020","202001149167166340"
"H0OR02176","HEUERTZ, NICK","Democratic Party","DEM","House","H","Oregon","OR","02","CENTRAL POINT","OR","97502","2020","13-JAN-20","2020","202001139167163495"
"H0MD08203","COLL, GREGORY THOMAS","Republican Party","REP","House","H","Maryland","MD","08","ROCKVILLE","MD","20852","2020","13-JAN-20","2020","202001139167163583"
"H0CT03155","STREICKER, MARGARET","Republican Party","REP","House","H","Connecticut","CT","03","MILFORD","CT","06460","2020","13-JAN-20","2020","202001139167157909"
"H0OH09167","WEBER, ROBERT MARION","Republican Party","REP","House","H","Ohio","OH","09","HENRIETTA TWP.","OH","44074","2020","13-JAN-20","2020","202001139167158574"
"H0VA01235","RASHID, QASIM","Democratic Party","DEM","House","H","Virginia","VA","01","GARRISONVILLE","VA","22643","2020","13-JAN-20","2020","202001139167158792"
"P00015131","RODEO, KENNY","Republican Party","REP","President","P","Colorado","CO","00","COLORADO SPRINGS","CO","80919","2020","13-JAN-20","2020","202001139167160205"
"H0NV04114","WOOD, REBECCA","Republican Party","REP","House","H","Nevada","NV","04","LAS VEGAS","NV","89130","2020","13-JAN-20","2020","202001139167161887"
"S0WV00249","OJEDA, RICHARD","Democratic Party","DEM","Senate","S","West Virginia","WV","00","HOLDEN","WV","25625","2020","13-JAN-20","2020","202001139167161967"
"H0KY05155","BEST, MATTHEW","Democratic Party","DEM","House","H","Kentucky","KY","05","LONDON","KY","40741","2020","13-JAN-20","2020","202001139167162372"
"H0MD07221","WOODARD, JEFFREY","Democratic Party","DEM","House","H","Maryland","MD","07","COLUMBIA","MD","21044","2020","13-JAN-20","2020","202001139167162477"
"H0GA14055","OTT, SARAH GEMBLE","Democratic Party","DEM","House","H","Georgia","GA","14","DALTON","GA","30721","2020","13-JAN-20","2020","202001150300306422"
"S0NJ00241","GAREPALLI, NAVODAYA","Republican Party","REP","Senate","S","New Jersey","NJ","00","HACKENSACK","NJ","07601","2020","13-JAN-20","2020","202001139167157248"
"H0TX14234","SAJNA, CYRUS MR","Independent","IND","House","H","Texas","TX","14","LAMARQUE","TX","77568","2020","13-JAN-20","2020","202001139167157310"
"P80003221","CAESAR, PRESIDENT EMPEROR","Democratic Party","DEM","President","P","United States","00","00","FT MYERS","FL","33908","2020","13-JAN-20","2020","202001140300305451"
"H4IN05112","DAVIDSON, ALLEN RAY","Republican Party","REP","House","H","Indiana","IN","05","INDIANAPOLIS","IN","462062201","2020","13-JAN-20","2020","202001140300305266"
"H0MA04218","SIGEL, BEN","Democratic Party","DEM","House","H","Massachusetts","MA","04","BROOKLINE","MA","02446","2020","13-JAN-20","2020","202001139167157908"
"P00015123","PHILLIPS, ANDREW S MR","Democratic Party","DEM","President","P","United States","00","00","LAS VEGAS","NV","89121","2020","12-JAN-20","2020","202001129167156518"
"H0PA17123","VODVARKA, JESSE JAMES","Republican Party","REP","House","H","Pennsylvania","PA","17","MC KEES ROCKS","PA","15136","2020","12-JAN-20","2020","202001129167157247"
"S0WY00152","BEN DAVID, MERAV","Democratic Party","DEM","Senate","S","Wyoming","WY","00","LARAMIE","WY","82070","2020","12-JAN-20","2020","202001129167156896"
"H0PA04279","BARNETTE, KATHY","Republican Party","REP","House","H","Pennsylvania","PA","04","HUNTINGDON VALLEY","PA","19006","2020","12-JAN-20","2020","202001129167156641"
"P00015115","SHAY, MARK","Independent","IND","President","P","United States","00","00","LUCAS","OH","44843","2020","11-JAN-20","2020","202001119167150731"
"H0IN01218","SCAIFE, DELANO MICHAEL","Republican Party","REP","House","H","Indiana","IN","01","KOUTS","IN","46347","2020","11-JAN-20","2020","202001119167150722"
"H0FL03209","ST. GEORGE, JAMES","Republican Party","REP","House","H","Florida","FL","03","FLEMING ISLAND","FL","32006","2020","10-JAN-20","2020","202001109167141223"
"H0VA01227","EASLEY, JOHN HAYES JR","Democratic Party","DEM","House","H","Virginia","VA","01","RICHMOND","VA","23234","2020","10-JAN-20","2020","202001109167142065"
"H0OH09159","CONNORS, TIMOTHY W II","Republican Party","REP","House","H","Ohio","OH","09","AVON LAKE","OH","44012","2020","10-JAN-20","2020","202001109167142737"
"H0TX08145","JONES, LAURA","Democratic Party","DEM","House","H","Texas","TX","08","COLDSPRING","TX","77331","2020","10-JAN-20","2020","202001109167142742"
"H0IN09179","RUFF, ANDY","Democratic Party","DEM","House","H","Indiana","IN","09","BLOOMINGTON","IN","47402","2020","10-JAN-20","2020","202001109167150060"
"P00015107","HILTON, AMIE NICOLE","Democratic Party","DEM","President","P","United States","00","00","PANAMA CITY BEACH","FL","32407","2020","10-JAN-20","2020","202001109167150367"
"H0TX32111","SIGMON, JASON","Independent","IND","House","H","Texas","TX","32","DALLAS","TX","75204","2020","10-JAN-20","2020","202001109167150147"
"H0GA06200","HARBIN, BLAKE","Republican Party","REP","House","H","Georgia","GA","06","ALPHARETTA","GA","30004","2020","10-JAN-20","2020","202001109167150276"
"H0KY04133","MCMURTRY, TODD","Republican Party","REP","House","H","Kentucky","KY","04","COVINGTON","KY","41011","2020","10-JAN-20","2020","202001109167150277"
"H0AZ02265","RUDEN, NORAN ERIC","Republican Party","REP","House","H","Arizona","AZ","02","TUCSON","AZ","85742","2020","10-JAN-20","2020","202001109167150362"
"H0TX11305","GRAY, CASEY LOGSDON","Republican Party","REP","House","H","Texas","TX","11","ODESSA","TX","79764","2020","10-JAN-20","2020","202001109167150092"
"H0IL15210","MORTON, CRAIG","Democratic Party","DEM","House","H","Illinois","IL","15","SALEM","IL","62881","2020","09-JAN-20","2020","202001099167127814"
"H0GA10285","SPITZNER, ALVIN EDWARD MR. JR.","Democratic Party","DEM","House","H","Georgia","GA","10","COVINGTON","GA","30016","2020","09-JAN-20","2020","202001099167128345"
"H0CA53255","STODDARD, CHRISTOPHER","Republican Party","REP","House","H","California","CA","53","SAN DIEGO","CA","92101","2020","09-JAN-20","2020","202001099167131501"
"H0NY13132","FELIPE, JEROME ZABAL MR","Democratic Party","DEM","House","H","New York","NY","13","BROOKLYN","NY","11221","2020","09-JAN-20","2020","202001099167131567"
"H0MN05244","ADAN, (LEILA)SHUKRI BASHIR MS","Democratic-Farmer-Labor","DFL","House","H","Minnesota","MN","05","MINNEAPOLIS","MN","55405","2020","09-JAN-20","2020","202001099167140994"
"H0VA03140","BURKE, GEOFFREY R","Republican Party","REP","House","H","Virginia","VA","03","CHESAPEAKE","VA","23320","2020","09-JAN-20","2020","202001099167132510"
"H0TX26188","ARMSTRONG, MICHAEL","Republican Party","REP","House","H","Texas","TX","26","FLOWER MOUND","TX","75022","2020","09-JAN-20","2020","202001099167133075"
"H0MS04187","DEMING, ROBERT L III","Republican Party","REP","House","H","Mississippi","MS","04","BILOXI","MS","39532","2020","09-JAN-20","2020","202001099167133084"
"P00015081","ARDELEANU, SORINNE FRIEDA","Libertarian Party","LIB","President","P","United States","00","00","SAN FRANCISCO","CA","94164","2020","09-JAN-20","2020","202001099167132362"
"H0MN66014","ROSE, BRETT ALLYN","Other","OTH","House","H","Minnesota","MN","","ROSEVILLE","MN","55113","2020","08-JAN-20","2020","202001100300305059"
"H0CA24165","YOUNG, KENNETH SIDNEY MR","Independent","IND","House","H","California","CA","24","SANTA BARBARA","CA","93101","2020","08-JAN-20","2020","202001089167127313"
"H0VA04072","SPIVEY, JAMES LAWRENCE","Republican Party","REP","House","H","Virginia","VA","04","FRANKLIN","VA","23851","2020","08-JAN-20","2020","202001089167127393"
"H0FL13174","SACRAMENTO, NICOLAS","Republican Party","REP","House","H","Florida","FL","13","CLEARWATER BEACH","FL","33767","2020","08-JAN-20","2020","202001089167127410"
"H0WI01120","POLACK, ROGER","Democratic Party","DEM","House","H","Wisconsin","WI","01","RACINE","WI","53404","2020","08-JAN-20","2020","202001089167027995"
"H0PA16059","SONNEK, LUISA S MS","Democratic Party","DEM","House","H","Pennsylvania","PA","16","MEADVILLE","PA","16335","2020","08-JAN-20","2020","202001089167028351"
"H0IN01200","BOROM, MELISSA","Democratic Party","DEM","House","H","Indiana","IN","01","GARY","IN","46401","2020","08-JAN-20","2020","202001089167124484"
"H0FL08232","AMMI, HICHAMD","Democratic Party","DEM","House","H","Florida","FL","08","WEST MELBOURNE","FL","32904","2020","08-JAN-20","2020","202001089167058813"
"H0AZ09047","HUANG, HSINMING SAM DR.","Republican Party","REP","House","H","Arizona","AZ","09","CHANDLER","AZ","85226","2020","08-JAN-20","2020","202001089167060456"
"H0TX35056","MATA, JASON SR","Independent","IND","House","H","Texas","TX","35","SAN ANTONIO","TX","78207","2020","08-JAN-20","2020","202001089167122661"
"P00015073","MADRID, NAPOLEON PICASSO VALENTINO","Independent","IND","President","P","United States","00","00","SAN ANTONIO","TX","78255","2020","08-JAN-20","2020","202001089167122911"
"H0IL05351","BURNS, BRIAN","Democratic Party","DEM","House","H","Illinois","IL","05","CHICAGO","IL","60611","2020","08-JAN-20","2020","202001089167124414"
"H0TX07238","KELLY, LEONARD SHAWN","Libertarian Party","LIB","House","H","Texas","TX","07","HOUSTON","TX","77095","2020","08-JAN-20","2020","202001089167058811"
"S0NM00124","RONCHETTI, MARK","Republican Party","REP","Senate","S","New Mexico","NM","00","ALBUQUERQUE","NM","87199","2020","07-JAN-20","2020","202001079167024126"
"H0TN01076","CLARK, JOHN MARIO","Republican Party","REP","House","H","Tennessee","TN","01","KINGSPORT","TN","37664","2020","07-JAN-20","2020","202001079167024233"
"P00015040","GOODSON, ALEXIS MARIE","None","NNE","President","P","United States","00","00","GREENVILLE","CA","95947","2020","07-JAN-20","2020","202001079167026432"
"H0VA01219","WASHINGTON, KEVIN","Democratic Party","DEM","House","H","Virginia","VA","01","NEW KENT","VA","23124","2020","07-JAN-20","2020","202001079167027916"
"H0TX07220","REHMAN, LAIQUE","Republican Party","REP","House","H","Texas","TX","07","HOUSTON","TX","77056","2020","07-JAN-20","2020","202001079167026958"
"H0OH07146","LAPE, BRANDON MICHAEL","Libertarian Party","LIB","House","H","Ohio","OH","07","DANVILLE","OH","43014","2020","07-JAN-20","2020","202001079167027268"
"H0IN01192","MOSBY, WENDELL","Democratic Party","DEM","House","H","Indiana","IN","01","SCHERERVILLE","IN","46375","2020","07-JAN-20","2020","202001079167027915"
"P00015057","MULLEN, BROOKE MARIE","None","NNE","President","P","United States","00","00","GREENVILLE","CA","95947","2020","07-JAN-20","2020","202001079167026433"
"H8MA04047","ROBINSON, HERB","Democratic Party","DEM","House","H","Massachusetts","MA","04","NEWTON","MA","024611338","2020","06-JAN-20","2020","202001080300304666"
"S0CA00488","HITSON 255 KINDER AVE, KYLE DAVID","Democratic Party","DEM","Senate","S","California","CA","00","GREEVILLE","CA","95947","2020","06-JAN-20","2020","202001069167022817"
"H0WA10042","REEVES, KRISTINE","Democratic Party","DEM","House","H","Washington","WA","10","LAKEWOOD","WA","98499","2020","06-JAN-20","2020","202001069167023059"
"H0CT01118","DANG, BETTY","Republican Party","REP","House","H","Connecticut","CT","01","EAST HARTFORD","CT","06118","2020","06-JAN-20","2020","202001069167023377"
"H0MS02082","FLOWERS, BRIAN WESLEY","Republican Party","REP","House","H","Mississippi","MS","02","CLINTON","MS","39056","2020","06-JAN-20","2020","202001069167023855"
"H2FL14186","DONALDS, BYRON","Republican Party","REP","House","H","Florida","FL","19","NAPLES","FL","34108","2020","06-JAN-20","2020","202001069167021212"
"H0CO05145","LUCAS, RYAN","Democratic Party","DEM","House","H","Colorado","CO","05","COLORADO SPRINGS","CO","80923","2020","06-JAN-20","2020","202001069167024021"
"H6AZ01181","OLIVAS, MIGUEL","Democratic Party","DEM","House","H","Arizona","AZ","01","TUCSON","AZ","85710","2020","06-JAN-20","2020","202001069167022647"
"P00015032","SAVALA, HARLAN VILAS","Democratic Party","DEM","President","P","United States","00","00","GREEVILLE","CA","95947","2020","06-JAN-20","2020","202001069167022738"
"P20005054","FRASER, GEORGE LASCELLES PETRO BONITAC","Independent","IND","President","P","United States","00","00","BROOKLYN","NY","11212","2020","06-JAN-20","2020","202001060300304328"
"H0KS02196","DE LA ISLA, MICHELLE","Democratic Party","DEM","House","H","Kansas","KS","02","TOPEKA","KS","66667","2020","06-JAN-20","2020","202001069167023869"
"H0CT05234","MEEHAN, RYAN","Republican Party","REP","House","H","Connecticut","CT","05","LITCHFIEDL","CT","06759","2020","06-JAN-20","2020","202001069167024020"
"H0NJ02171","KENNEDY, AMY","Democratic Party","DEM","House","H","New Jersey","NJ","02","ISLAND HEIGHTS","NJ","08732","2020","06-JAN-20","2020","202001069167021185"
"H0WI03142","GARSKE, JOHN MR.","Republican Party","REP","House","H","Wisconsin","WI","03","EAU CLAIRE","WI","54701","2020","05-JAN-20","2020","202001059167020611"
"S0KY00420","BOOKER, CHARLES","Democratic Party","DEM","Senate","S","Kentucky","KY","00","LOUISVILLE","KY","40203","2020","05-JAN-20","2020","202001059167020863"
"H0NJ10224","GOLDBERG, JACK MR","Democratic Party","DEM","House","H","New Jersey","NJ","10","WEST ORANGE","NJ","07052","2020","05-JAN-20","2020","202001059167021084"
"H0CO01169","CAMP, JOSEPH A.","Independent","IND","House","H","Colorado","CO","01","DENVER","CO","80239","2020","05-JAN-20","2020","202001059167021083"
"H0NC08254","TIMMONS-GOODSON, PATRICIA","Democratic Party","DEM","House","H","North Carolina","NC","08","FAYETTEVILLE","NC","28304","2020","05-JAN-20","2020","202001059167020875"
"H0NM03243","CECILIA MARTINEZ, SALAZAR","Republican Party","REP","House","H","New Mexico","NM","03","ESPANOLA","NM","87533","2020","04-JAN-20","2020","202001080300304730"
"H0SC07029","WATSON, MELISSA WARD","Democratic Party","DEM","House","H","South Carolina","SC","07","FLORENCE","SC","29505","2020","04-JAN-20","2020","202001049167019791"
"H0CO06135","GONZALEZ, RYAN ALEXANDER","Republican Party","REP","House","H","Colorado","CO","06","AURORA","CO","80015","2020","04-JAN-20","2020","202001049167020567"
"H0MO07246","MONTSENY, TERESA MS.","Democratic Party","DEM","House","H","Missouri","MO","07","SPRINGFIELD","MO","65804","2020","04-JAN-20","2020","202001049167020545"
"H0OH15156","HUNT, SHELBY XAVIER","Republican Party","REP","House","H","Ohio","OH","15","PICKERINGTON","OH","43147","2020","04-JAN-20","2020","202001049167020235"
"H0NY07100","OMERE, IROGHAMA CHRISTIANNA MS.","Democratic Party","DEM","House","H","New York","NY","07","NEW YORK","NY","10005","2020","03-JAN-20","2020","202001039167015706"
"H0SC01436","JOHNSON, JAMISON VANN MR.","Republican Party","REP","House","H","South Carolina","SC","01","CHARLESTON","SC","29413","2020","03-JAN-20","2020","202001039167018930"
"H0CT04211","MERLEN, BRIAN","Democratic Party","DEM","House","H","Connecticut","CT","04","STAMFORD","CT","06906","2020","03-JAN-20","2020","202001039167018951"
"H0GA09196","BOGGUS, MICHAEL SHANE","Republican Party","REP","House","H","Georgia","GA","09","COMMERCE","GA","30530","2020","03-JAN-20","2020","202001060300304271"
"H0TX22336","CAMARILLO, JONATHAN","Republican Party","REP","House","H","Texas","TX","22","PEARLAND","TX","77581","2020","03-JAN-20","2020","202001039167019247"
"H0NC04204","SARKAR, DEBESH","Republican Party","REP","House","H","North Carolina","NC","04","RALEIGH","NC","27616","2020","03-JAN-20","2020","202001039167019661"
"H0TN05358","ADCOX, ANTHONY","Republican Party","REP","House","H","Tennessee","TN","05","JOELTON","TN","37080","2020","03-JAN-20","2020","202001039167019676"
"P00015024","LETNEY, BRAD ALLEN","Republican Party","REP","President","P","United States","00","00","COLLEGE STATION","TX","77840","2020","03-JAN-20","2020","202001039167019246"
"H8NY12129","PATEL, SURAJ","Democratic Party","DEM","House","H","New York","NY","12","NEW YORK","NY","10009","2020","02-JAN-20","2020","202001020300304042"
"P00015016","SERIC, DENIS","Write-In","W","President","P","United States","00","00","CHICAGO","IL","60625","2020","02-JAN-20","2020","202001029167015677"
"H0TX08137","OSBORN, KIRK LLOYD","Republican Party","REP","House","H","Texas","TX","08","MAGNOLIA","TX","77354","2020","02-JAN-20","2020","202001029166892121"
"H0AZ08098","RODRIGUEZ, JIMMY","Republican Party","REP","House","H","Arizona","AZ","08","GLENDALE","AZ","85305","2020","02-JAN-20","2020","202001029166892123"
"H0FL03183","CHRISTENSEN, ADAM J","Democratic Party","DEM","House","H","Florida","FL","03","GAINESVILLE","FL","32601","2020","02-JAN-20","2020","202001029166892239"
"S0NJ00233","HAMM, LAWRENCE MR.","Democratic Party","DEM","Senate","S","New Jersey","NJ","00","NEWARK","NJ","07101","2020","02-JAN-20","2020","202001029166892450"
"H0NC11225","KING, JOSEPH WAYNE MR. II","Republican Party","REP","House","H","North Carolina","NC","11","KINGS MOUNTAIN","NC","28086","2020","02-JAN-20","2020","202001029166893259"
"H0MI05162","KELLY, TIMOTHY P","Republican Party","REP","House","H","Michigan","MI","05","SAGINAW","MI","48602","2020","02-JAN-20","2020","202001029166893990"
"H8PA07135","BILLIE, JOSEPH MICHAEL","Republican Party","REP","House","H","Pennsylvania","PA","05","ASTON","PA","19014","2020","02-JAN-20","2020","202001029166894128"
"S0GA00542","WINFIELD, RICHARD DIEN","Democratic Party","DEM","Senate","S","Georgia","GA","00","ATHENS","GA","30605","2020","02-JAN-20","2020","202001029166894167"
"H0MN02134","KISTNER, TYLER","Republican Party","REP","House","H","Minnesota","MN","02","APPLE VALLEY","MN","55124","2020","02-JAN-20","2020","202001029166894209"
"H0NC11233","CAWTHORN, DAVID MADISON","Republican Party","REP","House","H","North Carolina","NC","11","HENDERSONVILLE","NC","28791","2020","02-JAN-20","2020","202001029166895095"
"H0FL03191","ROLLINS, GAVIN","Republican Party","REP","House","H","Florida","FL","03","KEYSTONE HEIGHTS","FL","32656","2020","02-JAN-20","2020","202001029166895171"
"S0DE00183","WITZKE, LAUREN ELENA","Republican Party","REP","Senate","S","Delaware","DE","00","DELMAR","DE","19940","2020","02-JAN-20","2020","202001029166895657"
"S4NJ00250","MEISSNER, STUART","Republican Party","REP","Senate","S","New Jersey","NJ","00","TRENTON","NJ","08650","2020","02-JAN-20","2020","202001030300304061"
"P00015008","GOODE, DAVID BRYAN MR","Independent","IND","President","P","United States","00","00","EL PASO","TX","79934","2020","02-JAN-20","2020","202001029167015596"
"H8NJ02174","CUNNINGHAM, WILLIAM","Democratic Party","DEM","House","H","New Jersey","NJ","02","VINELAND","NJ","08360","2020","02-JAN-20","2020","202001020300304034"
"H0WA10034","STRICKLAND, MARILYN","Democratic Party","DEM","House","H","Washington","WA","10","TACOMA","WA","98404","2020","01-JAN-20","2020","202001019166892015"
"H0HI02189","FAMERA, ASHLEY NOELLE","Democratic Party","DEM","House","H","Hawaii","HI","02","HONOLULU","HI","96822","2020","01-JAN-20","2020","202001019166892016"
"H0GA14030","FULLER, CLAYTON","Republican Party","REP","House","H","Georgia","GA","14","LOOKOUT MOUNTAIN","GA","30750","2020","01-JAN-20","2020","202001019166892044"
"H0PA03321","CUNNINGHAM-BULLOCK, ANDRE MICHAEL","Democratic Party","DEM","House","H","Pennsylvania","PA","03","PHILADELPHIA","PA","19134","2020","01-JAN-20","2020","202001019166891820"
"H6PA11073","MARSICANO, MICHAEL","Republican Party","REP","House","H","Pennsylvania","PA","08","HAZLE TOWNSHIP","PA","18202","2020","01-JAN-20","2020","202001019166891898"
"H0NY02267","LIPETRI, MIKE","Republican Party","REP","House","H","New York","NY","02","MASSAPEQUA","NY","11758","2020","01-JAN-20","2020","202001019166891836"
"H0MD05258","SAYERS, DOUGLAS MILLARD","Republican Party","REP","House","H","Maryland","MD","05","LA PLATA","MD","20646","2020","01-JAN-20","2020","202001019166891867"
"H0FL06111","THRIPP, RICHARD","Democratic Party","DEM","House","H","Florida","FL","06","ORANGE CITY","FL","32763","2020","01-JAN-20","2020","202001019166891969"
"H0NY20137","SEABURG, RILEY DAVID JESUS","Democratic Party","DEM","House","H","New York","NY","20","BALLSTON SPA","NY","12020","2020","01-JAN-20","2020","202001019166891826"
"H0NC01119","NIX, MICHELE ANN","Republican Party","REP","House","H","North Carolina","NC","01","KINSTON","NC","28501","2020","31-DEC-19","2019","201912319166891416"
"H0CA08192","CASTILLO, SAUL JR","Democratic Party","DEM","House","H","California","CA","08","SAN BERNARDINO","CA","92407","2020","31-DEC-19","2019","201912319166891630"
"P00014993","RICHARDSON, TAMBRA D MS RYAN","Independence Party","IDP","President","P","United States","00","00","MOODY","AL","35004","2020","31-DEC-19","2019","201912319166891780"
"H0NY17299","GUIN, DELTER","Democratic Party","DEM","House","H","New York","NY","17","CHARLOTTE","NC","28213","2020","31-DEC-19","2019","201912319166889366"
"H0PA05094","PRUETT, DASHA","Republican Party","REP","House","H","Pennsylvania","PA","05","DREXEL HILL","PA","19026","2020","31-DEC-19","2019","201912319166891415"
"H0NC06241","HAYWOOD, JOSEPH LEE","Republican Party","REP","House","H","North Carolina","NC","06","SUMMERFIELD","NC","27358","2020","31-DEC-19","2019","201912319166889929"
"H0TX05117","HILL, DONALD","Republican Party","REP","House","H","Texas","TX","05","DALLAS","TX","75218","2020","31-DEC-19","2019","201912319166890228"
"H0NC11217","BURRIL, MATTHEW","Republican Party","REP","House","H","North Carolina","NC","11","SKYLAND","NC","28776","2020","31-DEC-19","2019","201912319166890322"
"S0NM00116","SANCHEZ, LOUIE J","Republican Party","REP","Senate","S","New Mexico","NM","00","ALBUQUERQUE","NM","87111","2020","31-DEC-19","2019","201912319166890441"
"H0CA48230","SCHUESLER, JOHN THOMAS","Republican Party","REP","House","H","California","CA","48","HUNTINGTON BEACH","CA","92647","2020","31-DEC-19","2019","201912319166889926"
"H0TN09061","BERGMANN, CHARLOTTE","Republican Party","REP","House","H","Tennessee","TN","09","MEMPHIS","TN","38125","2020","30-DEC-19","2019","201912309166888456"
"H0TX19076","WYSINGER, ROBERT T","Other","OTH","House","H","Texas","TX","19","ROWLETT","TX","75089","2020","30-DEC-19","2019","201912309166885210"
"H0HI01264","WYSINGER, ROBERT T","Other","OTH","House","H","Hawaii","HI","01","ROWLETT","TX","75030","2020","30-DEC-19","2019","201912309166885211"
"H0MI09172","WYSINGER, ROBERT T","Other","OTH","House","H","Michigan","MI","09","ROWLETT","TX","75030","2020","30-DEC-19","2019","201912309166885213"
"H0MS03106","WYSINGER, ROBERT","Other","OTH","House","H","Mississippi","MS","03","ROWLETT","TX","75030","2020","30-DEC-19","2019","201912309166885214"
"H0MN08164","WYSINGER, ROBERT","Other","OTH","House","H","Minnesota","MN","08","ROWLETT","TX","75030","2020","30-DEC-19","2019","201912309166885215"
"S4SD00114","WALKER, CLAYTON G","Independent","IND","Senate","S","South Dakota","SD","00","RAPID CITY","SD","57709","2020","30-DEC-19","2019","201912300300303984"
"H0MN01110","WYSINGER, PRINCE LOUIS Q","Other","OTH","House","H","Minnesota","MN","01","ROWLETT","TX","75030","2020","30-DEC-19","2019","201912309166885218"
"H0MI01237","WYSINGER, PRINCE LOUIS Q","Libertarian Party","LIB","House","H","Michigan","MI","01","ROWLETT","TX","75030","2020","30-DEC-19","2019","201912309166885219"
"H8WI02121","THERON, DANIEL PETER","Republican Party","REP","House","H","Wisconsin","WI","02","MADISON","WI","53713","2020","30-DEC-19","2019","201912309166888266"
"H0NY02259","KUDLER, ROBERT","Republican Party","REP","House","H","New York","NY","02","MERRICK","NY","11566","2020","30-DEC-19","2019","201912309166888572"
"P00014985","CLEMENTE, GARY CARMEN","Independent","IND","President","P","United States","00","00","LOS ANGELES","CA","90004","2020","30-DEC-19","2019","201912300300303921"
"H0HI01272","WYSINGER, PRINCELOUIS Q","Other","OTH","House","H","Hawaii","HI","01","SACRAMENTO","CA","95835","2020","30-DEC-19","2019","201912309166885216"
"H0HI02171","JEFFERSON, DAKINYA","Libertarian Party","LIB","House","H","Hawaii","HI","02","ROWLETT","TX","75030","2020","29-DEC-19","2019","201912299166885196"
"H0FL09123","HERNANDEZ REYES, EDGAR HERNANDEZ","Unaffiliated","UN","House","H","Florida","FL","09","KISSEEMMEE","FL","34744","2020","29-DEC-19","2019","201912299166885040"
"H0MS03098","JEFFERSON, DEMONDRIA N","Libertarian Party","LIB","House","H","Mississippi","MS","03","ROWLETT","TX","75030","2020","29-DEC-19","2019","201912299166885199"
"H0FL04165","GLEICHAUF, ROBBI","Republican Party","REP","House","H","Florida","FL","04","JACKSONVILLE","FL","32226","2020","29-DEC-19","2019","201912299166885200"
"H0MN05236","JEFFERSON, DEMONDRIA N","Libertarian Party","LIB","House","H","Minnesota","MN","05","ROWLETT","TX","75030","2020","29-DEC-19","2019","201912299166885201"
"H0GA05244","JEFFERSON, DEMONDRIA N","Libertarian Party","LIB","House","H","Georgia","GA","05","ROWLETT","TX","75030","2020","29-DEC-19","2019","201912299166885202"
"H0MI05154","JEFFERSON, DEMONDRIA N","Libertarian Party","LIB","House","H","Michigan","MI","05","ROWLETT","TX","75030","2020","29-DEC-19","2019","201912299166885207"
"H0TX06107","JEFFERSON, NETITA V","Other","OTH","House","H","Texas","TX","06","DALLAS","TX","75243","2020","29-DEC-19","2019","201912299166885208"
"H0TX01116","JEFFERSON, ARKEISKA T","Other","OTH","House","H","Texas","TX","01","DALLAS","TX","75227","2020","29-DEC-19","2019","201912299166885086"
"H0MS04179","JEFFERSON, ARKEISKA T","Libertarian Party","LIB","House","H","Mississippi","MS","04","DALLAS","TX","75227","2020","29-DEC-19","2019","201912299166885087"
"H0MI04116","JEFFERSON, ARKEISKA T","Libertarian Party","LIB","House","H","Michigan","MI","04","DALLAS","TX","75227","2020","29-DEC-19","2019","201912299166885088"
"H0MS03080","JEFFERSON, DAKINYA J","Libertarian Party","LIB","House","H","Mississippi","MS","03","ROWLETT","TX","75089","2020","29-DEC-19","2019","201912299166885141"
"H0MI13489","JEFFERSON, DAKINYA","Libertarian Party","LIB","House","H","Michigan","MI","13","ROWLETT","TX","75030","2020","29-DEC-19","2019","201912299166885143"
"H0MN06168","JEFFERSON, DAKINYA","Libertarian Party","LIB","House","H","Minnesota","MN","06","ROWLETT","TX","75030","2020","29-DEC-19","2019","201912299166885190"
"P00014969","MCCARTNEY, THOMAS","Other","OTH","President","P","Minnesota","MN","00","EAGAN","MN","55122","2020","29-DEC-19","2019","201912299166885028"
"H8MP00041","SABLAN, GREGORIO KILILI CAMACHO REP.","Independent","IND","House","H","Northern Mariana Islands","MP","00","SAIPAN","MP","96950","2020","29-DEC-19","2019","201912299166885029"
"P00014977","JEFFERSON, DEMONDRIA","Libertarian Party","LIB","President","P","United States","00","00","ROWLETT","TX","75089","2020","29-DEC-19","2019","201912299166885197"
"H0TX16130","HERNANDEZ-CIGARRUSITA, PATRICK","Republican Party","REP","House","H","Texas","TX","16","EL PASO","TX","79934","2020","28-DEC-19","2019","201912289166884959"
"P00014951","BOLES, SKY","Independent","IND","President","P","Arizona","AZ","00","PHOENIX","AZ","85051","2020","28-DEC-19","2019","201912289166884969"
"H0IL15202","ELLINGTON, CHARLES RICHARD DR. JR.","Republican Party","REP","House","H","Illinois","IL","15","CAMARGO","IL","61919","2020","28-DEC-19","2019","201912289166884975"
"H0NM03235","BENALLY, DINEH","Democratic Party","DEM","House","H","New Mexico","NM","03","SHIPROCK","NM","87420","2020","28-DEC-19","2019","201912289166885025"
"H0CA02153","MANGAS MONIZ, RACHEL OLIVIA","Democratic Party","DEM","House","H","California","CA","02","SAN RAFAEL","CA","94903","2020","28-DEC-19","2019","201912289166884939"
"H0IN03248","MARCANO, CARLOS CRUZ JR","Democratic Party","DEM","House","H","Indiana","IN","03","ROANOKE","IN","46783","2020","28-DEC-19","2019","201912289166885027"
"H0TX26170","CUNNINGHAM, WILLIAM ROBERT MR. JR.","Independent","IND","House","H","Texas","TX","26","DENTON","TX","76201","2020","28-DEC-19","2019","201912289166884888"
"H0AZ06092","LEWELLEN, TOM MR.","C","C","House","H","Arizona","AZ","06","SCOTTSDALE","AZ","85255","2020","28-DEC-19","2019","201912289166884937"
"P00014944","HAMILL, PETER PATRICKDEAN","Write-In","W","President","P","United States","00","00","HASTINGS","FL","32145","2020","28-DEC-19","2019","201912289166884938"
"H0NC06233","MONTGOMERY, DERWIN LAMAR","Democratic Party","DEM","House","H","North Carolina","NC","06","WINSTON SALEM","NC","27101","2020","28-DEC-19","2019","201912289166885026"
"H0TX08129","HERNANDEZ, ELIZABETH","Democratic Party","DEM","House","H","Texas","TX","08","THE WOODLANDS","TX","77382","2020","27-DEC-19","2019","201912279166884586"
"H0MI08166","HOOVER, ALAN THOMAS","Republican Party","REP","House","H","Michigan","MI","08","ORTONVILLE","MI","48462","2020","27-DEC-19","2019","201912279166884663"
"P00014936","MEEHAN, SHANE MICHAEL","Democratic Party","DEM","President","P","United States","00","00","TERRE HAUTE","IN","47802","2020","27-DEC-19","2019","201912279166884628"
"H0MD05241","HOFFMAN, VANESSA MARIE","Democratic Party","DEM","House","H","Maryland","MD","05","COLUMBIA","MD","21045","2020","27-DEC-19","2019","201912279166884623"
"H0UT02310","JARVIS, JOSEPH QUINN DR.","Other","OTH","House","H","Utah","UT","02","SALT LAKE CITY","UT","84103","2020","26-DEC-19","2019","201912269166882635"
"H0NC11209","ARCHERD, CHARLES WALLACE","Republican Party","REP","House","H","North Carolina","NC","11","ASHEVILLE","NC","28813","2020","26-DEC-19","2019","201912269166884125"
"H2NC08201","WILLIAMS, MARCUS W","Democratic Party","DEM","House","H","North Carolina","NC","09","LUMBERTON","NC","28359","2020","26-DEC-19","2019","201912300300303898"
"P00014910","WELCH, PAUL LENHART","Democratic Party","DEM","President","P","United States","00","00","PORTLAND","OR","97219","2020","25-DEC-19","2019","201912259166882247"
"H0VA04064","BENJAMIN, LEON MR. SR.","Republican Party","REP","House","H","Virginia","VA","04","RICHMOND","VA","23224","2020","24-DEC-19","2019","201912249166881997"
"H0NJ02163","BENNETT, ASHLEY","Democratic Party","DEM","House","H","New Jersey","NJ","02","MAYS LANDING","NJ","08330","2020","24-DEC-19","2019","201912249166881991"
"H0NC09286","WALLACE, CYNTHIA","Democratic Party","DEM","House","H","North Carolina","NC","09","CHARLOTTE","NC","28271","2020","23-DEC-19","2019","201912239166881276"
"H0NC11191","BENNETT, LYNDA","Republican Party","REP","House","H","North Carolina","NC","11","RALEIGH","NC","27624","2020","23-DEC-19","2019","201912239166878397"
"S0NJ00225","RICH, GARY MR. SR","Republican Party","REP","Senate","S","New Jersey","NJ","00","SPRING LAKE","NJ","07762","2020","23-DEC-19","2019","201912239166881895"
"H0CA08184","GREEN, JACQUETTA L","Write-In","W","House","H","California","CA","08","SAN BERNARDINO","CA","92404","2020","23-DEC-19","2019","201912239166881293"
"H0TX33044","SEGURA, SEAN PAUL","Democratic Party","DEM","House","H","Texas","TX","33","DALLAS","TX","75211","2020","22-DEC-19","2019","201912229166872604"
"P00014902","JEFFERSON, DAKINYA J","Libertarian Party","LIB","President","P","United States","00","00","ROWLETT","TX","75089","2020","22-DEC-19","2019","201912229166872629"
"P00014894","JEFFERSON, CEDRIC D","Libertarian Party","LIB","President","P","United States","00","00","THE COLONY","TX","75056","2020","22-DEC-19","2019","201912229166872609"
"S0GA00534","MILLER, ERVAN KATARI MR.","Republican Party","REP","Senate","S","Georgia","GA","00","QUITMAN","GA","31643","2020","21-DEC-19","2019","201912219166872556"
"P20004537","SLOAN, SAM","Democratic Party","DEM","President","P","United States","00","00","BRONX","NY","10453","2020","21-DEC-19","2019","201912300300303926"
"H0TX13251","FOGLESONG, JASON","Republican Party","REP","House","H","Texas","TX","13","AMARILLO","TX","79159","2020","21-DEC-19","2019","201912219166872559"
"P00014886","RIVERA, LUIS MR JR","None","NNE","President","P","United States","00","00","DAVIE","FL","33325","2020","21-DEC-19","2019","201912219166872558"
"S0TX00407","BRUMLEY, JAMES","Human Rights Party","HRP","Senate","S","Texas","TX","00","JASPER","TX","75951","2020","20-DEC-19","2019","201912209166629323"
"H0NC02158","SWAIN, ALAN D","Republican Party","REP","House","H","North Carolina","NC","02","RALEIGH","NC","27624","2020","20-DEC-19","2019","201912209166643613"
"H0CA53248","SANTORI, SUZETTE","Democratic Party","DEM","House","H","California","CA","53","SAN DIEGO","CA","92168","2020","20-DEC-19","2019","201912209166647675"
"H0OR02168","CRUMPACKER, JIMMY","Republican Party","REP","House","H","Oregon","OR","02","BEND","OR","97703","2020","20-DEC-19","2019","201912209166739264"
"H0TX08129","HERNANDEZ, ELIZABETH","Democratic Party","DEM","House","H","Texas","TX","08","THE WOODLANDS","TX","77382","2019","20-DEC-19","2019","201912209166689893"
"H0CA38157","TOLAR, MICHAEL","Democratic Party","DEM","House","H","California","CA","38","WHITTIER","CA","90601","2020","20-DEC-19","2019","201912209166690890"
"H0NC11183","DAVIS, JAMES (JIM) WAYLAND DDS, MS","Republican Party","REP","House","H","North Carolina","NC","11","FRANKLIN","NC","28734","2020","20-DEC-19","2019","201912209166666098"
"H0NV03157","PERESZLENYI, ALEX","Independent","IND","House","H","Nevada","NV","03","HENDERSON","NV","89074","2020","19-DEC-19","2019","201912199166628026"
"S0CO00633","CAMP, JOSEPH ANTHONY","Independent","IND","Senate","S","Colorado","CO","00","DENVER","CO","80239","2020","19-DEC-19","2019","201912199166628543"
"P00014852","WHITNEYIII, ELLERTON PRATT MARK","Libertarian Party","LIB","President","P","United States","00","00","SAN DIEGO","CA","92121","2020","19-DEC-19","2019","201912190300303500"
"H0CA53230","WONG, TOM K","Democratic Party","DEM","House","H","California","CA","53","SAN DIEGO","CA","92104","2020","19-DEC-19","2019","201912199166403390"
"H0FL19197","FITZENHAGEN, HEATHER","Republican Party","REP","House","H","Florida","FL","19","FORT MYERS","FL","33901","2020","19-DEC-19","2019","201912199166398059"
"P00014860","WILLIAMS, THOMAS EDWARD","Write-In","W","President","P","United States","00","00","SIMI VALLEY","CA","93063","2020","19-DEC-19","2019","201912199166401015"
"H0TX27087","DE LA FUENTE, RICARDO","Democratic Party","DEM","House","H","Texas","TX","27","RANCHO SANTA FE","CA","92067","2020","19-DEC-19","2019","201912199166402808"
"H0NV04106","DUNSON, LEO","Republican Party","REP","House","H","Nevada","NV","04","LAS VEGAS","NV","89115","2020","19-DEC-19","2019","201912199166380096"
"H0CO04205","TOMITSCH, MELANIE DIANE","Democratic Party","DEM","House","H","Colorado","CO","04","ARVADA","CO","80005","2020","18-DEC-19","2019","201912189166372725"
"P00014845","VIBE, ROME","Independent","IND","President","P","United States","00","00","DENVER","CO","80237","2020","18-DEC-19","2019","201912189166372832"
"H0TX24266","BAUER, MARK ANDREW","Independent","IND","House","H","Texas","TX","24","IRVING","TX","75063","2020","18-DEC-19","2019","201912189166371439"
"H0TX19068","WATSON, THOMAS W","Democratic Party","DEM","House","H","Texas","TX","19","ABILENE","TX","79605","2020","18-DEC-19","2019","201912189166357535"
"H0NC09278","BROOKS, CLAYTON W. III","Democratic Party","DEM","House","H","North Carolina","NC","09","CARY","NC","27513","2020","18-DEC-19","2019","201912189166371436"
"H0CA08176","CARON, CRAYA CONRADINA DR.","Republican Party","REP","House","H","California","CA","08","TWENTYNINE PALMS","CA","92277","2020","18-DEC-19","2019","201912189166373025"
"H0FL25103","PERSKY, STEWART ALAN","Republican Party","REP","House","H","Florida","FL","25","NAPLES","FL","34120","2020","17-DEC-19","2019","201912170300303437"
"H0FL05162","ABENCHUCHAN, ISAIAH","Democratic Party","DEM","House","H","Florida","FL","05","JACKSONVILLE","FL","32277","2020","17-DEC-19","2019","201912179166301479"
"H0NY17281","PARKER, CATHERINE F","Democratic Party","DEM","House","H","New York","NY","17","WHITE PLAINS","NY","10602","2020","17-DEC-19","2019","201912179166354511"
"H2UT02316","WALLACK, HOWARD","Republican Party","REP","House","H","Utah","UT","01","PARK CITY","UT","84060","2020","17-DEC-19","2019","201912190300303518"
"H0WA06099","PARSON, REBECCA","Democratic Party","DEM","House","H","Washington","WA","06","TACOMA","WA","98411","2020","17-DEC-19","2019","201912179166309266"
"H0OH10124","FLANDERS, KATHI","Republican Party","REP","House","H","Ohio","OH","10","DAYTON","OH","45458","2020","16-DEC-19","2019","201912160300303389"
"H0MN02126","ZEILER, KERRY P","Republican Party","REP","House","H","Minnesota","MN","02","EAGAN","MN","55121","2020","16-DEC-19","2019","201912169166299107"
"H0IN05318","HOOK, MATTHEW CAROLL","Republican Party","REP","House","H","Indiana","IN","05","CARMEL","IN","46033","2020","16-DEC-19","2019","201912160300303412"
"S0RI00067","WATERS, ALLEN","Republican Party","REP","Senate","S","Rhode Island","RI","00","PROVIDENCE","RI","02940","2020","16-DEC-19","2019","201912169166296620"
"S0SC00339","GARCIA, JOHNNY MR.","Republican Party","REP","Senate","S","South Carolina","SC","00","NORTH CHARLESTON","SC","29406","2020","16-DEC-19","2019","201912169166295850"
"H0MD07213","GRANT, LESLIE E.","Democratic Party","DEM","House","H","Maryland","MD","07","GLEN ARM","MD","21057","2020","16-DEC-19","2019","201912169166296137"
"P00014837","QUINN, FRANK G","No Party Affiliation","NPA","President","P","United States","00","00","HOPE","AK","99605","2020","16-DEC-19","2019","201912169166296139"
"H0CA53222","FOUNTAIN, JOSEPH DR.","Democratic Party","DEM","House","H","California","CA","53","SAN DIEGO","CA","92120","2020","16-DEC-19","2019","201912169166294694"
"H0FL27059","MONTIEL, CHRISTIAN ANDRES MR","Republican Party","REP","House","H","Florida","FL","27","MIAMI","FL","33130","2020","15-DEC-19","2019","201912159166287270"
"H8OH16090","GODFREY, AARON PAUL","Democratic Party","DEM","House","H","Ohio","OH","16","WESTLAKE","OH","44145","2020","15-DEC-19","2019","201912159166287382"
"S0NC00376","BELL-MOORE, KATHERINE","Democratic Party","DEM","Senate","S","North Carolina","NC","00","WAKE FOREST","NC","27587","2020","15-DEC-19","2019","201912159166287353"
"H0TX18342","MANNING, THOMAS CLAYTON","Republican Party","REP","House","H","Texas","TX","18","HOUSTON","TX","77090","2020","15-DEC-19","2019","201912159166287352"
"H0IN05300","MOORE, VERNON ELISHA","Independent","IND","House","H","Indiana","IN","05","MARION","IN","46953","2020","14-DEC-19","2019","201912149166287224"
"H0NY01178","GOKHSHTEIN, DAVID E","Independence Party","IDP","House","H","New York","NY","01","NEW YORK","NY","10005","2020","14-DEC-19","2019","201912149166287216"
"H0NY02242","MAHER, PATRICIA MS.","Democratic Party","DEM","House","H","New York","NY","02","AMITYVILLE","NY","11701","2020","13-DEC-19","2019","201912139166282829"
"H0TX22328","HERMES, AARON","Republican Party","REP","House","H","Texas","TX","22","HOUSTON","TX","77252","2020","13-DEC-19","2019","201912139166282892"
"H0FL03175","CAMMACK, KAT","Republican Party","REP","House","H","Florida","FL","03","GAINESVILLE","FL","32653","2020","13-DEC-19","2019","201912139166283277"
"H0TX13244","HARVEY, ERWIN LEE SR","Republican Party","REP","House","H","Texas","TX","13","BURKBURNETT","TX","76354","2020","13-DEC-19","2019","201912139166283552"
"H0TX19050","TUNNELL, KEZIA ELIZABETH","Republican Party","REP","House","H","Texas","TX","19","ABILENE","TX","79602","2020","13-DEC-19","2019","201912170300303417"
"H0NC06225","FOXX, RHONDA","Democratic Party","DEM","House","H","North Carolina","NC","06","GREENSBORO","NC","27417","2020","13-DEC-19","2019","201912139166284955"
"H0NH02272","CLEMMER, ELI DANTZLER","Republican Party","REP","House","H","New Hampshire","NH","02","BERLIN","NH","03570","2020","13-DEC-19","2019","201912139166286356"
"H0TX09192","MARTINEZ, JULIAN ANTONIO","Republican Party","REP","House","H","Texas","TX","09","HOUSTON","TX","77077","2020","13-DEC-19","2019","201912139166286848"
"H0CA08168","ESMUS, JEFF","Non-Party","NON","House","H","California","CA","08","HESPERIA","CA","92345","2020","13-DEC-19","2019","201912139166286850"
"H0PA18105","VAYDA, DANIEL MICHAEL DR. PH.D.","Independent","IND","House","H","Pennsylvania","PA","18","SOUTH PARK","PA","15129","2020","13-DEC-19","2019","201912139166283566"
"H0NJ11149","CROOK, ROBERT","Republican Party","REP","House","H","New Jersey","NJ","11","ESSEX FELLS","NJ","07021","2020","12-DEC-19","2019","201912129166179768"
"H0NY17273","SCHLEIFER, ADAM","Democratic Party","DEM","House","H","New York","NY","17","CHAPPAQUA","NY","10514","2020","12-DEC-19","2019","201912129166183637"
"H0UT02302","WESTON, JOHN KAEL MR","Democratic Party","DEM","House","H","Utah","UT","02","SALT LAKE CITY","UT","84105","2020","12-DEC-19","2019","201912129166184429"
"H0NC09187","BISHOP, JAMES DANIEL","Republican Party","REP","House","H","North Carolina","NC","09","CHARLOTTE","NC","28211","2020","12-DEC-19","2019","201912129166184752"
"H0IL10385","HEINZ, BRADLEY SIGMUND","Independent","IND","House","H","Illinois","IL","10","CHICAGO","IL","60610","2020","12-DEC-19","2019","201912129166185042"
"H0TX13236","GASSAWAY, TIMOTHY WAYNE","Democratic Party","DEM","House","H","Texas","TX","13","AMARILLO","TX","79107","2020","12-DEC-19","2019","201912129166184794"
"H0CA36193","CRUZ, ERIN","Republican Party","REP","House","H","California","CA","36","SAN DIEGO","CA","92123","2020","12-DEC-19","2019","201912129166184865"
"H0CA08150","ELLARS, JAMES ROBERT","Democratic Party","DEM","House","H","California","CA","08","APPLE VALLEY","CA","92307","2020","12-DEC-19","2019","201912129166184866"
"H0TN05341","WILDENRADT, CRAIG","Independent","IND","House","H","Tennessee","TN","05","JOELTON","TN","37080","2020","12-DEC-19","2019","201912129166185039"
"H0CA35146","CARGILE, MIKE","Republican Party","REP","House","H","California","CA","35","POMONA","CA","91766","2020","12-DEC-19","2019","201912129166184758"
"H0GA11051","SELLERS, RODERICK","Democratic Party","DEM","House","H","Georgia","GA","11","WOODSTOCK","GA","30189","2020","11-DEC-19","2019","201912119166179505"
"P00014829","FLAME, JIMMY","Independent","IND","President","P","United States","00","00","FREDERICK","MD","21703","2020","11-DEC-19","2019","201912119166179506"
"H0TX35049","HAYWARD, WILLIAM REED","Republican Party","REP","House","H","Texas","TX","35","SAN MARCOS","TX","78666","2020","11-DEC-19","2019","201912119166176533"
"H0NY15285","PABON, JULIO MR.","Democratic Party","DEM","House","H","New York","NY","15","BRONX","NY","10451","2020","11-DEC-19","2019","201912119166179486"
"H0PA08205","GRANVILLE, EARL MR.","Republican Party","REP","House","H","Pennsylvania","PA","08","SCOTT TOWNSHIP","PA","18433","2020","11-DEC-19","2019","201912119166178806"
"P00014803","PATTERSON-STRONG, LAUREN ASHLEY DR.","Democratic Party","DEM","President","P","United States","00","00","PHILADELPHIA","PA","19145","2020","11-DEC-19","2019","201912119166178832"
"P00014811","WILSON, CHAD ANTHONY","Green Party","GRE","President","P","United States","00","00","AUBURNTOWN","TN","37016","2020","11-DEC-19","2019","201912119166179343"
"H0IN09161","DORRIS, DALE WILLIAM MR. II","Democratic Party","DEM","House","H","Indiana","IN","09","BLOOMINGTON","IN","47403","2020","11-DEC-19","2019","201912119166176556"
"H6TX29080","SCHAFRANEK, ROBERT ALLAN","Republican Party","REP","House","H","Texas","TX","29","HOUSTON","TX","77079","2020","10-DEC-19","2019","201912100300302925"
"H0WI03134","PETERS, TIM AARON MR.","Republican Party","REP","House","H","Wisconsin","WI","03","HOLMEN","WI","54636","2020","10-DEC-19","2019","201912109166173721"
"H0TX13228","JACKSON, RONNY LYNN","Republican Party","REP","House","H","Texas","TX","13","AMARILLO","TX","79159","2020","10-DEC-19","2019","201912109166168185"
"H0TX30107","JEFFERSON, DAKINYA J","Libertarian Party","LIB","House","H","Texas","TX","30","ROWLETT","TX","75089","2020","10-DEC-19","2019","201912109166168194"
"P00014787","DONOHUE, ERIC HENRY MR","None","NNE","President","P","United States","00","00","SEATTLE","WA","98178","2020","10-DEC-19","2019","201912109166168200"
"H0CT04203","ELGIN, TJ","Republican Party","REP","House","H","Connecticut","CT","04","WESTPORT","CT","06880","2020","10-DEC-19","2019","201912109166168331"
"S0TX00399","JEFFERSON, CEDRIC D","People Over Politics","POP","Senate","S","Texas","TX","00","THE COLONY","TX","75056","2020","10-DEC-19","2019","201912109166168628"
"H0CA29131","GUZIK, MICHAEL R","Democratic Party","DEM","House","H","California","CA","29","SYLMAR","CA","91342","2020","10-DEC-19","2019","201912109166168854"
"S0KY00412","PETTEYS, DEREK LEONARD","Reform Party","REF","Senate","S","Kentucky","KY","00","LEXINGTON","KY","40505","2020","10-DEC-19","2019","201912109166169311"
"H0TX17211","OPPENHEIM, JEFFREY COLONEL","Republican Party","REP","House","H","Texas","TX","17","COLLEGE STATION","TX","77842","2020","10-DEC-19","2019","201912109166170237"
"H0TX31154","GRIMES, MICHAEL EDWARD","Democratic Party","DEM","House","H","Texas","TX","31","ROUND ROCK","TX","78664","2020","10-DEC-19","2019","201912109166170602"
"H0TX31162","BRAVO, JEREMY JOHN","Independent","IND","House","H","Texas","TX","31","CEDAR PARK","TX","78630","2020","10-DEC-19","2019","201912109166172213"
"H0OR02150","BUEHLER, KNUTE","Republican Party","REP","House","H","Oregon","OR","02","REDMOND","OR","97756","2020","10-DEC-19","2019","201912109166172520"
"H0SC06229","SHULER, HARRISON GEORGE","Independent","IND","House","H","South Carolina","SC","06","ORANGEBURG","SC","29118","2020","10-DEC-19","2019","201912109166172526"
"H0FL23108","KROSKE, MICHAEL T","Republican Party","REP","House","H","Florida","FL","23","PLANTATION","FL","33317","2020","10-DEC-19","2019","201912109166172899"
"H0VA03132","MADISON DOWNS, JOHN HARRISON","Republican Party","REP","House","H","Virginia","VA","03","NEWPORT NEWS","VA","23607","2020","10-DEC-19","2019","201912100300302895"
"H0GA09170","PANDY, DEVIN D MR SR","Democratic Party","DEM","House","H","Georgia","GA","09","ATHENS","GA","30601","2020","10-DEC-19","2019","201912109166173720"
"H0TX02106","LADJEVARDIAN, SIMA JANDAGHI","Democratic Party","DEM","House","H","Texas","TX","02","HOUSTON","TX","77243","2020","10-DEC-19","2019","201912109166168184"
"P00014761","BROWN, KYLE S","Independent","IND","President","P","South Carolina","SC","00","WALHALLA","SC","29691","2020","09-DEC-19","2019","201912099166161446"
"P40003279","MESPLAY, KENT PHILIP","Green Party","GRE","President","P","United States","00","00","AUSTIN","TX","78741","2020","09-DEC-19","2019","201912130300303227"
"P00014779","RESSLER, CLAYTON CHARLES","Non-Party","NON","President","P","United States","00","00","TUCSON","AZ","85748","2020","09-DEC-19","2019","201912099166162156"
"H0CA25238","COOPER, ROBERT","Democratic Party","DEM","House","H","California","CA","25","ROSEVILLE","CA","95661","2020","09-DEC-19","2019","201912099166164166"
"H0TX22310","BUSH, PIERCE","Republican Party","REP","House","H","Texas","TX","22","SUGAR LAND","TX","77487","2020","09-DEC-19","2019","201912099166164169"
"H0WI01112","CUNNINGHAM, ANGELA","Democratic Party","DEM","House","H","Wisconsin","WI","01","KENOSHA","WI","53144","2020","09-DEC-19","2019","201912099166164493"
"H0CA53214","ORISTIAN, MICHAEL PATRICK","Republican Party","REP","House","H","California","CA","53","IMPERIAL BEACH","CA","91932","2020","09-DEC-19","2019","201912099166165972"
"H8NY09174","GAYOT, LUTCHI","Democratic Party","DEM","House","H","New York","NY","09","NEW YORK","NY","10004","2020","09-DEC-19","2019","201912099166165973"
"H0TX18334","CADENA, ROBERT M MR.","Republican Party","REP","House","H","Texas","TX","18","HOUSTON","TX","77268","2020","09-DEC-19","2019","201912099166167361"
"H0TX13210","NEESE, MARK BRADLEY MR.","Republican Party","REP","House","H","Texas","TX","13","SUNSET","TX","76270","2020","09-DEC-19","2019","201912099166167373"
"H0TX20165","BAMEZQUITA, ALBERTO","Independent","IND","House","H","Texas","TX","20","SAN ANTONIO","TX","78213","2020","09-DEC-19","2019","202002030300311057"
"H0CA31129","GIBBONEY, AGNES","Republican Party","REP","House","H","California","CA","31","ALTA LOMA","CA","91701","2020","09-DEC-19","2019","201912099166168136"
"S0CO00625","GOLDFISCHER, DAVID","Democratic Party","DEM","Senate","S","Colorado","CO","00","DENVER","CO","80203","2020","09-DEC-19","2019","201912099166168173"
"H0PA02091","SNOW, SALEM","Democratic Party","DEM","House","H","Pennsylvania","PA","02","PHILADELPHIA","PA","19122","2020","09-DEC-19","2019","201912099166168174"
"H0TX22302","NEHLS, TROY","Republican Party","REP","House","H","Texas","TX","22","RICHMOND","TX","77469","2020","09-DEC-19","2019","201912099166161520"
"H0NY00089","ABREU DE LA CRUZ F, JOSE MIGUEL","Republican Party","REP","House","H","New York","NY","00","BRONX","NY","10452","2020","08-DEC-19","2019","201912089166161302"
"H4PA17141","CONNOLLY, MATTHEW D","Republican Party","REP","House","H","Pennsylvania","PA","07","BETHLEHEM","PA","18020","2020","08-DEC-19","2019","201912089166161436"
"H0TX12253","ANDERSON, DANNY EUGENE MR.","Democratic Party","DEM","House","H","Texas","TX","12","FORT WORTH","TX","76108","2020","08-DEC-19","2019","201912089166161349"
"H0NC02141","WILLIAMS, MICHAEL TYRONE MR","Republican Party","REP","House","H","North Carolina","NC","02","RALEIGH","NC","27610","2020","08-DEC-19","2019","201912089166161325"
"H0CA21104","DE LA FUENTE, RICARDO","Democratic Party","DEM","House","H","California","CA","21","RANCHO SANTA FE","CA","92067","2020","07-DEC-19","2019","201912079166161176"
"S0TN00219","PRESLEY, JOHNNY W","Republican Party","REP","Senate","S","Tennessee","TN","00","CROSSVILLE","TN","38555","2020","07-DEC-19","2019","201912110300303006"
"H0NY01210","FISCHER, GREGORY-JOHN","Democratic Party","DEM","House","H","New York","NY","01","CALVERTON","NY","119330285","2020","07-DEC-19","2019","201912079166161237"
"H0TX14226","FISHER, EDDIE ROSS","Democratic Party","DEM","House","H","Texas","TX","14","WEST COLUMBIA","TX","77486","2020","07-DEC-19","2019","201912079166161181"
"H0CO03165","BOEBERT, LAUREN","Republican Party","REP","House","H","Colorado","CO","03","RIFLE ","CO","81650","2020","06-DEC-19","2019","201912090300302860"
"H0NC06217","KLUND, VICKY CRAVEN MRS","Republican Party","REP","House","H","North Carolina","NC","06","PITTSBORO","NC","27312","2020","06-DEC-19","2019","201912069166161170"
"H0CA53206","SHARMA, PETER","Democratic Party","DEM","House","H","California","CA","53","SAN DIEGO","CA","92111","2020","06-DEC-19","2019","201912069166159460"
"H0MN04197","LO, SIA","Republican Party","REP","House","H","Minnesota","MN","04","VADNAIS HEIGHTS","MN","55127","2020","06-DEC-19","2019","201912069166160422"
"H0FL19171","O'CONNELL, FORD","Republican Party","REP","House","H","Florida","FL","19","NAPLES","FL","34102","2020","06-DEC-19","2019","201912069166160444"
"H0CA22128","HILL, HEMAN L","Independent","IND","House","H","California","CA","22","SAN LUIS OBISPO","CA","93405","2020","06-DEC-19","2019","201912069166160445"
"H0MI10295","HERNANDEZ, SHANE","Republican Party","REP","House","H","Michigan","MI","10","MACOMB","MI","48044","2020","06-DEC-19","2019","201912069166160508"
"H0MI07150","DRISKELL, GRETCHEN","Democratic Party","DEM","House","H","Michigan","MI","07","SALINE","MI","48176","2020","06-DEC-19","2019","201912069166160520"
"H0GA08107","DEAN, ROBERT VANCE","Republican Party","REP","House","H","Georgia","GA","08","ADEL","GA","31620","2020","06-DEC-19","2019","201912069166160545"
"H0NV02217","COHEN, EDWARD G.","Democratic Party","DEM","House","H","Nevada","NV","02","RENO","NV","89523","2020","06-DEC-19","2019","201912069166160787"
"H0UT04084","BECKSTRAND, DANIEL","Democratic Party","DEM","House","H","Utah","UT","04","SOUTH JORDAN","UT","84009","2020","06-DEC-19","2019","201912069166161086"
"H0FL19189","HENDERSON, RANDY","Republican Party","REP","House","H","Florida","FL","19","FORT MYERS","FL","33901","2020","06-DEC-19","2019","201912069166161110"
"H0NY02234","GARBARINO, ANDREW","Republican Party","REP","House","H","New York","NY","02","BAYPORT","NY","11705","2020","06-DEC-19","2019","201912069166161111"
"H0FL03167","ROWE, RICHARD ALLEN MR. JR.","Democratic Party","DEM","House","H","Florida","FL","03","SILVER SPRINGS","FL","34488","2020","06-DEC-19","2019","201912069166161118"
"S0NM00108","PERKINS, ANDREW JOHN CPA","Democratic Party","DEM","Senate","S","New Mexico","NM","00","SANTA FE","NM","87508","2020","06-DEC-19","2019","201912069166158932"
"H0SC05049","MAMMADOV, RAMIN","Democratic Party","DEM","House","H","South Carolina","SC","05","FORT MILL","SC","29716","2020","05-DEC-19","2019","201912059166156960"
"H0WA10026","TATE, RYAN","Republican Party","REP","House","H","Washington","WA","10","TACOMA","WA","98404","2020","05-DEC-19","2019","201912059166156976"
"H0CA01197","LETOURNEAU, JOSEPH IV","Independent","IND","House","H","California","CA","01","MCCLOUD","CA","96057","2020","05-DEC-19","2019","201912059166157051"
"H0CA01205","SAULSBURY, PAUL W","Republican Party","REP","House","H","California","CA","01","ANDERSON","CA","96007","2020","05-DEC-19","2019","201912059166157856"
"P00014746","VANACORE, LOUIS DEAN","None","NNE","President","P","United States","00","00","MARIANNA","FL","32446","2020","05-DEC-19","2019","201912060300302650"
"H0CA30196","BEN-DOV, NAORA","Republican Party","REP","House","H","California","CA","30","BURBANK","CA","91505","2020","05-DEC-19","2019","201912059166158143"
"P00014720","EPPS, LESLIE","Democratic Party","DEM","President","P","United States","00","00","BROOKLINE","MA","02445","2020","05-DEC-19","2019","201912059166158165"
"P00014738","SNYDER, ROY EUGENE","Independent","IND","President","P","United States","00","00","EL PASO","TX","79930","2020","05-DEC-19","2019","201912059166158832"
"H0CA25220","LOZANO, DAVID","Republican Party","REP","House","H","California","CA","25","LONG BEACH","CA","90802","2020","05-DEC-19","2019","201912059166157895"
"H0FL22142","OLSON, JEFFREY E","Republican Party","REP","House","H","Florida","FL","22","HALLANDALE","FL","33008","2020","04-DEC-19","2019","201912090300302789"
"H0OH12195","MIERZEJEWSKI, SAMUEL WARREN MR.","Republican Party","REP","House","H","Ohio","OH","12","WESTERVILLE","OH","43082","2020","04-DEC-19","2019","201912049166156727"
"H8FL22095","WALTERS, EDDISON T DR.","Republican Party","REP","House","H","Florida","FL","22","BOCA RATON","FL","33429","2020","04-DEC-19","2019","201912049166156728"
"S0OK00388","TAY, PAUL MR.","Democratic Party","DEM","Senate","S","Oklahoma","OK","00","TULSA","OK","74148","2020","04-DEC-19","2019","201912049166154654"
"S0NE00114","DILLIARD, ERIC","Libertarian Party","LIB","Senate","S","Nebraska","NE","00","OMAHA","NE","68127","2020","04-DEC-19","2019","201912049166154656"
"H0CA19223","ISSAQ, ABDULLAH","Democratic Party","DEM","House","H","California","CA","19","SAN JOSE","CA","95123","2020","04-DEC-19","2019","201912049166156672"
"H0NJ05224","CASTILLO, HECTOR L DR","Republican Party","REP","House","H","New Jersey","NJ","05","FRANKLIN LAKES","NJ","07417","2020","04-DEC-19","2019","201912049166155600"
"H0MN05228","MASON, JOHN","Democratic-Farmer-Labor","DFL","House","H","Minnesota","MN","05","MINNEAPOLIS","MN","55410","2020","04-DEC-19","2019","201912049166155801"
"P00014704","STEFAN, CHRISTOPHER","Libertarian Party","LIB","President","P","United States","00","00","RIVERSIDE","CA","92501","2020","04-DEC-19","2019","201912049166156158"
"H0FL19163","AQUINO, DARREN DIONE MR.","Republican Party","REP","House","H","Florida","FL","19","NAPLES","FL","34119","2020","04-DEC-19","2019","201912049166156159"
"S0GA00526","LOEFFLER, KELLY","Republican Party","REP","Senate","S","Georgia","GA","00","ATLANTA","GA","30355","2020","04-DEC-19","2019","201912049166155407"
"H0MO02254","SCHUPP, JILL DARLYNE","Democratic Party","DEM","House","H","Missouri","MO","02","CREVE COEUR","MO","63141","2020","03-DEC-19","2019","201912039166154575"
"P00014688","AFZAL, INNAYA FATIMA MS.","Republican Party","REP","President","P","United States","00","00","WAUKESHA","WI","53186","2020","03-DEC-19","2019","201912039166154608"
"H0MN05210","MELTON-MEAUX, ANTONE","Democratic-Farmer-Labor","DFL","House","H","Minnesota","MN","05","MINNEAPOLIS","MN","55458","2020","03-DEC-19","2019","201912039166154644"
"H0CA25212","VALDEZ-ORTEGA, ANIBAL MR.","Democratic Party","DEM","House","H","California","CA","25","PALMDALE","CA","93590","2020","03-DEC-19","2019","201912039166154645"
"H0FL21110","SHERRILL, REBA F","Republican Party","REP","House","H","Florida","FL","21","PALM BEACH","FL","33480","2020","03-DEC-19","2019","201912040300302621"
"S0LA00303","MYERS-MONTGOMERY, JAMAR 'DOC'","Independent","IND","Senate","S","Louisiana","LA","00","SHREVEPORT","LA","71103","2020","03-DEC-19","2019","201912030300302572"
"P00014662","WOOLSEY, HOLLY ANN MS","Liberal Party","LBL","President","P","United States","00","00","LINCOLN","NE","68502","2020","03-DEC-19","2019","201912039166150887"
"H0CA53198","DE LA FUENTE, RICARDO","Democratic Party","DEM","House","H","California","CA","53","CHULA VISTA","CA","91913","2020","03-DEC-19","2019","201912039166150888"
"S0TX00381","GARCIA, ANNE","Democratic Party","DEM","Senate","S","Texas","TX","00","HOUSTON","TX","77021","2020","03-DEC-19","2019","201912039166151418"
"H0TX17203","SAUCEDO, DAVID M.","Republican Party","REP","House","H","Texas","TX","17","WACO","TX","76704","2020","03-DEC-19","2019","201912039166151439"
"H0IL15194","WEAVER, ERIKA C","Democratic Party","DEM","House","H","Illinois","IL","15","MATTOON","IL","61938","2020","03-DEC-19","2019","201912039166151440"
"P00014670","D?AMICO, SAMUEL NICHOLAS MR","Reform Party","REF","President","P","Wisconsin","WI","00","WAUKESHA","WI","53186","2020","03-DEC-19","2019","201912039166152498"
"H0CA36185","STEVANOVICH, MILO MILUTIN","Republican Party","REP","House","H","California","CA","36","PALM SPRINGS","CA","92262","2020","03-DEC-19","2019","201912039166152531"
"H0NC02133","TERRELL, ANDREW STEVEN","Democratic Party","DEM","House","H","North Carolina","NC","02","RALEIGH","NC","27612","2020","03-DEC-19","2019","201912039166154574"
"P00014712","DYER, ELIZABETH MARIE","Republican Party","REP","President","P","United States","00","00","LAKE WORTH BEACH","FL","33460","2020","03-DEC-19","2019","201912050300302634"
"H0VA07141","WILLIAMS, BRIDGETTE","Republican Party","REP","House","H","Virginia","VA","07","SPOTSYLVANIA","VA","22551","2020","02-DEC-19","2019","201912029166087906"
"H0VA07158","FREITAS, NICK J","Republican Party","REP","House","H","Virginia","VA","07","CULPEPER","VA","22701","2020","02-DEC-19","2019","201912029166089006"
"S0TX00373","SRINIVASAN, ARJUN","Independent","IND","Senate","S","Texas","TX","00","HORSESHOE BAY","TX","78657","2020","02-DEC-19","2019","201912029166088643"
"P00004846","IWACHIW, WALTER N","Republican Party","REP","President","P","United States","00","00","SUNNYSIDE","NY","11104","2020","02-DEC-19","2019","201912020300302508"
"H8NC13067","MANNING, KATHY","Democratic Party","DEM","House","H","North Carolina","NC","06","GREENSBORO","NC","27404","2020","02-DEC-19","2019","201912029166087783"
"H0ME02091","HIATT, JOHN DAVID","Republican Party","REP","House","H","Maine","ME","02","BANGOR","ME","04401","2020","02-DEC-19","2019","201912029166087793"
"S0GA00518","MCGUIRE, DARRELL","Write-In","W","Senate","S","Georgia","GA","00","CARTERSVILLE","GA","30120","2020","02-DEC-19","2019","201912029166087794"
"S0NC00368","SWENSON, STEVE","Democratic Party","DEM","Senate","S","North Carolina","NC","00","BUNNLEVEL","NC","28323","2020","02-DEC-19","2019","201912029166087830"
"H0NC02125","ROSS, DEBORAH","Democratic Party","DEM","House","H","North Carolina","NC","02","RALEIGH","NC","27611","2020","02-DEC-19","2019","201912029166087895"
"P00014639","DERN, ROBIN","Democratic Party","DEM","President","P","United States","00","00","EAGLE RIVER","AK","99577","2020","01-DEC-19","2019","201912019166087590"
"H0CA25204","LACKEY, COURTNEY","Republican Party","REP","House","H","California","CA","25","VALENCIA","CA","91355","2020","01-DEC-19","2019","201912019166087745"
"H0IL15186","DUNCAN, DARREN","Republican Party","REP","House","H","Illinois","IL","15","ROSSVILLE","IL","60963","2020","01-DEC-19","2019","201912019166087740"
"P00014647","JOSEPH, ROBERT","Democratic Party","DEM","President","P","United States","00","00","LANCASTER","CA","93534","2020","01-DEC-19","2019","201912019166087756"
"H0TX13194","KNOWLTON, DIANE ELISE","Republican Party","REP","House","H","Texas","TX","13","HENRIETTA","TX","76365","2020","30-NOV-19","2019","201911309166087366"
"H0MD08195","GLADDEN, NICHOLAS","Republican Party","REP","House","H","Maryland","MD","08","JOPA","MD","21085","2020","30-NOV-19","2019","201911309166087571"
"P00014621","NELSON, NATHANIEL DAVID","Independent","IND","President","P","United States","00","00","WILLOUGHBY","OH","44094","2020","29-NOV-19","2019","201911299166087329"
"H0KY02095","PERRY, ROBERT LEE","Libertarian Party","LIB","House","H","Kentucky","KY","02","SALVISA","KY","40372","2020","29-NOV-19","2019","201911299166086216"
"H0CO05137","BOCCHINO, BRANDON REID","Democratic Party","DEM","House","H","Colorado","CO","05","COLORADO SPRINGS","CO","80905","2020","29-NOV-19","2019","201911299166086350"
"H0CA50194","DUNCAN, HUNTER SPEARS","Republican Party","REP","House","H","California","CA","50","LOS ANGELES","CA","90038","2020","29-NOV-19","2019","201911299166086819"
"H0IN01184","HAAKE, SABRINA","Democratic Party","DEM","House","H","Indiana","IN","01","GARY","IN","46403","2020","29-NOV-19","2019","201911299166087198"
"P00014613","DELAFUENTE, ROQ III","Democratic Party","DEM","President","P","United States","00","00","RANCHO SANTA FE","CA","92067","2020","29-NOV-19","2019","201911299166087200"
"P00014654","MANNING, ROBERT LEE JR","Independent","IND","President","P","United States","00","00","HAWTHORNE","CA","90250","2020","27-NOV-19","2019","201912020300302520"
"H0VA09121","DICKERSON, CAMERON DREW MR.","Independent","IND","House","H","Virginia","VA","09","CHRISTIANSBURG","VA","24073","2020","27-NOV-19","2019","201911279166086125"
"H0CA25196","ELIZE, GETRO FRANCK MR.","Democratic Party","DEM","House","H","California","CA","25","PALMDALE","CA","93552","2019","27-NOV-19","2019","201911279166085990"
"S0NE00106","MACEK, DENNIS FRANK","Libertarian Party","LIB","Senate","S","Nebraska","NE","00","LINCOLN","NE","68510","2020","27-NOV-19","2019","201911279166085961"
"H0CA25188","JENKS, KENNETH MR.","Republican Party","REP","House","H","California","CA","25","SANTA CLARITA","CA","91380","2020","26-NOV-19","2019","201911269166085329"
"H0NY01202","FLEMING, BRIDGET","Democratic Party","DEM","House","H","New York","NY","01","WATER MILL","NY","11976","2020","26-NOV-19","2019","201911269166085090"
"H0TX17195","SWANN, RENEE","Republican Party","REP","House","H","Texas","TX","17","WACO","TX","76712","2020","26-NOV-19","2019","201911269166084887"
"H0VA10194","TRUONG, MATTHEW DO MR","Republican Party","REP","House","H","Virginia","VA","10","GREAT FALLS","VA","22066","2020","26-NOV-19","2019","201911269166084877"
"H0TX13186","RESENDIZ, ASUSENA","Republican Party","REP","House","H","Texas","TX","13","PETERSBURG","TX","79250","2020","26-NOV-19","2019","201911269166084799"
"S0GA00500","DILLARD SMITH, MAYA","Democratic Party","DEM","Senate","S","Georgia","GA","00","ATLANTA","GA","30311","2020","26-NOV-19","2019","201911269166084715"
"H0OH03129","MOSS, NICHOLAS D","Other","OTH","House","H","Ohio","OH","03","MARYSVILLE","OH","43040","2020","26-NOV-19","2019","201911269166084325"
"H0UT02294","JORGENSEN, CARSON","Republican Party","REP","House","H","Utah","UT","02","MOUNT PLEASANT","UT","84647","2020","26-NOV-19","2019","201912020300302532"
"H0MI05147","FITCHETT-HICKSON, CHRISTINA ELLEN MRS.","Republican Party","REP","House","H","Michigan","MI","05","BURTON","MI","48529","2020","26-NOV-19","2019","201911269166085174"
"H0AL02202","HARVEY-HALL, PHYLLIS","Democratic Party","DEM","House","H","Alabama","AL","02","MONTGOMERY","AL","36111","2020","26-NOV-19","2019","201911269166085199"
"H0VA08172","KIM, HEERAK CHRISTIAN","Republican Party","REP","House","H","Virginia","VA","08","ARLINGTON","VA","22204","2020","26-NOV-19","2019","201911269166085217"
"P00014605","GRIMALDI, ANIELLO REV","Democratic Party","DEM","President","P","United States","00","00","NEW YORK","NY","11434","2020","26-NOV-19","2019","201911269166085218"
"H0OH02139","CASTLE, JAIME","Democratic Party","DEM","House","H","Ohio","OH","02","CINCINNATI","OH","45230","2020","26-NOV-19","2019","201911269166085219"
"H0TX11297","CADY, JEFFERY","Independent","IND","House","H","Texas","TX","11","BRADY","TX","76825","2020","26-NOV-19","2019","201911269166084635"
"H0MD07205","JALISI, JAY","Democratic Party","DEM","House","H","Maryland","MD","07","OWINGS MILLS","MD","21117","2020","25-NOV-19","2019","201911259166078965"
"H8GA08118","COOPER, JAMES L III","Green Party","GRE","House","H","Georgia","GA","08","LIZELLA","GA","31052","2020","25-NOV-19","2019","201911259166077548"
"H6CA33106","WRIGHT, KENNETH","Republican Party","REP","House","H","California","CA","33","INGLEWOOD","CA","90301","2020","25-NOV-19","2019","201911259166077479"
"H0MD07197","KLACIK, KIMBERLY","Republican Party","REP","House","H","Maryland","MD","07","MIDDLE RIVER","MD","21220","2020","25-NOV-19","2019","201911259166077455"
"S0SD00096","HART, CLARA M MS","Democratic Party","DEM","Senate","S","South Dakota","SD","00","SIOUX FALLS","SD","57108","2020","25-NOV-19","2019","201911259166077250"
"H0CA09125","AMADOR, ANTONIO","Republican Party","REP","House","H","California","CA","09","LODI","CA","95242","2020","25-NOV-19","2019","201911259166077241"
"H0IN05292","SMALL, MARK","Republican Party","REP","House","H","Indiana","IN","05","INDIANAPOLIS","IN","46220","2020","25-NOV-19","2019","201911259166077059"
"S0KY00404","EDWARDS, JOSHUA PAUL","Democratic Party","DEM","Senate","S","Kentucky","KY","00","DANVILLE","KY","40422","2020","25-NOV-19","2019","201911259166084311"
"H0OR02143","TIBBETTS, ISABELLA","Democratic Party","DEM","House","H","Oregon","OR","02","TALENT","OR","97540","2020","25-NOV-19","2019","201911259166077208"
"H8AL04086","NEIGHBORS, RICKY","Democratic Party","DEM","House","H","Alabama","AL","04","HACKLEBURG","AL","35564","2020","25-NOV-19","2019","201911260300302339"
"P00014597","SHERROD, JACOB MICHAEL","Republican Party","REP","President","P","United States","00","00","GLEN ALLEN","VA","23060","2020","25-NOV-19","2019","201911259166083665"
"H0IA02206","EVERLY, STEVEN R","Republican Party","REP","House","H","Iowa","IA","02","KNOXVILLE","IA","50138","2020","25-NOV-19","2019","201912030300302581"
"S0TX00365","BIERSCHWALE, VIRGIL","Republican Party","REP","Senate","S","Texas","TX","00","JUNCTION","TX","76849","2020","24-NOV-19","2019","201911249166076799"
"H0IL16192","BAER, BENJAMIN MICHAEL","Democratic Party","DEM","House","H","Illinois","IL","16","COAL CITY","IL","60416","2020","24-NOV-19","2019","201911249166076804"
"H0IN09153","MILLIS, TONYA LYNN","Libertarian Party","LIB","House","H","Indiana","IN","09","MITCHELL","IN","47446","2020","24-NOV-19","2019","201911249166076806"
"H0MS01118","ELIASON, ANTONIA","Democratic Party","DEM","House","H","Mississippi","MS","01","OXFORD","MS","38655","2020","23-NOV-19","2019","201911239166076776"
"H0TX17187","KENT, CHARLES TODD","Republican Party","REP","House","H","Texas","TX","17","BRYAN","TX","77807","2020","23-NOV-19","2019","201911239166076785"
"H0TX05109","SALTER, CAROLYN","Democratic Party","DEM","House","H","Texas","TX","05","PALESTINE","TX","75801","2020","23-NOV-19","2019","201911239166076786"
"H0TX23284","MADRID, RICARDO RASCON","Democratic Party","DEM","House","H","Texas","TX","23","SAN ANTONIO","TX","78229","2020","22-NOV-19","2019","201911229166075444"
"H0MI13471","DUDENHOEFER, DAVID ANTHONY","Republican Party","REP","House","H","Michigan","MI","13","DETROIT","MI","48206","2020","22-NOV-19","2019","201911229166075445"
"H0WI06194","WASHBURN, AMY IRENE MS.","Democratic Party","DEM","House","H","Wisconsin","WI","06","SHEBOYGAN","WI","53081","2020","22-NOV-19","2019","201911229166075990"
"H0CA15270","VITAL, JACOB","Independent","IND","House","H","California","CA","15","LIVERMORE","CA","94551","2020","22-NOV-19","2019","201911229166076769"
"H0TX17179","VESSALI, ELIANOR-AZARAK","Republican Party","REP","House","H","Texas","TX","17","COLLEGE STATION","TX","77842","2020","22-NOV-19","2019","201911229166076424"
"H0FL14123","FRONTELA, CARLOS","Democratic Party","DEM","House","H","Florida","FL","14","TAMPA","FL","33607","2020","22-NOV-19","2019","201911229166076737"
"H0TX13178","HERMAN, RICHARD","Republican Party","REP","House","H","Texas","TX","13","AMARILLO","TX","79118","2020","22-NOV-19","2019","201911229166075991"
"P60005147","CAMPBELL, JOHNNIE C","Democratic Party","DEM","President","P","United States","00","00","DAVENPORT","IA","52801","2020","21-NOV-19","2019","201911220300302148"
"P60014909","ROBINSON, JACK BURTON JR","Independent","IND","President","P","United States","00","00","SPARTANBURG","SC","29306","2020","21-NOV-19","2019","201911210300302019"
"P00014522","COLLINS, PHIL","Prohibition Party","NAP","President","P","United States","00","00","VILLA PARK","IL","60181","2020","21-NOV-19","2019","201911219165988681"
"S0TX00357","CASTRO, JOHN ANTHONY","Republican Party","REP","Senate","S","Texas","TX","00","MANSFIELD","TX","76063","2020","21-NOV-19","2019","201911219166071918"
"P00014530","BLOOMBERG, MICHAEL R.","Democratic Party","DEM","President","P","United States","00","00","NEW YORK","NY","10022","2020","21-NOV-19","2019","201911219166072442"
"S0IL00600","FEGES, PATRICK MR.","Independent","IND","Senate","S","Illinois","IL","00","ALGONQUIN","IL","60102","2020","21-NOV-19","2019","201911219166073418"
"H8VA10189","AYYAS, SHADI","Democratic Party","DEM","House","H","Virginia","VA","05","REVA","VA","22735","2020","21-NOV-19","2019","201911219166074941"
"H0TX16122","TROUT, BLANCA ORTIZ","Republican Party","REP","House","H","Texas","TX","16","EL PASO","TX","79932","2020","21-NOV-19","2019","201911219166074859"
"H0CA07152","IVY, JON","Republican Party","REP","House","H","California","CA","07","DAVIS","CA","95616","2020","21-NOV-19","2019","201911219166074879"
"H8AK00140","GALVIN, ALYSE","Independent","IND","House","H","Alaska","AK","00","ANCHORAGE","AK","99509","2020","21-NOV-19","2019","201911219166074888"
"H0CA04217","THOMAS, JACOB ROBERT","Republican Party","REP","House","H","California","CA","04","EL DORADO","CA","95623","2020","21-NOV-19","2019","201911219166074898"
"P00014548","HENDERSON, JOSEPH RONALD","Democratic Party","DEM","President","P","United States","00","00","LENEXA","KS","66227","2020","21-NOV-19","2019","201911079165334081"
"H0NY02226","BERGIN, PATRICIA","Republican Party","REP","House","H","New York","NY","02","EAST ISLIP","NY","11730","2020","21-NOV-19","2019","201911219166074245"
"H0MD07189","MOHAMMED, MEKKAH X","Republican Party","REP","House","H","Maryland","MD","07","BALTIMORE","MD","21230","2020","20-NOV-19","2019","201911209165931361"
"H0UT02286","JOLIN, ASHLEY","Democratic Party","DEM","House","H","Utah","UT","02","WEST VALLEY CITY","UT","84119","2020","20-NOV-19","2019","201911209165933915"
"H0MD05225","PALOMBI, CHRISTOPHER","Republican Party","REP","House","H","Maryland","MD","05","ST LEONARD","MD","20685","2020","20-NOV-19","2019","201911209165947263"
"H0MD03220","SEYFFERTH, ROB","Republican Party","REP","House","H","Maryland","MD","03","ANNAPOLIS","MD","21409","2020","20-NOV-19","2019","201911209165666338"
"H0NJ03211","GIBBS, KATE","Republican Party","REP","House","H","New Jersey","NJ","03","LUMBERTON","NJ","08048","2020","20-NOV-19","2019","201911209165666927"
"H0MD05233","LEE, KENNETH BAXTER","Republican Party","REP","House","H","Maryland","MD","05","HUNTINGTOWN","MD","20639","2020","20-NOV-19","2019","201911200300301958"
"S0NM00090","MARTINEZ, ELISA","Republican Party","REP","Senate","S","New Mexico","NM","00","ALBUQUERQUE","NM","87112","2020","20-NOV-19","2019","201911209165699510"
"P00014498","MORRIS, RICKEY D MR JR","Libertarian Party","LIB","President","P","United States","00","00","RICHARDSON","TX","75080","2020","20-NOV-19","2019","201911209165705896"
"P00014506","DANG, BETTY","Republican Party","REP","President","P","United States","00","00","ENGLEWOOD","CO","80113","2020","20-NOV-19","2019","201911209165752927"
"S0AK00204","NEWMAN, ADAM MASTER","Republican Party","REP","Senate","S","Alaska","AK","00","JUNEAU","AK","99801","2020","20-NOV-19","2019","201911209165784220"
"P00014514","BADRAN, PRECIOUS SHIRLEY","Democratic Party","DEM","President","P","Wisconsin","WI","00","MILWAUKEE","WI","53206","2020","20-NOV-19","2019","201911209165849572"
"H0FL21102","AARONS, ADAM","Democratic Party","DEM","House","H","Florida","FL","21","LAKE WORTH","FL","33460","2020","20-NOV-19","2019","201911209165667806"
"H0CA25170","UYGUR, CENK","Democratic Party","DEM","House","H","California","CA","25","NEWPORT BEACH","CA","92659","2020","19-NOV-19","2019","201911220300302085"
"H0IN01176","FARRAR, RYAN","Democratic Party","DEM","House","H","Indiana","IN","01","DEMOTTE","IN","46310","2020","19-NOV-19","2019","201911199165663665"
"H0NE01138","OVIATT, NICHOLAS","Republican Party","REP","House","H","Nebraska","NE","01","YUTAN","NE","68073","2020","19-NOV-19","2019","201911199165665260"
"H0MI06186","RICHARDSON, JENNIFER","Democratic Party","DEM","House","H","Michigan","MI","06","1631 GRAND AVE","MI","49006","2020","19-NOV-19","2019","201911199165665276"
"H0CA53180","KUTNER, ERIC ROGER","Democratic Party","DEM","House","H","California","CA","53","SAN DIEGO","CA","92122","2020","19-NOV-19","2019","201911199165590081"
"H0NM01197","VANDER DUSSEN, JARED","Republican Party","REP","House","H","New Mexico","NM","01","ALBUQUERQUE","NM","87125","2020","19-NOV-19","2019","201911199165575058"
"H0OH16121","KARPUS, RONALD MR. III","Democratic Party","DEM","House","H","Ohio","OH","16","PARMA HEIGHTS","OH","44130","2020","19-NOV-19","2019","201911199165582327"
"H0OH11114","HOOD, MICHAEL","Democratic Party","DEM","House","H","Ohio","OH","11","SHAKER HEIGHTS","OH","44120","2020","19-NOV-19","2019","201911199165583511"
"H0NJ05216","DIRISIO, DANA","Republican Party","REP","House","H","New Jersey","NJ","05","HIGH BRIDGE","NJ","08829","2020","19-NOV-19","2019","201911199165589478"
"H0IN01168","REARDON, MARA","Democratic Party","DEM","House","H","Indiana","IN","01","MUNSTER","IN","46321","2020","19-NOV-19","2019","201911199165571791"
"H6FL18121","SPALDING, CARLA ARLENE","Republican Party","REP","House","H","Florida","FL","20","PLANTATION","FL","33322","2020","18-NOV-19","2019","201911189165520596"
"H0WA06081","KREISELMAIER, ELIZABETH","Republican Party","REP","House","H","Washington","WA","06","GIG HARBOR","WA","98335","2020","18-NOV-19","2019","201911189165567575"
"H0CA14117","GOODROW, CRISTOS JON","Democratic Party","DEM","House","H","California","CA","14","BURLINGAME","CA","94010","2020","18-NOV-19","2019","201911189165520705"
"H0VA07133","MCGUIRE, JOHN J. MR. III","Republican Party","REP","House","H","Virginia","VA","07","GLEN ALLEN","VA","23059","2020","18-NOV-19","2019","201911189165521556"
"H0NJ08137","WINKLER, DAVID JOHN MR.","Republican Party","REP","House","H","New Jersey","NJ","08","WEST NEW YORK","NJ","07093","2020","18-NOV-19","2019","201911189165522326"
"H0PA08197","DANIELS, TEDDY","Republican Party","REP","House","H","Pennsylvania","PA","08","AVOCA","PA","18641","2020","18-NOV-19","2019","201911189165523709"
"H0MD07171","HILL, TERRI LYNN","Democratic Party","DEM","House","H","Maryland","MD","07","COLUMBIA","MD","21044","2020","18-NOV-19","2019","201911189165527451"
"H0NY07092","PRINCE, PAPERBOY LOVE","Democratic Party","DEM","House","H","New York","NY","07","BROOKLYN","NY","11221","2020","18-NOV-19","2019","201911189165528292"
"H8OH08097","ENOCH, VANESSA L. DR.","Democratic Party","DEM","House","H","Ohio","OH","08","WEST CHESTER","OH","45069","2020","18-NOV-19","2019","201911189165532233"
"H4CA25123","KNIGHT, STEVE","Republican Party","REP","House","H","California","CA","25","SANTA CLARITA","CA","91380","2020","18-NOV-19","2019","201911189165532538"
"H0OH10116","TIMS, DESIREE","Democratic Party","DEM","House","H","Ohio","OH","10","DAYTON","OH","45417","2020","18-NOV-19","2019","201911189165533805"
"H0NC11175","DAVIS, MORRIS D. COL.","Democratic Party","DEM","House","H","North Carolina","NC","11","ASHEVILLE","NC","28804","2020","18-NOV-19","2019","201911189165536143"
"H0CA34156","SCOTT, KEANAKAY","Democratic Party","DEM","House","H","California","CA","34","LOS ANGELES","CA","90020","2020","18-NOV-19","2019","201911189165536440"
"H0NY17265","FARKAS, EVELYN","Democratic Party","DEM","House","H","New York","NY","17","CHAPPAQUA","NY","10514","2020","18-NOV-19","2019","201911189165536653"
"P00014480","ALCORN, ETHAN WELD","Independent","IND","President","P","United States","00","00","SACO","ME","04072","2020","18-NOV-19","2019","201911189165536784"
"P60005261","JUSTICE, BRENDA DAWN","Republican Party","REP","President","P","United States","00","00","ASTORIA","NY","11105","2020","18-NOV-19","2019","201911180300301779"
"H0CA53172","BROOKS II, JOHN L","Democratic Party","DEM","House","H","California","CA","53","SAN DIEGO","CA","621035611","2020","18-NOV-19","2019","201911180300301848"
"H4GA12051","YU, EUGENE CHIN MR.","Republican Party","REP","House","H","Georgia","GA","07","ALPHARETTA","GA","30005","2020","18-NOV-19","2019","201911189165520544"
"H0IN01150","MRVAN, FRANK J.","Democratic Party","DEM","House","H","Indiana","IN","01","HIGHLAND","IN","46322","2020","17-NOV-19","2019","201911179165517985"
"H0MI07143","HALL, RYAN WILLIAM","Democratic Party","DEM","House","H","Michigan","MI","07","TECUMSEH","MI","49286","2020","17-NOV-19","2019","201911179165517324"
"H0MO07238","HALL, SHARON MARIE MRS","Democratic Party","DEM","House","H","Missouri","MO","07","SPRINGFIELD","MO","65807","2020","16-NOV-19","2019","201911169165517072"
"H0NY02218","ELLERUP, JOHANNA KRISTIN MS .","Democratic Party","DEM","House","H","New York","NY","02","N. MASSAPEQUA","NY","11758","2020","16-NOV-19","2019","201911169165517292"
"P00014472","WILSON, GEORGE A MR","Democratic Party","DEM","President","P","United States","00","00","LINDSAY","CA","93247","2020","16-NOV-19","2019","201911169165517124"
"H0MA08045","GOLDSTEIN, ROBBIE","Democratic Party","DEM","House","H","Massachusetts","MA","08","BOSTON","MA","02210","2020","15-NOV-19","2019","201911159165509772"
"P00014464","PELTIER, LEONARD","Peace And Freedom","PAF","President","P","United States","00","00","COLEMAN","FL","33521","2020","15-NOV-19","2019","201911150300301760"
"P00014456","BRAFORD, THOMAS ARTHUR MR.","Republican Party","REP","President","P","United States","00","00","ST. LOUIS","MO","63108","2020","15-NOV-19","2019","201911159165503389"
"H0MD07163","HIGGINBOTHAM, F MICHAEL","Democratic Party","DEM","House","H","Maryland","MD","07","BALTIMORE","MD","21202","2020","15-NOV-19","2019","201911159165506818"
"H0TX18326","ALLEN, MICHAEL","Democratic Party","DEM","House","H","Texas","TX","18","HOUSTON","TX","77007","2020","15-NOV-19","2019","201911159165509497"
"H0NY02200","LALOTA, NICHOLAS JOSEPH","Republican Party","REP","House","H","New York","NY","02","AMITYVILLE","NY","11701","2020","15-NOV-19","2019","201911159165509502"
"H0AZ05169","IRELAND, JONATHAN","Democratic Party","DEM","House","H","Arizona","AZ","05","CHANDLER","AZ","85225","2020","15-NOV-19","2019","201911159165509507"
"P60021508","GREENSTEIN, MARK","Democratic Party","DEM","President","P","United States","00","00","BEDFORD","NH","03110","2020","15-NOV-19","2019","201911150300301756"
"S0DE00175","SCARANE, JESSICA","Democratic Party","DEM","Senate","S","Delaware","DE","00","WILMINGTON","DE","19802","2020","14-NOV-19","2019","201911149165503382"
"H0TX22294","MORGAN, CLINT A","Republican Party","REP","House","H","Texas","TX","22","SUGAR LAND","TX","77478","2020","14-NOV-19","2019","201911149165485098"
"H0TX18318","MILLIRON, NATHAN J","Republican Party","REP","House","H","Texas","TX","18","HOUSTON","TX","77004","2020","14-NOV-19","2019","201911149165485109"
"H0IL12100","LENZI, RAYMOND CARL DR.","Democratic Party","DEM","House","H","Illinois","IL","12","MAKANDA","IL","62958","2020","14-NOV-19","2019","201911149165485829"
"P00014407","PATRICK, DEVAL","Democratic Party","DEM","President","P","United States","00","00","BOSTON","MA","02205","2020","14-NOV-19","2019","201911149165493681"
"P00014449","SMITH, LAWRENCE","Unaffiliated","UN","President","P","United States","00","00","LEAWOOD","KS","66211","2020","14-NOV-19","2019","201911149165503287"
"P00014423","DAVIS, COURTNEY DEWITT MR","Independence Party","IDP","President","P","United States","00","00","ROWLETT","TX","75089","2020","14-NOV-19","2019","201911149165501910"
"H0TX15124","DE LA CRUZ HERNANDEZ, MONICA","Republican Party","REP","House","H","Texas","TX","15","ALAMO","TX","78516","2020","14-NOV-19","2019","201911149165501948"
"H0CA45160","GONZALES, CHRISTOPHER JOHN","Republican Party","REP","House","H","California","CA","45","IRVINE","CA","92620","2020","14-NOV-19","2019","201911149165502712"
"P00014431","STAUFFER, HOWARD RICHARD","Republican Party","REP","President","P","United States","00","00","NEW WINDSOR","NY","12553","2020","14-NOV-19","2019","201911149165502912"
"H0FL19155","HOLDEN, DAVID","Democratic Party","DEM","House","H","Florida","FL","19","NAPLES","FL","34108","2020","14-NOV-19","2019","201911149165503109"
"P00014415","SEALES, PHILLIP J. MR.","Democratic-Farmer-Labor","DFL","President","P","United States","00","00","ALABASTER","AL","35007","2020","14-NOV-19","2019","201911149165500591"
"H0VA02092","LOYOLA, BENITO BEN JR","Republican Party","REP","House","H","Virginia","VA","02","VIRGINIA BEACH","VA","23450","2020","13-NOV-19","2019","201911150300301768"
"H0NY17257","HERNANDEZ, ASHA CASTLEBERRY","Democratic Party","DEM","House","H","New York","NY","17","ELMSFORD","NY","10523","2020","13-NOV-19","2019","201911139165364882"
"H0CA28208","MARTINEZ, CHRISTOPHER EDGARDO","Democratic Party","DEM","House","H","California","CA","28","LOS ANGELES","CA","90029","2020","13-NOV-19","2019","201911139165365384"
"P00014381","GYURKO, ZOLTAN ISTVAN MR.","Republican Party","REP","President","P","United States","00","00","MILL VALLEY","CA","94941","2020","13-NOV-19","2019","201911139165365395"
"H0CA04209","BYERS, JAMIE","Republican Party","REP","House","H","California","CA","04","ROSEVILLE","CA","95747","2020","13-NOV-19","2019","201911139165485079"
"P20004347","ELY, BOB (ROBERT MOULTON-ELY)","Democratic Party","DEM","President","P","United States","00","00","LAKE FOREST","IL","60045","2020","13-NOV-19","2019","201911130300301680"
"H0CA04191","WILSON, MARIO CHRISTOPHER","Republican Party","REP","House","H","California","CA","04","CAMERON PARK","CA","95682","2020","13-NOV-19","2019","201911139165359908"
"H0CA34149","WRIGHT, JOANNE","Republican Party","REP","House","H","California","CA","34","INGLEWOOD","CA","90301","2020","13-NOV-19","2019","201911139165359928"
"H0MD07148","CARTER, JILL P","Democratic Party","DEM","House","H","Maryland","MD","07","BALTIMORE","MD","21203","2020","13-NOV-19","2019","201911139165361320"
"H0TX17161","BLAND, SCOTT","Republican Party","REP","House","H","Texas","TX","17","WACO","TX","76702","2020","13-NOV-19","2019","201911139165361343"
"H0AR02206","ELLIOTT, JOYCE ANN SENATOR","Democratic Party","DEM","House","H","Arkansas","AR","02","LITTLE ROCK","AR","72204","2020","13-NOV-19","2019","201911139165361530"
"H8IL17045","CAMERON, CRAIG","Republican Party","REP","House","H","Illinois","IL","07","CHICAGO","IL","60641","2020","13-NOV-19","2019","201911139165361535"
"P00014357","BUCHSER, SUSAN MAUDE","Green Party","GRE","President","P","United States","00","00","NEW YORK CITY","NY","10280","2020","13-NOV-19","2019","201911139165362558"
"H0TX23276","MCFARLIN, JEFF","Republican Party","REP","House","H","Texas","TX","23","ALEXANDRIA","VA","22313","2020","13-NOV-19","2019","201911139165362960"
"H0FL04157","DEEGAN, DONNA","Democratic Party","DEM","House","H","Florida","FL","04","ATLANTIC BEACH","FL","32233","2020","13-NOV-19","2019","201911139165363529"
"P00014365","DAVLIN, BENNETT JOSHUA","Democratic Party","DEM","President","P","United States","00","00","BEVERLY HILLS","CA","90212","2020","13-NOV-19","2019","201911139165363570"
"H0MD07155","MATORY, LIZ","Republican Party","REP","House","H","Maryland","MD","07","PARKVILLE","MD","21234","2020","13-NOV-19","2019","201911139165363588"
"S0ID00172","FLEMING, NATALIE M","Unaffiliated","UN","Senate","S","Idaho","ID","00","FRUITLAND","ID","83619","2020","13-NOV-19","2019","201911139165364509"
"H0MI08158","LYKE, KRISTINA","Republican Party","REP","House","H","Michigan","MI","08","FOWLERVILLE","MI","48836","2020","13-NOV-19","2019","201911139165364570"
"P00014399","CLEMENT, MARY","Democratic Party","DEM","President","P","United States","00","00","SILVER SPRING","MD","20901","2020","13-NOV-19","2019","201911130300301701"
"H0IA02198","PHILLIPS, RICKY LEE","Republican Party","REP","House","H","Iowa","IA","02","PELLA","IA","50219","2020","12-NOV-19","2019","201911120300301506"
"H0FL19148","DUMORNAY, ANTONIO","Republican Party","REP","House","H","Florida","FL","19","NAPLES","FL","34102","2020","12-NOV-19","2019","201911129165359868"
"H2IL01042","RUSH, BOBBY LEE","Democratic Party","DEM","House","H","Illinois","IL","01","CHICAGO","IL","60653","2020","12-NOV-19","2019","201911120300301494"
"H8CA27120","CARDENAS, BEATRICE FOR","Republican Party","REP","House","H","California","CA","27","ALHAMBRA","CA","91801","2020","12-NOV-19","2019","201911129165353250"
"H0MD07122","ROCKEYMOORE CUMMINGS, MAYA","Democratic Party","DEM","House","H","Maryland","MD","07","BALTIMORE","MD","212179998","2020","12-NOV-19","2019","201911129165354712"
"H0IN01143","HARPER, JAMES","Democratic Party","DEM","House","H","Indiana","IN","01","VALPARAISO","IN","46384","2020","12-NOV-19","2019","201911129165355923"
"H0OR02135","ATKINSON, JASON","Republican Party","REP","House","H","Oregon","OR","02","CENTRAL POINT","OR","97502","2020","12-NOV-19","2019","201911129165356061"
"H0MI14248","HOUSTON, DARYLE F. MR. II","Republican Party","REP","House","H","Michigan","MI","14","BERKLEY","MI","48072","2020","12-NOV-19","2019","201911129165356112"
"H0MI08141","JUNGE, PAUL","Republican Party","REP","House","H","Michigan","MI","08","BRIGHTON","MI","48116","2020","12-NOV-19","2019","201911129165356345"
"H0OH15149","NEWBY, JOEL III","Democratic Party","DEM","House","H","Ohio","OH","15","COLUMBUS","OH","43220","2020","12-NOV-19","2019","201911129165358421"
"H0CA37175","THOMPSON, LARRY","No Party Affiliation","NPA","House","H","California","CA","37","LOS ANGELES","CA","90064","2020","12-NOV-19","2019","201911129165358892"
"H0MO04243","SMITH, ROBERT EUGENE","Independent","IND","House","H","Missouri","MO","04","NEVADA","MO","64772","2020","12-NOV-19","2019","201911129165358951"
"H0MD07130","BRANCH, TALMADGE","Democratic Party","DEM","House","H","Maryland","MD","07","BALTIMORE","MD","21205","2020","12-NOV-19","2019","201911129165359268"
"H0FL19130","SEVERSON, DANIEL MARK","Republican Party","REP","House","H","Florida","FL","19","CAPE CORAL","FL","33915","2020","12-NOV-19","2019","201911129165359862"
"H0CA09117","MEDINA, ALEXIS","Democratic Party","DEM","House","H","California","CA","09","PITTSBURG","CA","94565","2020","12-NOV-19","2019","201911129165359863"
"P00014332","PATTERSON, KEN","Republican Party","REP","President","P","United States","00","00","EUREKA","MO","630251210","2020","12-NOV-19","2019","201911120300301510"
"H0TN05333","BAUTISTA-JONES, JUSTIN","Democratic Party","DEM","House","H","Tennessee","TN","05","NASHVILLE","TN","37206","2020","11-NOV-19","2019","201911119165353159"
"H0CA51051","RODRIGUEZ, SAUL ALEJANDRO","Republican Party","REP","House","H","California","CA","51","EL CENTRO","CA","92243","2020","11-NOV-19","2019","201911119165353241"
"H0CA30188","CARROLL, BRIAN","Democratic Party","DEM","House","H","California","CA","30","STUDIO CITY","CA","91604","2020","11-NOV-19","2019","201911119165351224"
"S0DE00167","TURLEY, MARK WILLIAM","Other","OTH","Senate","S","Delaware","DE","00","MILLSBORO","DE","19966","2020","11-NOV-19","2019","201911119165352918"
"H0FL07150","ZHAO, YUKONG","Republican Party","REP","House","H","Florida","FL","07","ORLANDO","FL","32828","2020","11-NOV-19","2019","201911119165351391"
"H0NV02209","ACKERMAN, PATRICIA GERALDENE MS.","Democratic Party","DEM","House","H","Nevada","NV","02","MINDEN","NV","89423","2020","11-NOV-19","2019","201911119165352436"
"S0VA00179","FAULKNER, OMARI","Republican Party","REP","Senate","S","Virginia","VA","00","ALEXANDRIA","VA","22314","2020","11-NOV-19","2019","201911119165352872"
"H0TX13160","CULLEY, JAMIE","Republican Party","REP","House","H","Texas","TX","13","WICHITA FALLS","TX","76310","2020","11-NOV-19","2019","201911119165351378"
"P00014324","OSBORNE, FREDERICK WHITE MR.","Independent","IND","President","P","United States","00","00","COLORADO SPRINGS","CO","80906","2020","10-NOV-19","2019","201911109165350553"
"H0TX32103","HOLLIS, JONATHON","Republican Party","REP","House","H","Texas","TX","32","DALLAS","TX","75204","2020","10-NOV-19","2019","201911109165350558"
"H0FL20146","MILLER, ERVAN KATAI","Democratic Party","DEM","House","H","Florida","FL","20","POMPANO BEACH","FL","33069","2020","10-NOV-19","2019","201911109165351173"
"H0FL22126","SCOTT, CHRISTINE","Republican Party","REP","House","H","Florida","FL","22","DEERFIELD BEACH","FL","33441","2020","10-NOV-19","2019","201911109165350568"
"H0FL22134","BOYLE, KEVIN MICHAEL MR.","Republican Party","REP","House","H","Florida","FL","22","BOCA RATON","FL","33496","2020","10-NOV-19","2019","201911109165350573"
"H0TX13152","TRUJILLO, GUS LUIS","Democratic Party","DEM","House","H","Texas","TX","13","AMARILLO","TX","79102","2020","10-NOV-19","2019","201911109165350563"
"H0WI02078","HELLER, JEFFERY DAVID","Republican Party","REP","House","H","Wisconsin","WI","02","FITCHBURG","WI","53711","2020","09-NOV-19","2019","201911099165350454"
"H0LA07027","MILLER, JOSEPH KYLE","Republican Party","REP","House","H","Louisiana","LA","07","EUNICE","LA","70535","2020","09-NOV-19","2019","201911099165350452"
"H6MD07020","MFUME, KWEISI","Democratic Party","DEM","House","H","Maryland","MD","07","BALTIMORE ","MD","21207","2020","08-NOV-19","2019","201911089165338988"
"P00014340","MATERN, MATTHEW","Republican Party","REP","President","P","United States","00","00","MANHATTAN BEACH","CA","90267","2020","08-NOV-19","2019","201911120300301604"
"P00014266","STRAVAGAR, MAX","Democratic Party","DEM","President","P","New York","NY","00","NYC","NY","10458","2020","08-NOV-19","2019","201911089165337792"
"P00014274","FEHRMAN, BRIAN CHRISTOPHER","Independent","IND","President","P","United States","00","00","RAPID CITY","SD","57702","2020","08-NOV-19","2019","201911089165337963"
"H0NC11167","TROWBRIDGE, JAMES HOWELL","Democratic Party","DEM","House","H","North Carolina","NC","11","CANDLER","NC","28715","2020","08-NOV-19","2019","201911089165340112"
"H0GA11044","NUCKOLLS, HADEN ASHER","Democratic Party","DEM","House","H","Georgia","GA","11","MARIETTA","GA","30067","2020","08-NOV-19","2019","201911089165338609"
"H0VA01201","COX, THOMAS PHILLIP","Democratic Party","DEM","House","H","Virginia","VA","01","FREDERICKSBURG","VA","22406","2020","08-NOV-19","2019","201911089165339041"
"H0IL15178","MCCUAN, RON","Republican Party","REP","House","H","Illinois","IL","15","HARRISBURG","IL","62946","2020","08-NOV-19","2019","201911089165340041"
"S0AR00218","WHITFIELD, DANIEL ALLEN","Independent","IND","Senate","S","Arkansas","AR","00","BELLA VISTA","AR","72714","2020","08-NOV-19","2019","201911089165340046"
"S0GA00492","JOHNSON, ARTHUR WAYNE","Republican Party","REP","Senate","S","Georgia","GA","00","MACON","GA","31210","2020","08-NOV-19","2019","201911089165338056"
"P00014241","ACKER, RYAN","Non-Party","NON","President","P","United States","00","00","GREENVILLE","OH","45331","2020","07-NOV-19","2019","201911079165334080"
"P00014258","TUCKER, LATONYA DENISE MRS","Citizens' Party","CIT","President","P","United States","00","00","RICHMOND","VA","23225","2020","07-NOV-19","2019","201911079165334189"
"H0AZ09039","DEPALMA, MICHELLE","Republican Party","REP","House","H","Arizona","AZ","09","PHOENIX","AZ","85050","2020","07-NOV-19","2019","201911079165337705"
"H0CA52091","RYANS, JERLILIA MS.","Democratic Party","DEM","House","H","California","CA","52","SAN DIEGO","CA","92196","2020","07-NOV-19","2019","201911079165337756"
"H0MN05202","VOGEL, LUCIA MARINA MRS.","Republican Party","REP","House","H","Minnesota","MN","05","COLUMBIA HEIGHTS","MN","55421","2020","07-NOV-19","2019","201911079165331793"
"H0NJ03203","NOVAK, JOHN J","Republican Party","REP","House","H","New Jersey","NJ","03","TOMS RIVER","NJ","08753","2020","07-NOV-19","2019","201911079165331833"
"H0IL15160","GRAY, KENT","Republican Party","REP","House","H","Illinois","IL","15","LELAND GROVE","IL","62704","2020","07-NOV-19","2019","201911079165332450"
"S0AL00321","NELSON, RUTH PAGE","Republican Party","REP","Senate","S","Alabama","AL","00","DOTHAN","AL","36301","2020","07-NOV-19","2019","201911079165332808"
"S0MA00216","WATERS, ALLEN","Republican Party","REP","Senate","S","Massachusetts","MA","00","MASHPEE","MA","02649","2020","07-NOV-19","2019","201911079165333163"
"H0CO01151","PRATSCHLER, MEGHAN","Democratic Party","DEM","House","H","Colorado","CO","01","DENVER","CO","80246","2020","07-NOV-19","2019","201911079165333742"
"H0FL19122","EAGLE, DANE","Republican Party","REP","House","H","Florida","FL","19","FORT MYERS","FL","33901","2020","06-NOV-19","2019","201911069165329798"
"S0ME00145","LAJEUNESSE, ROSS","Democratic Party","DEM","Senate","S","Maine","ME","00","BIDDLEFORD","ME","04005","2020","06-NOV-19","2019","201911069165331580"
"H0FL07143","VALENTIN, LEO","Republican Party","REP","House","H","Florida","FL","07","ORLANDO","FL","32806","2020","06-NOV-19","2019","201911069165329439"
"H0AL02194","HASDORFF, TERRI","Republican Party","REP","House","H","Alabama","AL","02","MONTGOMERY","AL","36124","2020","06-NOV-19","2019","201911069165331126"
"H0TX30099","BURTON, HASANI","Democratic Party","DEM","House","H","Texas","TX","30","DALLAS","TX","75204","2020","06-NOV-19","2019","201911069165330657"
"S0GA00484","JOHNSON-SHEALEY, TAMARA","Democratic Party","DEM","Senate","S","Georgia","GA","00","PEACHTREE CORNERS","GA","30092","2020","06-NOV-19","2019","201911069165330728"
"P80005275","MOORE, BRIAN PATRICK","Democratic Party","DEM","President","P","United States","00","11","SPRING HILL","FL","34606","2020","06-NOV-19","2019","201911070300301377"
"H0IN01135","MCDERMOTT, THOMAS M JR","Democratic Party","DEM","House","H","Indiana","IN","01","HAMMOND","IN","46323","2020","06-NOV-19","2019","201911069165329952"
"H0MA06130","MCQUILKEN, ANGUS","Democratic Party","DEM","House","H","Massachusetts","MA","06","TOPSFIELD","MA","01983","2020","06-NOV-19","2019","201911069165330316"
"H0TX23268","THOMAS, SHARON BRECKENRIDGE","Republican Party","REP","House","H","Texas","TX","23","SAN ANTONIO","TX","78220","2020","06-NOV-19","2019","201911069165331321"
"H0MI10287","MCCLAIN, LISA","Republican Party","REP","House","H","Michigan","MI","10","BRUCE TOWNSHIP","MI","48065","2020","05-NOV-19","2019","201911060300301183"
"H0TX02098","OLSEN, TRAVIS","Democratic Party","DEM","House","H","Texas","TX","02","SPRING","TX","77379","2020","05-NOV-19","2019","201911059165326928"
"P00014233","CRAMER, NICHOLAS JAY","No Party Affiliation","NPA","President","P","Florida","FL","00","PALM BEACH GARDENS","FL","33410","2020","05-NOV-19","2019","201911059165326321"
"H0MI13463","LEMMO, ALFRED C MR.","Republican Party","REP","House","H","Michigan","MI","13","DEARBORN","MI","48124","2020","05-NOV-19","2019","201911059165328900"
"S0TN00201","BUSH, BYRON","Republican Party","REP","Senate","S","Tennessee","TN","00","BRENTWOOD","TN","37027","2020","05-NOV-19","2019","201911059165327033"
"S0OK00370","BROYLES, ABBY","Democratic Party","DEM","Senate","S","Oklahoma","OK","00","OKLAHOMA CITY","OK","73157","2020","05-NOV-19","2019","201911059165327688"
"H0NJ04177","KEADY, JAMES","Democratic Party","DEM","House","H","New Jersey","NJ","04","SPRING LAKE","NJ","07762","2020","05-NOV-19","2019","201911059165327301"
"H0IL08140","HUSSAIN, INAM DR","Democratic Party","DEM","House","H","Illinois","IL","08","VILLA PARK","IL","60181","2020","05-NOV-19","2019","201911059165328891"
"H0AZ04535","WARD, ANNE MARIE","Republican Party","REP","House","H","Arizona","AZ","04","PRESCOTT","AZ","86301","2020","04-NOV-19","2019","201911049165324675"
"H0MI03340","WILLIS, ANDREW JACKSON","Republican Party","REP","House","H","Michigan","MI","03","ROCKFORD","MI","49341","2020","04-NOV-19","2019","201911049165324374"
"H0OH12187","WEISLOGEL, BENJAMIN CHARLES","Democratic Party","DEM","House","H","Ohio","OH","12","COLUMBUS","OH","43124","2020","04-NOV-19","2019","201911049165325955"
"H0OH01107","PRATSCHLER, MEGHAN","Democratic Party","DEM","House","H","Ohio","OH","01","DENVER","OH","80246","2020","04-NOV-19","2019","201911049165324926"
"H0AZ01416","SMITH, JUAN A","Republican Party","REP","House","H","Arizona","AZ","01","MAMMOTH","AZ","85618","2020","04-NOV-19","2019","201911049165324835"
"H6AL02159","ROGERS, ROBERT L","Republican Party","REP","House","H","Alabama","AL","02","MONTGOMERY","AL","36111","2020","04-NOV-19","2019","201911040300301123"
"H0UT04076","OWENS, BURGESS","Republican Party","REP","House","H","Utah","UT","04","RIVERTON","UT","84065","2020","04-NOV-19","2019","201911050300301179"
"H0AZ03461","WOOD, DANIEL","Republican Party","REP","House","H","Arizona","AZ","03","MARICOPA","AZ","85138","2020","04-NOV-19","2019","201911049165324769"
"H0CO02217","CUTCHER, WILLIAM L","Republican Party","REP","House","H","Colorado","CO","02","FORT COLLINS","CO","80525","2020","03-NOV-19","2019","201911039165321655"
"P00014217","ZOOK, DARREN CHRISTOPHER","Independent","IND","President","P","United States","00","00","BERKELEY","CA","94705","2020","03-NOV-19","2019","201911039165321640"
"P00014225","NEWTON, CLARICE FAYE","American People'S Freedom Party","APF","President","P","United States","00","00","SAN LEANDRO","CA","94577","2020","03-NOV-19","2019","201911039165321674"
"H0CA53164","MEZA, ANNETTE","Democratic Party","DEM","House","H","California","CA","53","SAN DIEGO","CA","92170","2020","03-NOV-19","2019","201911039165321700"
"H0WA03187","HERRERA BEUTLER, JAIME","Republican Party","REP","House","H","Washington","WA","03","RIDGEFIELD","WA","986420020","2019","03-NOV-19","2019","201911039165321719"
"H0OK04166","FORBES, WESLEY","Democratic Party","DEM","House","H","Oklahoma","OK","04","NORMAN","OK","73069","2020","02-NOV-19","2019","201911029165321492"
"H0FL27042","TARRIO, ENRIQUE","Republican Party","REP","House","H","Florida","FL","27","MIAMI","FL","33126","2020","01-NOV-19","2019","201911019165318522"
"H0TX22286","MATHEWS, DANIEL MR","Republican Party","REP","House","H","Texas","TX","22","SUGAR LAND","TX","77478","2020","01-NOV-19","2019","201911019165318555"
"H0FL19114","FIGLESTHALER, WILLIAM MATTHEW MD","Republican Party","REP","House","H","Florida","FL","19","NAPLES","FL","34108","2020","01-NOV-19","2019","201911019165321310"
"H0OR02127","BENTZ, CLIFF","Republican Party","REP","House","H","Oregon","OR","02","ONTARIO","OR","97914","2020","01-NOV-19","2019","201911019165319819"
"H0CA30170","KAHN, PAULA","Democratic Party","DEM","House","H","California","CA","30","SANTA BARBARA","CA","93101","2020","01-NOV-19","2019","201911019165321288"
"H0NV01219","LARIOS-ELIAS, CITLALY","Republican Party","REP","House","H","Nevada","NV","01","LAS VEGAS","NV","89107","2020","01-NOV-19","2019","201911019165321293"
"H0PA02083","MANTILLA, JOANNE MARIE CEMPRON MS.","Democratic Party","DEM","House","H","Pennsylvania","PA","02","PHILADELPHIA","PA","19125","2020","01-NOV-19","2019","201911019165321275"
"S0OR00337","ROMERO, PAUL JOSEPH MR. JR.","Republican Party","REP","Senate","S","Oregon","OR","00","ROSEBURG","OR","97471","2020","01-NOV-19","2019","201911019165319939"
"H2MI11133","BENTIVOLIO, KERRY","Republican Party","REP","House","H","Michigan","MI","11","MILFORD","MI","48381","2020","31-OCT-19","2019","201910310300300788"
"H0IN05284","BALES, ANDREW PETER","Republican Party","REP","House","H","Indiana","IN","05","INDIANAPOLIS","IN","46240","2020","31-OCT-19","2019","201910319165307869"
"H0OH05082","CARRIGAN, MICHAEL XAVIER","Democratic Party","DEM","House","H","Ohio","OH","05","NORTH BALTIMORE","OH","45872","2020","31-OCT-19","2019","201910319165307916"
"H0GA09162","WILSON, DAN CAROLL MR.","Democratic Party","DEM","House","H","Georgia","GA","09","CLAYTON","GA","30525","2020","31-OCT-19","2019","201910319165307940"
"H0FL17175","MURRAY, THEODORE ANDREW","Democratic Party","DEM","House","H","Florida","FL","17","FROSTPROOF","FL","33843","2020","31-OCT-19","2019","201910319165308384"
"H0VA02175","BELL, JAROME","Republican Party","REP","House","H","Virginia","VA","02","VIRGINIA BEACH","VA","23456","2020","31-OCT-19","2019","201910319165308385"
"H0CA13051","GRUNDMANN, DON J","Constitution Party","CON","House","H","California","CA","15","SANTA CLARA","CA","95050","2020","31-OCT-19","2019","201911060300301242"
"P00014209","BLANKENSHIP, DON","Constitution Party","CON","President","P","United States","00","00","WILLIAMSON","WV","25661","2020","31-OCT-19","2019","201910319165308453"
"S0VA00161","EASLEY, JOHN JR","Republican Party","REP","Senate","S","Virginia","VA","00","RICHMOND","VA","01083","2020","31-OCT-19","2019","201910319165308618"
"H0AZ03453","RONNEBECK, STEVE","Republican Party","REP","House","H","Arizona","AZ","03","MESA","AZ","85208","2020","31-OCT-19","2019","201910319165317270"
"H0TX36021","LEWIS, BRANDON RASHAD","Democratic Party","DEM","House","H","Texas","TX","36","JASPER","TX","75951","2020","31-OCT-19","2019","201910319165317405"
"H0LA05104","ROBINSON, RANDALL SCOTT","Republican Party","REP","House","H","Louisiana","LA","05","WEST MONROE","LA","71291","2020","31-OCT-19","2019","201910319165317793"
"H0MI11129","ESSHAKI, ERIK","Republican Party","REP","House","H","Michigan","MI","11","BRIMINGHAM","MI","48012","2020","31-OCT-19","2019","201910319165308417"
"H0TX13145","HAYS, ELAINE","Republican Party","REP","House","H","Texas","TX","13","AMARILLO","TX","79105","2020","30-OCT-19","2019","201910309165307285"
"H0MD07106","RABB, SAAFIR","Democratic Party","DEM","House","H","Maryland","MD","07","BALTIMORE","MD","21215","2020","30-OCT-19","2019","201910309165307295"
"H0FL25095","ESCOBAR, YADIRA MS","Democratic Party","DEM","House","H","Florida","FL","25","HIALEAH GARDENS","FL","33018","2020","30-OCT-19","2019","201910309165307731"
"H0NY16168","FINK, CHRIS","Democratic Party","DEM","House","H","New York","NY","16","PELHAM","NY","10803","2020","30-OCT-19","2019","201910309165305578"
"H0TX13137","EKSTROM, CHRIS","Republican Party","REP","House","H","Texas","TX","13","WICHITA FALLS","TX","76308","2020","30-OCT-19","2019","201910309165305967"
"H0TX31147","YOUNG, TAMMY","Democratic Party","DEM","House","H","Texas","TX","31","ROUND ROCK","TX","78680","2020","30-OCT-19","2019","201910309165305995"
"H0IL15152","LANE, JACOB P MR.","Republican Party","REP","House","H","Illinois","IL","15","DANVILLE","IL","61832","2020","30-OCT-19","2019","201910309165307852"
"H0VA05178","RUSSO, CLAIRE","Democratic Party","DEM","House","H","Virginia","VA","05","CHARLOTTESVILLE","VA","22906","2020","30-OCT-19","2019","201910309165306175"
"H0CA25154","SMITH, CHRISTY","Democratic Party","DEM","House","H","California","CA","25","LOS ANGELES","CA","90017","2020","30-OCT-19","2019","201910309165306545"
"H0MO03203","OGLESBY, DENNIS","Democratic Party","DEM","House","H","Missouri","MO","03","WARRENTON","MO","63383","2020","30-OCT-19","2019","201910309165306547"
"H0AL01139","COLLINS, FREDERICK G. RICK'","Democratic Party","DEM","House","H","Alabama","AL","01","MOBILE","AL","36693","2020","30-OCT-19","2019","201910309165307265"
"P00014191","CHRISTMANN, DANIEL JOHN","Libertarian Party","LIB","President","P","United States","00","00","BROOKLYN","NY","11211","2020","30-OCT-19","2019","201910310300300767"
"P00014183","VITTATO, KRISJIANNIS","Other","OTH","President","P","United States","00","00","HOUSTON","TX","77089","2020","30-OCT-19","2019","201910309165306008"
"H0PA17115","PARNELL, RICHARD SEAN","Republican Party","REP","House","H","Pennsylvania","PA","17","CRANBERRY TOWNSHIP","PA","16066","2020","29-OCT-19","2019","201910299165303965"
"P00014159","KRAUT, CHARLES WILLIAM","Constitution Party","CON","President","P","United States","00","00","LEXINGTON","VA","24450","2020","29-OCT-19","2019","201910299165304154"
"H0OH11106","SCHULZ, JONAH","Republican Party","REP","House","H","Ohio","OH","11","CLEVELAND","OH","44109","2020","29-OCT-19","2019","201910299165304621"
"H0IL18065","HAASIS, MARK","Democratic Party","DEM","House","H","Illinois","IL","18","PEORIA","IL","61614","2020","29-OCT-19","2019","201910299165304816"
"H0CO02209","JOHNSON, ALEX","Independent","IND","House","H","Colorado","CO","02","BERTHOUD","CO","80513","2020","29-OCT-19","2019","201910299165305120"
"H0IL15145","WOLFF, KERRY ALLEN","Republican Party","REP","House","H","Illinois","IL","15","ALTAMONT","IL","62411","2020","29-OCT-19","2019","201910299165305561"
"H0ID01295","EVANS, JOSEPH","Independent","IND","House","H","Idaho","ID","01","MERIDIAN","ID","83642","2020","29-OCT-19","2019","201910299165305491"
"H0CA45152","FURIN, RHONDA DEE","Republican Party","REP","House","H","California","CA","45","ANAHEIM","CA","92808","2020","29-OCT-19","2019","201910299165305535"
"H8TX16125","GARCIA-URESTE, ALIA","Republican Party","REP","House","H","Texas","TX","23","EL PASO","TX","79913","2020","29-OCT-19","2019","201910299165305558"
"P00014175","HORNBERGER, JACOB GEORGE MR.","Libertarian Party","LIB","President","P","Virginia","VA","00","BROADLANDS","VA","20148","2020","29-OCT-19","2019","201910299165305559"
"H0IL17125","EDWARDS, SPANKY","Democratic Party","DEM","House","H","Illinois","IL","17","PEORIA","IL","61603","2020","29-OCT-19","2019","201910299165305560"
"H0CA25147","PAPADOPOULOS, GEORGE","Republican Party","REP","House","H","California","CA","25","LOS ANGELES","CA","90068","2020","29-OCT-19","2019","201910299165305486"
"P00014142","TERNAY, ANDRW CHRISTOPHER","Unaffiliated","UN","President","P","United States","00","00","GARLAND","TX","75042","2020","28-OCT-19","2019","201910289165303413"
"S0TX00340","MCKENNON, KERRY DOUGLAS","Libertarian Party","LIB","Senate","S","Texas","TX","00","PETERSBURG","TX","79250","2020","28-OCT-19","2019","201910289165303426"
"P00014126","MEDEIROS, JOHN MANIMAS MR.","Write-In","W","President","P","New York","NY","00","SCHENECTADY","NY","12305","2020","28-OCT-19","2019","201910289165302631"
"H0GA12067","STEINER, DAN","Democratic Party","DEM","House","H","Georgia","GA","12","AUGUSTA","GA","30909","2020","28-OCT-19","2019","201910289165302718"
"H0MI14230","GROSSBARD, GAVRIEL","Republican Party","REP","House","H","Michigan","MI","14","SOUTHFIELD","MI","48075","2020","28-OCT-19","2019","201910289165302818"
"H0FL11202","THOMPSON, STEVEN MR.","Republican Party","REP","House","H","Florida","FL","11","FORT MCCOY","FL","32134","2020","28-OCT-19","2019","201910289165303076"
"P00014134","BEARD, LONNIE RICHARD MR III","Independent","IND","President","P","California","CA","00","CONCORD","CA","94519","2020","28-OCT-19","2019","201910289165302982"
"H0CA52083","DEBELLO, JAMES","Republican Party","REP","House","H","California","CA","52","SAN DIEGO","CA","92106","2020","28-OCT-19","2019","201910289165303054"
"H0SC01428","MOLE, BRAD","Republican Party","REP","House","H","South Carolina","SC","01","BLUFFTON","SC","29910","2020","28-OCT-19","2019","201910289165303070"
"H0AL02186","PAGE, JOHN C","Libertarian Party","LIB","House","H","Alabama","AL","02","DOTHAN","AL","36301","2020","28-OCT-19","2019","201910289165303071"
"H0NY20129","SENEY, MICHAEL ROBERT","Republican Party","REP","House","H","New York","NY","20","WYNANTSKILL","NY","12198","2020","28-OCT-19","2019","201910289165302980"
"H0CA08143","CONAWAY, ROBERT DEAN","Democratic Party","DEM","House","H","California","CA","08","APPLE VALLEY","CA","92307","2020","27-OCT-19","2019","201910279165302542"
"H0OH13201","SANTOS, ROBERT JOHN","Republican Party","REP","House","H","Ohio","OH","13","YOUNGSTOWN","OH","44515","2020","27-OCT-19","2019","201910279165302616"
"H0NY11094","CALDARERA, JOSEPH MATTHEW","Republican Party","REP","House","H","New York","NY","11","STATEN ISLAND","NY","10312","2020","27-OCT-19","2019","201910279165302600"
"H0WI03126","COOK, BRANDON LAMAR","Republican Party","REP","House","H","Wisconsin","WI","03","HAGER CITY","WI","54014","2020","26-OCT-19","2019","201910269165300926"
"H0NY17240","FINE, ALLISON HARRIS MS.","Democratic Party","DEM","House","H","New York","NY","17","SLEEPY HOLLOW","NY","10591","2020","26-OCT-19","2019","201910269165301796"
"P00014118","ARNOLD, EUGENE NATHANIEL MR. III","Write-In","W","President","P","United States","00","00","CHICAGO","IL","60680","2020","25-OCT-19","2019","201910259165298880"
"H0NC03404","BENTON, STEVEN DOUGLAS","Republican Party","REP","House","H","North Carolina","NC","03","MOREHEAD CITY","NC","28557","2020","25-OCT-19","2019","201910259165298941"
"H0IL15137","BAMBENEK, JOHN CHRISTIAN","Republican Party","REP","House","H","Illinois","IL","15","CHAMPAIGN","IL","61822","2020","25-OCT-19","2019","201910259165300503"
"H0TX17153","HINDMAN, GEORGE W.","Republican Party","REP","House","H","Texas","TX","17","PFLUGERVILLE","TX","78691","2020","25-OCT-19","2019","201910259165300861"
"P80005572","LA RIVA, GLORIA ESTELA","Peace And Freedom","PAF","President","P","United States","00","00","SAN FRANCISCO","CA","94110","2020","25-OCT-19","2019","201910250300300356"
"P00014092","BURD, ZACHARY","Republican Party","REP","President","P","United States","00","00","HONOLULU","HI","96817","2020","25-OCT-19","2019","201910259165298876"
"P60009958","ESPINOSA, GEBY E","Republican Party","REP","President","P","United States","00","00","SANTA CLARA","CA","95050","2020","25-OCT-19","2019","201910250300300394"
"H0NC11159","O'SHEA, MICHAEL","Democratic Party","DEM","House","H","North Carolina","NC","11","ASHEVILLE","NC","28816","2020","24-OCT-19","2019","201910249165298758"
"H0CA29123","PERRAS, BRIAN","Republican Party","REP","House","H","California","CA","29","GRANADA HILLS","CA","91344","2020","24-OCT-19","2019","201910240300300314"
"H8OH13154","LYRAS, LOUIS GEORGE","Republican Party","REP","House","H","Ohio","OH","13","CAMPBELL","OH","44405","2020","24-OCT-19","2019","201910249165293830"
"H0CA20130","BOLA?OS SCOW, ADAM","Democratic Party","DEM","House","H","California","CA","20","WATSONVILLE","CA","95077","2020","24-OCT-19","2019","201910249165295423"
"H0IN08213","MARSILI, THOMASINA","Democratic Party","DEM","House","H","Indiana","IN","08","SPENCER","IN","47460","2020","24-OCT-19","2019","201910249165295163"
"H0IN03230","COLDIRON, CHIP WINTER MR.","Democratic Party","DEM","House","H","Indiana","IN","03","OSSIAN","IN","46777","2020","24-OCT-19","2019","201910249165295199"
"H0FL21094","FELTON, ELIZABETH","Republican Party","REP","House","H","Florida","FL","21","LANTANA","FL","33462","2020","24-OCT-19","2019","201910249165294587"
"H0TX17146","ADNAN, MASROOR AHMAD","Republican Party","REP","House","H","Texas","TX","17","AUSTIN","TX","78720","2020","23-OCT-19","2019","201910239165277953"
"H0MS04161","CARL, BOYANTON","Republican Party","REP","House","H","Mississippi","MS","04","DIAMONDHEAD","MS","39525","2020","23-OCT-19","2019","201910239165277959"
"H0TX07212","LIM, KENNY HON 8328589762","Republican Party","REP","House","H","Texas","TX","07","HOUSTON","TX","77036","2020","23-OCT-19","2019","201910239165278298"
"H0NH01274","FREEMAN, KEVIN MR","Democratic Party","DEM","House","H","New Hampshire","NH","01","MILFORD","NH","03055","2020","23-OCT-19","2019","201910239165293445"
"H0OK01147","ASAMOA-CAESAR, KOJO","Democratic Party","DEM","House","H","Oklahoma","OK","01","TULSA","OK","74106","2020","23-OCT-19","2019","201910239165292568"
"P00014076","VITATEAUX, KRISJIAN","Other","OTH","President","P","United States","00","00","HOUSTON","TX","77089","2020","23-OCT-19","2019","201910239165292598"
"H0NY08090","GARCIA, ABE JAMIE","Democratic Party","DEM","House","H","New York","NY","08","BROOKLYN","NY","11234","2020","23-OCT-19","2019","201910239165293444"
"H0TX22278","HAMMEL, MICHELLE (SCHELL)","Republican Party","REP","House","H","Texas","TX","22","HOUSTON","TX","77041","2020","23-OCT-19","2019","201910239165278348"
"H0UT01163","STEVENSON, BOB","Republican Party","REP","House","H","Utah","UT","01","LAYTON","UT","84041","2020","22-OCT-19","2019","201910230300300013"
"H0NM01189","GARCIA HOLMES, MICHELLE","Republican Party","REP","House","H","New Mexico","NM","01","ALBUQUERQUE","NM","87199","2020","22-OCT-19","2019","201910230300300024"
"H2NY14037","MALONEY, CAROLYN B.","Democratic Party","DEM","House","H","New York","NY","12","NEW YORK","NY","10128","2020","22-OCT-19","2019","201910229165277811"
"P00014068","HALCOMB, ANASTASIA JOVE'","Independent","IND","President","P","Texas","TX","00","HARKER HEIGHTS","TX","76548","2020","22-OCT-19","2019","201910229165277812"
"H0OH12179","SHEARER, ALAINA","Democratic Party","DEM","House","H","Ohio","OH","12","LEWIS CENTER","OH","43035","2020","22-OCT-19","2019","201910229165266217"
"H0FL13166","NEWBY, SHARON BARRY","Republican Party","REP","House","H","Florida","FL","13","LARGO","FL","33779","2020","22-OCT-19","2019","201910229165267507"
"H0FL16102","MILLIGAN, JERRY WAYNE III","Republican Party","REP","House","H","Florida","FL","16","RIVERVIEW","FL","33579","2020","22-OCT-19","2019","201910229165268064"
"S0TX00332","COOPER, MICHAEL E PASTOR","Democratic Party","DEM","Senate","S","Texas","TX","00","BEAUMONT","TX","77706","2020","22-OCT-19","2019","201910229165277493"
"H0OH04101","LARSEN, MIKE","Democratic Party","DEM","House","H","Ohio","OH","04","PLAIN CITY","OH","43064","2020","22-OCT-19","2019","201910229165266255"
"H0MI10279","SLOCUM, DOUG","Republican Party","REP","House","H","Michigan","MI","10","MACOMB","MI","48042","2020","21-OCT-19","2019","201910219165247069"
"H0NV03140","NEWBERRY, CORWIN MR.","Republican Party","REP","House","H","Nevada","NV","03","HENDERSON","NV","89012","2020","21-OCT-19","2019","201910219165266098"
"H0IL14213","EVANS, JERRY","Republican Party","REP","House","H","Illinois","IL","14","WARRENVILLE","IL","60555","2020","21-OCT-19","2019","201910219165247720"
"H8FL03046","SAPP, JUDSON","Republican Party","REP","House","H","Florida","FL","03","ORANGE PARK","FL","32065","2020","21-OCT-19","2019","201910219165247781"
"H0NY17224","CARLUCCI, DAVID","Democratic Party","DEM","House","H","New York","NY","17","NEW CITY","NY","10956","2020","21-OCT-19","2019","201910219165248642"
"P00014001","WOODYER, MICHAEL BRADLEY","Independent","IND","President","P","United States","00","00","VIRGINIA BEACH","VA","23464","2020","21-OCT-19","2019","201910219165248680"
"H0CA48222","MURILLO, TAMI LE MS","Republican Party","REP","House","H","California","CA","48","HUNTINGTON BEACH","CA","92646","2020","21-OCT-19","2019","201910219165248682"
"H0GA12059","JOHNSON, ELIZABETH","Democratic Party","DEM","House","H","Georgia","GA","12","STATESBORO","GA","30459","2020","21-OCT-19","2019","201910219165248683"
"H0TX11289","BREYMAN, CYNTHIA JEAN MRS.","Republican Party","REP","House","H","Texas","TX","11","ANDREWS","TX","79714","2020","21-OCT-19","2019","201910219165248688"
"S0TN00193","ONYEJIAKA, DIANA CHIOMA","Democratic Party","DEM","Senate","S","Tennessee","TN","00","ANTIOCH","TN","37013","2020","21-OCT-19","2019","201910219165248896"
"H0NV01201","THOMAS, ANTHONY JR.","Democratic Party","DEM","House","H","Nevada","NV","01","LAS VEGAS","NV","89119","2019","21-OCT-19","2019","201910219165248918"
"H0NY17232","KATZ, DAVID M","Democratic Party","DEM","House","H","New York","NY","17","ORANGEBURG","NY","10962","2020","21-OCT-19","2019","201910219165248944"
"H0IL15129","MILLER, MARY","Republican Party","REP","House","H","Illinois","IL","15","OAKLAND","IL","61943","2020","21-OCT-19","2019","201910219165248994"
"H0PA16042","DESANTIS, EDWARD J","Democratic Party","DEM","House","H","Pennsylvania","PA","16","SHARON","PA","16146","2020","21-OCT-19","2019","201910219165249079"
"H0OR01178","TATUM, BRYAN ANTHONY","Republican Party","REP","House","H","Oregon","OR","01","PORTLAND","OR","97229","2020","21-OCT-19","2019","201910219165249112"
"H0CA09109","MARTINEK, WILLIAM CHARLES","Republican Party","REP","House","H","California","CA","09","BRENTWOOD","CA","94513","2020","21-OCT-19","2019","201910219165249378"
"P00014035","BILLER, NICHOLAS ASHTON","Independent","IND","President","P","United States","00","00","SACRAMENTO","CA","95811","2020","21-OCT-19","2019","201910219165265079"
"P00014019","EDALGO, JAMES EDWARD","None","NNE","President","P","United States","00","00","UNIVERSITY PLACE ","WA","98466","2020","21-OCT-19","2019","201910210300299872"
"P00014043","LEA, BRANDIN P","Libertarian Party","LIB","President","P","United States","00","00","LAMPASAS","TX","76550","2020","21-OCT-19","2019","201910219165265615"
"H0WA08111","GORDON, DAN EARNEST MR","Republican Party","REP","House","H","Washington","WA","08","TUKWILA","WA","98188","2020","21-OCT-19","2019","201910219165265616"
"H0AL02178","TAYLOR, JESSICA","Republican Party","REP","House","H","Alabama","AL","02","PRATTVILLE","AL","36068","2020","21-OCT-19","2019","201910219165247074"
"P00013987","ZION, JOHANNON BEN","Independent","IND","President","P","United States","00","00","PHOENIX","AZ","85034","2020","20-OCT-19","2019","201910209165245620"
"H8NC11103","PRICE, PHILLIP G MR.","Democratic Party","DEM","House","H","North Carolina","NC","11","MARION","NC","28752","2020","20-OCT-19","2019","201910209165231798"
"H0NY17216","RODRIGUEZ-WHEELER, JO-ANNA MS.","Democratic Party","DEM","House","H","New York","NY","17","CHAPPAQUA","NY","10514","2020","20-OCT-19","2019","201910209165187369"
"H0TX14218","WILLIAMS, MIKAL D MR","Democratic Party","DEM","House","H","Texas","TX","14","KEMAH","TX","77565","2020","20-OCT-19","2019","201910209165246204"
"H0AL07193","STOKES, CAMRON DEVIN HON.","Democratic Party","DEM","House","H","Alabama","AL","07","MONTGOMERY","AL","36116","2020","19-OCT-19","2019","201910199165156370"
"P00013979","JARRAR, AMANI MRS.","Other","OTH","President","P","Arizona","AZ","00","PEORIA","AZ","85382","2020","19-OCT-19","2019","201910199165161052"
"H0CA48214","GRIFFIN, JAMES BRIAN","Republican Party","REP","House","H","California","CA","48","HUNTINGTON BEACH","CA","92649","2020","19-OCT-19","2019","201910199165158348"
"H0IL13066","SMITH, STEFANIE","Democratic Party","DEM","House","H","Illinois","IL","13","URBANA","IL","61801","2020","19-OCT-19","2019","201910199165158116"
"H0TX23250","VALDEZ, EFRAIN V","Democratic Party","DEM","House","H","Texas","TX","23","DEL RIO","TX","78840","2020","18-OCT-19","2019","201910230300300028"
"H0NM03227","MORPOR, ANASTACIA GOLDEN","Republican Party","REP","House","H","New Mexico","NM","03","SANTA FE","NM","87501","2020","18-OCT-19","2019","201910210300299881"
"H8NM03170","MONTOYA, HARRY B","Republican Party","REP","House","H","New Mexico","NM","03","SANTA FE","NM","87506","2020","18-OCT-19","2019","201910189165046241"
"H0OH11098","GORE, LAVERNE","Republican Party","REP","House","H","Ohio","OH","11","BEACHWOOD","OH","44122","2020","18-OCT-19","2019","201910189165049109"
"H0CA43116","KELLY, RON","None","NNE","House","H","California","CA","43","WASHINGTON","DC","20005","2020","18-OCT-19","2019","201910189165055617"
"S0WV00231","WHITT, LARRY ALLEN II","Republican Party","REP","Senate","S","West Virginia","WV","00","KENNA","WV","25248","2020","18-OCT-19","2019","201910189165058888"
"H0TN05325","MATTLIN, MEREDITH PAIGE","Democratic Party","DEM","House","H","Tennessee","TN","05","NASHVILLE","TN","37206","2020","18-OCT-19","2019","201910189165153789"
"H0TX13129","WINEGARNER, JOSH","Republican Party","REP","House","H","Texas","TX","13","CANYON","TX","79015","2020","18-OCT-19","2019","201910189165078299"
"H0CA53156","FOX, DEVORAH ANN DR. PSY.D","Democratic Party","DEM","House","H","California","CA","53","SAN DIEGO","CA","92101","2020","18-OCT-19","2019","201910189165078697"
"H0FL20138","MODY, ROSHAN","Democratic Party","DEM","House","H","Florida","FL","20","FORT LAUDERDALE","FL","33302","2020","18-OCT-19","2019","201910189165083449"
"H0TX24258","VEGA, SAMUEL JAIRO","Democratic Party","DEM","House","H","Texas","TX","24","IRVING","TX","75038","2020","18-OCT-19","2019","201910189165092837"
"H8NH02283","BLANKENBEKER, LYNNE","Republican Party","REP","House","H","New Hampshire","NH","02","CONCORD","NH","03302","2020","18-OCT-19","2019","201910189165114439"
"S0SC00321","BUCKNER, DWAYNE DUKE","Republican Party","REP","Senate","S","South Carolina","SC","00","WALTERBORO","SC","29488","2020","18-OCT-19","2019","201910189165074872"
"H0VA11119","MOHSINI, ZAINAB","Democratic Party","DEM","House","H","Virginia","VA","11","CENTREVILLE","VA","20136","2020","17-OCT-19","2019","201910179165024577"
"H0AL02160","BROWN, THOMAS WILLIAM JR.","Republican Party","REP","House","H","Alabama","AL","02","NEWTON","AL","36352","2020","17-OCT-19","2019","201910179165028228"
"H0AZ09021","TUTORA, NICHOLAS","Republican Party","REP","House","H","Arizona","AZ","09","PHOENIX","AZ","85020","2020","17-OCT-19","2019","201910179164994248"
"S0ID00164","VANDERMAAS, JIM","Democratic Party","DEM","Senate","S","Idaho","ID","00","EAGLE","ID","83616","2020","17-OCT-19","2019","201910179165005882"
"H0CO03157","IACINO, JAMES","Democratic Party","DEM","House","H","Colorado","CO","03","MONTROSE","CO","81401","2020","17-OCT-19","2019","201910179165006787"
"H0TX17138","JARAMILLO, DAVID","Democratic Party","DEM","House","H","Texas","TX","17","WACO","TX","76708","2020","17-OCT-19","2019","201910179165009499"
"H0TX22260","AALOORI, BANGAR REDDY","Republican Party","REP","House","H","Texas","TX","22","SUGAR LAND","TX","77479","2020","17-OCT-19","2019","201910179165024576"
"H0NC01101","BACA, ETHAN PATRICK","Republican Party","REP","House","H","North Carolina","NC","01","HAMPSTEAD","NC","28443","2020","17-OCT-19","2019","201910179165018285"
"H0CA53149","FERRARA, DANIEL PHILLIP","Democratic Party","DEM","House","H","California","CA","53","SAN DIEGO","CA","92104","2020","17-OCT-19","2019","201910179165018549"
"H0NY17208","EISEN, JOSH","Republican Party","REP","House","H","New York","NY","17","WHITE PLAINS","NY","10601","2020","17-OCT-19","2019","201910179165020887"
"H0MA04200","CAVELL, DAVID F","Democratic Party","DEM","House","H","Massachusetts","MA","04","BROOKLINE","MA","02446","2020","17-OCT-19","2019","201910179165022670"
"H0CA11378","KERR, MICHAEL ERNEST","Green Party","GRE","House","H","California","CA","11","BAY POINT","CA","94565","2020","17-OCT-19","2019","201910179165022765"
"H4AS00036","AMATA, AUMUA","Republican Party","REP","House","H","American Samoa","AS","00","PAGO PAGO","AS","96799","2020","17-OCT-19","2019","201910179165023337"
"H0FL07135","GOBLE, RICHARD","Republican Party","REP","House","H","Florida","FL","07","LONGWOOD","FL","32750","2020","17-OCT-19","2019","201910179165009723"
"H0SC02087","SINHA, VIRESH M","Democratic Party","DEM","House","H","South Carolina","SC","02","COLUMBIA","SC","29210","2020","16-OCT-19","2019","201910160300298495"
"P00013953","JONES, KEITH","Independent","IND","President","P","California","CA","00","FONTANA","CA","92336","2020","16-OCT-19","2019","201910169164978612"
"H0TN01068","DECAL, DUSTIN","Republican Party","REP","House","H","Tennessee","TN","01","KINGSPORT","TN","37665","2020","16-OCT-19","2019","201910169164992290"
"S0KS00323","BOLLIER, BARBARA","Democratic Party","DEM","Senate","S","Kansas","KS","00","MISSION","KS","66222","2020","16-OCT-19","2019","201910169164983749"
"H0AZ06084","GENTLES, KARL E","Democratic Party","DEM","House","H","Arizona","AZ","06","PHOENIX","AZ","85027","2020","16-OCT-19","2019","201910169164987351"
"H0PA01333","HURWITZ, SKYLAR","Democratic Party","DEM","House","H","Pennsylvania","PA","01","NEW HOPE","PA","18938","2020","16-OCT-19","2019","201910169164979296"
"H0CA15262","SHARMA, NISHA","Republican Party","REP","House","H","California","CA","15","DANVILLE","CA","94506","2020","15-OCT-19","2019","201910159164676909"
"H0MN05186","KELLEY, CHRIS MR.","No Party Affiliation","NPA","House","H","Minnesota","MN","05","MINNEAPOLIS","MN","55408","2020","15-OCT-19","2019","201910159164893575"
"H8NV02129","HURLEY, JESSE DOUGLAS","Republican Party","REP","House","H","Nevada","NV","02","RENO","NV","89503","2020","15-OCT-19","2019","201910159163928275"
"H0NY17190","BUCHWALD, DAVID","Democratic Party","DEM","House","H","New York","NY","17","WHITE PLAINS","NY","10605","2020","15-OCT-19","2019","201910159164196683"
"S0MI00205","WILUS, VALGRIE L","Unknown","UNK","Senate","S","Michigan","MI","00","GAYLORD","MI","49734","2020","15-OCT-19","2019","201910210300299892"
"H0TX13111","WORTHY, MONIQUE D","Republican Party","REP","House","H","Texas","TX","13","WICHITA FALLS","TX","76306","2020","15-OCT-19","2019","201910159164220186"
"H8TX02141","WALL, KATHALEEN","Republican Party","REP","House","H","Texas","TX","22","HOUSTON","TX","77242","2020","15-OCT-19","2019","201910159164257043"
"S0NE00098","SHELTON, ALISHA","Democratic Party","DEM","Senate","S","Nebraska","NE","00","OMAHA","NE","68122","2020","15-OCT-19","2019","201910159164257867"
"P00014027","WESTEN, ROSHIR KRISTINA","None","NNE","President","P","United States","00","00","BELLEVUE","WA","980075072","2020","15-OCT-19","2019","201910210300299877"
"P00013961","HUMPHREY, ROBERT CAROLYLE","Independent","IND","President","P","United States","00","06","UNION BRIDGE","MD","21791","2020","15-OCT-19","2019","201910160300298421"
"H0CA50186","OTA, HENRY ALAN MR","FS","FS","House","H","California","CA","50","EL CAJON","CA","92019","2020","14-OCT-19","2019","201910149163852285"
"H0WI07135","ZUNKER, TRICIA","Democratic Party","DEM","House","H","Wisconsin","WI","07","WAUSAU","WI","54402","2020","14-OCT-19","2019","201910149163842935"
"H0TX35023","MOUTOS, NICK ADEN","Republican Party","REP","House","H","Texas","TX","35","AUSTIN","TX","78704","2020","14-OCT-19","2019","201910149163844329"
"H0TX35031","DALY, ANDREW OREN","Democratic Party","DEM","House","H","Texas","TX","35","AUSTIN","TX","78748","2020","14-OCT-19","2019","201910149163851963"
"P00013938","GRANT, PATRICIA ANN DR.","Democratic Party","DEM","President","P","United States","00","00","SAN ANTONIO","TX","78232","2020","14-OCT-19","2019","201910149163846278"
"H0KS01222","WAYMASTER, TROY","Republican Party","REP","House","H","Kansas","KS","01","BUNKER HILL","KS","67626","2020","14-OCT-19","2019","201910149163846982"
"H0PA07132","SCHELLER, LISA","Republican Party","REP","House","H","Pennsylvania","PA","07","ALLENTOWN","PA","18106","2020","14-OCT-19","2019","201910149163844727"
"H0TX15116","SPANDAU, CARL","Republican Party","REP","House","H","Texas","TX","15","NEW BRAUNFELS","TX","78130","2020","13-OCT-19","2019","201910139163831378"
"H0TX14200","BEN-MOYAL, KAREN MS.","Independent","IND","House","H","Texas","TX","14","GALVESTON","TX","77550","2020","12-OCT-19","2019","201910129163825844"
"H0PA11183","HAMMOND, SARAH","Democratic Party","DEM","House","H","Pennsylvania","PA","11","LANCASTER","PA","17602","2020","12-OCT-19","2019","201910129163826645"
"H0IN07231","YOUNG, ALEEM MR","Democratic Party","DEM","House","H","Indiana","IN","07","INDIANAPOLIS","IN","46218","2019","12-OCT-19","2019","201910129163826055"
"H8CA08120","DONNELLY, TIMOTHY M.","Republican Party","REP","House","H","California","CA","08","TWIN PEAKS","CA","92391","2020","11-OCT-19","2019","201910119163824954"
"H0OH14084","MUERI, HILLARY O'CONNOR","Democratic Party","DEM","House","H","Ohio","OH","14","PAINESVILLE","OH","44077","2020","11-OCT-19","2019","201910119163814792"
"H0MI08133","DETMER, MIKE","Republican Party","REP","House","H","Michigan","MI","08","HOWELL","MI","48844","2020","11-OCT-19","2019","201910119163814793"
"S0VA00153","KNAPP, MARY","Republican Party","REP","Senate","S","Virginia","VA","00","MANASSAS","VA","20108","2020","11-OCT-19","2019","201910119163817232"
"H0KS01123","MANN, TRACEY ROBERT","Republican Party","REP","House","H","Kansas","KS","01","SALINA","KS","674021084","2020","11-OCT-19","2019","201910119163818345"
"P00013920","ROCKEFELLER, MEHAL DUKE","Republican Party","REP","President","P","United States","00","00","SICKLERVILLE","NJ","08081","2020","11-OCT-19","2019","201910119163824531"
"P00013912","GUPTA, KESHAV","Democratic Party","DEM","President","P","United States","00","00","POTOMAC,","MD","20854","2020","11-OCT-19","2019","201910119163819535"
"H0TX22252","CHEVALIER, KELI","Republican Party","REP","House","H","Texas","TX","22","HOUSTON","TX","77089","2020","11-OCT-19","2019","201910119163822025"
"H0AZ01408","REIDHEAD, NOLAN QUINN MR","Republican Party","REP","House","H","Arizona","AZ","01","TUCSON","AZ","85755","2020","11-OCT-19","2019","201910119163822334"
"H0MI03332","FARRINGTON, JOE","Republican Party","REP","House","H","Michigan","MI","03","LYONS","MI","48851","2020","11-OCT-19","2019","201910119163824013"
"H0NJ12204","RAZZOLI, MARK","Republican Party","REP","House","H","New Jersey","NJ","12","OLD BRIDGE","NJ","08857","2020","11-OCT-19","2019","201910119163818890"
"H0TX24241","METZGER, DEANNA","Republican Party","REP","House","H","Texas","TX","24","BEDFORD","TX","76021","2020","10-OCT-19","2019","201910110300296937"
"H8FL20032","CHERFILUS-MCCORMICK, SHEILA","Democratic Party","DEM","House","H","Florida","FL","20","MIRAMAR","FL","33029","2020","10-OCT-19","2019","201910109163789811"
"H0MI06178","OELKE, ELENA","Republican Party","REP","House","H","Michigan","MI","06","BENTON HARBOR","MI","49022","2020","10-OCT-19","2019","201910109163812421"
"S0ME00137","SAVAGE, LISA JILL","Unknown","UNK","Senate","S","Maine","ME","02","SOLON","ME","04979","2020","10-OCT-19","2019","201910170300298925"
"P00013896","MICHAEL, TODD","Republican Party","REP","President","P","United States","00","00","MINNEAPOLIS","MN","55122","2020","10-OCT-19","2019","201910109163790224"
"H0CA28190","MARTINEZ, SELENA ROSE","Democratic Party","DEM","House","H","California","CA","28","LOS ANGELES","CA","90038","2020","10-OCT-19","2019","201910109163790383"
"H0AL01121","CASTORANI, JOHN","Republican Party","REP","House","H","Alabama","AL","01","FAIRHOPE","AL","36533","2020","10-OCT-19","2019","201910109163791233"
"S0IN00194","YOUNG, ALEEM LEFT MR","Democratic Party","DEM","Senate","S","Indiana","IN","00","INDIANAPOLIS","IN","46218","2019","10-OCT-19","2019","201910109163807089"
"P00013904","HOWARD, ADRIENNE","Democratic Party","DEM","President","P","United States","00","00","LITTLE ROCK","AR","72207","2020","10-OCT-19","2019","201910109163810549"
"H0TX13103","SNIDER, VANCE NEAL MR. II","Republican Party","REP","House","H","Texas","TX","13","AMARILLO","TX","79118","2020","10-OCT-19","2019","201910109163810963"
"H0ME02083","CRAFTS, DALE","Republican Party","REP","House","H","Maine","ME","02","LISBON","ME","04250","2020","10-OCT-19","2019","201910109163786811"
"S0TN00185","FLINN, GEORGE S DR JR","Republican Party","REP","Senate","S","Tennessee","TN","00","MEMPHIS","TN","38117","2020","10-OCT-19","2019","201910109163786916"
"H0PA08189","HAAS, HARRY","Republican Party","REP","House","H","Pennsylvania","PA","08","KINGSTON","PA","18704","2020","10-OCT-19","2019","201910109163786963"
"S0NJ00217","MEHTA, RIKIN","Republican Party","REP","Senate","S","New Jersey","NJ","00","CESTER","NJ","07930","2020","10-OCT-19","2019","201910109163789519"
"H0TX24233","MAES, DESI","Republican Party","REP","House","H","Texas","TX","24","DALLAS","TX","75244","2020","10-OCT-19","2019","201910109163789809"
"H0AZ01390","MOORE, JOHN WILLIAM","Republican Party","REP","House","H","Arizona","AZ","01","WILLIAMS","AZ","86046","2020","10-OCT-19","2019","201910109163811372"
"S0KY00396","BARRON, STEPHEN BRADLEY","Libertarian Party","LIB","Senate","S","Kentucky","KY","00","BOWLING GREEN","KY","42101","2020","09-OCT-19","2019","201910099163772640"
"H0CA10289","BLEVINS, RYAN","Democratic Party","DEM","House","H","California","CA","10","OAKDALE","CA","95361","2020","09-OCT-19","2019","201910099163772641"
"H0PA16034","GNIBUS, KRISTY","Democratic Party","DEM","House","H","Pennsylvania","PA","16","ERIE","PA","16512","2020","09-OCT-19","2019","201910099163778691"
"H0MO04243","SMITH, ROBERT EUGENE","Independent","IND","House","H","Missouri","MO","04","NEVADA","MO","64772","2019","09-OCT-19","2019","201910099163779074"
"H0UT01155","SHEPHERD, MARK","Republican Party","REP","House","H","Utah","UT","01","CLEARFIELD","UT","84089","2020","09-OCT-19","2019","201910099163780374"
"H0MS03072","TULP, AUSTIN JAMES","Republican Party","REP","House","H","Mississippi","MS","03","RIDGELAND","MS","39157","2020","09-OCT-19","2019","201910099163785491"
"P00013862","NASCIMBENE, LUCA","Independent","IND","President","P","United States","00","00","NEW YORK","NY","10001","2020","09-OCT-19","2019","201910099163782625"
"P00013870","LIFE, CHRISTOPHER","Write-In","W","President","P","United States","00","00","ENCINITAS","CA","92024","2020","09-OCT-19","2019","201910099163784455"
"P00013888","JONES, THOMAS MORGAN","Independent","IND","President","P","United States","00","00","SPOKANE","WA","99204","2020","09-OCT-19","2019","201910100300296794"
"H0IN05276","HENDERSON, BETH ELAINE","Republican Party","REP","House","H","Indiana","IN","05","ATLANTA","IN","46031","2020","09-OCT-19","2019","201910099163785440"
"H0CA20122","GORMAN, JEFF","Republican Party","REP","House","H","California","CA","20","MONTEREY","CA","93940","2020","09-OCT-19","2019","201910099163780604"
"H0PA17107","THOMSEN, BRIAN","Republican Party","REP","House","H","Pennsylvania","PA","17","INGRAM","PA","15205","2020","08-OCT-19","2019","201910089163761851"
"H0TX23243","BOEDEKER, DARWIN","Republican Party","REP","House","H","Texas","TX","23","SAN ANTONIO","TX","78217","2020","08-OCT-19","2019","201910089163767644"
"P00013847","HARRIS, ALEXANDER BRADSHAW","None","NNE","President","P","United States","00","00","COLUMBUS","OH","43221","2020","08-OCT-19","2019","201910089163767683"
"P00013854","CARTER, VICTOR J","Independent","IND","President","P","United States","00","00","LOS ANGELES","CA","90049","2020","08-OCT-19","2019","201910089163771756"
"H0ME02075","BENNETT, ADRIENNE","Republican Party","REP","House","H","Maine","ME","02","AUGUSTA","ME","04332","2020","08-OCT-19","2019","201910089163761702"
"H0TX04151","FOSTER, RUSSELL","Democratic Party","DEM","House","H","Texas","TX","04","SHERMAN","TX","75092","2020","08-OCT-19","2019","201910089163761729"
"H0MD02230","SALLING, JOHNNY RAY MR.","Republican Party","REP","House","H","Maryland","MD","02","BALTIMORE","MD","21224","2020","08-OCT-19","2019","201910089163761778"
"S0SD00088","BORGLUM, SCYLLER","Republican Party","REP","Senate","S","South Dakota","SD","00","RAPID CITY","SD","57701","2020","08-OCT-19","2019","201910089163768311"
"P80004864","GILLEN, DONALD ROBERT","Democratic Party","DEM","President","P","United States","00","01","DESTIN","FL","32541","2020","07-OCT-19","2019","201910070300296334"
"H4CA30123","RAB, AEJAZ (RAJI)","Democratic Party","DEM","House","H","California","CA","30","RESEDA","CA","91335","2020","07-OCT-19","2019","201910079163760132"
"H0KS01214","DAVIS, CHRISTY","Democratic Party","DEM","House","H","Kansas","KS","01","COTTONWOOD FALLS","KS","66845","2020","07-OCT-19","2019","201910079163757329"
"H0TX18300","HATTER, WHITNEY D","Independent","IND","House","H","Texas","TX","18","HOUSTON","TX","77084","2020","07-OCT-19","2019","201910079163757428"
"H0IN05268","ABERNATHY, KENT","Republican Party","REP","House","H","Indiana","IN","05","ZIONSVILLE","IN","46077","2020","07-OCT-19","2019","201910079163758733"
"P00013805","HOLTON, LORI ANNE MS.","Independent","IND","President","P","United States","00","00","WEST SALEM","WI","54669","2020","07-OCT-19","2019","201910079163760837"
"S0TX00324","BELL, ROBERT CHRISTOPHER MR.","Democratic Party","DEM","Senate","S","Texas","TX","00","HOUSTON","TX","77004","2020","07-OCT-19","2019","201910079163759953"
"P00013813","HOLLAND, JAMES L JR","Republican Party","REP","President","P","United States","00","00","NORRISTOWN","PA","19401","2020","07-OCT-19","2019","201910070300296285"
"H0TX11271","FAIRCLOTH, JAMES DAVID","Republican Party","REP","House","H","Texas","TX","11","MIDLAND","TX","79707","2020","07-OCT-19","2019","201910080300296426"
"H0MN01102","KAEHLER, RALPH","Democratic Party","DEM","House","H","Minnesota","MN","01","ST. CHARLES","MN","55972","2020","07-OCT-19","2019","201910079163760836"
"H0CA53131","CALDERON, MARISA","Democratic Party","DEM","House","H","California","CA","53","SAN DIEGO","CA","92176","2020","07-OCT-19","2019","201910079163758735"
"H0MD05217","HAVIS, LEE","Republican Party","REP","House","H","Maryland","MD","05","COLLEGE PARK","MD","20740","2020","06-OCT-19","2019","201910069163756755"
"H0CA14109","TAYLOR, ERIC","Independent","IND","House","H","California","CA","14","PACIFICA","CA","94044","2020","05-OCT-19","2019","201910059163756395"
"H0NY15277","LOPEZ, SAMELYS","Democratic Party","DEM","House","H","New York","NY","15","BRONX","NY","10451","2020","05-OCT-19","2019","201910059163756475"
"H0CA17193","TANDON, RITESH","Republican Party","REP","House","H","California","CA","17","SAN JOSE","CA","95135","2020","05-OCT-19","2019","201910059163756462"
"H0NJ11024","TRUGMAN, ROBERT G","Republican Party","REP","House","H","New Jersey","NJ","07","SUMMIT","NJ","07901","2020","04-OCT-19","2019","201910080300296486"
"H0FL21086","VILARDI, MICHAEL","Republican Party","REP","House","H","Florida","FL","21","BOYNTON BEACH","FL","33426","2020","04-OCT-19","2019","201910040300295924"
"H0TX03120","SEIKALY, HELANE SAWSAN","Democratic Party","DEM","House","H","Texas","TX","03","PLANO","TX","75093","2020","04-OCT-19","2019","201910049163752142"
"H0TX23235","HANSEN, ADAM WADE","Republican Party","REP","House","H","Texas","TX","23","SAN ANTONIO","TX","78260","2020","04-OCT-19","2019","201910049163754543"
"H0NY14338","CABRERA, FERNANDO","Democratic Party","DEM","House","H","New York","NY","14","BRONX","NY","10468","2020","04-OCT-19","2019","201910049163753153"
"H0CA33216","LIEW, SARAH SUN","Republican Party","REP","House","H","California","CA","33","BEVERLY HILLS","CA","90212","2020","04-OCT-19","2019","201910049163753345"
"H0TN07255","SREEPADA, KIRAN","Democratic Party","DEM","House","H","Tennessee","TN","07","COLLEGE GROVE","TN","37046","2020","04-OCT-19","2019","201910049163752663"
"H0CA06170","BISH, CHRISTINE","Republican Party","REP","House","H","California","CA","06","ANTELOPE","CA","95843","2020","03-OCT-19","2019","201910039163748574"
"H0IN05250","DIETZEN, CHUCK DR.","Republican Party","REP","House","H","Indiana","IN","05","INDIANAPOLIS","IN","46220","2020","03-OCT-19","2019","201910039163749587"
"S0IL00592","VLAKANCIC, CONNOR CONSTANT MR.","Republican Party","REP","Senate","S","Illinois","IL","00","FAIRBURY","IL","61739","2020","03-OCT-19","2019","201910039163749735"
"P00013789","HOOPER, ARI","Write-In","W","President","P","United States","00","00","TUCSON","AZ","85713","2020","03-OCT-19","2019","201910039163750792"
"P00013839","KRUPKIN, ALEX","Other","OTH","President","P","United States","00","00","CORVALLIS","OR","97330","2020","03-OCT-19","2019","201910070300296347"
"H0NE01120","BOLZ, KATE","Democratic Party","DEM","House","H","Nebraska","NE","01","LINCOLN","NE","68542","2020","03-OCT-19","2019","201910039163746788"
"S0GA00468","LIEBERMAN, MATTHEW","Democratic Party","DEM","Senate","S","Georgia","GA","00","ATLANTA","GA","30339","2020","03-OCT-19","2019","201910039163746900"
"H0TX22245","PHAN, SHANDON","Republican Party","REP","House","H","Texas","TX","22","SUGAR LAND","TX","77479","2020","03-OCT-19","2019","201910039163747516"
"H0MN08156","NYSTROM, QUINN REABE","Democratic-Farmer-Labor","DFL","House","H","Minnesota","MN","08","BRAINERD","MN","56401","2020","03-OCT-19","2019","201910039163747927"
"H0MA04192","AUCHINCLOSS, JAKE","Democratic Party","DEM","House","H","Massachusetts","MA","04","NEWTONVILLE","MA","02460","2020","03-OCT-19","2019","201910039163745447"
"H0NY27124","SMIERCIAK, FRANK CHARLES MR. II","Republican Party","REP","House","H","New York","NY","27","LANCASTER","NY","14086","2020","02-OCT-19","2019","201910029163585793"
"H0TN07248","ESTES, BENJAMIN C","Reform Party","REF","House","H","Tennessee","TN","07","HENDERSON","TN","38340","2020","02-OCT-19","2019","201910029163582691"
"H0MA04184","MERMELL, JESSE","Democratic Party","DEM","House","H","Massachusetts","MA","04","BOSTON","MA","02129","2020","02-OCT-19","2019","201910029163582808"
"H0FL18199","VAZQUEZ, OSVALDO","Democratic Party","DEM","House","H","Florida","FL","18","PORT ST. LUCIE","FL","34952","2020","02-OCT-19","2019","201910029163582885"
"H0VA05160","GOOD, ROBERT","Republican Party","REP","House","H","Virginia","VA","05","LOVINGSTON","VA","229490117","2020","02-OCT-19","2019","201910029163583005"
"H0CA48024","ISSA, DARRELL E","Republican Party","REP","House","H","California","CA","50","ESCONDIDO","CA","92046","2020","02-OCT-19","2019","201910029163584383"
"H0GA10269","FERGUSON, ANDREW","Democratic Party","DEM","House","H","Georgia","GA","10","ATHENS","GA","30601","2020","02-OCT-19","2019","201910029163583740"
"H0FL22118","PRUDEN, JAMES L.","Republican Party","REP","House","H","Florida","FL","22","COCONUT CREEK","FL","33073","2020","02-OCT-19","2019","201910029163584491"
"H0OK05254","BARRESI, JANET","Republican Party","REP","House","H","Oklahoma","OK","05","OKLAHOMA CITY","OK","73156","2020","02-OCT-19","2019","201910029163585005"
"H0OK05262","VANSANT, MERIDETH","Republican Party","REP","House","H","Oklahoma","OK","05","OKLAHOMA CITY","OK","73107","2020","02-OCT-19","2019","201910029163585620"
"H0IL06078","KINZLER, GORDON J","Republican Party","REP","House","H","Illinois","IL","06","GLEN ELLYN","IL","60137","2020","02-OCT-19","2019","201910029163583392"
"H8IA02043","MILLER-MEEKS, MARIANNETTE JANE","Republican Party","REP","House","H","Iowa","IA","02","OTTUMWA","IA","52501","2020","01-OCT-19","2019","201910019163577374"
"H0MN05194","WATERBURY, ALLEY","Republican Party","REP","House","H","Minnesota","MN","05","WOODBURY","MN","55125","2020","01-OCT-19","2019","201910019163582618"
"S0MT00132","NEUMANN, CORA","Democratic Party","DEM","Senate","S","Montana","MT","00","BOZEMAN","MT","59715","2020","01-OCT-19","2019","201910019163577338"
"H0TX22237","MILLER, DIANA M MRS","Republican Party","REP","House","H","Texas","TX","22","SUGAR LAND","TX","77478","2020","01-OCT-19","2019","201910019163577339"
"H0KS03244","FOSTER, ADRIENNE","Republican Party","REP","House","H","Kansas","KS","03","MISSION","KS","66202","2020","01-OCT-19","2019","201910019163577344"
"H0WI07127","CHURCH, JASON","Republican Party","REP","House","H","Wisconsin","WI","07","HUDSON","WI","54016","2020","01-OCT-19","2019","201910019163577349"
"H0VA10178","STONE, ELIZABETH","Republican Party","REP","House","H","Virginia","VA","10","MANASSAS","VA","20108","2020","01-OCT-19","2019","201910019163577459"
"H0TX11263","BATCH, BRANDON","Republican Party","REP","House","H","Texas","TX","11","MIDLAND","TX","79710","2020","01-OCT-19","2019","201910019163577544"
"H0OK05247","HILL, DAVID KIMMELL SR.","Republican Party","REP","House","H","Oklahoma","OK","05","OKLAHOMA CITY","OK","73132","2020","01-OCT-19","2019","201910019163577545"
"H4NY22051","TENNEY, CLAUDIA","Republican Party","REP","House","H","New York","NY","22","CLINTON","NY","13323","2020","01-OCT-19","2019","201910019163577546"
"H0FL24197","LEHTOLA, SAKINAH LEE","Democratic Party","DEM","House","H","Florida","FL","24","HOLLYWOOD","FL","33020","2020","01-OCT-19","2019","201910019163577730"
"H0MI08125","SNYDER, NICOLETTE","Republican Party","REP","House","H","Michigan","MI","08","DEXTER","MI","48130","2020","01-OCT-19","2019","201910019163577747"
"H0VA07125","KNAGGS, ANDREW FERRIERES","Republican Party","REP","House","H","Virginia","VA","07","GLEN ALLEN","VA","23059","2020","01-OCT-19","2019","201910019163577814"
"H8MN01279","FEEHAN, DANIEL","Democratic-Farmer-Labor","DFL","House","H","Minnesota","MN","01","NORTH MANKATO","MN","56002","2020","01-OCT-19","2019","201910019163578854"
"H0TX30081","CLEVELAND, SHENITA 'SHAE'","Democratic Party","DEM","House","H","Texas","TX","30","DALLAS","TX","75215","2020","01-OCT-19","2019","201910019163579217"
"H0VA10186","ANDREWS, ALISCIA","Republican Party","REP","House","H","Virginia","VA","10","CATHARPIN","VA","20143","2020","01-OCT-19","2019","201910019163579278"
"P00013763","PLANTE, ROBIN ANN MRS","Unaffiliated","UN","President","P","United States","00","00","KIMBERLY","ID","83341","2020","01-OCT-19","2019","201910019163579289"
"P00013771","CARROLL, BRIAN T","No Party Affiliation","NPA","President","P","United States","00","00","VISALIA","CA","93292","2020","01-OCT-19","2019","201910019163579605"
"H0GA11036","BARRETT, DANA","Democratic Party","DEM","House","H","Georgia","GA","11","DECATUR","GA","30030","2020","01-OCT-19","2019","201910019163579652"
"H0MO04235","SIMMONS, LINDSEY NICOLE","Democratic Party","DEM","House","H","Missouri","MO","04","HALLSVILLE","MO","65255","2020","01-OCT-19","2019","201910030300295826"
"H0WI06186","KING, JESSICA JEANE MS","Democratic Party","DEM","House","H","Wisconsin","WI","06","OSHKOSH","WI","54901","2020","01-OCT-19","2019","201910019163582597"
"P00013755","HARVEY, JAMES ARTHUR","Republican Party","REP","President","P","United States","00","00","TRAVERSE CITY","MI","49685","2020","01-OCT-19","2019","201910010300295642"
"H0FL18181","VESSIO, NICHOLAS P","Republican Party","REP","House","H","Florida","FL","18","HOBE SOUND","FL","33455","2020","30-SEP-19","2019","201910010300295618"
"H0TX31139","KUTCH, RODERICK BARTLEAH","Democratic Party","DEM","House","H","Texas","TX","31","CEDAR PARK","TX","78613","2020","30-SEP-19","2019","201909309163577270"
"H0WI07119","OPELA, MICHAEL PAUL MR. SR.","Republican Party","REP","House","H","Wisconsin","WI","07","EDGAR","WI","544265320","2019","30-SEP-19","2019","201909309163577284"
"H0MN06150","ZAHRADKA, TAWNJA R","Democratic Party","DEM","House","H","Minnesota","MN","06","FOREST LAKE","MN","55025","2020","30-SEP-19","2019","201909309163577299"
"P00013748","HEPPNER, DUANE LEE MR","Green Party","GRE","President","P","United States","00","00","HUNTINGTN BCH","CA","92648","2020","30-SEP-19","2019","201909309163577166"
"S6FL00442","WALLS-WINDHAUSER, ANGELA MARIE","Republican Party","REP","Senate","S","Florida","FL","00","WINTER GARDEN","FL","34778","2020","30-SEP-19","2019","201909309163576390"
"H0NE02185","HARRISON, GLADYS LUCRETIA","Democratic Party","DEM","House","H","Nebraska","NE","02","OMAHA","NE","68104","2020","30-SEP-19","2019","201909309163577077"
"S0SD00070","AHLERS, DAN","Democratic Party","DEM","Senate","S","South Dakota","SD","00","DELL RAPIDS","SD","57022","2020","30-SEP-19","2019","201909309163577128"
"H0IL10377","BROAD, ADAM","Democratic Party","DEM","House","H","Illinois","IL","10","BUFFALO GROVE","IL","60089","2020","30-SEP-19","2019","201909309163577306"
"H0WA08103","JENSEN, JESSE","Republican Party","REP","House","H","Washington","WA","08","BONNEY LAKE","WA","98391","2020","29-SEP-19","2019","201909299163575780"
"S0TX00316","HARRIS, VICTOR HUGO","Democratic Party","DEM","Senate","S","Texas","TX","00","HARLINGEN","TX","78550","2020","29-SEP-19","2019","201909299163575771"
"H0TX17120","SUTTON, TRENT GREGORY","Republican Party","REP","House","H","Texas","TX","17","COLLEGE STATION","TX","77845","2020","28-SEP-19","2019","201909289163575767"
"H0NC03396","SUTTON, ALECCIA","Democratic Party","DEM","House","H","North Carolina","NC","03","MIDWAY PARK","NC","28544","2020","28-SEP-19","2019","201909289163575752"
"H0IL01202","LEATHERWOOD, DARNELL","Democratic Party","DEM","House","H","Illinois","IL","01","RICHTON PARK","IL","60471","2020","27-SEP-19","2019","201909279163574763"
"H0TX14192","FOXWORTH, JOSHUA ADAM","Republican Party","REP","House","H","Texas","TX","14","LEAGUE CITY","TX","77573","2020","27-SEP-19","2019","201909279163574916"
"H0NY14320","VELAZQUEZ, JOSE","Democratic Party","DEM","House","H","New York","NY","14","BRONX","NY","10462","2020","27-SEP-19","2019","201909279163574926"
"H8FL00026","BLASS, PIOTR DR","Republican Party","REP","House","H","Florida","FL","21","BOYNTON","FL","33436","2020","27-SEP-19","2019","201909270300295452"
"H0NJ04169","SHEHADEH, HASSAN","Democratic Party","DEM","House","H","New Jersey","NJ","04","FREEHOLD","NJ","07728","2020","27-SEP-19","2019","201909279163575412"
"H0TX27079","LAWRENCE, MICHAEL JON","Republican Party","REP","House","H","Texas","TX","27","SHINER","TX","77984","2020","27-SEP-19","2019","201909279163575616"
"H0NY10112","BERNSTEIN, CATHY","Republican Party","REP","House","H","New York","NY","10","NEW YORK","NY","10024","2020","27-SEP-19","2019","201909279163575645"
"H8MN08100","SORENSEN, SOREN CHRISTIAN MR.","Democratic-Farmer-Labor","DFL","House","H","Minnesota","MN","08","CASS LAKE","MN","56633","2020","27-SEP-19","2019","201909279163574942"
"H0CA52075","CUNNINGHAM, RYAN BARRETT","No Party Affiliation","NPA","House","H","California","CA","52","SAN DIEGO","CA","92130","2020","26-SEP-19","2019","201909269163574762"
"H0IL17117","ZASTROW, THOMAS ALVIN MR","Republican Party","REP","House","H","Illinois","IL","17","BELVIDERE","IL","61008","2020","26-SEP-19","2019","201909269163574506"
"H8TX21331","GARZA, MAURO EVERETT MR.","Republican Party","REP","House","H","Texas","TX","20","SAN ANTONIO","TX","78212","2020","26-SEP-19","2019","201909269163573283"
"H0MN03132","HEYER, GARY EDWARD","Independent","IND","House","H","Minnesota","MN","03","BLOOMINGTON","MN","55425","2020","26-SEP-19","2019","201909269163574419"
"H0IL09106","SOLLICH, MICHAEL MR.","Republican Party","REP","House","H","Illinois","IL","09","CHICAGO","IL","60613","2020","26-SEP-19","2019","201909269163574186"
"H0CA08069","DENNIS, JOHN MR.","Republican Party","REP","House","H","California","CA","12","SAN FRANCISCO","CA","94123","2020","26-SEP-19","2019","201909269163574305"
"S0MT00124","KNOLES, MICHAEL CHANTRY","Democratic Party","DEM","Senate","S","Montana","MT","00","BOZEMAN","MT","59718","2020","26-SEP-19","2019","201909269163573632"
"H0TX11248","BERRYHILL, JAMES MR.","Republican Party","REP","House","H","Texas","TX","11","ODESSA","TX","79763","2020","25-SEP-19","2019","201909259163563638"
"H0CA05115","TYLER, JOHN WESLEY","Democratic Party","DEM","House","H","California","CA","05","KELSEYVILLE","CA","95451","2020","24-SEP-19","2019","201909270300295468"
"H0TX11255","TUCKER, ROBERT W.","Republican Party","REP","House","H","Texas","TX","11","COMANCHE","TX","76442","2020","24-SEP-19","2019","201909250300295343"
"S0TX00308","LOVE, III, JOHN BERNARD","Democratic Party","DEM","Senate","S","Texas","TX","00","MIDLAND","TX","79701","2020","24-SEP-19","2019","201909249163563555"
"H0IL14205","CATELLA, ANTHONY","Republican Party","REP","House","H","Illinois","IL","14","SAINT CHARLES","IL","60174","2020","24-SEP-19","2019","201909249163562270"
"H0TX12246","PUTNAM, CHRIS","Republican Party","REP","House","H","Texas","TX","12","MCLEAN","VA","22101","2020","24-SEP-19","2019","201909249163562282"
"H0FL22100","SWAFFAR, DARLENE","Republican Party","REP","House","H","Florida","FL","22","DEERFIELD BEACH","FL","33441","2020","24-SEP-19","2019","201909249163563355"
"S0GA00450","JOWERS, MICHAEL TOMMY","Republican Party","REP","Senate","S","Georgia","GA","00","SAINT MARY'S","GA","31558","2020","24-SEP-19","2019","201909249163562754"
"H0FL22092","MOHAMMAD, IMTIAZ AHMAD","Democratic Party","DEM","House","H","Florida","FL","22","MIRAMAR","FL","33029","2020","24-SEP-19","2019","201909249163562820"
"H0MA04176","KHAZEI, ALAN","Democratic Party","DEM","House","H","Massachusetts","MA","04","BROOKLINE","MA","02445","2020","24-SEP-19","2019","201909249163562821"
"P00013722","SHADLE, GREGGORY SR.","Democratic Party","DEM","President","P","United States","00","00","SALEM","OH","44460","2020","24-SEP-19","2019","201909249163562926"
"H0MA04168","GROSSMAN, REBECCA WALKER","Democratic Party","DEM","House","H","Massachusetts","MA","04","NEWTON CENTER","MA","02459","2020","24-SEP-19","2019","201909249163562696"
"H0IA04152","REEDER, STEVEN","Republican Party","REP","House","H","Iowa","IA","04","ARNOLDS PARK","IA","51331","2020","23-SEP-19","2019","201909260300295347"
"P00013706","SEGAL, JEROME MICHAEL","Other","OTH","President","P","United States","00","00","TAKOMA PARK","MD","20913 ","2020","23-SEP-19","2019","201909230300295163"
"H0NC09260","GERBER, RAYMOND","Republican Party","REP","House","H","North Carolina","NC","09","CUMBERLAND","NC","28331","2020","23-SEP-19","2019","201909239163558752"
"H0TX20157","CARRIZALES, JOSHUA DANIEL","Republican Party","REP","House","H","Texas","TX","20","SAN ANTONIO","TX","78223","2020","23-SEP-19","2019","201909239163562038"
"H0KS01180","S?ETAERT, MICHA?L ALAN REVEREND","Republican Party","REP","House","H","Kansas","KS","01","COUNCIL GROVE","KS","66846","2020","23-SEP-19","2019","201909239163558888"
"H0WI07101","TIFFANY, TOM","Republican Party","REP","House","H","Wisconsin","WI","07","MINOCQUA","WI","545483401","2020","23-SEP-19","2019","201909239163560696"
"H0IL01194","WHITE, PHILANISE","Republican Party","REP","House","H","Illinois","IL","01","CHICAGO","IL","60617","2020","23-SEP-19","2019","201909239163561183"
"H0TX15108","KRAUSE, RYAN PATRICK","Republican Party","REP","House","H","Texas","TX","15","NEW BRAUNFELS","TX","78130","2020","23-SEP-19","2019","201909239163558783"
"H0IL15111","FULLER, LORI","Republican Party","REP","House","H","Illinois","IL","15","HIGHLAND","IL","62249","2020","22-SEP-19","2019","201909229163558640"
"S0CO00617","RODRIGUEZ, JOSHUA","Unknown","UNK","Senate","S","Colorado","CO","00","ARVADA","CO","80004","2020","22-SEP-19","2019","201909229163558666"
"P00013698","ELWORTH, MARK JR","Other","OTH","President","P","United States","00","00","OMAHA","NE","68106","2020","22-SEP-19","2019","201909229163558720"
"H0UT01148","CHEEK, JAMIE","Democratic Party","DEM","House","H","Utah","UT","01","OGDEN","UT","84403","2020","22-SEP-19","2019","201909229163558709"
"H0HI02163","CORNEJO, DAVID NEIL","Democratic Party","DEM","House","H","Hawaii","HI","02","KAILUA","HI","96734","2020","22-SEP-19","2019","201909229163558710"
"P00013680","HAMRICK, JOSEPH E MR JR","No Party Affiliation","NPA","President","P","United States","00","00","RALEIGH","NC","27613","2020","22-SEP-19","2019","201909229163558685"
"H0GA04148","CRUZ, JOHSIRA C MRS","Republican Party","REP","House","H","Georgia","GA","04","MARIETTA","GA","30062","2020","21-SEP-19","2019","201909219163558639"
"S0NC00350","GOEL, ATUL KUMAR","Democratic Party","DEM","Senate","S","North Carolina","NC","00","RALEIGH","NC","27601","2020","21-SEP-19","2019","201909219163558594"
"H0LA05096","PIERROTTIE, BRODY","Democratic Party","DEM","House","H","Louisiana","LA","05","ARNAUDVILLE","LA","70512","2020","20-SEP-19","2019","201909209163557186"
"H0OH03111","RICHARDSON, MARK FRANCIS","Republican Party","REP","House","H","Ohio","OH","03","POWELL","OH","43065","2020","20-SEP-19","2019","201909209163558588"
"P00013730","DIGGS, WANDA LYNNE","Unknown","UNK","President","P","United States","00","00","SPRING HILL","TN","37174","2020","20-SEP-19","2019","201909250300295334"
"H0PA06175","MCHUGH, JOHN H","Independent","IND","House","H","Pennsylvania","PA","06","HONEY BROOK","PA","19344","2020","20-SEP-19","2019","201909209163463013"
"H0AZ03248","SCHARER, GENE PAUL","Democratic Party","DEM","House","H","Arizona","AZ","09","BUCKEYE","AZ","85326","2020","20-SEP-19","2019","201909209163484666"
"H0NY15269","RODRIGUEZ, YDANIS","Democratic Party","DEM","House","H","New York","NY","15","NEW YORK","NY","10040","2020","20-SEP-19","2019","201909209163474112"
"H0CA22110","GARCIA, ERIC","No Party Affiliation","NPA","House","H","California","CA","22","CLOVIS","CA","93611","2020","20-SEP-19","2019","201909209163497972"
"H0OR02119","HOLM, JOHN PAUL","Democratic Party","DEM","House","H","Oregon","OR","02","MEDFORD","OR","97501","2020","20-SEP-19","2019","201909209163498433"
"H8IL14083","OBERWEIS, JIM","Republican Party","REP","House","H","Illinois","IL","14","SUGAR GROVE","IL","60554","2020","20-SEP-19","2019","201909209163545191"
"P00013664","GUNTER, JOHN CLYDE","Democratic Party","DEM","President","P","United States","00","00","BELFAIR","WA","98528","2020","20-SEP-19","2019","201909209163465844"
"S0GA00443","BARTELL, ELBERT(AL)","Independent","IND","Senate","S","Georgia","GA","00","ATLANTA","GA","30309","2020","19-SEP-19","2019","201909199163408897"
"H0CA08135","OBERNOLTE, JAY","Republican Party","REP","House","H","California","CA","08","BIG BEAR LAKE","CA","92315","2020","19-SEP-19","2019","201909199163419800"
"S0OR00329","TAHER, IBRAHIM","Green Party","GRE","Senate","S","Oregon","OR","00","EUGENE","OR","97401","2020","19-SEP-19","2019","201909199163440242"
"P00013672","JACKSON, CARL ANTHONY","Independent","IND","President","P","United States","00","00","ATLANTA","GA","303064536","2020","19-SEP-19","2019","201909200300294969"
"P00013649","SANFORD, MARSHALL HON","Republican Party","REP","President","P","United States","00","00","MT. PLEASANT","SC","29464","2020","19-SEP-19","2019","201909199163422919"
"H0TX22229","HAGGARD, DOUGLAS","Republican Party","REP","House","H","Texas","TX","22","SUGAR LAND","TX","77479","2020","18-SEP-19","2019","201909189163405314"
"H8AL02171","MOORE, FELIX BARRY","Republican Party","REP","House","H","Alabama","AL","02","ENTERPRISE","AL","36330","2020","18-SEP-19","2019","201909180300294844"
"H0OK05239","BELCHER, DANIEL JOSEPH","Republican Party","REP","House","H","Oklahoma","OK","05","OKLAHOMA CITY","OK","73159","2020","18-SEP-19","2019","201909189163402498"
"H0CA53123","GOLDBECK, JANESSA","Democratic Party","DEM","House","H","California","CA","53","SAN DIEGO","CA","92176","2020","18-SEP-19","2019","201909189163371475"
"S0GA00435","SHOUSE, HAROLD SHELBY MR JR","Democratic Party","DEM","Senate","S","Georgia","GA","00","SMITHVILLE","GA","31787","2020","18-SEP-19","2019","201909189163399820"
"H0DC01015","KRUCOFF, DAVID","Independent","IND","House","H","District Of Columbia","DC","00","WASHINGTON","DC","20005","2020","18-SEP-19","2019","201909180300294856"
"S0TN00177","NEAL, GLEN LEON MR. JR.","Republican Party","REP","Senate","S","Tennessee","TN","00","KODAK","TN","37764","2020","17-SEP-19","2019","201909179163347651"
"H0WI05113","FITZGERALD, SCOTT L","Republican Party","REP","House","H","Wisconsin","WI","05","JUNEAU","WI","53039","2020","17-SEP-19","2019","201909179163347891"
"P00013631","TAYLOR, HORACE DONALD","Independent","IND","President","P","United States","00","00","GERMANTOWN","TN","38138","2020","17-SEP-19","2019","201909179163360027"
"H0OK02210","LANIER, DANYELL","Democratic Party","DEM","House","H","Oklahoma","OK","02","HUGO","OK","74743","2020","17-SEP-19","2019","201909179163363761"
"H8CA49074","JACOBS, SARA","Democratic Party","DEM","House","H","California","CA","53","SAN DIEGO","CA","92112","2020","17-SEP-19","2019","201909179163349993"
"H0CA37167","WEBBER, ERROL MR.","Republican Party","REP","House","H","California","CA","37","LOS ANGELES","CA","90017","2020","17-SEP-19","2019","201909179163367493"
"H0CA44189","EARLEY, BILLY","Republican Party","REP","House","H","California","CA","44","CORONA","CA","92881","2020","17-SEP-19","2019","201909179163368390"
"H0CA08127","STAAT, JEREMY","Republican Party","REP","House","H","California","CA","08","LONG BEACH","CA","90802","2020","17-SEP-19","2019","201909179163368393"
"H6MS01131","KELLY, JOHN TRENT TRENT","Republican Party","REP","House","H","Mississippi","MS","01","TUPELO","MS","38804","2020","17-SEP-19","2019","201909179163363910"
"P00013714","DAVIS, RACHEL","Constitution Party","CON","President","P","United States","00","21","FRESNO","CA","93710","2020","16-SEP-19","2019","201909230300295182"
"P40003170","ASHBY, STEPHAN BLAKE","Libertarian Party","LIB","President","P","United States","00","00","FERGUSON","MD","63135","2020","16-SEP-19","2019","201909160300294574"
"P00013599","JONES, CAMERON KN MR","Libertarian Party","LIB","President","P","Nebraska","NE","00","BENNINGTON","NE","68007","2020","16-SEP-19","2019","201909169163325406"
"P00013607","SMITH, JASON DALE","Independent American Party","IAP","President","P","Missouri","MO","00","OVERLAND","MO","63114","2020","16-SEP-19","2019","201909169163325411"
"H0MA04150","GOLDBERG, DEBORAH","Democratic Party","DEM","House","H","Massachusetts","MA","04","BROOKLINE","MA","02445","2020","16-SEP-19","2019","201909169163325945"
"H0MD01216","DELGADO, JORGE","Republican Party","REP","House","H","Maryland","MD","01","OCEAN CITY","MD","21842","2020","16-SEP-19","2019","201909169163347643"
"S0CO00609","BURGESS, DENISE","Democratic Party","DEM","Senate","S","Colorado","CO","00","DENVER","CO","80220","2020","16-SEP-19","2019","201909169163326792"
"P00013615","CARY, CJ L MR.","Republican Party","REP","President","P","United States","00","00","VIRGINIA BEACH","VA","23451","2020","16-SEP-19","2019","201909169163327722"
"H0TX10224","BAHARI, OLIS MR","Independent","IND","House","H","Texas","TX","10","CYPRESS","TX","77433","2020","16-SEP-19","2019","201909169163327960"
"S0OK00362","DOUGHERTY, TYLER","Democratic Party","DEM","Senate","S","Oklahoma","OK","00","OKLAHOMA CITY","OK","73106","2020","16-SEP-19","2019","201909169163331188"
"S0KY00388","ROTHMULLER, ERIC","Democratic Party","DEM","Senate","S","Kentucky","KY","00","LOUISVILLE","KY","40204","2020","16-SEP-19","2019","201909169163346391"
"H0TX20140","KEGLEY, ANITA MARIE","Republican Party","REP","House","H","Texas","TX","20","SAN ANTONIO","TX","78216","2020","16-SEP-19","2019","201909169163326000"
"H0KS01206","WILLIAMS, BRANDON MR.","Democratic Party","DEM","House","H","Kansas","KS","01","HUTCHINSON","KS","67501","2020","15-SEP-19","2019","201909159163323448"
"S0TX00290","HERNANDEZ, SEMA","Democratic Party","DEM","Senate","S","Texas","TX","00","PASADENA","TX","77501","2020","14-SEP-19","2019","201909149163323122"
"P00013581","WYSINGER, DEMETRA JEFFERSON","Libertarian Party","LIB","President","P","United States","00","00","ROWLETT","TX","75030","2020","14-SEP-19","2019","201909149163323422"
"H0AL01113","ROMAGNANO, CHASE ANDERSON ANDY REVEREND","Republican Party","REP","House","H","Alabama","AL","01","PENSACOLA","FL","32505","2020","14-SEP-19","2019","201909149163323301"
"H0NJ06222","ROEILL, ZACHARY M","Democratic Party","DEM","House","H","New Jersey","NJ","06","MARLBORO","NJ","07746","2020","14-SEP-19","2019","201909149163323170"
"P00013573","LYONS SR, STEPHEN PATRICK","Republican Party","REP","President","P","United States","00","00","DAMASCUS","MD","20872","2020","13-SEP-19","2019","201909130300294510"
"S8NM00200","RICH, MICK","Republican Party","REP","Senate","S","New Mexico","NM","00","ALBUQUERQUE","NM","87113","2020","13-SEP-19","2019","201909130300294444"
"H0TX23227","JONES, CECIL BURTON","Republican Party","REP","House","H","Texas","TX","23","SAN ANTONIO","TX","78258","2020","13-SEP-19","2019","201909139163317659"
"P00013565","SHAW MCLLELLON, JIMMY L","Ace Party","ACE","President","P","United States","00","00","EUGENE","OR","97402","2020","13-SEP-19","2019","201909139163318696"
"H0CA03144","FEUCHT, J.C. SEAN","Resource Party","RES","House","H","California","CA","03","ALEXANDRIA","VA","22313","2020","13-SEP-19","2019","201909139163319687"
"H0NM03219","BATEMAN, BEN","Republican Party","REP","House","H","New Mexico","NM","03","WHITE ROCK","NM","87547","2020","13-SEP-19","2019","201909139163322887"
"H0UT04068","BIESINGER, CHRIS","Republican Party","REP","House","H","Utah","UT","04","LEHI","UT","84043","2020","13-SEP-19","2019","201909160300294566"
"H0TX11222","VIRDELL, WESLEY","Republican Party","REP","House","H","Texas","TX","11","BRADY","TX","76825","2020","12-SEP-19","2019","201909120300294382"
"H0CA35138","AHUMADA, ALFREDO","Democratic Party","DEM","House","H","California","CA","35","FONTANA","CA","92335","2020","12-SEP-19","2019","201909120300294393"
"H0FL22084","MELTON, JESSICA MS.","Republican Party","REP","House","H","Florida","FL","22","BOCA RATON","FL","33431","2020","12-SEP-19","2019","201909129163218589"
"P00013557","OLIVIO-MCLLELLON, MARCUS LAWRENCE J","Democratic-Farmer-Labor","DFL","President","P","United States","00","00","ROSEBURG","OH","97470","2020","12-SEP-19","2019","201909129163303152"
"S0IL00584","NELSON, PRESTON GABRIEL","Republican Party","REP","Senate","S","Illinois","IL","00","BENTON","IL","62812","2020","12-SEP-19","2019","201909129163219149"
"H0TX11230","PFLUGER, AUGUST LEE II","Republican Party","REP","House","H","Texas","TX","11","SAN ANGELO","TX","76902","2020","12-SEP-19","2019","201909129163225045"
"H0CA26145","KENNEDY, RONDA","Republican Party","REP","House","H","California","CA","26","OAK PARK","CA","91377","2020","12-SEP-19","2019","201909129163303151"
"H0KS01198","CLIFFORD, BILL DR","Republican Party","REP","House","H","Kansas","KS","01","GARDEN CITY","KS","67846","2020","12-SEP-19","2019","201909129163218742"
"H0CA25139","RUDNICK, FREDERICK D MR.","Democratic Party","DEM","House","H","California","CA","25","LANCASTER","CA","93535","2020","11-SEP-19","2019","201909119163215510"
"H0VA02167","BAAN, ANDY","Republican Party","REP","House","H","Virginia","VA","02","VIRGINIA BEACH","VA","23451","2020","11-SEP-19","2019","201909119163216343"
"H0CA53107","GOMEZ, GEORGETTE","Democratic Party","DEM","House","H","California","CA","53","LOS ANGELES","CA","90017","2020","11-SEP-19","2019","201909119163216427"
"H0CO06127","SZEMLER, JOHN FRANCIS","Republican Party","REP","House","H","Colorado","CO","06","THORNTON","CO","80602","2020","11-SEP-19","2019","201909119163217195"
"H4FL15155","COHN, ALAN MICHAEL","Democratic Party","DEM","House","H","Florida","FL","15","TAMPA","FL","336473662","2020","11-SEP-19","2019","201909119163217212"
"H8CA41170","SMITH, AJA","Republican Party","REP","House","H","California","CA","41","MORENO VALLEY","CA","92551","2020","11-SEP-19","2019","201909130300294521"
"H0MI02219","CREVIERE, JEAN-MICHEL","Green Party","GRE","House","H","Michigan","MI","02","HOLLAND","MI","49424","2020","11-SEP-19","2019","201909119163217338"
"H0TX12238","WELCH, LISA RENEA DR.","Democratic Party","DEM","House","H","Texas","TX","12","DECATUR","TX","76234","2020","11-SEP-19","2019","201909119163217699"
"H0IL01194","WHITE, PHILANISE","Republican Party","REP","House","H","Illinois","IL","01","CHICAGO","IL","60617","2019","11-SEP-19","2019","201909119163217716"
"H0IL11128","BANSAL, KRISHNA K","Republican Party","REP","House","H","Illinois","IL","11","AURORA","IL","60504","2020","11-SEP-19","2019","201909119163217915"
"H0OR04123","IJIH, NELSON TERNA","Republican Party","REP","House","H","Oregon","OR","04","EUGENE","OR","97405","2020","11-SEP-19","2019","201909119163217916"
"P00013532","WILLIAMS, GUS MR.","Democratic Party","DEM","President","P","California","CA","00","UNION CITY","CA","94587","2020","11-SEP-19","2019","201909119163217301"
"P00013516","WARREN, LUKE","Democratic Party","DEM","President","P","United States","00","00","DENTON","TX","76209","2020","10-SEP-19","2019","201909109163214965"
"H0TX20132","DINA, DOMINICK ANDREW SR.","Republican Party","REP","House","H","Texas","TX","20","SAN ANTONIO","TX","78268","2020","10-SEP-19","2019","201909109163215335"
"H0KS01180","SOETAERT, MICHAEL ALAN MR.","Republican Party","REP","House","H","Kansas","KS","01","COUNCIL GROVE","KS","66846","2019","10-SEP-19","2019","201909109163214754"
"H0NJ08129","OSEGUERA, HECTOR OMAR JR.","Democratic Party","DEM","House","H","New Jersey","NJ","08","UNION CITY","NJ","07087","2020","10-SEP-19","2019","201909109163214893"
"H0FL27034","MOLINA, RAYMOND","Republican Party","REP","House","H","Florida","FL","27","MIAMI","FL","33144","2020","10-SEP-19","2019","201909100300294323"
"S8GA00180","OSSOFF, T. JONATHAN","Democratic Party","DEM","Senate","S","Georgia","GA","00","ATLANTA","GA","31145","2020","10-SEP-19","2019","201909109163208236"
"P00013508","SHAW, HOPE ELAINE","Republican Party","REP","President","P","United States","00","00","EUGENE","OR","97412","2020","10-SEP-19","2019","201909109163214507"
"H0IL16184","BRZOZOWSKI, DANI","Democratic Party","DEM","House","H","Illinois","IL","16","LA SALLE","IL","61301","2020","10-SEP-19","2019","201909109163213172"
"H8CA29100","DUENAS, ANGELICA MARIA","Democratic Party","DEM","House","H","California","CA","29","SUN VALLEY","CA","91353","2020","10-SEP-19","2019","201909109163213194"
"S0KY00370","JONES, MATT","Democratic Party","DEM","Senate","S","Kentucky","KY","00","LOUISVILLE","KY","40204","2020","10-SEP-19","2019","201909109163213526"
"H0SD01086","WIRTH, BRIAN","Democratic Party","DEM","House","H","South Dakota","SD","00","DELL RAPIDS","SD","57022","2020","10-SEP-19","2019","201909109163213894"
"H0FL10097","WALLS-WINDHAUSER, ANGELA MARIE","Republican Party","REP","House","H","Florida","FL","10","WINTER GARDEN","FL","34778","2020","10-SEP-19","2019","201909109163214490"
"P00013490","GAMBINO, CRUSIFICIO AARON EVERETT MR.","No Party Affiliation","NPA","President","P","United States","00","00","MINNEAPOLIS","MN","55434","2020","10-SEP-19","2019","201909109163208713"
"H0CA26137","SALAS, ROBERT LAMBERT MR.","Democratic Party","DEM","House","H","California","CA","26","OJAI","CA","93023","2020","09-SEP-19","2019","201909099163208134"
"P00013458","BRADSHAW, DANNIE MICHAEL","Independent","IND","President","P","United States","00","00","HEMET ","CA","92544","2020","09-SEP-19","2019","201909090300294250"
"H0WI07101","TIFFANY, TOM","Republican Party","REP","House","H","Wisconsin","WI","07","MINOCQUA","WI","54548","2019","09-SEP-19","2019","201909099163205717"
"S0TN00169","HAGERTY, BILL","Republican Party","REP","Senate","S","Tennessee","TN","00","NASHVILLE","TN","37205","2020","09-SEP-19","2019","201909099163205719"
"H0FL21060","SCANLAN, AARON","Republican Party","REP","House","H","Florida","FL","21","BOYNTON BEACH","FL","33435","2020","09-SEP-19","2019","201909099163205730"
"S0ID00156","OLER, TRAVIS","Democratic Party","DEM","Senate","S","Idaho","ID","00","SHELLEY","ID","83274","2020","09-SEP-19","2019","201909099163208129"
"H0KS01123","MANN, TRACEY ROBERT","Republican Party","REP","House","H","Kansas","KS","01","SALINA","KS","67401","2019","09-SEP-19","2019","201909099163206216"
"P00013466","MYERS, JOHN","American Independent Party","AIP","President","P","United States","00","00","SOLDOTNA","AK","99669","2020","09-SEP-19","2019","201909099163206612"
"S0KS00315","MARSHALL, ROGER W","Republican Party","REP","Senate","S","Kansas","KS","00","GREAT BEND","KS","67530","2020","09-SEP-19","2019","201909099163206868"
"H0MN07109","COLLIS, NOEL","Republican Party","REP","House","H","Minnesota","MN","07","ALBANY","MN","56307","2020","09-SEP-19","2019","201909099163207166"
"P00013482","HORN, LAWRENCE ROBERT","Republican Party","REP","President","P","United States","00","00","SCAPPOOSE","OR","97056","2020","09-SEP-19","2019","201909099163207969"
"H0CA33208","FRICKE, BRANDON","No Party Affiliation","NPA","House","H","California","CA","33","REDONDO BEACH","CA","90220","2020","09-SEP-19","2019","201909099163205735"
"P00013441","MCKEE, TRAVIS W","Republican Party","REP","President","P","United States","00","00","HUGO","OK","74743","2020","08-SEP-19","2019","201909089163205632"
"H0CA15254","INTAL, AUSTIN","Democratic Party","DEM","House","H","California","CA","15","HAYWARD","CA","94545","2020","07-SEP-19","2019","201909079163203342"
"P00013540","JONES, SHAWN","Unknown","UNK","President","P","United States","00","00","COLUMBUS","OH","43220","2020","07-SEP-19","2019","201909120300294425"
"H0MT01098","LAMM, DEBRA","Republican Party","REP","House","H","Montana","MT","00","LIVINGSTON","MT","59047","2020","07-SEP-19","2019","201909079163203445"
"H0OK04158","BROWN-FIETKAU, WYNDI LEE","Democratic Party","DEM","House","H","Oklahoma","OK","04","NORMAN","OK","73071","2020","07-SEP-19","2019","201909079163203347"
"H0CA26129","GOLDEN, CRYSTAL MARIE","Republican Party","REP","House","H","California","CA","26","THOUSAND OAKS","CA","91360","2020","06-SEP-19","2019","201909069163203308"
"H0TN05317","RAWLINGS, JOSHUA","Democratic Party","DEM","House","H","Tennessee","TN","05","NASHVILLE","TN","37206","2020","06-SEP-19","2019","201909069163203323"
"P00013433","WHITNEY, ELLERTON PRATT MARK MR. III","None","NNE","President","P","United States","00","00","WASHINGTON","DC","20006","2020","06-SEP-19","2019","201909069163203337"
"H0OR04115","CLAUSEN, CASSIDY ALLEN-JONES MR.","Democratic Party","DEM","House","H","Oregon","OR","04","SPRINGFIELD","OR","97477","2020","06-SEP-19","2019","201909069163155387"
"H0CA53099","FIELDS, ZACHARY","Democratic Party","DEM","House","H","California","CA","53","SAN DIEGO","CA","92103","2020","06-SEP-19","2019","201909069163202606"
"H8MO07215","HOLCOMB, BENJAMIN","Republican Party","REP","House","H","Missouri","MO","07","OZARK","MO","65721","2020","06-SEP-19","2019","201909069163155710"
"H0VA05152","LESINSKI, JOHN","Democratic Party","DEM","House","H","Virginia","VA","05","CHARLOTTESVILLE","VA","22906","2020","06-SEP-19","2019","201909069163155987"
"H0WV03151","TURNER, HILARY","Democratic Party","DEM","House","H","West Virginia","WV","03","HUNTINGTON","WV","25701","2020","06-SEP-19","2019","201909069163156326"
"H0NJ12196","RUBIN, ZADOK","People'S Party","PPY","House","H","New Jersey","NJ","12","LAKEWOOD","NJ","08701","2020","06-SEP-19","2019","201909069163155692"
"H0TX24225","LIVERMAN, JERON","Republican Party","REP","House","H","Texas","TX","24","BEDFORD","TX","76021","2020","05-SEP-19","2019","201909100300294332"
"P00013409","HENRY, JOHNNY ISHMEL","American Independent Party","AIP","President","P","United States","00","00","LAUREL","MS","39443","2020","05-SEP-19","2019","201909050300294116"
"H8NJ11183","WASHBURNE, MARK","Democratic Party","DEM","House","H","New Jersey","NJ","11","MENDHAM","NJ","07945","2020","05-SEP-19","2019","201909050300294098"
"H0KY04125","FABERT, SHANNON","Democratic Party","DEM","House","H","Kentucky","KY","04","BURLINGTON","KY","41005","2020","05-SEP-19","2019","201909059163143731"
"H0TX01108","GILBERT, HANK","Democratic Party","DEM","House","H","Texas","TX","01","TYLER","TX","75713","2020","05-SEP-19","2019","201909059163143733"
"H0TX31121","JANJIGIAN, DAN","Democratic Party","DEM","House","H","Texas","TX","31","LEANDER","TX","78641","2020","05-SEP-19","2019","201909059163146882"
"H4IL17077","FAWELL, WILLIAM W","Republican Party","REP","House","H","Illinois","IL","17","GALENA","IL","61036","2020","05-SEP-19","2019","201909090300294231"
"H0KS02188","LATURNER, JAKE","Republican Party","REP","House","H","Kansas","KS","02","TOPEKA","KS","66614","2020","05-SEP-19","2019","201909059163149195"
"H0OK03085","JANTZ, JOSHUA","Republican Party","REP","House","H","Oklahoma","OK","03","PIEDMONT","OK","73078","2020","05-SEP-19","2019","201909059163149972"
"P00013417","SYKES, MARCUS ERRELLIUS","Write-In","W","President","P","United States","00","00","LITTLE ROCK","AR","72205","2020","05-SEP-19","2019","201909059163151149"
"H0FL02193","ANDERSON, WILLIE JEFFERSON JR","Democratic Party","DEM","House","H","Florida","FL","02","PERRY","FL","32348","2020","05-SEP-19","2019","201909059163151155"
"H0CA36177","RUIZ, RAUL","Republican Party","REP","House","H","California","CA","36","PERRIS","CA","92570","2020","05-SEP-19","2019","201909059163151508"
"H0AL02152","KING, TROY","Republican Party","REP","House","H","Alabama","AL","02","MONTGOMERY","AL","36101","2020","05-SEP-19","2019","201909059163153019"
"S0CO00591","MILTON, CHRISTOPHER HAWKINS CRITTER","Democratic Party","DEM","Senate","S","Colorado","CO","00","ALMA","CO","80420","2020","05-SEP-19","2019","201909059163149078"
"H0TX11214","BARTLETT, RICHARD DR. MD","Republican Party","REP","House","H","Texas","TX","11","MIDLAND","TX","79705","2020","04-SEP-19","2019","201909049163142584"
"H8WI05165","PALZEWICZ, TOM","Democratic Party","DEM","House","H","Wisconsin","WI","05","BROOKFIELD","WI","53005","2020","04-SEP-19","2019","201909049163143078"
"P00013391","SAMMI, SAAR","Republican Party","REP","President","P","United States","00","00","CALCUTTA","OH","43920","2020","04-SEP-19","2019","201909040300294040"
"H8IL15072","GAITHER, KEVIN","Democratic Party","DEM","House","H","Illinois","IL","15","CHARLESTON","IL","61920","2020","04-SEP-19","2019","201909049163142579"
"H2TX14123","HARRIS HOSS, FELICIA","Republican Party","REP","House","H","Texas","TX","22","PEARLAND","TX","77581","2020","04-SEP-19","2019","201909049163141250"
"H0FL19106","BANYAI, CINDY LYN","Democratic Party","DEM","House","H","Florida","FL","19","FORT MYERS","FL","33901","2020","04-SEP-19","2019","201909049163141944"
"H0FL13158","PAULINA LUNA, ANNA","Republican Party","REP","House","H","Florida","FL","13","SAINT PETERSBURG","FL","33702","2020","04-SEP-19","2019","201909049163142175"
"H0FL27026","FIOL, JUAN E MR.","Republican Party","REP","House","H","Florida","FL","27","MIAMI","FL","33183","2020","04-SEP-19","2019","201909049163140403"
"H0CA06162","EMARD, BENJAMIN","Democratic Party","DEM","House","H","California","CA","06","LOOMIS","CA","95650","2020","03-SEP-19","2019","201909039163139972"
"P00013383","FLYNN, JOHN","Republican Party","REP","President","P","United States","00","00","NORWALK","CT","06854","2020","03-SEP-19","2019","201909030300294026"
"H0NM03201","JOHNSON, ALEXIS M","Republican Party","REP","House","H","New Mexico","NM","03","SANTA FE","NM","87504","2020","03-SEP-19","2019","201909030300293840"
"H0MI12168","RAJPUT, SOLOMON","Democratic Party","DEM","House","H","Michigan","MI","12","YPSILANTI","MI","48198","2020","03-SEP-19","2019","201909039163124241"
"S0IL00576","JORDAN LAWLOR, MARILYN","Democratic Party","DEM","Senate","S","Illinois","IL","00","NORTH BARRINGTON","IL","60010","2020","03-SEP-19","2019","201909039163139294"
"H0TX11206","LUSCOMBE, NED STEVE","Republican Party","REP","House","H","Texas","TX","11","MIDLAND","TX","79707","2020","03-SEP-19","2019","201909039163133440"
"P00013375","ESTEPP, AMANDA","Independent","IND","President","P","United States","00","00","HUNTINGTON","WV","25704","2020","03-SEP-19","2019","201909039163133441"
"H0OR03158","WILCOX, DANE","Democratic Party","DEM","House","H","Oregon","OR","03","PORTLAND","OR","97216","2020","03-SEP-19","2019","201909039163139136"
"S0AZ00376","MCCARTHY, DANIEL","Republican Party","REP","Senate","S","Arizona","AZ","00","GLENDALE","AZ","85308","2020","03-SEP-19","2019","201909039163133367"
"H0MN07091","FISCHBACH, MICHELLE","Republican Party","REP","House","H","Minnesota","MN","07","LITCHFIELD","MN","55355","2020","02-SEP-19","2019","201909029163123800"
"H0IL15103","WALKER, ALEX","Republican Party","REP","House","H","Illinois","IL","15","MATTOON","IL","61938","2020","02-SEP-19","2019","201909029163123817"
"H0MN02118","OLSON, RICHARD THOMAS","Republican Party","REP","House","H","Minnesota","MN","02","PRIOR LAKE","MN","55372","2020","02-SEP-19","2019","201909029163123807"
"P00013367","BURCHELL, TERESA DIANE","Republican Party","REP","President","P","United States","00","00","ADKINS","TX","78101","2020","02-SEP-19","2019","201909029163123805"
"H8CA40206","CORTES BARRAGAN, RODOLFO","Green Party","GRE","House","H","California","CA","40","PARAMOUNT","CA","90723","2020","01-SEP-19","2019","201909019163123611"
"P00013359","SMITH, GARY LEE","Democratic Party","DEM","President","P","United States","00","00","LEAVENWORTH","KS","66048","2020","31-AUG-19","2019","201908319163123600"
"H0OR01160","SIEBE, AMANDA NICOLE MS","Democratic Party","DEM","House","H","Oregon","OR","01","HILLSBORO","OR","97006","2020","30-AUG-19","2019","201908309163119679"
"S0IL00568","WILSON, WILLIE","Independent","IND","Senate","S","Illinois","IL","00","CHICAGO","IL","60601","2020","30-AUG-19","2019","201908309163119828"
"H0CO06119","HOUSE, STEVEN","Republican Party","REP","House","H","Colorado","CO","06","BRIGHTON","CO","80601","2020","30-AUG-19","2019","201908309163120136"
"P00013425","GRUNDMANN, DON J","Constitution Party","CON","President","P","United States","00","00","SANTA CLARA","CA","95050","2020","30-AUG-19","2019","201909060300294129"
"H0KS03228","WEIR, SARA HART","Republican Party","REP","House","H","Kansas","KS","03","MISSION","KS","66201","2020","30-AUG-19","2019","201908309163120809"
"H0AZ02257","PORTELA, ANDRES A ALEXANDER III","Democratic Party","DEM","House","H","Arizona","AZ","02","TUCSON","AZ","85711","2020","30-AUG-19","2019","201908309163123275"
"H0KS03236","ADKINS, AMANDA","Republican Party","REP","House","H","Kansas","KS","03","OVERLAND PARK","KS","66283","2020","30-AUG-19","2019","201908309163120146"
"H0OR03141","ALLER, GREGORY BENJAMIN","Democratic Party","DEM","House","H","Oregon","OR","03","PORTLAND","OR","972061285","2020","29-AUG-19","2019","201908300300293786"
"P60013281","SHERRIL, PETER WILLIAM","Republican Party","REP","President","P","United States","00","00","MOUNT VERNON","NY","10552","2020","29-AUG-19","2019","201909030300293826"
"P00013342","WATTS, JAROM","Independent","IND","President","P","United States","00","00","CENTERVILLE","UT","84014","2020","29-AUG-19","2019","201908290300293705"
"P60017852","ROBERTS, CLIFTON LEE MR.","Other","OTH","President","P","United States","00","00","ELK GROVE","CA","95624","2020","29-AUG-19","2019","201908299163114422"
"H0NJ04151","SCHMID, STEPHANIE","Democratic Party","DEM","House","H","New Jersey","NJ","04","LITTLE SILVER","NJ","07739","2020","29-AUG-19","2019","201908299163114344"
"H0TX32095","PHAM, NHAT-NAM NGUYEN","Republican Party","REP","House","H","Texas","TX","32","GARLAND","TX","75042","2020","29-AUG-19","2019","201908299163114346"
"H0OR05104","COURSER, AMY RYAN","Republican Party","REP","House","H","Oregon","OR","05","KEIZER","OR","97303","2020","29-AUG-19","2019","201908299163114324"
"H0CA46085","MENDIOLEA, PABLO","Democratic Party","DEM","House","H","California","CA","46","SANTA ANA","CA","92799","2020","28-AUG-19","2019","201908289163108272"
"H0AR04087","HANSON, WILLIAM MR.","Democratic Party","DEM","House","H","Arkansas","AR","04","HOT SPRINGS","AR","71913","2020","28-AUG-19","2019","201908289163108304"
"H0TX24217","CHAPARALA, SUNEETHA","Republican Party","REP","House","H","Texas","TX","24","DALLAS","TX","75240","2020","28-AUG-19","2019","201908289163113073"
"H0UT01130","WITT, KATIE","Republican Party","REP","House","H","Utah","UT","01","KAYSVILLE","UT","84037","2020","28-AUG-19","2019","201908290300293693"
"P00013326","MCHUGH, JOE","Democratic Party","DEM","President","P","United States","00","00","GRAND BLANC","MI","48439","2019","28-AUG-19","2019","201908289163113660"
"H0NM03193","BEDONIE, KAREN E.","Republican Party","REP","House","H","New Mexico","NM","03","FARMINGTON","NM","87401","2020","28-AUG-19","2019","201908289163113674"
"H0TX14184","THOMAS, ROBERT","Democratic Party","DEM","House","H","Texas","TX","14","WEST COLUMBIA","TX","77486","2020","28-AUG-19","2019","201908289163113651"
"H0AK00105","LAMB, THOMAS","Nonpartisan","N","House","H","Alaska","AK","00","WASILLA","AK","99654","2020","27-AUG-19","2019","201908270300293456"
"P00013318","LANDI, KEITH STEPHEN","Democratic Party","DEM","President","P","United States","00","00","ORLANDO","FL","32805","2020","27-AUG-19","2019","201908280300293670"
"S0IL00550","CHLEBEK, CASEY","Republican Party","REP","Senate","S","Illinois","IL","00","GLENVIEW","IL","60026","2020","27-AUG-19","2019","201908279163108180"
"P00013292","ROLDE, DAVID","Green Party","GRE","President","P","United States","00","00","WESTON","MA","02493","2020","27-AUG-19","2019","201908279163108185"
"H0IN05243","MITCHELL, KELLY","Republican Party","REP","House","H","Indiana","IN","05","INDIANAPOLIS","IN","46260","2020","27-AUG-19","2019","201908279163107427"
"S0KS00307","REDDI, USHA","Democratic Party","DEM","Senate","S","Kansas","KS","00","MANHATTAN","KS","66505","2020","27-AUG-19","2019","201908279163106987"
"H0NM02229","CHASE, CLAIRE","Republican Party","REP","House","H","New Mexico","NM","02","ROSWELL","NM","88202","2020","27-AUG-19","2019","201908279163107017"
"H0NV03132","RODIMER, DAN","Republican Party","REP","House","H","Nevada","NV","03","LAS VEGAS","NV","89135","2020","27-AUG-19","2019","201908279163107045"
"H0OH12161","BELL, JENNIFER ANN","Democratic Party","DEM","House","H","Ohio","OH","12","COLUMBUS","OH","43202","2020","27-AUG-19","2019","201908279163106449"
"H0CA52067","CASADY, NANCY LEE","Democratic Party","DEM","House","H","California","CA","52","LA JOLLA","CA","92037","2020","26-AUG-19","2019","201908260300293325"
"S0OK00354","ROGERS, BEVON","Democratic Party","DEM","Senate","S","Oklahoma","OK","00","OKLAHOMA CITY","OK","73135","2020","26-AUG-19","2019","201908269163103663"
"S0MA00208","KENNEDY, JOSEPH P III","Democratic Party","DEM","Senate","S","Massachusetts","MA","00","BOSTON","MA","02137","2020","26-AUG-19","2019","201908269163103743"
"S0IA00200","FRANKEN, MICHAEL","Democratic Party","DEM","Senate","S","Iowa","IA","00","SIOUX CITY","IA","51102","2020","26-AUG-19","2019","201908269163104775"
"H0TX16114","ARRRIOLA, JAIME JR.","Republican Party","REP","House","H","Texas","TX","16","EL PASO","TX","79925","2020","26-AUG-19","2019","201908269163106236"
"H0TX23219","ESCUDER, JAIME","Democratic Party","DEM","House","H","Texas","TX","23","ALPINE","TX","79830","2020","26-AUG-19","2019","201908269163104791"
"H0TX22211","STEELE, HOWARD LYNN JR.","Republican Party","REP","House","H","Texas","TX","22","HOUSTON","TX","77002","2020","26-AUG-19","2019","201908269163104813"
"H0CA50152","HORVATH, HELEN LILI DR.","Unaffiliated","UN","House","H","California","CA","50","ALPINE","CA","91901","2020","26-AUG-19","2019","201908269163104822"
"P00013284","DUNHAM, KEENAN WALLACE","Libertarian Party","LIB","President","P","United States","00","00","MYRTLE BEACH","SC","29579","2020","26-AUG-19","2019","201908269163104790"
"H0AZ04527","ROBINSON, EMILY","Republican Party","REP","House","H","Arizona","AZ","04","TUCSON","AZ","85716","2020","25-AUG-19","2019","201908259163103378"
"H0IL17109","FARRELL, EUGENE MR.","Republican Party","REP","House","H","Illinois","IL","17","ROSEVILLE","IL","61473","2020","25-AUG-19","2019","201908259163103591"
"P00013276","WALSH, JOE","Republican Party","REP","President","P","United States","00","00","MUNDELEIN","IL","60060","2020","25-AUG-19","2019","201908259163103388"
"H0AZ02240","KOHLER, NEVIN","Democratic Party","DEM","House","H","Arizona","AZ","02","TUCSON","AZ","85701","2020","24-AUG-19","2019","201908249163103026"
"S0NE00080","INNIS, MATT","Republican Party","REP","Senate","S","Nebraska","NE","00","LICOLN","NE","68510","2020","24-AUG-19","2019","201908249163103266"
"H0ND01034","GULLO, MATTHEW AUSTIN MR","Unknown","UNK","House","H","North Dakota","ND","00","WILLISTON","ND","58801","2020","24-AUG-19","2019","201908249163103025"
"P00013268","LAU, JOANNA","Democratic Party","DEM","President","P","United States","00","00","BROOKLYN","NY","11218","2020","24-AUG-19","2019","201908249163103280"
"H8LA03086","THOMAS, VERONE A MR","Democratic Party","DEM","House","H","Louisiana","LA","03","LAKE CHARLES","LA","70601","2020","24-AUG-19","2019","201908249163103340"
"S0GA00427","JACKSON, JAMES","Republican Party","REP","Senate","S","Georgia","GA","00","BUFORD","GA","30518","2020","24-AUG-19","2019","201908249163103268"
"H0IN05235","BRAUN, STEVEN J","Republican Party","REP","House","H","Indiana","IN","05","ZIONSVILLE","IN","46077","2020","23-AUG-19","2019","201908239163101048"
"P00013243","LABITAN, CESAR BUD MIKELS JR. MD MBA","Independent","IND","President","P","United States","00","00","SCHERERVILLE","IN","46375","2020","23-AUG-19","2019","201908239163101257"
"H0CT05226","HYDE, ROBERT FINLEY","Republican Party","REP","House","H","Connecticut","CT","05","CANTON","CT","06019","2020","23-AUG-19","2019","201908239163102977"
"S0MN00328","LEWIS, JASON","Republican Party","REP","Senate","S","Minnesota","MN","00","ST. PAUL","MN","55104","2020","23-AUG-19","2019","201908239163102736"
"H0TX23201","VAN WINKLE, BENJAMIN","Republican Party","REP","House","H","Texas","TX","23","SAN ANTONIO","TX","78261","2020","23-AUG-19","2019","201908239163102750"
"H0NY13124","KEITH, JAMES FELTON","Democratic Party","DEM","House","H","New York","NY","13","NEW YORK","NY","10037","2020","23-AUG-19","2019","201908239163101503"
"S2TN00223","CRIM, LARRY R","Republican Party","REP","Senate","S","Tennessee","TN","00","NASHVILLE ","TN","37013","2020","22-AUG-19","2019","201908220300293215"
"H0PA14120","HOWARD, LOGAN DAVID","Democratic Party","DEM","House","H","Pennsylvania","PA","14","UNIONTOWN","PA","15401","2020","22-AUG-19","2019","201908229163096759"
"S0CO00575","HICKENLOOPER, JOHN W.","Democratic Party","DEM","Senate","S","Colorado","CO","00","DENVER","CO","80218","2020","22-AUG-19","2019","201908229163097755"
"H0IL17091","HELMICK, CHARLES WILLIAM MR JR","Republican Party","REP","House","H","Illinois","IL","17","EAST MOLINE","IL","61244","2020","22-AUG-19","2019","201908229163101027"
"H0GA04130","HASTON, WILLIAM","Democratic Party","DEM","House","H","Georgia","GA","04","DECATUR","GA","30033","2020","22-AUG-19","2019","201908229163097876"
"S0CO00583","BELLAMY, V?RONIQUE MARIE DR.","Socialist Party U.S.A.","SOC","Senate","S","Colorado","CO","00","FORT COLLINS","CO","80524","2020","22-AUG-19","2019","201908229163100309"
"H0MD05209","JONES, DARRYL KEVIN JR","Democratic Party","DEM","House","H","Maryland","MD","05","CLINTON","MD","20735","2020","22-AUG-19","2019","201908229163097859"
"P00013219","MATHEWS, JONATHAN DAVID MR","Republican Party","REP","President","P","United States","00","00","INDIANAPOLIS","IN","46224","2020","21-AUG-19","2019","201908219163093497"
"S0VA00146","GADE, DANIEL MACARTHUR MR.","Republican Party","REP","Senate","S","Virginia","VA","00","ALEXANDRIA","VA","22309","2020","21-AUG-19","2019","201908219163093828"
"S0IA00192","WOODS, CAL GEORGE","Democratic Party","DEM","Senate","S","Iowa","IA","00","DES MOINES","IA","50312","2020","21-AUG-19","2019","201908219163093920"
"S0OK00347","STITT, JJ MR.","Republican Party","REP","Senate","S","Oklahoma","OK","00","KINGFSIHER","OK","73750","2020","21-AUG-19","2019","201908219163093925"
"H0MI10261","JOWSKE, JEFFREY","Independent","IND","House","H","Michigan","MI","10","PORT HURON","MI","48060","2020","21-AUG-19","2019","201908219163096395"
"P00013227","BRYANT, DANIEL","Veterans Party","VET","President","P","United States","00","00","SAN ANTONIO","TX","78251","2020","21-AUG-19","2019","201908219163094810"
"H8WA10037","SLOTNICK, NANCY DAILEY","Republican Party","REP","House","H","Washington","WA","10","PUYALLUP","WA","98371","2020","21-AUG-19","2019","201908219163095088"
"H0IL14197","LAUF, CATALINA","Republican Party","REP","House","H","Illinois","IL","14","WOODSTOCK","IL","66098","2020","21-AUG-19","2019","201908219163095109"
"H0NY09106","HILLER, MICHAEL STEVEN MR.","Democratic Party","DEM","House","H","New York","NY","09","NEW YORK","NY","10022","2020","21-AUG-19","2019","201908219163096394"
"H0UT04050","HEMMERT, DAN","Republican Party","REP","House","H","Utah","UT","04","SANDY","UT","84070","2020","21-AUG-19","2019","201908219163093930"
"P00013177","ZATOR, ERIC STEPHEN","Republican Party","REP","President","P","United States","00","00","DICKSON CITY","PA","18519","2020","20-AUG-19","2019","201908209163091197"
"P00013201","BOYD, MOSEMARIE DORA ('MOSIE')","Democratic Party","DEM","President","P","United States","00","00","FORT SMITH","AR","72901","2020","20-AUG-19","2019","201908200300293048"
"H8IA04106","SCHOLTEN, JAMES D.","Democratic Party","DEM","House","H","Iowa","IA","04","SIOUX CITY","IA","51106","2020","20-AUG-19","2019","201908209162944606"
"H0CA30162","BERINA, COURTNEY JAMES","Democratic Party","DEM","House","H","California","CA","30","NORTHRIDGE","CA","91325","2020","20-AUG-19","2019","201908209163012819"
"H0NE01112","RAMSEY, BARBARA ROSE","Democratic Party","DEM","House","H","Nebraska","NE","01","BELLEVUE","NE","68005","2020","20-AUG-19","2019","201908209163008189"
"H0TX22203","WALL, KATHALEEN MRS.","Republican Party","REP","House","H","Texas","TX","22","HOUSTON","TX","77242","2020","20-AUG-19","2019","201908209163008215"
"H0IL17083","KING, ESTHER JOY","Republican Party","REP","House","H","Illinois","IL","17","EAST MOLINE","IL","61244","2020","20-AUG-19","2019","201908209162998804"
"P00013185","LAMBERT, DENNIS","Green Party","GRE","President","P","United States","00","00","PEDRO","OH","45659","2020","19-AUG-19","2019","201908190300292865"
"H0NC06209","BUCARDO, JENNYFER","Unaffiliated","UN","House","H","North Carolina","NC","06","ASHEBORO","NC","27203","2020","19-AUG-19","2019","201908199162905478"
"H0NY12191","HARRISON, PETER","Democratic Party","DEM","House","H","New York","NY","12","NEW YORK","NY","10009","2020","19-AUG-19","2019","201908199162906828"
"H0FL26028","BLANCO, OMAR","Republican Party","REP","House","H","Florida","FL","26","MIAMI","FL","33186","2020","19-AUG-19","2019","201908199162911165"
"H0NY05088","LAL, AMIT","Independent","IND","House","H","New York","NY","05","JAMAICA","NY","11430","2020","19-AUG-19","2019","201908199162911471"
"H0NY14312","CRUZ, ISRAEL","Republican Party","REP","House","H","New York","NY","14","GLENDALE","NY","11385","2020","19-AUG-19","2019","201908199162914971"
"H0TX11198","HOGG, JON MARK MR.","Democratic Party","DEM","House","H","Texas","TX","11","SAN ANGELO","TX","76902","2020","19-AUG-19","2019","201908199162943585"
"S0IL00543","CURRAN, MARK","Republican Party","REP","Senate","S","Illinois","IL","00","WAUKEGAN","IL","60085","2020","19-AUG-19","2019","201908199162918437"
"H0CA45145","PAI, ADITYA","Democratic Party","DEM","House","H","California","CA","45","IRVINE","CA","92602","2020","19-AUG-19","2019","201908199162923758"
"H0TX33036","HELMS, RICHARD ARTHUR","Republican Party","REP","House","H","Texas","TX","33","IRVING","TX","75062","2020","19-AUG-19","2019","201908199162923848"
"S0NC00343","SMITH, ERICA DANETTE","Democratic Party","DEM","Senate","S","North Carolina","NC","00","HENRICO","NC","27842","2020","19-AUG-19","2019","201908220300293194"
"H0WI03118","NEUMANN, MARK","Democratic Party","DEM","House","H","Wisconsin","WI","03","LA CROSSE","WI","546020143","2020","19-AUG-19","2019","201908190300292885"
"H0FL04140","AGUILAR, ERICK JAVIER DR.","Republican Party","REP","House","H","Florida","FL","04","JACKSONVILLE","FL","32225","2020","19-AUG-19","2019","201908199162930427"
"H0NM03185","BLAIR, JOHN","Democratic Party","DEM","House","H","New Mexico","NM","03","SANTA FE","NM","87502","2020","19-AUG-19","2019","201908199162915985"
"H0WA02189","CALL, JASON","Democratic Party","DEM","House","H","Washington","WA","02","MARYSVILLE","WA","98270","2020","18-AUG-19","2019","201908189162903072"
"H0FL25087","HUGHES, TOM G","Republican Party","REP","House","H","Florida","FL","25","MARCO ISLAND","FL","34146","2020","18-AUG-19","2019","201908189162904142"
"H0MO03195","WISDOM, ADELA DAWNISE","Republican Party","REP","House","H","Missouri","MO","03","WILLIAMSBURG","MO","63388","2020","17-AUG-19","2019","201908179162902964"
"H8IN07150","HARMON, WAYNE EDWARD","Republican Party","REP","House","H","Indiana","IN","07","INDIANAPOLIS","IN","46219","2020","17-AUG-19","2019","201908200300293123"
"P00013177","ZATOR, ERIC STEPHEN","GOP","GOP","President","P","United States","00","00","DICKSON CITY","PA","18519","2019","17-AUG-19","2019","201908179162903052"
"H0SD01078","RAVER, WHITNEY","Democratic Party","DEM","House","H","South Dakota","SD","00","CUSTER","SD","57730","2020","16-AUG-19","2019","201908169162886914"
"P00013151","ODOM, WANDA MS.","Republican Party","REP","President","P","United States","00","00","LINCOLNTON","NC","28092","2020","16-AUG-19","2019","201908169162889255"
"H0CA01189","MARTINEZ, SELENA ROSE","Democratic Party","DEM","House","H","California","CA","01","LOS ANGELES","CA","90038","2020","16-AUG-19","2019","201908169162899812"
"H0PA05086","LANNI, LOU","Democratic Party","DEM","House","H","Pennsylvania","PA","05","FOLCROFT","PA","19032","2020","16-AUG-19","2019","201908169162889712"
"S0FL00601","WALLS-WINDHAUSER, ANGELA MARIE","Republican Party","REP","Senate","S","Florida","FL","00","WINTER GARDEN","FL","34778","2020","16-AUG-19","2019","201908169162891684"
"P00013169","GREER, EVRET JUSIN","Libertarian Party","LIB","President","P","United States","00","00","WILTON","ME","04294","2020","16-AUG-19","2019","201908169162889304"
"P00013193","CLARK, OREN SALOMON","Unknown","UNK","President","P","United States","00","19","RHINEBECK","NY","12572","2020","15-AUG-19","2019","201908190300292852"
"H8NE03103","BOLINGER, LARRY LEE SCOTT","Republican Party","REP","House","H","Nebraska","NE","03","ALLIANCE","NE","69301","2020","15-AUG-19","2019","201908150300292684"
"H8RI01092","WYSOCKI, FREDERICK J JOSEPH MR.","Republican Party","REP","House","H","Rhode Island","RI","01","WOONSOCKET","RI","02895","2020","15-AUG-19","2019","201908159162878604"
"H0OR04107","SKARLATOS, ALEK","Republican Party","REP","House","H","Oregon","OR","04","ROSEBURG","OR","97470","2020","15-AUG-19","2019","201908159162879233"
"S8TX00459","TZINTZUN RAMIREZ, CRISTINA","Democratic Party","DEM","Senate","S","Texas","TX","00","AUSTIN","TX","78703","2020","15-AUG-19","2019","201908159162879749"
"H0IL10369","WANG, ANDREW","Democratic Party","DEM","House","H","Illinois","IL","10","BUFFALO GROVE","IL","60093","2020","15-AUG-19","2019","201908159162881213"
"H0NY13116","LOPEZ, PEDRO J","Democratic Party","DEM","House","H","New York","NY","13","NEW YORK","NY","10031","2020","15-AUG-19","2019","201908159162881176"
"H0AZ08080","OLSEN, ROBERT","Democratic Party","DEM","House","H","Arizona","AZ","08","SUN CITY WEST","AZ","85375","2020","15-AUG-19","2019","201908159162874681"
"H0GA07323","KARINSHAK, ZAHRA S.","Democratic Party","DEM","House","H","Georgia","GA","07","LAWRENCEVILLE","GA","30043","2020","15-AUG-19","2019","201908159162874686"
"H0TX22195","HINTON, MATTHEW PAGE","Republican Party","REP","House","H","Texas","TX","22","KATY","TX","77494","2020","15-AUG-19","2019","201908159162876875"
"H0NY27116","ORTT, ROBERT G","Republican Party","REP","House","H","New York","NY","27","LOCKPORT","NY","14095","2020","15-AUG-19","2019","201908159162878240"
"H0AZ01382","MCGUIRE, BARBARA","Democratic Party","DEM","House","H","Arizona","AZ","01","KEARNY","AZ","85137","2020","15-AUG-19","2019","201908159162880906"
"H0NM03177","TISDEL, KYLE J.","Democratic Party","DEM","House","H","New Mexico","NM","03","TAOS","NM","87571","2020","14-AUG-19","2019","201908149162868609"
"H0AL02145","COLEMAN, JEFF","Republican Party","REP","House","H","Alabama","AL","02","MONTGOMERY","AL","36106","2020","14-AUG-19","2019","201908149162869051"
"P00013144","KITCHEL, MACK","Socialist Labor Party","SLP","President","P","United States","00","00","ATLANTA","GA","30306","2020","14-AUG-19","2019","201908149162869070"
"H0NY19196","GERMAN, ANTHONY","Republican Party","REP","House","H","New York","NY","19","ONEONTA","NY","13820","2020","14-AUG-19","2019","201908149162866541"
"P00012872","DOWNARD, JEFFREY BRIAN DR.","Republican Party","REP","President","P","United States","00","00","FLAGSTAFF","AZ","86001","2020","14-AUG-19","2019","201908149162867201"
"P00013136","SAIDE.JR., AHMAD","None","NNE","President","P","United States","00","00","NEW YORK","NY","10001","2020","14-AUG-19","2019","201908149162867447"
"H0CA47158","ROSHAN, SHAWN","Democratic Party","DEM","House","H","California","CA","47","LONG BEACH","CA","90804","2020","14-AUG-19","2019","201908149162871112"
"P00013524","JORGENSEN, JO","Libertarian Party","LIB","President","P","United States","00","00","GREENVILLE","SC","296155045","2020","13-AUG-19","2019","201908130300292579"
"S0KY00362","NOBLE, LORETTA BABALMORADI DR.","Democratic Party","DEM","Senate","S","Kentucky","KY","00","LOUISVILLE","KY","40223","2020","13-AUG-19","2019","201908139162857070"
"S0MA00190","GRAY, ANDRE MR.","Green Party","GRE","Senate","S","Massachusetts","MA","00","EVERETT","MA","02149","2020","13-AUG-19","2019","201908139162851412"
"H8MI10108","BIZON, KIMBERLY ANN","Democratic Party","DEM","House","H","Michigan","MI","10","LEXINGTON","MI","48450","2020","13-AUG-19","2019","201908139162850774"
"H0PA11175","NESBITT, ADAM CHARLES","Democratic Party","DEM","House","H","Pennsylvania","PA","11","LANCASTER","PA","17602","2020","12-AUG-19","2019","201908129162849457"
"H0MO07220","HARLEMAN, ERIC","Republican Party","REP","House","H","Missouri","MO","07","SPARTA","MO","65753","2020","12-AUG-19","2019","201908129162849458"
"P00013110","CARL, ARRECHEA","None","NNE","President","P","United States","00","00","CHATSWORTH","CA","91311","2020","12-AUG-19","2019","201908120300292241"
"H0MD02222","MORRIS, GENEVIEVE","Republican Party","REP","House","H","Maryland","MD","02","ELKRIDGE","MD","21075","2020","12-AUG-19","2019","201908129162843765"
"H0TN01050","SMITH, LARRY JOSEPH","Democratic Party","DEM","House","H","Tennessee","TN","01","GREENEVILLE","TN","37743","2020","12-AUG-19","2019","201908129162843824"
"H0MS04153","HICKMAN, SAMUEL JAMES","Republican Party","REP","House","H","Mississippi","MS","04","PICAYUNE","MS","39466","2020","12-AUG-19","2019","201908129162847423"
"H0NJ02155","RICHTER, DAVID","Republican Party","REP","House","H","New Jersey","NJ","02","AVALON","NJ","08202","2020","12-AUG-19","2019","201908129162843919"
"H0CT04195","RIDDLE, JONATHAN","Republican Party","REP","House","H","Connecticut","CT","04","NORWALK","CT","06854","2020","12-AUG-19","2019","201908129162845154"
"H0TX07204","ESPINOZA, MARIA","Republican Party","REP","House","H","Texas","TX","07","HOUSTON","TX","77077","2020","12-AUG-19","2019","201908129162845971"
"S0TX00282","YANCEY, MARK SPENCER","Republican Party","REP","Senate","S","Texas","TX","00","PLANO","TX","75093","2020","12-AUG-19","2019","201908129162847422"
"H0UT04043","COLEMAN, KIM","Republican Party","REP","House","H","Utah","UT","04","RIVERTON","UT","84065","2020","12-AUG-19","2019","201908129162843909"
"H0ME01119","ALLEN, JAY THOMAS DR","Republican Party","REP","House","H","Maine","ME","01","NEW HARBOR","ME","04554","2020","10-AUG-19","2019","201908109162843064"
"P00013102","HUMPHREY, BRIAN ANDREW","Other","OTH","President","P","United States","00","00","MODESTO","CA","95356","2020","09-AUG-19","2019","201908099162399076"
"H0NC07124","D'ABROSCA, PETER","Republican Party","REP","House","H","North Carolina","NC","07","WILMINGTON","NC","28409","2020","09-AUG-19","2019","201908099162707617"
"H0TX11180","SCHUMANN, ROSS ALAN MR.","Republican Party","REP","House","H","Texas","TX","11","SAN ANGELO","TX","76904","2020","09-AUG-19","2019","201908099162723826"
"H0MI05139","CLAUSS, MATTHEW COREY MR.","Democratic Party","DEM","House","H","Michigan","MI","05","BAY CITY","MI","48706","2020","09-AUG-19","2019","201908099162842942"
"H0CA05107","GIBLIN, SCOTT","Republican Party","REP","House","H","California","CA","05","SANTA ROSA","CA","95407","2020","09-AUG-19","2019","201908099162759456"
"H0IL11110","LAIB, RICK","Republican Party","REP","House","H","Illinois","IL","11","JOLIET","IL","60435","2020","09-AUG-19","2019","201908099162759465"
"H0CA03136","VAN DYKE, GREGORY","Republican Party","REP","House","H","California","CA","03","PLEASANT GROVE","CA","95668","2020","09-AUG-19","2019","201908099162759451"
"H0TX26162","TAYLOR, JAY","Independent","IND","House","H","Texas","TX","26","FRISCO","TX","75033","2020","08-AUG-19","2019","201908089162004112"
"P00013094","MYOWASIFZA-CURRY, SEDINAM KINAMO CHRISTIN","Green Party","GRE","President","P","United States","00","00","GARDENA","CA","90207","2020","08-AUG-19","2019","201908089162004117"
"P00013078","LUNDY, SUSAN","Write-In","W","President","P","United States","00","00","WASHINGTON","NC","27889","2019","08-AUG-19","2019","201908089161367010"
"H0IL05351","BURNS, BRIAN","Democratic Party","DEM","House","H","Illinois","IL","05","CHICAGO","IL","60611","2019","08-AUG-19","2019","201908089161367523"
"H0TX20124","MCQUEEN, ELDON DAN","Republican Party","REP","House","H","Texas","TX","20","SAN ANTONIO","TX","78240","2020","08-AUG-19","2019","201908089161367355"
"H0TX11172","LACY, J.ROSS","Republican Party","REP","House","H","Texas","TX","11","MIDLAND","TX","79702","2020","08-AUG-19","2019","201908089161367361"
"P00013086","BURLESON, JOVAN MR","American People'S Freedom Party","APF","President","P","United States","00","00","HOUSTON","TX","77021","2020","08-AUG-19","2019","201908089161367229"
"H0VA05145","WEBB, BRYANT CAMERON","Democratic Party","DEM","House","H","Virginia","VA","05","CHARLOTTESVILLE","VA","22902","2020","07-AUG-19","2019","201908079161363560"
"H0FL22076","SMITH, JOE","Republican Party","REP","House","H","Florida","FL","22","ROYAL PALM BEACH ","FL","33414","2020","07-AUG-19","2019","201908140300292590"
"H0NC02117","JOHNSON-HOSTLER, MONIKA","Democratic Party","DEM","House","H","North Carolina","NC","02","RALEIGH","NC","27624","2020","07-AUG-19","2019","201908079161364138"
"H8TX10110","SIEGEL, MICHAEL","Democratic Party","DEM","House","H","Texas","TX","10","AUSTIN","TX","78701","2020","07-AUG-19","2019","201908079161365667"
"P00013052","THOMAS, OATICE MITCHELL MR.","Republican Party","REP","President","P","United States","00","00","ST JOHNS","FL","32259","2020","07-AUG-19","2019","201908079161365887"
"H0NY15244","MARK-VIVERITO, MELISSA","Democratic Party","DEM","House","H","New York","NY","15","NEW YORK","NY","10029","2020","07-AUG-19","2019","201908079161366094"
"H0NY15251","CINTRON, MARLENE","Democratic Party","DEM","House","H","New York","NY","15","BRONX","NY","10451","2020","07-AUG-19","2019","201908079161366114"
"H0TX22187","HILL, GREG","Republican Party","REP","House","H","Texas","TX","22","PEARLAND","TX","77588","2020","07-AUG-19","2019","201908079161366144"
"H0CA24157","CALDWELL, JAMES ANDREW","Republican Party","REP","House","H","California","CA","24","NIPOMO","CA","93444","2020","07-AUG-19","2019","201908079161366215"
"H0AR03105","WILLIAMS, CELESTE SARENE","Democratic Party","DEM","House","H","Arkansas","AR","03","BELLA VISTA","AR","72714","2020","07-AUG-19","2019","201908079161366251"
"H0CA50145","DEMAIO, CARL","Republican Party","REP","House","H","California","CA","50","SAN DIEGO","CA","92127","2020","07-AUG-19","2019","201908079161366256"
"H0UT01114","CANNON, TINA","Republican Party","REP","House","H","Utah","UT","01","LAYTON","UT","84041","2020","07-AUG-19","2019","201908079161366499"
"H0NV04080","CATHERINE, PRATO","Republican Party","REP","House","H","Nevada","NV","04","LAS VEGAS","NV","89133","2020","07-AUG-19","2019","201908090300292093"
"H2FL03130","DODDS, PHILIP BENJAMIN","Democratic Party","DEM","House","H","Florida","FL","03","ALACHUA","FL","32615","2020","07-AUG-19","2019","201908120300292450"
"S0KS00299","WAGLE, SUSAN","Republican Party","REP","Senate","S","Kansas","KS","00","WICHITA","KS","67278","2020","07-AUG-19","2019","201908079161364137"
"P00013045","POPE SR, WAYNE ANTHONY","Democratic Party","DEM","President","P","United States","00","00","EL CENTRO","CA","92243","2020","06-AUG-19","2019","201908060300291721"
"S0VA00138","FRANKLIN, ROGER K JR.","Republican Party","REP","Senate","S","Virginia","VA","00","RICHMOND","VA","23223","2020","06-AUG-19","2019","201908069161360024"
"H0CA27127","NALBANDIAN, JOHNNY","Republican Party","REP","House","H","California","CA","27","LOS ANGELES","CA","90021","2020","06-AUG-19","2019","201908069161362248"
"H0TX20116","LECEA, JUSTIN","Democratic Party","DEM","House","H","Texas","TX","20","SAN ANTONIO","TX","78229","2020","06-AUG-19","2019","201908069161363402"
"H0NY16150","RAVELO, SAMUEL","Democratic Party","DEM","House","H","New York","NY","16","NEW ROCHELLE","NY","10804","2020","06-AUG-19","2019","201908069161361737"
"H0NY19188","HAWATMEH, OLA","Republican Party","REP","House","H","New York","NY","19","POUGHKEEPSIE","NY","12603","2020","06-AUG-19","2019","201908069161361514"
"H0CT05218","BARRESI, PETER ROBERT","Republican Party","REP","House","H","Connecticut","CT","05","SANDY HOOK","CT","06482","2020","06-AUG-19","2019","201908069161361517"
"S0MN00310","WASHINGTON, THERON PRESTON MR. NA","Republican Party","REP","Senate","S","Minnesota","MN","00","MINNEAPOLIS","MN","55417","2020","06-AUG-19","2019","201908069161361688"
"P00013037","INVICTUS, AUGUSTUS","Republican Party","REP","President","P","United States","00","00","ORLANDO","FL","32801","2020","06-AUG-19","2019","201908069161360699"
"P80002884","SHARKEY, JONATHON THE IMPALER","Republican Party","REP","President","P","United States","00","00","TEMPLE TERRACE","FL","33617","2020","05-AUG-19","2019","201908050300291043"
"H0TX24209","VAN DUYNE, ELIZABETH ANN","Republican Party","REP","House","H","Texas","TX","24","IRVING","TX","75063","2020","05-AUG-19","2019","201908059161359986"
"H0MI01229","O'DELL, LINDA","Democratic Party","DEM","House","H","Michigan","MI","01","PETOSKEY","MI","49770","2020","05-AUG-19","2019","201908059161356038"
"H0NY10096","HERZOG, JONATHAN","Democratic Party","DEM","House","H","New York","NY","10","NEW YORK","NY","10011","2020","05-AUG-19","2019","201908059161359722"
"P00013029","RESCH, SUSAN PATRICIA","Democratic Party","DEM","President","P","United States","00","00","NEW YORK","NY","10001","2020","05-AUG-19","2019","201908059161357143"
"H2TX06186","QUINTANILLA, CARLOS","Democratic Party","DEM","House","H","Texas","TX","33","DALLAS","TX","75211","2020","05-AUG-19","2019","201908059161357150"
"H0WI01104","RANDAZZA-PADE, JOSHUA JERRY","Democratic Party","DEM","House","H","Wisconsin","WI","01","KENOSHA","WI","53141","2020","05-AUG-19","2019","201908059161359697"
"H0VA07117","ROBERGE, JASON ALEXANDER","Republican Party","REP","House","H","Virginia","VA","07","SPOTSYLVANIA","VA","22553","2020","05-AUG-19","2019","201908059161356827"
"H0CA44171","NAVARRO SERRATOS, NANCI NOHELY","Democratic Party","DEM","House","H","California","CA","44","LYNWOOD","CA","90262","2020","04-AUG-19","2019","201908049161355625"
"P00013011","CALDERON, CHRISTOPHER SALAZAR","Democratic Party","DEM","President","P","United States","00","00","LAFAYETTE","IN","47905","2020","04-AUG-19","2019","201908049161355490"
"S0KS00281","PRUITT, BRYAN","Republican Party","REP","Senate","S","Kansas","KS","00","MANHATTAN","KS","66505","2020","04-AUG-19","2019","201908049161355597"
"H0NY01194","NASCIMBENE, LUCA","Independent","IND","House","H","New York","NY","01","NEW YORK","NY","27045","2020","04-AUG-19","2019","201908049161355510"
"H0NY00071","NASCIMBENE, LUCA","Other","OTH","House","H","New York","NY","00","NEW YORK","NY","10001","2020","04-AUG-19","2019","201908049161355509"
"H0IL12092","FUNK, JOEL DAVID","Democratic Party","DEM","House","H","Illinois","IL","12","MASCOUTAH","IL","62258","2020","03-AUG-19","2019","201908039161355318"
"H0CO03140","MOSER, ROBERT DUANE MR. JR.","Non-Party","NON","House","H","Colorado","CO","03","DOLORES","CO","81323","2020","03-AUG-19","2019","201908039161355480"
"H0TX18292","CHAMPION, WENDELL","Republican Party","REP","House","H","Texas","TX","18","HOUSTON","TX","77004","2020","03-AUG-19","2019","201908039161355355"
"P00013003","HAAS, ADAM ETHAN MR","Independent","IND","President","P","United States","00","00","PETALUMA","CA","94954","2020","02-AUG-19","2019","201908029161354986"
"H0MI10253","MIKULA, BRANDON JOSEPH","Republican Party","REP","House","H","Michigan","MI","10","CHESTERFIELD","MI","48047","2020","02-AUG-19","2019","201908029161355299"
"H8FL27011","HEPBURN, MICHAEL MR","Democratic Party","DEM","House","H","Florida","FL","27","MIAMI","FL","33242","2020","02-AUG-19","2019","201908020300290880"
"H0TX24191","FEGAN, DAVID","Republican Party","REP","House","H","Texas","TX","24","MCLEAN","VA","22101","2020","02-AUG-19","2019","201908029161353968"
"H0CA15247","HAYDEN, ALISON","Republican Party","REP","House","H","California","CA","15","HAYWARD","CA","94541","2020","02-AUG-19","2019","201908029161354554"
"H0TX03112","MCCAFFITY, SEAN J","Democratic Party","DEM","House","H","Texas","TX","03","ALLEN","TX","75002","2020","02-AUG-19","2019","201908029161354538"
"H0KS01172","BARNETT, KALI","Democratic Party","DEM","House","H","Kansas","KS","01","GARDEN CITY","KS","67846","2020","02-AUG-19","2019","201908029161354539"
"H0FL21078","LOOMER, LAURA","Republican Party","REP","House","H","Florida","FL","21","LAKE WORTH","FL","33460","2020","02-AUG-19","2019","201908029161354545"
"H0GA13123","PETERS, JANNQUELL","Democratic Party","DEM","House","H","Georgia","GA","13","EAST POINT","GA","30344","2020","02-AUG-19","2019","201908029161354175"
"H0MI11111","WILLIAMS, WHITTNEY","Republican Party","REP","House","H","Michigan","MI","11","CANTON","MI","48187","2020","01-AUG-19","2019","201908019161350778"
"H2UT02472","MCFARLAND, JAY","Republican Party","REP","House","H","Utah","UT","04","HERRIMAN","UT","84096","2020","01-AUG-19","2019","201908019161348696"
"H0KY06179","HICKS, JOSH","Democratic Party","DEM","House","H","Kentucky","KY","06","LEXINGTON","KY","40588","2020","01-AUG-19","2019","201908019161345490"
"H0FL15070","PHILIPPE, JESSE","Democratic Party","DEM","House","H","Florida","FL","15","RIVERVIEW","FL","33578","2020","01-AUG-19","2019","201908019161345531"
"S0MT00116","BALLARD, JACK","Democratic Party","DEM","Senate","S","Montana","MT","00","BILLILNGS","MT","59108","2020","01-AUG-19","2019","201908019161346340"
"S0OK00339","BILLINGS, DYLAN DR.","Democratic Party","DEM","Senate","S","Oklahoma","OK","00","EDMOND","OK","73003","2020","01-AUG-19","2019","201908019161349002"
"H0WI04132","WERNER, CINDY","Republican Party","REP","House","H","Wisconsin","WI","04","MILWAUKEE","WI","53228","2020","01-AUG-19","2019","201908019161350667"
"S0CO00567","WARREN, MICHELLE FERRIGNO","Democratic Party","DEM","Senate","S","Colorado","CO","00","DENVER","CO","80219","2020","01-AUG-19","2019","201908019161350271"
"H8FL27185","SALAZAR, MARIA ELVIRA","Republican Party","REP","House","H","Florida","FL","27","MIAMI","FL","33243","2020","01-AUG-19","2019","201908019161350396"
"P00012989","MOSER, ROBERT DUANE MR. JR.","Non-Party","NON","President","P","United States","00","00","DOLORES","CO","81323","2020","01-AUG-19","2019","201908019161350620"
"H8WV03097","MILLER, CAROL DEVINE","Republican Party","REP","House","H","West Virginia","WV","03","HUNTINGTON","WV","25701","2020","01-AUG-19","2019","201908019161350626"
"H0TX16106","ARMENDARIZ-JACKSON, IRENE","Republican Party","REP","House","H","Texas","TX","16","EL PASO","TX","79925","2020","01-AUG-19","2019","201908019161350659"
"H0AL02137","DISMUKES, WILL","Republican Party","REP","House","H","Alabama","AL","02","PRATTVILLE","AL","36068","2020","01-AUG-19","2019","201908019161349173"
"S0KS00273","TUTEN, PAUL","None","NNE","Senate","S","Kansas","KS","00","HAYSVILLE","KS","67060","2020","31-JUL-19","2019","201907319161254758"
"H0MN07083","NOVAK, JOEL ALLEN","Republican Party","REP","House","H","Minnesota","MN","07","ALEXANDRIA","MN","56308","2020","31-JUL-19","2019","201907319161259315"
"H0OH11080","TAYLOR, SHALIRA LISA","Republican Party","REP","House","H","Ohio","OH","11","CLEVELAND","OH","44105","2020","31-JUL-19","2019","201907319161281846"
"H8NY09158","BUNKEDDEKO, ADEM","Democratic Party","DEM","House","H","New York","NY","09","BROOKLYN","NY","11213","2020","31-JUL-19","2019","201907319161318476"
"P00012963","GASKILL, WILLIAM REECE","Republican Party","REP","President","P","United States","00","00","PROVO","UT","84604","2020","31-JUL-19","2019","201907319161296441"
"P00012971","LEN, VLAD ILLY CHAIRMAN","Democratic-Farmer-Labor","DFL","President","P","United States","00","00","JOELTON","TN","37080","2020","31-JUL-19","2019","201907319161301553"
"H0TX25131","SLOAN, HEIDI","Democratic Party","DEM","House","H","Texas","TX","25","AUSTIN","TX","78762","2020","31-JUL-19","2019","201907319161303821"
"P00012955","PHIPPS, BRADYN MR.","Republican Party","REP","President","P","United States","00","00","BRISTOL","TN","37620","2020","31-JUL-19","2019","201907319161284819"
"H6OH13240","MORCKEL, RICHARD","Republican Party","REP","House","H","Ohio","OH","13","AKRON","OH","443012946","2020","30-JUL-19","2019","201908050300291255"
"H6TX15204","WESTLEY, TIMMY LEE","Republican Party","REP","House","H","Texas","TX","15","SAN ANTONIO","TX","18062","2020","30-JUL-19","2019","201907300300289481"
"H0NJ04144","CONFORTI, CHRISTINE MARIE","Democratic Party","DEM","House","H","New Jersey","NJ","04","OCEAN GROVE","NJ","07756","2020","30-JUL-19","2019","201907309161228634"
"H0NC02109","BUTLER, JASON DR.","Democratic Party","DEM","House","H","North Carolina","NC","02","KNIGHTDALE","NC","27545","2020","30-JUL-19","2019","201907309161239278"
"H0TX32087","COLLINS, GENEVIEVE D","Republican Party","REP","House","H","Texas","TX","32","DALLAS","TX","75206","2020","30-JUL-19","2019","201907309161231011"
"H0NV04072","REED, RANDI","Republican Party","REP","House","H","Nevada","NV","04","NORTH LAS VEGAS","NV","89036","2020","30-JUL-19","2019","201907309161234505"
"H0CA48206","ENGELS, CHRISTOPHER MICHAEL","Republican Party","REP","House","H","California","CA","48","NEWPORT BEACH","CA","92663","2020","30-JUL-19","2019","201907309161229322"
"H0NY10104","HENDRICKS, DARRYL P","Democratic Party","DEM","House","H","New York","NY","10","NEW YORK","NY","10024","2020","29-JUL-19","2019","201907300300289597"
"H0UT03185","FUGAL, RUSSEL","Independent","IND","House","H","Utah","UT","03","DRAPER","UT","84020","2020","29-JUL-19","2019","201907299152652323"
"H6MI14195","MORRISON, TERRANCE","Democratic Party","DEM","House","H","Michigan","MI","14","WEST BLOOMFIELD","MI","48322","2020","29-JUL-19","2019","201907290300288928"
"H4VA07127","GREENWALD, PETER THOMAS","Republican Party","REP","House","H","Virginia","VA","07","MIDLOTHIAN","VA","23114","2020","29-JUL-19","2019","201907290300288951"
"H0CA07145","RICHARDSON, CHRIS","Green Party","GRE","House","H","California","CA","07","GOLD RIVER","CA","95670","2020","29-JUL-19","2019","201907290300288968"
"H8NY27176","MCMURRAY, NATHAN","Democratic Party","DEM","House","H","New York","NY","27","LEWISTON","NY","14092","2020","29-JUL-19","2019","201907299151684261"
"H0FL15088","HATTERSLEY, ADAM ROGER","Democratic Party","DEM","House","H","Florida","FL","15","RIVERVIEW","FL","33578","2020","29-JUL-19","2019","201907299151684266"
"H0NY10088","NIGRO, JEANNE","Republican Party","REP","House","H","New York","NY","10","NEW YORK","NY","10038","2020","29-JUL-19","2019","201907299151856098"
"H0VA02118","TAYLOR, SCOTT W. MR.","Republican Party","REP","House","H","Virginia","VA","02","VIRGINIA BEACH","VA","23466","2020","29-JUL-19","2019","201907299151856206"
"H0NJ05208","KREIBICH, ARATI","Democratic Party","DEM","House","H","New Jersey","NJ","05","GLEN ROCK","NJ","07452","2020","29-JUL-19","2019","201907299151858399"
"H0TX32079","MCLENDON, FLOYD JR.","Republican Party","REP","House","H","Texas","TX","32","DALLAS","TX","75206","2020","29-JUL-19","2019","201907299151859169"
"P00012658","PETER, JOSHUA THOMAS MR.","Democratic Party","DEM","President","P","United States","00","00","AMES","IA","50010","2020","29-JUL-19","2019","201907299152044219"
"H0ME02067","BRAKEY, ERIC","Republican Party","REP","House","H","Maine","ME","02","AUBURN","ME","04210","2020","29-JUL-19","2019","201907299152044734"
"H8DE01044","MURPHY, LEE","Republican Party","REP","House","H","Delaware","DE","00","WILMINGTON","DE","19809","2020","29-JUL-19","2019","201907299152253812"
"H0MI11103","ACOSTA, FRANK","Republican Party","REP","House","H","Michigan","MI","11","NORTHVILLE","MI","48168","2020","29-JUL-19","2019","201907290300289109"
"H0NJ10216","RIVERA, ANA","Republican Party","REP","House","H","New Jersey","NJ","10","NEWARK","NJ","07104","2020","28-JUL-19","2019","201907289151683976"
"H0UT04027","BRODERICK, JONIA MARIE","Other","OTH","House","H","Utah","UT","04","SOUTH JORDAN","UT","84095","2020","27-JUL-19","2019","201907279151682906"
"H0FL14115","CAHSE, EDGAR MR.","Republican Party","REP","House","H","Florida","FL","14","TAMPA","FL","33625","2020","27-JUL-19","2019","201907279151681475"
"S0GA00419","TERRY, EDWARD","Democratic Party","DEM","Senate","S","Georgia","GA","00","CLARKSTON","GA","30021","2020","26-JUL-19","2019","201907269151673837"
"H0NY19170","ROTH, MICHAEL","Republican Party","REP","House","H","New York","NY","19","ELLENVILLE","NY","12428","2020","26-JUL-19","2019","201907269151674447"
"H0WV02179","KUNKEL, CATHERINE","Democratic Party","DEM","House","H","West Virginia","WV","02","CHARLESTON","WV","25311","2020","26-JUL-19","2019","201907269151675749"
"H0MI07135","SMITH, CHRISTOPHER BARTHOLOMEW","Democratic Party","DEM","House","H","Michigan","MI","07","SALINE","MI","48176","2020","26-JUL-19","2019","201907269151675871"
"P00012930","VAN HOUTEN, ARTHUR LINWOOD MR. III","Constitution Party","CON","President","P","Ohio","OH","00","GERMANTOWN","OH","45327","2020","26-JUL-19","2019","201907269151676282"
"H8OR03102","HARRISON, THOMAS SAMUEL IV","Republican Party","REP","House","H","Oregon","OR","03","OREGON CITY","OR","97045","2020","26-JUL-19","2019","201907269151681131"
"H0IN02232","MARKS, ELLEN L.","Democratic Party","DEM","House","H","Indiana","IN","02","SOUTH BEND","IN","46614","2020","26-JUL-19","2019","201907269151677639"
"H0NY27108","PARLATO, BETH","Republican Party","REP","House","H","New York","NY","27","ALDEN","NY","14004","2020","26-JUL-19","2019","201907269151677640"
"P60015526","FAHL, MICHAEL TRAVIS","Other","OTH","President","P","United States","00","00","SALT LAKE CITY","UT","84104","2020","26-JUL-19","2019","201907269151677829"
"H0FL17068","WILSON, FREDERICA S","Democratic Party","DEM","House","H","Florida","FL","24","WASHINGTON","DC","20003","2020","26-JUL-19","2019","201907269151678196"
"H0CT02207","ANDERSON, JUSTIN","Republican Party","REP","House","H","Connecticut","CT","02","SALEM","CT","06420","2020","26-JUL-19","2019","201907269151676680"
"H8NJ02182","FITZHERBERT, BRIAN","Republican Party","REP","House","H","New Jersey","NJ","02","EGGHARBOR TOWNSHIP","NJ","08234","2020","25-JUL-19","2019","201907260300288328"
"H0MI04108","FEIG, ANTHONY DEAN DR.","Democratic Party","DEM","House","H","Michigan","MI","04","MOUNT PLEASANT","MI","48858","2020","25-JUL-19","2019","201907259151673497"
"H0NY14304","KHAN, BADRUN","Democratic Party","DEM","House","H","New York","NY","14","FRESH MEADOWS","NY","11365","2020","25-JUL-19","2019","201907259151673562"
"P20001376","RICHARDSON, DARCY G","Reform Party","REF","President","P","United States","00","00","JACKSONVILLE","FL","32219","2020","25-JUL-19","2019","201907250300288128"
"H0MI10246","PIWKO, RICHARD A","Republican Party","REP","House","H","Michigan","MI","10","LEXINGTON","MI","48450","2020","25-JUL-19","2019","201907259151670363"
"H0MD03212","BROWN, CAROLE DOMINGUIN","Democratic Party","DEM","House","H","Maryland","MD","03","ANNAPOLIS","MD","21409","2020","25-JUL-19","2019","201907259151657579"
"S0TN00151","GAPP, JOSHUA DOMINIQUE GREGORY","Republican Party","REP","Senate","S","Tennessee","TN","00","KNOXVILLE","TN","37919","2020","25-JUL-19","2019","201907259151658908"
"H0PA01325","FINELLO, CHRISTINA","Democratic Party","DEM","House","H","Pennsylvania","PA","01","WARMINSTER","PA","18974","2020","25-JUL-19","2019","201907259151661525"
"H0NM01171","CHICK, CAMERON ALTON MR","Democratic Party","DEM","House","H","New Mexico","NM","01","ALBUQUERQUE","NM","87109","2020","25-JUL-19","2019","201907259151657032"
"S0MA00182","PEMBERTON, STEVE","Democratic Party","DEM","Senate","S","Massachusetts","MA","00","FRAMINGHAM","MA","01701","2020","24-JUL-19","2019","201907249151644702"
"S0OK00321","BRITT, ELYSABETH","Democratic Party","DEM","Senate","S","Oklahoma","OK","00","OKLAHOMA CITY","OK","73101","2020","24-JUL-19","2019","201907249151645774"
"P00012906","STEPHENS, BRAD COLLINS","Independent","IND","President","P","United States","00","00","LONGMONT","CO","80503","2020","24-JUL-19","2019","201907249151646574"
"H0PA06167","EMMONS, JOHN MR.","Republican Party","REP","House","H","Pennsylvania","PA","06","WEST GROVE","PA","19390","2020","24-JUL-19","2019","201907249151648220"
"P00012922","BARNES, AUDWIN AUGUSTUS","Other","OTH","President","P","United States","00","00","LAS VEGAS","NV","89123","2020","24-JUL-19","2019","201907249151654023"
"H0NC04196","BROCK, MARTHA MONTGOMERY MS.","Democratic Party","DEM","House","H","North Carolina","NC","04","RALEIGH","NC","27604","2020","24-JUL-19","2019","201907249151652492"
"H0OR03133","BAKER, EDWARD MR.","None","NNE","House","H","Oregon","OR","03","PORTLAND","OR","97205","2020","24-JUL-19","2019","201907249151652622"
"P00012914","KOOB, TREVOR WALTON","Republican Party","REP","President","P","United States","00","00","ASTORIA","NY","11102","2020","24-JUL-19","2019","201907249151652835"
"S0VA00112","MINA, ALDOUS D","Independent","IND","Senate","S","Virginia","VA","00","NORFOLK","VA","23505","2020","24-JUL-19","2019","201907249151652103"
"P00012898","YORK, SCOOTER","Socialist Workers Party","SWP","President","P","United States","00","00","BENTON","KY","42025","2020","23-JUL-19","2019","201907239151644675"
"H0TX32061","DUMDEI, MARK","Republican Party","REP","House","H","Texas","TX","32","DALLAS","TX","75231","2020","23-JUL-19","2019","201907239151626646"
"H0MA01081","MORSE, ALEX","Democratic Party","DEM","House","H","Massachusetts","MA","01","HOLYOKE","MA","01041","2020","23-JUL-19","2019","201907239151627791"
"H0MN03124","QUALLS, KENDALL","Republican Party","REP","House","H","Minnesota","MN","03","MEDINA","MN","55340","2020","23-JUL-19","2019","201907239151628335"
"H0NC03362","HOLT, GREGORY MONROE","Constitutional","CST","House","H","North Carolina","NC","03","NEW BERN","NC","28560","2019","23-JUL-19","2019","201907290300288956"
"H0PA10128","JEFFRIES, ROBERT","Republican Party","REP","House","H","Pennsylvania","PA","10","HERSHEY","PA","17033","2020","23-JUL-19","2019","201907239151629182"
"H0NV04064","BLUNDO, LEO","Republican Party","REP","House","H","Nevada","NV","04","PAHRUMP","NV","89041","2020","23-JUL-19","2019","201907239151629506"
"S0NH00334","MESSNER, BRYANT 'CORKY' S.","Republican Party","REP","Senate","S","New Hampshire","NH","00","WOLFEBORO","NH","03894","2020","23-JUL-19","2019","201907239151630106"
"H0NY14296","CUMMINGS, JOHN C.","Republican Party","REP","House","H","New York","NY","14","BRONX","NY","10464","2020","23-JUL-19","2019","201907239151628345"
"P60007283","PIATT, MARTY","Republican Party","REP","President","P","United States","00","00","OCEANSIDE ","CA","920562025","2020","22-JUL-19","2019","201907220300286981"
"S0TX00274","FOSTER, JACK DANIEL MR JR","Democratic Party","DEM","Senate","S","Texas","TX","00","BAYTOWN","TX","77523","2020","22-JUL-19","2019","201907229151618731"
"H0WA03245","ATENCIO, RUDY","Democratic Party","DEM","House","H","Washington","WA","03","WHITE SALMON","WA","98672","2020","22-JUL-19","2019","201907229151613744"
"H0NV03124","HELGELIEN, TIGER","Republican Party","REP","House","H","Nevada","NV","03","LAS VEGAS","NV","89136","2020","22-JUL-19","2019","201907229151614490"
"H0IA02172","BAKER, JOSEPH KANE","Democratic Party","DEM","House","H","Iowa","IA","02","IOWA CITY","IA","52245","2020","22-JUL-19","2019","201907229151612887"
"H0VA10160","JONES, ROB","Republican Party","REP","House","H","Virginia","VA","10","MIDDLEBURG","VA","20118","2020","22-JUL-19","2019","201907229151612431"
"H4LA05221","ABRAHAM, RALPH LEE DR. JR.","Republican Party","REP","House","H","Louisiana","LA","05","ARCHIBALD","LA","712180271","2020","22-JUL-19","2019","201907229151612798"
"H0TX21148","DAVIS, WENDY","Democratic Party","DEM","House","H","Texas","TX","21","AUSTIN","TX","78703","2020","22-JUL-19","2019","201907229151612880"
"H0FL16094","GOOD, MARGARET ELIZABETH ROWELL","Democratic Party","DEM","House","H","Florida","FL","16","SARASOTA","FL","34239","2020","22-JUL-19","2019","201907229151611703"
"S0NE00072","PHILIPS, ANGELIC MARIE","Democratic Party","DEM","Senate","S","Nebraska","NE","00","OMAHA","NE","68112","2020","21-JUL-19","2019","201907219151609967"
"P00012880","OSTERBACH, RACHEL PEGGY","Other","OTH","President","P","United States","00","00","FOUNTAIN VALLEY","CA","92708","2020","21-JUL-19","2019","201907219151609968"
"H0MN05186","KELLEY, CHRIS MR.","Independence Party","IDP","House","H","Minnesota","MN","05","MINNEAPOLIS","MN","55408","2019","21-JUL-19","2019","201907219151611378"
"S0IL00535","AGUN, BURAK","Republican Party","REP","Senate","S","Illinois","IL","00","NAPERVILLE","IL","60564","2020","21-JUL-19","2019","201907219151611143"
"H0WI03100","BONNER, JUSTIN","Democratic Party","DEM","House","H","Wisconsin","WI","03","EAU CLAIRE","WI","54701","2020","21-JUL-19","2019","201907219151611334"
"H0VA08164","STRAW, ANDREW U D","Other","OTH","House","H","Virginia","VA","08","WASHINGTON","DC","20005","2020","21-JUL-19","2019","201907219151610824"
"H0CA32341","KASHIFALGHITA, MESHAL 'KASH'","Democratic Party","DEM","House","H","California","CA","32","LA VERNE ","CA","91750","2020","20-JUL-19","2019","201907220300286727"
"H0AZ07090","HINDLE, CHRISTOPHER BRIAN","Republican Party","REP","House","H","Arizona","AZ","07","PHOENIX","AZ","85007","2020","20-JUL-19","2019","201907209151607406"
"H0CA34131","KIM, DAVID YUNG HO","Democratic Party","DEM","House","H","California","CA","34","LOS ANGELES","CA","90006","2020","20-JUL-19","2019","201907209151566864"
"S0KY00354","SMITH, BENNIE J","Democratic Party","DEM","Senate","S","Kentucky","KY","00","LOUISVILLE","KY","40202","2020","20-JUL-19","2019","201907209151575365"
"P60008638","LIBRACE, DAVID","Independent","IND","President","P","United States","00","00","WEST HELENA","AR","72390","2020","20-JUL-19","2019","201907209151574507"
"H0IN05227","JACOBS, ANDREW JAMES JR. JR.","Democratic Party","DEM","House","H","Indiana","IN","05","INDIANAPOLIS","IN","46260","2020","20-JUL-19","2019","201907209151574508"
"H0AZ09013","TAYLOR, TIM","Republican Party","REP","House","H","Arizona","AZ","09","TEMPE","AZ","85283","2020","20-JUL-19","2019","201907209151573967"
"P00003640","LANCE-COUNCIL, TEMPERANCE ALESHA","Other","OTH","President","P","United States","00","00","LOS ANGELES","CA","93534","2020","19-JUL-19","2019","201907190300286106"
"P00012864","CROSS, SHAWN VINCENT","Unaffiliated","UN","President","P","United States","00","00","EAGLE RIVER","AK","99577","2020","19-JUL-19","2019","201907199151465228"
"H0OH04093","FRESHOUR, SHANNON","Democratic Party","DEM","House","H","Ohio","OH","04","COLUMBUS","OH","43215","2020","19-JUL-19","2019","201907199151465250"
"H0MI02201","BERGHOEF, BRYAN","Democratic Party","DEM","House","H","Michigan","MI","02","HOLLAND","MI","49423","2020","19-JUL-19","2019","201907199151465873"
"S0TX00266","WEST, ROYCE","Democratic Party","DEM","Senate","S","Texas","TX","00","DALLAS","TX","75222","2020","19-JUL-19","2019","201907199151472089"
"H0FL21060","SCANLAN, AARON","Republican Party","REP","House","H","Florida","FL","21","BOYNTON BEACH","FL","33435","2019","19-JUL-19","2019","201907199151477330"
"S0AL00313","PARRISH, MICHAEL","Unaffiliated","UN","Senate","S","Alabama","AL","00","ONEONTA","AL","35121","2020","19-JUL-19","2019","201907199151565771"
"H0PA01317","MEEHAN, ANDREW","Republican Party","REP","House","H","Pennsylvania","PA","01","SOUTHAMPTON","PA","18966","2020","19-JUL-19","2019","201907199151479260"
"H0NY17182","BUCHANAN, JARRED MR.","Republican Party","REP","House","H","New York","NY","17","CARMEL","NY","10512","2020","19-JUL-19","2019","201907199151481837"
"H0NY14288","SOLANO, REY MR.","Republican Party","REP","House","H","New York","NY","14","YORKTOWN HEIGHTS","NY","10598","2020","19-JUL-19","2019","201907199151529293"
"H2NV04029","SCHWARTZ, DANIEL MARK","Republican Party","REP","House","H","Nevada","NV","03","LAS VEGAS","NV","89106","2020","19-JUL-19","2019","201907119150559026"
"H0NJ10208","MAZO, EUGENE DAVID","Democratic Party","DEM","House","H","New Jersey","NJ","10","NEWARK","NJ","07104","2020","19-JUL-19","2019","201907199151564349"
"H8MN06096","TODD, IAN ANDREW","Democratic-Farmer-Labor","DFL","House","H","Minnesota","MN","06","ANOKA","MN","55303","2020","19-JUL-19","2019","201907199151477383"
"S0TX00258","EDWARDS, AMANDA","Democratic Party","DEM","Senate","S","Texas","TX","00","HOUSTON","TX","77266","2020","18-JUL-19","2019","201907189151413965"
"H0IL06060","IVES, JEANNE","Republican Party","REP","House","H","Illinois","IL","06","WHEATON","IL","60189","2020","18-JUL-19","2019","201907189151427863"
"S0KY00347","FRANGEDAKIS, PAUL DR.","Republican Party","REP","Senate","S","Kentucky","KY","00","LEXINGTON","KY","40515","2020","18-JUL-19","2019","201907189151454936"
"H0CA36169","GLICK, JESSE FALLON MR.","Republican Party","REP","House","H","California","CA","36","PALM DESERT","CA","92260","2020","18-JUL-19","2019","201907189151452195"
"S0KY00339","MCGRATH, AMY","Democratic Party","DEM","Senate","S","Kentucky","KY","00","GEORGETOWN","KY","40324","2020","18-JUL-19","2019","201907189151452239"
"P00012856","KOSTREBA, SYDIA","American Independent Party","AIP","President","P","United States","00","00","LEESBURG","FL","34748","2020","18-JUL-19","2019","201907189151430160"
"H0UT02260","LIVINGSTON, LARRY","Democratic Party","DEM","House","H","Utah","UT","02","BOUNTIFUL","UT","84010","2020","17-JUL-19","2019","201907179151413600"
"H0WI08125","STUCK, AMANDA","Democratic Party","DEM","House","H","Wisconsin","WI","08","APPLETON","WI","54912","2020","17-JUL-19","2019","201907179151413740"
"H0CA47141","WEST, AMY P","Republican Party","REP","House","H","California","CA","47","WESTMINSTER","CA","92633","2020","17-JUL-19","2019","201907179151400153"
"P00012849","BECKMAN, DALE ARTHUR JR.","Independent","IND","President","P","United States","00","00","ROCKFORD","IL","61102","2020","17-JUL-19","2019","201907179151398639"
"P00012831","ZAJAC, ALEC","Independent","IND","President","P","New York","NY","00","ROCHESTER","NY","14627","2020","17-JUL-19","2019","201907179151385486"
"H8AZ01237","SHEDD, TIFFANY","Republican Party","REP","House","H","Arizona","AZ","01","CASA GRANDE","AZ","85122","2020","17-JUL-19","2019","201907179151395635"
"S0WY00145","DOTSON, PATRICK JOHN","Republican Party","REP","Senate","S","Wyoming","WY","00","CHEYENNE","WY","82009","2020","17-JUL-19","2019","201907179151395701"
"H0IL11102","VENTURA, RACHEL F","Democratic Party","DEM","House","H","Illinois","IL","11","JOLIET","IL","60435","2020","17-JUL-19","2019","201907179151400495"
"H0NV04056","SUTTON, LISA SONG","Republican Party","REP","House","H","Nevada","NV","04","LAS VEGAS","NV","89135","2020","16-JUL-19","2019","201907169151362545"
"H0SC01410","NORRIS, PHILLIP DWIGHT","Republican Party","REP","House","H","South Carolina","SC","01","SUMMERVILLE","SC","29486","2020","16-JUL-19","2019","201907169151363337"
"H2CA20094","VALADAO, DAVID","Republican Party","REP","House","H","California","CA","21","FRESNO","CA","93704","2020","16-JUL-19","2019","201907169151363820"
"S0KS00265","TILLMAN, ROBERT LEON","Democratic Party","DEM","Senate","S","Kansas","KS","00","WICHITA","KS","67220","2020","16-JUL-19","2019","201907160300284845"
"P60015419","KOPITKE, KYLE KENLEY","Independent","IND","President","P","United States","00","00","FLINT","MI","48503","2020","16-JUL-19","2019","201907169151364616"
"P00012823","KA'ANA'ANA, CARMEN KU'ULEIALOHA PRINCESS","Independent","IND","President","P","United States","00","00","PAHOA","HI","96778","2020","16-JUL-19","2019","201907169151366548"
"S0NC00335","BRAY, SHANNON","Libertarian Party","LIB","Senate","S","North Carolina","NC","00","APEX","NC","27539","2020","16-JUL-19","2019","201907169151385398"
"H0FL13141","BECKER, MATT","Republican Party","REP","House","H","Florida","FL","13","CLEARWATER","FL","33758","2020","16-JUL-19","2019","201907169151363839"
"H0NJ04136","KASZUBA, TIFFANY LYNN","Democratic Party","DEM","House","H","New Jersey","NJ","04","HOWELL","NJ","07731","2020","15-JUL-19","2019","201907159151002768"
"H0NY03075","D'ARRIGO, MELANIE","Democratic Party","DEM","House","H","New York","NY","03","PORT WASHINGTON","NY","11050","2020","15-JUL-19","2019","201907159151141058"
"H0MN04189","EKBOM, TRAVIS JAMES","Republican Party","REP","House","H","Minnesota","MN","04","SAINT PAUL","MN","55104","2020","15-JUL-19","2019","201907150300284200"
"P00012815","VESTERMARK, JAMES A","Republican Party","REP","President","P","United States","00","00","JAMESTOWN","NC","27282","2020","15-JUL-19","2019","201907150300284494"
"P00012807","HILLIKER, OSCAR BERT","Independence Party","IDP","President","P","United States","00","00","ODEN","MI","49764","2020","15-JUL-19","2019","201907159150603482"
"S0GA00401","RIGGS AMICO, SARAH","Democratic Party","DEM","Senate","S","Georgia","GA","00","MARIETTA","GA","30066","2020","15-JUL-19","2019","201907159150868205"
"H0MA06122","MIXON, MATTHEW","No Party Affiliation","NPA","House","H","Massachusetts","MA","06","BILLERICA","MA","01821","2020","15-JUL-19","2019","201907159150613738"
"H0CA50137","EDICK, DAVID DANIEL JR","None","NNE","House","H","California","CA","50","EL CAJON","CA","92019","2020","15-JUL-19","2019","201907159150621944"
"H0TX22179","REED, DERRICK","Democratic Party","DEM","House","H","Texas","TX","22","PEARLAND","TX","77584","2020","15-JUL-19","2019","201907159150709172"
"H0GA10251","ELROD, CLYDE","Democratic Party","DEM","House","H","Georgia","GA","10","BRASELTON","GA","30517","2020","15-JUL-19","2019","201907159150812648"
"S0ME00129","TREACY, JONATHAN","Democratic Party","DEM","Senate","S","Maine","ME","00","OXFORD","ME","04270","2020","15-JUL-19","2019","201907159150820788"
"H0MI03324","LANGLOIS, JOEL JOHN","Republican Party","REP","House","H","Michigan","MI","03","GRAND RAPIDS","MI","49544","2020","15-JUL-19","2019","201907159150611472"
"H0CA34123","PITTMAN, SHANNEL MS","Green Party","GRE","House","H","California","CA","34","LOS ANGELES","CA","90063","2020","14-JUL-19","2019","201907149150592259"
"H0MO04227","ARVIDSON, ERICH","Democratic Party","DEM","House","H","Missouri","MO","04","BOONVILLE","MO","65233","2020","14-JUL-19","2019","201907149150601489"
"P00012799","BELLAR, BARBARA RUTH DR.","Republican Party","REP","President","P","United States","00","00","BURR RIDGE","IL","60181","2020","14-JUL-19","2019","201907149150601550"
"S0VA00112","MINA, ALDOUS K","Independent","IND","Senate","S","Virginia","VA","00","NORFOLK","VA","23505","2019","13-JUL-19","2019","201907139150586215"
"H0CA06154","SALEH, KIE'MARR A LORD","Communist Party","COM","House","H","California","CA","06","ELK GROVE","CA","95835","2020","13-JUL-19","2019","201907139150586216"
"H0CA52059","RAMOS, FAMELA SALDANA","Republican Party","REP","House","H","California","CA","52","CHULA VISTA","CA","91915","2020","13-JUL-19","2019","201907139150587919"
"H0NY14270","MURRAY, SCHERIE","Republican Party","REP","House","H","New York","NY","14","JACKSON HEIGHTS","NY","11372","2020","13-JUL-19","2019","201907139150587836"
"H0CA46077","WATERS, JAMES STEVENS","Republican Party","REP","House","H","California","CA","46","ANAHEIM","CA","92814","2020","13-JUL-19","2019","201907139150587677"
"P20003349","JORDAN, ROBERT","Democratic Party","DEM","President","P","United States","00","00","GARDEN GROVE","CA","92843","2020","12-JUL-19","2019","201907120300283371"
"H0CO03132","VALDEZ, DONALD","Democratic Party","DEM","House","H","Colorado","CO","03","LA JARA","CO","81140","2020","12-JUL-19","2019","201907129150572314"
"H0NY22083","CORNWELL, STEPHEN","Republican Party","REP","House","H","New York","NY","22","ENDICOTT","NY","13760","2020","12-JUL-19","2019","201907129150575137"
"S0VA00120","WILLIAMS, VICTOR KEITH","Republican Party","REP","Senate","S","Virginia","VA","00","ARLINGTON","VA","22201","2020","12-JUL-19","2019","201907150300283911"
"H0CA30154","COLLIN, SUSAN","Independent","IND","House","H","California","CA","30","SHERMAN OAKS","CA","91423","2020","12-JUL-19","2019","201907129150584641"
"H0IL15095","HURSEY, JOHN WESLEY JR","Democratic Party","DEM","House","H","Illinois","IL","15","COLLINSVILLE","IL","66234","2020","12-JUL-19","2019","201907129150586078"
"H6GA07163","MALIK, RASHID A","Democratic Party","DEM","House","H","Georgia","GA","07","LAWRENCEVILLE","GA","30045","2020","12-JUL-19","2019","201907129150586104"
"H0NY06078","GAGARIN, MELQUIADES MR.","Democratic Party","DEM","House","H","New York","NY","06","KEW GARDENS","NY","11415","2020","12-JUL-19","2019","201907129150576879"
"P00012765","LO, ERLYNDON","Democratic Party","DEM","President","P","United States","00","00","DALLAS","TX","75023","2020","11-JUL-19","2019","201907119150548834"
"H0IN05219","HALE, CHRISTINA","Democratic Party","DEM","House","H","Indiana","IN","05","INDIANAPOLIS","IN","46240","2020","11-JUL-19","2019","201907119150549449"
"H8MD03165","ANTHONY, CHARLES","Republican Party","REP","House","H","Maryland","MD","03","SILVER SPRING","MD","20901","2020","11-JUL-19","2019","201907119150550548"
"H0FL23082","PERELMAN, JENNIFER PILCHICK","Democratic Party","DEM","House","H","Florida","FL","23","DAVIE","FL","33328","2020","11-JUL-19","2019","201907119150563991"
"H8IN02177","HACKETT, MARY PATRICIA","Democratic Party","DEM","House","H","Indiana","IN","02","SOUTH BEND","IN","46601","2020","11-JUL-19","2019","201907119150551263"
"H0MD02214","FAZENBAKER, TIMOTHY","Republican Party","REP","House","H","Maryland","MD","02","SPARROWS POINT","MD","21219","2020","11-JUL-19","2019","201907119150559013"
"S0MT00108","MUES, JOHN","Democratic Party","DEM","Senate","S","Montana","MT","00","HELENA","MT","59601","2020","11-JUL-19","2019","201907119150561304"
"P00012773","CHURILLA, JASON EDWARD","Democratic Party","DEM","President","P","Illinois","IL","00","JOLIET","IL","60433","2020","11-JUL-19","2019","201907119150551113"
"H0CA16138","SORIA, ESMERALDA","Democratic Party","DEM","House","H","California","CA","16","SACRAMENTO","CA","95815","2020","10-JUL-19","2019","201907110300283193"
"H0TX06099","DANIEL, STEPHEN","Democratic Party","DEM","House","H","Texas","TX","06","MAYPEARL","TX","76064","2020","10-JUL-19","2019","201907109150547109"
"P00012740","HILL, JEDIDIAH","Libertarian Party","LIB","President","P","United States","00","00","BEREA","OH","44017","2020","10-JUL-19","2019","201907109150534104"
"P00012757","NETTLETON, FREDERICK CAMIGLA MR SENIOR","Democratic Party","DEM","President","P","United States","00","00","WALLA WALLA","WA","99362","2020","10-JUL-19","2019","201907109150534519"
"H0CA44163","NETTLES, AARON","Democratic Party","DEM","House","H","California","CA","44","SAN PEDRO","CA","90731","2020","10-JUL-19","2019","201907109150546999"
"H0TX26154","WYMAN, JACK","Republican Party","REP","House","H","Texas","TX","26","HIGHLAND VILLAGE","TX","75077","2020","10-JUL-19","2019","201907109150541055"
"H0FL12184","KNEZEVICH, MICHAEL STEVEN","No Party Affiliation","NPA","House","H","Florida","FL","12","SPRING HILL","FL","34610","2020","10-JUL-19","2019","201907109150546616"
"H0OH04085","SITES, JEFFREY ALAN","Democratic Party","DEM","House","H","Ohio","OH","04","LIMA","OH","45801","2020","10-JUL-19","2019","201907109150546684"
"H0VA05137","DAUGHERTY, KIMBERLY MARIE","Democratic Party","DEM","House","H","Virginia","VA","05","WARRENTON","VA","20186","2020","10-JUL-19","2019","201907109150534734"
"P00012682","DEVINE, BOB","Independent","IND","President","P","United States","00","00","FOND DU LAC","WI","54935","2020","09-JUL-19","2019","201907099150524302"
"P00012690","PORTER, CRYSTAL DENISE","Unaffiliated","UN","President","P","United States","00","00","WICHITA","KS","67211","2020","09-JUL-19","2019","201907090300282307"
"H0NY01186","GOROFF, NANCY","Democratic Party","DEM","House","H","New York","NY","01","EAST SETAUKET","NY","11733","2020","09-JUL-19","2019","201907099150525164"
"H0NJ07279","BECCHI, ROSEMARY","Republican Party","REP","House","H","New Jersey","NJ","07","MILLBURN","NJ","07041","2020","09-JUL-19","2019","201907099150525297"
"H0IL14189","REZIN, SUE","Republican Party","REP","House","H","Illinois","IL","14","MORRIS","IL","60450","2020","09-JUL-19","2019","201907099150526051"
"P00012716","STEYER, TOM","Democratic Party","DEM","President","P","United States","00","00","SAN FRANCISCO","CA","94104","2020","09-JUL-19","2019","201907099150526182"
"H0OH01099","SCHRODER, KATE","Democratic Party","DEM","House","H","Ohio","OH","01","CINCINNATI","OH","45201","2020","09-JUL-19","2019","201907099150527284"
"P00012724","QUIROZ, SALVADOR A","NIC","NIC","President","P","United States","00","00","YUMA","AZ","85364","2020","09-JUL-19","2019","201907099150527589"
"H0KS02170","HODGSON, ABBIE","Democratic Party","DEM","House","H","Kansas","KS","02","LAWRENCE","KS","66044","2020","09-JUL-19","2019","201907099150527768"
"H0MN05178","JOHNSON, LACY","Republican Party","REP","House","H","Minnesota","MN","05","MINNEAPOLIS","MN","55411","2020","09-JUL-19","2019","201907099150528894"
"H0TX07196","NOTEWARE, JAMES","Republican Party","REP","House","H","Texas","TX","07","HOUSTON","TX","77056","2020","09-JUL-19","2019","201907099150529167"
"H0MA02113","MILLER, SUMMER RAE","Democratic Party","DEM","House","H","Massachusetts","MA","02","NORTHAMPTON","MA","01060","2020","09-JUL-19","2019","201907099150529621"
"P00012732","ABRAMSON, MAX","Libertarian Party","LIB","President","P","United States","00","00","SEABROOK","NH","03874","2020","09-JUL-19","2019","201907099150533772"
"P00012708","KAWCZYNSKI, TOM","Republican Party","REP","President","P","United States","00","00","GREENVILLE JCT","ME","044420298","2020","09-JUL-19","2019","201907090300282335"
"S0KY00321","BROIHIER, MICHAEL GEORGE","Democratic Party","DEM","Senate","S","Kentucky","KY","00","STANFORD","KY","40484","2020","09-JUL-19","2019","201907099150524314"
"H0TX31113","BRAVO, JEREMY JOHN","Democratic Party","DEM","House","H","Texas","TX","31","CEDAR PARK","TX","78630","2020","08-JUL-19","2019","201907089150523424"
"H8AZ09016","BARONESS VON BEHR, IRINA","Independent","IND","House","H","Arizona","AZ","09","TEMPE","AZ","85284","2020","08-JUL-19","2019","201907089150451888"
"P00012658","PETER, JOSHUA THOMAS MR.","Democratic Party","DEM","President","P","United States","00","00","AMES","IA","50010","2019","08-JUL-19","2019","201907089150452021"
"S0KS00257","KOBACH, CHRIS","Republican Party","REP","Senate","S","Kansas","KS","00","LOUISBURG","KS","66053","2020","08-JUL-19","2019","201907089150452150"
"H0MI03316","SCHOLTEN, HILLARY","Democratic Party","DEM","House","H","Michigan","MI","03","GRAND RAPIDS","MI","49506","2020","08-JUL-19","2019","201907089150453330"
"S0VA00104","TAYLOR, SCOTT W.","Republican Party","REP","Senate","S","Virginia","VA","00","VIRGINIA BEACH","VA","23455","2020","08-JUL-19","2019","201907089150454346"
"H0IA02164","SCHILLING, ROBERT TODD","Republican Party","REP","House","H","Iowa","IA","02","LE CLAIRE","IA","52753","2020","08-JUL-19","2019","201907089150456793"
"H8WA03198","LONG, CAROLYN N.","Democratic Party","DEM","House","H","Washington","WA","03","VANCOUVER","WA","98682","2020","08-JUL-19","2019","201907089150454745"
"H0SC01402","COX, CHRIS","Republican Party","REP","House","H","South Carolina","SC","01","MT PLEASANT","SC","29465","2020","08-JUL-19","2019","201907089150454871"
"S0CO00559","WILLIAMS, ANGELA","Democratic Party","DEM","Senate","S","Colorado","CO","00","DENVER","CO","80238","2020","08-JUL-19","2019","201907089150454932"
"P00012674","LYNCH, LORRAINE F.","Reform Party","REF","President","P","United States","00","00","ARLINGTON","TX","76016","2020","08-JUL-19","2019","201907089150455157"
"H0CA28182","EARLY, ERIC","Republican Party","REP","House","H","California","CA","28","LOS ANGELES","CA","90048","2020","08-JUL-19","2019","201907089150456388"
"H0TX36013","BOATMAN, R J","Republican Party","REP","House","H","Texas","TX","36","HOUSTON","TX","77058","2020","08-JUL-19","2019","201907089150456736"
"H0CA40120","FELIX, ANTHONY DR. JR.","Democratic Party","DEM","House","H","California","CA","40","DOWNEY","CA","90242","2020","08-JUL-19","2019","201907089150454732"
"P00012641","KAUFER, JACOB","Other","OTH","President","P","United States","00","00","OJAI","CA","93023","2020","07-JUL-19","2019","201907079150450960"
"S0NC00202","CUNNINGHAM, CAL","Democratic Party","DEM","Senate","S","North Carolina","NC","00","RALEIGH","NC","27601","2020","07-JUL-19","2019","201907079150451152"
"H0IL09098","TARNASIEWICZ-HELDUT, ANDREW","Democratic Party","DEM","House","H","Illinois","IL","09","CHICAGO","IL","60640","2020","07-JUL-19","2019","201907079150451139"
"S0VA00096","ADKINS, GARY GENE","Republican Party","REP","Senate","S","Virginia","VA","00","FREDERICKSBURG","VA","22405","2020","06-JUL-19","2019","201907069150450666"
"H8NY25113","WILT, ROBIN","Democratic Party","DEM","House","H","New York","NY","25","ROCHESTER","NY","14610","2020","05-JUL-19","2019","201907080300281898"
"H0PA01309","WACHSPRESS, DEBBIE","Democratic Party","DEM","House","H","Pennsylvania","PA","01","YARDLEY","PA","19067","2020","05-JUL-19","2019","201907059150449124"
"P00012633","KLESKI, PHILLIP BRYAN","Democratic Party","DEM","President","P","United States","00","00","POMONA","CA","91766","2019","05-JUL-19","2019","201907059150450373"
"H0NY06060","CHOI, SANDRA","Democratic Party","DEM","House","H","New York","NY","06","FLUSHING","NY","11354","2020","05-JUL-19","2019","201907059150450025"
"H0MA06114","PETERSON, LISA","Democratic Party","DEM","House","H","Massachusetts","MA","06","SALEM","MA","01970","2020","05-JUL-19","2019","201907059150450034"
"H0NY17174","JONES, MONDAIRE","Democratic Party","DEM","House","H","New York","NY","17","NYACK","NY","10960","2020","05-JUL-19","2019","201907059150449503"
"H0FL09115","CASTILLO, JOSE ALFREDO","Republican Party","REP","House","H","Florida","FL","09","KISSIMMEE","FL","34747","2020","04-JUL-19","2019","201907049150448690"
"S0IA00184","HERZOG, SUZANNE","Independent","IND","Senate","S","Iowa","IA","00","WEST DES MOINES","IA","50266","2020","04-JUL-19","2019","201907049150448712"
"H0NY18172","FARLEY, CHELE CHIAVACCI","Republican Party","REP","House","H","New York","NY","18","TUXEDO","NY","10987","2020","04-JUL-19","2019","201907049150448702"
"H0AR02198","REDMOND, RAYMOND DALLAS JR.","Democratic Party","DEM","House","H","Arkansas","AR","02","RISON","AR","71665","2020","04-JUL-19","2019","201907049150448691"
"P00012625","SUNDERBRUCH, NICHOLAS T","Communist Party","COM","President","P","United States","00","00","AVON PARK","FL","33825","2020","03-JUL-19","2019","201907039150446405"
"S0KS00240","LINDSTROM, DAVID ALAN","Republican Party","REP","Senate","S","Kansas","KS","00","MANHATTAN","KS","66502","2020","03-JUL-19","2019","201907039150446426"
"H0MI03290","AFENDOULIS, LYNN","Republican Party","REP","House","H","Michigan","MI","03","GRAND RAPIDS","MI","49515","2020","03-JUL-19","2019","201907039150446511"
"H0AL01105","GARDNER, KIANI A","Democratic Party","DEM","House","H","Alabama","AL","01","DAPHNE","AL","36526","2020","03-JUL-19","2019","201907039150447128"
"H0MI03308","MEIJER, PETER MR.","Republican Party","REP","House","H","Michigan","MI","03","GRAND RAPIDS","MI","49516","2020","03-JUL-19","2019","201907039150447575"
"H0MI12150","CARBONARO, ANTHONY M","Democratic Party","DEM","House","H","Michigan","MI","12","ALLEN PARK","MI","48101","2020","03-JUL-19","2019","201907039150448392"
"S0NH00318","O'BRIEN, WILLIAM LAWRENCE","Republican Party","REP","Senate","S","New Hampshire","NH","00","PITTSFIELD","NH","03263","2020","03-JUL-19","2019","201907039150448075"
"S0NH00326","BOLDUC, DONALD C.","Republican Party","REP","Senate","S","New Hampshire","NH","00","STRATHAM","NH","03885","2020","03-JUL-19","2019","201907039150448270"
"H0MT01080","JOHNSON, TIMOTHY ALAN","Republican Party","REP","House","H","Montana","MT","00","CORVALLIS","MT","59828","2020","03-JUL-19","2019","201907039150448308"
"H0NJ05190","GHASSALI, MIKE","Republican Party","REP","House","H","New Jersey","NJ","05","MONTVALE","NJ","07645","2020","03-JUL-19","2019","201907039150448369"
"H0OH15131","KILGORE, DANIEL MCARTHUR MR.","Democratic Party","DEM","House","H","Ohio","OH","15","COLUMBUS","OH","43213","2020","03-JUL-19","2019","201907039150447987"
"P00012591","KNOLL, DAVID","Republican Party","REP","President","P","United States","00","00","SACRAMENTO","CA","95824","2020","02-JUL-19","2019","201907020300281226"
"H0WA06073","TIRMAN, MATTHEW","Democratic Party","DEM","House","H","Washington","WA","06","BAINBRIDGE ISLAND","WA","98110","2020","02-JUL-19","2019","201907029150442355"
"H0CA47133","MOUA, SOU","Republican Party","REP","House","H","California","CA","47","STANTON","CA","90680","2020","02-JUL-19","2019","201907029150442369"
"H0NY26068","EGRIU, EMIN EDDIE MR.","Democratic Party","DEM","House","H","New York","NY","26","BUFFALO","NY","14209","2020","02-JUL-19","2019","201907029150443024"
"H0NM03169","BROWN, AUDRA LEE","Republican Party","REP","House","H","New Mexico","NM","03","PORTALES","NM","88130","2020","02-JUL-19","2019","201907029150444884"
"H0NY16150","RAVELO, SAMUEL","Democratic Party","DEM","House","H","New York","NY","16","NEW ROCHELLE","NY","10804","2019","02-JUL-19","2019","201907029150444125"
"H0CA50129","ABED, SAM","Republican Party","REP","House","H","California","CA","50","ESCONDIDO","CA","92029","2020","02-JUL-19","2019","201907029150444491"
"P00012617","SHELLY, PAUL M MR. JR","Independent","IND","President","P","United States","00","00","MCKEESPORT","PA","15132","2020","02-JUL-19","2019","201907029150444708"
"S0AK00196","GROSS, AL DR.","Independent","IND","Senate","S","Alaska","AK","00","ANCHORAGE","AK","99509","2020","02-JUL-19","2019","201907029150443917"
"H0NC04188","JUDSON, MARK","Democratic Party","DEM","House","H","North Carolina","NC","04","GARNER","NC","27529","2020","01-JUL-19","2019","201907019150441955"
"H0UT04019","ANDERSON, KATHLEEN","Republican Party","REP","House","H","Utah","UT","04","SALT LAKE CITY ","UT","84111","2020","01-JUL-19","2019","201907030300281344"
"H0OH01081","FOSTER, NIKKI","Democratic Party","DEM","House","H","Ohio","OH","01","MASON","OH","45040","2020","01-JUL-19","2019","201907019150436549"
"P00012567","SESTAK, JOSEPH A JR","Democratic Party","DEM","President","P","United States","00","00","ALEXANDRIA","VA","22302","2020","01-JUL-19","2019","201907019150436572"
"P00012609","WALKER, FRAN","Republican Party","REP","President","P","United States","00","00","SALISBURY","NC","28147","2020","01-JUL-19","2019","201907020300281250"
"H0TX31105","HANKE, ERIC","Democratic Party","DEM","House","H","Texas","TX","31","LIBERTY HILL","TX","78642","2020","01-JUL-19","2019","201907019150436582"
"H0NM03151","MONTOYA, LAURA","Democratic Party","DEM","House","H","New Mexico","NM","03","RIO RANCHO","NM","87144","2020","01-JUL-19","2019","201907019150436593"
"H0IL07175","SCHANBACHER, KRISTINE","Democratic Party","DEM","House","H","Illinois","IL","07","CHICAGO","IL","60611","2020","01-JUL-19","2019","201907019150436645"
"H0MT00116","RAINS, MATTHEW","Democratic Party","DEM","House","H","Montana","MT","00","GREAT FALLS","MT","59403","2020","01-JUL-19","2019","201907019150436723"
"H0PA10110","DEPASQUALE, EUGENE","Democratic Party","DEM","House","H","Pennsylvania","PA","10","YORK","PA","17405","2020","01-JUL-19","2019","201907019150436773"
"H8VA11070","DOVE, JEFFERY ANTHONY MR. JR.","Republican Party","REP","House","H","Virginia","VA","10","WOODBRIDGE","VA","22191","2020","01-JUL-19","2019","201907019150436965"
"H0AZ02232","STAUTZ, SHAY","Republican Party","REP","House","H","Arizona","AZ","02","TUCSON","AZ","85711","2020","01-JUL-19","2019","201907019150437195"
"S0VA00088","SPECIALE, THOMAS A II","Republican Party","REP","Senate","S","Virginia","VA","00","WOODBRIDGE","VA","22192","2020","01-JUL-19","2019","201907019150437380"
"H0IN03222","MAGIERA, CHRIS","Republican Party","REP","House","H","Indiana","IN","03","WARSAW","IN","46580","2020","01-JUL-19","2019","201907019150437383"
"H0OH03103","HARPER, MORGAN","Democratic Party","DEM","House","H","Ohio","OH","03","COLUMBUS","OH","43215","2020","01-JUL-19","2019","201907019150437384"
"H0CA07137","PATTERSON, ROBERT BUZZ","Republican Party","REP","House","H","California","CA","07","LONG BEACH","CA","90802","2020","01-JUL-19","2019","201907019150437617"
"H0SC04281","NELSON, KIMBERLY","Democratic Party","DEM","House","H","South Carolina","SC","04","GREER","SC","29650","2020","01-JUL-19","2019","201907019150437681"
"H0CT05200","SULLIVAN, DAVID XAVIER","Republican Party","REP","House","H","Connecticut","CT","05","NEW FAIRFIELD","CT","06790","2020","01-JUL-19","2019","201907019150437717"
"H0CA16120","COOKINGHAM, KEVIN","Republican Party","REP","House","H","California","CA","16","CLOVIS","CA","93619","2020","01-JUL-19","2019","201907019150438029"
"H0CO06101","STOCKHAM, CASPER WESLEY","Republican Party","REP","House","H","Colorado","CO","06","AURORA","CO","80016","2020","01-JUL-19","2019","201907019150438197"
"H0PA01291","REISS, JUDI MS.","Democratic Party","DEM","House","H","Pennsylvania","PA","01","YARDLEY","PA","19067","2020","01-JUL-19","2019","201907019150438203"
"P00012575","OTTINGER, KEITH","Republican Party","REP","President","P","North Carolina","NC","00","WILMINGTON","NC","28409","2020","01-JUL-19","2019","201907019150438230"
"P00012583","INGRAM, SONIA SUSANNE","Republican Party","REP","President","P","United States","00","00","MARYSVILLE","WA","98270","2020","01-JUL-19","2019","201907019150441947"
"S0KS00232","GRISSOM, BARRY","Democratic Party","DEM","Senate","S","Kansas","KS","00","MISSION","KS","66202","2020","01-JUL-19","2019","201907019150442037"
"H0NY01178","GOKHSHTEIN, DAVID E","Write-In","W","House","H","New York","NY","01","BROOKLYN","NY","11229","2019","30-JUN-19","2019","201906309150436318"
"S0AL00305","ROMAGNANO, CHASE ANDERSON ANDY REV.","Republican Party","REP","Senate","S","Alabama","AL","00","MOBILE","AL","36652","2020","30-JUN-19","2019","201906309150436400"
"H0MA06106","MULCAHY, D.NATHANIEL","Democratic Party","DEM","House","H","Massachusetts","MA","06","ROCKPORT","MA","01966","2020","30-JUN-19","2019","201906309150436483"
"H0FL09107","SMITH, HENDRITH VANLON JR","Republican Party","REP","House","H","Florida","FL","09","KISSIMMEE","FL","34741","2020","30-JUN-19","2019","201906309150436454"
"H0GA13115","OWENS, MICHAEL DR","Democratic Party","DEM","House","H","Georgia","GA","13","MABLETON","GA","30126","2020","30-JUN-19","2019","201906309150436453"
"P00012542","DEVAUGHN, CAD","Independent American Party","IAP","President","P","United States","00","00","CASTAIC","CA","91384","2020","28-JUN-19","2019","201906289150360798"
"H0TX03104","ROBERTSON, AL DEAN","Democratic Party","DEM","House","H","Texas","TX","03","PLANO","TX","75023","2020","28-JUN-19","2019","201906289150361379"
"S0KS00224","BOYDA, NANCY E","Democratic Party","DEM","Senate","S","Kansas","KS","00","BALDWIN CITY","KS","66006","2020","28-JUN-19","2019","201906289150361374"
"H0MI00031","PATTERSON, STEPHEN MICHAEL","Independent","IND","House","H","Michigan","MI","00","INKSTER","MI","48141","2020","28-JUN-19","2019","201906289150360768"
"H0TX25123","JOHNSON, CHRISTIAN ALEXANDER","Democratic Party","DEM","House","H","Texas","TX","25","LAKEWAY","TX","78734","2019","28-JUN-19","2019","201906289150360741"
"P00012559","STERNBER, KENNETH EARL MR.","None","NNE","President","P","United States","00","00","MAULDIN","SC","29662","2019","28-JUN-19","2019","201906289150361381"
"S0VA00070","BALDWIN, ALISSA","Republican Party","REP","Senate","S","Virginia","VA","00","VICTORIA","VA","23974","2020","28-JUN-19","2019","201906289150435071"
"H0KY05148","HIBBITTS, WILLIAM ROBERT","Independent","IND","House","H","Kentucky","KY","05","LONDON","KY","40741","2020","28-JUN-19","2019","201906289150435073"
"H0CA28174","GIRL, MAEBE A.","Democratic Party","DEM","House","H","California","CA","28","TOLUCA LAKE","CA","91610","2020","28-JUN-19","2019","201906289150435582"
"P00012526","GARVEY, JOSEPH H. MR.","Democratic Party","DEM","President","P","United States","00","00","OMAHA","NE","68131","2020","27-JUN-19","2019","201906279150358954"
"H0VA02159","MOTA, JOSEPH MACK","Democratic Party","DEM","House","H","Virginia","VA","02","CHESAPEAKE","VA","23321","2020","27-JUN-19","2019","201906279150356124"
"H0MO05190","WINTERS, ANTWAIN D. MR","New Progressive Party","NPP","House","H","Missouri","MO","05","KANSAS CITY","MO","64130","2020","27-JUN-19","2019","201906279150353511"
"H0CA40112","METZGER, ORION PAIGE","Democratic Party","DEM","House","H","California","CA","40","ARCADIA","CA","91007","2020","27-JUN-19","2019","201906279150360719"
"H0TX31097","IMAM, DONNA","Democratic Party","DEM","House","H","Texas","TX","31","CEDAR PARK","TX","78630","2020","27-JUN-19","2019","201906279150356412"
"S0AL00297","MOORE, ROY STEWART","Republican Party","REP","Senate","S","Alabama","AL","00","GALLANT","AL","35972","2020","27-JUN-19","2019","201906279150358972"
"H0NJ02148","PATTERSON, ROBERT","Republican Party","REP","House","H","New Jersey","NJ","02","ATCO","NJ","08004","2020","26-JUN-19","2019","201906269150351954"
"H4MS02068","THOMPSON, BENNIE G.","Democratic Party","DEM","House","H","Mississippi","MS","02","BOLTON","MS","390419634","2020","26-JUN-19","2019","201906269150351939"
"H0CA28158","HOLLIS, JON","Republican Party","REP","House","H","California","CA","28","LOS ANGELES","CA","90027","2020","26-JUN-19","2019","201906269150351934"
"P00012492","SUPREME, VERMIN LOVE","Libertarian Party","LIB","President","P","Maryland","MD","00","ROCKPORT","MA","01966","2020","26-JUN-19","2019","201906269150351902"
"P00012500","STENGEL, MARC LESLIE","Republican Party","REP","President","P","United States","00","00","OWINGS MILLS","MD","21117","2020","26-JUN-19","2019","201906269150352229"
"H4KY06163","YOUNG, GEOFFREY M","Democratic Party","DEM","House","H","Kentucky","KY","06","LEXINGTON","KY","40503","2020","26-JUN-19","2019","201906260300280976"
"H0NJ10190","FLORA, JOHN J","Democratic Party","DEM","House","H","New Jersey","NJ","10","JERSEY CITY","NJ","07305","2020","26-JUN-19","2019","201906269150352235"
"P00012518","NICKLAUS, PATRICIA A","Republican Party","REP","President","P","United States","00","00","SUNRISE BEACH","MO","65079","2020","26-JUN-19","2019","201906269150352414"
"P00012468","CARSWELL, SAMUEL ALEXANDER MR","Alaskan Independence Party","AKI","President","P","United States","00","00","RICHMOND","VA","23116","2020","25-JUN-19","2019","201906259150349658"
"H8SC05158","NORMAN, RALPH W. JR.","Republican Party","REP","House","H","South Carolina","SC","05","ROCK HILL","SC","29732","2020","25-JUN-19","2019","201906259150349873"
"P00012476","BUENROSTRO ORTIZ, JUAN MANUEL","Democratic Party","DEM","President","P","United States","00","00","MODESTO","CA","95350","2020","25-JUN-19","2019","201906250300280893"
"H4TX18054","LEE, SHEILA JACKSON","Democratic Party","DEM","House","H","Texas","TX","18","HOUSTON","TX","77004","2020","25-JUN-19","2019","201906259150349902"
"H8KY02031","GUTHRIE, S. BRETT HON.","Republican Party","REP","House","H","Kentucky","KY","02","BOWLING GREEN","KY","421031593","2020","25-JUN-19","2019","201906259150349979"
"H0SC01394","MACE, NANCY","Republican Party","REP","House","H","South Carolina","SC","01","CHARLESTON","SC","29492","2020","25-JUN-19","2019","201906259150350285"
"P00012484","HAZZARD, SHANNON M","Democratic Party","DEM","President","P","United States","00","00","NEW BRAUNFELS","TX","78130","2020","25-JUN-19","2019","201906259150350287"
"H0GA07315","TSENG, AMIDA JACQUELINE","Republican Party","REP","House","H","Georgia","GA","07","DULUTH","GA","30097","2020","24-JUN-19","2019","201906249150349634"
"H0TX21130","ELLIS, ALAN","Democratic Party","DEM","House","H","Texas","TX","21","SAN ANTONIO","TX","78247","2020","24-JUN-19","2019","201906249150349623"
"S0ME00111","GIDEON, SARA","Democratic Party","DEM","Senate","S","Maine","ME","00","SOUTH FREEPORT","ME","04078","2020","24-JUN-19","2019","201906249150345567"
"H0MA01073","CAIN, JOHN","Republican Party","REP","House","H","Massachusetts","MA","01","SOUTHWICK","MA","01077","2020","24-JUN-19","2019","201906249150347263"
"S0WV00223","RILEY, FRANKLIN BRUCE","Unknown","UNK","Senate","S","West Virginia","WV","00","TUNNELTON","WV","26444","2020","24-JUN-19","2019","201906240300280811"
"H0TX09184","WILLIAMS, MELISSA MECHELLE","Democratic Party","DEM","House","H","Texas","TX","09","PEARLAND","TX","77584","2020","23-JUN-19","2019","201906239150345190"
"H0IN05201","BECKWITH, MICAH","Republican Party","REP","House","H","Indiana","IN","05","NOBLESVILLE","IN","46061","2020","23-JUN-19","2019","201906239150345257"
"S0MN00302","HOLKER, ALEXANDRA MARIE","Democratic-Farmer-Labor","DFL","Senate","S","Minnesota","MN","00","ST. PAUL","MN","55119","2020","22-JUN-19","2019","201906229150345097"
"H0NY14262","BUTLER, JINEEA","Republican Party","REP","House","H","New York","NY","14","OSSINING","NY","10562","2020","21-JUN-19","2019","201906219150238690"
"H0FL07127","THIBODEAU, MIKE","Republican Party","REP","House","H","Florida","FL","07","ORLANDO","FL","32828","2020","21-JUN-19","2019","201906219150344782"
"P00012443","MOSELEY, WILLIAM JON MR","Independent","IND","President","P","Illinois","IL","00","STERLING","IL","61081","2020","21-JUN-19","2019","201906219150344848"
"H0MT00108","DOOLING, JOE","Republican Party","REP","House","H","Montana","MT","00","HELENA","MT","59602","2020","21-JUN-19","2019","201906240300280775"
"H0NJ06214","HSU, JOHN","Democratic Party","DEM","House","H","New Jersey","NJ","06","EDISON","NJ","08820","2020","21-JUN-19","2019","201906219150345046"
"H4MT01033","STAPLETON, COREY","Republican Party","REP","House","H","Montana","MT","00","BILLINGS","MT","591027904","2020","21-JUN-19","2019","201906240300280763"
"S0MA00174","MAYOCK, FREDERICK","Non-Party","NON","Senate","S","Massachusetts","MA","00","SPRINGFIELD","MA","01108","2020","20-JUN-19","2019","201906200300280666"
"H0MD06249","PANCHAL, PREETI JAYANT MISS","Democratic Party","DEM","House","H","Maryland","MD","06","FREDERICK","MD","21703","2020","20-JUN-19","2019","201906209150127082"
"H0AZ04519","STARKY, STUART","Democratic Party","DEM","House","H","Arizona","AZ","04","PHOENIX","AZ","85022","2020","20-JUN-19","2019","201906209150158232"
"H0CA12137","LORRAINE, DEANNA","Republican Party","REP","House","H","California","CA","12","SAN FRANCISCO","CA","94108","2020","20-JUN-19","2019","201906209150168415"
"S0WY00137","LUMMIS, CYNTHIA MARIE","Republican Party","REP","Senate","S","Wyoming","WY","00","CHEYENNE","WY","82001","2020","20-JUN-19","2019","201906209150181913"
"H4MT00050","ROSENDALE, MATT MR.","Republican Party","REP","House","H","Montana","MT","00","HELENA","MT","596044907","2020","19-JUN-19","2019","201906199150095247"
"H0MN05160","STELLA, DANIELLE","Republican Party","REP","House","H","Minnesota","MN","05","MINNEAPOLIS","MN","55410","2020","19-JUN-19","2019","201906199150123738"
"H0FL06103","CURTIS, CLINT","Democratic Party","DEM","House","H","Florida","FL","06","ORLANDO","FL","32807","2020","19-JUN-19","2019","201906199150121006"
"S0NC00327","MANSFIELD, ERIC","Democratic Party","DEM","Senate","S","North Carolina","NC","00","RALEIGH","NC","27605","2020","18-JUN-19","2019","201906189150075687"
"S0AL00289","MERRILL, JOHN H","Republican Party","REP","Senate","S","Alabama","AL","00","TUSCALOOSA","AL","35405","2020","18-JUN-19","2019","201906189150077599"
"P00012435","RUSSELL, CLINE 372867130504006 MR","Democratic Party","DEM","President","P","Texas","TX","00","IRVING","TX","75060","2020","18-JUN-19","2019","201906189150093937"
"P00012427","MCINNIS, CHARLETA","Democratic Party","DEM","President","P","United States","00","00","BERKLEY","MI","48072","2020","18-JUN-19","2019","201906189150089357"
"H0OH13193","HENNEN, DUANE","Republican Party","REP","House","H","Ohio","OH","13","WARREN","OH","44485","2020","18-JUN-19","2019","201906189150089405"
"H0MI03282","COLVIN, NICK","Democratic Party","DEM","House","H","Michigan","MI","03","GRAND RAPIDS","MI","49501","2020","18-JUN-19","2019","201906189150083928"
"H6FL13197","WALKER, KIMBERLY H MS","Democratic Party","DEM","House","H","Florida","FL","12","HUDSON","FL","34669","2020","17-JUN-19","2019","201906179150052854"
"H0IA01190","WHITE, DARREN D","Republican Party","REP","House","H","Iowa","IA","01","BELLEVUE","IA","52031","2020","17-JUN-19","2019","201906190300280631"
"H8IN05188","THORNTON, DIERDRE","Democratic Party","DEM","House","H","Indiana","IN","05","CARMEL","IN","46033","2020","17-JUN-19","2019","201906179150054548"
"H0IN05193","KIZIK, ELLEN (ELLE)","Write-In","W","House","H","Indiana","IN","05","FISHERS","IN","46038","2020","16-JUN-19","2019","201906169150043439"
"H0CA19215","ESTAVILLO, ERIK","Democratic Party","DEM","House","H","California","CA","19","SAN JOSE","CA","95127","2020","16-JUN-19","2019","201906169150038509"
"P00012419","CASSIBA, SAMUEL","Democratic Party","DEM","President","P","United States","00","00","VANCOUVER","WA","98682","2020","16-JUN-19","2019","201906169150043266"
"P00012393","COLLINS, NAZZARAE","Democratic Party","DEM","President","P","United States","00","00","ANNAPOLIS","MD","21401","2020","16-JUN-19","2019","201906169150043264"
"P00012401","MIN, ANGELA JA YUNG MS.","Republican Party","REP","President","P","United States","00","00","MANHASSET","NY","11030","2020","16-JUN-19","2019","201906169150043265"
"H0IA03212","HUSS, BRADLEY LAVERNE","Republican Party","REP","House","H","Iowa","IA","03","ANKENY","IA","50023","2020","16-JUN-19","2019","201906169150042677"
"H0TN47012","HUBBARD, STEVEN ERICH MR.","Democratic Party","DEM","House","H","Tennessee","TN","47","MCMINNVILLE","TN","37110","2020","15-JUN-19","2019","201906159150038284"
"H0TX16098","AGUERO, PEDRO ANTONIO JR JR.","Republican Party","REP","House","H","Texas","TX","16","EL PASO","TX","79902","2020","15-JUN-19","2019","201906159150038197"
"H0GA04122","HICKS, ANTONIO CORTEZ","Democratic Party","DEM","House","H","Georgia","GA","04","LOGANVILLE","GA","30052","2020","14-JUN-19","2019","201906149150036336"
"P00012369","DECLEMENTS, DANIEL","Republican Party","REP","President","P","United States","00","00","MESA","AZ","85212","2020","14-JUN-19","2019","201906149150027581"
"H0FL09107","SMITH, HENDRITH VANLON MR JR","Democratic Party","DEM","House","H","Florida","FL","09","KISSIMMEE","FL","34741","2019","14-JUN-19","2019","201906149150027884"
"S0ME00103","SWEET, BETSY","Democratic Party","DEM","Senate","S","Maine","ME","00","HALLOWELL","ME","04347","2020","14-JUN-19","2019","201906149150035412"
"H0KY04117","OWENSBY, ALEXANDRA DR.","Democratic Party","DEM","House","H","Kentucky","KY","04","FORT THOMAS","KY","41075","2020","14-JUN-19","2019","201906149150029617"
"P00012385","MADRIGAL DE PANCHO VILLA, RAY","Democratic Party","DEM","President","P","United States","00","00","CORPUS CHRISTI","TX","78411","2020","14-JUN-19","2019","201906149150034588"
"H0IN05185","NIEDERBERGER, DANIEL MR. JR.","Republican Party","REP","House","H","Indiana","IN","05","INDIANAPOLIS","IN","46240","2020","14-JUN-19","2019","201906149150034788"
"H0NY16143","BOWMAN, JAMAAL","Democratic Party","DEM","House","H","New York","NY","16","BRONXVILLE","NY","10708","2020","14-JUN-19","2019","201906149150027936"
"H8NY07053","DILLON, JAMES J.","Democratic Party","DEM","House","H","New York","NY","14","LONG ISLAND CITY","NY","11101","2020","13-JUN-19","2019","201906130300279919"
"P00012344","MILLER, CLARA SUE","Democratic Party","DEM","President","P","United States","00","00","BELLWOOD","IL","60104","2020","13-JUN-19","2019","201906130300280066"
"H0IL03117","FRICILONE, MIKE","Republican Party","REP","House","H","Illinois","IL","03","HOMER GLEN","IL","60491","2020","13-JUN-19","2019","201906139150023773"
"S0IL00527","TARTER, THOMAS","Republican Party","REP","Senate","S","Illinois","IL","00","SPRINGFIELD","IL","62711","2020","13-JUN-19","2019","201906139150026492"
"H0IA03204","SCHAFER, WILLIAM","Republican Party","REP","House","H","Iowa","IA","03","PROLE","IA","50229","2020","13-JUN-19","2019","201906139150024983"
"H0WY01010","HAFNER, CAROL","Democratic Party","DEM","House","H","Wyoming","WY","00","BOX ELDER","SD","57719","2020","13-JUN-19","2019","201906139150025850"
"H0TX28077","CISNEROS, JESSICA","Democratic Party","DEM","House","H","Texas","TX","28","LAREDO","TX","78045","2020","13-JUN-19","2019","201906139150023774"
"H0NY16135","GHEBREGHIORGIS, ANDOM A.","Democratic Party","DEM","House","H","New York","NY","16","MOUNT VERNON","NY","10550","2020","12-JUN-19","2019","201906129150020219"
"H0CA23167","MANGONE, KIM","Democratic Party","DEM","House","H","California","CA","23","LANCASTER","CA","93536","2020","12-JUN-19","2019","201906129150023468"
"S0WY00129","LUDWIG, YANA","Democratic Party","DEM","Senate","S","Wyoming","WY","00","LARAMIE","WY","82070","2020","12-JUN-19","2019","201906129150022258"
"H0AL01097","AVERHART, JAMES","Democratic Party","DEM","House","H","Alabama","AL","01","MOBILE","AL","36602","2020","12-JUN-19","2019","201906129150022244"
"H0AZ01259","GOSAR, PAUL DR.","Republican Party","REP","House","H","Arizona","AZ","04","PRESCOTT","AZ","86302","2020","11-JUN-19","2019","201906119150009931"
"H0NJ09184","BASARAN, ALPASLAN","Democratic Party","DEM","House","H","New Jersey","NJ","09","FORT LEE","NJ","07024","2020","11-JUN-19","2019","201906119150009942"
"P00012328","MALDONADO, MICHAEL A MR","None","NNE","President","P","California","CA","00","FONTANA","CA","92335","2020","11-JUN-19","2019","201906119150009962"
"H0SC01386","LANDING, KATHERINE DUBEAU","Republican Party","REP","House","H","South Carolina","SC","01","MOUNT PLEASANT","SC","29466","2020","11-JUN-19","2019","201906119150010937"
"P00012336","BASSETT, THOMAS","Other","OTH","President","P","Georgia","GA","00","ALPHARETTA","GA","30004","2020","11-JUN-19","2019","201906119150019450"
"S0WV00215","SWEARENGIN, PAULA JEAN","Democratic Party","DEM","Senate","S","West Virginia","WV","00","SOPHIA","WV","25921","2020","11-JUN-19","2019","201906119150011880"
"H0TX31089","HOLCOMB, MURRAY A","Democratic Party","DEM","House","H","Texas","TX","31","GEORGETOWN","TX","78628","2020","11-JUN-19","2019","201906119150017753"
"H0MD04145","BRYANT, SHELIA","Democratic Party","DEM","House","H","Maryland","MD","04","UPPER MARLBORO","MD","20774","2020","11-JUN-19","2019","201906119150019090"
"H0NY17166","OSORIA, LOLA","Democratic Party","DEM","House","H","New York","NY","17","WHITE PLAINS","NY","10601","2020","11-JUN-19","2019","201906119150020175"
"P00012310","SCHULTZ, FREDERIC","Democratic Party","DEM","President","P","California","CA","00","SAN DIEGO","CA","92038","2020","10-JUN-19","2019","201906109150006992"
"H0GA07307","BABBAGE, LISA NOEL","Republican Party","REP","House","H","Georgia","GA","07","DULUTH","GA","30096","2020","10-JUN-19","2019","201906109149986922"
"S0AL00271","SERBIN, JOHN PAUL","Republican Party","REP","Senate","S","Alabama","AL","00","MOODY","AL","35004","2020","10-JUN-19","2019","201906109149986917"
"H0CA42233","MARSTON, REGINA L MRS","Democratic Party","DEM","House","H","California","CA","42","MURRIETA","CA","92562","2020","10-JUN-19","2019","201906109150007819"
"P00012302","MCGUFFIN, JAMES DAWSON","Democratic Party","DEM","President","P","United States","00","00","ALICE","TX","78332","2020","09-JUN-19","2019","201906099149986905"
"S0WY00111","JAGODA, CHUCK","Democratic Party","DEM","Senate","S","Wyoming","WY","00","SUNNYVALE","CA","94085","2020","09-JUN-19","2019","201906099149986871"
"H0MN05152","WHALEY, BRENT ALLEN","Republican Party","REP","House","H","Minnesota","MN","05","RASMEY","MN","55303","2020","08-JUN-19","2019","201906089149967559"
"H0NV04049","ESTEBAN, JONATHAN ROYCE MR.","Libertarian Party","LIB","House","H","Nevada","NV","04","NORTH LAS VEGAS","NV","89031","2020","08-JUN-19","2019","201906089149967485"
"H8IN05196","CHRISTIE, JENNIFER","Democratic Party","DEM","House","H","Indiana","IN","05","INDIANAPOLIS","IN","46268","2020","07-JUN-19","2019","201906079149967453"
"P20004818","O'NEILL, PAUL ROBERT","Unknown","UNK","President","P","United States","00","00","ETTERS ","PA","17319","2020","07-JUN-19","2019","201906070300279218"
"P00012294","FRISHBERG, DANIEL SHOLOM","Republican Party","REP","President","P","United States","00","00","SARASOTA","FL","34241","2020","07-JUN-19","2019","201906079149967261"
"H8PA18280","MACK, KIMBERLY","GOP","GOP","House","H","Pennsylvania","PA","18","MCKEESPORT","PA","15134","2020","07-JUN-19","2019","201906079149965882"
"H0MD02206","FELDMAN, MICHAEL A","Democratic Party","DEM","House","H","Maryland","MD","02","BALTIMORE","MD","21211","2020","07-JUN-19","2019","201906079149967183"
"S0TN00144","SETHI, DR. MANNY","Republican Party","REP","Senate","S","Tennessee","TN","00","NASHVILLE","TN","37204","2020","07-JUN-19","2019","201906070300279237"
"H0TX29117","IRSAN, NILE A","Republican Party","REP","House","H","Texas","TX","29","CONROE","TX","77306","2020","06-JUN-19","2019","201906069149933474"
"S8MI00372","JAMES, JOHN","Republican Party","REP","Senate","S","Michigan","MI","00","FARMINGTON HILLS","MI","48334","2020","06-JUN-19","2019","201906069149951552"
"S0IL00519","SEPPELFRICK DEAN A","Republican Party","REP","Senate","S","Illinois","IL","00","AURORA","IL","60506","2020","06-JUN-19","2019","201906100300279333"
"P00012278","BLEVINS, KENNETH","Libertarian Party","LIB","President","P","United States","00","00","SAND SPRINGS","OK","74063","2020","06-JUN-19","2019","201906069149953237"
"P00012260","SUMMERS, LUKE AUSTIN","Democratic Party","DEM","President","P","United States","00","00","BLOOMINGTON","IN","47408","2020","06-JUN-19","2019","201906069149952252"
"H0NJ05182","DALRYMPLE, JON JR.","Republican Party","REP","House","H","New Jersey","NJ","05","WASHINGTON","NJ","07882","2020","05-JUN-19","2019","201906059149927391"
"S0KY00313","AUSBROOKS, JIMMY","Democratic Party","DEM","Senate","S","Kentucky","KY","00","FRANKLIN","KY","42134","2020","05-JUN-19","2019","201906059149930809"
"H0AZ02224","LIGON, MIKE","Republican Party","REP","House","H","Arizona","AZ","02","SIERRA VISTA","AZ","85635","2020","05-JUN-19","2019","201906059149930824"
"H8NC10113","COLLIAS, GINA ROCKEY","Democratic Party","DEM","House","H","North Carolina","NC","10","KINGS MOUNTAIN","NC","28086","2020","05-JUN-19","2019","201906059149931412"
"H0CA19207","TORRES, IVAN","Democratic Party","DEM","House","H","California","CA","19","SAN JOSE","CA","95110","2020","05-JUN-19","2019","201906059149931697"
"H0GA07299","UNTERMAN, RENEE","Republican Party","REP","House","H","Georgia","GA","07","BUFORD","GA","30519","2020","05-JUN-19","2019","201906059149931828"
"H0CA42225","FRITZ, DAVID","Republican Party","REP","House","H","California","CA","42","MURRIETA","CA","92563","2020","05-JUN-19","2019","201906059149933473"
"H0FL27018","SUMMERALLS, DONALD RAY MR II","Democratic Party","DEM","House","H","Florida","FL","27","MIAMI","FL","33145","2019","05-JUN-19","2019","201906059149932148"
"P00012252","ALEAANDRIA-WILLIAMS, MARION LATROY MR. SR.","Democratic Party","DEM","President","P","United States","00","00","MEMPHIS","TN","38116","2020","05-JUN-19","2019","201906059149932477"
"H8CA22154","BLIATOUT, BOBBY","Democratic Party","DEM","House","H","California","CA","22","FRESNO","CA","93710","2020","05-JUN-19","2019","201906060300279169"
"H0CA49139","FORTIN, MARA","Republican Party","REP","House","H","California","CA","49","ENCINITAS","CA","92023","2020","05-JUN-19","2019","201906060300279165"
"H8KS03155","DAVIDS, SHARICE","Democratic Party","DEM","House","H","Kansas","KS","03","SHAWNEE","DC","66216","2020","05-JUN-19","2019","201906059149933284"
"H0CA22102","ARBALLO, PHIL","Democratic Party","DEM","House","H","California","CA","22","FRESNO","CA","93650","2020","05-JUN-19","2019","201906059149933468"
"H0CA13127","PITERMAN, KONSTANTINE NIKKA-SHER","Republican Party","REP","House","H","California","CA","13","OAKLAND","CA","94618","2020","05-JUN-19","2019","201906059149931838"
"H0NY14254","TUCKER, ANTOINE MR.","Republican Party","REP","House","H","New York","NY","14","BRONX","NY","10469","2020","04-JUN-19","2019","201906049149926991"
"P00012245","JAMES, THOMAS SALZILLO MR","Democratic Party","DEM","President","P","United States","00","00","RALEIGH","NC","27612","2020","04-JUN-19","2019","201906049149926992"
"H0TX24183","FLEMING, RICHARD L. MR.","Democratic Party","DEM","House","H","Texas","TX","24","FARMERS BRANCH","TX","75244","2020","04-JUN-19","2019","201906049149878051"
"H0FL13133","MAKKI, AMANDA","Republican Party","REP","House","H","Florida","FL","13","ST PETERSBURG","FL","33743","2020","04-JUN-19","2019","201906049149877835"
"H0FL14107","WIGGINS, LLOYD ARTHUR MR.","Republican Party","REP","House","H","Florida","FL","14","TAMPA","FL","33647","2020","04-JUN-19","2019","201906049149877567"
"H0FL15070","PHILIPPE, JESSE","Democratic Party","DEM","House","H","Florida","FL","15","RIVERVIEW","FL","33578","2019","03-JUN-19","2019","201906039149874314"
"H0CT02199","GILMER, THOMAS","Republican Party","REP","House","H","Connecticut","CT","02","MADISON","CT","06443","2020","03-JUN-19","2019","201906060300279146"
"H0TX23193","RAMOS ABUABARA, ROSALINDA","Democratic Party","DEM","House","H","Texas","TX","23","SAN ANTONIO","TX","78230","2020","03-JUN-19","2019","201906040300278868"
"S0IA00176","GREENFIELD, THERESA","Democratic Party","DEM","Senate","S","Iowa","IA","00","DES MOINES","IA","50303","2020","03-JUN-19","2019","201906039149874315"
"H0AZ02216","BAH, IMAN-UTOPIA LAYJOU","Independent","IND","House","H","Arizona","AZ","02","TUCSON","AZ","85705","2020","02-JUN-19","2019","201906029149874192"
"P00012237","ROMERO, PAUL A","Democratic Party","DEM","President","P","United States","00","00","FRESNO","CA","93722","2019","02-JUN-19","2019","201906029149874152"
"H0CA04183","BENZEL, JULIANNE ELIZABETH MRS.","Republican Party","REP","House","H","California","CA","04","ROCKLIN","CA","95677","2020","02-JUN-19","2019","201906029149874151"
"H0NY12183","VLADIMER, ERICA ARDEN","Democratic Party","DEM","House","H","New York","NY","12","NEW YORK","NY","10065","2020","02-JUN-19","2019","201906029149874101"
"H0CA53081","VAZQUEZ, JOAQUIN","Democratic Party","DEM","House","H","California","CA","53","LEMON GROVE","CA","91945","2020","01-JUN-19","2019","201906019149873623"
"P20003315","RICE, DAVID MICHAEL","Republican Party","REP","President","P","United States","00","00","CHARLOTTE ","NC","28202","2020","31-MAY-19","2019","201906030300278791"
"P00012229","MARRON, DEBORAH ANN","Republican Party","REP","President","P","United States","00","00","LEE'S SUMMIT","MO","64082","2020","31-MAY-19","2019","201905310300278590"
"H0TX31071","CURTIS, JON","Democratic Party","DEM","House","H","Texas","TX","31","ROUND ROCK","TX","78665","2020","31-MAY-19","2019","201905319149873618"
"S0IA00168","GRAHAM, KIMBERLY","Democratic Party","DEM","Senate","S","Iowa","IA","00","INDIANOLA","IA","50125","2020","31-MAY-19","2019","201905319149845686"
"H0FL21052","DA ROSA, VICTOR GARCIA","Republican Party","REP","House","H","Florida","FL","21","LAKE WORTH","FL","33463","2020","30-MAY-19","2019","201905309149842790"
"H0NC08247","WALKER, RODNEY L","Democratic Party","DEM","House","H","North Carolina","NC","08","SOUTHERN PINES","NC","28388","2020","30-MAY-19","2019","201905309149841329"
"H2MN07014","PETERSON, COLLIN CLARK","Democratic Party","DEM","House","H","Minnesota","MN","07","DETROIT LAKES","MN","56501","2020","30-MAY-19","2019","201905309149842384"
"H0CO02191","MATYI, MARK HON. ESQ.","None","NNE","House","H","Colorado","CO","02","FORT COLLINS","CO","80525","2020","30-MAY-19","2019","201905309149841581"
"H8TX10185","HUTCHESON, SHANNON","Democratic Party","DEM","House","H","Texas","TX","10","AUSTIN","TX","78703","2020","30-MAY-19","2019","201905309149841850"
"H0NY15236","BASORA, FRANGELL","Democratic Party","DEM","House","H","New York","NY","15","NEW YORK","NY","10031","2020","30-MAY-19","2019","201905309149841572"
"H0GA06192","GREENE, MARJORIE TAYLOR MRS.","Republican Party","REP","House","H","Georgia","GA","06","MILTON","GA","30004","2020","29-MAY-19","2019","201905299149840890"
"P00012187","SMITH, DWIGHT STANFORD","None","NNE","President","P","United States","00","00","ANN ARBOR","MI","48103","2020","29-MAY-19","2019","201905299149838969"
"H0CA07129","BURDICK, JEFF","Democratic Party","DEM","House","H","California","CA","07","SACRAMENTO","CA","95864","2020","29-MAY-19","2019","201905299149838476"
"S8MS00220","BOHREN, JENSEN MR","Democratic Party","DEM","Senate","S","Mississippi","MS","22","BENTON ","MS","39039","2020","29-MAY-19","2019","201906100300279360"
"H0CA47125","HODGKINS, JOSEF VERNON","Democratic Party","DEM","House","H","California","CA","47","LONG BEACH","CA","90807","2020","28-MAY-19","2019","201905289149837631"
"H0NV04031","NAVARRO, CHARLES","Republican Party","REP","House","H","Nevada","NV","04","LAS VEGAS","NV","89166","2020","28-MAY-19","2019","201905289149837247"
"H8CO03192","MITSCH BUSH, DIANE MS.","Democratic Party","DEM","House","H","Colorado","CO","03","STEAMBOAT SPRINGS","CO","80477","2020","28-MAY-19","2019","201905289149837246"
"H8IL16153","MARTER, JAMES THOMAS","Republican Party","REP","House","H","Illinois","IL","14","OSWEGO","IL","60543","2020","28-MAY-19","2019","201905289149837113"
"H0NM03144","APODACA, ROB","Democratic Party","DEM","House","H","New Mexico","NM","03","SANTA FE","NM","87502","2020","28-MAY-19","2019","201905289149837108"
"H6IL01175","TILLMAN II, JIMMY LEE","Republican Party","REP","House","H","Illinois","IL","01","CHICAGO","IL","60637","2020","28-MAY-19","2019","201905289149836883"
"P00012179","TAYLOR, JACOB ALLEN MISTER","Independent","IND","President","P","United States","00","00","EPHRATA","WA","98823","2020","28-MAY-19","2019","201905289149836654"
"H0GA06184","RODDEN, NICOLE","Republican Party","REP","House","H","Georgia","GA","06","MARIETTA","GA","30007","2020","28-MAY-19","2019","201905289149836625"
"S6IL00185","MARSHALL, ROBERT","Republican Party","REP","Senate","S","Illinois","IL","00","BURR RIDGE","IL","60527","2020","28-MAY-19","2019","201905280300278434"
"H0SC01378","CUNNINGHAM, LOGAN S","Republican Party","REP","House","H","South Carolina","SC","01","BLUFFTON","SC","29910","2020","28-MAY-19","2019","201905289149837626"
"P00012211","HAWKINS, HOWIE","Green Party","GRE","President","P","United States","00","00","","","","2020","28-MAY-19","2019","201905310300278628"
"H0MI01211","FERGUSON, DANA 9062045900","Democratic Party","DEM","House","H","Michigan","MI","01","NEGAUNEE","MI","49866","2020","27-MAY-19","2019","201905279149836614"
"H0TX33028","VALENCIA AVALOS, VIKTOR J.","Democratic Party","DEM","House","H","Texas","TX","33","FORT WORTH","TX","76115","2020","27-MAY-19","2019","201905279149836615"
"H0IL01186","GAD, SARAH","Democratic Party","DEM","House","H","Illinois","IL","01","CHICAGO","IL","60637","2020","26-MAY-19","2019","201905269149836217"
"H0IL10351","MUKHERJEE, VALERIE RAMIREZ","Republican Party","REP","House","H","Illinois","IL","10","KENILWORTH","IL","60043","2020","26-MAY-19","2019","201905269149836212"
"H0AZ01374","WILLIAMS, LARRY","Democratic Party","DEM","House","H","Arizona","AZ","01","CHAMBERS","AZ","86502","2020","26-MAY-19","2019","201905269149836211"
"H0NC05169","SUPIN, JEANNE","Democratic Party","DEM","House","H","North Carolina","NC","05","BOONE","NC","28607","2020","26-MAY-19","2019","201905269149836210"
"S0KY00305","ELLIOTT, KEVIN","Democratic Party","DEM","Senate","S","Kentucky","KY","00","BEREA","KY","40403","2020","25-MAY-19","2019","201905259149836168"
"P00012161","HASTING, VECTOR PATH","Democratic Party","DEM","President","P","United States","00","00","SOUTH PASADENA","CA","91030","2020","25-MAY-19","2019","201905259149836162"
"H0CA22094","REZVANI SARABI, AMIR DARYOUSH","Democratic Party","DEM","House","H","California","CA","22","CLOVIS","CA","93613","2020","24-MAY-19","2019","201905249149835077"
"H0NE02177","FREEMAN, MORGANN","Democratic Party","DEM","House","H","Nebraska","NE","02","OMAHA","NE","68105","2020","24-MAY-19","2019","201905249149834825"
"H0NY15228","RIVERA, JOSE GUSTAVO HON","Democratic Party","DEM","House","H","New York","NY","15","BRONX","NY","10468","2020","24-MAY-19","2019","201905249149835813"
"P00012153","GERHARDT, ERIK CHASE","Libertarian Party","LIB","President","P","United States","00","00","PENNSBURG","PA","18073","2020","23-MAY-19","2019","201905239149832135"
"H0OR04099","CANNING, DOYLE","Democratic Party","DEM","House","H","Oregon","OR","04","EUGENE","OR","97405","2020","23-MAY-19","2019","201905240300278392"
"H0TN04260","MEYER, LAWRENCE DOUG NORVILLE DOUGLAS III","Republican Party","REP","House","H","Tennessee","TN","04","WINCHESTER","TN","37398","2020","23-MAY-19","2019","201905239149831685"
"P00012146","NEWNAN, BRIAN DEAN","Democratic Party","DEM","President","P","United States","00","00","AUSTIN","TX","78730","2020","23-MAY-19","2019","201905239149832118"
"H0GA07281","LOPEZ ROMERO, BRENDA","Democratic Party","DEM","House","H","Georgia","GA","07","NORCROSS","GA","30093","2020","23-MAY-19","2019","201905239149832166"
"P00012120","RAINS, DARRYL SCOTT MR","Republican Party","REP","President","P","United States","00","00","BATON ROUGE","LA","70818","2020","22-MAY-19","2019","201905229149829968"
"H0PA12181","KELLER, FRED","Republican Party","REP","House","H","Pennsylvania","PA","12","MIDDLEBURG","PA","17842","2020","22-MAY-19","2019","201905229149829986"
"H0MI03274","LOWER, JAMES (JIM) AARON","Republican Party","REP","House","H","Michigan","MI","03","GREENVILLE","MI","48838","2020","22-MAY-19","2019","201905230300278341"
"H0FL21045","BLUEMING JR, MICHAEL JOESPH","Republican Party","REP","House","H","Florida","FL","21","DELRAY BEACH","FL","33444","2020","22-MAY-19","2019","201905230300278336"
"H0NY15210","FRANKS, DAVID PHILIP MR. JR.","Democratic Party","DEM","House","H","New York","NY","15","BRONX","NY","10465","2020","22-MAY-19","2019","201905229149830250"
"P00012138","MCKINLEY, MICHAEL MR","Democratic Party","DEM","President","P","United States","00","00","LOS ANGELES","CA","90029","2020","22-MAY-19","2019","201905229149830605"
"H0UT02252","JENSEN, TYRONE T","Republican Party","REP","House","H","Utah","UT","02","RICHFIELD","UT","84701","2020","22-MAY-19","2019","201905229149831289"
"H0MN01094","TINSLEY, HANS GABRIEL","Unaffiliated","UN","House","H","Minnesota","MN","01","MANKATO","MN","56001","2020","22-MAY-19","2019","201905229149828748"
"S0SC00313","LAPIERRE, MICHAEL JAMES","Republican Party","REP","Senate","S","South Carolina","SC","00","PICKENS","SC","29671","2020","22-MAY-19","2019","201905229149828842"
"H0WA05125","ARMITAGE, CHRISTOPHER","Democratic Party","DEM","House","H","Washington","WA","05","SPOKANE","WA","99208","2020","22-MAY-19","2019","201905229149829888"
"H0FL08224","KENNEDY, JAMES","Democratic Party","DEM","House","H","Florida","FL","08","MERRITT ISLAND","FL","32953","2020","22-MAY-19","2019","201905229149829894"
"H0NC02091","SWENSON, STEVE","Democratic Party","DEM","House","H","North Carolina","NC","02","BUNNLEVEL","NC","28323","2019","22-MAY-19","2019","201905229149829943"
"H0NC12132","DAVIS, RODERICK","Democratic Party","DEM","House","H","North Carolina","NC","12","CHARLOTTE","NC","28208","2020","21-MAY-19","2019","201905219149828720"
"H0OK05221","JACOB, OAKLEY CLARON","Republican Party","REP","House","H","Oklahoma","OK","05","OKLAHOMA CITY","OK","73120","2020","21-MAY-19","2019","201905219149828714"
"P00011874","MEIER, RHETT WILKINSON MR.","Green Party","GRE","President","P","United States","00","00","MERIDIANVILLE","AL","35759","2020","21-MAY-19","2019","201905219149828713"
"H0CA45137","PROCTOR, JULIE ANN","Republican Party","REP","House","H","California","CA","45","MISSION VIEJO","CA","92691","2020","21-MAY-19","2019","201905219149823415"
"H0NY15202","DELICES, PATRICK","Republican Party","REP","House","H","New York","NY","15","BRONX","NY","10459","2020","21-MAY-19","2019","201905219149823188"
"H0FL17167","LABRUNO, GINA CHRISTINE","Republican Party","REP","House","H","Florida","FL","17","ARCADIA","FL","34266","2020","21-MAY-19","2019","201905280300278449"
"H0TX08111","OSBORNE, JACOB NATHANIEL","Democratic Party","DEM","House","H","Texas","TX","08","SPRING","TX","77380","2020","21-MAY-19","2019","201905219149828726"
"S0MI00197","JONES, GREGORY CHARLES MR.","Other","OTH","Senate","S","Michigan","MI","00","CLINTON TOWNSHIP","MI","48035","2020","21-MAY-19","2019","201905219149822942"
"H2TX18041","ARTALEJO, JORGE","Democratic Party","DEM","House","H","Texas","TX","16","EL PASO","TX","79902","2020","21-MAY-19","2019","201905219149828696"
"H8AZ04165","DISANTO, DELINA","Democratic Party","DEM","House","H","Arizona","AZ","04","CAVE CREEK","AZ","85331","2020","20-MAY-19","2019","201905209149775357"
"H0TX18284","FORD, JERRY MR. SR.","Democratic Party","DEM","House","H","Texas","TX","18","HOUSTON","TX","77014","2020","20-MAY-19","2019","201905209149753414"
"P00012096","LANDINGHAM, MICHAEL D","Democratic Party","DEM","President","P","United States","00","00","GARFIELD HEIGHTS","OH","44125","2020","20-MAY-19","2019","201905200300278245"
"P00012104","ARMSTRONG, KENNETH REED","Libertarian Party","LIB","President","P","United States","00","00","SELMA","OR","97538","2020","20-MAY-19","2019","201905200300278265"
"P00012088","BOWHALL, WILLIAM E. JUNIOR","Write-In","W","President","P","Alabama","AL","00","OPELIKA","AL","36801","2020","19-MAY-19","2019","201905199149744887"
"H0TX32053","PENNIE, DEMETRICK DR.","Republican Party","REP","House","H","Texas","TX","32","DALLAS","TX","75240","2020","19-MAY-19","2019","201905199149745063"
"P00009787","COOPER, RICHARD D MR","Democratic Party","DEM","President","P","United States","00","00","DALLAS","TX","75287","2020","18-MAY-19","2019","201905189149735713"
"H0IL17075","SWISHER, WILLIAM CRAIG MR.","Democratic Party","DEM","House","H","Illinois","IL","17","ROCKFORD","IL","61109","2020","18-MAY-19","2019","201905189149735836"
"S0TX00241","SMITH, RHETT ROSENQUEST MR","Libertarian Party","LIB","Senate","S","Texas","TX","00","SAN ANTONIO","TX","78217","2020","17-MAY-19","2019","201905179149733971"
"H0NY27090","JACOBS, CHRISTOPHER L.","Republican Party","REP","House","H","New York","NY","27","HAMBURG","NY","14075","2020","17-MAY-19","2019","201905179149722475"
"H0FL14099","BROWN, JEREMY MICHAEL MR.","Republican Party","REP","House","H","Florida","FL","14","TAMPA","FL","33619","2020","17-MAY-19","2019","201905179149721790"
"S0CO00542","SWING, GARY","Other","OTH","Senate","S","Colorado","CO","00","DENVER","CO","80227","2020","17-MAY-19","2019","201905179149721146"
"H0MN05145","MILLER, ERVAN KATARI","Independent","IND","House","H","Minnesota","MN","05","MINNEAPOLIS","MN","55403","2020","17-MAY-19","2019","201905179149735191"
"H2OH03125","BEATTY, JOYCE","Democratic Party","DEM","House","H","Ohio","OH","03","BLACKLICK","OH","43004","2020","17-MAY-19","2019","201905179149735609"
"S0NM00082","HAQANI, GIOVANNI ALEXANDER","Democratic Party","DEM","Senate","S","New Mexico","NM","00","ALBUQUERQUE","NM","87106","2020","17-MAY-19","2019","201905179149732953"
"H2TX00015","JOHNSON, EDDIE BERNICE","Democratic Party","DEM","House","H","Texas","TX","30","DALLAS","TX","75201","2020","16-MAY-19","2019","201905169149721011"
"H8GA04125","PROFIT, JOE","Republican Party","REP","House","H","Georgia","GA","07","MARIETTA","GA","30066","2020","16-MAY-19","2019","201905170300278020"
"H0GA07273","MCCORMICK, RICHARD DEAN DR.","Republican Party","REP","House","H","Georgia","GA","07","SUWANEE","GA","30024","2020","16-MAY-19","2019","201905169149716173"
"H0WV01114","CLINE, NATALIE MS.","Democratic Party","DEM","House","H","West Virginia","WV","01","WHEELING","WV","26003","2020","16-MAY-19","2019","201905169149713430"
"P00012054","DE BLASIO, BILL","Democratic Party","DEM","President","P","United States","00","00","BROOKLYN","NY","11201","2020","16-MAY-19","2019","201905169149713156"
"S0KY00297","MORGAN, CLINTON WESLEY","Republican Party","REP","Senate","S","Kentucky","KY","00","RICHMOND","KY","40475","2020","16-MAY-19","2019","201905169149720292"
"H0TX18276","PENNIE, DEMETRICK DR.","Republican Party","REP","House","H","Texas","TX","18","HOUSTON","TX","77088","2020","16-MAY-19","2019","201905169149720125"
"P60016342","DE  LA  FUENTE, ROQUE ROCKY","Republican Party","REP","President","P","United States","00","00","SAN  DIEGO","CA","92121","2020","16-MAY-19","2019","201905169149719918"
"P00012062","MCCARTHY, PATRICK","Democratic Party","DEM","President","P","California","CA","00","SAN DIEGO","CA","92120","2020","16-MAY-19","2019","201905169149718975"
"H0CA15239","LIU, PETER Y","Republican Party","REP","House","H","California","CA","15","SAN LORENZO","CA","94580","2020","16-MAY-19","2019","201905169149716664"
"S8TN00394","PETTIGREW, AARON LEO","Republican Party","REP","Senate","S","Tennessee","TN","00","MURFREESBORO","TN","37130","2020","16-MAY-19","2019","201905169149716866"
"H0IA01182","HANSEN, THOMAS","Republican Party","REP","House","H","Iowa","IA","01","DECORAH","IA","52101","2020","15-MAY-19","2019","201905230300278355"
"H0NY02192","GORDON, JACQUELINE","Democratic Party","DEM","House","H","New York","NY","02","COPIAGUE","NY","11726","2020","15-MAY-19","2019","201905159149701584"
"H6NY22098","PHILLIPS, GEORGE KARL MR","Republican Party","REP","House","H","New York","NY","22","ENDWELL","NY","13760","2020","15-MAY-19","2019","201905159149702388"
"P00012039","CHARLES, MARK R.","Independent","IND","President","P","United States","00","00","WASHINGTON","DC","20090","2020","15-MAY-19","2019","201905159149706985"
"P60005790","SPEARS, ALAN ERROL ESQ.","Republican Party","REP","President","P","United States","00","00","CEDAR GLEN","CA","92321","2020","15-MAY-19","2019","201905159149707652"
"H0TX23185","WATERMAN, BRANDYN JOSEPH","Democratic Party","DEM","House","H","Texas","TX","23","SAN ANTONIO","TX","78227","2020","15-MAY-19","2019","201905159149707823"
"H0CA15221","WIESKOWSKI, ROBERT","Democratic Party","DEM","House","H","California","CA","15","FREMONT","CA","94538","2020","15-MAY-19","2019","201905159149708989"
"H0TX35015","GONZALES, ERNEST ANTHONY TONY II","Republican Party","REP","House","H","Texas","TX","35","SAN ANTONIO","TX","78212","2020","15-MAY-19","2019","201905159149711190"
"S0IA00150","MAURO, EDDIE J","Democratic Party","DEM","Senate","S","Iowa","IA","00","DES MOINES","IA","50321","2020","15-MAY-19","2019","201905159149713069"
"H0MI06160","TIDWELL, ANDREW J","Independent","IND","House","H","Michigan","MI","06","BERRIEN SPRINGS","MI","49103","2020","15-MAY-19","2019","201905159149713094"
"P00012047","VOHRA, ARVIN MR.","Libertarian Party","LIB","President","P","United States","00","00","BETHESDA","MD","20816","2020","15-MAY-19","2019","201905159149713096"
"P00012013","STAND, ROBERT","Unknown","UNK","President","P","United States","00","00","EUGENE","OR","97440","2020","14-MAY-19","2019","201905140300277665"
"P00011999","BULLOCK, STEVE","Democratic Party","DEM","President","P","United States","00","00","HELENA","MT","59624","2020","14-MAY-19","2019","201905149149694590"
"P00012005","HALE, PAUL DOUGLAS MASON MR.","Independent","IND","President","P","United States","00","00","FLOVILLA","GA","30216","2020","14-MAY-19","2019","201905149149694591"
"H8TX23121","JONES, GINA ORTIZ","Democratic Party","DEM","House","H","Texas","TX","23","SAN ANTONIO","TX","78245","2020","14-MAY-19","2019","201905149149695051"
"H0CA30147","DORAZIO, ROYCE","No Party Affiliation","NPA","House","H","California","CA","30","RESEDA","CA","91335","2020","14-MAY-19","2019","201905149149700745"
"H8NC08109","HUFFMAN, SCOTT","Democratic Party","DEM","House","H","North Carolina","NC","08","CHARLOTTE","NC","28213","2020","14-MAY-19","2019","201905149149696396"
"H0GA07265","LEE, LERAH DR.","Republican Party","REP","House","H","Georgia","GA","07","DULUTH","GA","30096","2020","14-MAY-19","2019","201905149149698333"
"P00012021","MOORE, JAMIE","Independent","IND","President","P","United States","00","00","CAPE CORAL","FL","33910","2020","14-MAY-19","2019","201905149149698851"
"H0IA02156","HART, RITA","Democratic Party","DEM","House","H","Iowa","IA","02","WHEATLAND","IA","52777","2020","14-MAY-19","2019","201905149149696342"
"H0NM03136","SERNA, MARCO","Democratic Party","DEM","House","H","New Mexico","NM","03","SANTA FE","NM","87501","2020","13-MAY-19","2019","201905139149691685"
"H8UT03238","CURTIS, JOHN","Republican Party","REP","House","H","Utah","UT","03","PROVO","UT","84604","2020","13-MAY-19","2019","201905139149692895"
"P00011981","BOUSKA, ALLEN G MR","American Independent Party","AIP","President","P","Iowa","IA","00","HIAWATHA","IA","52233","2020","13-MAY-19","2019","201905139149694094"
"H0NY17158","MORENO-CASANOVA, LUZ AWILDA","Democratic Party","DEM","House","H","New York","NY","17","YONKERS","NY","10705","2019","13-MAY-19","2019","201905139149694128"
"H0CA03128","HAMILTON, TAMIKA","Republican Party","REP","House","H","California","CA","03","DIXON","CA","95620","2020","13-MAY-19","2019","201905139149694528"
"H0IA01174","ARENHOLZ, ASHLEY HINSON","Republican Party","REP","House","H","Iowa","IA","01","MARION","IA","52302","2020","13-MAY-19","2019","201905139149686254"
"H0CA10271","ELLIOTT, BOB","Republican Party","REP","House","H","California","CA","10","TRACY","CA","95377","2020","13-MAY-19","2019","201905139149691684"
"H0NY14247","PAPAZIAN, RUTH MS","Republican Party","REP","House","H","New York","NY","14","BRONX","NY","10461","2020","13-MAY-19","2019","201905139149686998"
"H0NJ05174","PALLOTTA, FRANK","Republican Party","REP","House","H","New Jersey","NJ","05","MAHWAH","NJ","07430","2020","13-MAY-19","2019","201905139149687052"
"H8NY01155","GERSHON, PERRY","Democratic Party","DEM","House","H","New York","NY","01","EAST HAMPTON","NY","11937","2020","13-MAY-19","2019","201905139149687075"
"H8NJ05136","MCCANN, JOHN JOSEPH MR. JR.","Republican Party","REP","House","H","New Jersey","NJ","05","OAKLAND","NJ","07436","2020","13-MAY-19","2019","201905139149687842"
"S0MT00090","COLLINS, WILMOT JAMES","Democratic Party","DEM","Senate","S","Montana","MT","00","HELENA","MT","59624","2020","13-MAY-19","2019","201905139149691165"
"P60006574","THOMAS, JUDAH","Independent","IND","President","P","United States","00","00","PLANTSVILLE","CT","06479","2020","13-MAY-19","2019","201905139149686558"
"P00011973","ROCKMAN, CHRISTOPHER DALE MR.","Write-In","W","President","P","United States","00","00","SUNNYVALE","CA","94087","2020","12-MAY-19","2019","201905129149686229"
"H0IL07167","COLLINS, KINA ISIS","Democratic Party","DEM","House","H","Illinois","IL","07","CHICAGO","IL","60644","2020","11-MAY-19","2019","201905119149680898"
"P00011965","HAMPLE, COLT RICHARD MR.","Constitution Party","CON","President","P","United States","00","00","CHAROLTTE","TN","37036","2020","11-MAY-19","2019","201905119149681298"
"P00011957","MILLER, ERVAN KATARI MR.","Democratic-Farmer-Labor","DFL","President","P","United States","00","00","MINNEAPOLIS","MN","55403","2020","11-MAY-19","2019","201905119149680899"
"H0MA04143","LECKEY, IHSSANE","Democratic Party","DEM","House","H","Massachusetts","MA","04","BROOKLINE","MA","02446","2020","10-MAY-19","2019","201905109149662977"
"H0OH03095","LITTLER, ANDREW C","Republican Party","REP","House","H","Ohio","OH","03","GROVE CITY","OH","43123","2020","10-MAY-19","2019","201905109149658351"
"S0CO00534","MADDEN, ALICE","Democratic Party","DEM","Senate","S","Colorado","CO","00","DENVER","CO","80218","2020","09-MAY-19","2019","201905099149654419"
"P00011924","CHAVEZ, RAMIE NICOLE","Republican Party","REP","President","P","United States","00","00","ALBUQUERQUE","NM","87102","2020","09-MAY-19","2019","201905099149654489"
"H0CA45129","SPARKS, LISA","Republican Party","REP","House","H","California","CA","45","NEWPORT BEACH","CA","92660","2020","09-MAY-19","2019","201905099149656169"
"H0FL21037","ACOSTA, CHRISTIAN F.","Republican Party","REP","House","H","Florida","FL","21","BOYNTON BEACH","FL","33426","2020","09-MAY-19","2019","201905099149656570"
"S6ID00104","WRITZ, RAY","Constitution Party","CON","Senate","S","Idaho","ID","00","COEUR D' ALENE","ID","83815","2020","09-MAY-19","2019","201905130300277544"
"H0NM03128","PEGUE, JAYMESON MS.","Democratic Party","DEM","House","H","New Mexico","NM","03","SANTA FE","NM","87506","2020","09-MAY-19","2019","201905099149657261"
"H0AZ01366","TAYLOR, CHRIS","Republican Party","REP","House","H","Arizona","AZ","01","SAFFORD","AZ","85546","2020","09-MAY-19","2019","201905099149658184"
"P00011932","MOODY, TYRONE G MR JR","Democratic Party","DEM","President","P","United States","00","00","BOWIE","MD","20716","2020","09-MAY-19","2019","201905099149658185"
"P00011940","RIVES, JAMES","Democratic Party","DEM","President","P","United States","00","00","SPRINGFIELD","IL","62704","2020","09-MAY-19","2019","201905099149658191"
"H0TX14176","BARNES, SANJANETTA","Democratic Party","DEM","House","H","Texas","TX","14","DICKINSON","TX","77539","2020","09-MAY-19","2019","201905099149656944"
"P00011890","JOHNSON, CHRISTOPHER LEE","Independent","IND","President","P","United States","00","00","GREER ","SC","29651","2020","08-MAY-19","2019","201905080300277194"
"P00011908","JOHNSON PENDLETON, CATHY DENISE","Republican Party","REP","President","P","United States","00","00"," LARGO  ","MD","20774","2020","08-MAY-19","2019","201905080300277205"
"P00011882","FEEGBEH, WILLIAM","Unknown","UNK","President","P","United States","00","00","WASHINGTON","DC","20001","2020","08-MAY-19","2019","201905080300277156"
"P00011916","LEYVA, BENJAMIN JIMMY","Unknown","UNK","President","P","United States","00","00","DALLAS ","TX","75204","2020","08-MAY-19","2019","201905080300277189"
"P00011874","MEIER, RHETT WILKINSON MR.","Democratic Party","DEM","President","P","United States","00","00","MERIDIANVILLE","AL","35759","2019","08-MAY-19","2019","201905089149647683"
"H8TX31033","MANN, CHRISTINE EADY","Democratic Party","DEM","House","H","Texas","TX","31","LEANDER","TX","78641","2020","08-MAY-19","2019","201905130300277534"
"H0TX31063","LANDIN, JEREMIAH","Democratic Party","DEM","House","H","Texas","TX","31","HUTTO","TX","78634","2020","08-MAY-19","2019","201905089149653131"
"H0NM03110","PLAME, VALERIE","Democratic Party","DEM","House","H","New Mexico","NM","03","SANTA FE","NM","87501","2020","08-MAY-19","2019","201905089149653132"
"H0CA16112","WILLIAMS, KIM","Democratic Party","DEM","House","H","California","CA","16","MERCED","CA","95340","2020","08-MAY-19","2019","201905100300277454"
"H0TX26071","DURRANCE, NEIL L","Democratic Party","DEM","House","H","Texas","TX","26","DENTON","TX","76201","2020","08-MAY-19","2019","201905080300277175"
"H0NY11086","SALADINO, JOSEPH PETER","Republican Party","REP","House","H","New York","NY","11","STATEN ISLAND","NY","10305","2020","08-MAY-19","2019","201905089149652616"
"H0NY23123","NOREN, SCOTT A","Democratic Party","DEM","House","H","New York","NY","23","ITHACA","NY","14850","2020","07-MAY-19","2019","201905090300277320"
"H4IA03115","YOUNG, DAVID","Republican Party","REP","House","H","Iowa","IA","03","VAN METER","GA","50261","2020","07-MAY-19","2019","201905079149636013"
"H0MD05191","URBINA, BRIANA","Democratic Party","DEM","House","H","Maryland","MD","05","NEW CARROLLTON","MD","20784","2020","07-MAY-19","2019","201905079149646036"
"H0NJ01207","DUVALL, JOSHUA","Republican Party","REP","House","H","New Jersey","NJ","01","CHERRY HILL","NJ","08034","2020","07-MAY-19","2019","201905079149636956"
"P00011866","MOULTON, SETH","Democratic Party","DEM","President","P","United States","00","00","SALEM","MA","01970","2020","07-MAY-19","2019","201905079149644797"
"H8FL07088","FRANCOIS, VENNIA V.","Republican Party","REP","House","H","Florida","FL","07","WINTER PARK","FL","32790","2020","07-MAY-19","2019","201905079149636955"
"P00011841","DORSEY, MELISSA AIMEE MCINTYRE","Republican Party","REP","President","P","United States","00","00","LOOKOUT MTN","GA","30750","2019","06-MAY-19","2019","201905060300276889"
"S0AK00188","MATHENY, DAVID PAUL","Independent","IND","Senate","S","Alaska","AK","00","FAIRBANKS","AK","99706","2020","06-MAY-19","2019","201905060300277022"
"S0NC00319","TUCKER, GARLAND S III","Republican Party","REP","Senate","S","North Carolina","NC","00","RALEIGH","NC","27615","2020","06-MAY-19","2019","201905069149630994"
"S0ME00095","LEVASSEUR, DEREK ALLEN","Republican Party","REP","Senate","S","Maine","ME","00","FAIRFIELD","ME","04937","2020","06-MAY-19","2019","201905069149631155"
"H0IL02127","RABORN, THERESA","Republican Party","REP","House","H","Illinois","IL","02","MIDLOTHIAN","IL","60445","2020","06-MAY-19","2019","201905069149634167"
"H0FL07119","EDWARDS, JANET","Republican Party","REP","House","H","Florida","FL","07","ORLANDO","FL","32878","2020","06-MAY-19","2019","201905069149631325"
"S0AL00263","MOONEY, ARNOLD","Republican Party","REP","Senate","S","Alabama","AL","00","BIRMINGHAM","AL","35236","2020","06-MAY-19","2019","201905069149632416"
"H0GA07257","BULLOCK, BENJAMIN E.","Republican Party","REP","House","H","Georgia","GA","07","ATLANTA","GA","30342","2020","06-MAY-19","2019","201905069149633318"
"H0CA43108","COLLINS, JOE","Republican Party","REP","House","H","California","CA","43","LOS ANGELES","CA","90010","2020","06-MAY-19","2019","201905069149631206"
"P00011825","BOROCH, EVAN BERNARD","Democratic Party","DEM","President","P","United States","00","00","BLUE BELL","PA","19422","2020","05-MAY-19","2019","201905059149630853"
"H4MI12079","DINGELL, DEBBIE","Democratic Party","DEM","House","H","Michigan","MI","12","DEARBORN","MI","48124","2020","05-MAY-19","2019","201905059149630878"
"H0PA18089","NEVILLS, DONALD RAYMOND","Republican Party","REP","House","H","Pennsylvania","PA","18","CLAIRTON","PA","15025","2020","05-MAY-19","2019","201905059149630859"
"P00011833","BENNET, MICHAEL F.","Democratic Party","DEM","President","P","United States","00","00","DENVER","CO","80202","2020","05-MAY-19","2019","201905059149630858"
"H0GA07240","FLOYD, HARRISON","Republican Party","REP","House","H","Georgia","GA","07","LAWRENCEVILLE","GA","30046","2020","04-MAY-19","2019","201905049149630728"
"P00011817","ANDERSON, CONTESSA COURTNEY","Democratic Party","DEM","President","P","United States","00","00","COLUMBUS","OH","43223","2020","04-MAY-19","2019","201905049149630727"
"H0UT02245","BURKETT, MARY","Republican Party","REP","House","H","Utah","UT","02","ST. GEORGE","UT","84790","2020","03-MAY-19","2019","201905039149627326"
"P60007176","FAAS, SOURAYA","Libertarian Party","LIB","President","P","United States","00","00","MIAMI","FL","33296","2020","03-MAY-19","2019","201905039149628570"
"H0CA38140","JONES, PAUL IRVING MR","Independent","IND","House","H","California","CA","38","LAKEWOOD","CA","90712","2020","03-MAY-19","2019","201905039149629079"
"H0IA02149","KEDLEY, THOMAS J.","Republican Party","REP","House","H","Iowa","IA","02","OSCEOLA","IA","50213","2020","03-MAY-19","2019","201905039149630680"
"S0AL00255","WILLIAMS, MARCUS JEJAUN","Independent Conservative Democratic","ICD","Senate","S","Alabama","AL","00","BIRMINGHAM","AL","35215","2020","03-MAY-19","2019","201905039149629319"
"H0CA45111","WOOLWORTH, BRENTON","Republican Party","REP","House","H","California","CA","45","MCLEAN","VA","22101","2020","03-MAY-19","2019","201905039149630253"
"P00011809","FOX, JAMES CARTRELL MR ST","Democratic Party","DEM","President","P","United States","00","00","FLORISSANT","MO","63035","2020","03-MAY-19","2019","201905039149629224"
"H0FL11194","RABINOWITZ, JEFFREY G","Democratic Party","DEM","House","H","Florida","FL","11","CLEARMONT","FL","34711","2020","02-MAY-19","2019","201905020300276643"
"H0NJ05166","BALDINI, JAMES","Republican Party","REP","House","H","New Jersey","NJ","05","BRANCHVILLE","NJ","07826","2020","02-MAY-19","2019","201905020300276665"
"H0NC03388","ROLLASON, ROBERT","Republican Party","REP","House","H","North Carolina","NC","03","KILL DEVIL HILLS","NC","27948","2020","02-MAY-19","2019","201905029149610925"
"S8NJ00533","RIVERA, NATALIE LYNN","Independent","IND","Senate","S","New Jersey","NJ","00","MERCHANTVILLE","NJ","08109","2020","02-MAY-19","2019","201905029149617331"
"S0NJ00209","RIVERA, NATALIE LYNN 8567570412","Republican Party","REP","Senate","S","New Jersey","NJ","00","MERCHANTVILLE","NJ","08034","2020","02-MAY-19","2019","201905029149617391"
"P00011783","SACKERMAN, KURT","Democratic Party","DEM","President","P","United States","00","00","ALEXANDRIA","VA","22315","2020","02-MAY-19","2019","201905029149617871"
"H0TX23177","REYES, RAUL JR","Republican Party","REP","House","H","Texas","TX","23","CASTROVILLE","TX","78009","2020","02-MAY-19","2019","201905029149625786"
"P00011791","HOROWITZ, AMI","Democratic Party","DEM","President","P","United States","00","00","HELENA","MT","59601","2020","02-MAY-19","2019","201905029149627227"
"H0FL09099","DAVILA, ANTHONY","Independent","IND","House","H","Florida","FL","09","ORLANDO","FL","32828","2019","02-MAY-19","2019","201905029149617543"
"P00011767","PAUL, ADAM NICHOLAS","Republican Party","REP","President","P","United States","00","00","MADISON","WI","53703","2020","01-MAY-19","2019","201905019149607155"
"H0NY09098","HUBBARD, ALEXANDER","Democratic Party","DEM","House","H","New York","NY","09","BROOKLYN","NY","11238","2020","01-MAY-19","2019","201905019149607168"
"H0NY06052","DIBONO, MATTHEW C","Democratic Party","DEM","House","H","New York","NY","06","RIDGEWOOD","NY","11386","2020","01-MAY-19","2019","201905019149607297"
"P00011858","UVALLE, EDUARDO","None","NNE","President","P","United States","00","00","CICERO","IL","60804","2020","01-MAY-19","2019","201905060300277035"
"H2OK04055","COLE, TOM","Republican Party","REP","House","H","Oklahoma","OK","04","NORMAN","OK","73070","2020","01-MAY-19","2019","201905019149608647"
"H2OK02083","MULLIN, MARKWAYNE MR.","Republican Party","REP","House","H","Oklahoma","OK","02","WESTVILLE","OK","74965","2020","01-MAY-19","2019","201905019149608649"
"H0CA48198","STEEL, MICHELLE","Republican Party","REP","House","H","California","CA","48","SURFSIDE","CA","90743","2020","01-MAY-19","2019","201905019149610357"
"H0CA25121","CRIPE, MARK","Republican Party","REP","House","H","California","CA","25","LONG BEACH","CA","90802","2020","01-MAY-19","2019","201905019149607658"
"H0CA04175","KENNEDY, BRYNNE","Democratic Party","DEM","House","H","California","CA","04","ROCKLIN","CA","95677","2020","30-APR-19","2019","201904309149606969"
"P00011742","SCHWIGEN, GARY JAMES","Democratic Party","DEM","President","P","United States","00","00","ROCK ISLAND","IL","61201","2020","30-APR-19","2019","201904300300276505"
"H0NC03289","CLARK, CHIMER DAVIS JR","Republican Party","REP","House","H","North Carolina","NC","03","NEWPORT","NC","28570","2019","30-APR-19","2019","201904309149604968"
"S0GA00393","TOMLINSON, TERESA PIKE","Democratic Party","DEM","Senate","S","Georgia","GA","00","COLUMBUS","GA","31906","2020","30-APR-19","2019","201904309149604974"
"P00011734","DUGGINS, SHAWN ERIN REVEREND I","Unaffiliated","UN","President","P","United States","00","00","MURRIETA","CA","92563","2020","30-APR-19","2019","201904309149605046"
"H0GA04114","NIETMANN, ELAINE","Democratic Party","DEM","House","H","Georgia","GA","04","LILBURN","GA","30047","2020","30-APR-19","2019","201904309149605047"
"H0KS03137","YODER, KEVIN","Republican Party","REP","House","H","Kansas","KS","03","OVERLAND PARK","KS","662217531","2020","30-APR-19","2019","201904309149605770"
"H0PA06159","STERN, EVERETT MR.","Republican Party","REP","House","H","Pennsylvania","PA","06","DULLES","VA","20166","2020","30-APR-19","2019","201904309149605111"
"H8ID01124","FULCHER, RUSSELL","Republican Party","REP","House","H","Idaho","ID","01","MERIDIAN","ID","83680","2020","30-APR-19","2019","201904309149605112"
"S0AR00200","MAHONY, JOSHUA MR.","Democratic Party","DEM","Senate","S","Arkansas","AR","00","FAYETTEVILLE","AR","72702","2020","30-APR-19","2019","201904309149605185"
"H0NY05070","CHOWDHURY, SHANIYAT","Democratic Party","DEM","House","H","New York","NY","05","JAMAICA","NY","11433","2020","30-APR-19","2019","201904309149605186"
"H0OH05074","RUBANDO, NICK","Democratic Party","DEM","House","H","Ohio","OH","05","BOWLING GREEN","OH","43402","2020","30-APR-19","2019","201904309149605752"
"H0WV03144","WATSON, EUGENE LACY","Democratic Party","DEM","House","H","West Virginia","WV","03","BLUEFIELD","WV","24701","2020","30-APR-19","2019","201904309149605765"
"P00011759","VOGEL-WALCUTT, JENNIFER","Democratic Party","DEM","President","P","United States","00","00","OVIEDO","FL","32765","2020","30-APR-19","2019","201904309149605106"
"H2NV02395","AMODEI, MARK EUGENE","Republican Party","REP","House","H","Nevada","NV","02","CARSON CITY","","","2020","29-APR-19","2019","201905030300276719"
"P00011700","MAKORI, KISARE O MR","Conservative Party","CRV","President","P","United States","00","00","SOUTH BEND","IN","46619","2020","29-APR-19","2019","201904299149603415"
"P00011718","CALDERONE, BOB MR.","Independent","IND","President","P","United States","00","00","WOODBRIDGE","CA","95258","2020","29-APR-19","2019","201904299149603438"
"P00011726","GLEIBERMAN, BEN","Democratic Party","DEM","President","P","United States","00","00","SHERMAN OAKS","CA","91413","2020","29-APR-19","2019","201904299149604199"
"H0FL09081","OLSON, WILLIAM","Republican Party","REP","House","H","Florida","FL","09","DAVENPORT","FL","22837","2020","29-APR-19","2019","201904299149603484"
"H0GA07232","GONSALVES, MARK","Republican Party","REP","House","H","Georgia","GA","07","NORCROSS","GA","30092","2020","29-APR-19","2019","201904299149603541"
"H0TX09176","TEAGUE, JOHNNY MARK DR.","Republican Party","REP","House","H","Texas","TX","09","TOMBALL","TX","77377","2020","29-APR-19","2019","201904299149604072"
"H8CA24150","WOODY, MICHAEL ERIN","Republican Party","REP","House","H","California","CA","24","MORRO BAY","CA","93442","2020","29-APR-19","2019","201904299149603447"
"H0CA44155","ORTON, WILLIAM RAYMOND REV.","Republican Party","REP","House","H","California","CA","44","LONG BEACH","CA","90802","2020","28-APR-19","2019","201904289149603220"
"P00011692","LEGATE, JAMES WALTER MR. JR","Republican Party","REP","President","P","United States","00","00","SAN ANTONIO","TX","78223","2020","28-APR-19","2019","201904289149603413"
"H8NC11129","WOODSMALL, STEVE DR.","Democratic Party","DEM","House","H","North Carolina","NC","11","PISGAH FOREST","NC","28768","2020","28-APR-19","2019","201904289149603341"
"P00011684","NYSTROM, JOHAN TORE","Independent","IND","President","P","United States","00","00","PORTLAND","OR","97239","2020","28-APR-19","2019","201904289149603340"
"P00011668","DIMSDALE, TIMOTHY SAMMONS","Independent Conservative Democratic","ICD","President","P","United States","00","00","WINTER HAVEN","FL","33884","2020","27-APR-19","2019","201904279149603034"
"P00011676","BOYLE, THOMAS JOSEPH MR.","Democratic Party","DEM","President","P","United States","00","00","BURLINGTON","WI","53105","2020","27-APR-19","2019","201904279149603043"
"P60022993","GILLESPIE, NEIL","Other","OTH","President","P","United States","00","00","OCALA","FL","34481","2020","26-APR-19","2019","201904290300276396"
"H0NY04115","LEBLANC, DAVID J","Democratic Party","DEM","House","H","New York","NY","04","MERRICK","NY","11566","2020","26-APR-19","2019","201904269149603029"
"H0CT02199","GILMER, THOMAS M","Republican Party","REP","House","H","Connecticut","CT","02","HARTFORD","CT","06103","2019","26-APR-19","2019","201904269149602493"
"P00011650","COPE, DONALD R","Independent","IND","President","P","United States","00","00","LOVELAND","CO","80537","2020","26-APR-19","2019","201904269149602960"
"S8NJ00541","FLANAGAN, PATRICIA","Republican Party","REP","Senate","S","New Jersey","NJ","00","LAWRENCEVILLE","NJ","08648","2020","26-APR-19","2019","201904269149602696"
"H0MI03266","NORTON, THOMAS JOHN","Republican Party","REP","House","H","Michigan","MI","03","ADA","MI","48301","2020","26-APR-19","2019","201904269149602949"
"H0NY11086","SALADINO, JOSEPH PETER","Republican Party","REP","House","H","New York","NY","11","STATEN ISLAND","NY","10305","2019","26-APR-19","2019","201904269149602959"
"H0MO04219","NEAL, GIST","Republican Party","REP","House","H","Missouri","MO","04","LAURI","MO","65038","2020","26-APR-19","2019","201904269149602688"
"H0NM03102","LEGER, TERESA","Democratic Party","DEM","House","H","New Mexico","NM","03","SANTA FE","NM","87501","2020","25-APR-19","2019","201904259149593466"
"P00011643","KENNEDY, CODY MR.","Independent","IND","President","P","United States","00","00","EUREKA","IL","61530","2020","25-APR-19","2019","201904259149593467"
"H0GA06168","BEACH, BRANDON","Republican Party","REP","House","H","Georgia","GA","06","ALPHARETTA","GA","30009","2020","25-APR-19","2019","201904259149593472"
"P80000722","BIDEN, JOSEPH R JR","Democratic Party","DEM","President","P","United States","00","00","WASHINGTON","DC","20036","2020","25-APR-19","2019","201904259149600876"
"S0NJ00191","SINGH, HIRSH V","Republican Party","REP","Senate","S","New Jersey","NJ","00","LINWOOD","NJ","08221","2020","25-APR-19","2019","201904259149595442"
"H0MO05182","SALAZAR, MAITE GABRIELLE","Democratic Party","DEM","House","H","Missouri","MO","05","KANSAS CITY","MO","64130","2020","25-APR-19","2019","201904259149600875"
"H0OK05213","NEESE, TERRY","Republican Party","REP","House","H","Oklahoma","OK","05","OKLAHOMA CITY","OK","73157","2020","25-APR-19","2019","201904259149593505"
"P00011635","DOUG, JENKINS","Independent","IND","President","P","United States","00","00","MCFARLAND","WI","53558","2020","24-APR-19","2019","201904250300275827"
"P00011619","PHILLIPS, JOHN R JR","Libertarian Party","LIB","President","P","United States","00","00","DECATUR","IL","62526","2020","24-APR-19","2019","201904249149593124"
"H0OH06221","MORGAN, KENNETH F. III","Republican Party","REP","House","H","Ohio","OH","06","CHESAPEAKE","OH","45619","2020","24-APR-19","2019","201904249149584384"
"H0OK05205","BICE, STEPHANIE","Republican Party","REP","House","H","Oklahoma","OK","05","OKLAHOMA CITY","OK","73156","2020","24-APR-19","2019","201904249149584383"
"H6NJ08118","PASCRELL, WILLIAM J. HON. JR.","Democratic Party","DEM","House","H","New Jersey","NJ","09","TEANECK","NJ","07666","2020","24-APR-19","2019","201904249149587858"
"P00011593","ROGERS, LEE","Conservative Party","CRV","President","P","United States","00","00","SPRING CREEK","NV","89815","2020","24-APR-19","2019","201904249149584282"
"H0VA03124","COLLICK, JOHN WILLIAM MR. JR.","Republican Party","REP","House","H","Virginia","VA","03","SUFFOLK","VA","23434","2020","24-APR-19","2019","201904249149584288"
"S0TX00233","HEGAR, MARY JENNINGS MJ","Democratic Party","DEM","Senate","S","Texas","TX","00","ROUND ROCK","TX","78683","2020","24-APR-19","2019","201904249149584625"
"P00011569","753, JO","None","NNE","President","P","United States","00","00","WAUCONDA","IL","60084","2020","23-APR-19","2019","201904230300275623"
"P60005865","RAPHAEL, DAVID MD","Other","OTH","President","P","United States","00","00","MILL VALLEY","CA","94941","2020","23-APR-19","2019","201904230300275663"
"H0PA16026","SMITH, DANIEL B MR JR","Democratic Party","DEM","House","H","Pennsylvania","PA","16","MARS","PA","16046","2020","23-APR-19","2019","201904239149581641"
"H0NY15194","BLAKE, MICHAEL ALEXANDER","Democratic Party","DEM","House","H","New York","NY","15","NEW YORK","NY","10185","2020","23-APR-19","2019","201904239149581654"
"H0IA03196","SCHOENBLATT, JOSHUA LOUIS","Republican Party","REP","House","H","Iowa","IA","03","NORWALK","IA","50211","2020","23-APR-19","2019","201904239149584200"
"P00011577","GAMMON, CONNIE","Unaffiliated","UN","President","P","United States","00","00","LAFAYETTE","TN","37083","2020","23-APR-19","2019","201904239149583102"
"H0IL14163","GRADEL, TED","Republican Party","REP","House","H","Illinois","IL","14","NAPERVILLE","IL","60564","2020","23-APR-19","2019","201904239149583113"
"H0FL23074","KATZ, ILYA","Republican Party","REP","House","H","Florida","FL","23","HOLLYWOOD","FL","33019","2020","23-APR-19","2019","201904239149583123"
"H0NY14239","HERNANDEZ, MIGUEL","Republican Party","REP","House","H","New York","NY","14","NEW YORK","NY","10028","2020","23-APR-19","2019","201904239149583386"
"P00011361","MARGOLIS, BARUCH","No Party Affiliation","NPA","President","P","United States","00","00","BROOKLYN","NY","11219","2020","23-APR-19","2019","201904239149581703"
"H4IL07037","DAVIS, DANNY K","Democratic Party","DEM","House","H","Illinois","IL","07","CHICAGO","IL","60644","2020","22-APR-19","2019","201904220300275320"
"P00011544","HULL, MICKY K","Unaffiliated","UN","President","P","Massachusetts","MA","00","MONSON","MA","01057","2020","22-APR-19","2019","201904229149578089"
"H0IL06052","SANGUINETTI, EVELYN","Republican Party","REP","House","H","Illinois","IL","06","WHEATON","IL","60189","2020","22-APR-19","2019","201904229149578140"
"H0GA07224","HOMRICH, LYNNE","Republican Party","REP","House","H","Georgia","GA","07","ATLANTA","GA","30325","2020","22-APR-19","2019","201904229149578244"
"H0FL03159","WELLS, AMY POPE","Republican Party","REP","House","H","Florida","FL","03","ORANGE PARK","FL","32073","2020","22-APR-19","2019","201904229149578342"
"H6TN01388","ROE, DAVID PHILLIP DR.","Republican Party","REP","House","H","Tennessee","TN","01","JONESBOROUGH","TN","376594791","2020","22-APR-19","2019","201904229149578509"
"P00011551","GREEN, MATHEW H","Independent","IND","President","P","United States","00","00","HARRISON","TN","37341","2019","22-APR-19","2019","201904229149581433"
"H0FL12176","SMITH, ZACHARY","Republican Party","REP","House","H","Florida","FL","12","ZEPHYRHILLS","FL","33541","2020","22-APR-19","2019","201904229149580050"
"H0NC03321","TABOR, MICHAEL HENRY MR.","Republican Party","REP","House","H","North Carolina","NC","03","GRANDY","NC","27939","2019","22-APR-19","2019","201904229149580120"
"H0FL13125","GRIFFIN, SHEILA","Republican Party","REP","House","H","Florida","FL","13","CLEARWATER","FL","33762","2020","22-APR-19","2019","201904229149580228"
"H0TX20108","JONASZ, ADAM N","None","NNE","House","H","Texas","TX","20","SAN ANTONIO","TX","78255","2020","22-APR-19","2019","201904229149580229"
"H0NJ06206","CIRINCIONE, RUSSELL","Democratic Party","DEM","House","H","New Jersey","NJ","06","PARLIN","NJ","08859","2020","22-APR-19","2019","201904229149580908"
"H0NM03094","KOKINADIS, BRETT MR.","Republican Party","REP","House","H","New Mexico","NM","03","SANTA FE","NM","87592","2020","22-APR-19","2019","201904229149578588"
"P00011536","AGUN, BURAK","Democratic Party","DEM","President","P","United States","00","00","NAPERVILLE","IL","60564","2020","21-APR-19","2019","201904219149578074"
"H0VT01054","STRAW, ANDREW U. D. ESQ.","Democratic Party","DEM","House","H","Vermont","VT","00","WASHINGTON","DC","20005","2020","21-APR-19","2019","201904219149578037"
"P00011528","LATHAM, CHARLENE YVETTE","Republican Party","REP","President","P","United States","00","00","LAS VEGAS","NV","89107","2020","20-APR-19","2019","201904209149577659"
"H0LA05088","BADGER, JOHN","Unknown","","House","H","Louisiana","LA","","","","","2020","20-APR-19","2019","201904209149577685"
"S0ME00087","KIDMAN, BRE MX.","Democratic Party","DEM","Senate","S","Maine","ME","00","SACO","ME","04072","2020","20-APR-19","2019","201904209149554782"
"H8FL03020","WELLS, TOM BECKWITH DR.","Democratic Party","DEM","House","H","Florida","FL","03","GAINESVILLE","FL","32601","2020","20-APR-19","2019","201904209149574142"
"H0VA07109","RAMIREZ, TINA MARIE MRS.","Republican Party","REP","House","H","Virginia","VA","07","RICHMOND","VA","23236","2020","20-APR-19","2019","201904209149573920"
"H0CA34115","MOTIWALLA, FRANCES YASMEEN","Democratic Party","DEM","House","H","California","CA","34","LOS ANGELES","CA","90026","2020","20-APR-19","2019","201904209149574039"
"H0AZ02208","LIGON, MICHAEL RICHARD MR.","Republican Party","REP","House","H","Arizona","AZ","02","SIERRA VISTA","AZ","85635","2019","20-APR-19","2019","201904209149573854"
"P00011494","MEDEK, SIMON ORION","Write-In","W","President","P","United States","00","00","MURFREESBORO","TN","38119","2020","19-APR-19","2019","201904199149537628"
"P00011510","HARPER, JUSTIN","Republican Party","REP","President","P","United States","00","00","OREM","UT","84058","2020","19-APR-19","2019","201904199149539064"
"H0NM03086","KAISER, GAVIN","Democratic Party","DEM","House","H","New Mexico","NM","03","SANTA CRUZ","NM","87567","2020","19-APR-19","2019","201904199149539676"
"S0MA00166","LISS-RIORDAN, SHANNON MS.","Democratic Party","DEM","Senate","S","Massachusetts","MA","00","BROOKLINE","MA","02445","2020","19-APR-19","2019","201904199149539691"
"H0CA44148","MCDONALD TRANI, ANNETTE","Democratic Party","DEM","House","H","California","CA","44","LONG BEACH","CA","90802","2020","19-APR-19","2019","201904199149548874"
"S0NM00074","TOULOUSE OLIVER, MAGGIE","Democratic Party","DEM","Senate","S","New Mexico","NM","00","ALBUQUERQUE","NM","87103","2020","19-APR-19","2019","201904199149551139"
"H8NC10097","BROWN, DAVID WILSON","Democratic Party","DEM","House","H","North Carolina","NC","10","MC ADENVILLE","NC","28101","2020","19-APR-19","2019","201904199149551163"
"H8CA39240","KIM, YOUNG","Republican Party","REP","House","H","California","CA","39","LA HABRA","CA","90631","2020","19-APR-19","2019","201904199149554537"
"H0FL10089","TROEN, KIRK","Republican Party","REP","House","H","Florida","FL","10","OCOEE","FL","34761","2020","18-APR-19","2019","201904189149508637"
"P00011486","MURPHY, ALFERD","Progressive Party","PRO","President","P","United States","00","00","TALLAHASSEE","FL","32311","2020","18-APR-19","2019","201904189149525018"
"H0MO06073","GRAVES, SAMUEL B. JR.","Republican Party","REP","House","H","Missouri","MO","06","TARKIO","MO","644919209","2020","18-APR-19","2019","201904189149524289"
"P00011478","KATZ, MICHAEL","Democratic Party","DEM","President","P","United States","00","00","WILMINGTON","DE","19807","2020","18-APR-19","2019","201904189149524156"
"H0NY10070","BOYLAN, LINDSEY","Democratic Party","DEM","House","H","New York","NY","10","NEW YORK","NY","10011","2020","17-APR-19","2019","201904179146409155"
"H0AL01089","HIGHTOWER, BILL","Republican Party","REP","House","H","Alabama","AL","01","MOBILE","AL","36691","2020","17-APR-19","2019","201904179146412114"
"S0CO00526","BURNES, ELLEN DR","Democratic Party","DEM","Senate","S","Colorado","CO","00","LONGMONT","CO","80501","2020","17-APR-19","2019","201904179146420140"
"H8NY24090","BALTER, DANA","Democratic Party","DEM","House","H","New York","NY","24","SYRACUSE","NY","13205","2020","17-APR-19","2019","201904179146418916"
"H8AZ06103","MALIK, ANITA","Democratic Party","DEM","House","H","Arizona","AZ","06","SCOTTSDALE","AZ","85254","2020","17-APR-19","2019","201904179146413090"
"H0NM03078","SANCHEZ, JOSEPH LOUIS","Democratic Party","DEM","House","H","New Mexico","NM","03","ALCALDE","NM","87511","2020","16-APR-19","2019","201904169146398701"
"S0SC00305","TINUBU, GLORIA BROMELL DR.","Democratic Party","DEM","Senate","S","South Carolina","SC","00","GEORGETOWN","SC","29440","2020","16-APR-19","2019","201904169146398710"
"H0AZ08072","MUSCATO, MICHAEL ARCHANGEL","Democratic Party","DEM","House","H","Arizona","AZ","08","PEORIA","AZ","85383","2020","16-APR-19","2019","201904169146403221"
"H0NC03164","MOORE, JEFF","Republican Party","REP","House","H","North Carolina","NC","03","RALEIGH","NC","27605","2019","16-APR-19","2019","201904169146405169"
"P00011460","ROBERTS, TAYLOR MR.","Unaffiliated","UN","President","P","United States","00","00","VIRGINIA BEACH","VA","23454","2020","16-APR-19","2019","201904169146405536"
"S0NM00066","CLARKSON, GAVIN","Republican Party","REP","Senate","S","New Mexico","NM","00","LAS CRUCES","NM","88001","2020","16-APR-19","2019","201904169146405565"
"H0NC09229","WILEY JR, ALBERT LEE","Republican Party","REP","House","H","North Carolina","NC","09","SALTER PATH","NC","285750588","2019","16-APR-19","2019","201904190300274836"
"H0NV03108","WALKERLIEB, ZACHARY","Republican Party","REP","House","H","Nevada","NV","03","LAS VEGAS","NV","89135","2020","16-APR-19","2019","201904169146405714"
"H0IL03109","DARWISH, RUSH MR","Democratic Party","DEM","House","H","Illinois","IL","03","PALOS HILLS","IL","60465","2020","16-APR-19","2019","201904169146408018"
"H0NJ07261","KEAN, THOMAS H. JR.","Republican Party","REP","House","H","New Jersey","NJ","07","WESTFIELD","NJ","01090","2020","16-APR-19","2019","201904169146408683"
"S0CO00518","WALSH, JOHN","Democratic Party","DEM","Senate","S","Colorado","CO","00","DENVER","CO","80220","2020","16-APR-19","2019","201904169146398509"
"H8TX25159","OLIVER, JULIE LYNN","Democratic Party","DEM","House","H","Texas","TX","25","AUSTIN","TX","78767","2020","16-APR-19","2019","201904230300275635"
"H8TX24111","BIGGAN, JOHN DR.","Democratic Party","DEM","House","H","Texas","TX","24","BEDFORD","TX","76095","2020","16-APR-19","2019","201904169146405695"
"H0AZ07082","BARNETT, JOSH","Republican Party","REP","House","H","Arizona","AZ","07","PHOENIX","AZ","85027","2020","15-APR-19","2019","201904159146196193"
"P60007770","THOMPSON, MORRIS KENT","Unaffiliated","UN","President","P","United States","00","00","COCONUT CREEK","FL","33066","2020","15-APR-19","2019","201904190300274711"
"H8PA10147","MEUSER, DANIEL","Republican Party","REP","House","H","Pennsylvania","PA","09","SHAVERTOWN","PA","187080892","2020","15-APR-19","2019","201904159146201576"
"H0WA02080","LARSEN, RICK","Democratic Party","DEM","House","H","Washington","WA","02","EVERETT","WA","982060326","2020","15-APR-19","2019","201904159146334073"
"H0IL03091","MATTHEW, ABRAHAM THOMAS","Democratic Party","DEM","House","H","Illinois","IL","03","CHICAGO","IL","60616","2020","15-APR-19","2019","201904159146336909"
"H0IN08114","BUCSHON, LARRY D.","Republican Party","REP","House","H","Indiana","IN","08","NEWBURGH","IN","47629","2020","15-APR-19","2019","201904159146151470"
"P00011411","NUTS, KAREN DEEZ (^3^) SUFFIX","Communist Party","COM","President","P","United States","00","00","ENGLAND","AR","72046","2020","15-APR-19","2019","201904159146155592"
"P00011429","BROWN, DORIS J.W.","Write-In","W","President","P","United States","00","00","MEMPHIS","TN","38128","2020","15-APR-19","2019","201904159146157602"
"H6CA24303","CARBAJAL, SALUD O.","Democratic Party","DEM","House","H","California","CA","24","SANTA BARBARA","CA","93102","2020","15-APR-19","2019","201904159146158421"
"S0CO00500","BAER, DAN","Democratic Party","DEM","Senate","S","Colorado","CO","00","DENVER","CO","80201","2020","15-APR-19","2019","201904159146170489"
"S8TN00311","MACKLER, JAMES","Democratic Party","DEM","Senate","S","Tennessee","TN","00","NASHVILLE","TN","37204","2020","15-APR-19","2019","201904159146174916"
"H8PA05071","THOMPSON, GLENN","Republican Party","REP","House","H","Pennsylvania","PA","15","HOWARD","PA","16841","2020","15-APR-19","2019","201904150300272609"
"H9NC03017","COX, DONALD RAYMOND","Republican Party","REP","House","H","North Carolina","NC","03","BELHAVEN ","NC","27810","2020","15-APR-19","2019","201904150300272760"
"H4MA01059","MAYOCK, FREDERICK","Independent","IND","House","H","Massachusetts","MA","01","SPRINGFIELD","MA","01108","2020","15-APR-19","2019","201904150300272773"
"H8SC04250","TIMMONS, WILLIAM R IV","Republican Party","REP","House","H","South Carolina","SC","04","GREENVILLE","SC","296023416","2020","15-APR-19","2019","201904159146126985"
"H4NC10047","MCHENRY, PATRICK TIMOTHY","Republican Party","REP","House","H","North Carolina","NC","10","DENVER","NC","280378018","2020","15-APR-19","2019","201904159146127049"
"H0NY24063","CONOLE, FRANCIS","Democratic Party","DEM","House","H","New York","NY","24","SYRACUSE","NY","13201","2020","15-APR-19","2019","201904159146127635"
"H0CA45103","GENNAWEY, RAY","Republican Party","REP","House","H","California","CA","45","TUSTIN","CA","92782","2020","15-APR-19","2019","201904159146137991"
"H2IL02172","KELLY, ROBIN","Democratic Party","DEM","House","H","Illinois","IL","02","CHICAGO","IL","60654","2020","15-APR-19","2019","201904159146145305"
"H0TX24175","VALENZUELA, CANDACE","Democratic Party","DEM","House","H","Texas","TX","24","DALLAS","TX","75370","2020","15-APR-19","2019","201904159146149348"
"P00011437","SCHRADER, STEPHEN JAMES","Libertarian Party","LIB","President","P","United States","00","00","VENTURA","CA","93004","2020","15-APR-19","2019","201904150300272728"
"H0NC04170","LOCKWOOD, DANIEL ULYSSES","Democratic Party","DEM","House","H","North Carolina","NC","04","CARY","NC","27519","2020","15-APR-19","2019","201904159146346462"
"H2NC11080","MEADOWS, MARK R","Republican Party","REP","House","H","North Carolina","NC","11","HENDERSONVILLE","NC","287930811","2020","15-APR-19","2019","201904159146356365"
"H4NC06052","WALKER, BRADLEY MARK MR.","Republican Party","REP","House","H","North Carolina","NC","06","GREENSBORO","NC","27438","2020","15-APR-19","2019","201904159146361218"
"H6VA01117","SCOTT, ROBERT C","Democratic Party","DEM","House","H","Virginia","VA","03","NEWPORT NEWS","VA","23607","2020","15-APR-19","2019","201904159146393227"
"P00011445","SMITH, ANTONIO T. JR.","Independent","IND","President","P","United States","00","00","LA MARQUE","TX","77568","2020","15-APR-19","2019","201904159146197946"
"P00011403","BAGIACKAS, JAMES PENCE RN","Write-In","W","President","P","United States","00","00","HENDERSONVILLE","NC","28791","2020","14-APR-19","2019","201904149146114855"
"H0SC03077","DUNCAN, JEFFREY D MR.","Republican Party","REP","House","H","South Carolina","SC","03","LAURENS","SC","293600845","2020","14-APR-19","2019","201904149146120360"
"H2HI02128","CASE, EDWARD","Democratic Party","DEM","House","H","Hawaii","HI","01","HONOLULU","HI","96814","2020","14-APR-19","2019","201904149146120308"
"H0WI06178","BOOR, MATTHEW","Democratic Party","DEM","House","H","Wisconsin","WI","06","CLEVELANDW","WI","53015","2020","13-APR-19","2019","201904139146114679"
"H0VA09055","GRIFFITH, H MORGAN","Republican Party","REP","House","H","Virginia","VA","09","CHRISTIANSBURG","VA","24068","2020","13-APR-19","2019","201904139146113174"
"P00011452","OLIVER, MALCOLM KHALID","Democratic Party","DEM","President","P","United States","00","00","LOS ANGELES","CA","90012","2020","13-APR-19","2019","201904150300272453"
"H0GA06176","BROWN, KENNETH","Republican Party","REP","House","H","Georgia","GA","06","WOODSTOCK","GA","30188","2020","12-APR-19","2019","201904129146109482"
"H0MI01203","RUZZICONI, RYAN","Democratic Party","DEM","House","H","Michigan","MI","01","IRON RIVER","MI","49935","2020","12-APR-19","2019","201904129146094286"
"P00011395","EHRENREICH, RYAN STEPHEN","Democratic Party","DEM","President","P","United States","00","00","CITRUS HEIGHTS","CA","95621","2020","12-APR-19","2019","201904129146112491"
"H8OH15076","STIVERS, STEVE MR.","Republican Party","REP","House","H","Ohio","OH","15","COLUMBUS","OH","432121947","2020","12-APR-19","2019","201904129146101652"
"H6DE00206","BLUNT ROCHESTER, LISA","Democratic Party","DEM","House","H","Delaware","DE","00","WILMINGTON","DE","19809","2020","12-APR-19","2019","201904129146102694"
"H0NY10062","FRANKEL, AMANDA PEARL","Democratic Party","DEM","House","H","New York","NY","10","BROOKLYN","NY","11218","2020","12-APR-19","2019","201904129146103129"
"H8NH02275","NEGRON, STEVE","Republican Party","REP","House","H","New Hampshire","NH","02","ALEXANDRIA","VA","22313","2020","12-APR-19","2019","201904129146103316"
"H2CA00120","BROWNLEY, JULIA","Democratic Party","DEM","House","H","California","CA","26","THOUSAND OAKS","CA","91358","2020","12-APR-19","2019","201904129146103723"
"H8CT04172","HIMES, JIM","Democratic Party","DEM","House","H","Connecticut","CT","04","FAIRFIELD","CT","06824","2020","12-APR-19","2019","201904129146107472"
"S0NC00301","WILLIAMS, STEVEN LATHROP MR.","Democratic Party","DEM","Senate","S","North Carolina","NC","00","DURHAM","NC","27712","2020","12-APR-19","2019","201904129146089233"
"H0MO04219","NEAL, GIST","Republican Party","REP","House","H","Missouri","MO","04","LAURI","MO","65038","2019","12-APR-19","2019","201904129146091991"
"H4AR02141","HILL, JAMES FRENCH","Republican Party","REP","House","H","Arkansas","AR","02","LITTLE ROCK","AR","72217","2020","12-APR-19","2019","201904129146092097"
"H8CA12262","BUTTAR, SHAHID","Democratic Party","DEM","House","H","California","CA","12","SAN FRANCISCO","CA","94127","2020","12-APR-19","2019","201904129146092384"
"H2CA00104","LOWENTHAL, ALAN","Democratic Party","DEM","House","H","California","CA","47","LONG BEACH","CA","90803","2020","12-APR-19","2019","201904129146092713"
"H4NC05146","FOXX, VIRGINIA ANN","Republican Party","REP","House","H","North Carolina","NC","05","BOONE","NC","28607","2020","12-APR-19","2019","201904129146094059"
"P00011387","QUARTLEY, HILLARY","Socialist Party","SUS","President","P","United States","00","00","BRIGHTON","MI","48116","2020","12-APR-19","2019","201904129146112232"
"H0CA25113","UNDERWOOD JACOBS, ANGELA","Republican Party","REP","House","H","California","CA","25","LANCASTER","CA","93536","2020","11-APR-19","2019","201904119146070202"
"P00011338","RYAN, TIMOTHY J.","Democratic Party","DEM","President","P","United States","00","00","NILES","OH","44446","2020","11-APR-19","2019","201904119146071705"
"H0CA10255","LIVENGOOD, MARLA","Republican Party","REP","House","H","California","CA","10","MODESTO","CA","95352","2020","11-APR-19","2019","201904119146073563"
"H0MA05116","DEPALMA, RAFFAELE SANTINO","Democratic Party","DEM","House","H","Massachusetts","MA","05","REVERE","MA","02151","2020","11-APR-19","2019","201904119146080176"
"H8IL13150","LONDRIGAN, BETSY DIRKSEN","Democratic Party","DEM","House","H","Illinois","IL","13","SPRINGFIELD","IL","627050275","2020","11-APR-19","2019","201904119146080210"
"H0CA39114","CRUZ, IGNACIO","Republican Party","REP","House","H","California","CA","39","FREMONT","CA","94538","2020","11-APR-19","2019","201904119146080983"
"H0CA10263","SOUSA LIVENGOOD, MARLA","Republican Party","REP","House","H","California","CA","10","SANTA ANA","CA","92704","2020","11-APR-19","2019","201904119146080652"
"S0AL00248","ADAIR, STANLEY E","Republican Party","REP","Senate","S","Alabama","AL","00","HALEYVILLE","AL","35565","2020","11-APR-19","2019","201904120300272387"
"H2NY13096","ESPAILLAT, ADRIANO","Democratic Party","DEM","House","H","New York","NY","13","NEW YORK","NY","10034","2020","11-APR-19","2019","201904120300272243"
"H0CA15213","WAHAB, AISHA","Democratic Party","DEM","House","H","California","CA","15","HAYWARD","CA","94541","2020","11-APR-19","2019","201904120300272239"
"P00011361","MARGOLIS, BARUCH","No Party Affiliation","NPA","President","P","United States","00","00","BROOKLYN","NY","11219","2019","11-APR-19","2019","201904119146080325"
"H0PA18097","DICKINSON, GERALD","Democratic Party","DEM","House","H","Pennsylvania","PA","18","SWISSVALE","PA","15218","2020","10-APR-19","2019","201904109146058401"
"H0NY15186","DIAZ, RUBEN REV. SR","Democratic Party","DEM","House","H","New York","NY","15","BRONX","NY","10460","2020","10-APR-19","2019","201904109146058867"
"H2GA02031","BISHOP, SANFORD","Democratic Party","DEM","House","H","Georgia","GA","02","COLUMBUS","GA","31902","2020","10-APR-19","2019","201904109146068338"
"H2WA08166","SWANK, KEITH ROLAND","Republican Party","REP","House","H","Washington","WA","08","PUYALLUP","WA","98373","2020","10-APR-19","2019","201904109146058942"
"P00011320","HICKS, ANDREW LEE","Unknown","UNK","President","P","Michigan","MI","00","LANSING","MI","48917","2020","10-APR-19","2019","201904109146059291"
"H4PA18131","DOYLE, MICHAEL","Democratic Party","DEM","House","H","Pennsylvania","PA","18","PITTSBURGH","PA","152214400","2020","10-APR-19","2019","201904109146067489"
"H6NE02125","BACON, DONALD J","Republican Party","REP","House","H","Nebraska","NE","02","OMAHA","NE","681391368","2020","10-APR-19","2019","201904109146062977"
"H6KY01110","COMER, JAMES","Republican Party","REP","House","H","Kentucky","KY","01","TOMPKINSVILLE","KY","421671553","2020","10-APR-19","2019","201904109146063167"
"H4NY24073","KATKO, JOHN M","Republican Party","REP","House","H","New York","NY","24","CAMILLUS","NY","130318646","2020","10-APR-19","2019","201904109146063460"
"H2SC07066","RICE, TOM","Republican Party","REP","House","H","South Carolina","SC","07","MYRTLE BEACH","SC","295772541","2020","10-APR-19","2019","201904109146064181"
"H0TX07188","SIEGEL, CYNTHIA","Republican Party","REP","House","H","Texas","TX","07","BELLAIRE","TX","77401","2020","10-APR-19","2019","201904109146067488"
"H8NY01148","ZELDIN, LEE M","Republican Party","REP","House","H","New York","NY","01","SHIRLEY","NY","11967","2020","10-APR-19","2019","201904109146060853"
"H8MO08098","ELLIS, KATHRYN GAIL","Democratic Party","DEM","House","H","Missouri","MO","08","FESTUS","MO","63028","2020","09-APR-19","2019","201904090300271571"
"H0NY20111","JOY, ELIZABETH L","Republican Party","REP","House","H","New York","NY","20","SCHENECTADY","NY","12302","2020","09-APR-19","2019","201904099146053728"
"H8MT01232","WILLIAMS, KATHLEEN","Democratic Party","DEM","House","H","Montana","MT","00","BOZEMAN","MT","59771","2020","09-APR-19","2019","201904099146054001"
"H0FL06095","ADAMS, SAMUEL EVERETT MR.","Libertarian Party","LIB","House","H","Florida","FL","06","DAYTONA BEACH","FL","32117","2020","09-APR-19","2019","201904099146057198"
"H8CA39190","COX, STEVE","Independent","IND","House","H","California","CA","39","CHINO","CA","91710","2020","09-APR-19","2019","201904099146055499"
"H0CA32101","CHU, JUDY","Democratic Party","DEM","House","H","California","CA","27","MONTEREY PARK","CA","91755","2020","09-APR-19","2019","201904099146056868"
"H0NM03060","MCDONALD, MARK","Democratic Party","DEM","House","H","New Mexico","NM","03","RATON","NM","87740","2020","09-APR-19","2019","201904099146055248"
"P60004272","NOBLE, SANDRA QUEEN AKA QUEEN NOBLE","Other","OTH","President","P","United States","00","00","NEEDLES","CA","923632508","2020","08-APR-19","2019","201904080300271503"
"P20003174","SPONHEIM, DAVID JON","Other","OTH","President","P","United States","00","00","OAK HARBOR","WA","98277","2020","08-APR-19","2019","201904080300271466"
"P60013455","DRAKE, BRIAN PADRICK MR","Unknown","UNK","President","P","United States","00","00","BATTLE CREEK","MI","49037","2020","08-APR-19","2019","201904080300271452"
"H8TX12082","WOOLUM, ALBERT E","Democratic Party","DEM","House","H","Texas","TX","12","HURST","TX","76054","2020","08-APR-19","2019","201904080300271378"
"H0MI06152","HOADLEY, JON","Democratic Party","DEM","House","H","Michigan","MI","06","KALAMAZOO","MI","49008","2020","08-APR-19","2019","201904089146048865"
"H0CA08119","MATHISEN, PETER G","No Party Affiliation","NPA","House","H","California","CA","08","YUCAIPA","CA","92399","2020","08-APR-19","2019","201904089146052417"
"H0OR05096","GAMBA, MARK","Democratic Party","DEM","House","H","Oregon","OR","05","MILWAUKIE","OR","97269","2020","08-APR-19","2019","201904089146049880"
"S0AL00230","TUBERVILLE, THOMAS H","Republican Party","REP","Senate","S","Alabama","AL","00","AUBURN","AL","36830","2020","08-APR-19","2019","201904089146052078"
"H0TX26147","MROCHEK, JASON","Republican Party","REP","House","H","Texas","TX","26","FRISCO","TX","75033","2020","08-APR-19","2019","201904089146052158"
"P00011312","SWALWELL, ERIC MICHAEL","Democratic Party","DEM","President","P","United States","00","00","DUBLIN","CA","94568","2020","08-APR-19","2019","201904089146052193"
"H0PA06142","SIEDENBUEHL, THOMAS","Republican Party","REP","House","H","Pennsylvania","PA","06","COATESVILLE","PA","19320","2020","08-APR-19","2019","201904090300271592"
"H0MA06098","BELSITO, JAMIE MARIE ZAHLAWAY","Democratic Party","DEM","House","H","Massachusetts","MA","06","TOPSFIELD","MA","01983","2020","08-APR-19","2019","201904089146049494"
"H8TX17149","KENNEDY, RICHARD","Democratic Party","DEM","House","H","Texas","TX","17","AUSTIN","TX","78728","2020","07-APR-19","2019","201904079146046423"
"H0FL07101","DELIA, THOMAS CHRISTOPHER MR","Republican Party","REP","House","H","Florida","FL","07","LONGWOOD","FL","32779","2020","07-APR-19","2019","201904079146047447"
"P00011296","RANSLEM, CHARLES RICHARD","Write-In","W","President","P","United States","00","00","TRUJILLO ALTO","PR","00976","2019","07-APR-19","2019","201904079146046887"
"H0WA10018","COLLINS, JOSHUA","Democratic Party","DEM","House","H","Washington","WA","10","OLYMPIA","WA","98501","2020","06-APR-19","2019","201904069146043186"
"H8OR02161","MCLEOD-SKINNER, JAMIE","Democratic Party","DEM","House","H","Oregon","OR","02","REDMOND","OR","97756","2020","06-APR-19","2019","201904069146046320"
"H0CO05129","FREELAND, JILLIAN","Democratic Party","DEM","House","H","Colorado","CO","05","COLORADO SPRINGS","CO","80925","2020","06-APR-19","2019","201904069146043311"
"H8AZ02201","MARTIN, BRANDON RAY","Republican Party","REP","House","H","Arizona","AZ","02","SIERRA VISTA","AZ","85635","2020","05-APR-19","2019","201904059146006911"
"P00011288","KIEHL, STUART LEE MR","Democratic Party","DEM","President","P","United States","00","00","SANTA ROSA","CA","95407","2020","05-APR-19","2019","201904059146025500"
"H4TX19136","CONAWAY, MICHAEL HONORABLE","Republican Party","REP","House","H","Texas","TX","11","MIDLAND","TX","797013414","2020","05-APR-19","2019","201904059146007140"
"H0SC02079","NATHANIEL, LAWRENCE D","Democratic Party","DEM","House","H","South Carolina","SC","02","COLUMBIA","SC","29206","2020","05-APR-19","2019","201904059146011352"
"H0AL01071","PRINGLE, CHRISTOPHER PAUL","Republican Party","REP","House","H","Alabama","AL","01","MOBILE","AL","36602","2020","05-APR-19","2019","201904059146008832"
"H8OH06133","ROBERTS, SHAWNA","Democratic Party","DEM","House","H","Ohio","OH","06","BELMONT","OH","43718","2020","05-APR-19","2019","201904059146010665"
"H0OR03125","LEE, ALBERT MR.","Democratic Party","DEM","House","H","Oregon","OR","03","PORTLAND","OR","97219","2020","05-APR-19","2019","201904059146008793"
"P00011270","DAVIS, MARIA HARPER MRS","Democratic Party","DEM","President","P","United States","00","00","AVONDALE","LA","70094","2020","04-APR-19","2019","201904049146006801"
"H0AL05205","LEWIS, CHRIS","Republican Party","REP","House","H","Alabama","AL","05","FLORENCE","AL","35634","2020","04-APR-19","2019","201904049146006897"
"S0TN00136","NIELSON, GEOFFREY STOKES","Republican Party","REP","Senate","S","Tennessee","TN","00","BRENTWOOD","TN","37027","2020","04-APR-19","2019","201904049145995496"
"H0NJ11131","PRIJTEN, REINIER","Republican Party","REP","House","H","New Jersey","NJ","11","MORRISTOWN","NJ","07960","2020","04-APR-19","2019","201904049145996694"
"H8CO03234","ROUTLEDGE, ROOT","Democratic Party","DEM","House","H","Colorado","CO","03","DURANGO","CO","81302","2020","04-APR-19","2019","201904049145998117"
"H0TX18268","FLORES, MARC","Democratic Party","DEM","House","H","Texas","TX","18","HOUSTON","TX","77292","2020","04-APR-19","2019","201904049146006433"
"H8NJ03073","PALLONE, FRANK JR","Democratic Party","DEM","House","H","New Jersey","NJ","06","LONG BRANCH","NJ","07740","2020","04-APR-19","2019","201904049145999227"
"H0CA08101","BUBSER, CHRISTINE","Democratic Party","DEM","House","H","California","CA","08","MAMMOTH LAKES","CA","93546","2020","04-APR-19","2019","201904049145999957"
"H0IA02131","TESSLER, VERONICA ANYA","Democratic Party","DEM","House","H","Iowa","IA","02","IOWA CITY","IA","52240","2020","04-APR-19","2019","201904049146001983"
"H8TX11100","LEEDER, VIRGINIA LOUISE","Democratic Party","DEM","House","H","Texas","TX","21","AUSTIN","TX","78745","2020","04-APR-19","2019","201904049146004101"
"H0CA12129","GALLAGHER, TOM","Democratic Party","DEM","House","H","California","CA","12","SAN FRANCISCO","CA","94110","2020","04-APR-19","2019","201904049145998219"
"H0TX18250","OROZCO, STEVENS","Democratic Party","DEM","House","H","Texas","TX","18","HOUSTON","TX","77004","2020","03-APR-19","2019","201904039145993720"
"H8IL06139","CASTEN, SEAN","Democratic Party","DEM","House","H","Illinois","IL","06","DOWNERS GROVE","IL","60515","2020","03-APR-19","2019","201904039145993744"
"H0NY13108","HABERSHAM, RICHARD PARNELL MR","Democratic Party","DEM","House","H","New York","NY","13","NEW YORK","NY","10032","2020","03-APR-19","2019","201904039145993823"
"S0MN00294","BARRETT, ROBERT PAUL MR JR.","Republican Party","REP","Senate","S","Minnesota","MN","00","EDEN PRAIRIE","MN","55346","2020","03-APR-19","2019","201904039145993920"
"H0CA25105","GARCIA, MICHAEL","Republican Party","REP","House","H","California","CA","25","VALENCIA","CA","91354","2020","03-APR-19","2019","201904039145985941"
"H0CA53073","RAMON CABALLERO, JOSE IIII","Democratic Party","DEM","House","H","California","CA","53","SAN DIEGO","CA","92115","2020","03-APR-19","2019","201904039145994062"
"H8TX22313","KULKARNI, SRI PRESTON","Democratic Party","DEM","House","H","Texas","TX","22","SUGAR LAND","TX","77478","2020","03-APR-19","2019","201904039145994486"
"H0NY24055","MISSO, ROGER","Democratic Party","DEM","House","H","New York","NY","24","LIVERPOOL","NY","13089","2020","03-APR-19","2019","201904039145995022"
"H0GA01060","MERRITT, DANIEL","Republican Party","REP","House","H","Georgia","GA","01","SAVANAH","GA","31404","2020","03-APR-19","2019","201904039145993921"
"H0AL01063","LAMBERT, DOUGLAS WESTLEY III","Republican Party","REP","House","H","Alabama","AL","01","SPANISH FORT","AL","36527","2020","02-APR-19","2019","201904029145983573"
"H0CA10248","DOSSETT, CHARLES","Republican Party","REP","House","H","California","CA","10","CERES","CA","95307","2020","02-APR-19","2019","201904029145984511"
"P00011262","BELLE, ANITA EILEEN","Democratic Party","DEM","President","P","United States","00","00","DETROIT","MI","48228","2020","02-APR-19","2019","201904029145984355"
"H0SC02061","BOROUGHS, ADAIR FORD","Democratic Party","DEM","House","H","South Carolina","SC","02","COLUMBIA","SC","29260","2020","02-APR-19","2019","201904029145984365"
"S0SC00297","REYNOLDS, JOSEPH","Republican Party","REP","Senate","S","South Carolina","SC","00","NORTH CHARLESTON","SC","29405","2020","02-APR-19","2019","201904029145984384"
"P80003114","BLYTH, JOHN DOUGLAS","Democratic Party","DEM","President","P","United States","00","00","CHICAGO","IL","60637","2020","02-APR-19","2019","201904020300270817"
"S0CO00492","BRAY, DIANA","Democratic Party","DEM","Senate","S","Colorado","CO","00","ENGLEWOOD","CO","80113","2020","02-APR-19","2019","201904029145976968"
"H0CA25097","VALLADARES, SUZETTE MARTINEZ","Republican Party","REP","House","H","California","CA","25","ACTON","CA","93510","2020","02-APR-19","2019","201904029145979320"
"H0MT00090","WINTER, THOMAS","Democratic Party","DEM","House","H","Montana","MT","00","MISSOULA","MT","59807","2020","02-APR-19","2019","201904029145981178"
"P00011254","GRAVEL, MAURICE ROBERT","Democratic Party","DEM","President","P","United States","00","00","ARDSLEY","NY","10502","2020","02-APR-19","2019","201904029145981512"
"H0MI03258","BRUNZELL, AMANDA LE'ANNE","Democratic Party","DEM","House","H","Michigan","MI","03","GRAND RAPIDS","MI","49503","2020","02-APR-19","2019","201904029145982371"
"H4FL20023","WASSERMAN SCHULTZ, DEBBIE","Democratic Party","DEM","House","H","Florida","FL","23","WESTON","FL","33326","2020","02-APR-19","2019","201904029145982821"
"H0TX07170","HUNT, WESLEY","Republican Party","REP","House","H","Texas","TX","07","HOUSTON","TX","77056","2020","02-APR-19","2019","201904029145982852"
"H6CA46116","CORREA, LOU","Democratic Party","DEM","House","H","California","CA","46","SANTA ANA","CA","92706","2020","02-APR-19","2019","201904029145982944"
"H0FL26010","VILARINO, IRINA MS.","Republican Party","REP","House","H","Florida","FL","26","DORAL","FL","33178","2020","02-APR-19","2019","201904029145983575"
"H0MI03241","BOOTH, DOUGLAS JAMES","Democratic Party","DEM","House","H","Michigan","MI","03","GRAND RAPIDS","MI","49516","2020","01-APR-19","2019","201904019145973546"
"H0WA03237","KHALIL, PETER","Democratic Party","DEM","House","H","Washington","WA","03","VANCOUVER","WA","98665","2020","01-APR-19","2019","201904019145975582"
"H8VA05114","HUFFSTETLER, ROGER DEAN RD","Democratic Party","DEM","House","H","Virginia","VA","05","CHARLOTTESVILLE","VA","22902","2020","01-APR-19","2019","201904019145974997"
"H4LA06153","GRAVES, GARRET","Republican Party","REP","House","H","Louisiana","LA","06","BATON ROUGE","LA","70806","2020","01-APR-19","2019","201904019145975328"
"H0NJ04128","APPLEFIELD, DAVID","Democratic Party","DEM","House","H","New Jersey","NJ","04","RED BANK","NJ","07701","2020","01-APR-19","2019","201904019145975330"
"P00011239","WELD, WILLIAM FLOYD (BILL)","Republican Party","REP","President","P","United States","00","00","BOSTON","MA","02196","2020","01-APR-19","2019","201904019145975335"
"S0NM00058","LUJAN, BEN R","Democratic Party","DEM","Senate","S","New Mexico","NM","00","SANTA FE","NM","87594","2020","01-APR-19","2019","201904019145975366"
"P00011247","CURTIS, DAVID","Unaffiliated","UN","President","P","United States","00","00","SAN RAFAEL","CA","94903","2020","01-APR-19","2019","201904019145975537"
"S0CO00484","SPAULDING, STEPHANY ROSE","Democratic Party","DEM","Senate","S","Colorado","CO","00","COLORADO SPRINGS","CO","80903","2020","01-APR-19","2019","201904019145973426"
"P00011221","LECKNER, ERIK","Democratic Party","DEM","President","P","United States","00","00","FALLBROOK","CA","92028","2020","01-APR-19","2019","201904019145973438"
"H0NC06191","FLYNN, ANGELA DARROW MS","Democratic Party","DEM","House","H","North Carolina","NC","06","PITTSBORO","NC","27312","2020","01-APR-19","2019","201904019145973467"
"H0NY15178","RAMOS, TOMAS","Democratic Party","DEM","House","H","New York","NY","15","THE BRONX","NY","10451","2020","01-APR-19","2019","201904019145973478"
"H8FL15164","MILLER, LORETTA","Democratic Party","DEM","House","H","Florida","FL","15","CLERMONT","FL","34713","2020","01-APR-19","2019","201904010300270607"
"H0NC02083","COOPER, SCOTT","Democratic Party","DEM","House","H","North Carolina","NC","02","WAKE FOREST","NC","27588","2020","01-APR-19","2019","201904019145975577"
"H0CA45095","HUANG, PEGGY","Republican Party","REP","House","H","California","CA","45","IRVINE","CA","92604","2020","01-APR-19","2019","201904019145974897"
"H0TX24167","OLSON, KIMBERLY D","Democratic Party","DEM","House","H","Texas","TX","24","ADDISON","TX","75001","2020","31-MAR-19","2019","201903319145973392"
"P00011213","COLOPY, TIMOTHY MR.","Write-In","W","President","P","United States","00","00","CARY","NC","27513","2020","31-MAR-19","2019","201903319145973181"
"P00011189","HOWARD, SHAWN W","Independent","IND","President","P","United States","00","00","ESTERO","FL","33928","2020","30-MAR-19","2019","201903309145973000"
"P00011205","SPORTSINTERVIEWS, LEOMARD","Libertarian Party","LIB","President","P","United States","00","00","LARAMIE","WY","82072","2020","30-MAR-19","2019","201903309145973141"
"P00011163","DUKES, RICO CORTEZ","American Independent Party","AIP","President","P","United States","00","00","PLANO","TX","75023","2019","30-MAR-19","2019","201903309145972966"
"P00011171","GOOD, DUSTIN L","Republican Party","REP","President","P","United States","00","00","MOUNT GILEAD","OH","43338","2020","30-MAR-19","2019","201903309145972983"
"P00011197","COLA, BEPIS","Prohibition Party","NAP","President","P","United States","00","00","COLORADO SPRINGS","CO","80907","2020","30-MAR-19","2019","201903309145973098"
"P00011155","DREWERY, ELLIS W","Independent","IND","President","P","United States","00","00","LOS ANGELES","CA","90066","2020","29-MAR-19","2019","201903299145972956"
"H4CA45089","RATHS, GREGORY GERARD","Republican Party","REP","House","H","California","CA","45","MISSION VIEJO","CA","92692","2020","29-MAR-19","2019","201903290300270539"
"H8NH01210","PAPPAS, CHRIS","Democratic Party","DEM","House","H","New Hampshire","NH","01","MANCHESTER","NH","03105","2020","29-MAR-19","2019","201903299145971884"
"H4MO05234","CLEAVER, EMANUEL II","Democratic Party","DEM","House","H","Missouri","MO","05","KANSAS CITY","MO","641336325","2020","29-MAR-19","2019","201903290300270523"
"H8AZ08083","TIPIRNENI, HIRAL VYAS","Democratic Party","DEM","House","H","Arizona","AZ","06","GLENDALE","AZ","85308","2020","29-MAR-19","2019","201903299145972951"
"H8TX14120","BELL, ADRIENNE","Democratic Party","DEM","House","H","Texas","TX","14","PEARLAND","TX","77584","2020","29-MAR-19","2019","201903290300270519"
"P00011130","PRAVDA, COLE ALAN","Republican Party","REP","President","P","United States","00","00","FULSHEAR","TX","77441","2020","29-MAR-19","2019","201903299145971697"
"H0NC09211","HULL, STEVIE RIVENBARK","Republican Party","REP","House","H","North Carolina","NC","09","FAYETTEVILLE","NC","28305","2019","29-MAR-19","2019","201903299145971737"
"H6KY03124","YARMUTH, JOHN","Democratic Party","DEM","House","H","Kentucky","KY","03","LOUISVILLE","KY","40206","2020","28-MAR-19","2019","201903289145968346"
"P00011122","MADIQ, SUQ","Right To Life","RTL","President","P","United States","00","00","CLIMAX","MN","56523","2020","28-MAR-19","2019","201903289145965846"
"P80001936","GRAY, HOSANNA JESSE O","Democratic Party","DEM","President","P","United States","00","00","LOS ANGELES","CA","90043","2020","28-MAR-19","2019","201904010300270739"
"H8TN07076","GREEN, MARK DR.","Republican Party","REP","House","H","Tennessee","TN","07","BRENTWOOD","TN","37024","2020","28-MAR-19","2019","201903289145965794"
"P00011080","CHANEY, ROGER MR JR","Democratic Party","DEM","President","P","United States","00","00","BIRMINGHAM","AL","35215","2020","28-MAR-19","2019","201903289145965369"
"P00011098","BIEDERMAN, FELIX","Veterans Party","VET","President","P","United States","00","00","BROOKLYN","NY","11201","2020","28-MAR-19","2019","201903289145965529"
"P00011106","KIRKPATRICK, JAMES A. MR.","Independent","IND","President","P","United States","00","00","CONCORD","NC","28025","2020","28-MAR-19","2019","201903289145965560"
"P00011114","CHANDLER, CHRISTINE WESTON","U.S. Taxpayers Party","UST","President","P","United States","00","00","RUCKERSVILLE","VA","22968","2020","28-MAR-19","2019","201903289145965565"
"H0FL17159","ELLISON, ALLEN","Democratic Party","DEM","House","H","Florida","FL","17","SEBRING","FL","33870","2020","27-MAR-19","2019","201903279145965296"
"H0CA48180","STURGES, CALEB SAMUEL MR.","Republican Party","REP","House","H","California","CA","48","HUNTINGTON BEACH","CA","92647","2020","27-MAR-19","2019","201903279145965295"
"H0PA17099","TIMKO, SCOTT RICHARD","Republican Party","REP","House","H","Pennsylvania","PA","17","CRANBERRY TOWNSHIP","PA","16066","2020","27-MAR-19","2019","201903279145965282"
"H0NV04023","PETERS, SAMUEL JAMES MR","Republican Party","REP","House","H","Nevada","NV","04","LAS VEGAS","NV","89131","2020","27-MAR-19","2019","201903279145965277"
"H0NC03305","BOYD, SAMUEL GRAHAM MR","Republican Party","REP","House","H","North Carolina","NC","03","PINETOWN","NC","27865","2019","27-MAR-19","2019","201903279145963865"
"P00011072","MIHAMA, CHIYO","Communist Party","COM","President","P","United States","00","00","LAKE FOREST","IL","60045","2020","27-MAR-19","2019","201903279145963851"
"H4NE01064","FORTENBERRY, JEFFREY L. HONORABLE","Republican Party","REP","House","H","Nebraska","NE","01","LINCOLN","NE","685104128","2020","27-MAR-19","2019","201903279145963842"
"P00011064","SANDERS, JARMAL JABBAR REV.","No Party Affiliation","NPA","President","P","United States","00","00","SELMA","AL","36701","2020","27-MAR-19","2019","201903279145963778"
"P00011056","FRAZEE, PHILIP","None","NNE","President","P","Michigan","MI","00","GARDEN CITY","MI","481351743","2020","27-MAR-19","2019","201903279145963422"
"H0GA01052","SEIDMAN, BARBARA","Democratic Party","DEM","House","H","Georgia","GA","01","WAYCROSS","GA","31501","2020","27-MAR-19","2019","201903279145956424"
"H4CA16049","LOFGREN, ZOE","Democratic Party","DEM","House","H","California","CA","19","SAN JOSE","CA","95126","2020","27-MAR-19","2019","201903279145956357"
"P00011049","TAMBURO, MARI","Democratic Party","DEM","President","P","United States","00","00","INVERNESS","CA","94937","2020","27-MAR-19","2019","201903279145951634"
"P00011031","RODRIGUEZ, NANCY ELIZABETH MS.","Liberal Party","LBL","President","P","Texas","TX","00","HOUSTON","TX","77076","2020","26-MAR-19","2019","201903269145944619"
"H0FL20120","MUSSELWHITE, GREGORY WAYNE SR.","Republican Party","REP","House","H","Florida","FL","20","FORT PIERCE","FL","34945","2020","26-MAR-19","2019","201903269145943893"
"P80004765","HEWES, HENRY","Democratic Party","DEM","President","P","United States","00","00","NEW YORK ","NY","10022","2020","26-MAR-19","2019","201903260300270211"
"H8TX23113","ARREDONDO-LYNCH, ALMA D.D.S","Republican Party","REP","House","H","Texas","TX","23","CONCAN","TX","78838","2020","26-MAR-19","2019","201903269145944520"
"H0TX33010","VASQUEZ, FABIAN CORDOVA","Republican Party","REP","House","H","Texas","TX","33","FORT WORTH","TX","76114","2019","26-MAR-19","2019","201903269145948149"
"H0TX24159","FLETCHER, CRYSTAL LEE","Democratic Party","DEM","House","H","Texas","TX","24","DALLAS","TX","75211","2020","26-MAR-19","2019","201903269145946401"
"H6AZ05083","BIGGS, ANDY MR.","Republican Party","REP","House","H","Arizona","AZ","05","GILBERT","AZ","852346204","2020","26-MAR-19","2019","201903269145944647"
"P00011007","AMMARI, RAZAN","Independent","IND","President","P","United States","00","00","GLENDALE","CA","91208","2020","25-MAR-19","2019","201903250300270097"
"P60019387","LAYTON, NYLE BENJAMIN MR","Libertarian Party","LIB","President","P","United States","00","00","SPRINGVILLE","UT","84663","2020","25-MAR-19","2019","201903259145921814"
"H0OR05088","ROMAN, ANGELA","Republican Party","REP","House","H","Oregon","OR","05","OREGON CITY","OR","97045","2020","25-MAR-19","2019","201903259145921819"
"P00010983","ROBB, SAMUEL JOSPEH","Libertarian Party","LIB","President","P","United States","00","00","TARENTUM","PA","15084","2020","25-MAR-19","2019","201903259145926431"
"P00011023","RUFF, KIMBERLY MARGARET","Libertarian Party","LIB","President","P","United States","00","00","PEORIA","AZ","85382","2020","25-MAR-19","2019","201903259145926909"
"H0TX28069","WHITTEN, SANDRA LINN MRS.","Republican Party","REP","House","H","Texas","TX","28","LAREDO","TX","78045","2020","25-MAR-19","2019","201903259145926940"
"H8GA06286","HANDEL, KAREN CHRISTINE","Republican Party","REP","House","H","Georgia","GA","06","ROSWELL","GA","300762460","2020","25-MAR-19","2019","201903259145930898"
"P00010991","BRADSHAW, MATTHEW EMBRY","Independent","IND","President","P","United States","00","00","DAMASCUS","VA","24236","2020","25-MAR-19","2019","201903250300270073"
"P60017456","TOLBERT, ROBERT","Democratic Party","DEM","President","P","United States","00","00","STONE MOUNTAIN","GA","30088","2020","25-MAR-19","2019","201903250300270088"
"P40002909","BUKEWIHGE, EDIE","Democratic Party","DEM","President","P","United States","00","00","SHERIDAN","WY","82801","2020","25-MAR-19","2019","201903270300270318"
"H0NC09203","BROWN, LEIGH","Republican Party","REP","House","H","North Carolina","NC","09","HARRISBURG","NC","28075","2019","24-MAR-19","2019","201903249145921734"
"P00011148","WOOLARD, RICKY DALE","Independent","IND","President","P","United States","00","00","MAPLE HILL","NC","28454","2020","23-MAR-19","2019","201903290300270507"
"H0NC09195","SHUBERT, FERN HAYWOOD","Republican Party","REP","House","H","North Carolina","NC","09","MARSHVILLE","NC","28103","2019","23-MAR-19","2019","201903239145921727"
"H4NY18109","SMITH, SCOTT A","Unknown","UNK","House","H","New York","NY","18","GOSHEN ","NY","10924","2020","23-MAR-19","2019","201903250300270200"
"P00010926","KANGAS, PAUL","Democratic Party","DEM","President","P","United States","00","00","SAN FRANCISCO","CA","94127","2020","22-MAR-19","2019","201903220300270012"
"H0CA28141","BARBOSA, JENNIFER","Non-Party","NON","House","H","California","CA","28","GLENDALE","CA","91202","2020","22-MAR-19","2019","201903229145920796"
"P00010959","MACIAS, LUIS MR. JR.","Republican Party","REP","President","P","Texas","TX","00","KATY","TX","77493","2020","22-MAR-19","2019","201903229145920837"
"H8NY02088","SAX, MIKE","Democratic Party","DEM","House","H","New York","NY","02","BAY SHORE","NY","11706","2020","22-MAR-19","2019","201903229145921089"
"P00010967","ELLINGER, MICHAEL A","Democratic Party","DEM","President","P","United States","00","00","LOS ANGELES","CA","90048","2020","22-MAR-19","2019","201903229145921127"
"P00010975","ALIQUO, FRANZ MR.","Democratic Party","DEM","President","P","United States","00","00","LONG ISLAND CITY","NY","11101","2020","22-MAR-19","2019","201903229145921141"
"S0AZ00368","VASQUEZ, JUAN ANGEL MD","Democratic Party","DEM","Senate","S","Arizona","AZ","00","ANTHEM","AZ","85086","2020","22-MAR-19","2019","201903229145921142"
"P00010934","LIFFORD, WILLIAM A","Write-In","W","President","P","United States","00","00","SELDEN","NY","11784","2020","22-MAR-19","2019","201903229145920733"
"H0TX22161","MOORE, NYANZA DAVIS","Democratic Party","DEM","House","H","Texas","TX","22","PEARLAND","TX","77584","2020","22-MAR-19","2019","201903229145920738"
"P00010942","STAGGS, JAMIE LEON MR.","None","NNE","President","P","United States","00","00","TYLER","TX","75704","2020","22-MAR-19","2019","201903229145920746"
"P00003962","SCHRINER, JOSEPH CHARLES","Independent","IND","President","P","United States","00","00","BLUFFTON ","OH","45817","2020","22-MAR-19","2019","201903270300270368"
"H8TX16166","WILLIAMS, SAMUEL LEE JR","Independent","IND","House","H","Texas","TX","16","EL PASO","TX","79934","2020","21-MAR-19","2019","201903219145919473"
"P00010918","WARREN, M A","None","NNE","President","P","United States","00","00","MOUNT VERNON","WA","98273","2020","21-MAR-19","2019","201903210300269960"
"H0NC03289","CLARK JR, CHIMER DAVIS","Republican Party","REP","House","H","North Carolina","NC","03","NEWPORT","NC","28570","2020","21-MAR-19","2019","201903210300269921"
"H0PR01018","NADAL POWER, JOSE","Democratic Party","DEM","House","H","Puerto Rico","PR","00","SAN JUAN","PR","00908","2020","20-MAR-19","2019","201903209145903395"
"H8VA05171","RIGGLEMAN, DENVER LEE MR. III","Republican Party","REP","House","H","Virginia","VA","05","AFTON","VA","22920","2020","20-MAR-19","2019","201903209145849998"
"H0NY15160","TORRES, RITCHIE JOHN","Democratic Party","DEM","House","H","New York","NY","15","BRONX","NY","10467","2020","20-MAR-19","2019","201903209145899458"
"H0FL23066","MENDELSON, RICHARD","Republican Party","REP","House","H","Florida","FL","23","COOPER CITY","FL","33330","2020","19-MAR-19","2019","201903199145734927"
"H0TX32046","BURGESS, TANIA","Republican Party","REP","House","H","Texas","TX","32","CHANDLER","TX","75758","2020","19-MAR-19","2019","201903199145737759"
"H0LA05070","CHRISTOPHE, SANDRA M.S. MRS.","Democratic Party","DEM","House","H","Louisiana","LA","05","ALEXANDRIA","LA","71302","2020","19-MAR-19","2019","201903199145740002"
"H0FL05154","LUSK, MATTHEW MR.","Republican Party","REP","House","H","Florida","FL","05","JACKSONVILLE","FL","32221","2020","19-MAR-19","2019","201903199145740717"
"H0CA48172","BURLEY, BRIAN J MR.","Republican Party","REP","House","H","California","CA","48","HUNTINGTON BEACH, CA","CA","92649","2020","19-MAR-19","2019","201903199145734663"
"H0OK05197","GREENE, DAVID","Republican Party","REP","House","H","Oklahoma","OK","05","HARRAH","OK","73045","2020","19-MAR-19","2019","201903199145748524"
"H2CA37023","CALVERT, KEN","Republican Party","REP","House","H","California","CA","42","CORONA","CA","92882","2020","19-MAR-19","2019","201903199145749231"
"P00010900","ARANJO, ROLAND","Green Party","GRE","President","P","United States","00","00","BISBEE","AZ","85603","2020","19-MAR-19","2019","201903200300269891"
"H0NC09187","BISHOP, JAMES DANIEL","Republican Party","REP","House","H","North Carolina","NC","09","CHARLOTTE","NC","28211","2019","19-MAR-19","2019","201903199145734907"
"P00010884","DUDZIAK, MARTIN JOSEPH DR. PHD","No Party Affiliation","NPA","President","P","United States","00","00","TRAVERSE CITY","MI","49684","2020","19-MAR-19","2019","201903199145742039"
"P00010868","NYBERG, RYAN ERNST","Other","OTH","President","P","United States","00","00","REDWOOD CITY","CA","94063","2020","18-MAR-19","2019","201903189145713397"
"S0TN00128","NICHOLS, GARRETT LANCE","Republican Party","REP","Senate","S","Tennessee","TN","00","ARDMORE","TN","38449","2020","18-MAR-19","2019","201903189145714226"
"P60007895","MANLEY, ELIJAH","Socialist Party U.S.A.","SOC","President","P","United States","00","00","FORT LAUDERDALE","FL","33302","2020","18-MAR-19","2019","201903189145715296"
"H0NJ12188","KOSHY, STAN","Independent","IND","House","H","New Jersey","NJ","12","EAST BRUNSWICK","NJ","08520","2020","18-MAR-19","2019","201903189145717250"
"H8PA07200","SCANLON, MARY GAY","Democratic Party","DEM","House","H","Pennsylvania","PA","05","SWARTHMORE","PA","19081","2020","18-MAR-19","2019","201903189145717493"
"P00010876","TRAHAN, CHANCE BRADFORD MR","Write-In","W","President","P","United States","00","00","JUNEAU","AK","99801","2020","18-MAR-19","2019","201903189145717893"
"H8AZ01104","KIRKPATRICK, ANN","Democratic Party","DEM","House","H","Arizona","AZ","02","TUCSON","AZ","85702","2020","18-MAR-19","2019","201903189145718209"
"H8CA49108","MARYOTT, BRIAN L MR","Republican Party","REP","House","H","California","CA","49","SAN JUAN CAPISTRANO","CA","92675","2020","18-MAR-19","2019","201903189145718351"
"H0NY17141","JABBOUR, JOHN","Democratic Party","DEM","House","H","New York","NY","17","HARTSDALE","NY","10530","2020","18-MAR-19","2019","201903189145721025"
"S0AL00222","SANDERS, JARMAL JABBAR REV","Unaffiliated","UN","Senate","S","Alabama","AL","00","SELMA","AL","36701","2019","18-MAR-19","2019","201903189145721358"
"H0FL09073","ORTIZ, SERGIO E","Republican Party","REP","House","H","Florida","FL","09","KISSIMMEE","FL","34741","2020","18-MAR-19","2019","201903189145732967"
"P00010850","SCHEIDLER, LEO WILLIAM","Independent","IND","President","P","United States","00","00","MISSOURI CITY","TX","77489","2020","17-MAR-19","2019","201903179145713312"
"S0LA00295","FITCH, GREGORY E","No Party Affiliation","NPA","Senate","S","Louisiana","LA","00","NEW ORLEANS","LA","70130","2020","17-MAR-19","2019","201903179145713064"
"H0NC12124","BREWSTER, BILLY JOEL","Republican Party","REP","House","H","North Carolina","NC","12","CONCORD","NC","28027","2020","17-MAR-19","2019","201903179145713145"
"P00010843","GILBERT, JOHN J","Democratic Party","DEM","President","P","United States","00","00","BELOIT","WI","53511","2020","17-MAR-19","2019","201903179145713144"
"H0NC03271","ROUSE, ERIC S","Republican Party","REP","House","H","North Carolina","NC","03","KINSTON","NC","28504","2019","16-MAR-19","2019","201903169145712964"
"P00010835","BRADFORD, SCOTT","Independent","IND","President","P","United States","00","00","CHANTILLY","VA","20152","2020","16-MAR-19","2019","201903169145712963"
"H0FL15062","LEVERTT, KEVIN MICHAEL","Independent","IND","House","H","Florida","FL","15","CLERMONT","FL","34714","2020","16-MAR-19","2019","201903169145712994"
"H8IL06139","CASTEN, SEAN","Democratic Party","DEM","House","H","Illinois","IL","06","DOWNERS GROVE","IL","60515","2019","16-MAR-19","2019","201903169145713045"
"H0AZ06068","RIMMER, STEPHANIE S","Democratic Party","DEM","House","H","Arizona","AZ","06","SCOTTSDALE","AZ","85260","2020","15-MAR-19","2019","201903159145709913"
"H0OR01152","BARAJAS, RICARDO MR.","Democratic Party","DEM","House","H","Oregon","OR","01","PORTLAND","OR","97225","2020","15-MAR-19","2019","201903159145712515"
"P00010819","POLK, JAMES ALLEN","Independent","IND","President","P","United States","00","00","CLEARWATER","FL","33760","2020","15-MAR-19","2019","201903159145712228"
"P00010827","MESSAM, WAYNE MARTIN","Democratic Party","DEM","President","P","United States","00","00","MIRAMAR","FL","33027","2019","15-MAR-19","2019","201903159145712520"
"H8CA25074","HILL, KATHERINE LAUREN","Democratic Party","DEM","House","H","California","CA","25","AGUA DULCE","CA","91390","2020","15-MAR-19","2019","201903159145712254"
"P00010793","O'ROURKE, ROBERT BETO","Democratic Party","DEM","President","P","United States","00","00","EL PASO","TX","79923","2020","14-MAR-19","2019","201903149145704061"
"S0AL00214","HATLEY, MARTY PRESTON MR.","Republican Party","REP","Senate","S","Alabama","AL","00","BOAZ","AL","35956","2020","14-MAR-19","2019","201903149145706346"
"H8NV02095","KOBLE, CLINT MATTHEW MR.","Democratic Party","DEM","House","H","Nevada","NV","02","RENO","NV","89502","2020","14-MAR-19","2019","201903149145707011"
"H0NC09179","RUSHING, STONY","Republican Party","REP","House","H","North Carolina","NC","09","WINGATE","NC","28174","2019","14-MAR-19","2019","201903149145708025"
"H8MI04101","HILLIARD, JEROME C","Democratic Party","DEM","House","H","Michigan","MI","04","MT PLEASANT ","MI","48858","2020","14-MAR-19","2019","201903140300269524"
"H0CA29115","SANCHEZ, ABDELI","Democratic Party","DEM","House","H","California","CA","29","VAN NUYS","CA","91405","2020","14-MAR-19","2019","201903149145704048"
"P00010801","MITCHELL, DARIUS LA''RON","Republican Party","REP","President","P","United States","00","03","COWELL ","MA","01854","2020","14-MAR-19","2019","201903140300269544"
"S8NE00216","JANICEK, CHRIS EDWARD MR","Democratic Party","DEM","Senate","S","Nebraska","NE","00","OMAHA","NE","68131","2020","13-MAR-19","2019","201903139145687846"
"H0TX10216","GANDHI, PRITESH","Democratic Party","DEM","House","H","Texas","TX","10","AUSTIN","TX","78766","2020","13-MAR-19","2019","201903139145681501"
"H8FL01107","EHR, PHILLIP CHARLES","Democratic Party","DEM","House","H","Florida","FL","01","PENSACOLA","MD","32503","2020","13-MAR-19","2019","201903139145681500"
"P00010785","BROUGH, PAUL MATTHEW KING","Independent","IND","President","P","United States","00","00","LIVINGSTON","TX","77399","2020","13-MAR-19","2019","201903139145681175"
"H2AZ07070","GRIJALVA, RAUL M","Democratic Party","DEM","House","H","Arizona","AZ","03","TUCSON","AZ","85702","2020","13-MAR-19","2019","201903139145681191"
"H8FL27110","FERRER, GABRIEL A","Republican Party","REP","House","H","Florida","FL","27","MIAMI","FL","33155","2020","13-MAR-19","2019","201903150300269646"
"P00010769","MCCOLLUM, GREGORY D. MR SR.","Unaffiliated","UN","President","P","United States","00","00","BKLYN","NY","11221","2020","12-MAR-19","2019","201903129145679133"
"H0CA49121","KNOBLOCK, STEVEN CRAIG","Republican Party","REP","House","H","California","CA","49","SAN CLEMENTE","CA","92672","2020","12-MAR-19","2019","201903129145679657"
"H0TX03096","DO, TANNER T","Democratic Party","DEM","House","H","Texas","TX","03","RICHARDSON","TX","75082","2020","11-MAR-19","2019","201903119145650281"
"S0OR00311","REESE, LARRY WALLACE MR.","Republican Party","REP","Senate","S","Oregon","OR","00","PRINEVILLE","OR","97754","2019","11-MAR-19","2019","201903119145650282"
"H0CA48164","RICE, DANIEL MR.","Republican Party","REP","House","H","California","CA","48","MIDWAY CITY","CA","92655","2019","11-MAR-19","2019","201903119145648057"
"H0FL05147","CHESTER, ALBERT II","Democratic Party","DEM","House","H","Florida","FL","05","ORANGE PARK","FL","32065","2020","11-MAR-19","2019","201903119145648056"
"P00010751","CARRINGTON, HAROLD MARVIN MR JR","Citizens' Party","CIT","President","P","United States","00","00","BOWLING GREEN","OH","43402","2020","10-MAR-19","2019","201903109145647556"
"H0NC03263","DE LUCA, FRANCIS X.","Republican Party","REP","House","H","North Carolina","NC","03","RALEIGH","NC","27613","2019","10-MAR-19","2019","201903109145647987"
"H0NM03052","CHICK, CAMERON ALTON MR SR","Democratic Party","DEM","House","H","New Mexico","NM","03","RIO RANCHO","NM","87144","2020","10-MAR-19","2019","201903109145647728"
"P00010736","CORMIER, KEVIN COMMANDER","Democratic Party","DEM","President","P","United States","00","00","FRANKLINTON","NC","27525","2019","09-MAR-19","2019","201903099145646945"
"H0NC03255","BAIKO, KEVIN","Republican Party","REP","House","H","North Carolina","NC","03","MOYOCK","NC","27958","2019","09-MAR-19","2019","201903099145647541"
"H0FL04132","EAGLE, CHRISTOPHER ALLAN","Democratic Party","DEM","House","H","Florida","FL","04","SAINT AUGUSTINE","FL","32095","2020","09-MAR-19","2019","201903099145646969"
"P00010744","CLAYTON, CHRISTOPHER MR.","Republican Party","REP","President","P","United States","00","00","GLEN ELLYN","IL","60137","2020","09-MAR-19","2019","201903099145646992"
"P00010710","ZIK, MAAYAN Z","Democratic Party","DEM","President","P","United States","00","00","BROOKLYN","NY","11233","2020","08-MAR-19","2019","201903089145646198"
"P00010728","GIRDICH, SAMUEL","Independent","IND","President","P","New York","NY","00","MIDDLE GROVE","NY","12850","2020","08-MAR-19","2019","201903089145646942"
"S0WY00103","WHEELER, JOSHUA B","Republican Party","REP","Senate","S","Wyoming","WY","00","CASPER","WY","82602","2020","08-MAR-19","2019","201903089145646932"
"H8NC09123","MCCREADY, DANIEL","Democratic Party","DEM","House","H","North Carolina","NC","09","CHARLOTTE","NC","282779770","2019","08-MAR-19","2019","201903089145645700"
"H0NC03248","THOMAS, ALLEN","Democratic Party","DEM","House","H","North Carolina","NC","03","WINTERVILLE","NC","28590","2019","08-MAR-19","2019","201903089145645761"
"H0GA07216","EAVES, JOHN H DR.","Democratic Party","DEM","House","H","Georgia","GA","07","PEACHTREE CORNERS","GA","30092","2020","08-MAR-19","2019","201903089145646608"
"H0NE02169","ASHFORD, ANN","Democratic Party","DEM","House","H","Nebraska","NE","02","OMAHA","NE","68124","2020","08-MAR-19","2019","201903089145646240"
"S0NC00293","SMITH, SANDY","Republican Party","REP","Senate","S","North Carolina","NC","00","GREENVILLE","NC","27834","2020","08-MAR-19","2019","201903089145645760"
"P00010694","BEARDSLEY, TERRY ROGER MR II","Independence Party","IDP","President","P","United States","00","00","HESPERIA","MI","49421","2020","07-MAR-19","2019","201903079145645011"
"H0TX11164","CODY, WACEY ALPHA","Republican Party","REP","House","H","Texas","TX","11","SAN ANGELO","TX","76901","2020","07-MAR-19","2019","201903079145645036"
"H0TX21122","BOVILLE, BRUCE BINTLIFF","Democratic Party","DEM","House","H","Texas","TX","21","AUSTIN","TX","78759","2020","07-MAR-19","2019","201903079145645112"
"P00010702","KINCHEN, KEVIN ANDREW","American Independent Party","AIP","President","P","United States","00","00","KAHULUI","HI","96732","2020","07-MAR-19","2019","201903079145645600"
"H8MN05239","OMAR, ILHAN","Democratic-Farmer-Labor","DFL","House","H","Minnesota","MN","05","MINNEAPOLIS","MN","55414","2020","07-MAR-19","2019","201903079145641367"
"H0CA45087","SEDGWICK, DONALD M","Republican Party","REP","House","H","California","CA","45","LAGUNA HILLS","CA","92653","2020","07-MAR-19","2019","201903079145644566"
"H0NC03131","NIX, MICHELE","Republican Party","REP","House","H","North Carolina","NC","03","KINSTON","NC","28501","2019","07-MAR-19","2019","201903079145644705"
"H0NC03222","PERRY, JOAN","Republican Party","REP","House","H","North Carolina","NC","03","RALEIGH","NC","27624","2019","06-MAR-19","2019","201903069145640138"
"H6TX19099","ARRINGTON, JODEY COOK","Republican Party","REP","House","H","Texas","TX","19","LUBBOCK","TX","794101426","2020","06-MAR-19","2019","201903069145640328"
"H0NC03214","JOHNSON, IKE","Democratic Party","DEM","House","H","North Carolina","NC","03","JACKSONVILLE","NC","28546","2019","06-MAR-19","2019","201903069145639946"
"P00010686","BAKER, DANIEL","Democratic Party","DEM","President","P","United States","00","00","PITTSBURGH","PA","15217","2020","06-MAR-19","2019","201903069145640329"
"H0NC03297","OUTLAW, DANA EDWARDS","Democratic Party","DEM","House","H","North Carolina","NC","03","NEW BERN","NC","28562","2019","06-MAR-19","2019","201903080300269099"
"H0MD05183","WILKES, MCKAYLA","Democratic Party","DEM","House","H","Maryland","MD","05","WALDORF","MD","20603","2020","06-MAR-19","2019","201903069145640327"
"H0TX06081","KHAN, IMRAN","Democratic Party","DEM","House","H","Texas","TX","06","ARLINGTON","TX","76015","2020","06-MAR-19","2019","201903069145641039"
"H0TX26139","PRUNEDA, MATEO MR III","Democratic Party","DEM","House","H","Texas","TX","26","DENTON","TX","76201","2020","06-MAR-19","2019","201903069145640734"
"P00010629","PETRO, IAN","Independent","IND","President","P","United States","00","00","AVON","IN","46123","2020","05-MAR-19","2019","201903059145609453"
"P00010678","ARDINI, ROBERT","Republican Party","REP","President","P","United States","00","00","LONG ISLAND CITY","NY","11101","2020","05-MAR-19","2019","201903059145612620"
"P00010652","FONT, JOSE DR","Democratic Party","DEM","President","P","United States","00","00","WASHINGTON","DC","20005","2020","05-MAR-19","2019","201903050300268945"
"P00010660","MCCRAY, VALERIE LIN DR.","Democratic Party","DEM","President","P","United States","00","00","INDIANAPOLIS","IN","46205","2020","05-MAR-19","2019","201903059145612615"
"H8CT01046","LARSON, JOHN B","Democratic Party","DEM","House","H","Connecticut","CT","01","EAST HARTFORD","CT","06108","2020","05-MAR-19","2019","201903059145609459"
"H0CA25089","PATRON, CHARLES MICHAEL","Republican Party","REP","House","H","California","CA","25","SANTA CLARITA","CA","91390","2020","05-MAR-19","2019","201903059145611964"
"P00010645","SEGAL, DANIEL","Democratic Party","DEM","President","P","United States","00","00","LAKEWOOD","OH","44107","2020","05-MAR-19","2019","201903059145611484"
"H0NC03198","BEW, RICHARD","Democratic Party","DEM","House","H","North Carolina","NC","03","BEAUFORT","NC","28516","2019","05-MAR-19","2019","201903059145611489"
"H0NC03206","CAIRNS, CELESTE","Republican Party","REP","House","H","North Carolina","NC","03","EMERALD ISLE","NC","28594","2019","05-MAR-19","2019","201903059145611525"
"H0NC09161","RIDENHOUR, MICHAEL","Republican Party","REP","House","H","North Carolina","NC","09","CHARLOTTE","NC","28210","2019","05-MAR-19","2019","201903059145611583"
"H0CA40104","RIVERA, JUAN LUIS","Libertarian Party","LIB","House","H","California","CA","40","DOWNEY","CA","90241","2020","05-MAR-19","2019","201903059145611930"
"P00010637","BROWN, ERIK","Republican Party","REP","President","P","United States","00","00","LOUISVILLE","KY","40299","2020","05-MAR-19","2019","201903059145611456"
"H0MI05121","LACKIE, EARL PATRICK MR.","Republican Party","REP","House","H","Michigan","MI","05","HALE","MI","48739","2020","04-MAR-19","2019","201903049145609422"
"H0CO01144","WINTERS, CHARLIE MADISON MS.","Democratic Party","DEM","House","H","Colorado","CO","01","DENVER","CO","80206","2020","04-MAR-19","2019","201903049145600460"
"P00010553","HOFFMAN, JOHN M","None","NNE","President","P","United States","00","00","ERIE","PA","16510","2020","04-MAR-19","2019","201903049145600459"
"H8VA10106","WEXTON, JENNIFER","Democratic Party","DEM","House","H","Virginia","VA","10","STERLING","VA","20165","2020","04-MAR-19","2019","201903049145600400"
"H6FL07140","MURPHY, STEPHANIE","Democratic Party","DEM","House","H","Florida","FL","07","WINTER PARK","FL","32790","2020","04-MAR-19","2019","201903049145600394"
"H8NJ11142","SHERRILL, REBECCA MICHELLE","Democratic Party","DEM","House","H","New Jersey","NJ","11","MONTCLAIR","NJ","07042","2020","04-MAR-19","2019","201903049145600391"
"H0MI07127","BRANSCUM, SAMUEL RAY","Democratic Party","DEM","House","H","Michigan","MI","07","DEERFIELD","MI","49238","2020","04-MAR-19","2019","201903049145600369"
"P00010538","COOPER, DERRICK WADELL","American People'S Freedom Party","APF","President","P","California","CA","00","VISALIA","CA","93291","2020","04-MAR-19","2019","201903049145600356"
"P00010520","HICKENLOOPER, JOHN W.","Democratic Party","DEM","President","P","United States","00","00","DENVER","CO","80206","2020","04-MAR-19","2019","201903049145600313"
"H6IL08147","KRISHNAMOORTHI, S. RAJA","Democratic Party","DEM","House","H","Illinois","IL","08","SCHAUMBURG","IL","60168","2020","04-MAR-19","2019","201903049145600625"
"P00010561","GORDON, JEREMY","Write-In","W","President","P","United States","00","00","NEW YORK","NY","10011","2020","04-MAR-19","2019","201903049145607448"
"P00010579","WARD, KEN MR.","Write-In","W","President","P","United States","00","00","SANFORD","FL","32771","2020","04-MAR-19","2019","201903049145607560"
"P00010587","PIERCE, MARK ALLAN","Democratic Party","DEM","President","P","United States","00","00","SANTA MARIA","CA","93456","2020","04-MAR-19","2019","201903049145607561"
"P00010595","RELLA, CHRISTOPHER PAUL","Democratic Party","DEM","President","P","United States","00","00","LAS VEGAS","NV","89110","2020","04-MAR-19","2019","201903049145607878"
"P00010603","GOODMAN, GRANT STEPHEN","Write-In","W","President","P","United States","00","00","NORTHRIDGE","CA","91325","2020","04-MAR-19","2019","201903049145609250"
"P00010611","PILLSBURY, COLIN SIR","Unaffiliated","UN","President","P","United States","00","00","PIEDMONT","CA","94611","2020","04-MAR-19","2019","201903049145609373"
"H0NC03230","SHEPARD, PHILLIP RAY","Republican Party","REP","House","H","North Carolina","NC","03","JACKSONVILLE","NC","28540","2020","04-MAR-19","2019","201903060300268974"
"H8GA06393","MCBATH, LUCIA KAY MS.","Democratic Party","DEM","House","H","Georgia","GA","06","MARIETTA","GA","30066","2020","04-MAR-19","2019","201903049145600402"
"P00010546","THOMAE, KEITH MD FACS","Republican Party","REP","President","P","United States","00","00","COATESVILLE","IN","46121","2020","04-MAR-19","2019","201903040300268749"
"H0CA28133","AGBEDE, AKINYEMI","Democratic Party","DEM","House","H","California","CA","28","LOS ANGELES","CA","90028","2020","04-MAR-19","2019","201903040300268770"
"H0FL07093","SALADO, ARMANI","Republican Party","REP","House","H","Florida","FL","07","WINTER SPRINGS","FL","32708","2020","03-MAR-19","2019","201903039145600194"
"H0TN01043","ROWE, CHRISTOPHER LEE","Democratic Party","DEM","House","H","Tennessee","TN","01","ELIZABETHTON","TN","37643","2020","03-MAR-19","2019","201903039145600203"
"P00010504","WHITE, DARRYL CEDRIC MR.","Write-In","W","President","P","United States","00","00","WAUSEON","OH","42567","2020","02-MAR-19","2019","201903029145599774"
"H2UT02324","STEWART, CHRIS","Republican Party","REP","House","H","Utah","UT","02","FARMINGTON","UT","840253304","2020","01-MAR-19","2019","201903019145599644"
"H0TX31055","KADIR, OMAR","Democratic Party","DEM","House","H","Texas","TX","31","ROUND ROCK","TX","78683","2020","01-MAR-19","2019","201903019145599633"
"P00010488","GREEN, WEDNESDAY ALEXANDRA","Democratic Party","DEM","President","P","United States","00","00","FORT DODGE","IA","50501","2020","01-MAR-19","2019","201903019145599478"
"H0GA09154","STEPHENS, (KEY)ANTWON","Democratic Party","DEM","House","H","Georgia","GA","09","ATHENS","GA","30601","2020","01-MAR-19","2019","201903019145599464"
"P00010470","CURINGTON, DAVID EARL","Independent","IND","President","P","United States","00","00","SHENANDOAH","TX","77384","2020","01-MAR-19","2019","201903019145599458"
"H8LA02054","RICHMOND, CEDRIC L.","Democratic Party","DEM","House","H","Louisiana","LA","02","NEW ORLEANS","LA","70112","2020","01-MAR-19","2019","201903019145599453"
"P00010462","KRAGH, JONATHON JAMES","None","NNE","President","P","United States","00","00","CHILTON","WI","53014","2020","01-MAR-19","2019","201903019145599432"
"H0AL07086","SEWELL, TERRI A.","Democratic Party","DEM","House","H","Alabama","AL","07","BIRMINGHAM","AL","35201","2020","01-MAR-19","2019","201903019145599394"
"H2MI14111","LAWRENCE, BRENDA LULENAR","Democratic Party","DEM","House","H","Michigan","MI","14","SOUTHFIELD","MI","48037","2020","01-MAR-19","2019","201903019145598199"
"H0CA49055","DAVIS, SUSAN A.","Democratic Party","DEM","House","H","California","CA","53","SAN DIEGO","CA","92138","2020","01-MAR-19","2019","201903019145598193"
"H8CA05183","KISHINEFF, JASON","Green Party","GRE","House","H","California","CA","05","AMERICAN CANYON","CA","94503","2020","01-MAR-19","2019","201903019145598066"
"P00010454","INSLEE, JAY R","Democratic Party","DEM","President","P","United States","00","00","SEATTLE","WA","98111","2020","01-MAR-19","2019","201903019145597504"
"S0NH00300","O'DONNELL, JUSTIN F","Libertarian Party","LIB","Senate","S","New Hampshire","NH","00","NASHUA","NH","03060","2020","01-MAR-19","2019","201903019145597492"
"H0MN07075","EMERY, STEPHEN A","Democratic-Farmer-Labor","DFL","House","H","Minnesota","MN","07","MONTEVIDEO","MN","56265","2020","01-MAR-19","2019","201903019145597459"
"H0NC09153","SMITH, LORAN ALLEN","Green Party","GRE","House","H","North Carolina","NC","09","CHARLOTTE","NC","28277","2019","01-MAR-19","2019","201903019145597382"
"P80002876","JONES, ARNOLD MATTHEW","Republican Party","REP","President","P","United States","00","00","SALT LAKE CITY","UT","84116","2020","01-MAR-19","2019","201903019145599684"
"P00010496","JONES, ARNOLD MATTHEW","Republican Party","REP","President","P","United States","00","00","SALT LAKE CITY","UT","84116","2020","01-MAR-19","2019","201903019145599694"
"P00010421","MELGAREJO, HERNAN DR.","Democratic Party","DEM","President","P","United States","00","00","NORTH BERGEN","NJ","07047","2020","28-FEB-19","2019","201902289145595698"
"H6SC01136","FRASIER, BENJAMIN JR","Democratic Party","DEM","House","H","South Carolina","SC","01","WADMALAW ISLAND","SC","29487","2020","28-FEB-19","2019","201903010300268716"
"H0NY12175","ASHCRAFT, LAUREN","Democratic Party","DEM","House","H","New York","NY","12","NEW YORK","NY","10163","2020","28-FEB-19","2019","201902289145597381"
"S0MN00286","HYATT, FOREST W. MR.","Republican Party","REP","Senate","S","Minnesota","MN","00","BAXTER","MN","56425","2020","28-FEB-19","2019","201902289145597249"
"H0FL14081","WUNDERLICH, ROBERT WILLIAM MR. SR","Independent","IND","House","H","Florida","FL","14","TAMPA","FL","33672","2020","28-FEB-19","2019","201902289145597180"
"H0KY05015","ROGERS, HAROLD DALLAS","Republican Party","REP","House","H","Kentucky","KY","05","SOMERSET","KY","42502","2020","28-FEB-19","2019","201902289145596803"
"H0NJ09176","SPEZAKIS, ZINOVIA","Democratic Party","DEM","House","H","New Jersey","NJ","09","TENAFLY","NJ","07670","2020","28-FEB-19","2019","201902289145595991"
"H0CA12111","BACELAR, AGATHA","Independent","IND","House","H","California","CA","12","SAN FRANCISCO","CA","94110","2020","28-FEB-19","2019","201902289145595884"
"P00010447","GUEST, TINA MARIE","Unknown","UNK","President","P","United States","00","00","VINE GROVE","KY","40175","2020","28-FEB-19","2019","201902289145595854"
"P00010439","SCOTT, JORDAN MARC","Independent","IND","President","P","United States","00","00","PEYTON","CO","80831","2020","28-FEB-19","2019","201902289145595704"
"P00010413","MICHELOTTI, JOHN","Independent","IND","President","P","United States","00","00","OAK PARK","IL","60302","2020","27-FEB-19","2019","201902279145594804"
"H8KS04112","ESTES, RON","Republican Party","REP","House","H","Kansas","KS","04","WICHITA","KS","672064126","2020","27-FEB-19","2019","201902279145594641"
"H0NC03180","BRAY, SHANNON W","Liberal Party","LBL","House","H","North Carolina","NC","03","APEX","NC","27539","2019","27-FEB-19","2019","201902279145594639"
"P00010405","MICHAUD, PATRICK MICHAEL MR.","Other","OTH","President","P","United States","00","00","PUNTA GORDA","FL","33950","2020","27-FEB-19","2019","201902279145593724"
"H4AZ06045","SCHWEIKERT, DAVID S.","Republican Party","REP","House","H","Arizona","AZ","06","FOUNTAIN HILLS","AZ","852684331","2020","27-FEB-19","2019","201902279145592583"
"P00010397","BURLINGAME, IAN INGALLS","Independent","IND","President","P","United States","00","00","PORTSMOUTH","NH","03801","2020","27-FEB-19","2019","201902270300268557"
"H8NC03068","LAW, PHILIP JOSEPH MR.","Republican Party","REP","House","H","North Carolina","NC","03","JACKSONVILLE","NC","28546","2019","27-FEB-19","2019","201902279145592549"
"H0NC09146","BLACKWELDER, DAVID","Republican Party","REP","House","H","North Carolina","NC","09","WAKE FOREST","NC","27587","2019","26-FEB-19","2019","201902269145586604"
"P00010389","KAMERER, ROBERT","Independent","IND","President","P","Illinois","IL","00","MOLINE","IL","61265","2020","26-FEB-19","2019","201902269145586129"
"H8CO07052","CLAY, NATHAN","Democratic Party","DEM","House","H","Colorado","CO","07","DENVER","CO","80221","2020","26-FEB-19","2019","201902269145586082"
"S0CO00476","KOMBO, DANIELLE","Democratic Party","DEM","Senate","S","Colorado","CO","00","LITTLETON","CO","80163","2020","26-FEB-19","2019","201902269145585984"
"P00010363","HOVIS, PETER ANTHONY","Independent","IND","President","P","United States","00","00","ALEXANDRIA","VA","22304","2020","26-FEB-19","2019","201902260300268509"
"H0AL01055","CARL, JERRY LEE, JR","Republican Party","REP","House","H","Alabama","AL","01","MOBILE","AL","36685","2020","26-FEB-19","2019","201902270300268565"
"P00010371","WHIPPLE, KRISTA MARIE MS.","Libertarian Party","LIB","President","P","United States","00","00","PUEBLO","CO","81001","2020","26-FEB-19","2019","201902269145586083"
"H0AZ02182","MORGAN, JOSEPH DAVID","Republican Party","REP","House","H","Arizona","AZ","02","TUCSON","AZ","85745","2020","25-FEB-19","2019","201902250300268280"
"H0NC03172","MURPHY, GREGORY FRANCIS","Republican Party","REP","House","H","North Carolina","NC","03","GREENVILLE","NC","27858","2019","25-FEB-19","2019","201902259145584366"
"P00010322","HUBISCH, CONRAD HANS","Independent","IND","President","P","United States","00","00","TRUBUCO CANYON","CA","92679","2020","25-FEB-19","2019","201902250300268289"
"H2MD02160","RUPPERSBERGER, C. A. DUTCH","Democratic Party","DEM","House","H","Maryland","MD","02","LUTHERVILLE","MD","21094","2020","25-FEB-19","2019","201902259145584297"
"P00010355","NOONAN, MICHAEL","Democratic Party","DEM","President","P","United States","00","00","BRONX","NY","10463","2020","25-FEB-19","2019","201902259145583526"
"P00010330","LYNE, STEPHEN","Independent","IND","President","P","United States","00","00","CONCORD","MA","01742","2020","25-FEB-19","2019","201902259145580727"
"H0NC03164","MOORE, JEFF","Republican Party","REP","House","H","North Carolina","NC","03","RALEIGH","NC","27605","2020","25-FEB-19","2019","201902259145579795"
"H6FL11126","CASTOR, KATHY","Democratic Party","DEM","House","H","Florida","FL","14","TAMPA","FL","33606","2020","25-FEB-19","2019","201902259145579804"
"S0KS00216","SMITH, ADAM","Democratic Party","DEM","Senate","S","Kansas","KS","00","MISSION","KS","66202","2020","24-FEB-19","2019","201902249145579736"
"P00010306","WHARTON, JEFFREY R MR.","Republican Party","REP","President","P","United States","00","00","SAUK RAPIDS","MN","56379","2020","24-FEB-19","2019","201902249145579745"
"P00010314","COLE, LARRY W","Democratic-Farmer-Labor","DFL","President","P","United States","00","00","RED BUD","IL","62278","2020","24-FEB-19","2019","201902249145579755"
"S8AZ00189","BRITTAIN, CRAIG R","Republican Party","REP","Senate","S","Arizona","AZ","00","SCOTTSDALE","AZ","85260","2020","24-FEB-19","2019","201902249145579779"
"H8TX26082","FISHER, WILLIAM CARL","Democratic Party","DEM","House","H","Texas","TX","24","FLOWER MOUND","TX","75022","2020","24-FEB-19","2019","201902249145579780"
"H0CO01136","DURAN, CRISANTA DESIRAE","Democratic Party","DEM","House","H","Colorado","CO","01","DENVER","CO","80221","2020","24-FEB-19","2019","201902249145579778"
"H0CA42217","O'MARA, WILLIAM EDWARD DR IV","Democratic Party","DEM","House","H","California","CA","42","LAKE ELSINORE","CA","92531","2020","23-FEB-19","2019","201902239145579715"
"H0GA11028","KINSEY, RACHEL","Democratic Party","DEM","House","H","Georgia","GA","11","WOODSTOCK","GA","30189","2020","23-FEB-19","2019","201902239145579702"
"S4MI00298","CARR, BOB","Republican Party","REP","Senate","S","Michigan","MI","00","MACKINAC ISLAND","MI","49757","2020","22-FEB-19","2019","201902220300268061"
"H6NE03115","SMITH, ADRIAN","Republican Party","REP","House","H","Nebraska","NE","03","SCOTTSBLUFF","NE","693614586","2020","22-FEB-19","2019","201902229145578591"
"H0MO07113","LONG, BILLY MR.","Republican Party","REP","House","H","Missouri","MO","07","SPRINGFIELD","MO","658084527","2020","22-FEB-19","2019","201902229145578957"
"H0NY03067","ROSS, DANIEL CRAIG","Other","OTH","House","H","New York","NY","03","HICKSVILLE","NY","11801","2020","22-FEB-19","2019","201902229145579067"
"H0FL01120","ROMAGNANO, CHASE ANDERSON ANDY","Republican Party","REP","House","H","Florida","FL","01","PENSACOLA","FL","32513","2020","22-FEB-19","2019","201902229145579675"
"H8IN04199","BAIRD, JAMES R DR.","Republican Party","REP","House","H","Indiana","IN","04","GREENCASTLE","IN","46235","2020","22-FEB-19","2019","201902229145579561"
"P00010298","BUTTIGIEG, PETE","Democratic Party","DEM","President","P","United States","00","00","SOUTH BEND","IN","46624","2020","22-FEB-19","2019","201902229145579567"
"H0CO04197","MCCORKLE, ISAAC IAN","Democratic Party","DEM","House","H","Colorado","CO","04","PARKER","CO","80134","2020","22-FEB-19","2019","201902229145579587"
"H0NC03156","SPECIALE, MICHAEL DAVID MR.","Republican Party","REP","House","H","North Carolina","NC","03","NEW BERN","NC","28560","2019","22-FEB-19","2019","201902229145579346"
"S0AL00206","BYRNE, BRADLEY ROBERTS","Republican Party","REP","Senate","S","Alabama","AL","00","FAIRHOPE","AL","36532","2020","21-FEB-19","2019","201902220300268072"
"S0CA00454","SERGENT, MATTHEW","Democratic Party","DEM","Senate","S","California","CA","00","SACRAMENTO","CA","95816","2020","21-FEB-19","2019","201902219145577880"
"H0NC03149","SMITH, SANDY","Republican Party","REP","House","H","North Carolina","NC","03","GREENVILLE","NC","27836","2020","21-FEB-19","2019","201902219145577881"
"H8IL07103","CLARK, ANTHONY","Democratic Party","DEM","House","H","Illinois","IL","07","OAK PARK","IL","60302","2020","21-FEB-19","2019","201902210300267846"
"P00010280","STEWART, SEBASTIAN AUSTIN MR.","Republican Party","REP","President","P","United States","00","00","LEJUNIOR","KY","40849","2020","21-FEB-19","2019","201902219145578027"
"P00010264","FULMER JR, LARRY VAUGHN","Independent","IND","President","P","United States","00","00","NEWBERRY","SC","29108","2020","21-FEB-19","2019","201902210300267949"
"P00010272","MASON DO (RET), DR. JOHN CHRISTIPHER","Democratic Party","DEM","President","P","United States","00","00","NEW BERN ","NC","28562","2020","21-FEB-19","2019","201902210300267957"
"H6LA03148","HIGGINS, CLAY CAPTAIN","Republican Party","REP","House","H","Louisiana","LA","03","LAFAYETTE","LA","705961747","2020","21-FEB-19","2019","201902219145577904"
"H0IL01178","EMMONS, ROBERT ALEX JR.","Democratic Party","DEM","House","H","Illinois","IL","01","CHICAGO","IL","60615","2020","20-FEB-19","2019","201902209145535933"
"P00010223","WYATT, RACHEL CANDY MISS","Independence Party","IDP","President","P","United States","00","00","BURLINGTON","NC","27215","2020","20-FEB-19","2019","201902209145537665"
"H0GA07208","ISLAM, NABILAH AISHAH","Democratic Party","DEM","House","H","Georgia","GA","07","LAWRENCEVILLE","GA","30044","2020","20-FEB-19","2019","201902209145544218"
"H0CA49113","WILLIAMS, GRACE I DR","Democratic Party","DEM","House","H","California","CA","49","PERRIS","CA","92571","2020","20-FEB-19","2019","201902250300268198"
"H4MO08162","SMITH, JASON T","Republican Party","REP","House","H","Missouri","MO","08","SALEM","MO","655606409","2020","20-FEB-19","2019","201902209145548545"
"P00010231","HARTLIEP, BRADLEY SCOTT","Republican Party","REP","President","P","United States","00","00","WEATHERFORD","TX","76085","2020","20-FEB-19","2019","201902209145552863"
"H6MD03292","SARBANES, JOHN P. MR.","Democratic Party","DEM","House","H","Maryland","MD","03","WASHINGTON","DC","20003","2020","20-FEB-19","2019","201902209145573450"
"H6CO01141","DEGETTE, DIANA L","Democratic Party","DEM","House","H","Colorado","CO","01","DENVER","CO","80206","2020","20-FEB-19","2019","201902209145548524"
"H0WI06160","MCCLINTICK, MELISSA M","Republican Party","REP","House","H","Wisconsin","WI","06","SAUKVILLE","WI","53080","2020","19-FEB-19","2019","201902199145530873"
"P00010256","HAIGOOD, RAYMOND","Independent","IND","President","P","United States","00","00","SPRINGFIELD","VA","22152","2020","19-FEB-19","2019","201902210300267906"
"H0PA10102","BRIER, THOMAS F JR","Democratic Party","DEM","House","H","Pennsylvania","PA","10","HERSHEY","PA","17033","2020","19-FEB-19","2019","201902199145532134"
"P00010199","SCHOLTEN, NATHAN D.","Independent","IND","President","P","United States","00","00","EAST LANSING","MI","48823","2020","19-FEB-19","2019","201902199145534765"
"P00010207","BARNA, TYLER","Democratic Party","DEM","President","P","United States","00","00","WESTVILLE","NJ","08093","2020","19-FEB-19","2019","201902199145535069"
"H0PA12181","KELLER, FRED","Republican Party","REP","House","H","Pennsylvania","PA","12","MIDDLEBURG","PA","17842","2019","19-FEB-19","2019","201902190300267801"
"P20004081","CHRISTENSON, DAVID ANDREW","None","NNE","President","P","United States","00","00","MIRAMAR BEACH","FL","32550","2020","19-FEB-19","2019","201902190300267717"
"P80006117","KLOBUCHAR, AMY J.","Democratic Party","DEM","President","P","United States","00","00","MINNEAPOLIS","MN","55418","2020","19-FEB-19","2019","201902199145525291"
"H2SC02042","CLYBURN, JAMES E.","Democratic Party","DEM","House","H","South Carolina","SC","06","COLUMBIA","SC","29203","2020","19-FEB-19","2019","201902199145525629"
"H6MN07304","HUGHES, DAVID RUSSELL MR.","Republican Party","REP","House","H","Minnesota","MN","07","KARLSTAD","MN","56732","2020","19-FEB-19","2019","201902199145526243"
"P60007168","SANDERS, BERNARD","Democratic Party","DEM","President","P","United States","00","00","BURLINGTON","VT","05408","2020","19-FEB-19","2019","201902199145527558"
"H0IL14155","MALOUF, DANIEL","Republican Party","REP","House","H","Illinois","IL","14","WOODSTOCK","IL","60098","2020","19-FEB-19","2019","201902199145528862"
"H0CT05192","RODRIGUEZ, RUBEN","Republican Party","REP","House","H","Connecticut","CT","05","WATERBURY","CT","06704","2020","19-FEB-19","2019","201902199145530700"
"P00010165","DEJEAN, KHISTINA CALDWELL","Independent","IND","President","P","United States","00","00","HOUSTON","TX","77253","2020","19-FEB-19","2019","201902199145530872"
"P00010173","MCGEE-SMITH KEARNEY, VANESSA","Unknown","","President","P","United States","00","00","REIDSVILLE","NC","27320","2020","19-FEB-19","2019","201902190300267765"
"S0ID00149","HARRIS, NANCY LYNN","Democratic Party","DEM","Senate","S","Idaho","ID","00","BOISE","ID","837046065","2020","19-FEB-19","2019","201902190300267783"
"H0CO05111","SANCHEZ, MARIO","Democratic Party","DEM","House","H","Colorado","CO","05","COLORADO SPRINGS","CO","80910","2020","19-FEB-19","2019","201902199145531400"
"P00010132","DUNLAP, JASON E SFC","Democratic Party","DEM","President","P","United States","00","00","ODENTON","MD","21113","2020","18-FEB-19","2019","201902189145523718"
"P00010124","HUNTER, DARIO DAVID","Green Party","GRE","President","P","United States","00","00","YOUNGSTOWN","OH","44507","2020","18-FEB-19","2019","201902189145520517"
"H0AZ02174","WADSACK, JUSTINE LOUISE","Republican Party","REP","House","H","Arizona","AZ","02","TUCSON","AZ","85716","2020","18-FEB-19","2019","201902189145524812"
"H0MO06180","ABUNDIS, VICTOR","Democratic Party","DEM","House","H","Missouri","MO","06","KANSAS CITY","MO","64155","2020","18-FEB-19","2019","201902189145524747"
"P80004369","AUGUSTSON, ALAN","MAR","MAR","President","P","United States","00","00","ALBUQUERQUE","NM","87111","2020","17-FEB-19","2019","201902179145520239"
"H8SC05240","ALI, MARK ANTHONY","Democratic Party","DEM","House","H","South Carolina","SC","05","ROCK HILL","SC","29732","2020","17-FEB-19","2019","201902179145520508"
"H8CA50163","WELLS, WILLIAM DANIEL","Republican Party","REP","House","H","California","CA","50","EL CAJON","CA","92020","2020","16-FEB-19","2019","201902169145520153"
"H0PA04261","BEADENCUP, RENEE L MS.","Republican Party","REP","House","H","Pennsylvania","PA","04","GILBERTSVILLE","PA","19525","2020","15-FEB-19","2019","201902159145515704"
"P00010116","ANGELO-HAIGHT, SARAH","Independent","IND","President","P","United States","00","00","ASHLAND","MA","01721","2020","15-FEB-19","2019","201902159145519760"
"S0IL00501","HUBBARD, PEGGY","Republican Party","REP","Senate","S","Illinois","IL","00","BELLEVILLE","IL","62223","2020","15-FEB-19","2019","201902159145519755"
"H0NC03131","NIX, MICHELE","Republican Party","REP","House","H","North Carolina","NC","03","KINSTON","NC","28501","2020","15-FEB-19","2019","201902159145519644"
"P00010090","AVINA, CANDACE MARIE BATES","None","NNE","President","P","United States","00","00","SANTA CLARA","CA","95050","2020","14-FEB-19","2019","201902140300267417"
"H0FL20112","JONES, LATERESA ANN","Republican Party","REP","House","H","Florida","FL","20","OCALA","FL","34479","2020","14-FEB-19","2019","201902140300267322"
"P00010181","HILL, ANTHONY DEWAYNE","Democratic Party","DEM","President","P","United States","00","00","ATLANTA","GA","303361927","2020","14-FEB-19","2019","201902190300267704"
"H6MD08457","RASKIN, JAMIE","Democratic Party","DEM","House","H","Maryland","MD","08","TAKOMA PARK","MD","20912","2020","14-FEB-19","2019","201902149145510809"
"H6FL01119","GAETZ, MATT","Republican Party","REP","House","H","Florida","FL","01","FORT WALTON BEACH","FL","32548","2020","14-FEB-19","2019","201902149145511092"
"P20005229","SHREFFLER, DOUG","Democratic Party","DEM","President","P","United States","00","00","SEQUIM","WA","98382","2020","14-FEB-19","2019","201902149145515324"
"H2NY03089","KING, PETE","Republican Party","REP","House","H","New York","NY","02","SEAFORD","NY","117831826","2020","14-FEB-19","2019","201902149145512748"
"S0PA00509","SHIRLEY, SCOTT","Independent","IND","Senate","S","Pennsylvania","PA","00","SHIPPENSBURG","PA","17257","2020","14-FEB-19","2019","201902149145512767"
"P00010108","LEFFERT, AKIVA","Democratic Party","DEM","President","P","United States","00","00","BROOKLYN","NY","11215","2020","14-FEB-19","2019","201902149145512824"
"H6PA08277","FITZPATRICK, BRIAN","Republican Party","REP","House","H","Pennsylvania","PA","01","LANGHORNE","PA","19047","2020","14-FEB-19","2019","201902149145513102"
"H0AL06112","PELLEGRINO, KAYNEN BRYANT","Other","OTH","House","H","Alabama","AL","06","MONTEVALLO","AL","35115","2020","14-FEB-19","2019","201902149145515318"
"H8NY21245","COBB, TEDRA","Democratic Party","DEM","House","H","New York","NY","21","CANTON","NY","13617","2020","14-FEB-19","2019","201902149145511101"
"H8GA07201","BOURDEAUX, CAROLYN","Democratic Party","DEM","House","H","Georgia","GA","07","SUWANEE","GA","30024","2020","13-FEB-19","2019","201902139145507401"
"H0NC04162","SOBIE, CURTIS","Democratic Party","DEM","House","H","North Carolina","NC","04","CARRBORO","NC","27510","2020","13-FEB-19","2019","201902139145510373"
"S0NJ00183","VERGARA, LUIS ED","Write-In","W","Senate","S","New Jersey","NJ","00","NEW PROVIDENCE","NJ","07974","2020","13-FEB-19","2019","201902139145509524"
"H0OK04141","GHAZANFARI, ARASH M","Democratic Party","DEM","House","H","Oklahoma","OK","04","OKLAHOMA CITY","OK","73142","2020","13-FEB-19","2019","201902139145507539"
"H0PA18089","NEVILLS, DONALD RAYMOND","Independent","IND","House","H","Pennsylvania","PA","18","CLAIRTON","PA","15025","2019","12-FEB-19","2019","201902129145505738"
"S0AZ00350","KELLY, MARK","Democratic Party","DEM","Senate","S","Arizona","AZ","00","TUCSON","AZ","85726","2020","12-FEB-19","2019","201902129145505811"
"H6CA22125","MCCARTHY, KEVIN","Republican Party","REP","House","H","California","CA","23","BAKERSFIELD","CA","933892667","2020","12-FEB-19","2019","201902129145505833"
"H8MO03198","GEPPERT, KATY","Democratic Party","DEM","House","H","Missouri","MO","03","SAINT LOUIS","MO","63118","2020","12-FEB-19","2019","201902129145505375"
"H0MO01066","CLAY, WILLIAM LACY JR","Democratic Party","DEM","House","H","Missouri","MO","01","ST LOUIS","","","2020","12-FEB-19","2019","201902120300267075"
"H0PA12173","WHEELAND, JEFF C.","Republican Party","REP","House","H","Pennsylvania","PA","12","MONTOURSVILLE","PA","17754","2019","12-FEB-19","2019","201902129145498584"
"P00010082","GABRIEL, NAJAH KARIMA MS.","Democratic Party","DEM","President","P","United States","00","00","CUMBERLAND","MD","21502","2020","12-FEB-19","2019","201902129145498630"
"H8KS02199","WATKINS, STEVEN C. JR.","Republican Party","REP","House","H","Kansas","KS","02","TOPEKA","KS","66614","2020","12-FEB-19","2019","201902129145505838"
"P00010074","DOLIN, CHRISTOPHER RANDALL","Democratic Party","DEM","President","P","United States","00","00","GREENVILLE","NC","27834","2020","11-FEB-19","2019","201902110300266654"
"H8OH16124","GONZALEZ, ANTHONY E","Republican Party","REP","House","H","Ohio","OH","16","ROCKY RIVER","OH","441162154","2020","11-FEB-19","2019","201902110300266629"
"P60021060","MOHR, ELMER S","NP","NP","President","P","United States","00","00","C00SBAY OREGON","OR","97420","2020","11-FEB-19","2019","201902110300266806"
"P00010033","VILLARI, TIMOTHY MICHAEL MR.","Republican Party","REP","President","P","United States","00","00","AVON LAKE","OH","44012","2020","11-FEB-19","2019","201902119145479082"
"H2TX26093","BURGESS, MICHAEL C. DR.","Republican Party","REP","House","H","Texas","TX","26","DENTON","TX","762022334","2020","11-FEB-19","2019","201902119145496806"
"H0NC03123","FARROW, DARYL MR","Democratic Party","DEM","House","H","North Carolina","NC","03","TRENTON","NC","28585","2020","11-FEB-19","2019","201902119145479117"
"P00010058","KOVACS, CHARLES MR","None","NNE","President","P","United States","00","00","SOMERSET","NJ","08873","2020","11-FEB-19","2019","201902119145496412"
"P00010066","DIAZ, DENNIS A","Democratic Party","DEM","President","P","United States","00","00","WATERBURY","CT","06704","2020","11-FEB-19","2019","201902119145496449"
"P00010041","BEGGARLY, MATTHEW THOMAS MR.","Democratic Party","DEM","President","P","United States","00","00","MOORESVILLE","NC","28115","2020","11-FEB-19","2019","201902119145479115"
"H0NC12116","SMITH, RICHARD","Unaffiliated","UN","House","H","North Carolina","NC","12","CHARLOTTE","NC","28209","2020","10-FEB-19","2019","201902109145478920"
"H2GA13012","SCOTT, DAVID ALBERT","Democratic Party","DEM","House","H","Georgia","GA","13","ATLANTA","GA","30307","2020","10-FEB-19","2019","201902109145479036"
"P00010017","SPIVEY, MARK DOUGLAS","Libertarian Party","LIB","President","P","United States","00","00","ALBANY","NY","12203","2020","10-FEB-19","2019","201902109145479005"
"P00009993","ST LOUIS, STEPHANIE SIMON","Democratic Party","DEM","President","P","United States","00","00","WEST BABYLON","NY","11704","2020","09-FEB-19","2019","201902099145478895"
"P00009985","WEIKERT, STEVEN GABRIEL MR.","Democratic Party","DEM","President","P","United States","00","00","CHICAGO","IL","60613","2019","08-FEB-19","2019","201902089145477520"
"H8CA48035","ROUDA, HARLEY E JR","Democratic Party","DEM","House","H","California","CA","48","NEWPORT BEACH","CA","92660","2020","08-FEB-19","2019","201902089145477760"
"H2MO02102","WAGNER, ANN L.","Republican Party","REP","House","H","Missouri","MO","02","BALLWIN","MO","63022","2020","08-FEB-19","2019","201902089145478212"
"H0NJ07253","PHILLIPS, TOM","Republican Party","REP","House","H","New Jersey","NJ","07","SCOTCH PLAINS","NJ","07076","2020","08-FEB-19","2019","201902089145478179"
"H0FL24189","CHONG, KIRK","Republican Party","REP","House","H","Florida","FL","24","FLAGLER BEACH","FL","32136","2020","08-FEB-19","2019","201902089145478201"
"H0CA01171","CIENKUS, JASON","Democratic Party","DEM","House","H","California","CA","01","LOS ANGELES","CA","90036","2020","08-FEB-19","2019","201902089145478006"
"P00009969","WEISS, RAYNETTE KENNEDY","Democratic Party","DEM","President","P","United States","00","00","WASHINGTON","DC","20002","2020","07-FEB-19","2019","201902070300265948"
"P00009951","PEPPE, JAMES","Republican Party","REP","President","P","United States","00","00","MONTGOMERY","TX","77356","2020","07-FEB-19","2019","201902079145475828"
"H8OH11141","FUDGE, MARCIA L.","Democratic Party","DEM","House","H","Ohio","OH","11","WARRENSVILLE HTS","OH","44122","2020","07-FEB-19","2019","201902079145476036"
"H6IN03229","BANKS, JAMES E HON.","Republican Party","REP","House","H","Indiana","IN","03","FORT WAYNE","IN","468581431","2020","07-FEB-19","2019","201902079145476065"
"H0CA50111","WILSKE, LARRY A MR.","Republican Party","REP","House","H","California","CA","50","DESCANSO","CA","91916","2020","07-FEB-19","2019","201902079145476681"
"H0TX31048","WILLIAMS, MICHAEL HOWARD","Republican Party","REP","House","H","Texas","TX","31","GEORGETOWN","TX","78628","2020","07-FEB-19","2019","201902079145476407"
"H0TX02080","CARDNELL, ELISA","Democratic Party","DEM","House","H","Texas","TX","02","HOUSTON","TX","77098","2020","07-FEB-19","2019","201902079145476451"
"P00009977","ATHANS, JAMES NO MIDDLE NAME JR.","Democratic Party","DEM","President","P","United States","00","00","SAN PEDRO","CA","90731","2020","07-FEB-19","2019","201902079145476498"
"H2OH02085","WENSTRUP, BRAD DR.","Republican Party","REP","House","H","Ohio","OH","02","CINCINNATI","OH","452261121","2020","07-FEB-19","2019","201902079145476503"
"S0SC00289","HARRISON, JAIME","Democratic Party","DEM","Senate","S","South Carolina","SC","00","COLUMBIA","SC","29202","2020","07-FEB-19","2019","201902079145476400"
"P00003897","WALLACE, WILLIAM L","Independent","IND","President","P","United States","00","00","TUSCALOOSA","AL","35405","2020","06-FEB-19","2019","201902060300265552"
"P00009944","ALLRED, ANTHONY JAMES","Democratic Party","DEM","President","P","United States","00","00","MARYSVILLE","WA","98270","2020","06-FEB-19","2019","201902060300265619"
"P00009936","HARRISON, ALVIN","Democratic Party","DEM","President","P","United States","00","00","HOLLISTER","CA","95023","2020","06-FEB-19","2019","201902069145463680"
"S0CO00286","ROMANOFF, ANDREW","Democratic Party","DEM","Senate","S","Colorado","CO","00","DENVER","DC","80209","2020","06-FEB-19","2019","201902069145475267"
"H8MN07102","SHERMAN, JAYESUN ISRAEL MR.","Republican Party","REP","House","H","Minnesota","MN","07","WINDOM","MN","56101","2020","06-FEB-19","2019","201902069145464915"
"H8OH12180","BALDERSON, WILLIAM TROY","Republican Party","REP","House","H","Ohio","OH","12","ZANESVILLE","OH","437028197","2020","06-FEB-19","2019","201902069145464955"
"H2FL25018","DIAZ-BALART, MARIO","Republican Party","REP","House","H","Florida","FL","25","MIAMI","FL","331733512","2020","06-FEB-19","2019","201902069145464392"
"P00009928","FARRIS, JADEN THOMAS MR.","Democratic Party","DEM","President","P","Maryland","MD","00","DAVIDSONVILLE","MD","21035","2020","05-FEB-19","2019","201902059145463641"
"H8NJ04014","SMITH, CHRISTOPHER H","Republican Party","REP","House","H","New Jersey","NJ","04","HAMILTON","NJ","086190184","2020","05-FEB-19","2019","201902059145461151"
"H6AK00045","YOUNG, DONALD E","Republican Party","REP","House","H","Alaska","AK","00","ANCHORAGE","AK","995100298","2020","05-FEB-19","2019","201902059145462800"
"H0NY07084","PEREIRA, AVERY MR","Republican Party","REP","House","H","New York","NY","07","BROOKLYN","NY","11232","2020","05-FEB-19","2019","201902059145462590"
"H0NM02211","MATHYS, CHRIS","Republican Party","REP","House","H","New Mexico","NM","02","LAS CRUCES","NM","88007","2020","05-FEB-19","2019","201902059145462583"
"P00009910","WILLIAMSON, MARIANNE","Democratic Party","DEM","President","P","United States","00","00","SACRAMENTO","CA","95815","2020","04-FEB-19","2019","201902050300265260"
"P00009902","ROCKER, PAMELA DANELLE MRS.","Democratic Party","DEM","President","P","United States","00","00","CINCINNATI","OH","45211","2020","04-FEB-19","2019","201902049145460523"
"H0CA18068","KUMAR, RISHI","Democratic Party","DEM","House","H","California","CA","18","SARATOGA, WYOMING","CA","95070","2020","04-FEB-19","2019","201902049145458900"
"H0CA48156","BRADLEY, JAMES P MR.","Republican Party","REP","House","H","California","CA","48","LAGUNA NIGUEL","CA","92677","2020","04-FEB-19","2019","201902049145458868"
"H0OR05070","NATIONS, JOSEPH","Republican Party","REP","House","H","Oregon","OR","05","SALEM","OR","97301","2020","03-FEB-19","2019","201902039145458589"
"P00009886","CUSTIS, JOSEPH LEE MR JR","Independent","IND","President","P","United States","00","00","WILMINGTON","DE","19801","2020","03-FEB-19","2019","201902039145458483"
"H8OR05206","NATIONS, JOSEPH","Republican Party","REP","House","H","Oregon","OR","05","SALEM","OR","97301","2020","03-FEB-19","2019","201902039145458589"
"P00009860","MANOLATOD, GERASIMOS","Democratic Party","DEM","President","P","United States","00","00","NEW HYDE PARK","NY","11040","2020","02-FEB-19","2019","201902029145458242"
"P00009852","ALCANTARA, CARLOS ANTONIO","None","NNE","President","P","United States","00","00","LEESBURG","FL","34748","2020","02-FEB-19","2019","201902029145458227"
"P00009878","SMITH, JESSE JAMES MR.","Independence Party","IDP","President","P","United States","00","00","CONLEY","GA","30288","2020","02-FEB-19","2019","201902029145458314"
"P20002630","TITTLE, SHEILA 'SAMM'","Independent","IND","President","P","United States","00","00","FREDERICKSBURG","VA","22406","2020","01-FEB-19","2019","201902110300266723"
"P00009795","BOOKER, CORY A.","Democratic Party","DEM","President","P","United States","00","00","NEWARK","NJ","07102","2020","01-FEB-19","2019","201902019145450570"
"H6FL04105","RUTHERFORD, JOHN","Republican Party","REP","House","H","Florida","FL","04","JACKSONVILLE","FL","322248432","2020","01-FEB-19","2019","201902019145451499"
"P00009845","SMALLEY, NADIA B","Democratic Party","DEM","President","P","United States","00","00","CHULA VISTA","CA","91911","2020","01-FEB-19","2019","201902019145453312"
"P00009837","CAMP, JOEY ANTHONY","Independent","IND","President","P","United States","00","00","DENVER","CO","80239","2020","01-FEB-19","2019","201902019145452872"
"S0TX00225","OCEGUEDA, ADRIAN","Democratic Party","DEM","Senate","S","Texas","TX","00","FLOWER MOUND","TX","75028","2020","01-FEB-19","2019","201902019145453112"
"P00009829","CASTANEDA, MAXIMO ALVAREZ MR.","Independent","IND","President","P","United States","00","00","ST. AUGUSTINE","FL","32092","2019","01-FEB-19","2019","201902019145452696"
"H4IL03077","LIPINSKI, DANIEL WILLIAM WILLIAM","Democratic Party","DEM","House","H","Illinois","IL","03","WESTERN SPRINGS","IL","60558","2020","31-JAN-19","2019","201901319145430764"
"S0CO00468","JOHNSTON, MICHAEL C","Democratic Party","DEM","Senate","S","Colorado","CO","00","DENVER","CO","80207","2020","31-JAN-19","2019","201901319144294433"
"P00009779","DANIEL, JUSTIN","Independence Party","IDP","President","P","United States","00","00","WILLIAMSBURG","NM","87942","2019","31-JAN-19","2019","201901319144305170"
"H0NY18065","SERRANO, JOSE E.","Democratic Party","DEM","House","H","New York","NY","15","BRONX","NY","10451","2020","31-JAN-19","2019","201901319144312442"
"H4OK06056","LUCAS, FRANK D.","Republican Party","REP","House","H","Oklahoma","OK","03","CHEYENNE","OK","73628","2020","31-JAN-19","2019","201901319144313270"
"P00009787","COOPER, RICHARD D MR","Democratic Party","DEM","President","P","United States","00","00","DALLAS","TX","75287","2019","31-JAN-19","2019","201901319144313654"
"H8PA18181","LAMB, CONOR","Democratic Party","DEM","House","H","Pennsylvania","PA","17","PITTSBURGH","PA","15228","2020","31-JAN-19","2019","201901319145428764"
"H8VA06104","CLINE, BENJAMIN LEE","Republican Party","REP","House","H","Virginia","VA","06","LEXINGTON","VA","24450","2020","31-JAN-19","2019","201901319144426370"
"H6IN09176","HOLLINGSWORTH, TREY","Republican Party","REP","House","H","Indiana","IN","09","JEFFERSONVILLE","IN","47130","2020","31-JAN-19","2019","201901319145245875"
"H4NJ12149","COLEMAN, BONNIE WATSON","Democratic Party","DEM","House","H","New Jersey","NJ","12","WASHINGTON","DC","20003","2020","31-JAN-19","2019","201901319144294143"
"H8OH01043","CHABOT, STEVE","Republican Party","REP","House","H","Ohio","OH","01","CINCINNATI","OH","452117026","2020","31-JAN-19","2019","201901319145375170"
"H8CO02160","NEGUSE, JOSEPH","Democratic Party","DEM","House","H","Colorado","CO","02","BOULDER","CO","80306","2020","31-JAN-19","2019","201901319145375281"
"H0MA08037","DAR, MOHAMMAD","Democratic Party","DEM","House","H","Massachusetts","MA","08","JAMAICA PLAIN","MA","02130","2020","31-JAN-19","2019","201901319145377513"
"H6NC04037","PRICE, DAVID E.","Democratic Party","DEM","House","H","North Carolina","NC","04","RALEIGH","NC","27602","2020","31-JAN-19","2019","201901319144413192"
"P00009720","DWORAK, FRANK WALTER","Democratic Party","DEM","President","P","United States","00","00","IRVINE","CA","92604","2020","30-JAN-19","2019","201901300300261366"
"H0TX21114","FELTS, MICHAEL JOSEPH MR","Independent","IND","House","H","Texas","TX","21","SAN ANTONIO","TX","78232","2020","30-JAN-19","2019","201901309144220300"
"P00009654","NANTKES, ANDRE","Republican Party","REP","President","P","United States","00","00","SAN MARCOS","CA","92078","2020","30-JAN-19","2019","201901309144167754"
"H0CA24140","KENNEDY, ANGELA","Democratic Party","DEM","House","H","California","CA","24","BEVERLY HILLS","CA","90210","2020","30-JAN-19","2019","201901309144167765"
"H2FL23021","HASTINGS, ALCEE L","Democratic Party","DEM","House","H","Florida","FL","20","WASHINGTON","DC","20515","2020","30-JAN-19","2019","201901309144173617"
"H0OH18077","GIBBS, ROBERT","Republican Party","REP","House","H","Ohio","OH","07","LAKEVILLE","OH","44638","2020","30-JAN-19","2019","201901309144175889"
"P00009696","BEHRMAN, DAN TAXATION IS THEFT","Libertarian Party","LIB","President","P","United States","00","00","LAS VEGAS","NV","89126","2020","30-JAN-19","2019","201901309144191269"
"P00009704","OKUGO, CECILIA","Democratic Party","DEM","President","P","United States","00","00","FORT WORTH","TX","76104","2020","30-JAN-19","2019","201901309144191473"
"H4IN01012","VISCLOSKY, PETER J.","Democratic Party","DEM","House","H","Indiana","IN","01","MERRILLVILLE","IN","46411","2020","30-JAN-19","2019","201901309144208443"
"H0MS04120","PALAZZO, STEVEN MCCARTY","Republican Party","REP","House","H","Mississippi","MS","04","BILOXI","MS","39535","2020","29-JAN-19","2019","201901299144050330"
"S8NY00249","TADESHE, MARY","Unknown","UNK","Senate","S","New York","NY","00","BROOKLYN","NY","11216","2020","29-JAN-19","2019","201901310300262146"
"H0MA10082","KEATING, WILLIAM RICHARD","Democratic Party","DEM","House","H","Massachusetts","MA","09","MONUMENT BEACH","MA","02553","2020","29-JAN-19","2019","201901299144051124"
"H2OH09031","KAPTUR, MARCY HON.","Democratic Party","DEM","House","H","Ohio","OH","09","TOLEDO","OH","43697","2020","29-JAN-19","2019","201901299144053213"
"H0RI02139","LANGEVIN, JAMES R HONORABLE","Democratic Party","DEM","House","H","Rhode Island","RI","02","WARWICK","RI","02818","2020","29-JAN-19","2019","201901299144124100"
"P00009639","MIMS, RUGAR MR.","Independent","IND","President","P","New York","NY","00","ALBANY","NY","12201","2020","29-JAN-19","2019","201901299144124674"
"S8MA00268","AYYADURAI, SHIVA DR","Independent","IND","Senate","S","Massachusetts","MA","00","CAMBRIDGE","MA","02138","2020","29-JAN-19","2019","201901299144131990"
"P00009647","HOLT, JOE KENNETH JR.","Democratic Party","DEM","President","P","District Of Columbia","DC","00","WASHINGTON","DC","20535","2020","29-JAN-19","2019","201901299144136236"
"P00009753","ROBINSON, BELLA","Independent","IND","President","P","United States","00","00","WEST WARWICK","RI","02893","2020","29-JAN-19","2019","201901300300260341"
"H8OH05036","LATTA, ROBERT EDWARD","Republican Party","REP","House","H","Ohio","OH","05","BOWLING GREEN","","","2020","29-JAN-19","2019","201901300300260346"
"H4NY09090","AZUMAH, JOEL","Unknown","UNK","House","H","New York","NY","09","BROOKLYN","NY","11203","2020","29-JAN-19","2019","201901300300259121"
"P00009712","MARC, JONATHAN","Democratic Party","DEM","President","P","United States","00","00","ATLANTA","GA","30331","2020","29-JAN-19","2019","201901300300259249"
"P60015948","WILLIAMS, SAUL III","Democratic Party","DEM","President","P","United States","00","00","LAS VEGAS","NV","89119","2020","29-JAN-19","2019","201901300300259523"
"P00009761","ESTRADA, RAOUL A DR. MD. ESQ","Other","OTH","President","P","United States","00","00","LOS BANOS","CA","93635","2020","29-JAN-19","2019","201901300300260327"
"P00009746","EGAN, WILLIAM CARL","Republican Party","REP","President","P","United States","00","00","MINOT","ND","58701","2020","29-JAN-19","2019","201901300300260424"
"P00009688","VILLAGRANA, JOSE ARNOLD","Democratic Party","DEM","President","P","United States","00","00","OSWEGO","IL","60543","2020","29-JAN-19","2019","201901300300258694"
"P00009670","MERONEY, JAMES","Democratic Party","DEM","President","P","United States","00","00","PLANO","TX","75024","2020","29-JAN-19","2019","201901300300258621"
"S0NC00285","FULLER, TREVOR MICHAEL","Democratic Party","DEM","Senate","S","North Carolina","NC","00","CHARLOTTE","NC","28217","2020","29-JAN-19","2019","201901300300258799"
"H6CO05159","LAMBORN, DOUGLAS","Republican Party","REP","House","H","Colorado","CO","05","COLORADO SPRINGS","CO","80962","2020","29-JAN-19","2019","201901299144144801"
"H8MS03125","GUEST, MICHAEL PATRICK","Republican Party","REP","House","H","Mississippi","MS","03","BRANDON","MS","39043","2020","29-JAN-19","2019","201901299144050342"
"H2OH03067","TURNER, MICHAEL R","Republican Party","REP","House","H","Ohio","OH","10","DAYTON","","","2020","28-JAN-19","2019","201901280300256120"
"H0CA30139","FABRICANT, DANNY","Republican Party","REP","House","H","California","CA","30","LOMPOC","CA","934362706","2020","28-JAN-19","2019","201901280300256197"
"P00009613","PERKINS, KYRIAL GREGORY","Independent","IND","President","P","United States","00","00","EULESS","TX","76039","2020","28-JAN-19","2019","201901289144049429"
"H0MN04171","SANDBECK, DAVID ANDREW","Democratic-Farmer-Labor","DFL","House","H","Minnesota","MN","04","MAPLEWOOD","MN","55107","2020","28-JAN-19","2019","201901289144034973"
"P00009571","THISTLE, DAVID JOHN MR.","Democratic Party","DEM","President","P","United States","00","00","THE WOODLANDS","TX","77380","2020","28-JAN-19","2019","201901289144039188"
"P00001099","MARCINEK, ALOYSIUS R","Independent","IND","President","P","United States","00","00","MIDDLEBURG HTS","OH","44130","2020","28-JAN-19","2019","201901280300256383"
"H2TX33073","VEASEY, MARC ALLISON MR.","Democratic Party","DEM","House","H","Texas","TX","33","FORT WORTH","TX","76105","2020","28-JAN-19","2019","201901289144042477"
"P00009589","TATE, ALEXANDRIA","Republican Party","REP","President","P","New York","NY","00","ITHACA","NY","14850","2020","28-JAN-19","2019","201901289144043653"
"P00009597","DELGADO, JIMMY DR","Democratic Party","DEM","President","P","United States","00","00","NEW BRAUNFELS","TX","78130","2020","28-JAN-19","2019","201901289144043722"
"P00009605","DIETRICH, GEORGE WAYNE MR. II","Democratic Party","DEM","President","P","United States","00","00","BLUEFIELD","WV","24701","2020","28-JAN-19","2019","201901289144044177"
"P00009662","HAAS, WILLIAM C (BILL)","Democratic Party","DEM","President","P","United States","00","00","ST LOUIS","MO","63108","2020","28-JAN-19","2019","201901290300257855"
"H0AL05163","BROOKS, MO","Republican Party","REP","House","H","Alabama","AL","05","HUNTSVILLE","AL","35802","2020","28-JAN-19","2019","201901289144042161"
"P00009555","MA, JAMES","Democratic Party","DEM","President","P","United States","00","00","CALDWELL","ID","83605","2020","27-JAN-19","2019","201901279144013034"
"P00009548","PRICE, CARROLL MONTAGUE MS./MR. JR.","Democratic Party","DEM","President","P","United States","00","00","LEXINGTON","KY","40504","2020","27-JAN-19","2019","201901279144006367"
"P00009563","AEBI, ESTHER CAROLINE","Democratic Party","DEM","President","P","United States","00","00","SAN MATEO","CA","94403","2020","27-JAN-19","2019","201901279144013050"
"H0MI03126","AMASH, JUSTIN","Republican Party","REP","House","H","Michigan","MI","03","GRAND RAPIDS","MI","495064360","2020","26-JAN-19","2019","201901269144004707"
"H0NY11078","MALLIOTAKIS, NICOLE","Republican Party","REP","House","H","New York","NY","11","STATEN ISLAND","NY","10308","2020","25-JAN-19","2019","201901259143980508"
"H8NY21203","TONKO, PAUL DAVID","Democratic Party","DEM","House","H","New York","NY","20","ALBANY","NY","12206","2020","25-JAN-19","2019","201901259143981053"
"H0IA04145","FEENSTRA, RANDALL","Republican Party","REP","House","H","Iowa","IA","04","HULL","IA","51239","2020","25-JAN-19","2019","201901259143982866"
"H4MI04118","MITCHELL, PAUL III","Republican Party","REP","House","H","Michigan","MI","10","DRYDEN","MI","48428","2020","25-JAN-19","2019","201901259144002429"
"H2GA12121","ALLEN, RICHARD W","Republican Party","REP","House","H","Georgia","GA","12","AUGUSTA","GA","30904","2020","25-JAN-19","2019","201901259143992553"
"H6GA03113","FERGUSON, ANDERSON DREW IV","Republican Party","REP","House","H","Georgia","GA","03","WEST POINT","GA","31833","2020","25-JAN-19","2019","201901259143992987"
"H8IL03102","NEWMAN, MARIE","Democratic Party","DEM","House","H","Illinois","IL","03","LA GRANGE","IL","60525","2020","25-JAN-19","2019","201901259144000356"
"P00009530","CHAVEZ, EMILIO REV JR","Independent","IND","President","P","United States","00","00","UVALDE","TX","78801","2020","25-JAN-19","2019","201901259143986245"
"P00009514","BITTAY-D'INTINO, CARRIE RN","Democratic Party","DEM","President","P","United States","00","00","ALBUQUERQUE","NM","87102","2020","24-JAN-19","2019","201901249143979019"
"H8MO01143","BUSH, CORI","Democratic Party","DEM","House","H","Missouri","MO","01","FLORISSANT","MO","63031","2020","24-JAN-19","2019","201901249143953374"
"H2SC02059","WILSON, JOE THE HON.","Republican Party","REP","House","H","South Carolina","SC","02","WEST COLUMBIA","SC","291712145","2020","24-JAN-19","2019","201901249143953641"
"H2NY17071","NADLER, JERROLD","Democratic Party","DEM","House","H","New York","NY","10","NEW YORK","NY","10024","2020","24-JAN-19","2019","201901249143954751"
"H0IA04137","TAYLOR, JEREMY","Republican Party","REP","House","H","Iowa","IA","04","SIOUX CITY","IA","51104","2020","24-JAN-19","2019","201901249143950574"
"H2VI00082","PLASKETT, STACEY","Democratic Party","DEM","House","H","U.S. Virgin Islands","VI","00","FREDERIKSTED","VI","00841","2020","24-JAN-19","2019","201901249143961832"
"H6LA04138","JOHNSON, JAMES MICHAEL","Republican Party","REP","House","H","Louisiana","LA","04","BENTON","LA","710069331","2020","24-JAN-19","2019","201901249143967893"
"P00009506","FRASER, AARON","Democratic Party","DEM","President","P","New Jersey","NJ","00","JERSEY CITY","NJ","07305","2020","24-JAN-19","2019","201901249143972171"
"H0NV04015","MARCHANT, JIM","Republican Party","REP","House","H","Nevada","NV","04","LAS VEGAS","NV","89107","2020","24-JAN-19","2019","201901249143957936"
"P00009480","DESUASIDO, IVAN-JAN CRUZ MR.","Green Party","GRE","President","P","United States","00","00","DALY CITY","CA","94015","2020","23-JAN-19","2019","201901239143916353"
"H6CA20152","PANETTA, JIMMY","Democratic Party","DEM","House","H","California","CA","20","CARMEL VALLEY","CA","93924","2020","22-JAN-19","2019","201901229143904446"
"H0MN04049","MCCOLLUM, BETTY","Democratic-Farmer-Labor","DFL","House","H","Minnesota","MN","04","ST PAUL","MN","55114","2020","22-JAN-19","2019","201901229143916337"
"H2IL10068","SCHNEIDER, BRADLEY S.","Democratic Party","DEM","House","H","Illinois","IL","10","DEERFIELD","IL","60015","2020","22-JAN-19","2019","201901229143904706"
"H8IL04134","GARCIA, JESUS","Democratic Party","DEM","House","H","Illinois","IL","04","CHICAGO","IL","60609","2020","22-JAN-19","2019","201901229143904707"
"H0TX22161","MOORE, NYANZA DAVIS","Democratic Party","DEM","House","H","Texas","TX","22","PEARLAND","TX","77584","2019","22-JAN-19","2019","201901229143905422"
"P00009464","HIPPLE, HUNTER","Independent","IND","President","P","United States","00","00","COLUMBUS","OH","43220","2020","22-JAN-19","2019","201901229143906683"
"H0MI10238","NOLAND, KELLY LYNN MRS","Democratic Party","DEM","House","H","Michigan","MI","10","CHESTERFIELD","MI","48047","2020","22-JAN-19","2019","201901229143909878"
"H2CA39078","SANCHEZ, LINDA","Democratic Party","DEM","House","H","California","CA","38","NORWALK","CA","90652","2020","22-JAN-19","2019","201901229143902853"
"H4AR04048","WESTERMAN, BRUCE","Republican Party","REP","House","H","Arkansas","AR","04","HOT SPRINGS","AR","71901","2020","22-JAN-19","2019","201901229143903852"
"H0TX23086","HURD, WILLIAM","Republican Party","REP","House","H","Texas","TX","23","SAN ANTONIO","TX","78245","2020","22-JAN-19","2019","201901229143903853"
"H8PA05204","FRIEDENBERG, MARC","Democratic Party","DEM","House","H","Pennsylvania","PA","12","PINE GROVE MILLS","PA","16868","2019","22-JAN-19","2019","201901229143904348"
"H2TX23082","CUELLAR, HENRY","Democratic Party","DEM","House","H","Texas","TX","28","LAREDO","TX","78040","2020","22-JAN-19","2019","201901229143904438"
"H0HI02155","KAHELE, KAIALI'I","Democratic Party","DEM","House","H","Hawaii","HI","02","HILO","HI","96720","2020","22-JAN-19","2019","201901229143915376"
"H0NY09080","JAMES, ISIAH","Democratic Party","DEM","House","H","New York","NY","09","BROOKLYN","NY","11234","2020","22-JAN-19","2019","201901229143915381"
"P00009472","DE LA TORRE, CHRISTOPHER JOSEPH","Republican Party","REP","President","P","United States","00","00","SALEM","OR","97305","2020","22-JAN-19","2019","201901229143915934"
"H8MA02041","NEAL, RICHARD E MR.","Democratic Party","DEM","House","H","Massachusetts","MA","01","SPRINGFIELD","MA","01107","2020","22-JAN-19","2019","201901229143915959"
"H2CA33048","ROYBAL-ALLARD, LUCILLE","Democratic Party","DEM","House","H","California","CA","40","DOWNEY","CA","90241","2020","22-JAN-19","2019","201901229143904486"
"H8NC03068","LAW, PHILIP JOSEPH MR.","Republican Party","REP","House","H","North Carolina","NC","03","SWANSBORO","NC","28546","2020","21-JAN-19","2019","201901219143902252"
"P00009449","NATZLE, BRENT JAY MR","Republican Party","REP","President","P","United States","00","00","ENDICOTT","NY","13760","2020","21-JAN-19","2019","201901219143902414"
"P00009456","WILSON, KURTIS KING MR","Democratic Party","DEM","President","P","United States","00","00","WALNUT","CA","91789","2020","21-JAN-19","2019","201901219143902437"
"P00009431","ELIAS, BENJAMIN MARC MR.","Unaffiliated","UN","President","P","United States","00","00","SIMI VALLEY","CA","93065","2020","21-JAN-19","2019","201901219143902229"
"P00009423","HARRIS, KAMALA D.","Democratic Party","DEM","President","P","United States","00","00","WASHINGTON","DC","20001","2020","21-JAN-19","2019","201901219143894104"
"H8FL13136","BUCK, GEORGE WILLIAM PHD","Republican Party","REP","House","H","Florida","FL","13","ST PETERSBURG","FL","33734","2020","21-JAN-19","2019","201901219143899546"
"H4PA13199","BOYLE, BRENDAN F","Democratic Party","DEM","House","H","Pennsylvania","PA","02","PHILADELPHIA","PA","19116","2020","21-JAN-19","2019","201901219143894064"
"P00009399","LECHKO, BLAINE RUSSELL","Democratic Party","DEM","President","P","United States","00","00","LADORA","IA","52251","2020","20-JAN-19","2019","201901209143893889"
"P00009415","CATS, SEYMOUR","Write-In","W","President","P","Pennsylvania","PA","00","BENSALEM","PA","19020","2020","20-JAN-19","2019","201901209143893901"
"P00009407","GROSS, ALEX LLOYD","Independent","IND","President","P","Pennsylvania","PA","00","BENSALEM","PA","19020","2020","20-JAN-19","2019","201901209143893900"
"S0ME00079","VANHELSING, DANIELLE RAVYN","Independent","IND","Senate","S","Maine","ME","00","SANGERVILLE","ME","04479","2020","19-JAN-19","2019","201901199143874922"
"S0CO00450","ZORNIO, PATRICIA ANNE","Democratic Party","DEM","Senate","S","Colorado","CO","00","SUPERIOR","CO","80027","2020","19-JAN-19","2019","201901199143874561"
"H0TX23151","BOHLIN, JOHN RICHARD","Republican Party","REP","House","H","Texas","TX","23","TEMPLE","TX","76502","2020","18-JAN-19","2019","201901189143864510"
"P00009373","KINCADE, ROSE","Other","OTH","President","P","United States","00","00","FLAGSTAFF","AZ","86003","2020","18-JAN-19","2019","201901189143866063"
"H0GA06168","BEACH, BRANDON","Republican Party","REP","House","H","Georgia","GA","06","ALPHARETTA","GA","30009","2019","18-JAN-19","2019","201901189143868611"
"H0NY22075","SAGER, FRANKLIN WALTON MR.","Republican Party","REP","House","H","New York","NY","22","PORT CRANE","NY","13833","2020","18-JAN-19","2019","201901189143874481"
"H0TX26121","IANNUZZI, CAROL HIGBEE","Democratic Party","DEM","House","H","Texas","TX","26","LEWISVILLE","TX","75067","2020","18-JAN-19","2019","201901189143873562"
"P00009381","EDWARDS., JASENL LEMAR LTG. EXECUTOR.","Write-In","W","President","P","United States","00","00","ABQ. EDWARDS PROVINCE. UM.","NM","871019998","2020","18-JAN-19","2019","201901189143873568"
"H8AZ05154","GREENE, JOAN","Democratic Party","DEM","House","H","Arizona","AZ","05","PHOENIX","AZ","85044","2020","18-JAN-19","2019","201901189143873891"
"H6OR03064","BLUMENAUER, EARL","Democratic Party","DEM","House","H","Oregon","OR","03","PORTLAND","OR","97214","2020","18-JAN-19","2019","201901189143870171"
"H8TX03099","BURCH, LORIE","Democratic Party","DEM","House","H","Texas","TX","03","PLANO","TX","75024","2020","17-JAN-19","2019","201901280300255403"
"H4NY27076","HIGGINS, BRIAN","Democratic Party","DEM","House","H","New York","NY","26","BUFFALO","NY","14220","2020","17-JAN-19","2019","201901179143850207"
"H2NY22139","MALONEY, SEAN PATRICK","Democratic Party","DEM","House","H","New York","NY","18","NEWBURGH","NY","12550","2020","17-JAN-19","2019","201901179143850228"
"H0GA07190","COLE, MARQUS A.","Democratic Party","DEM","House","H","Georgia","GA","07","SNELLVILLE","GA","30078","2020","17-JAN-19","2019","201901179143862422"
"H8IN06129","PENCE, GREGORY J.","Republican Party","REP","House","H","Indiana","IN","06","TAYLORSVILLE","IN","47280","2020","17-JAN-19","2019","201901179143854182"
"H6GA05217","LEWIS, JOHN R","Democratic Party","DEM","House","H","Georgia","GA","05","ATLANTA","GA","30301","2020","17-JAN-19","2019","201901179143854439"
"H2NY00010","VELAZQUEZ, NYDIA M.","Democratic Party","DEM","House","H","New York","NY","07","BROOKLYN","NY","11231","2020","17-JAN-19","2019","201901179143852849"
"P00009324","YOUNG, STEVEN JAY","Write-In","W","President","P","United States","00","00","FRONT ROYAL","VA","22630","2020","16-JAN-19","2019","201901169143829516"
"H0CA50103","BALKIN, ALEX","Democratic Party","DEM","House","H","California","CA","50","SAN MARCOS","CA","92078","2020","16-JAN-19","2019","201901169143829523"
"H6VT00160","WELCH, PETER MR.","Democratic Party","DEM","House","H","Vermont","VT","00","BURLINGTON","VT","05402","2020","16-JAN-19","2019","201901169143830061"
"H0TX10208","SIEGEL, MIKE","Democratic Party","DEM","House","H","Texas","TX","10","AUSTIN","TX","78701","2020","16-JAN-19","2019","201901169143842055"
"P00009357","MARMORATO, LISA JANE","None","NNE","President","P","United States","00","00","CORAL SPRINGS","FL","33071","2020","16-JAN-19","2019","201901169143832986"
"H0FL22068","MARMORATO, LISA","None","NNE","House","H","Florida","FL","22","CORAL SPRINGS","FL","33071","2020","16-JAN-19","2019","201901169143833019"
"H8WI01156","STEIL, BRYAN GEORGE","Republican Party","REP","House","H","Wisconsin","WI","01","JANESVILLE","WI","535469389","2020","16-JAN-19","2019","201901169143833457"
"H0AZ01358","PUTZOVA, EVA","Democratic Party","DEM","House","H","Arizona","AZ","01","FLAGSTAFF","AZ","86004","2020","16-JAN-19","2019","201901169143832796"
"P00009282","HOLLOWAY, DANIEL M","Democratic Party","DEM","President","P","United States","00","00","CAPE CORAL","FL","33993","2020","15-JAN-19","2019","201901159143820026"
"H6WA09025","SMITH, D. ADAM","Democratic Party","DEM","House","H","Washington","WA","09","RENTON","WA","98057","2020","15-JAN-19","2019","201901159143826331"
"H0WA08046","DELBENE, SUZAN K","Democratic Party","DEM","House","H","Washington","WA","01","KIRKLAND","WA","98083","2020","15-JAN-19","2019","201901159143826358"
"P00009316","ARMSTEAD, MARTINA","Democratic Party","DEM","President","P","United States","00","00","TRIANGLE","VA","22172","2020","15-JAN-19","2019","201901159143828498"
"P00009290","GILLIBRAND, KIRSTEN","Democratic Party","DEM","President","P","United States","00","00","WASHINGTON","DC","20013","2020","15-JAN-19","2019","201901159143828162"
"P00009308","MOLDAFSKY, ROBERT ION","Democratic Party","DEM","President","P","United States","00","00","WILDWOOD","MO","63005","2020","15-JAN-19","2019","201901159143828344"
"H2WA06129","KILMER, DEREK","Democratic Party","DEM","House","H","Washington","WA","06","TACOMA","WA","98402","2020","15-JAN-19","2019","201901159143826649"
"H2CA50026","VARGAS, JUAN C.","Democratic Party","DEM","House","H","California","CA","51","SAN DIEGO","CA","921022008","2020","14-JAN-19","2019","201901149143817471"
"P00009274","BERGFIELD, CRYSTAL","Independent","IND","President","P","United States","00","00","BROOMFIELD","CO","80020","2020","14-JAN-19","2019","201901149143818866"
"P00009233","MAPP, HARRY TYRONE","Democratic Party","DEM","President","P","United States","00","00","WINDSOR","CT","06095","2020","14-JAN-19","2019","201901149143808565"
"H4MI04126","MOOLENAAR, JOHN MR.","Republican Party","REP","House","H","Michigan","MI","04","MIDLAND","MI","486402614","2020","14-JAN-19","2019","201901149143812862"
"P00009258","REED, JOSHUA JAMES","Democratic Party","DEM","President","P","United States","00","00","COEUR D'ALENE","ID","83814","2020","14-JAN-19","2019","201901149143808744"
"H8PA18199","RESCHENTHALER, GUY MR.","Republican Party","REP","House","H","Pennsylvania","PA","14","PITTSBURGH","PA","15222","2020","14-JAN-19","2019","201901149143812531"
"P00009241","KNEIP, KODY ALLEN","Republican Party","REP","President","P","United States","00","00","TEXAS CITY","TX","77590","2020","14-JAN-19","2019","201901149143808637"
"P00009217","ACKER, BRANDON W","Democratic Party","DEM","President","P","United States","00","00","WHITEVILLE","NC","28472","2020","12-JAN-19","2019","201901129143807753"
"P00009209","SHACKETT, THOMAS JON","Unaffiliated","UN","President","P","United States","00","00","SAINT PAUL","MN","55117","2020","12-JAN-19","2019","201901129143807511"
"P00009191","OTT, MICHAEL JAMES MR.","Independent","IND","President","P","Wisconsin","WI","00","HUDSON","WI","54016","2020","12-JAN-19","2019","201901129143807453"
"P00009225","SENEY, RAYMOND J","Democratic Party","DEM","President","P","United States","00","00","EAST NASSAU","NY","12062","2020","12-JAN-19","2019","201901129143807754"
"H0NY29054","REED, THOMAS W","Republican Party","REP","House","H","New York","NY","23","CORNING","NY","148302442","2020","11-JAN-19","2019","201901119143793537"
"H0IA04129","RICHARDS, BRET A DR.","Republican Party","REP","House","H","Iowa","IA","04","IRWIN","IA","51446","2020","11-JAN-19","2019","201901119143803754"
"P00009183","GABBARD, TULSI","Democratic Party","DEM","President","P","United States","00","00","KAPOLEI","HI","96707","2020","11-JAN-19","2019","201901119143806762"
"P00009167","BRAINARD, CHRISTOPHER","Republican Party","REP","President","P","United States","00","00","ROCKWALL","TX","75032","2020","11-JAN-19","2019","201901119143806261"
"P00009175","PIG, REFINO","Republican Party","REP","President","P","United States","00","00","GREENSBORO","NC","27406","2020","11-JAN-19","2019","201901119143806690"
"H2CA08164","COOK, PAUL","Republican Party","REP","House","H","California","CA","08","YUCCA VALLEY","CA","922860365","2020","11-JAN-19","2019","201901119143806246"
"H0SC01360","COVERT, MICHAEL","Republican Party","REP","House","H","South Carolina","SC","01","BLUFFTON","SC","29910","2020","10-JAN-19","2019","201901109143784126"
"H4CA35031","TORRES, NORMA","Democratic Party","DEM","House","H","California","CA","35","ONTARIO","CA","91764","2020","10-JAN-19","2019","201901109143786163"
"H0NY16127","BELVIN, KENNETH LEWIS III","Democratic Party","DEM","House","H","New York","NY","16","NEW ROCHELLE","NY","10801","2020","10-JAN-19","2019","201901109143784873"
"H4NC01046","BUTTERFIELD, GEORGE K.","Democratic Party","DEM","House","H","North Carolina","NC","01","WILSON","NC","27893","2020","10-JAN-19","2019","201901109143784753"
"H8IL09067","SCHAKOWSKY, JANICE D","Democratic Party","DEM","House","H","Illinois","IL","09","EVANSTON","IL","60202","2020","09-JAN-19","2019","201901099143778139"
"P00009159","GONZALEZ, RAYMOND MR.","Write-In","W","President","P","United States","00","00","FREDERICKSBURG","VA","22407","2020","09-JAN-19","2019","201901099143778145"
"H4AZ07043","GALLEGO, RUBEN","Democratic Party","DEM","House","H","Arizona","AZ","07","PHOENIX","AZ","85001","2020","09-JAN-19","2019","201901099143774381"
"H0OR01145","HOFSHEIER, RICK","No Party Affiliation","NPA","House","H","Oregon","OR","01","PORTLAND","OR","97225","2019","09-JAN-19","2019","201901099143773567"
"H6FL09187","GRAYSON, DENA MD, PHD","Democratic Party","DEM","House","H","Florida","FL","08","ORLANDO","FL","32835","2020","09-JAN-19","2019","201901099143773888"
"H8MN08043","STAUBER, PETER ALLEN","Republican Party","REP","House","H","Minnesota","MN","08","HERMANTOWN","MN","55811","2020","09-JAN-19","2019","201901099143773566"
"H6OR04203","PERKINS, JO RAE","Republican Party","REP","House","H","Oregon","OR","04","ALBANY","OR","97321","2020","08-JAN-19","2019","201901089143760039"
"S0KS00208","LATURNER, JAKE","Republican Party","REP","Senate","S","Kansas","KS","00","TOPEKA","KS","66614","2020","08-JAN-19","2019","201901089143761569"
"H0MO04086","HARTZLER, VICKY","Republican Party","REP","House","H","Missouri","MO","04","HARRISONVILLE","MO","647016300","2020","08-JAN-19","2019","201901089143772202"
"H8NM02156","HERRELL, STELLA YVETTE","Republican Party","REP","House","H","New Mexico","NM","02","ALAMOGORDO","NM","883114338","2020","08-JAN-19","2019","201901089143766176"
"H0MN01045","HAGEDORN, JAMES","Republican Party","REP","House","H","Minnesota","MN","01","BLUE EARTH","MN","560131317","2020","08-JAN-19","2019","201901089143771962"
"H6GA04129","JOHNSON, HENRY C. 'HANK","Democratic Party","DEM","House","H","Georgia","GA","04","DECATUR","GA","30034","2020","08-JAN-19","2019","201901089143764491"
"H8IL14174","UNDERWOOD, LAUREN","Democratic Party","DEM","House","H","Illinois","IL","14","OSWEGO","IL","60543","2020","07-JAN-19","2019","201901079143759818"
"H2KY04121","MASSIE, THOMAS H.","Republican Party","REP","House","H","Kentucky","KY","04","NEWPORT","KY","41072","2020","07-JAN-19","2019","201901079143738493"
"P00009142","CLEVELAND, TAYLOR","Independent American Party","IAP","President","P","United States","00","00","DALLAS","TX","75206","2020","07-JAN-19","2019","201901079143759313"
"H6CA05195","MATSUI, DORIS","Democratic Party","DEM","House","H","California","CA","06","SACRAMENTO","CA","95812","2020","07-JAN-19","2019","201901079143755237"
"H2OH17109","RYAN, TIMOTHY J.","Democratic Party","DEM","House","H","Ohio","OH","13","NILES","OH","44446","2020","07-JAN-19","2019","201901079143755304"
"H8TX06233","WRIGHT, RON","Republican Party","REP","House","H","Texas","TX","06","ARLINGTON","TX","76017","2020","07-JAN-19","2019","201901079143738844"
"H6NJ13191","SIRES, ALBIO","Democratic Party","DEM","House","H","New Jersey","NJ","08","WEST NEW YORK","NJ","07093","2020","06-JAN-19","2019","201901069143737320"
"H0KY06104","BARR, GARLAND ANDY","Republican Party","REP","House","H","Kentucky","KY","06","LEXINGTON","KY","405882059","2020","06-JAN-19","2019","201901069143737650"
"H0LA01087","SCALISE, STEVE MR","Republican Party","REP","House","H","Louisiana","LA","01","JEFFERSON","LA","70183","2020","06-JAN-19","2019","201901069143738375"
"H6FL02208","DUNN, NEAL PATRICK MD, FACS","Republican Party","REP","House","H","Florida","FL","02","PANAMA CITY","FL","32406","2020","06-JAN-19","2019","201901069143738047"
"H6TX12060","GRANGER, KAY","Republican Party","REP","House","H","Texas","TX","12","FORT WORTH","TX","761076547","2020","06-JAN-19","2019","201901069143738158"
"H0WI07051","DUFFY, SEAN","Republican Party","REP","House","H","Wisconsin","WI","07","WAUSAU","WI","544020538","2020","06-JAN-19","2019","201901069143737965"
"H8FL15230","SPANO, VINCENT ROSS","Republican Party","REP","House","H","Florida","FL","15","RIVERVIEW","FL","33578","2020","05-JAN-19","2019","201901059143735604"
"H0TN04195","DESJARLAIS, SCOTT HON.","Republican Party","REP","House","H","Tennessee","TN","04","SOUTH PITTSBURG","TN","373806414","2020","05-JAN-19","2019","201901059143735757"
"H0PA03271","KELLY, GEORGE J JR","Republican Party","REP","House","H","Pennsylvania","PA","16","BUTLER","PA","16001","2020","05-JAN-19","2019","201901059143736662"
"H8CO06294","KULIKOWSKI, JAIMIE AFRICAN POLISH JEW","Republican Party","REP","House","H","Colorado","CO","06","DENVER","CO","80247","2020","05-JAN-19","2019","201901059143736660"
"H0NC01093","CARTER, DEANDRE ANTWAN","Democratic Party","DEM","House","H","North Carolina","NC","01","DURHAM","NC","27701","2020","05-JAN-19","2019","201901059143735916"
"H8TX29052","GARCIA, SYLVIA","Democratic Party","DEM","House","H","Texas","TX","29","HOUSTON","TX","77249","2020","04-JAN-19","2019","201901049143727365"
"H0OH09142","CRIST, TERRY VINCENT MR.","Republican Party","REP","House","H","Ohio","OH","09","AVON LAKE","OH","44012","2020","04-JAN-19","2019","201901049143728068"
"S0IL00493","STAVA-MURRAY, ANNE MICHELE MOST RECEN","Democratic Party","DEM","Senate","S","Illinois","IL","00","NAPERVILLE","IL","60565","2020","04-JAN-19","2019","201901049143735514"
"H8TN02119","BURCHETT, TIM","Republican Party","REP","House","H","Tennessee","TN","02","KNOXVILLE","TN","37950","2020","04-JAN-19","2019","201901049143728543"
"H0GA13107","HUNTER, AMBER L MS.","Democratic Party","DEM","House","H","Georgia","GA","13","FAIRBURN","GA","30213","2020","04-JAN-19","2019","201901049143728074"
"H0IA04111","KRULL, AARON THOMAS","Republican Party","REP","House","H","Iowa","IA","04","ALTON","IA","51003","2020","03-JAN-19","2019","201901039143704718"
"H8NE02220","EASTMAN, KARA","Democratic Party","DEM","House","H","Nebraska","NE","02","OMAHA","NE","68132","2020","03-JAN-19","2019","201901039143704804"
"H8TX05144","GOODEN, LANCE","Republican Party","REP","House","H","Texas","TX","05","TERRELL","TX","75160","2020","03-JAN-19","2019","201901039143706278"
"H6CO03139","TIPTON, SCOTT R.","Republican Party","REP","House","H","Colorado","CO","03","CORTEZ","CO","813219384","2020","03-JAN-19","2019","201901039143727010"
"H8FL15180","LEARNED, ANDREW","Democratic Party","DEM","House","H","Florida","FL","15","VALRICO","FL","33596","2020","03-JAN-19","2019","201901039143706560"
"H4AL01123","BYRNE, BRADLEY ROBERTS","Republican Party","REP","House","H","Alabama","AL","01","MOBILE","AL","366522743","2020","03-JAN-19","2019","201901039143726860"
"H8OK01157","HERN, KEVIN","Republican Party","REP","House","H","Oklahoma","OK","01","TULSA","OK","74132","2020","03-JAN-19","2019","201901039143706279"
"H8PA15260","BROWNING, DEAN NAPIER","Republican Party","REP","House","H","Pennsylvania","PA","07","ALLENTOWN","PA","18104","2020","02-JAN-19","2019","201901029143695765"
"P00009134","BEEBE, JORRAN LEE","Democratic Party","DEM","President","P","United States","00","00","MARSHALLTOWN","IA","50158","2020","02-JAN-19","2019","201901029143697302"
"H6MD08549","TRONE, DAVID","Democratic Party","DEM","House","H","Maryland","MD","06","POTOMAC","MD","20854","2020","02-JAN-19","2019","201901029143695746"
"P00009126","GROSS, KENNETH BRUCE VAN DR.","Unaffiliated","UN","President","P","United States","00","00","PHILADELPHIA","PA","19147","2020","02-JAN-19","2019","201901029143695723"
"H4MI07103","WALBERG, TIMOTHY L REP","Republican Party","REP","House","H","Michigan","MI","07","TIPTON","MI","492879807","2020","02-JAN-19","2019","201901029143698391"
"H2OR01133","BONAMICI, SUZANNE MS.","Democratic Party","DEM","House","H","Oregon","OR","01","BEAVERTON","OR","97075","2020","01-JAN-19","2019","201901019143695619"
"H4NC12100","ADAMS, ALMA SHEALEY","Democratic Party","DEM","House","H","North Carolina","NC","12","CHARLOTTE","NC","28202","2020","01-JAN-19","2019","201901019143695621"
"H8CA01257","DENNEY, AUDREY L","Democratic Party","DEM","House","H","California","CA","01","CHICO","CA","95927","2020","01-JAN-19","2019","201901019143695620"
"H8CA50098","CAMPA-NAJJAR, AMMAR","Democratic Party","DEM","House","H","California","CA","50","JAMUL","CA","91935","2020","31-DEC-18","2018","201812319143687569"
"P00009621","WARREN, ELIZABETH","Democratic Party","DEM","President","P","United States","00","00","CAMBRIDGE","MA","02138","2020","31-DEC-18","2018","201901280300256790"
"H8OK05109","HORN, KENDRA","Democratic Party","DEM","House","H","Oklahoma","OK","05","OKLAHOMA CITY","OK","73112","2020","31-DEC-18","2018","201812319143693881"
"P00009100","FRANCISCO, HUBERT SEAN","Write-In","W","President","P","Kentucky","KY","00","RICHMOND","KY","40475","2020","31-DEC-18","2018","201812319143693773"
"H0TX22153","WALZ, THADDEUS JOSEPH","Republican Party","REP","House","H","Texas","TX","22","RICHMOND","TX","77406","2020","29-DEC-18","2018","201812299143682073"
"H8NM03196","LUJAN, BEN R MR.","Democratic Party","DEM","House","H","New Mexico","NM","03","SANTA FE","NM","87506","2020","28-DEC-18","2018","201812289143681601"
"H0TX23144","WAHL, LIZ DOMINGO","Democratic Party","DEM","House","H","Texas","TX","23","SAN ANTONIO","TX","78204","2020","27-DEC-18","2018","201812279143674288"
"S8TX00327","HERNANDEZ, IRASEMA RAMIREZ","Democratic Party","DEM","Senate","S","Texas","TX","00","PASADENA","TX","77501","2020","26-DEC-18","2018","201901280300255436"
"S8AZ00221","MCSALLY, MARTHA","Republican Party","REP","Senate","S","Arizona","AZ","00","PHOENIX","AZ","85016","2020","26-DEC-18","2018","201812269143664726"
"H8CA42228","PEACOCK, JULIA CLAIRE MS.","Democratic Party","DEM","House","H","California","CA","42","CORONA","CA","92883","2020","26-DEC-18","2018","201812269143664001"
"H4CA12055","KHANNA, ROHIT","Democratic Party","DEM","House","H","California","CA","17","FREMONT","CA","94536","2020","26-DEC-18","2018","201812269143663602"
"P00009738","LITTLE, PATRICK","Republican Party","REP","President","P","United States","00","00","SAN FRANCISCO","CA","94115","2020","24-DEC-18","2018","201901300300259357"
"H8MA03106","TRAHAN, LORI","Democratic Party","DEM","House","H","Massachusetts","MA","03","LOWELL","MA","01853","2020","24-DEC-18","2018","201812249143663248"
"H0AZ02166","SCHMIDT II, JAMES A MR.","Republican Party","REP","House","H","Arizona","AZ","02","DRAGOON","AZ","85609","2020","22-DEC-18","2018","201812229143660974"
"S0IA00143","RIECK, PAUL MR.","Republican Party","REP","Senate","S","Iowa","IA","00","GARBER","IA","52048","2020","22-DEC-18","2018","201812229143661006"
"H6CA48245","BAUGH, SCOTT","Republican Party","REP","House","H","California","CA","48","HUNTINGTON BEACH","CA","926482652","2020","22-DEC-18","2018","201812229143661167"
"H2CA15094","SWALWELL, ERIC MICHAEL","Democratic Party","DEM","House","H","California","CA","15","DUBLIN","CA","94568","2020","22-DEC-18","2018","201812229143661153"
"H8IN07184","CARSON, ANDRE","Democratic Party","DEM","House","H","Indiana","IN","07","INDIANAPOLIS","IN","46206","2020","22-DEC-18","2018","201812229143661164"
"H4CA11081","MCNERNEY, JERRY","Democratic Party","DEM","House","H","California","CA","09","STOCKTON","CA","95269","2020","22-DEC-18","2018","201812229143661063"
"P60009495","SOLUTIONATOR COHEN EDEN","Democratic Party","DEM","President","P","United States","00","00","WASHINGTON","DC","20002","2020","21-DEC-18","2018","201812210300254835"
"H8ME02185","GOLDEN, JARED","Democratic Party","DEM","House","H","Maine","ME","02","LEWISTON","ME","04240","2020","21-DEC-18","2018","201812219143654881"
"H2TN05131","COOPER, JAMES H.S. MR.","Democratic Party","DEM","House","H","Tennessee","TN","05","NASHVILLE","TN","37219","2020","21-DEC-18","2018","201812219143654884"
"H8VA11062","CONNOLLY, GERALD EDWARD","Democratic Party","DEM","House","H","Virginia","VA","11","FAIRFAX","VA","22031","2020","21-DEC-18","2018","201812219143654895"
"H0TX31030","GARAPATI, ABHIRAM","Republican Party","REP","House","H","Texas","TX","31","LEANDER","TX","78641","2020","21-DEC-18","2018","201812219143660565"
"H8NC09123","MCCREADY, DANIEL","Democratic Party","DEM","House","H","North Carolina","NC","09","CHARLOTTE","NC","282779770","2020","21-DEC-18","2018","201812219143657663"
"P00009076","STABINS, JEFF MR.","Republican Party","REP","President","P","United States","00","00","SPRING HILL","FL","34608","2020","21-DEC-18","2018","201812219143658727"
"P00009084","STRIED, CHRISTOPHER","Independent","IND","President","P","United States","00","00","MARCO ISLAND","FL","34145","2020","21-DEC-18","2018","201812219143658769"
"H4NJ01084","NORCROSS, DONALD W","Democratic Party","DEM","House","H","New Jersey","NJ","01","CAMDEN","NJ","08102","2020","21-DEC-18","2018","201812219143656824"
"H8SD01055","JOHNSON, DUSTY","Republican Party","REP","House","H","South Dakota","SD","00","MITCHELL","SD","57301","2020","20-DEC-18","2018","201812209143589642"
"P00009092","CASTRO, JULIAN","Democratic Party","DEM","President","P","United States","00","00","SAN ANTONIO","TX","78292","2020","19-DEC-18","2018","201812210300254721"
"H2MA04073","KENNEDY, JOSEPH P III","Democratic Party","DEM","House","H","Massachusetts","MA","04","NEWTON","MA","02459","2020","19-DEC-18","2018","201812199143583633"
"H4MA05084","CLARK, KATHERINE","Democratic Party","DEM","House","H","Massachusetts","MA","05","BELMONT","MA","02478","2020","19-DEC-18","2018","201812199143583635"
"P00009068","BLAIN, DANIEL","Democratic Party","DEM","President","P","United States","00","00","CLEVE HGTS","OH","44118","2020","19-DEC-18","2018","201812199143588668"
"H8CO06229","CROW, JASON","Democratic Party","DEM","House","H","Colorado","CO","06","AURORA","CO","80041","2020","19-DEC-18","2018","201812199143587815"
"H2NY06116","MENG, GRACE","Democratic Party","DEM","House","H","New York","NY","06","FRESH MEADOWS","NY","11365","2020","19-DEC-18","2018","201812199143587821"
"H2TN07103","KUSTOFF, DAVID","Republican Party","REP","House","H","Tennessee","TN","08","GERMANTOWN","TN","381382769","2020","19-DEC-18","2018","201812199143588656"
"H0FL19080","DEUTCH, THEODORE ELIOT","Democratic Party","DEM","House","H","Florida","FL","22","BOCA RATON","FL","33434","2020","19-DEC-18","2018","201812199143587799"
"H6AZ09010","GILES, DAVID VICTOR","Republican Party","REP","House","H","Arizona","AZ","09","GILBERT","AZ","85295","2020","18-DEC-18","2018","201812189143566285"
"H2MA09072","LYNCH, STEPHEN","Democratic Party","DEM","House","H","Massachusetts","MA","08","SOUTH BOSTON","MA","02127","2020","18-DEC-18","2018","201812189143567671"
"H2IL13120","DAVIS, RODNEY L","Republican Party","REP","House","H","Illinois","IL","13","TAYLORVILLE","IL","625689601","2020","18-DEC-18","2018","201812189143568278"
"H4WA05077","MCMORRIS RODGERS, CATHY","Republican Party","REP","House","H","Washington","WA","05","SPOKANE","WA","99203","2020","18-DEC-18","2018","201812189143581853"
"P40002461","BECK, SANDERSON","Democratic Party","DEM","President","P","United States","00","00","SANTA BARBARA","CA","93110","2020","18-DEC-18","2018","201812189143570663"
"H0NY27082","WHITMER, DUANE JAMES","Libertarian Party","LIB","House","H","New York","NY","27","LAKE VIEW","NY","14085","2020","18-DEC-18","2018","201812189143570668"
"H6OH08315","DAVIDSON, WARREN","Republican Party","REP","House","H","Ohio","OH","08","TROY","OH","453739524","2020","18-DEC-18","2018","201812189143568316"
"H8NY20056","LOWEY, NITA M","Democratic Party","DEM","House","H","New York","NY","17","WHITE PLAINS","NY","10601","2020","17-DEC-18","2018","201812179143525438"
"H4WA04104","NEWHOUSE, DAN","Republican Party","REP","House","H","Washington","WA","04","SUNNYSIDE","WA","989449767","2020","17-DEC-18","2018","201812179143525439"
"H8NY19181","DELGADO, ANTONIO","Democratic Party","DEM","House","H","New York","NY","19","RHINEBECK","NY","12572","2020","17-DEC-18","2018","201812179143525445"
"H6NJ05171","GOTTHEIMER, JOSH","Democratic Party","DEM","House","H","New Jersey","NJ","05","RIDGEWOOD","NJ","07451","2020","17-DEC-18","2018","201812179143525452"
"H0WA03187","HERRERA BEUTLER, JAIME","Republican Party","REP","House","H","Washington","WA","03","RIDGEFIELD","WA","986420020","2020","17-DEC-18","2018","201812179143526210"
"P20002481","RAMOS, LUIS ALBERTO JR","Democratic Party","DEM","President","P","United States","00","00","FLUSHING","NY","11354","2020","17-DEC-18","2018","201812190300254675"
"H8CT05245","HAYES, JAHANA","Democratic Party","DEM","House","H","Connecticut","CT","05","WATERBURY","CT","06721","2020","17-DEC-18","2018","201812179143565251"
"H4TX24094","MARCHANT, KENNY E MR.","Republican Party","REP","House","H","Texas","TX","24","CARROLLTON","TX","750110187","2020","17-DEC-18","2018","201812179143565321"
"H2CA02142","LAMALFA, DOUG","Republican Party","REP","House","H","California","CA","01","BIGGS","CA","95917","2020","17-DEC-18","2018","201812179143565322"
"H8CA34068","NAPOLITANO, GRACE","Democratic Party","DEM","House","H","California","CA","32","NORWALK","CA","90650","2020","17-DEC-18","2018","201812179143565323"
"H4TX13014","THORNBERRY, MAC","Republican Party","REP","House","H","Texas","TX","13","CLARENDON","TX","792264430","2020","17-DEC-18","2018","201812179143542510"
"H2AL03032","ROGERS, MICHAEL","Republican Party","REP","House","H","Alabama","AL","03","ANNISTON","AL","36201","2020","16-DEC-18","2018","201812169143525071"
"H6TX02079","BABIN, BRIAN","Republican Party","REP","House","H","Texas","TX","36","WOODVILLE","TX","75979","2020","15-DEC-18","2018","201812159143524492"
"H8TX22107","OLSON, PETER G.","Republican Party","REP","House","H","Texas","TX","22","SUGAR LAND","TX","774792455","2020","15-DEC-18","2018","201812159143524495"
"H4TX10093","MCCAUL, MICHAEL","Republican Party","REP","House","H","Texas","TX","10","AUSTIN","TX","787012514","2020","15-DEC-18","2018","201812159143524494"
"H6TX08100","BRADY, KEVIN","Republican Party","REP","House","H","Texas","TX","08","THE WOODLANDS","TX","773878277","2020","15-DEC-18","2018","201812159143524493"
"H0GA07125","HICE, JODY","Republican Party","REP","House","H","Georgia","GA","10","MONROE","GA","30655","2020","14-DEC-18","2018","201812149143521022"
"H0AL02087","ROBY, MARTHA","Republican Party","REP","House","H","Alabama","AL","02","MONTGOMERY","AL","361062448","2020","14-DEC-18","2018","201812149143520983"
"H0GA09030","GRAVES, JOHN THOMAS MR. JR.","Republican Party","REP","House","H","Georgia","GA","14","RANGER","GA","307349703","2020","14-DEC-18","2018","201812149143521051"
"H4MN06087","EMMER, THOMAS EARL JR.","Republican Party","REP","House","H","Minnesota","MN","06","ANOKA","MN","553030998","2020","14-DEC-18","2018","201812149143521058"
"H0OH06189","JOHNSON, BILL","Republican Party","REP","House","H","Ohio","OH","06","MARIETTA","OH","45750","2020","14-DEC-18","2018","201812149143521140"
"H6IL18088","LAHOOD, DARIN MCKAY","Republican Party","REP","House","H","Illinois","IL","18","DUNLAP","IL","61525","2020","14-DEC-18","2018","201812149143521141"
"H4GA11061","LOUDERMILK, BARRY","Republican Party","REP","House","H","Georgia","GA","11","CASSVILLE","GA","301230447","2020","14-DEC-18","2018","201812149143521167"
"H0WV01072","MCKINLEY, DAVID B. MR.","Republican Party","REP","House","H","West Virginia","WV","01","WHEELING","WV","26003","2020","14-DEC-18","2018","201812149143521182"
"H0GA08099","SCOTT, JAMES AUSTIN","Republican Party","REP","House","H","Georgia","GA","08","ASHBURN","GA","31714","2020","14-DEC-18","2018","201812149143521213"
"H2FL06109","YOHO, THEODORE SCOTT","Republican Party","REP","House","H","Florida","FL","03","GAINESVILLE","FL","32608","2020","14-DEC-18","2018","201812149143521220"
"H8AZ09040","STANTON, GREG","Democratic Party","DEM","House","H","Arizona","AZ","09","PHOENIX","AZ","85018","2020","14-DEC-18","2018","201812149143520595"
"H2NY10092","JEFFRIES, HAKEEM","Democratic Party","DEM","House","H","New York","NY","08","BROOKLYN","NY","11238","2020","14-DEC-18","2018","201812149143520798"
"H8MI08102","SLOTKIN, ELISSA","Democratic Party","DEM","House","H","Michigan","MI","08","HOLLY","MI","48442","2020","14-DEC-18","2018","201812149143520864"
"H8UT04053","MCADAMS, BEN","Democratic Party","DEM","House","H","Utah","UT","04","SLC","UT","84106","2020","14-DEC-18","2018","201812149143520943"
"H6PA16320","SMUCKER, LLOYD K.","Republican Party","REP","House","H","Pennsylvania","PA","11","LANCASTER","PA","17601","2020","14-DEC-18","2018","201812149143521049"
"H8CA09060","LEE, BARBARA","Democratic Party","DEM","House","H","California","CA","13","OAKLAND","CA","94621","2020","13-DEC-18","2018","201812139143378101"
"H0CT03072","DELAURO, ROSA L","Democratic Party","DEM","House","H","Connecticut","CT","03","NEW HAVEN","CT","06510","2020","13-DEC-18","2018","201812139143378118"
"H8MT01182","GIANFORTE, GREG","Republican Party","REP","House","H","Montana","MT","00","BOZEMAN","MT","597158779","2020","13-DEC-18","2018","201812139143378119"
"H8MI06171","GRAY, AIDA ESTRADA","Democratic Party","DEM","House","H","Michigan","MI","06","COMSTOCK","MI","49041","2020","13-DEC-18","2018","201812139143381412"
"H8NY11113","ROSE, MAX","Democratic Party","DEM","House","H","New York","NY","11","STATEN ISLAND","NY","10310","2020","13-DEC-18","2018","201812139143381413"
"P00009019","MARZOCK, BRET MR.","Independent","IND","President","P","United States","00","00","LANDISVILLE","PA","17538","2020","13-DEC-18","2018","201812139143455588"
"H6IA02146","LOEBSACK, DAVID WAYNE","Democratic Party","DEM","House","H","Iowa","IA","02","IOWA CITY","IA","52244","2020","13-DEC-18","2018","201812139143455950"
"H0CA03078","BERA, AMERISH","Democratic Party","DEM","House","H","California","CA","07","ELK GROVE","CA","95758","2020","13-DEC-18","2018","201812139143456107"
"H4GA01039","CARTER, EARL LEROY","Republican Party","REP","House","H","Georgia","GA","01","POOLER","GA","31322","2020","13-DEC-18","2018","201812139143456108"
"H4CO04090","BUCK, KENNETH R","Republican Party","REP","House","H","Colorado","CO","04","GREELEY","CO","80633","2020","13-DEC-18","2018","201812139143456172"
"P00009027","PIAZZA, ANTHONY M.","Democratic Party","DEM","President","P","United States","00","00","NEW PRAGUE","MN","56701","2020","13-DEC-18","2018","201812139143513670"
"H6TX18158","PATE, AVA","Republican Party","REP","House","H","Texas","TX","18","HOUSTON","TX","77088","2020","13-DEC-18","2018","201812139143514429"
"H2WI02124","POCAN, MARK","Democratic Party","DEM","House","H","Wisconsin","WI","02","MADISON","WI","53701","2020","13-DEC-18","2018","201812139142298073"
"H0CA10073","DESAULNIER, MARK","Democratic Party","DEM","House","H","California","CA","11","CONCORD","CA","94524","2020","13-DEC-18","2018","201812139142298079"
"H6WI08155","GALLAGHER, MICHAEL JOHN","Republican Party","REP","House","H","Wisconsin","WI","08","GREEN BAY","WI","54301","2020","13-DEC-18","2018","201812139142298094"
"H2CA52089","PETERS, SCOTT","Democratic Party","DEM","House","H","California","CA","52","SAN DIEGO","CA","92192","2020","13-DEC-18","2018","201812139142298137"
"H8PA13125","JOYCE, JOHN","Republican Party","REP","House","H","Pennsylvania","PA","13","HOLLIDAYSBURG","PA","16648","2020","13-DEC-18","2018","201812139142300211"
"H0MI02094","HUIZENGA, WILLIAM P","Republican Party","REP","House","H","Michigan","MI","02","HOLLAND","MI","494247452","2020","13-DEC-18","2018","201812139142300221"
"H8FL06148","WALTZ, MICHAEL","Republican Party","REP","House","H","Florida","FL","06","ST AUGUSTINE","FL","32080","2020","13-DEC-18","2018","201812139142300254"
"H8MI09118","LEVIN, ANDY","Democratic Party","DEM","House","H","Michigan","MI","09","CLINTON TOWNSHIP","MI","48038","2020","13-DEC-18","2018","201812139143378100"
"H4AL06098","PALMER, GARY","Republican Party","REP","House","H","Alabama","AL","06","BIRMINGHAM","AL","352093502","2020","12-DEC-18","2018","201812129142293909"
"S0NJ00175","MCCORMICK, LISA","Democratic Party","DEM","Senate","S","New Jersey","NJ","00","RAHWAY","NJ","07065","2020","12-DEC-18","2018","201812129142296927"
"H2CT02112","COURTNEY, JOSEPH D","Democratic Party","DEM","House","H","Connecticut","CT","02","VERNON","CT","06066","2020","12-DEC-18","2018","201812129142295239"
"H8NY06048","MEEKS, GREGORY W.","Democratic Party","DEM","House","H","New York","NY","05","JAMAICA","NY","11432","2020","12-DEC-18","2018","201812129142294757"
"H8NY19058","ENGEL, ELIOT L.","Democratic Party","DEM","House","H","New York","NY","16","WHITE PLAINS","NY","106013105","2020","11-DEC-18","2018","201812119142290094"
"H6WY00159","CHENEY, ELIZABETH MRS.","Republican Party","REP","House","H","Wyoming","WY","00","CASPER","WY","82602","2020","11-DEC-18","2018","201812119142292161"
"H8CA52052","HUNTER, DUNCAN D.","Republican Party","REP","House","H","California","CA","50","EL CAJON","CA","920221545","2020","11-DEC-18","2018","201812119142293831"
"H6KS01179","MARSHALL, ROGER W","Republican Party","REP","House","H","Kansas","KS","01","GREAT BEND","KS","67530","2020","11-DEC-18","2018","201812119142293832"
"H0IN02190","WALORSKI SWIHART, JACKIE","Republican Party","REP","House","H","Indiana","IN","02","ELKHART","IN","46517","2020","11-DEC-18","2018","201812119142293837"
"H8VA01147","WITTMAN, ROBERT J MR.","Republican Party","REP","House","H","Virginia","VA","01","MONTROSS","VA","22520","2020","11-DEC-18","2018","201812119142293852"
"H0CA10149","GARAMENDI, JOHN","Democratic Party","DEM","House","H","California","CA","03","WASHINGTON","DC","20035","2020","11-DEC-18","2018","201812119142290130"
"P00008995","STEFANSSON, STEFAN KARL","Democratic Party","DEM","President","P","Colorado","CO","00","LOS ANGELES","CA","90001","2020","11-DEC-18","2018","201812119142290154"
"H6TX15162","GONZALEZ, VICENTE","Democratic Party","DEM","House","H","Texas","TX","15","MCALLEN","TX","78501","2020","11-DEC-18","2018","201812119142290157"
"H2IL17071","BUSTOS, CHERI","Democratic Party","DEM","House","H","Illinois","IL","17","WASHINGTON","DC","20035","2020","11-DEC-18","2018","201812119142290232"
"H2FL14053","FRANKEL, LOIS J.","Democratic Party","DEM","House","H","Florida","FL","21","BOCA RATON","FL","33481","2020","11-DEC-18","2018","201812119142290233"
"H6MI01226","BERGMAN, JOHN","Republican Party","REP","House","H","Michigan","MI","01","WATERSMEET","MI","49969","2020","11-DEC-18","2018","201812119142290327"
"H6OR02116","WALDEN, GREGORY P. MR.","Republican Party","REP","House","H","Oregon","OR","02","HOOD RIVER","OR","970310037","2020","11-DEC-18","2018","201812119142290683"
"H0AR01083","CRAWFORD, ERIC ALAN RICK","Republican Party","REP","House","H","Arkansas","AR","01","JONESBORO","AR","72404","2020","11-DEC-18","2018","201812119142290972"
"H0PA10078","MARINO, THOMAS ANTHONY","Republican Party","REP","House","H","Pennsylvania","PA","12","COGAN STATION","PA","17728","2020","11-DEC-18","2018","201812119142293829"
"P00008979","ACORD, ROBERT BRADFORD LEE","Democratic Party","DEM","President","P","United States","00","00","MADISON","VA","22727","2020","10-DEC-18","2018","201812100300251470"
"H8MO09153","LUETKEMEYER, W BLAINE","Republican Party","REP","House","H","Missouri","MO","03","ST ELIZABETH","MO","65075","2020","10-DEC-18","2018","201812109142268400"
"H8GA01063","RING, LISA M. MS.","Democratic Party","DEM","House","H","Georgia","GA","01","RICHMOND HILL","GA","31324","2020","10-DEC-18","2018","201812109142268428"
"H4WI06048","GROTHMAN, GLENN S.","Republican Party","REP","House","H","Wisconsin","WI","06","FOND DU LAC","WI","549641215","2020","10-DEC-18","2018","201812109142270416"
"H4CA33119","LIEU, TED","Democratic Party","DEM","House","H","California","CA","33","LOS ANGELES","CA","90017","2020","10-DEC-18","2018","201812109142272199"
"H6AZ01199","O'HALLERAN, TOM","Democratic Party","DEM","House","H","Arizona","AZ","01","SEDONA","AZ","86351","2020","10-DEC-18","2018","201812109142270432"
"H4IL12060","BOST, MICHAEL","Republican Party","REP","House","H","Illinois","IL","12","MURPHYSBORO","IL","62966","2020","10-DEC-18","2018","201812109142271109"
"H2GA09150","COLLINS, DOUGLAS ALLEN","Republican Party","REP","House","H","Georgia","GA","09","GAINESVILLE","GA","30506","2020","10-DEC-18","2018","201812109142271261"
"H8MD01094","HARRIS, ANDREW P","Republican Party","REP","House","H","Maryland","MD","01","STEVENSVILLE","MD","21666","2020","10-DEC-18","2018","201812109142271275"
"H4MA06090","MOULTON, SETH","Democratic Party","DEM","House","H","Massachusetts","MA","06","SALEM","MA","09170","2020","10-DEC-18","2018","201812109142270431"
"P00008946","POWERS, CHRISTIN NOEL MS.","Independent","IND","President","P","United States","00","00","TEQUESTA","FL","33469","2020","07-DEC-18","2018","201812079135387589"
"H4TX04153","RATCLIFFE, JOHN L","Republican Party","REP","House","H","Texas","TX","04","HEATH","TX","750325984","2020","07-DEC-18","2018","201812079138819208"
"P00008953","EBERT, CHRISTOPHER OWEN","Independent","IND","President","P","United States","00","00","NEW YORK","NY","10003","2020","07-DEC-18","2018","201812079138819210"
"H6NC13129","BUDD, THEODORE P.","Republican Party","REP","House","H","North Carolina","NC","13","RALEIGH","NC","27624","2020","07-DEC-18","2018","201812079142258247"
"H8IA03124","AXNE, CINDY","Democratic Party","DEM","House","H","Iowa","IA","03","WEST DES MOINES","IA","50265","2020","07-DEC-18","2018","201812079138821486"
"H8IA01094","FINKENAUER, ABBY","Democratic Party","DEM","House","H","Iowa","IA","01","DUBUQUE","IA","52004","2020","07-DEC-18","2018","201812079142258045"
"H2NC13110","HOLDING, GEORGE E MR.","Republican Party","REP","House","H","North Carolina","NC","02","RALEIGH","NC","27608","2020","07-DEC-18","2018","201812079142258054"
"H0FL23058","NIZAHON, SHLOMO","Republican Party","REP","House","H","Florida","FL","23","SUNRISE","FL","33323","2020","07-DEC-18","2018","201812079138821465"
"H8ND00096","ARMSTRONG, KELLY","Republican Party","REP","House","H","North Dakota","ND","00","BISMARCK","ND","58503","2020","06-DEC-18","2018","201812069134383194"
"H0MI03233","RAFI, EMILY E.","Democratic Party","DEM","House","H","Michigan","MI","03","BATTLE CREEK","MI","49016","2020","06-DEC-18","2018","201812069134390617"
"H4MA03022","MCGOVERN, JAMES P.","Democratic Party","DEM","House","H","Massachusetts","MA","02","WORCESTER","MA","01606","2020","06-DEC-18","2018","201812069134393542"
"H0TX07162","SANDLES, CHRISTOPHER RASHAUD MR.","Democratic Party","DEM","House","H","Texas","TX","07","HOUSTON","TX","77096","2020","06-DEC-18","2018","201812069134458599"
"H0IL11052","KINZINGER, ADAM","Republican Party","REP","House","H","Illinois","IL","16","CHANNAHON","IL","604105623","2020","06-DEC-18","2018","201812069134478506"
"S8MS00261","HYDE-SMITH, CINDY","Republican Party","REP","Senate","S","Mississippi","MS","00","JACKSON","MS","39207","2020","06-DEC-18","2018","201812069134538651"
"H6AL04098","ADERHOLT, ROBERT B. REP.","Republican Party","REP","House","H","Alabama","AL","04","HALEYVILLE","AL","355651158","2020","06-DEC-18","2018","201812069135246841"
"H0TN03254","FLEISCHMANN, CHARLES J","Republican Party","REP","House","H","Tennessee","TN","03","OOLTEWAH","TN","37363","2020","06-DEC-18","2018","201812069134551994"
"H8FL17053","STEUBE, W. GREG","Republican Party","REP","House","H","Florida","FL","17","SARASOTA","FL","34232","2020","06-DEC-18","2018","201812069134876040"
"P00008938","HEWETT, DONALD GLENN MR","Republican Party","REP","President","P","United States","00","00","LACEY","WA","98509","2020","06-DEC-18","2018","201812069134953000"
"H2IA05072","KING, STEVE MR.","Republican Party","REP","House","H","Iowa","IA","04","KIRON","IA","514488003","2020","06-DEC-18","2018","201812069134985589"
"H0RI01073","CICILLINE, DAVID N","Democratic Party","DEM","House","H","Rhode Island","RI","01","PROVIDENCE","RI","02906","2020","06-DEC-18","2018","201812069135009863"
"H6FL18097","MAST, BRIAN","Republican Party","REP","House","H","Florida","FL","18","STUART","FL","34995","2020","06-DEC-18","2018","201812069134551020"
"H0CA27085","SCHIFF, ADAM","Democratic Party","DEM","House","H","California","CA","28","LOS ANGELES","CA","90017","2020","05-DEC-18","2018","201812059134329835"
"H2PA17079","CARTWRIGHT, MATT","Democratic Party","DEM","House","H","Pennsylvania","PA","08","SCRANTON","PA","18501","2020","05-DEC-18","2018","201812059134341673"
"H0SD01060","SPAWN, ELLEE","Democratic Party","DEM","House","H","South Dakota","SD","00","SIOUX FALLS","SD","57103","2020","05-DEC-18","2018","201812059134318790"
"H8TX02166","CRENSHAW, DANIEL","Republican Party","REP","House","H","Texas","TX","02","HOUSTON","TX","772430965","2020","05-DEC-18","2018","201812059134131861"
"H6OR04047","DEFAZIO, PETER A","Democratic Party","DEM","House","H","Oregon","OR","04","SPRINGFIELD","OR","97477","2020","05-DEC-18","2018","201812059134159175"
"H8ME01120","PINGREE, CHELLIE M","Democratic Party","DEM","House","H","Maine","ME","01","PORTLAND","ME","04112","2020","05-DEC-18","2018","201812059134097225"
"H4WI04183","MOORE, GWEN S","Democratic Party","DEM","House","H","Wisconsin","WI","04","MILWAUKEE","WI","53216","2020","04-DEC-18","2018","201812049133940282"
"H2IL20042","SHIMKUS, JOHN M","Republican Party","REP","House","H","Illinois","IL","15","COLLINSVILLE","IL","622341934","2020","04-DEC-18","2018","201812049133959116"
"H8OR05107","SCHRADER, KURT","Democratic Party","DEM","House","H","Oregon","OR","05","CANBY","OR","97013","2020","04-DEC-18","2018","201812049133967853"
"H0NH02181","KUSTER, ANN MCLANE","Democratic Party","DEM","House","H","New Hampshire","NH","02","CONCORD","NH","03302","2020","04-DEC-18","2018","201812049133966778"
"H2IN05082","BROOKS, SUSAN MRS.","Republican Party","REP","House","H","Indiana","IN","05","CARMEL","IN","460328387","2020","04-DEC-18","2018","201812049133966162"
"P00008920","SCHLAKMAN, IAN","Green Party","GRE","President","P","United States","00","00","BALTIMORE","MD","21202","2020","03-DEC-18","2018","201812039133923528"
"H2CA36439","RUIZ, RAUL DR.","Democratic Party","DEM","House","H","California","CA","36","PALM DESERT","CA","92261","2020","03-DEC-18","2018","201812039133920550"
"P00008912","SMITH SR, RAEFORD GAMELLE","Independent","IND","President","P","United States","00","00","FALLS CHURCH","VA","22041","2020","03-DEC-18","2018","201812030300248985"
"P60007523","BELL, JAMES","Democratic Party","DEM","President","P","United States","00","00","CLEVELAND","OH","44104","2020","03-DEC-18","2018","201812030300248735"
"H2MI05119","KILDEE, DANIEL T","Democratic Party","DEM","House","H","Michigan","MI","05","FLUSHING","MI","48433","2020","03-DEC-18","2018","201812039133906633"
"P00008904","MALLORY, SHERRY T MS","Democratic Party","DEM","President","P","United States","00","00","RIVERDALE","GA","30296","2020","03-DEC-18","2018","201812039133902277"
"H6CO07023","PERLMUTTER, EDWIN G","Democratic Party","DEM","House","H","Colorado","CO","07","WHEAT RIDGE ","CO","80033","2020","03-DEC-18","2018","201812040300249672"
"H8VA11088","PORTER, STEVAN MICHAEL MR.","Libertarian Party","LIB","House","H","Virginia","VA","11","HERNDON","VA","20172","2020","03-DEC-18","2018","201812039133922947"
"H8FL11130","COTTRELL, DANA","Democratic Party","DEM","House","H","Florida","FL","11","SPRING HILL","FL","34608","2020","03-DEC-18","2018","201812039133901582"
"H8CA20059","NUNES, DEVIN G.","Republican Party","REP","House","H","California","CA","22","VISALIA","CA","932906545","2020","02-DEC-18","2018","201812029133898696"
"H0FL02086","LAWSON, ALFRED JR","Democratic Party","DEM","House","H","Florida","FL","05","TALLAHASSEE","FL","32301","2020","01-DEC-18","2018","201812019133897960"
"S0GA00385","KILBY, CLIFTON JULIUS MR. III","Independent","IND","Senate","S","Georgia","GA","00","DECATUR","GA","30032","2020","30-NOV-18","2018","201811309133896143"
"S8MS00287","ESPY, MICHAEL","Democratic Party","DEM","Senate","S","Mississippi","MS","00","JACKSON","MS","39236","2020","30-NOV-18","2018","201811309133886690"
"H8CA10126","HARDER, JOSH","Democratic Party","DEM","House","H","California","CA","10","MODESTO","CA","95352","2020","29-NOV-18","2018","201811299133883065"
"H8NY22151","BRINDISI, ANTHONY","Democratic Party","DEM","House","H","New York","NY","22","UTICA","NY","135030165","2020","29-NOV-18","2018","201811299133884257"
"S4TX00433","STOVALL, DWAYNE","Independent","IND","Senate","S","Texas","TX","00","CLEVELAND","TX","77327","2020","29-NOV-18","2018","201811299133874880"
"H6MD04209","BROWN, ANTHONY","Democratic Party","DEM","House","H","Maryland","MD","04","BOWIE","MD","20721","2020","29-NOV-18","2018","201811299133875848"
"H6WI03099","KIND, RONALD JAMES","Democratic Party","DEM","House","H","Wisconsin","WI","03","LA CROSSE","WI","54601","2020","29-NOV-18","2018","201811299133875909"
"H8NJ02166","VAN DREW, JEFF","Democratic Party","DEM","House","H","New Jersey","NJ","02","CAPE MAY COURT HOUSE","NJ","08210","2020","29-NOV-18","2018","201811299133875933"
"H6MN02131","CRAIG, ANGELA DAWN","Democratic Party","DEM","House","H","Minnesota","MN","02","EAGAN","MN","55122","2020","29-NOV-18","2018","201811299133881077"
"H8TX07140","FLETCHER, ELIZABETH","Democratic Party","DEM","House","H","Texas","TX","07","HOUSTON","TX","77098","2020","29-NOV-18","2018","201811299133875944"
"H0DC00058","NORTON, ELEANOR HOLMES","Democratic Party","DEM","House","H","District Of Columbia","DC","00","WASHINGTON","DC","20003","2020","29-NOV-18","2018","201811299133876225"
"H2PA04135","PERRY, SCOTT MR.","Republican Party","REP","House","H","Pennsylvania","PA","10","DILLSBURG","PA","17019","2020","29-NOV-18","2018","201811299133877058"
"H0IL05096","QUIGLEY, MIKE","Democratic Party","DEM","House","H","Illinois","IL","05","CHICAGO","IL","60614","2020","29-NOV-18","2018","201811299133879944"
"P00008896","ARCELAY, SONIACARMEN","No Party Affiliation","NPA","President","P","New York","NY","00","SARATOGA SPRINGS","NY","12866","2020","29-NOV-18","2018","201811299133880425"
"H2NC07096","ROUZER, DAVID CHESTON","Republican Party","REP","House","H","North Carolina","NC","07","WILMINGTON","NC","28403","2020","29-NOV-18","2018","201811299133875934"
"H8CA10167","COX, TERRANCE JOHN (TJ)","Democratic Party","DEM","House","H","California","CA","21","SELMA","CA","93662","2020","28-NOV-18","2018","201811289133868253"
"P20005203","PINKNEY, PAMELA M REV","Other","OTH","President","P","United States","00","11","EUCLID","OH","44117","2020","28-NOV-18","2018","201811280300248275"
"H0AR03055","WOMACK, STEVE THE HON","Republican Party","REP","House","H","Arkansas","AR","03","ROGERS","AR","727563078","2020","28-NOV-18","2018","201811289133857274"
"P00008888","HAMBRICK, MICHAEL LAMONT MR. SR.","Independent","IND","President","P","United States","00","00","NORTH CHESTERFIELD","VA","23225","2020","28-NOV-18","2018","201811289133852849"
"H0WA03161","HECK, DENNIS","Democratic Party","DEM","House","H","Washington","WA","10","OLYMPIA","WA","98507","2020","28-NOV-18","2018","201811289133856547"
"S0CO00443","POTTRATZ, KEITH ALLEN","Democratic Party","DEM","Senate","S","Colorado","CO","00","GRAND JUNCTION","CO","81506","2020","28-NOV-18","2018","201811289133852210"
"H8PA15229","WILD, SUSAN","Democratic Party","DEM","House","H","Pennsylvania","PA","07","ALLENTOWN","PA","18104","2020","27-NOV-18","2018","201811279133851096"
"H6NY03247","SUOZZI, THOMAS","Democratic Party","DEM","House","H","New York","NY","03","GLEN COVE","NY","11542","2020","27-NOV-18","2018","201811279133851110"
"H6FL09070","BILIRAKIS, GUS M","Republican Party","REP","House","H","Florida","FL","12","TARPON SPRINGS","FL","346880606","2020","27-NOV-18","2018","201811279133840297"
"H4WV02080","MOONEY, ALEXANDER XAVIER","Republican Party","REP","House","H","West Virginia","WV","02","MARTINSBURG","WV","25402","2020","27-NOV-18","2018","201811279133850172"
"S8MN00578","SMITH, TINA","Democratic Party","DEM","Senate","S","Minnesota","MN","00","SAINT PAUL","MN","55114","2020","27-NOV-18","2018","201811279133845233"
"H8NY29032","COLLINS, CHRISTOPHER C","Republican Party","REP","House","H","New York","NY","27","CLARENCE","NY","140311576","2020","27-NOV-18","2018","201811279133847093"
"H8MI11254","STEVENS, HALEY","Democratic Party","DEM","House","H","Michigan","MI","11","ROCHESTER HILLS","MI","48009","2020","27-NOV-18","2018","201811279133847424"
"H8IL14067","FOSTER, G. WILLIAM (BILL)","Democratic Party","DEM","House","H","Illinois","IL","11","NAPERVILLE","IL","60540","2020","27-NOV-18","2018","201811279133842680"
"P60017100","VALENTINE, JAMES","None","NNE","President","P","United States","00","00","MIAMI BEACH","FL","33139","2020","26-NOV-18","2018","201811260300248124"
"H2CA31125","AGUILAR, PETE","Democratic Party","DEM","House","H","California","CA","31","SAN BERNARDINO","CA","92423","2020","26-NOV-18","2018","201811269133827326"
"H8OH11281","BELL, JAMES JEROME MR.","Independent","IND","House","H","Ohio","OH","11","CLEVELAND","OH","44104","2020","26-NOV-18","2018","201811269133807992"
"H6CA44103","BARRAGAN, NANETTE","Democratic Party","DEM","House","H","California","CA","44","SAN PEDRO","CA","90731","2020","26-NOV-18","2018","201811269133808778"
"H2NV04011","HORSFORD, STEVEN ALEXZANDER","Democratic Party","DEM","House","H","Nevada","NV","04","LAS VEGAS","NV","89033","2020","26-NOV-18","2018","201811269133808779"
"H8PA04116","DEAN, MADELEINE","Democratic Party","DEM","House","H","Pennsylvania","PA","04","JENKINTOWN","PA","19046","2020","26-NOV-18","2018","201811269133808801"
"H8NY25105","MORELLE, JOSEPH D","Democratic Party","DEM","House","H","New York","NY","25","ROCHESTER","NY","14609","2020","26-NOV-18","2018","201811269133808802"
"H6NV04020","LEE, SUSIE","Democratic Party","DEM","House","H","Nevada","NV","03","LAS VEGAS","NV","89148","2020","26-NOV-18","2018","201811269133808807"
"H8NJ03206","KIM, ANDY","Democratic Party","DEM","House","H","New Jersey","NJ","03","MARLTON","NJ","08053","2020","26-NOV-18","2018","201811269133808811"
"H8NM02248","TORRES SMALL, XOCHITL","Democratic Party","DEM","House","H","New Mexico","NM","02","LAS CRUCES","NM","88004","2020","26-NOV-18","2018","201811269133808812"
"H4VA08224","BEYER, DONALD STERNOFF JR.","Democratic Party","DEM","House","H","Virginia","VA","08","ALEXANDRIA","VA","22314","2020","26-NOV-18","2018","201811269133809721"
"H8VA02111","LURIA, ELAINE","Democratic Party","DEM","House","H","Virginia","VA","02","VIRGINIA BEACH","VA","23466","2020","26-NOV-18","2018","201811269133823730"
"P00008870","GALASKA, KEITH","N/A","N/A","President","P","United States","00","00","RAVENNA","OH","44266","2020","26-NOV-18","2018","201811269133823735"
"H8NV03036","TITUS, DINA","Democratic Party","DEM","House","H","Nevada","NV","01","LAS VEGAS","NV","89170","2020","26-NOV-18","2018","201811269133826474"
"H2CA43245","TAKANO, MARK","Democratic Party","DEM","House","H","California","CA","41","RIVERSIDE","CA","92517","2020","26-NOV-18","2018","201811269133826483"
"H2OH14064","JOYCE, DAVID P","Republican Party","REP","House","H","Ohio","OH","14","CHAGRIN FALLS","OH","44023","2020","26-NOV-18","2018","201811260300248120"
"P00008862","SZYDLOWSKI- DE JESUS, LUIS MR.","Independent","IND","President","P","United States","00","00","PHILADELPHIA","PA","19136","2020","25-NOV-18","2018","201811259133807696"
"H0SC07011","HUGGINS, DEWON","Republican Party","REP","House","H","South Carolina","SC","07","CONWAY","SC","29527","2020","25-NOV-18","2018","201811259133807834"
"P00008854","ALLEN, DARCIE J MS","Democratic Party","DEM","President","P","United States","00","00","LEXINGTON","SC","29072","2020","24-NOV-18","2018","201811249133807562"
"H0IL14148","QUIGLEY, MATTHEW MR.","Republican Party","REP","House","H","Illinois","IL","14","NAPERVILLE","IL","60540","2020","24-NOV-18","2018","201811249133807632"
"H8FL02105","PETERS, BRANDON S.","Democratic Party","DEM","House","H","Florida","FL","03","WILLISTON","FL","32696","2020","23-NOV-18","2018","201811239133807411"
"H2HI02508","GABBARD, TULSI","Democratic Party","DEM","House","H","Hawaii","HI","02","KAPOLEI","HI","96707","2020","22-NOV-18","2018","201811229133807385"
"H0NY15152","ORTIZ, JONATHAN","Democratic Party","DEM","House","H","New York","NY","15","BRONX","NY","10472","2020","22-NOV-18","2018","201811229133807372"
"P60021128","GUILLAUME, GREGORY MARK","Republican Party","REP","President","P","United States","00","00","ORANGE","CA","92869","2020","21-NOV-18","2018","201811210300247920"
"P00008847","VANDAM, MARVIN GERALD","Independent","IND","President","P","United States","00","00","COLUMBUS","OH","43202","2020","21-NOV-18","2018","201811219133805304"
"H6FL09179","SOTO, DARREN","Democratic Party","DEM","House","H","Florida","FL","09","KISSIMMEE","FL","34742","2020","21-NOV-18","2018","201811219133807141"
"H8CA12098","ESHOO, ANNA G.","Democratic Party","DEM","House","H","California","CA","18","SACRAMENTO","CA","95814","2020","21-NOV-18","2018","201811219133807113"
"H2NC08185","HUDSON, RICHARD L. JR.","Republican Party","REP","House","H","North Carolina","NC","08","CONCORD","NC","28027","2020","21-NOV-18","2018","201811219133807111"
"H8MA07032","PRESSLEY, AYANNA","Democratic Party","DEM","House","H","Massachusetts","MA","07","DORCHESTER CENTER","MA","02124","2020","20-NOV-18","2018","201811209133802000"
"H8NY15148","OCASIO-CORTEZ, ALEXANDRIA","Democratic Party","DEM","House","H","New York","NY","14","CORONA","NY","11368","2020","20-NOV-18","2018","201811209133802087"
"H6MI04113","UPTON, FREDERICK STEPHEN","Republican Party","REP","House","H","Michigan","MI","06","SAINT JOSEPH","MI","490851048","2020","20-NOV-18","2018","201811209133802264"
"H8CA39174","CISNEROS, GILBERT","Democratic Party","DEM","House","H","California","CA","39","PLACENTIA","CA","92871","2020","20-NOV-18","2018","201811209133805272"
"H2TX31044","CARTER, JOHN R. REP.","Republican Party","REP","House","H","Texas","TX","31","WASHINGTON","DC","205150001","2020","20-NOV-18","2018","201811209133803332"
"H6WA07458","JAYAPAL, PRAMILA","Democratic Party","DEM","House","H","Washington","WA","07","SEATTLE","WA","98111","2020","20-NOV-18","2018","201811209133804040"
"H8MI13250","TLAIB, RASHIDA","Democratic Party","DEM","House","H","Michigan","MI","13","DETROIT","MI","48202","2020","20-NOV-18","2018","201811209133803061"
"H8FL27193","SHALALA, DONNA","Democratic Party","DEM","House","H","Florida","FL","27","MIAMI","FL","33233","2020","19-NOV-18","2018","201811199133795168"
"H0TX18243","PATEL, BIMAL DR.","Democratic Party","DEM","House","H","Texas","TX","18","HOUSTON","TX","77004","2020","19-NOV-18","2018","201811199133801966"
"H4NY21079","STEFANIK, ELISE M.","Republican Party","REP","House","H","New York","NY","21","GLENS FALLS","NY","12801","2020","19-NOV-18","2018","201811199133690561"
"H0FL23041","OLIVO, CHRISTINE ALEXANDRIA 1983","Democratic Party","DEM","House","H","Florida","FL","23","HOLLYWOOD","FL","33024","2020","19-NOV-18","2018","201811199133690576"
"H8AZ08232","MUSSELWHITE, ROBERT RICHARD","Democratic Party","DEM","House","H","Arizona","AZ","08","LITCHFIELD PARK","AZ","85340","2020","19-NOV-18","2018","201811270300248233"
"H8WA08189","SCHRIER, KIM DR.","Democratic Party","DEM","House","H","Washington","WA","08","SAMMAMISH","WA","98075","2020","19-NOV-18","2018","201811199133691179"
"H8CA01109","THOMPSON, MIKE MR.","Democratic Party","DEM","House","H","California","CA","05","NAPA","CA","94581","2020","19-NOV-18","2018","201811199133692309"
"H8TX32098","ALLRED, COLIN","Democratic Party","DEM","House","H","Texas","TX","32","DALLAS","TX","75360","2020","19-NOV-18","2018","201811199133692520"
"H0CA33117","BASS, KAREN","Democratic Party","DEM","House","H","California","CA","37","WASHINGTON","DC","20003","2020","19-NOV-18","2018","201811199133692685"
"H6TX24149","MCDOWELL, JAN","Democratic Party","DEM","House","H","Texas","TX","24","CARROLLTON","TX","75007","2020","19-NOV-18","2018","201811199133690582"
"H0CA04167","FRAME, SEAN COLIN","Democratic Party","DEM","House","H","California","CA","04","PLACERVILLE","CA","95667","2020","18-NOV-18","2018","201811189133690231"
"H0NC06183","GRAY, BRYSON PPG","Independent","IND","House","H","North Carolina","NC","06","GREENSBORO","NC","27405","2020","18-NOV-18","2018","201811189133690208"
"H4CA20082","COSTA, JIM MR.","Democratic Party","DEM","House","H","California","CA","16","FRESNO","CA","937111200","2020","17-NOV-18","2018","201811179133689774"
"P00008813","OCAMPO, NICHOLAS RYAN","Democratic Party","DEM","President","P","United States","00","00","TALLAHASSEE","FL","32308","2020","17-NOV-18","2018","201811179133690191"
"H8VA07094","SPANBERGER, ABIGAIL","Democratic Party","DEM","House","H","Virginia","VA","07","GLEN ALLEN","VA","23058","2020","17-NOV-18","2018","201811179133690182"
"P00008805","BECKER, JOSHUA MATTHEW","Democratic Party","DEM","President","P","United States","00","00","OLD TOWN","ME","04468","2020","16-NOV-18","2018","201811169133688944"
"H2TX35011","CASTRO, JOAQUIN","Democratic Party","DEM","House","H","Texas","TX","20","SAN ANTONIO","TX","78292","2020","16-NOV-18","2018","201811169133688950"
"H4NY04075","RICE, KATHLEEN","Democratic Party","DEM","House","H","New York","NY","04","MINEOLA","NY","11501","2020","16-NOV-18","2018","201811169133688960"
"H0NY03059"," WEINSTOCK, MICHAEL S","Democratic Party","DEM","House","H","New York","NY","03","GREAT NECK","NY","11022","2020","16-NOV-18","2018","201811160300247519"
"H0TX24142","KUZMICH, STEPHEN","Independent","IND","House","H","Texas","TX","24","LEWISVILLE","TX","75057","2020","16-NOV-18","2018","201811169133688676"
"H4TX09095","GREEN, ALEXANDER","Democratic Party","DEM","House","H","Texas","TX","09","HOUSTON","TX","77054","2020","16-NOV-18","2018","201811169133687741"
"H8CA05035","PELOSI, NANCY","Democratic Party","DEM","House","H","California","CA","12","SAN FRANCISCO","CA","94104","2020","16-NOV-18","2018","201811169133687794"
"H0TX17104","FLORES, BILL","Republican Party","REP","House","H","Texas","TX","17","BRYAN","TX","77805","2020","16-NOV-18","2018","201811169133688220"
"H0VA07091","ENNIS, CRAIG EDWARD MR","Republican Party","REP","House","H","Virginia","VA","07","FREDERICKSBURG","VA","22407","2020","16-NOV-18","2018","201811169133688674"
"H2MD05155","HOYER, STENY","Democratic Party","DEM","House","H","Maryland","MD","05","BOWIE","MD","20716","2020","16-NOV-18","2018","201811169133687415"
"S0AL00198","DUKE, DOUGLAS MR","Republican Party","REP","Senate","S","Alabama","AL","00","BIRMINGHAM","AL","35217","2019","15-NOV-18","2018","201811159133680023"
"H8FL26039","MUCARSEL-POWELL, DEBBIE","Democratic Party","DEM","House","H","Florida","FL","26","MIAMI","FL","33256","2020","15-NOV-18","2018","201811159133680024"
"H8AZ08158","LESKO, DEBBIE","Republican Party","REP","House","H","Arizona","AZ","08","PHOENIX","AZ","850645388","2020","15-NOV-18","2018","201811159133680176"
"H0CA50095","RAHN, MATT DR.","Republican Party","REP","House","H","California","CA","50","TEMECULA","CA","92592","2020","15-NOV-18","2018","201811159133686602"
"H8NM01331","HAALAND, DEBRA","Democratic Party","DEM","House","H","New Mexico","NM","01","ALBUQUERQUE","NM","87125","2020","15-NOV-18","2018","201811159133683855"
"H8PA06087","HOULAHAN, CHRISSY","Democratic Party","DEM","House","H","Pennsylvania","PA","06","DEVON","DC","19333","2020","15-NOV-18","2018","201811159133685096"
"H8NY23183","MITRANO, TRACY","Democratic Party","DEM","House","H","New York","NY","23","PENN YAN","NY","14527","2020","15-NOV-18","2018","201811159133683813"
"P60008067","SCRUGGS, MICHAEL W REVEREND","Democratic Party","DEM","President","P","United States","00","00","CENTERVILLE","IL","62203","2020","14-NOV-18","2018","201811190300247833"
"H0TX07154","DEVOR, THOMAS CHRISTIAN MR.","Republican Party","REP","House","H","Texas","TX","07","HOUSTON","TX","77057","2020","14-NOV-18","2018","201811149133680014"
"H8MI03079","ALBRO, CATHERINE","Democratic Party","DEM","House","H","Michigan","MI","03","MIDDLEVILLE","MI","49333","2020","14-NOV-18","2018","201811160300247580"
"H0MI11095","KELLER, SCOTT THOMAS 12/01/2015","Republican Party","REP","House","H","Michigan","MI","11","WATERFORD","MI","48327","2020","14-NOV-18","2018","201811149133677915"
"H8CA45130","PORTER, KATHERINE","Democratic Party","DEM","House","H","California","CA","45","LOS ANGELES","CA","90017","2020","14-NOV-18","2018","201811149133678664"
"H6PA02171","EVANS, DWIGHT","Democratic Party","DEM","House","H","Pennsylvania","PA","03","PHILADELPHIA","PA","19138","2020","14-NOV-18","2018","201811149133679070"
"H6FL13205","CRIST, CHARLIE","Democratic Party","DEM","House","H","Florida","FL","13","ST. PETERSBURG","FL","33731","2020","14-NOV-18","2018","201811149133679071"
"H2TX27190","VELA, FILEMON","Democratic Party","DEM","House","H","Texas","TX","34","SAN ANTONIO","TX","78248","2020","14-NOV-18","2018","201811149133679076"
"H8CA34266","GOMEZ, JIMMY","Democratic Party","DEM","House","H","California","CA","34","LONG BEACH","CA","90807","2020","14-NOV-18","2018","201811149133679077"
"H2FL08063","DEMINGS, VALDEZ 'VAL'","Democratic Party","DEM","House","H","Florida","FL","10","ORLANDO","FL","32853","2020","14-NOV-18","2018","201811149133679247"
"H8TX16109","ESCOBAR, VERONICA","Democratic Party","DEM","House","H","Texas","TX","16","EL PASO","TX","79923","2020","14-NOV-18","2018","201811149133679593"
"H8SC01116","CUNNINGHAM, JOE","Democratic Party","DEM","House","H","South Carolina","SC","01","CHARLESTON","SC","29413","2020","13-NOV-18","2018","201811139133676738"
"H6CA44145","NAVARRO, OMAR","Republican Party","REP","House","H","California","CA","43","TORRANCE","CA","90505","2020","13-NOV-18","2018","201811139133677805"
"H8VA01303","WILLIAMS, LAVANGELENE A","Democratic Party","DEM","House","H","Virginia","VA","01","KING GEORGE","VA","224855648","2020","13-NOV-18","2018","201811139133677334"
"H2CA06259","HUFFMAN, JARED","Democratic Party","DEM","House","H","California","CA","02","SAN RAFAEL","CA","94915","2020","13-NOV-18","2018","201811139133677425"
"H8NJ07223","MALINOWSKI, TOM","Democratic Party","DEM","House","H","New Jersey","NJ","07","MARTINSVILLE","NJ","08836","2020","13-NOV-18","2018","201811139133677452"
"S0ME00061","BUNKER, MICHAEL P MR","Democratic Party","DEM","Senate","S","Maine","ME","00","BANGOR","ME","04401","2020","12-NOV-18","2018","201811129133676687"
"H0IL07159","JENNINGS, TRACY","None","NNE","House","H","Illinois","IL","07","WESTCHESTER","IL","60154","2020","12-NOV-18","2018","201811129133675096"
"H6FL19087","ROONEY, FRANCIS","Republican Party","REP","House","H","Florida","FL","19","TAMPA","FL","33606","2020","12-NOV-18","2018","201811129133675383"
"H0FL08208","WEBSTER, DANIEL","Republican Party","REP","House","H","Florida","FL","11","WEBSTER","FL","33597","2020","12-NOV-18","2018","201811129133675384"
"H8TX27049","CLOUD, MICHAEL","Republican Party","REP","House","H","Texas","TX","27","VICTORIA","TX","77903","2020","12-NOV-18","2018","201811129133675463"
"H8FL15107","POSEY, BILL","Republican Party","REP","House","H","Florida","FL","08","MELBOURNE","FL","32941","2020","12-NOV-18","2018","201811129133675385"
"P00008771","PEREZ, RAMON MR","Independence Party","IDP","President","P","United States","00","00","WESLEY CHAPEL","FL","33545","2020","12-NOV-18","2018","201811129133675751"
"P00008763","OJEDA, RICHARD NEECE II","Democratic Party","DEM","President","P","United States","00","00","WASHINGTON","DC","20005","2020","11-NOV-18","2018","201811119133644456"
"P00008755","SANBORN, CECELIA","Write-In","W","President","P","United States","00","00","SULLIVAN","ME","04664","2020","11-NOV-18","2018","201811119133644275"
"H0MN06143","BEY, NIKOLAY NIKOLAYEVICH","Democratic-Farmer-Labor","DFL","House","H","Minnesota","MN","06","COTTAGE GROVE","MN","55016","2020","11-NOV-18","2018","201811119133644270"
"H8MN03143","PHILLIPS, DEAN","Democratic-Farmer-Labor","DFL","House","H","Minnesota","MN","03","EXCELSIOR","MN","55331","2020","11-NOV-18","2018","201811119133644262"
"H8TN06094","ROSE, JOHN W.","Republican Party","REP","House","H","Tennessee","TN","06","COOKEVILLE","TN","38502","2020","10-NOV-18","2018","201811109133644153"
"H0VA10152","ABDALLAH, UNIT89487","Write-In","W","House","H","Virginia","VA","10","GREAT FALLS","VA","22066","2020","10-NOV-18","2018","201811109133644143"
"H0MD06231","PARROTT, NEIL CONRAD MR.","Republican Party","REP","House","H","Maryland","MD","06","HAGERSTOWN","MD","21742","2020","10-NOV-18","2018","201811109133644141"
"S0KY00289","MAYNARD, ANDREW J","Democratic Party","DEM","Senate","S","Kentucky","KY","00","GEORGETOWN","KY","40324","2020","10-NOV-18","2018","201811109133644238"
"H8CA49058","LEVIN, MIKE","Democratic Party","DEM","House","H","California","CA","49","LONG BEACH","CA","90807","2020","09-NOV-18","2018","201811140300247401"
"H6OH04082","JORDAN, JAMES D.","Republican Party","REP","House","H","Ohio","OH","04","URBANA","OH","43078","2020","09-NOV-18","2018","201811099133642344"
"H8TX21307","ROY, CHIP","Republican Party","REP","House","H","Texas","TX","21","AUSTIN","TX","78735","2020","09-NOV-18","2018","201811099133642287"
"S0CO00435","GARCIA, LORENA LORENA FOR","Democratic Party","DEM","Senate","S","Colorado","CO","00","DENVER","CO","80221","2020","09-NOV-18","2018","201811099133642712"
"H0AZ05151","MENOR, SCOTT ROAMBOTICS","None","NNE","House","H","Arizona","AZ","05","GILBERT","AZ","85234","2020","09-NOV-18","2018","201811099133644128"
"P00008748","COX, ADRIAN J 1999","Democratic Party","DEM","President","P","United States","00","00","GADSDEN","AL","35903","2020","09-NOV-18","2018","201811099133644107"
"H2TX33040","WILLIAMS, ROGER","Republican Party","REP","House","H","Texas","TX","25","AUSTIN","TX","787091061","2020","09-NOV-18","2018","201811099133643957"
"P00008797","SMALLEY, NADIA BAHIA","Democratic Party","DEM","President","P","United States","00","00","CHULA VISTA","CA","91911","2020","09-NOV-18","2018","201811140300247349"
"H8TX03123","TAYLOR, NICHOLAS V.","Republican Party","REP","House","H","Texas","TX","03","PLANO","TX","75093","2020","08-NOV-18","2018","201811089133641523"
"P00008730","NEVIN, JACK ANGUS","Democratic Party","DEM","President","P","United States","00","00","ROXBURY","CT","06783","2020","08-NOV-18","2018","201811089133641239"
"H0CA08093","LOVATO, DESTINY WRAY","Republican Party","REP","House","H","California","CA","08","APPLE VALLEY","CA","92307","2020","08-NOV-18","2018","201811089133641196"
"H4TX10028","DOGGETT, LLOYD","Democratic Party","DEM","House","H","Texas","TX","35","AUSTIN","TX","78702","2020","08-NOV-18","2018","201811089133641085"
"H4CA45097","WALTERS, MIMI","Republican Party","REP","House","H","California","CA","45","IRVINE","CA","92618","2020","08-NOV-18","2018","201811089133642093"
"H8CA04152","MCCLINTOCK, THOMAS","Republican Party","REP","House","H","California","CA","04","ROSEVILLE","CA","95661","2020","08-NOV-18","2018","201811089133642084"
"H4TX04039","GOHMERT, LOUIS B. MR. JR.","Republican Party","REP","House","H","Texas","TX","01","TYLER","TX","75711","2020","08-NOV-18","2018","201811089133641666"
"H0CA19173","DENHAM, JEFF","Republican Party","REP","House","H","California","CA","10","TURLOCK","CA","95381","2020","08-NOV-18","2018","201811089133642082"
"H8GA13027","COWEN, MARTIN LINDSEY MR. III","Libertarian Party","LIB","House","H","Georgia","GA","13","JONESBORO","GA","302364179","2020","07-NOV-18","2018","201811079133639389"
"S0SC00271","WILSON, CAREY L 1987","Republican Party","REP","Senate","S","South Carolina","SC","00","GOOSE CREEK","SC","29445","2020","07-NOV-18","2018","201811079133639418"
"H8TN06078","MONDAY, CHRISTOPHER BRIAN","Republican Party","REP","House","H","Tennessee","TN","06","COOKEVILLE","TN","38501","2020","07-NOV-18","2018","201811079133639429"
"H8WI09050","SENSENBRENNER, F. JJAMES JR.","Republican Party","REP","House","H","Wisconsin","WI","05","MENOMONEE FALLS","WI","53051","2020","07-NOV-18","2018","201811079133639436"
"P00008722","NICHOLS, CURT","Green Party","GRE","President","P","United States","00","00","MOORPARK","CA","93021","2020","07-NOV-18","2018","201811079133639919"
"H8TX13163","SAGAN, GREGORY T. MR.","Democratic Party","DEM","House","H","Texas","TX","13","AMARILLO","TX","79124","2020","07-NOV-18","2018","201811079133640128"
"H6FL13148","BUCHANAN, VERNON","Republican Party","REP","House","H","Florida","FL","16","SARASOTA","FL","342305928","2020","07-NOV-18","2018","201811079133640929"
"H2CA00096","BARKLEY, MICHAEL JAMES MR.","Democratic Party","DEM","House","H","California","CA","10","MANTECA","CA","95336","2020","06-NOV-18","2018","201811069133639329"
"H8NY03177","SAUBERMAN, JOSHUA A","Independent","IND","House","H","New York","NY","03","OYSTER BAY","NY","117710330","2020","06-NOV-18","2018","201811069133639332"
"P00003814","MALONE, YEHANNA JOAN M M","Republican Party","REP","President","P","United States","00","00","WASHINGTON","DC","20002","2020","06-NOV-18","2018","201811060300246845"
"P80004120","BILLINGS-ELIAS, CHRISTINA GERASIMOS","Democratic Party","DEM","President","P","United States","00","33","BEVERLY HILLS","CA","90212","2020","06-NOV-18","2018","201811060300246794"
"P00008714","WOLNY, JARED KYLE","Democratic Party","DEM","President","P","United States","00","00","LAFAYETTE","CO","80026","2020","06-NOV-18","2018","201811069133619882"
"H8CA12171","SPEIER, JACKIE","Democratic Party","DEM","House","H","California","CA","14","BURLINGAME","CA","94011","2020","06-NOV-18","2018","201811069133636829"
"P00008672","GRAY, JULIAN LAPAUL DECARLO","Independent","IND","President","P","United States","00","00","BURLISON","TN","38015","2020","05-NOV-18","2018","201811050300246515"
"S0GA00377","DEJESUS, MARCKEITH","Democratic Party","DEM","Senate","S","Georgia","GA","00","ATLANTA","GA","30324","2020","05-NOV-18","2018","201811059133587732"
"P00008680","YEANDLE, JENNIFER MS.","Independent","IND","President","P","Indiana","IN","00","LAFAYETTE","IN","47905","2020","05-NOV-18","2018","201811059133587986"
"P00008631","H, LIONEL JAMES MR","American Independent Party","AIP","President","P","United States","00","00","PORT CHESTER","NY","10573","2020","02-NOV-18","2018","201811029133577107"
"P00008623","MCMURRAY, JENNIFER","Democratic Party","DEM","President","P","United States","00","00","ELMIRA","NY","14904","2020","02-NOV-18","2018","201811029133576975"
"H0PA07124","SAYEGH, ANTHONY","I","I","House","H","Pennsylvania","PA","07","NORTHAMPTON","PA","18067","2020","28-OCT-18","2018","201810289133550829"
"P00008581","CAUITT, PAUL DONALD","Independent","IND","President","P","United States","00","00","SAN DIEGO","CA","92104","2020","25-OCT-18","2018","201810250300243856"
"P00008557","HUDSON, MICHELLE R MS HALE","Democratic Party","DEM","President","P","United States","00","00","DENVER","CO","80206","2020","24-OCT-18","2018","201810249130837936"
"P00008573","SIMPSON, GLENN SCOTT ALLISTAIR MR.","Democratic Party","DEM","President","P","United States","00","00","NORTH WHITE PLAINS","NY","10603","2020","24-OCT-18","2018","201810249130846640"
"P00008565","HOWE, ALAN","Democratic Party","DEM","President","P","United States","00","00","CARLISLE","PA","17013","2020","24-OCT-18","2018","201810249130845145"
"S0AZ00343","LAROSE, JOSUE","Republican Party","REP","Senate","S","Arizona","AZ","00","PHOENIX","AZ","85012","2020","19-OCT-18","2018","201810199125655725"
"P00008540","LEE, SEYMOUR ART","Libertarian Party","LIB","President","P","United States","00","00","HOUSTON","TX","77083","2020","19-OCT-18","2018","201810199125779472"
"S0NJ00167","NAIK, HARSH VASANT MR.","Democratic Party","DEM","Senate","S","New Jersey","NJ","00","EDISON","NJ","08820","2020","18-OCT-18","2018","201810189125630759"
"P00008532","BRADFORD, DAPHNE DENISE","Democratic Party","DEM","President","P","United States","00","00","LOS ANGELES","CA","90045","2020","18-OCT-18","2018","201810189125628970"
"H2TX03126","SESSIONS, PETE","Republican Party","REP","House","H","Texas","TX","32","DALLAS","TX","753823047","2020","17-OCT-18","2018","201810170300237397"
"P00008524","GLASS, ANGELA MARI? BAXLEY","Independent","IND","President","P","United States","00","00","SHERMAN OAKS","CA","91401","2020","17-OCT-18","2018","201810179125601724"
"H0GA06150","HARRISON, JAYLA","Commandments Party","CMD","House","H","Georgia","GA","06","STONE MOUNTAIN","GA","30088","2020","16-OCT-18","2018","201810169125525657"
"P00008508","PLEASANT, IAN EDWARD","Other","OTH","President","P","United States","00","00","PHILADELPHIA","PA","19111","2020","15-OCT-18","2018","201810159125028609"
"P00008490","HURST, WILLIAM JOSEPH","Libertarian Party","LIB","President","P","United States","00","00","BIRMINGHAM","AL","35242","2020","13-OCT-18","2018","201810139124738256"
"P00008474","WHITE, PATRICK MICHAEL MR.","Independent","IND","President","P","United States","00","00","CENTENNIAL","CO","80122","2020","12-OCT-18","2018","201810129124496730"
"P00008516","HILL, GARY STEPHEN","None","NNE","President","P","United States","00","00","WORCESTER","MA","01608","2020","11-OCT-18","2018","201810160300236506"
"S0GA00369","WILLIAMS, ELAINE WHIGHAM","Democratic Party","DEM","Senate","S","Georgia","GA","00","ATLANTA","GA","30324","2020","09-OCT-18","2018","201810150300234326"
"H6VA04061","MCEACHIN, ASTON DONALD","Democratic Party","DEM","House","H","Virginia","VA","04","RICHMOND","VA","23221","2020","08-OCT-18","2018","201810089124415408"
"P00008466","SEAMAN, ADAM","Other","OTH","President","P","United States","00","00","SOUTHWICK","MA","01077","2020","07-OCT-18","2018","201810079124394009"
"S0SC00263","STONE, WILLIAM","Democratic Party","DEM","Senate","S","South Carolina","SC","00","DARLINGTON","SC","29532","2020","05-OCT-18","2018","201810059124318957"
"P00008458","GARNER, MARQUIS ANTWAN","Democratic Party","DEM","President","P","United States","00","00","MILWAUKEE","WI","53216","2020","05-OCT-18","2018","201810059124378192"
"S0FL00593","PINERO, JORGE DR.","Republican Party","REP","Senate","S","Florida","FL","00","WESTON","FL","33326","2020","04-OCT-18","2018","201810049124287274"
"P00008441","HOPPER, JEREMIAH JAMES SR.","Independent","IND","President","P","United States","00","00","WATERLOO","IA","50703","2020","03-OCT-18","2018","201810039124284036"
"P00008433","KARAFFA, DAVID AARON MR","Independent","IND","President","P","United States","00","00","PALM BAY","FL","32907","2020","02-OCT-18","2018","201810029124272295"
"P00008425","TURNER, GARY C","Democratic Party","DEM","President","P","United States","00","00","NORTH TONAWANDA","NY","14120","2020","01-OCT-18","2018","201810019124267972"
"P00008417","AUBIN, MARK-CHRISTIAN ANTHONY","Republican Party","REP","President","P","New York","NY","00","CITY","NY","11214","2020","29-SEP-18","2018","201809299124258433"
"P00008409","BARNES, JASON ROBERT MR","Green Party","GRE","President","P","United States","00","00","LOS ANGELES","CA","90008","2020","29-SEP-18","2018","201809299124256614"
"H0FL22050","REYES, OMAR","Independent","IND","House","H","Florida","FL","22","CORAL SPRINGS","FL","33067","2020","28-SEP-18","2018","201809289124252528"
"P00008391","MCGURN, MATTHEW JAMES MR","None","NNE","President","P","United States","00","00","PITTSFIELD","MA","01201","2020","26-SEP-18","2018","201809269124246146"
"P00008375","CICCONE, JONCARLO","Democratic Party","DEM","President","P","United States","00","00","CHESHIRE","CT","06410","2020","25-SEP-18","2018","201809259124239454"
"H8MA08170","WU, BRIANNA","Democratic Party","DEM","House","H","Massachusetts","MA","08","WALPOLE","MA","02081","2020","25-SEP-18","2018","201809259124239203"
"P00008359","WALKER, LARRY","Democratic Party","DEM","President","P","United States","00","00","OKLA","OK","73111","2020","24-SEP-18","2018","201809249124235953"
"H8GA07151","KIM, DAVID","Democratic Party","DEM","House","H","Georgia","GA","07","SUWANEE","GA","30024","2020","24-SEP-18","2018","201809249124237861"
"H8CA48076","KEIRSTEAD, HANS","Democratic Party","DEM","House","H","California","CA","48","LAGUNA BEACH","CA","92652","2020","24-SEP-18","2018","201809249124236534"
"P00008367","LO, ERLYNDON JOSEPH 'JOEY'","Democratic Party","DEM","President","P","United States","00","00","DALLAS ","TX","75238","2020","24-SEP-18","2018","201809240300229672"
"H8NV03101","HART, RICHARD CRAIG","Democratic Party","DEM","House","H","Nevada","NV","03","LAS VEGAS","NV","89117","2020","20-SEP-18","2018","201809200300229358"
"P00008342","COLLINSON, SEAN","Independent","IND","President","P","California","CA","00","WOODLAND HILLS","CA","91364","2020","20-SEP-18","2018","201809209123955588"
"P00008318","FOX, ALEXANDER DEWEY MR.","Write-In","W","President","P","United States","00","00","EDGECLIFF VILLAGE","TX","76134","2020","18-SEP-18","2018","201809189121730617"
"S0SC00255","KNIGHTS, MATTHEW BALDWIN","Independent","IND","Senate","S","South Carolina","SC","00","COWPENS","SC","29330","2020","18-SEP-18","2018","201809180200727125"
"H8TX03081","BARONE, ROGER RICHARD MR.","Republican Party","REP","House","H","Texas","TX","03","PLANO","TX","75024","2020","17-SEP-18","2018","201809179121729115"
"P00008300","VOTRUBA, GREGORY FRANCIS","Democratic Party","DEM","President","P","United States","00","00","HOUSTON","TX","77043","2020","17-SEP-18","2018","201809170300229139"
"H6FL01143","MILLS, RALPH JOHN III","Republican Party","REP","House","H","Florida","FL","01","MIRAMAR BEACH","FL","32550","2020","17-SEP-18","2018","201809179121727714"
"H8GA08092","ELLYSON, DANIEL EVAN","Republican Party","REP","House","H","Georgia","GA","08","WARNER ROBINS","GA","31095","2020","14-SEP-18","2018","201809149121715130"
"H2CA28113","CARDENAS, TONY","Democratic Party","DEM","House","H","California","CA","29","WASHINGTON","DC","20003","2020","14-SEP-18","2018","201809149121714884"
"P80000672","HOFF, SAMUEL B DR","Independent","IND","President","P","United States","00","00","DOVER","DE","19901","2020","10-SEP-18","2018","201809100300228528"
"P00008284","PENNINGTON JR, MEREDITHE FLOYD","Independent","IND","President","P","United States","00","00","SPRINGFIELD","VA","22150","2020","10-SEP-18","2018","201809100300228549"
"P00008276","LAZ-HIRSCH, JESSE","Write-In","W","President","P","United States","00","00","MADISON","WI","53715","2020","09-SEP-18","2018","201809099121658898"
"P00008268","SHARP, STEVEN DOUGLAS MR.","Republican Party","REP","President","P","New Jersey","NJ","00","GLENDORA","NJ","08029","2020","08-SEP-18","2018","201809089121658882"
"P00008250","COPE, PATRICK ALLEN MR","Republican Party","REP","President","P","United States","00","00","RINCON","GA","31326","2020","07-SEP-18","2018","201809079121615119"
"H6FL08213","GRAYSON, ALAN MARK","Democratic Party","DEM","House","H","Florida","FL","09","WINDERMERE","FL","34786","2020","07-SEP-18","2018","201809079121656373"
"H0PA18071","CARTNER, JEREMY P","Republican Party","REP","House","H","Pennsylvania","PA","18","EAST BRADY","PA","16028","2020","06-SEP-18","2018","201809069121593893"
"P00008243","DRAKE, PATRICK ANTHONY MR.","None","NNE","President","P","United States","00","00","GRAYSON","GA","30017","2020","05-SEP-18","2018","201809059121558333"
"P00008235","ARTH, MICHAEL E.","Democratic Party","DEM","President","P","United States","00","00","DELAND","FL","32724","2020","04-SEP-18","2018","201809049121557904"
"P60023652","FELIX, ALBERT JAMES","Liberal Party","LBL","President","P","United States","00","00","PORTERVILLE","CA","93257","2020","04-SEP-18","2018","201809110300228765"
"P00008227","PERKINS, LABARRON 199","Democratic Party","DEM","President","P","United States","00","00","TUSCALOOSA","AL","35405","2020","31-AUG-18","2018","201808319121548350"
"P00008219","PRIDMORE, JAY P","No Party Affiliation","NPA","President","P","United States","00","00","TUSCALOOSA","AL","35401","2020","29-AUG-18","2018","201808310300228229"
"P00008201","HARDWICK, STETSON 1990","Democratic Party","DEM","President","P","United States","00","00","TRENTON","NJ","08618","2020","26-AUG-18","2018","201808269121530504"
"P00008193","HARDWICK, STETSON","Democratic Party","DEM","President","P","New Jersey","NJ","00","TRENTON","NJ","08618","2020","26-AUG-18","2018","201808269121530503"
"P00008185","RICHEY, STEVEN ALLEN","Libertarian Party","LIB","President","P","United States","00","00","HONOLULU","HI","96817","2020","24-AUG-18","2018","201808249121517138"
"P00008177","LONG, STEVEN FLOYD","Republican Party","REP","President","P","North Carolina","NC","00","CHARLOTTE","NC","28278","2020","22-AUG-18","2018","201808229121509159"
"P00008169","GAUL, CALEB","Democratic Party","DEM","President","P","United States","00","00","WATERBORO","ME","04087","2020","22-AUG-18","2018","201808229121508589"
"P00008151","JANSON, JAN","Republican Party","REP","President","P","United States","00","00","NEW YORK","NY","10039","2020","16-AUG-18","2018","201808160300227269"
"P00008136","GROENDYK, GIDGET KAY","Democratic Party","DEM","President","P","United States","00","00","ROCKFORD","MI","49341","2020","15-AUG-18","2018","201808159119620110"
"P00008128","ATANUS, SUSANNE","Democratic Party","DEM","President","P","United States","00","00","NILES ","IL","607141830","2020","10-AUG-18","2018","201808140300227149"
"H0CA32333","GONZALES, EMANUEL LAWRENCE MR","Democratic Party","DEM","House","H","California","CA","32","BALDWIN PARK","CA","91706","2020","09-AUG-18","2018","201808099119386539"
"P00008110","WEIL, RICHARD LYONS","Democratic Party","DEM","President","P","United States","00","00","FORT COLLINS","CO","80524","2020","09-AUG-18","2018","201808099119382842"
"P00008102","VON BEVERN, RYAN NICHOLAS","Democratic Party","DEM","President","P","United States","00","03","KANSAS CITY","KS","66109","2020","09-AUG-18","2018","201808090300226792"
"P00008094","FLUDD, ERIC RENALDO","Republican Party","REP","President","P","United States","00","00","SPRINGFIELD GARDENS","NY","11434","2020","08-AUG-18","2018","201808089119380333"
"P00008086","CABRAL, CHRISTINA MARIE","Independent American Party","IAP","President","P","United States","00","00","TROY","TX","76579","2020","08-AUG-18","2018","201808089119378477"
"P00008078","ANDERSON, LISANNE FERNE MISS","No Party Affiliation","NPA","President","P","United States","00","00","BROOKLYN","NY","11229","2020","04-AUG-18","2018","201808049119368701"
"P60006160","RHODES, LEE","Democratic Party","DEM","President","P","United States","00","00","BROOKLYN","NY","11229","2020","03-AUG-18","2018","201808039119352190"
"P00008052","TEIXEIRA, RASHARNDA S MISS","Write-In","W","President","P","United States","00","00","JAMAICA PLAIN","MA","02130","2019","03-AUG-18","2018","201808039119351994"
"P00008037","JOSEPH, DEJAWON","Democratic Party","DEM","President","P","United States","00","00","CHARLOTTE","NC","28262","2020","01-AUG-18","2018","201808010300226021"
"P00008029","BOBLIT, DANIEL JAMES MR","None","NNE","President","P","United States","00","00","CEDAR RAPIDS","IA","52402","2020","30-JUL-18","2018","201807309119329054"
"P60005949","HAHN, MARTIN JOHN MS. III","Independent","IND","President","P","United States","00","00","PORTLAND","OR","97220","2020","27-JUL-18","2018","201807279119327653"
"P60014024","SHEWBERT, DUSTIN RYAN MR SR","Democratic Party","DEM","President","P","United States","00","00","RIDGE","MD","20680","2020","27-JUL-18","2018","201807279119325888"
"P00008003","SMITH, SHARMIN LYNN","Democratic Party","DEM","President","P","United States","00","00","JACKSONVILLE BEACH","FL","32250","2020","25-JUL-18","2018","201807259119315754"
"P00008011","NALLS, RANDALL","Democratic Party","DEM","President","P","Alabama","AL","00","FAYETTE","AL","35555","2020","25-JUL-18","2018","201807259119317601"
"H0TX09168","MENEFEE, JON MARK MR","Republican Party","REP","House","H","Texas","TX","09","STAFFORD","TX","77477","2020","25-JUL-18","2018","201807259119315809"
"P00007997","STROUD, DONNA HAN","Republican Party","REP","President","P","United States","00","00","AIRWAY HEIGHTS","WA","99001","2020","23-JUL-18","2018","201807230300224169"
"S0GA00351","AMUN, AKHENATEN HOTEP","Democratic Party","DEM","Senate","S","Georgia","GA","00","STOCKBRIDGE","GA","30281","2020","21-JUL-18","2018","201807260200661677"
"P60008695","PATTERSON, STEPHEN MICHAEL","Democratic Party","DEM","President","P","United States","00","00","INKSTER","MI","48141","2020","20-JUL-18","2018","201807209116019415"
"P60004322","OGLE, JAMES ORLANDO III","Green Party","GRE","President","P","United States","00","00","PACIFIC GROVE","CA","93950","2020","17-JUL-18","2018","201807170300221948"
"P00007963","KOZLOWSKI, BENJAMIN PETER","Democratic Party","DEM","President","P","District Of Columbia","DC","00","WASHINGTON","DC","20001","2020","15-JUL-18","2018","201807159115654594"
"P00007971","WINDHAM, GERALD","Independent","IND","President","P","United States","00","00","KILLEEN","TX","76549","2020","15-JUL-18","2018","201807159115692832"
"P00007948","MIKOLAY, GREGORY","Democratic Party","DEM","President","P","United States","00","00","PROVO","UT","84606","2020","14-JUL-18","2018","201807149115465547"
"H8CA45189","FORDE, BRIAN","Democratic Party","DEM","House","H","California","CA","45","IRVINE","CA","92612","2020","13-JUL-18","2018","201807139115410857"
"S0ME00053","LONDON, CATHLEEN GREENBERG DR","Democratic Party","DEM","Senate","S","Maine","ME","00","MILBRIDGE","ME","04658","2020","13-JUL-18","2018","201807190200606910"
"H0TX30073","MALLORY CARAWAY, BARBARA MRS.","Democratic Party","DEM","House","H","Texas","TX","30","DALLAS","TX","75339","2020","12-JUL-18","2018","201807129115375270"
"H8CA10209","HOWZE, TED D II","Republican Party","REP","House","H","California","CA","09","STOCKTON","CA","95219","2020","12-JUL-18","2018","201807129115386909"
"H6NC09184","CANO, FERNANDO CHRISTIAN MR. JR","Democratic Party","DEM","House","H","North Carolina","NC","09","CHARLOTTE","NC","28226","2020","12-JUL-18","2018","201807129115366029"
"P00007914","RIDEN, MICHAEL SHANE","Unknown","UNK","President","P","United States","00","00","EDGERTON","WI","53534","2020","10-JUL-18","2018","201807109115293267"
"P00007906","ALSTON, DONNA JEAN MISS","Democratic Party","DEM","President","P","United States","00","00","WASHINGTON","DC","20019","2020","05-JUL-18","2018","201807059115238283"
"P00007898","MOSS JR, ANTHONY KEVIN","Independent","IND","President","P","United States","00","00","RIVERVIEW","FL","335799354","2020","03-JUL-18","2018","201807030300215736"
"P00007880","HALLMAN, MICHAEL L","None","NNE","President","P","United States","00","00","PHILADELPHIA","PA","19103","2020","03-JUL-18","2018","201807039115211697"
"P60006467","SABBAG, DOUGLAS WALTER","Democratic Party","DEM","President","P","United States","00","00","FORT LAUDERDALE","FL","33301","2020","28-JUN-18","2018","201806289115196591"
"H0AL06104","ALLEN, ANDERS POPE","Republican Party","REP","House","H","Alabama","AL","06","BIRMINGHAM","AL","35242","2020","26-JUN-18","2018","201806269115171641"
"H0AL03192","THOMPSON, HANNAH","Democratic Party","DEM","House","H","Alabama","AL","03","ALEXANDER CITY","AL","35010","2020","24-JUN-18","2018","201806249115167454"
"P00007864","WELLS, KASEY","Independent","IND","President","P","United States","00","00","LEXINGTON","IL","61753","2020","23-JUN-18","2018","201806239115166684"
"P00007856","KENNEWAY, BRUCE JOHN MR","Write-In","W","President","P","Maine","ME","00","BANGOR","ME","04401","2020","18-JUN-18","2018","201806189113732366"
"S2CA00591","CARROLL, JERRY LEON","Other","OTH","Senate","S","California","CA","00","STOCKTON","CA","95208","2020","14-JUN-18","2018","201806210200477100"
"P00007831","RICE, NITA MILDRED","Democratic Party","DEM","President","P","United States","00","00","WICHITA FALLS","TX","76301","2020","14-JUN-18","2018","201806149113686482"
"P00007823","LEE, HUHNKIE","Republican Party","REP","President","P","United States","00","00","WASILLA","AK","99623","2020","08-JUN-18","2018","201806089113653322"
"P00007815","FITZPATRICK, JON W","Unknown","UNK","President","P","United States","00","00","BAY CITY","MI","48706","2020","06-JUN-18","2018","201806060300213610"
"P00007807","HENDRICKS, DARRYL P","Democratic Party","DEM","President","P","United States","00","00","NEW YORK","NY","10024","2020","05-JUN-18","2018","201806050300213505"
"P60005584","HODGE, CHARLES JUNIOR","Independent","IND","President","P","United States","00","00","SACRAMENTO","CA","95825","2020","04-JUN-18","2018","201806040300213092"
"P00007799","LUZA, RADOMIR VOJTECH","Democratic Party","DEM","President","P","United States","00","00","NORTH HOLLYWOOD","CA","916063540","2020","04-JUN-18","2018","201806040300213131"
"P00007773","HENDRY, RICHARD HAMPTON MR.","No Party Affiliation","NPA","President","P","United States","00","00","MELBOURNE","FL","32901","2020","01-JUN-18","2018","201806019113637142"
"P00007765","HUGHES, LEXIE RAY MS.","Human Rights Party","HRP","President","P","United States","00","00","URBANDALE","IA","50323","2020","01-JUN-18","2018","201806019113637107"
"P00007740","MAYON, RAMONA ELIZABETH","Write-In","W","President","P","United States","00","00","ANTIOCH","CA","94531","2020","31-MAY-18","2018","201805319113630677"
"P60020146","D'AURA, JOHN 'KINGTAMER'","Other","OTH","President","P","United States","00","00","HENDERSON","NV","89009","2020","31-MAY-18","2018","201806010300212954"
"P00007732","MILLS, CHARLES EDWARD 1985 MALE","Write-In","W","President","P","United States","00","00","CORPUS CHRISTI","TX","78405","2020","31-MAY-18","2018","201805319113627191"
"P00007724","LEVY, JEFERY","Democratic Party","DEM","President","P","California","CA","00","BEVERLY HILLS","CA","90210","2020","29-MAY-18","2018","201805299113624157"
"P00007708","CRISELL, THEODORE MILLARD MR.","Democratic Party","DEM","President","P","United States","00","00","L.A.","CA","90027","2020","28-MAY-18","2018","201805289113618671"
"P00007690","LEWIS, LEROY","Independent","IND","President","P","United States","00","00","ANNANDALE","VA","22060","2020","24-MAY-18","2018","201805249113331271"
"P00007682","MURRAY, JASON","Democratic Party","DEM","President","P","United States","00","00","BRONX","NY","10468","2020","23-MAY-18","2018","201805239113316311"
"H4CA23011","WATERS, MAXINE MS","Democratic Party","DEM","House","H","California","CA","43","LOS ANGELES","CA","90044","2020","21-MAY-18","2018","201805219113313305"
"P00007716","CLARK, MELVIN WAYNE","Democratic Party","DEM","President","P","United States","00","00","LAKEWOOD","CA","90715","2020","21-MAY-18","2018","201805290300212739"
"H8AZ05188","PACE, TYLER","Republican Party","REP","House","H","Arizona","AZ","05","MESA","AZ","85205","2020","18-MAY-18","2018","201805180300211833"
"P00007674","SWING, GARY","Green Party","GRE","President","P","United States","00","00","TUCSON","AZ","85716","2020","18-MAY-18","2018","201805189112140121"
"H8CA32070","QUINTERO, ANDRE","Democratic Party","DEM","House","H","California","CA","32","LONG BEACH","CA","90802","2020","18-MAY-18","2018","201805189112138406"
"P00007641","WELLS, ROBERT CARR MR. JR.","Democratic Party","DEM","President","P","United States","00","00","SANDY SPRINGS","GA","30350","2020","17-MAY-18","2018","201805179112069913"
"P00007666","CHARBONNEAU, JACK LEWIS","Independent","IND","President","P","United States","00","00","KANSAS CITY","KS","661041301","2020","17-MAY-18","2018","201805180300211821"
"H4NJ09095","WILDES, MICHAEL","Democratic Party","DEM","House","H","New Jersey","NJ","09","ENGLEWOOD","NJ","07631","2020","15-MAY-18","2018","201805159112041334"
"S0SC00248","KANDIES, PEGGY","Republican Party","REP","Senate","S","South Carolina","SC","00","NORTH CHARLESTON","SC","29406","2020","10-MAY-18","2018","201805140200366834"
"P00007633","FULK, SCOTT ELDON","Independent","IND","President","P","United States","00","00","PLATTE CITY","MO","64079","2020","09-MAY-18","2018","201805099112002555"
"P00007625","COLLINS, KEVIN","Democratic Party","DEM","President","P","United States","00","00","INDEPENDENCE","MO","64056","2020","08-MAY-18","2018","201805089111998316"
"H0FL04124","DEPAUL, MONICA PAIGE","Democratic Party","DEM","House","H","Florida","FL","04","JACKSONVILLE","FL","32255","2020","05-MAY-18","2018","201805059111989422"
"P00007609","PERRY, LEVOID DEXTER II","Democratic Party","DEM","President","P","United States","00","00","TEMPLE HILLS","MD","20770","2020","02-MAY-18","2018","201805029111748243"
"H2CA39136","CHEN, JAY","Democratic Party","DEM","House","H","California","CA","39","HACIENDA HEIGHTS","CA","91745","2020","01-MAY-18","2018","201805010300209850"
"P00007591","ROOSE, RODGER LEE","Democratic Party","DEM","President","P","United States","00","00","SCOTTSBLUFF","NE","69361","2020","01-MAY-18","2018","201805019111743324"
"P00007583","PRESTIA, KEVIN","Democratic Party","DEM","President","P","United States","00","00","BAY SHORE","NY","11706","2020","29-APR-18","2018","201804299111737566"
"P00007567","HAWKINS, DANNY NATHANIEL JR.","Republican Party","REP","President","P","United States","00","00","SPARKS","NV","89431","2020","29-APR-18","2018","201804299111737441"
"P00007575","BREEDEN, TIMOTHY D","None","NNE","President","P","United States","00","00","PETERSBURG","IN","47567","2020","29-APR-18","2018","201804299111737503"
"P80003643","ELLIOTT, CLAIRE ELISABETH","Independent","IND","President","P","United States","00","00","HONOLULU","HI","96814","2020","26-APR-18","2018","201804269111729284"
"P80003544","GRAHAM, MARK BLAIR","Write-In","W","President","P","United States","00","00","OKEECHOBEE","FL","34974","2020","24-APR-18","2018","201804249111726996"
"P00007526","CURRO, BRIAN R","Independent","IND","President","P","United States","00","00","BRADENTON","FL","34203","2020","23-APR-18","2018","201804230300207867"
"P60005469","SMITH, KEITH","Democratic Party","DEM","President","P","United States","00","00","CLEVELAND","OH","44105","2020","23-APR-18","2018","201804230300208045"
"P00007518","KIZER, KERRY 1980","Green Party","GRE","President","P","United States","00","00","GERMANTOWN","TN","38138","2020","22-APR-18","2018","201804229111719240"
"P00007500","SMYTH, HERBERT EZEKIEL ZEKE","Democratic Party","DEM","President","P","United States","00","00","JUNEAU","AK","99801","2020","21-APR-18","2018","201804219111718791"
"P60015864","WILLMON, PAUL RYU MICHAEL","Write-In","W","President","P","United States","00","00","WELLINGTON","CO","80549","2020","20-APR-18","2018","201804209111660199"
"P60012218","STRICKLAND, TIMMY","Independent","IND","President","P","United States","00","00","SELMA","NC","27576","2020","18-APR-18","2018","201804180300206660"
"P00007492","BENZEL, JULIANNE ELIZABETH MRS.","Republican Party","REP","President","P","United States","00","00","ROCKLIN","CA","95765","2020","16-APR-18","2018","201804169108258969"
"P00007476","GOMEZ, RUDY EDWARD","Democratic Party","DEM","President","P","United States","00","00","BELL GARDENS","CA","90201","2020","14-APR-18","2018","201804149108076353"
"P00007484","WILKERSON, TERRY","Libertarian Party","LIB","President","P","United States","00","00","LANSDOWNE","PA","19050","2020","14-APR-18","2018","201804149108077900"
"P00007468","JACKSON, ROBERT L","Democratic Party","DEM","President","P","United States","00","00","KANSAS CITY","MO","64130","2020","12-APR-18","2018","201804129107995495"
"P00007450","ARENDT, DEVIN 1983","No Party Affiliation","NPA","President","P","United States","00","00","SYCAMORE","IL","60178","2020","11-APR-18","2018","201804119106285635"
"P00007443","DUNHAM II, MARK LONDON","Democratic Party","DEM","President","P","United States","00","00","SAN FRANCISCO","CA","94109","2020","09-APR-18","2018","201804090300201012"
"H0TX26113","MOATES, MICHAEL 1995","Republican Party","REP","House","H","Texas","TX","26","FORT WORTH","TX","76131","2020","08-APR-18","2018","201804089104790487"
"P00007435","R JONES, DEEANNA MICHELLE DR","Republican Party","REP","President","P","United States","00","00","WASHINGTON DC","DC","20001","2020","07-APR-18","2018","201804079104790353"
"H0FL18173","VAUGHN, KAREN","RE","RE","House","H","Florida","FL","18","STUART","FL","34997","2020","02-APR-18","2018","201804029097935463"
"P60009297","FIRMANI, JAMES PARIS","Independent","IND","President","P","United States","00","08","KENOSHA","WI","53142","2020","02-APR-18","2018","201804020300199753"
"P00007419","LEDER, BENJAMIN G","Libertarian Party","LIB","President","P","United States","00","00","TRINIDAD","TX","75163","2020","01-APR-18","2018","201804019097933920"
"H8TX01044","BEAL, BRENT","Democratic Party","DEM","House","H","Texas","TX","01","NACOGDOCHES","TX","75965","2020","29-MAR-18","2018","201803299097933036"
"P00007393","SYLVESTER, PAUL LOUIS","Other","OTH","President","P","United States","00","00","SACRAMENTO","CA","95829","2020","29-MAR-18","2018","201803299097933029"
"P60016920","PRAG, CHOMI","None","NNE","President","P","United States","00","00","GERMANTOWN","WI","53022","2020","29-MAR-18","2018","201803299097932905"
"H8CA32062","LUTZ, MARY ANN","Democratic Party","DEM","House","H","California","CA","32","MONROVIA","CA","91016","2020","28-MAR-18","2018","201803289097931100"
"P00007401","MONTALVO, KENNETH JAMES","Independent","IND","President","P","United States","00","00","WASHINGTON","DC","20009","2020","28-MAR-18","2018","201803300300199739"
"P00007377","GARNER, MARKIE KENNETH","Independent","IND","President","P","United States","00","03","PONCA CITY","OK","74601","2020","23-MAR-18","2018","201803230300199164"
"P60020963","SOOD, AJAY","Independent","IND","President","P","United States","00","00","SHAWNEE","KS","66216","2020","22-MAR-18","2018","201803280300199610"
"P00007351","MCCARTHY, CHRISTOPHER","Non-Party","NON","President","P","United States","00","00","WHITERIVER","AZ","85941","2020","21-MAR-18","2018","201803219097925471"
"S0SC00230","SLOAN, MARK STEPHEN MR","Republican Party","REP","Senate","S","South Carolina","SC","00","GREER","SC","29650","2020","16-MAR-18","2018","201803160200175243"
"H8OH01084","WEAVER, LAURA ANN","Democratic Party","DEM","House","H","Ohio","OH","01","CINCINNATI","OH","45224","2020","16-MAR-18","2018","201803169096562172"
"P00007328","GANZER, CALEB","Democratic Party","DEM","President","P","United States","00","00","NEW YORK","NY","10002","2020","08-MAR-18","2018","201803089095655560"
"P00007310","PEACH, JASON DANIEL","Libertarian Party","LIB","President","P","United States","00","00","LEHI","UT","84043","2020","07-MAR-18","2018","201803070300197977"
"P60008281","REID, DERRICK MICHAEL","Libertarian Party","LIB","President","P","United States","00","00","LAGUNA BEACH","CA","92651","2020","07-MAR-18","2018","201803070300198040"
"P00007286","VEGAN, SEXY","Other","OTH","President","P","United States","00","00","WEST HOLLYWOOD","CA","90069","2020","05-MAR-18","2018","201803050300197691"
"P00007278","BERNHEISEL, JEREMY SHANE","Independent","IND","President","P","United States","00","00","MARIETTA","GA","30008","2020","02-MAR-18","2018","201803050300197862"
"P00007260","BREILER, CHRISTOPHER LEE","Independent","IND","President","P","United States","00","00","COMMERCE","MI","48382","2020","02-MAR-18","2018","201803029095642691"
"P00007252","HOPE, WILLIAM","Democratic Party","DEM","President","P","United States","00","00","TIPP CITY","OH","45371","2020","01-MAR-18","2018","201803019095639317"
"P00007245","MINETTE, KRISTOPHER THOMAS MR","Other","OTH","President","P","United States","00","00","BLACK HAWK","SD","57718","2020","01-MAR-18","2018","201803019095638514"
"P00007237","HENDERSON, BRETT MR.","Other","OTH","President","P","United States","00","00","GENESEO","IL","61254","2020","28-FEB-18","2018","201802289095632366"
"P00007229","JONES, KEVIN SIR","Other","OTH","President","P","United States","00","00","CHARLESTOWN","MA","02129","2020","25-FEB-18","2018","201802259095588641"
"P00007211","SHUMATE, WILLIAM SCOTT","None","NNE","President","P","United States","00","00","GEORGETOWN","TX","78626","2020","24-FEB-18","2018","201802249095553950"
"P00007195","HODGES, CHARLES LANDON","Democratic Party","DEM","President","P","United States","00","00","MEMPHIS","TN","38104","2020","21-FEB-18","2018","201802219095500906"
"H0TX15090","FABARA, CARLOS M MR.","Green Party","GRE","House","H","Texas","TX","15","PHARR","TX","78577","2020","21-FEB-18","2018","201802219095501075"
"P00007187","BACHAR, SHAWN","Independence Party","IDP","President","P","United States","00","00","PALM BAY","FL","32907","2020","20-FEB-18","2018","201802209094639554"
"P00007179","FORSMAN, CATHERINE ANNE","Democratic Party","DEM","President","P","United States","00","00","FLORHAM PARK","NJ","07932","2020","20-FEB-18","2018","201802200300196250"
"P40003584","CAVANAGH, ERIC SCOTT","Republican Party","REP","President","P","United States","00","00","NORTHEAST","MD","21901","2020","20-FEB-18","2018","201802200300196237"
"P00007161","O'DONNELL, JOHN ROBERT","Democratic Party","DEM","President","P","United States","00","00","TUCSON","AZ","85718","2020","19-FEB-18","2018","201802199094593035"
"P00007146","HANKINS, JOHN KWESI","Independent","IND","President","P","United States","00","00","HENDERSON","NV","89052","2020","15-FEB-18","2018","201802159094568248"
"P00007153","WATKINS, CHRISTOPHER CHRISTIAN","Independent","IND","President","P","United States","00","00","INDIANAPOLIS","IN","46256","2020","15-FEB-18","2018","201802159094574107"
"P00007104","BUSH, RONALD MR","Democratic Party","DEM","President","P","United States","00","00","LOS ANGELES","CA","900202915","2020","12-FEB-18","2018","201802129094277392"
"P00007120","WILKERSON, DAVID ALAN","Independent","IND","President","P","United States","00","00","TRENTON","SC","29847","2020","11-FEB-18","2018","201802119094275696"
"P00007112","SHAJU, LISHA","Democratic Party","DEM","President","P","United States","00","00","MISSOURI CITY","TX","77459","2020","10-FEB-18","2018","201802109094275416"
"P00007096","LANKFORD, KEITH DANIEL","Write-In","W","President","P","United States","00","00","HOUSTON","TX","77090","2020","08-FEB-18","2018","201802089094272818"
"P00007070","CHILDS, CAYLEND ANTHONY EDWARD MR C.A.E.C","Democratic Party","DEM","President","P","United States","00","00","EAST ST LOUIS","IL","62203","2020","08-FEB-18","2018","201802089094271395"
"P00007088","SHAW, ROBERT SIMON IV","Democratic Party","DEM","President","P","United States","00","00","ARVERNE","NY","11692","2020","08-FEB-18","2018","201802089094272742"
"H0OH11072","MANDEL, JOSHUA A","Republican Party","REP","House","H","Ohio","OH","11","BEACHWOOD ","OH","441221313","2020","07-FEB-18","2018","201802260300197296"
"P00007047","WEAVER, CHRISTOPHER FRANCIS MR.","Libertarian Party","LIB","President","P","United States","00","00","SARASOTA","FL","34232","2020","03-FEB-18","2018","201802039094237699"
"P00007039","SMITH, ROBERT EUGENE","Republican Party","REP","President","P","United States","00","00","NEVADA","MO","64772","2020","02-FEB-18","2018","201802029094237233"
"P00007005","GRAVEN, JASON G","No Party Affiliation","NPA","President","P","United States","00","00","CABOOL","MO","65689","2020","01-FEB-18","2018","201802019091375314"
"P00006981","FARBER, RYAN ANDREW XOJET","Democratic Party","DEM","President","P","United States","00","00","LOS ANGELES","CA","90012","2020","30-JAN-18","2018","201801309090910200"
"P00007062","WILSON, KENNETH ALAN","Independent","IND","President","P","United States","00","00","KAPAA","HI","96746","2020","30-JAN-18","2018","201802070300194660"
"P00006999","SOSEEAH, KERRY D MRS","Other","OTH","President","P","United States","00","00","BLACK HAWK","SD","57718","2020","30-JAN-18","2018","201801309090911132"
"P00006973","VAN DER VEGTE, SEM YORAM","Republican Party","REP","President","P","United States","00","00","HAWTHORNE","CA","90250","2020","27-JAN-18","2018","201801279090675526"
"P00006965","SIBILIO, JASON MICHAEL","Libertarian Party","LIB","President","P","United States","00","67","MANHATTAN","KS","66503","2020","25-JAN-18","2018","201801250300187748"
"P00006957","GITTELMAN, CURTIS","Write-In","W","President","P","United States","00","00","HAVERTOWN","PA","19083","2020","24-JAN-18","2018","201801249090621308"
"P00006932","HIDEK, JEFFREY MICHAEL","Independent","IND","President","P","United States","00","00","COLORADO SPRINGS","CO","80906","2020","22-JAN-18","2018","201801229090514728"
"P00006940","HOUSE, DANIEL JONATHAN","Independent","IND","President","P","United States","00","00","PORTLAND","OR","97219","2020","22-JAN-18","2018","201801229090514918"
"P00006916","MILLER, PATRICK ROBERT","Independent","IND","President","P","United States","00","00","CHARLOTTE","NC","28213","2020","21-JAN-18","2018","201801219090502490"
"P00006882","VOSS, TROY","Independent","IND","President","P","United States","00","00","E. CARONDELET","IL","62240","2020","19-JAN-18","2018","201801199090457591"
"P00006866","SAUTER, DONALD","None","NNE","President","P","United States","00","00","DOVER","DE","19901","2020","16-JAN-18","2018","201801169090421110"
"P60006277","INCE, CECIL A","Libertarian Party","LIB","President","P","United States","00","00","SPRINGFIELD","MO","65802","2020","15-JAN-18","2018","201801159090407990"
"P00006858","ANDERSON, JOE EDWARD PASTOR DR.","Republican Party","REP","President","P","United States","00","00","ARROYO GRANDE","CA","93420","2020","13-JAN-18","2018","201801139090406847"
"P00006841","KOKESH, ADAM TFF","Libertarian Party","LIB","President","P","United States","00","00","INDIANAPOLIS","IN","46220","2020","13-JAN-18","2018","201801139090406839"
"P00006874","CROSS, KENNETH ROBERT","GRN","GRN","President","P","United States","00","00","BATESVILLE","AR","72501","2020","12-JAN-18","2018","201801170300185600"
"H0OH13185","STEFFEL, KYLE JOSEPH","Republican Party","REP","House","H","Ohio","OH","13","AKRON","OH","44310","2020","12-JAN-18","2018","201801129090401415"
"P00006833","INCE, CECIL ANTHONY SOUTHWEST","Libertarian Party","LIB","President","P","United States","00","00","SPRINGFIELD","MO","65802","2020","12-JAN-18","2018","201801129090397532"
"P00006825","CUNNINGHAM, HART P.","Democratic Party","DEM","President","P","United States","00","00","SCOTTSDALE","AZ","852514640","2020","11-JAN-18","2018","201801119090397335"
"P00006809","MONCADA, RICHARD CHARLES","Independent","IND","President","P","United States","00","00","CORPUS CHRISTI","TX","78412","2020","05-JAN-18","2018","201801059090369999"
"P00006817","GARRET, SAMMY NO MIDDLE NAME SAM RET","Independent","IND","President","P","United States","00","00","JACKSON","MI","49201","2020","05-JAN-18","2018","201801059090370278"
"P00006783","EBERLY, MELVIN FRANCIS","Republican Party","REP","President","P","United States","00","00","MURRELLS INLET","SC","29576","2020","02-JAN-18","2018","201801020300183200"
"P00006775","ROSAS, EMILY","Democratic Party","DEM","President","P","United States","00","00","TEMPLE TERRACE","FL","33617","2020","31-DEC-17","2017","201712319090344930"
"P00006759","USERA, JOSHUA DAVID","Other","OTH","President","P","United States","00","00","BLACK HAWK","SD","57718","2020","30-DEC-17","2017","201712309090344842"
"P00006767","USERA, KORRENA KAYE MRS","Other","OTH","President","P","United States","00","00","BLACK HAWK","SD","57718","2020","30-DEC-17","2017","201712309090344927"
"H8NY10081","LYNCH, HOLLY","Democratic Party","DEM","House","H","New York","NY","10","NEW YORK","NY","10023","2020","29-DEC-17","2017","201712299090344719"
"P00006726","GIL DE LAMADRID, J.","Non-Party","NON","President","P","United States","00","00","DEL VALLE","TX","78617","2020","28-DEC-17","2017","201712289090337149"
"P00006734","HARVEY, TERRANCE JAMES","Republican Party","REP","President","P","United States","00","00","WYOMING","MI","49519","2020","28-DEC-17","2017","201712289090337239"
"P00006742","FRANK, DAVID","Democratic Party","DEM","President","P","United States","00","00","REDONDO BEACH","CA","90278","2020","26-DEC-17","2017","201801080300183749"
"P00006700","DACEY, JOHN MR.","Democratic Party","DEM","President","P","United States","00","00","MENDON","MA","01756","2020","25-DEC-17","2017","201712259090331112"
"P00006718","NUSBAUM, DENNIS JEFFREY MR","Democratic Party","DEM","President","P","United States","00","00","LOS ANGELES","CA","90036","2020","25-DEC-17","2017","201712259090331124"
"P00006684","FULLER, REV VERONICA RONNIE","Independent","IND","President","P","United States","00","00","ALTO","GA","30510","2020","22-DEC-17","2017","201712220300182822"
"P00006676","BRAUN III, HARRY WILLIAM","Democratic Party","DEM","President","P","United States","00","00","CANTON","GA","30115","2020","20-DEC-17","2017","201712200300182531"
"P00006668","JAMES, TERENCE ROGER","Democratic Party","DEM","President","P","United States","00","00","ABERDEEN","WA","98520","2020","17-DEC-17","2017","201712179089209704"
"P00006643","HIGAREDA, MANUEL LUIS MR","Federalist","FED","President","P","United States","00","00","SOUTH GATE","CA","90280","2020","11-DEC-17","2017","201712119089151498"
"S0MN00278","CHAMBERLIN, CHRISTOPHER, WILLIAM MR","Republican Party","REP","Senate","S","Minnesota","MN","00","ST CLOUD","MN","56301","2020","07-DEC-17","2017","201712070200412693"
"P00006635","OHLEGER, MICHAEL JR","Write-In","W","President","P","United States","00","00","STAFFORD","VA","22554","2020","06-DEC-17","2017","201712069089121846"
"P40003220","WILDMAN, ANDREW JAYE","Independent","IND","President","P","United States","00","00","WESTMINSTER","MD","21157","2020","05-DEC-17","2017","201712050300181750"
"P80005952","STEVENSON, TRAVIS LEE","Republican Party","REP","President","P","United States","00","00","POPLAR BLUFF","MO","63901","2020","04-DEC-17","2017","201712040300181574"
"P00006619","MCCATTY, SCOTT","Write-In","W","President","P","United States","00","00","TAMPA","FL","33601","2020","04-DEC-17","2017","201712049087686650"
"S0AL00156","JONES, DOUG","Democratic Party","DEM","Senate","S","Alabama","AL","00","BIRMINGHAM","AL","35213","2020","30-NOV-17","2017","201712010200405462"
"P00006601","MARTINI, JOHN PATRICK MR.","Democratic Party","DEM","President","P","United States","00","00","GREER","SC","29650","2020","29-NOV-17","2017","201711299087672003"
"S0KY00271","COX, STEVEN JEWELL ISOM","Democratic Party","DEM","Senate","S","Kentucky","KY","00","MADISONVILLE","KY","42431","2020","28-NOV-17","2017","201711300200389905"
"P00006593","HAWTHORNE, REV. DE'SEAN SUNLIGHT M","Democratic Party","DEM","President","P","United States","00","00","DALLAS","TX","75215","2020","25-NOV-17","2017","201711259087655223"
"P00006585","PALMER, MICHAEL WAYNE","Republican Party","REP","President","P","United States","00","00","WAVERLY","NY","14892","2020","24-NOV-17","2017","201711249087655056"
"P00006577","JACKSON, LAWRENCE CHRISTOPER MR.","Independent Conservative Democratic","ICD","President","P","United States","00","00","INGLEWOOD","CA","90305","2020","23-NOV-17","2017","201711239087654865"
"P60018371","GLASGOW, NATHANIEL","Republican Party","REP","President","P","United States","00","00","BOONE","NC","28608","2020","19-NOV-17","2017","201711199086729566"
"P00006544","KABIR, MOHAMMAD S","Independent","IND","President","P","United States","00","00","BELLMAWR","NJ","08031","2020","17-NOV-17","2017","201711179086724070"
"P00006536","BUNYAN, NOAH MR.","Democratic Party","DEM","President","P","United States","00","00","AE","HI","09630","2020","16-NOV-17","2017","201711169086693338"
"P00006528","HERZ, DAVID RAPHAEL MR.","Republican Party","REP","President","P","United States","00","00","STAMFORD","CT","06902","2020","15-NOV-17","2017","201711159086635347"
"P00006510","CHIODO, DAMIEN GARRETT MR.","Democratic Party","DEM","President","P","United States","00","00","VALLEY CENTER","CA","92010","2020","14-NOV-17","2017","201711149086633774"
"H0FL01112","ROSAS, EMILY","Republican Party","REP","House","H","Florida","FL","01","TEMPLE TERRACE","FL","33617","2020","13-NOV-17","2017","201711139086624136"
"P00006502","BLUFORD, LARRY D MR. SR","Write-In","W","President","P","United States","00","00","SAN PABLO","CA","94806","2020","10-NOV-17","2017","201711109086621157"
"P00006478","GREEN, ANDRE PHILLIP","Democratic Party","DEM","President","P","United States","00","00","MIAMI","FL","33136","2020","06-NOV-17","2017","201711060300180189"
"P00006486","YANG, ANDREW MR.","Democratic Party","DEM","President","P","United States","00","00","NEW YORK","NY","10036","2020","06-NOV-17","2017","201711069086611624"
"P80005960","JARAMILLO, MARIO","None","NNE","President","P","United States","00","00","FLORESVILLE","TX","78114","2020","03-NOV-17","2017","201711039086607099"
"P00006452","DU PONT, ROGER STEPHEN MR.","Independent","IND","President","P","United States","00","00","HANOVER","NH","03755","2020","03-NOV-17","2017","201711039086608142"
"P00006460","BUSH, WILLITA D","Independent","IND","President","P","United States","00","00","FLORISSANT","MO","63032","2020","03-NOV-17","2017","201711039086608251"
"P00006445","RICHARDSON, CECIL ALBERT REV.","Republican Party","REP","President","P","United States","00","00","LOS ANGELES","CA","90049","2020","01-NOV-17","2017","201711019082353286"
"P00006411","MURPHY, DARRYL","Republican Party","REP","President","P","United States","00","00","SACRAMENTO","CA","95835","2020","29-OCT-17","2017","201710299076682759"
"P00006437","CARLUCCIO, PAUL AUGUSTINE","Democratic Party","DEM","President","P","United States","00","00","WHITING","NJ","08759","2020","27-OCT-17","2017","201711010300179927"
"P00006403","NWADIKE JR, KENNETH E","Unknown","","President","P","United States","00","00","","","","2020","18-OCT-17","2017","201710190300178394"
"P00006387","HAWTHORNE, DE'SEAN RAYNARD REV.","Democratic Party","DEM","President","P","United States","00","00","DALLAS","TX","75215","2020","14-OCT-17","2017","201710149075667621"
"P00006379","DAVIS, DANIEL L MR.","Republican Party","REP","President","P","United States","00","00","SPRINGFIELD","VA","22152","2020","10-OCT-17","2017","201710109075597888"
"P60009909","MARTIN SR, ALONZO TABLET","Republican Party","REP","President","P","United States","00","00","ST LOUIS","MO","63110","2020","04-OCT-17","2017","201710040300175228"
"H0PA09039","HORNBERGER, BENJAMIN DAYTON","Republican Party","REP","House","H","Pennsylvania","PA","09","SHIPPENSBURG","PA","17257","2020","03-OCT-17","2017","201710039075572691"
"P00006353","HOFFMAN, KRISTOPHER","Other","OTH","President","P","United States","00","00","NEW ORLEANS","LA","70131","2020","01-OCT-17","2017","201710019075562660"
"P00006346","CARTY, JILL ANN MS.","Independence Party","IDP","President","P","United States","00","00","WARREN","RI","02885","2020","30-SEP-17","2017","201709309075562412"
"P00006338","EGGLESTON, DERRICK","Unknown","UNK","President","P","United States","00","00","BARTLETT","TN","38133","2020","28-SEP-17","2017","201709280300174772"
"P00006320","KING, BRADLEY S.","Unaffiliated","UN","President","P","United States","00","00","BRYAN","TX","77808","2020","27-SEP-17","2017","201709279075531071"
"P20005427","RINCON, MARY JUNE","Independent","IND","President","P","United States","00","00","QUEEN CREEK","AZ","85142","2020","26-SEP-17","2017","201709269075530532"
"S0KS00190","ADAMS, ELLIOTT","Democratic Party","DEM","Senate","S","Kansas","KS","00","WICHITA","KS","67209","2020","25-SEP-17","2017","201709250200280509"
"P60005535","EMRIT, RONALD SATISH","Democratic Party","DEM","President","P","United States","00","00","BOWIE","MD","20720","2020","18-SEP-17","2017","201709180300174145"
"P00006312","BAUER, MARK L","Independent","IND","President","P","United States","00","00","ARIZONA CITY","AZ","85123","2020","12-SEP-17","2017","201709180300174205"
"P00006304","STARKEY, KOREY PAUL","Independent","IND","President","P","United States","00","00","WHEAT RIDGE","CO","80033","2020","05-SEP-17","2017","201709059072958122"
"P00006296","ANTHONY, NAKIA LACQUERS","Democratic Party","DEM","President","P","United States","00","13","YOUNGSTOWN ","OH","44511","2020","05-SEP-17","2017","201709050300173397"
"P00006288","KAMATH, NEVIN","No Party Affiliation","NPA","President","P","United States","00","00","SANFORD","NC","27330","2020","01-SEP-17","2017","201709019071283680"
"S0KY00263","DAS, KARL","Republican Party","REP","Senate","S","Kentucky","KY","00","RICHMOND","KY","40475","2020","29-AUG-17","2017","201709010200259970"
"H6CA24113","SHERMAN, BRAD","Democratic Party","DEM","House","H","California","CA","30","LOS ANGELES","CA","90017","2020","29-AUG-17","2017","201708299071130741"
"P00006270","ABRAUGH, MATTHEW M. MR.","Non-Party","NON","President","P","United States","00","00","PORT CLINTON","OH","43452","2020","25-AUG-17","2017","201708259071128499"
"P00006262","FAUCETT, PEYTON C.","Independent","IND","President","P","United States","00","00","SPRINGFIELD","MO","65810","2020","22-AUG-17","2017","201708229071116376"
"P60004983","SCRIGNA, ANGELO YOSHANNAH","Independent","IND","President","P","United States","00","00","PAHOA","HI","96778","2020","21-AUG-17","2017","201708210300171921"
"P00006254","HEATON, TYRELL J","Democratic Party","DEM","President","P","United States","00","00","GREENSBORO","NC","27410","2020","18-AUG-17","2017","201708189070461490"
"P00006247","AGUIAR, MICHAEL","Democratic Party","DEM","President","P","United States","00","00","RUMFORD","RI","02916","2020","16-AUG-17","2017","201708169070380592"
"P00006239","GRIFFITH, DAVID OSWALD","Republican Party","REP","President","P","United States","00","00","EL PASO","TX","79925","2020","12-AUG-17","2017","201708129070322949"
"P00006221","NOWELL, JANELLE MARIE","Democratic Party","DEM","President","P","United States","00","00","CAMPBELL","CA","95008","2020","11-AUG-17","2017","201708110300171288"
"P00006213","DELANEY, JOHN K.","Democratic Party","DEM","President","P","United States","00","00","BETHESDA","MD","20813","2020","10-AUG-17","2017","201708109070314092"
"P00006189","ENGLERTH, CLIFFORD ALLEN","Other","OTH","President","P","United States","00","00","LOVES PARK","IL","61111","2020","07-AUG-17","2017","201708079070297635"
"P80005010","POWELL, SAMUEL LYNDELL","Independent","IND","President","P","United States","00","00","WASHINGTON","DC","20002","2020","04-AUG-17","2017","201708040300170092"
"P60009578","MIKLOS, GEORGE D","American Independent Conservative","AIC","President","P","United States","00","00","HENDERSON","NV","89074","2020","01-AUG-17","2017","201708010300169321"
"P00006171","CLIFTON, TIRELL ALEXANDER MAXWELL REV. DR. I","Democratic Party","DEM","President","P","United States","00","00","GWYNN OAK","MD","21207","2020","01-AUG-17","2017","201708019069928417"
"P00006163","JOHNSTON, JACOB","Republican Party","REP","President","P","United States","00","00","AMES","IA","50010","2020","31-JUL-17","2017","201707319069916253"
"P00006155","CEKANDER, BRANDON","Independent","IND","President","P","United States","00","00","PORTALES","NM","88130","2020","31-JUL-17","2017","201707319069907376"
"P00006148","COOPER, ROBERT WASHINGTON MR JR","Independent","IND","President","P","United States","00","00","SIERRA VISTA","AZ","85635","2020","29-JUL-17","2017","201707299069852215"
"S0NC00277","LEE, EVA F MS","Democratic Party","DEM","Senate","S","North Carolina","NC","00","RALEIGH","NC","27615","2020","28-JUL-17","2017","201707280200244771"
"P00006130","LEE, WARREN","Democratic Party","DEM","President","P","United States","00","00","ALHAMBRA","CA","91801","2020","22-JUL-17","2017","201707229069797276"
"P00006122","MASON, JAMES GRAY MR.","Write-In","W","President","P","United States","00","00","DEEP RIVER","CT","06417","2020","19-JUL-17","2017","201707199066791544"
"P00006114","KELSER, RICHARD DUSTIN","Unknown","UNK","President","P","United States","00","00","AYDEN","NC","28513","2020","13-JUL-17","2017","201707139066612718"
"P00006106","HOY, JOSHUA ALEXANDER MR.","Democratic Party","DEM","President","P","United States","00","00","DENVER","CO","80246","2020","10-JUL-17","2017","201707109066574137"
"P60023124","RESENDEZ, ELIUD","Other","OTH","President","P","United States","00","00","HOUSTON","TX","77095","2020","10-JUL-17","2017","201707100300161242"
"P00006080","OHANIAN, GRANT ETHRIDGE MR","Democratic Party","DEM","President","P","United States","00","00","COVINA","CA","91723","2020","09-JUL-17","2017","201707099066569265"
"P00006098","MCGRIFF, DYRAL","Other","OTH","President","P","United States","00","00","LITTLE ELM","TX","75068","2020","03-JUL-17","2017","201707100300161309"
"P00006072","PACK, AUSTIN","Independent","IND","President","P","United States","00","00","PLEASANT GROVE","UT","84062","2020","27-JUN-17","2017","201706279066457388"
"P00006064","DAVIS, KELVIN GERAD","Independent","IND","President","P","United States","00","00","HAMPTON","VA","23669","2020","22-JUN-17","2017","201706220300159441"
"P00006056","EDMONDS, SIMON","Democratic Party","DEM","President","P","United States","00","00","REHOBOTH BEACH","DE","19971","2020","20-JUN-17","2017","201706209065064646"
"P60006426","LOWE, DONALD EUGENE","Republican Party","REP","President","P","United States","00","00","SAN ANGELO","TX","76905","2020","13-JUN-17","2017","201706130300158932"
"P00006031","BLACK, ELIZABETH","Democratic Party","DEM","President","P","United States","00","00","LITTLE FALLS","NY","13365","2020","09-JUN-17","2017","201706099056425146"
"P00006049","BANNISTER, WALTER RANDALL DR.","Independent","IND","President","P","United States","00","00","LOS ANGELES","CA","90013","2020","09-JUN-17","2017","201706099056425173"
"P00006023","BOWER, JACKIE IRENE","Democratic Party","DEM","President","P","United States","00","00","WHITE CLOUD","MI","49349","2020","01-JUN-17","2017","201706019055168075"
"P00006015","WEISMAN, WARREN LEE","Unknown","UNK","President","P","United States","00","00","EUGENE","OR","97402","2020","31-MAY-17","2017","201705310300158287"
"P00006007","GORDON, ALAN HENRY MR","Independent","IND","President","P","United States","00","00","FAIRPORT","NY","14450","2020","24-MAY-17","2017","201705249055149772"
"P00005967","HORST, HEATHER","Libertarian Party","LIB","President","P","United States","00","00","OMAHA","NE","68144","2020","23-MAY-17","2017","201705239055131463"
"P00005975","THEZION (CORREA), MOSHEH (LUIS) EDWARDO CALIPH","Democratic Party","DEM","President","P","United States","00","00","SUNLAND","CA","91040","2020","23-MAY-17","2017","201705239055149317"
"P00005942","WIAND, FRED","Democratic Party","DEM","President","P","United States","00","00","CHINA","ME","04358","2020","22-MAY-17","2017","201705229055130659"
"P00005934","AYER, NILES","Democratic Party","DEM","President","P","United States","00","00","NEMO","SD","57759","2020","20-MAY-17","2017","201705209054068115"
"P00005959","DISNEY, GARY DENNIS","American Party","AMP","President","P","United States","00","00","MEAD","WA","99021","2020","18-MAY-17","2017","201705220300157856"
"P80003890","CHERRICKS, LIZA DAWN","Independent","IND","President","P","United States","00","00","NEW CASTLE","DE","19720","2020","17-MAY-17","2017","201705220300157867"
"P00005926","ENGEL, JULIUS THEODORE","Other","OTH","President","P","United States","00","00","DANVILLE","IL","61832","2020","10-MAY-17","2017","201705109053514947"
"P60017050","WALTERS, JENNIFER","Green Party","GRE","President","P","United States","00","00","NEW YORK","NY","10020","2020","02-MAY-17","2017","201705020300155900"
"P60022043","PUSKAR, MICHAEL BRANDON","Unaffiliated","UN","President","P","United States","00","00","GAITHERSBURG","MD","20877","2020","01-MAY-17","2017","201705019053490308"
"P00005900","DAVENPORT, KEITH","Independent","IND","President","P","United States","00","00","LEXINGTON","NC","27292","2020","01-MAY-17","2017","201705019053489416"
"P00005876","VALLES, RUBEN JR.","Independent","IND","President","P","United States","00","00","SAN JOSE","CA","95117","2020","29-APR-17","2017","201704299053486889"
"P00005884","SPEAT, PHILLIP KARL MR.","Independent","IND","President","P","United States","00","00","SAINT PAUL","MN","55104","2020","29-APR-17","2017","201704299053486990"
"P00005850","OAKES, KEVIN","Republican Party","REP","President","P","United States","00","00","HOMETOWN","PA","18252","2020","26-APR-17","2017","201704269053478705"
"P00005868","GREENE, ROSALIND FRANCINA","Democratic Party","DEM","President","P","United States","00","00","WOODBRIDGE","VA","22192","2020","26-APR-17","2017","201704269053481152"
"P60014396","COMLEY, STEPHEN BRADLEY,SR","Republican Party","REP","President","P","United States","00","00","ROWLEY","MA","01969","2020","26-APR-17","2017","201705010300155795"
"P20004099","WHEELOCK, TERRY WAYNE","Independent","IND","President","P","United States","00","00","FT WORTH","TX","761806218","2020","25-APR-17","2017","201704280300155624"
"P00005843","CHORD SCHULER, GAIL","Republican Party","REP","President","P","United States","00","00","MELBOURNE","FL","32901","2020","22-APR-17","2017","201704229053475246"
"P00005835","ALTMAN, JOEL LEVI","Independent","IND","President","P","United States","00","00","DURHAM","NC","27713","2020","21-APR-17","2017","201704219052406566"
"P20004909","SANDERA, ROBERT WILLIAM","Independent","IND","President","P","United States","00","00","GUYS MILLS","PA","16327","2020","19-APR-17","2017","201704199052325846"
"P00000679","CARROLL, JERRY LEON","None","NNE","President","P","United States","00","00","STOCKTON","CA","95208","2020","18-APR-17","2017","201704240300155120"
"H0WI03092","VIRIJEVICH, ALEX WILLIAM MR","Republican Party","REP","House","H","Wisconsin","WI","03","CHIPPEWA FALLS","WI","54729","2020","14-APR-17","2017","201704149052160565"
"P00005827","PATILIO, EUGENE","Green Party","GRE","President","P","United States","00","00","NEW YORK","NY","10020","2020","13-APR-17","2017","201704139052148947"
"S0CO00427","BLANTON, DERRICK JAMES","Democratic Party","DEM","Senate","S","Colorado","CO","00","DENVER","CO","80205","2020","13-APR-17","2017","201704130200089409"
"P00005819","FARRELL-SMITH, KELAN JOHN MR.","Democratic Party","DEM","President","P","United States","00","00","VALENCIA","CA","91355","2020","12-APR-17","2017","201704129052086202"
"P00005801","EL, BATSO B MR. PRES SR","Independent","IND","President","P","United States","00","00","PORTLAND","OR","97229","2020","11-APR-17","2017","201704119052072920"
"P60011517","BERRY, JOEY","Libertarian Party","LIB","President","P","United States","00","00","LITTLE RIVER","SC","29566","2020","08-APR-17","2017","201704089052049698"
"P00005785","ARZU, CHRISTIAN ALEXANDER","Democratic Party","DEM","President","P","United States","00","00","MURRIETA","CA","92563","2020","04-APR-17","2017","201704049051986033"
"P00005769","PICH, ROBERT EUGENE","Unknown","UNK","President","P","United States","00","00","UNION ","MO","63084","2020","03-APR-17","2017","201704030300145121"
"P60018066","WEST, KEVIN","Unaffiliated","UN","President","P","United States","00","00","KLAMATH FALLS","OR","97603","2020","03-APR-17","2017","201704030300145093"
"P00005777","FELICIANO, NELSON","Unknown","UNK","President","P","United States","00","00","BELVIDERE","IL","61008","2020","03-APR-17","2017","201704030300144980"
"P00005751","CAPTAIN, MICHAEL T SGT","N/A","N/A","President","P","United States","00","00","BOULDER","CO","80302","2020","30-MAR-17","2017","201703309051898007"
"P20002390","CISNEROS, CESAR","Republican Party","REP","President","P","United States","00","00","MESA","AZ","85209","2020","27-MAR-17","2017","201703270300144677"
"P60006491","WHITE, DANIEL","Independent","IND","President","P","United States","00","00","MARIETTA GEORGIA","GA","300663905","2020","27-MAR-17","2017","201703270300144652"
"P60005303","FOX, CHERUNDA LYNN","Independent","IND","President","P","United States","00","00","DETROIT","MI","48202","2020","23-MAR-17","2017","201703270300144690"
"P00005744","BOLLING, LAVARION","Republican Party","REP","President","P","United States","00","00","SPRING","TX","77373","2020","19-MAR-17","2017","201703199050885378"
"P00005736","VAVAO, TALALUPE FONZIE MR","Democratic Party","DEM","President","P","United States","00","00","VISTA","CA","92084","2020","17-MAR-17","2017","201703179050874318"
"P80000268","CARTER, WILLIE FELIX","Democratic Party","DEM","President","P","United States","00","00","FORT WORTH ","TX","76115","2020","13-MAR-17","2017","201703130300143978"
"P00005728","JOLLY, STEVEN JON","Independent","IND","President","P","United States","00","00","FRIANT","CA","93626","2020","10-MAR-17","2017","201703100300143799"
"P60009230","ERWIN, FRANKLIN JAMES","Independent","IND","President","P","United States","00","00","COLFAX","IN","46035","2020","28-FEB-17","2017","201702280300142838"
"P00005710","MARKS, CHRISTOPHER RYAN","Write-In","W","President","P","United States","00","00","COLUMBIA CITY","IN","46725","2020","27-FEB-17","2017","201702279050583288"
"S0CO00419","LEITZEL, DUSTIN JOHN","Democratic Party","DEM","Senate","S","Colorado","CO","00","DENVER","CO","80207","2020","27-FEB-17","2017","201702270200079398"
"P00005702","COOK, MERRILL EDWARD SERGEANT JR.","Libertarian Party","LIB","President","P","United States","00","00","UPLAND","CA","91786","2020","26-FEB-17","2017","201702269050583116"
"P00005694","PARKER, BOWEN LEE","Unknown","UNK","President","P","United States","00","00","SPOKANE","WA","99208","2020","23-FEB-17","2017","201702239050503049"
"P60020047","VAN DUREN, GABRIEL ELIAS","Independent","IND","President","P","United States","00","00","NAMPA","ID","83651","2020","19-FEB-17","2017","201702199049725724"
"P00003244","WINTERBOTTOM, THOMAS FRANCIS","Democratic Party","DEM","President","P","United States","00","00","POTTSTOWN","PA","194645580","2020","15-FEB-17","2017","201702159049695357"
"P00005660","O'KEEFE, JOHN","Democratic Party","DEM","President","P","United States","00","00","HELLERTOWN","PA","18055","2020","13-FEB-17","2017","201702130300141034"
"P00005652","FERET, GRAPELTON MONROE","Democratic Party","DEM","President","P","United States","00","00","PHILADELPHIA","PA","19142","2020","11-FEB-17","2017","201702119049343047"
"P60023660","KRONBERG, JOSHUA REESE","Democratic Party","DEM","President","P","United States","00","00","MINNEAPOLIS","MN","55411","2020","07-FEB-17","2017","201702130300141245"
"P00005637","DIEL, KEVIN BRADFORD 1983","Independent","IND","President","P","United States","00","00","OKLAHOMA CITY","OK","73106","2020","06-FEB-17","2017","201702069044299052"
"P00005629","YOLLIN, RYAN HUNTER","Democratic Party","DEM","President","P","United States","00","00","PHILADELPHIA","PA","19111","2020","06-FEB-17","2017","201702069042414173"
"P60018702","BARBINE, MICHAEL W.","Write-In","W","President","P","United States","00","00","RESTON","VA","20194","2020","29-JAN-17","2017","201701299041537510"
"P80004328","PINNAVAIA, MATTHEW DAVID","Unknown","UNK","President","P","United States","00","00","OCEANSIDE","CA","920543435","2020","27-JAN-17","2017","201701270300135109"
"P00005603","MCLAIN, KELLY MR.","Democratic Party","DEM","President","P","United States","00","00","HILLSBORO","OR","97124","2020","24-JAN-17","2017","201701249041464909"
"P00005595","BROWN, GEORGE","Republican Party","REP","President","P","United States","00","00","LAS VEGAS","NV","89123","2020","24-JAN-17","2017","201701249041449053"
"P00005587","ROESLER, NICHOLAS","Independent","IND","President","P","United States","00","00","BUTLER","WI","53007","2020","23-JAN-17","2017","201701239041442791"
"P60005170","SCHIESS, JOHN T","Republican Party","REP","President","P","United States","00","00","RICE LAKE","WI","54868","2020","23-JAN-17","2017","201701230300132624"
"P00005579","KLINKHAMMER, SCOTT WAYNE","Independent","IND","President","P","United States","00","00","EVANS","CO","80620","2020","22-JAN-17","2017","201701229041440408"
"P00005561","ALONGI, ANTHONY","None","NNE","President","P","United States","00","00","HASTINGS","MN","55033","2020","21-JAN-17","2017","201701219041437966"
"P80001571","TRUMP, DONALD J","Republican Party","REP","President","P","United States","00","00","NEW YORK","NY","10022","2020","20-JAN-17","2017","201701209041436569"
"P00005546","WEBER, MARK ALLEN MR.","Democratic Party","DEM","President","P","United States","00","00","MILPITAS","CA","95035","2020","20-JAN-17","2017","201701209041437451"
"P00005553","VARNADO, DWAYNE","Democratic Party","DEM","President","P","United States","00","00","CLEVELAND","OH","44135","2020","20-JAN-17","2017","201701209041437757"
"P60005709","DUCKWALD, WANDA GAYLE","Republican Party","REP","President","P","United States","00","00","LOCUST GROVE","OK","74352","2020","19-JAN-17","2017","201701190300132228"
"P00005538","ZORN, JEFFREY RALPH MR.","Democratic Party","DEM","President","P","United States","00","00","ITHACA","NY","14850","2020","16-JAN-17","2017","201701169041399408"
"P60018249","MALDONADO, JOSEPH A","Libertarian Party","LIB","President","P","United States","00","00","WYNNEWOOD","OK","73098","2020","13-JAN-17","2017","201701130300130455"
"P00005520","THOMAS, ROBERT JAMES","Independent","IND","President","P","United States","00","00","LARNED","KS","67550","2020","09-JAN-17","2017","201701090300129046"
"H6PR00082","GONZALEZ COLON, JENNIFFER","PNP","PNP","House","H","Puerto Rico","PR","00","SAN JUAN","PR","00936","2020","30-DEC-16","2016","201612309040907020"
"P60012325","PRESTE, PAUL GEORGE","Republican Party","REP","President","P","United States","00","00","FT LAUDERDALE","FL","33308","2020","29-DEC-16","2016","201612290300127624"
"P00005512","KORN, BERNARD","Democratic Party","DEM","President","P","United States","00","00","BOCA RATON","FL","33498","2020","29-DEC-16","2016","201612290300127628"
"P00005504","BERNICE, ANTHONY GAETANO MR.","Independent American Party","IAP","President","P","United States","00","00","HASBROUCK HEIGHTS","NJ","07604","2020","28-DEC-16","2016","201612289040904067"
"P00005488","CRAIG, KEELY ANN","Republican Party","REP","President","P","United States","00","00","SACRAMENTO","CA","95823","2020","27-DEC-16","2016","201612279040903074"
"P00005496","RUBIN, BILLY","Independent","IND","President","P","United States","00","00","WAXAHACHIE","TX","75167","2020","27-DEC-16","2016","201612270300127442"
"P00005470","DIXON, MICHAEL JOSEPH","Other","OTH","President","P","United States","00","00","BAKER","LA","70714","2020","21-DEC-16","2016","201612210300127219"
"P60004991","LLOYD, JUNE LA'GAY","Independent","IND","President","P","United States","00","00","CLEVELAND","OH","44115","2020","14-DEC-16","2016","201612140300125853"
"P60005600","TYLER, MATHEW LEE","Independent","IND","President","P","United States","00","00","PARADISE","CA","959693121","2020","13-DEC-16","2016","201612130300125387"
"P00005462","LAWLER, BRYAN","None","NNE","President","P","United States","00","00","RINGGOLD","GA","30736","2020","12-DEC-16","2016","201612129040604529"
"P00005454","SHARP, JEFFERY","None","NNE","President","P","United States","00","00","LOS ANGELES","CA","90007","2020","08-DEC-16","2016","201612089039946648"
"P00005421","LEONARD, KEITH","Democratic Party","DEM","President","P","United States","00","00","MAPLE VALLEY","WA","98038","2020","30-NOV-16","2016","201611309037589049"
"P00005439","COLLINS, JOE EDWARD III","Republican Party","REP","President","P","United States","00","00","CHULA VISTA","CA","91911","2020","25-NOV-16","2016","201612010300120163"
"P60022696","SORRELLS, JOY L","Independent","IND","President","P","United States","00","00","FT VALLEY","GA","31030","2020","21-NOV-16","2016","201611210300119378"
"P00005397","MAGGIORE, TONY","Independent","IND","President","P","United States","00","00","CHICAGO","IL","60614","2020","20-NOV-16","2016","201611209037214184"
"P60007184","SNYDER, SPENCER ERIC MR.","Republican Party","REP","President","P","United States","00","00","OCALA","FL","34476","2020","18-NOV-16","2016","201611189037213461"
"P00005389","BOWERS, MICHAEL","People'S Party","PPY","President","P","United States","00","00","SPOKANE","WA","99224","2020","17-NOV-16","2016","201611179037207532"
"P00005371","RUSSELL, ETHAN","Unaffiliated","UN","President","P","United States","00","00","WADSWORTH","OH","44281","2020","17-NOV-16","2016","201611179037206554"
"P60007655","WALKER, MICHELLE 'HOPE'","Independent","IND","President","P","United States","00","00","LOS ANGELES","CA","90020","2020","15-NOV-16","2016","201611150300118859"
"P00005363","SRAIL, JAMES RYAN MR.","Independent","IND","President","P","United States","00","00","JOHNSTON","IA","50131","2020","15-NOV-16","2016","201611159037144018"
"H0TX24134","MOATES, MICHAEL","Republican Party","REP","House","H","Texas","TX","24","FLOWER MOUND","TX","75028","2020","14-NOV-16","2016","201611149037140802"
"P00005348","MOATES, MICHAEL","Republican Party","REP","President","P","United States","00","00","FLOWER MOUND","TX","75028","2020","14-NOV-16","2016","201611149037140807"
"P60022480","HALE, DAKOTA","Libertarian Party","LIB","President","P","United States","00","00","MANSFIELD","OH","44903","2020","14-NOV-16","2016","201611149037142876"
"P00005355","VARNADO, KEYSHAWN DWANYE","Democratic Party","DEM","President","P","United States","00","00","CLEVELAND","OH","44135","2020","14-NOV-16","2016","201611149037142877"
"P20004768","JACOB-FAMBRO, PRINCESS KHADIJAH M","Other","OTH","President","P","United States","00","00","SAN FRANCISCO","CA","941423691","2020","12-NOV-16","2016","201611140300118762"
"P00005330","RUNDBLADE, SHAWN ERIC","Democratic Party","DEM","President","P","United States","00","00","WAUKESHA","WI","53186","2020","11-NOV-16","2016","201611119037140446"
"P00005322","LANGSTON, CHRISTOPHER LEE MR.","Democratic Party","DEM","President","P","United States","00","00","TIFTON","GA","31793","2020","10-NOV-16","2016","201611109037140241"
"P00005314","JORGENSON, CHAD MICHAEL","Independent","IND","President","P","United States","00","00","GREENFIELD","WI","53220","2020","10-NOV-16","2016","201611109037139778"
"P00005280","BROWN, KEVIN C MR","No Party Affiliation","NPA","President","P","United States","00","00","EAST ORANGE","NJ","07018","2020","09-NOV-16","2016","201611099037138789"
"P00005298","COUNSELL-SHORT, MICHAEL ANDREW MR.","Independent","IND","President","P","United States","00","00","OLD HICKORY","TN","37138","2020","09-NOV-16","2016","201611099037138795"
"P60012697","CHUNG, ANDREW HEARTDOC","Independent","IND","President","P","United States","00","00","MABLETON","GA","30126","2020","09-NOV-16","2016","201611099037139511"
"P00005272","FRISKEY, JOHNNY RAE","Republican Party","REP","President","P","United States","00","00","BRUNSWICK","GA","31525","2020","08-NOV-16","2016","201611089037136580"
"P00005264","PANAGOPOULOS, DIMITRI ANASTASIOS MR. LL.M.","Republican Party","REP","President","P","United States","00","00","SAN DIEGO","CA","92108","2020","06-NOV-16","2016","201611069037127217"
"P00005249","CAMPBELL, JOSEPH CHARLES","Libertarian Party","LIB","President","P","United States","00","03","KINGSTON","TN","37763","2020","31-OCT-16","2016","201610310300115781"
"P00005223","LARSON, CORGAN","Independent","IND","President","P","United States","00","00","SIOUX FALLS","SD","57103","2020","30-OCT-16","2016","201610309037009840"
"P00005231","PERKINS, WILLIE DISHAUN MR","American Independent Party","AIP","President","P","United States","00","00","PONTIAC","MI","48340","2020","30-OCT-16","2016","201610309037010684"
"P00005215","BLAKELY, ERIKA RONICE MISS","Citizens' Party","CIT","President","P","United States","00","00","LOS ANGELES","CA","90044","2020","27-OCT-16","2016","201610279036653288"
"P00005207","ROUSE, DEBORAH ANN","Unknown","","President","P","United States","00","00","ATHENS","TN","37303","2020","03-OCT-16","2016","201610030300100362"
"P00005199","CONKEY, CHRISTOPHER LEE","No Party Affiliation","NPA","President","P","United States","00","00","SAN ANTONIO","TX","78250","2020","27-SEP-16","2016","201609279032139504"
"P00005181","BECKWITH, ANTHONY D","Unaffiliated","UN","President","P","United States","00","00","EASTLAKE","OH","44095","2020","24-SEP-16","2016","201609249032136013"
"P00005132","GALLO, DANIEL","None","NNE","President","P","United States","00","00","LAS VEGAS","NV","89102","2020","20-SEP-16","2016","201609209032016147"
"P60015278","HAKEEM, JAWAD HASHEM","Independent","IND","President","P","United States","00","00","ZION ","IL","60099","2020","10-AUG-16","2016","201608100300094303"
"P00005116","SCOTT, KAMERON","KSP","KSP","President","P","United States","00","00","MEMPHIS","TN","38116","2020","11-JUL-16","2016","201607119020388126"
"P60007002","EVANS, NICHOLAS","Republican Party","REP","President","P","United States","00","00","TULSA","OK","74128","2020","07-JUL-16","2016","201607070300079699"
"P00005090","BOYER, GREGORY","Write-In","W","President","P","United States","00","00","TULSA","OK","74105","2020","29-JUN-16","2016","201606299020102010"
"P00005082","CATER, CORBIN ZANE","Republican Party","REP","President","P","United States","00","00","SPRING","TX","77389","2020","07-JUN-16","2016","201606079017487836"
"H0CA06139","LUTALO, RONALD MUWEREZA MR SR","Republican Party","REP","House","H","California","CA","06","SAN DIEGO","CA","92131","2020","06-MAY-16","2016","201605069015390301"
"P00005074","LUTALO, RONALD MUWEREZA MR SR","Republican Party","REP","President","P","United States","00","00","SAN DIEGO","CA","92131","2020","06-MAY-16","2016","201605069015390300"
"P00005066","BARRINGER, ANDREW LOCKLIN","Republican Party","REP","President","P","United States","00","00","CHARLOTTE","NC","28278","2020","02-MAY-16","2016","201605029015367757"
"P00005058","KELLER, ETHAN JAMES","Independent American Party","IAP","President","P","United States","00","00","LAKEVILLE","MA","02347","2020","14-MAR-16","2016","201603149009742474"
"P00005041","LASSITER, JORDAN R","FHB","FHB","President","P","United States","00","00","CORTLANDT MANOR","NY","10567","2020","08-MAR-16","2016","201603089009662132"
"P00005033","HALE, CRYSTAL ANN MRS","Independent","IND","President","P","United States","00","00","DALLAS","TX","75217","2020","27-FEB-16","2016","201602279009629481"
"P00005017","OBERSTEIN, AVITAL HADAS MS.","Human Rights Party","HRP","President","P","United States","00","00","FOSTER CITY","CA","94404","2020","18-FEB-16","2016","201602189008491586"
"P00004994","SHAPERO, MICHAELA","Republican Party","REP","President","P","United States","00","00","GERMANTOWN","MD","20874","2020","09-FEB-16","2016","201602099008450920"
"P00004986","TILLMAN, VERQUETTA","Liberal Party","LBL","President","P","United States","00","00","RAEFORD","NC","28376","2020","04-FEB-16","2016","201602049008437663"
"P00004978","HENKE, PHILIP","Democratic Party","DEM","President","P","United States","00","00","CHICAGO","IL","60613","2020","04-JAN-16","2016","201601040300036450"
"P00004960","BARBINE, ALICIA","Independent","IND","President","P","United States","00","00","RESTON","VA","20194","2020","24-DEC-15","2015","201512249004414767"
"P00004952","TORRES, EDUARDO MANUEL MR. JR.","Green Party","GRE","President","P","United States","00","00","SAN ANTONIO","TX","78212","2020","16-DEC-15","2015","201512169004251484"
"S2TX00106","CORNYN, JOHN","Republican Party","REP","Senate","S","Texas","TX","00","AUSTIN","TX","78731","2020","24-NOV-15","2015","201511300200323296"
"P00004945","HOWITT, JAMES W","None","NNE","President","P","United States","00","00","COBLESKILL","NY","12043","2020","03-NOV-15","2015","201511030300031457"
"P00004937","OSBORN, BENJAMIN MICHAEL","Conservative Party","CRV","President","P","United States","00","00","TULSA","OK","74133","2020","06-OCT-15","2015","201510069002815064"
"P00004929","HURLEY, CHRISTOPHER JAMES","Unaffiliated","UN","President","P","United States","00","00","RIO RANCHO","NM","87144","2020","20-SEP-15","2015","201509209002759716"
"S6ME00159","COLLINS, SUSAN M","Republican Party","REP","Senate","S","Maine","ME","00","BANGOR","ME","04401","2020","15-SEP-15","2015","201509150200240236"
"P00004911","FOXX, DAKODA","Democratic Party","DEM","President","P","United States","00","00","PUYALLUP","WA","98372","2020","01-SEP-15","2015","201509019001587436"
"P00004903","WEST, KANYE DEEZ NUTZ","Green Party","GRE","President","P","United States","00","00","CHICAGO","IL","60649","2020","31-AUG-15","2015","201508319001587205"
"P00004887","GABLE, JEREMY JOSEPH MR.","No Party Affiliation","NPA","President","P","United States","00","00","PHILADELPHIA","PA","19148","2020","11-MAY-15","2015","15951367215"
"S4AK00214","SULLIVAN, DAN","Republican Party","REP","Senate","S","Alaska","AK","00","ANCHORAGE","AK","99503","2020","25-MAR-15","2015","15020124911"
"S6IL00151","DURBIN, RICHARD J","Democratic Party","DEM","Senate","S","Illinois","IL","00","SPRINGFIELD","IL","62704","2020","23-MAR-15","2015","15020124299"
"S6WY00126","ENZI, MICHAEL B","Republican Party","REP","Senate","S","Wyoming","WY","00","GILLETTE","WY","827164903","2020","12-MAR-15","2015","15020117064"
"S6RI00163","REED, JOHN F","Democratic Party","DEM","Senate","S","Rhode Island","RI","00","JAMESTOWN","RI","02835","2020","11-MAR-15","2015","15020116900"
"S4NC00162","TILLIS, THOM R","Republican Party","REP","Senate","S","North Carolina","NC","00","CORNELIUS","NC","28031","2020","27-FEB-15","2015","15020108679"
"S4LA00107","CASSIDY, WILLIAM M","Republican Party","REP","Senate","S","Louisiana","LA","00","BATON ROUGE","LA","708980505","2020","19-FEB-15","2015","15020105716"
"S4OK00083","INHOFE, JAMES M SEN","Republican Party","REP","Senate","S","Oklahoma","OK","00","TULSA","OK","74105","2020","10-FEB-15","2015","15020104132"
"S2KY00012","MCCONNELL, MITCH","Republican Party","REP","Senate","S","Kentucky","KY","00","LOUISVILLE","KY","40205","2020","06-FEB-15","2015","15020101002"
"S8ID00092","RISCH, JAMES E MR","Republican Party","REP","Senate","S","Idaho","ID","00","BOISE","ID","837026049","2020","02-FEB-15","2015","15020080695"
"S4CO00395","GARDNER, CORY","Republican Party","REP","Senate","S","Colorado","CO","00","LONE TREE","CO","80124","2020","27-JAN-15","2015","15020035070"
"S4GA11285","PERDUE, DAVID","Republican Party","REP","Senate","S","Georgia","GA","00","ATLANTA","GA","30355","2020","12-JAN-15","2015","15020032872"
"S4WV00159","CAPITO, SHELLEY MOORE MS","Republican Party","REP","Senate","S","West Virginia","WV","00","CHARLESTON","WV","25314","2020","30-DEC-14","2014","14021444550"
"S6VA00093","WARNER, MARK ROBERT","Democratic Party","DEM","Senate","S","Virginia","VA","00","ALEXANDRIA","VA","22314","2020","18-DEC-14","2014","14021444318"
"S8MN00438","FRANKEN, AL","Democratic-Farmer-Labor","DFL","Senate","S","Minnesota","MN","00","MINNEAPOLIS","MN","55458","2020","17-DEC-14","2014","14021441629"
"S2MT00096","DAINES, STEVEN","Republican Party","REP","Senate","S","Montana","MT","00","HELENA","MT","596241598","2020","17-DEC-14","2014","14021444489"
"S4SD00049","ROUNDS, MIKE","Republican Party","REP","Senate","S","South Dakota","SD","00","FORT PIERRE","SD","575322403","2020","17-DEC-14","2014","14021444434"
"S2TN00058","ALEXANDER, LAMAR","Republican Party","REP","Senate","S","Tennessee","TN","00","ALEXANDRIA","VA","22314","2020","16-DEC-14","2014","14021444372"
"S4NE00090","SASSE, BENJAMIN E","Republican Party","REP","Senate","S","Nebraska","NE","00","FREMONT","NE","680255029","2020","04-DEC-14","2014","14021253270"
"S8OR00207","MERKLEY, JEFFREY ALAN","Democratic Party","DEM","Senate","S","Oregon","OR","00","PORTLAND","OR","97216","2020","04-DEC-14","2014","14021251646"
"S4MI00355","PETERS, GARY","Democratic Party","DEM","Senate","S","Michigan","MI","00","BLOOMFIELD HILLS","MI","48303","2020","04-DEC-14","2014","14021350959"
"S4AR00103","COTTON, THOMAS","Republican Party","REP","Senate","S","Arkansas","AR","00","DARDANELLE","AR","72384","2020","04-DEC-14","2014","14021333548"
"S0NH00219","SHAHEEN, JEANNE","Democratic Party","DEM","Senate","S","New Hampshire","NH","00","MADBURY","NH","03823","2020","02-DEC-14","2014","14021231265"
"S8MS00055","COCHRAN, THAD","Republican Party","REP","Senate","S","Mississippi","MS","00","OXFORD","MS","38655","2020","26-NOV-14","2014","14021230905"
"S0SC00149","GRAHAM, LINDSEY O","Republican Party","REP","Senate","S","South Carolina","SC","00","SENECA","SC","29679","2020","24-NOV-14","2014","14021231476"
"S4NJ00185","BOOKER, CORY A","Democratic Party","DEM","Senate","S","New Jersey","NJ","00","NEWARK","NJ","07102","2020","21-NOV-14","2014","14021223474"
"S6KS00080","ROBERTS, PAT","Republican Party","REP","Senate","S","Kansas","KS","00","DODGE CITY","KS","67801","2020","19-NOV-14","2014","14021223331"
"S8NM00184","UDALL, TOM","Democratic Party","DEM","Senate","S","New Mexico","NM","00","SANTA FE","NM","87504","2020","18-NOV-14","2014","14021223322"
"S4MA00028","MARKEY, EDWARD JOHN MR","Democratic Party","DEM","Senate","S","Massachusetts","MA","00","MALDEN","MA","02148","2020","18-NOV-14","2014","14021223309"
"S0DE00092","COONS, CHRISTOPHER A","Democratic Party","DEM","Senate","S","Delaware","DE","00","WILMINGTON","DE","19806","2020","14-NOV-14","2014","14021221782"
"S6AL00195","SESSIONS, JEFFERSON B","Republican Party","REP","Senate","S","Alabama","AL","00","MONTGOMERY","AL","36103","2020","14-NOV-14","2014","14021221779"
"S4IA00129","ERNST, JONI ","Republican Party","REP","Senate","S","Iowa","IA","00","RED OAK","IA","51566","2020","05-NOV-14","2014","14021221467"
"P00004861","BICKELMEYER, MICHAEL","Republican Party","REP","President","P","United States","00","00","NORTH ROYALTON","OH","44133","2020","27-NOV-13","2013","13031141986"
"H0MI56017","GIDNER, BRUCE ALLEN","Republican Party","REP","House","H","Michigan","MI","56","CHARLOTTE","MI","488138794","2020","15-JAN-13","2013","13031003988"
"P60003175","KALEMKARIAN, TIMOTHY CHARLES","Republican Party","REP","President","P","United States","00","00","WESTLAKE VILLAGE","CA","91359","2020","19-JUN-12","2012","12030823031"
"P80004492","VALENTINE, MELVIN JR","Other","OTH","President","P","United States","00","00","LAS VEGAS","NV","89122","2020","18-JUL-07","2007","27039474991"
"P60003399","EASTON, EARNEST LEE ESQ PROFESSOR","Other","OTH","President","P","United States","00","00","SOUTH BEND","IN","46613","2020","21-JUL-98","1998","98033381276"
