CANDIDATE_ID,CANDIDATE_NAME,PARTY,PARTY_CODE,CANDIDATE_OFFICE,CANDIDATE_OFFICE_CODE,CANDIDATE_OFFICE_STATE,CANDIDATE_OFFICE_STATE_CODE,CANDIDATE_OFFICE_DISTRICT,CITY,STATE,ZIP,ELECTION_YEAR,RECEIPT_DATE,REPORT_YEAR,BEGIN_IMAGE_NUMBER
"H4MI05180","VRAVIS, JACOB CASON","Democratic Party","DEM","House","H","Michigan","MI","05","NEW BUFFALO","MI","49117","2024","13-NOV-25","2025","202511139792599120"
"H4MD02265","KLACIK, KIMBERLY","Republican Party","REP","House","H","Maryland","MD","02","MIDDLE RIVER","MD","21220","2024","27-MAY-25","2025","202505279761725415"
"P60024304","SUNDAY, DAVE","Green Party","GRE","President","P","Pennsylvania","PA","00","PHILADELPHIA","PA","19120","2024","21-MAY-25","2025","202505219761569483"
"P40021883","KOHLER, JOSEPH ANTHONY","Unknown","UNK","President","P","United States","00","00","LINDENHURST","NY","11757","2024","22-MAR-25","2025","202503229754470262"
"H4TN05186","BROWN, KEN H","Other","OTH","House","H","Tennessee","TN","05","NASHVILLE","TN","37204","2024","29-JAN-25","2025","202501299748115137"
"H4NJ06166","AKHTAR, FAHAD","Other","OTH","House","H","New Jersey","NJ","06","NORTH BRUNSWICK","NJ","08902","2024","06-DEC-24","2024","202412069739735164"
"H4FL06097","SHERIDAN, CHARLES MARTIN","Republican Party","REP","House","H","Florida","FL","06","MERRITT ISLAND","FL","32952","2024","05-DEC-24","2024","202412059720973613"
"H4NJ08121","VALDES, ANTHONY","Republican Party","REP","House","H","New Jersey","NJ","08","WEST NEW YORK","NJ","07093","2024","02-DEC-24","2024","202412090300492718"
"P40021875","BISHOP, JOSHUA ADAM","ALM","ALM","President","P","Iowa","IA","00","DAVENPORT","IA","52803","2024","01-DEC-24","2024","202412019720071760"
"S2TX00551","ROTHSCHILD, ELIZABETH SAMANTHA DR. JUDGE","Republican Party","REP","Senate","S","Texas","TX","00","WASHINGTON","DC","20008","2024","28-NOV-24","2024","202411289720067122"
"H4MO01209","DILLWORTH, MARGUERITE LURLEN DR","Democratic Party","DEM","House","H","Missouri","MO","01","SAINT CHARLES","MO","63304","2024","22-NOV-24","2024","202411229720015808"
"H4FL01288","RUDMAN, JOEL DR.","Republican Party","REP","House","H","Florida","FL","01","NAVARRE","FL","32566","2024","21-NOV-24","2024","202411219720013071"
"H4FL06071","VAN CLEEF, ALEXANDRA","Republican Party","REP","House","H","Florida","FL","06","PALM COAST","FL","32164","2024","18-NOV-24","2024","202411189719988298"
"H4FL01270","LUKE, BERNADETTE","Republican Party","REP","House","H","Florida","FL","01","MILTON","FL","32583","2024","18-NOV-24","2024","202411189719988135"
"H4TX30109","DANIELS, SHOLDON","Republican Party","REP","House","H","Texas","TX","30","DALLAS","TX","75201","2024","18-NOV-24","2024","202411189719989406"
"H4FL01262","EKPETE KAMA, ULOMA DR.","Republican Party","REP","House","H","Florida","FL","01","SAINT PETERSBURG","FL","33702","2024","17-NOV-24","2024","202411179719987948"
"H4FL01247","GROSS, KEITH","Republican Party","REP","House","H","Florida","FL","01","PENSACOLA","FL","32502","2024","15-NOV-24","2024","202411159719981570"
"H4FL01254","JOHNSTON, CLAYTON","Republican Party","REP","House","H","Florida","FL","01","PENSACOLA","FL","32526","2024","15-NOV-24","2024","202411159719987396"
"P40021867","RODRIGUES CAZARES, COURTNEY PAIGE MRS.","No Party Affiliation","NPA","President","P","United States","00","00","HOUSTON","TX","77095","2024","13-NOV-24","2024","202411139719969455"
"H4FL01239","CHINNASWAMY, JOSH","None","NNE","House","H","Florida","FL","01","CRESTVIEW","FL","32539","2024","13-NOV-24","2024","202411139719970433"
"S4CA01090","MALEH, KENDA","Unknown","UNK","Senate","S","California","CA","00","LOS ALTOS","CA","94024","2024","10-NOV-24","2024","202411109719959109"
"H2HI01120","LARGEY, PATRICK","Republican Party","REP","House","H","Hawaii","HI","01","AIEA","HI","96701","2024","05-NOV-24","2024","202411060300490067"
"P40021842","CEDENO, ALBERTO MR.","Write-In","W","President","P","United States","00","00","WESLACO","TX","78596","2024","05-NOV-24","2024","202411059719927174"
"H4SC03244","BEST, BRYON L","Democratic Party","DEM","House","H","South Carolina","SC","03","GREENWOOD","SC","29649","2024","04-NOV-24","2024","202411049719922845"
"P40021826","HOUSTON, JAMES II","Write-In","W","President","P","United States","00","00","PATTERSON","CA","95363","2024","04-NOV-24","2024","202411049719925748"
"P40021818","LESPERANCE, ALICIA MARIE","Write-In","W","President","P","United States","00","00","PEMBROKE","NH","03275","2024","03-NOV-24","2024","202411039719922174"
"P40021768","JOHNSON, RYAN CHRISTOPHER","No Party Affiliation","NPA","President","P","United States","00","00","PANAROMA CITY","CA","91402","2024","01-NOV-24","2024","202411019719913842"
"P40021776","BARBOUR, ROBERT","Independent","IND","President","P","United States","00","00","ELKHART","IN","46517","2024","01-NOV-24","2024","202411019719913942"
"H4MO06125","MAY, PAM","Democratic Party","DEM","House","H","Missouri","MO","06","SAINT JOSEPH","MO","64506","2024","31-OCT-24","2024","202410319719906940"
"P40021743","POTUS, FUTURE MADAM","Independent","IND","President","P","United States","00","00","DALLAS","TX","75241","2024","29-OCT-24","2024","202410299719839067"
"P40021735","POTUS, FUTURE MADAM","Write-In","W","President","P","United States","00","00","ANCHORAGE","AK","99507","2024","28-OCT-24","2024","202410289719662311"
"H4IN01251","GONZALEZ, DIEGO ANTONIO JR","Democratic Party","DEM","House","H","Indiana","IN","01","WHITING","IN","46394","2024","27-OCT-24","2024","202410279719660986"
"P40021727","YOUNG, STEVEN LOUIS","Write-In","W","President","P","United States","00","00","SOUTH LAKE TAHOE","CA","96151","2024","25-OCT-24","2024","202410259719629243"
"P40021719","FETAYA, ALAIN","Write-In","W","President","P","United States","00","00","RICHMOND HILL","NY","11418","2024","24-OCT-24","2024","202410249710505544"
"H8OH08097","ENOCH, VANESSA L. DR.","Democratic Party","DEM","House","H","Ohio","OH","08","WEST CHESTER","OH","45069","2024","24-OCT-24","2024","202410249710301559"
"H4WA24011","KYLLONEN, JEFFREE","Republican Party","REP","House","H","Washington","WA","24","GRAHAM","WA","98338","2024","23-OCT-24","2024","202410239710109849"
"P40021701","ELSE, LITERALLY ANYBODY","Unaffiliated","UN","President","P","United States","00","00","NORTH RICHLAND HILLS","TX","76182","2024","23-OCT-24","2024","202410239710170328"
"P40021693","HOBBS, ELIJAH DEE MR.","Republican Party","REP","President","P","United States","00","00","HOUSTON","TX","77045","2024","22-OCT-24","2024","202410229710073925"
"H4OH04079","NEWLIN, JOHN CLAYTON","Democratic Party","DEM","House","H","Ohio","OH","04","URBANA","OH","43078","2024","20-OCT-24","2024","202410209710007849"
"S4OH00242","HEART, WILLIAM J. MR. I","GOD","GOD","Senate","S","Ohio","OH","00","COLUMBUS","OH","43219","2024","20-OCT-24","2024","202410209699293061"
"P40021677","HARRELL, MARQUITA NICHOLE MS.","Democratic Party","DEM","President","P","United States","00","00","HOUSTON","TX","77045","2024","20-OCT-24","2024","202410209710007146"
"P40021651","WENMOTH, ANDREW DOUGLAS REVEREND","GOD","GOD","President","P","United States","00","00","COLUMBUS","OH","43219","2024","19-OCT-24","2024","202410199699229129"
"P40021669","KOHLER, JOSEPH ANTHONY","Unknown","UNK","President","P","United States","00","00","LINDENHURST","NY","11757","2024","19-OCT-24","2024","202410199699244909"
"H4PA15178","MARTIN, GRANT","Republican Party","REP","House","H","Pennsylvania","PA","15","WARRIORS MARK","PA","16687","2024","17-OCT-24","2024","202410179698612618"
"S4VT00173","HILL, MATT FOR","Libertarian Party","LIB","Senate","S","Vermont","VT","00","WEST BURKE","VT","05871","2024","17-OCT-24","2024","202410179698588343"
"H4NY20196","HALLER, MAYLON JUSTIN","Democratic Party","DEM","House","H","New York","NY","20","AMSTERDAM","NY","12010","2024","15-OCT-24","2024","202410159685335333"
"P00014019","EDALGO, JAMES EDWARD","None","NNE","President","P","United States","00","US","TACOMA","WA","98408","2024","14-OCT-24","2024","202410150300483167"
"P40021644","ROSS, GAIL ANN","Unknown","","President","P","United States","00","00","TACOMA","WA","984461426","2024","14-OCT-24","2024","202410150300483162"
"P40021636","WILLIAMS, MICHAEL LUCIFER LUCIFER JR","Veterans Party","VET","President","P","United States","00","00","PHILADELPHIA","PA","19145","2024","13-OCT-24","2024","202410139684925732"
"H4WY00196","CAMERON, KYLE G.","Democratic Party","DEM","House","H","Wyoming","WY","00","CHEYENNE","WY","82003","2024","09-OCT-24","2024","202410099684850314"
"P40021628","YANKOVICH, COREY MATTHEW MR","Write-In","W","President","P","United States","00","00","ACWORTH","GA","30101","2024","06-OCT-24","2024","202410069684796287"
"P40021610","GILROY, KEVIN","Write-In","W","President","P","United States","00","00","MELBORUNE","FL","32940","2024","05-OCT-24","2024","202410059684795269"
"S4TN00575","MOSES, PAMELA","Independence Party","IDP","Senate","S","Tennessee","TN","00","MEMPHIS","TN","38108","2024","04-OCT-24","2024","202410049684790532"
"P40021602","GOOTKIN, ELVIS","Independent","IND","President","P","United States","00","00","ALLEGAN","MI","49010","2024","03-OCT-24","2024","202410030300481240"
"P40021594","AGGARWALA, KARAN R GREGG MR PHD","American Independent Party","AIP","President","P","United States","00","00","EAST RUTHERFORD","NJ","07073","2024","02-OCT-24","2024","202410029684778125"
"H4TX18252","DUNN, MARIA MS.","Republican Party","REP","House","H","Texas","TX","18","HOUSTON","TX","77249","2024","30-SEP-24","2024","202409309684768457"
"H4OR03242","MEYER, JOE","Unknown","","House","H","Oregon","OR","03","PORTLAND","OR","97211","2024","30-SEP-24","2024","202409300300481070"
"P40021578","FARR, DAVID LENNARD","Independent","IND","President","P","United States","00","00","CHICAGO","IL","60620","2024","25-SEP-24","2024","202409259684724375"
"S4NY00453","JOSEPH, VLADIMY MR.","Democratic Party","DEM","Senate","S","New York","NY","00","NEW YORK","NY","10185","2024","24-SEP-24","2024","202409249684705101"
"H4WA04211","BOYD, CHERISSA BROOKS","Democratic Party","DEM","House","H","Washington","WA","04","KENNEWICK","WA","99336","2024","24-SEP-24","2024","202409249684705240"
"P40021560","WRIGHT, RICHARD","Republican Party","REP","President","P","United States","00","00","CORDOVA","TN","38018","2024","24-SEP-24","2024","202409249684705241"
"P40021552","VASAPOLLI, JOSEPH A","American Independent Party","AIP","President","P","United States","00","00","WAYMART","PA","18472","2024","23-SEP-24","2024","202409239684692796"
"H4GA04132","POSTELL, ANSEL","Independent","IND","House","H","Georgia","GA","04","ATLANTA","GA","31141","2024","23-SEP-24","2024","202409239684692689"
"P20004909","SANDERA, ROBERT WILLIAM","Democratic Party","DEM","President","P","Pennsylvania","PA","00","GUYS MILLS","PA","16327","2024","22-SEP-24","2024","202409229684674319"
"P40021545","ASTELLO, JENNIFER","Write-In","W","President","P","United States","00","00","RIO RANCHO","NM","87124","2024","20-SEP-24","2024","202409209675683658"
"P20005187","BROWN, THEODIS SR","None","NNE","President","P","United States","00","00","ST LOUIS ","MO","63137","2024","20-SEP-24","2024","202409200300480818"
"P40021511","CLARK, JOHN EARL","Constitution Party","CON","President","P","United States","00","00","WINCHESTER","OH","45697","2024","18-SEP-24","2024","202409189675521010"
"P40021529","DOXSEE, JEFFREY","None","NNE","President","P","United States","00","00","HAINES CITY","FL","02721","2024","18-SEP-24","2024","202409189675521030"
"P40021537","MIXON, ANDREW WOODRUFF","Federalist","FED","President","P","United States","00","00","KNOXVILLE","TN","31719","2024","18-SEP-24","2024","202409189675526401"
"S2WI00532","PAUL, ADAM NICHOLAS","Independent","IND","Senate","S","Wisconsin","WI","00","WAUNAKEE","WI","53597","2024","17-SEP-24","2024","202409179675516617"
"H4MT02155","NEILL, REILLY","Democratic Party","DEM","House","H","Montana","MT","02","LIVINGSTON","MT","59047","2024","16-SEP-24","2024","202409169675479904"
"S4PA00345","HAZOU, LEILA","Green Party","GRE","Senate","S","Pennsylvania","PA","00","DINGMANS FERRY","PA","18328","2024","16-SEP-24","2024","202409169675488803"
"S4PA00352","HAZOU, LEILA","Green Party","GRE","Senate","S","Pennsylvania","PA","00","DINGMANS FERRY","PA","18328","2024","16-SEP-24","2024","202409169675488914"
"H4MD01200","VOELKER, PATRICK GIBSON MX.","Veterans Party","VET","House","H","Maryland","MD","01","FOREST HILL","MD","21050","2024","14-SEP-24","2024","202409149675466774"
"S4VT00165","GREENSTEIN, MARK STEWART","Independent","IND","Senate","S","Vermont","VT","00","FARMINGTON","CT","06034","2024","14-SEP-24","2024","202409149675466765"
"P40021503","FRENCH, SONJA MICHELE","Non-Party","NON","President","P","United States","00","00","NINILCHIK","AK","99639","2024","14-SEP-24","2024","202409149675466839"
"P40021495","OSIFESO, ADERINOLA","Republican Party","REP","President","P","United States","00","00","ALTA LOMA","CA","91701","2024","14-SEP-24","2024","202409149675466838"
"P40021487","DANG, BETTY","Democratic Party","DEM","President","P","United States","00","00","EAST HARTFORD","CT","06118","2024","13-SEP-24","2024","202409139675433475"
"P40021461","MIXON, ANDREW WOODRUFF NONE NONE","Independent","IND","President","P","Tennessee","TN","00","KNOXVILLE","TN","31719","2024","12-SEP-24","2024","202409129675430102"
"H0VA09121","DICKERSON, CAMERON D.","Libertarian Party","LIB","House","H","Virginia","VA","09","CHRISTIANSBURG","VA","24073","2024","12-SEP-24","2024","202409129675429153"
"P40021479","MIXON, ANDREW WOODRUFF NONE NONE","Independent","IND","President","P","Tennessee","TN","00","KNOXVILLE","TN","31719","2024","12-SEP-24","2024","202409129675430104"
"H4OH09185","PRUSS, TOM","Libertarian Party","LIB","House","H","Ohio","OH","09","TOLEDO","OH","43623","2024","12-SEP-24","2024","202409129675426721"
"P40021453","MIXON, ANDREW WOODRUFF NONE NONE","Independent","IND","President","P","Tennessee","TN","00","KNOXVILLE","TN","31719","2024","12-SEP-24","2024","202409129675430100"
"P40021446","UCHE, MAUREEN ALLAH","American Party","AMP","President","P","United States","00","00","CHICAGO","IL","60637","2024","10-SEP-24","2024","202409109675401745"
"S4MD00624","BRIDGES, BILLY MR","Independent","IND","Senate","S","Maryland","MD","00","ACCOKEEK","MD","20607","2024","10-SEP-24","2024","202409109675396432"
"P40021438","BINION, PAUL","Independent","IND","President","P","United States","00","00","NORTH CHARLESTON","SC","29406","2024","08-SEP-24","2024","202409089675379885"
"P40021412","GALINSKY, PHILLIP","Non-Party","NON","President","P","United States","00","00","NEW YORK","NY","10005","2024","07-SEP-24","2024","202409079675374822"
"P40021420","UCHE, MAUREEN ALLAH","American Party","AMP","President","P","United States","00","00","CHICAGO","IL","60637","2024","07-SEP-24","2024","202409079675374906"
"P40021396","LATTIMORE, KENESHA","Write-In","W","President","P","Ohio","OH","00","COLUMBUS","OH","43216","2024","06-SEP-24","2024","202409069675372434"
"P40021404","AFZAL, KHURRAM","Democratic Party","DEM","President","P","United States","00","00","FULLERTON","CA","92833","2024","06-SEP-24","2024","202409069675373104"
"P40021388","JAY ELYON, JERMAINE WENDELL BRADLEY","Other","OTH","President","P","United States","00","00","RIVERDALEY","GA","30274","2024","06-SEP-24","2024","202409069675371076"
"H8CA29118","REY, JUAN","None","NNE","House","H","California","CA","37","LOS ANGELES","CA","90008","2024","05-SEP-24","2024","202409100300480445"
"P40021370","LATTIMORE, KENESHA","Independent","IND","President","P","United States","00","00","COLUMBUS","OH","43216","2024","04-SEP-24","2024","202409049675352480"
"H4AK00214","HOWE, JOHN WAYNE","Alaskan Independence Party","AKI","House","H","Alaska","AK","00","FAIRBANKS","AK","99708","2024","04-SEP-24","2024","202409049675349444"
"H4TN05160","TITLEY, BOB R.","Independent","IND","House","H","Tennessee","TN","05","NASHVILLE","TN","37215","2024","03-SEP-24","2024","202409039675332240"
"H4CT04197","WESLEY, BENJAMIN L","Independent","IND","House","H","Connecticut","CT","04","NORWALK","CT","06851","2024","02-SEP-24","2024","202409029675332090"
"S4MD00616","PACKER, KEITH KYLE","Write-In","W","Senate","S","Maryland","MD","00","TEMPLE HILLS","MD","20748","2024","31-AUG-24","2024","202408319675330994"
"H4NC08116","DUES, JUSTIN E","Democratic Party","DEM","House","H","North Carolina","NC","08","CONCORD","NC","28025","2024","30-AUG-24","2024","202408309675316784"
"H4NH01292","LEVASSEUR, JOSEPH","Republican Party","REP","House","H","New Hampshire","NH","01","MANCHESTER","NH","03104","2024","28-AUG-24","2024","202408289675289911"
"H4NJ09194","POU, NELIDA","Democratic Party","DEM","House","H","New Jersey","NJ","09","PATERSON","NJ","07509","2024","28-AUG-24","2024","202408289675289912"
"P40021354","FELDER, JOHN","Independent","IND","President","P","United States","00","00","MIAMI BEACH","FL","33139","2024","27-AUG-24","2024","202408279675288161"
"P40021347","GIBB, JOHN R","Reform Party","REF","President","P","United States","00","00","HYDE PARK","UT","84321","2024","27-AUG-24","2024","202408279675287369"
"P40021362","SALTER, MARTIN","Communist Party","COM","President","P","United States","00","00","LOMPOC","CA","93436","2024","27-AUG-24","2024","202408279675288227"
"P40021339","ALI, ADEBISI","Independence Party","IDP","President","P","United States","00","00","FLORENCE","SC","29502","2024","25-AUG-24","2024","202408259675274190"
"H4AK01030","SALISBURY, MATTHEW HARRIS","Republican Party","REP","House","H","Alaska","AK","00","PALMER","AK","99645","2024","24-AUG-24","2024","202408249675274007"
"H4IN05310","SLAUGHTER, ROBBY G","None","NNE","House","H","Indiana","IN","05","ELWOOD","IN","46036","2024","23-AUG-24","2024","202408239675272982"
"H4FL23142","KAUFMAN, JOSEPH JOE","Republican Party","REP","House","H","Florida","FL","23","TAMARAC","FL","33321","2024","22-AUG-24","2024","202408229675254470"
"H4NJ09186","WIMBERLY, BENJIE E.","Democratic Party","DEM","House","H","New Jersey","NJ","09","ELMWOOD PARK","NJ","07407","2024","22-AUG-24","2024","202408229675251632"
"H4IA01143","GLUBA, NICHOLAS","Libertarian Party","LIB","House","H","Iowa","IA","01","LONE TREE","IA","52755","2024","22-AUG-24","2024","202408229675251477"
"P00017038","PRINCESS, OAWLAWOLWAOL","Democratic Party","DEM","President","P","United States","00","00","LEXINGTON","KY","40508","2024","22-AUG-24","2024","202408220300479870"
"P40021321","SCARR, KIMBALL RUSTIN ROY MR","Write-In","W","President","P","United States","00","00","RICHMOND","IN","473743215","2024","21-AUG-24","2024","202408219675243085"
"H4CT05145","FERGUSON, BERTRAM","Democratic Party","DEM","House","H","Connecticut","CT","05","NEW BRITAIN","CT","06050","2024","21-AUG-24","2024","202408219675243069"
"P40021313","IVY, JOSEPH EZEKINS","Independence Party","IDP","President","P","United States","00","00","CHICAGO","IL","60628","2024","20-AUG-24","2024","202408209666652295"
"H4TX38045","AYERS, AVERY LAMARR","Republican Party","REP","House","H","Texas","TX","38","HOUSTON","TX","77092","2024","19-AUG-24","2024","202408190300479711"
"P40021297","BALDWIN, MARK EDWARD","Republican Party","REP","President","P","United States","00","00","HOLTON","KS","66436","2024","18-AUG-24","2024","202408189666409410"
"P40021289","STARKEY, JANNETTE","Democratic Party","DEM","President","P","United States","00","00","BELLEVUE","WA","98008","2024","16-AUG-24","2024","202408169666379077"
"H4LA05288","VALLIEN, MICHAEL JR.","Democratic Party","DEM","House","H","Louisiana","LA","05","BATON ROUGE","LA","70816","2024","16-AUG-24","2024","202408169666369028"
"P40021271","NARINS, SAMANTHA JOY MS","Green Party","GRE","President","P","United States","00","00","WOODCIFF LAKE","NJ","07677","2024","16-AUG-24","2024","202408169666369029"
"P40021263","JESUS CHRIST, YESHUA","Write-In","W","President","P","United States","00","00","ATLANTA","GA","30337","2024","15-AUG-24","2024","202408159666198394"
"H4TX18245","LEE CARTER, ERICA","Democratic Party","DEM","House","H","Texas","TX","18","HOUSTON","TX","77021","2024","15-AUG-24","2024","202408159666196554"
"S4OH00234","TINSLEY, LASHONDRA","Independent","IND","Senate","S","Ohio","OH","00","COLUMBUS","OH","43207","2024","15-AUG-24","2024","202408159666197875"
"P40021248","WHITE, CHUCKY","Right To Life","RTL","President","P","United States","00","00","KENOSHA","WI","53140","2024","14-AUG-24","2024","202408149666190994"
"P40021255","SPREWELL DE BOURBON MEDICI, MARIA ANTOINETTE POINCIANA JOSEFA QUEEN","Republican Party","REP","President","P","United States","00","00","FORT LAUDERDALE","FL","33301","2024","14-AUG-24","2024","202408149666192836"
"P40021230","DICKEY, JOHN M","No Party Affiliation","NPA","President","P","United States","00","00","RICHMOND","IN","47374","2024","13-AUG-24","2024","202408139666173354"
"H4MA02065","SHEA, CORNELIUS","Independent","IND","House","H","Massachusetts","MA","02","SHREWSBURY","MA","01545","2024","12-AUG-24","2024","202408129666169945"
"P40021222","EUZARRAGA, PIERRE ANDRE MR.","Unknown","UNK","President","P","United States","00","00","EL PASO","TX","79936","2024","12-AUG-24","2024","202408129666169975"
"P40021214","HERTZLER, JASON","Republican Party","REP","President","P","United States","00","00","MECHANICSBURG","PA","17055","2024","12-AUG-24","2024","202408120300479363"
"P40021206","TURNER, RENEA MRS.","Republican Party","REP","President","P","United States","00","00","SPRINGFIELD","OH","45502","2024","10-AUG-24","2024","202408109666161198"
"H4OR01154","CHRISTMAN, JOSEPH WILLIAM","Libertarian Party","LIB","House","H","Oregon","OR","01","HILLSBORO","OR","97124","2024","10-AUG-24","2024","202408109666163649"
"P40021198","KIENITZ, BRIAN DR.","No Party Affiliation","NPA","President","P","United States","00","00","MOUNTAIN VIEW","CA","94040","2024","09-AUG-24","2024","202408099666150037"
"S4TX00896","ROCHE, ANALISA","Write-In","W","Senate","S","Texas","TX","00","FORT WORTH","TX","76108","2024","09-AUG-24","2024","202408099666150904"
"P40021180","WALKER, LIAM THOMAS","No Party Affiliation","NPA","President","P","United States","00","00","HOWARD","OH","43028","2024","08-AUG-24","2024","202408089666130448"
"P40021172","BINION, PAUL RAYMON","Independent","IND","President","P","United States","00","00","NORTH CHARLESTON","SC","29406","2024","08-AUG-24","2024","202408089666122143"
"H4NC10195","HELM, MARSHALL TODD","Constitution Party","CON","House","H","North Carolina","NC","10","PFAFFTOWN","NC","27040","2024","07-AUG-24","2024","202408070300479290"
"P80006612","FARMS, WILLIAM","Republican Party","REP","President","P","United States","00","00","JEWETT","OH","43986","2024","06-AUG-24","2024","202408069666088460"
"P40021156","TOMBERLIN, ERIC THOMAS","RBS","RBS","President","P","United States","00","00","RALEIGH","NC","27610","2024","06-AUG-24","2024","202408069666088237"
"P40021164","GARNER, MARKIE KENNETH MR.","Independent","IND","President","P","United States","00","00","PONCA CITY","OK","74601","2024","06-AUG-24","2024","202408069666108955"
"H4LA02145","LYNCH, CHRISTY MS","Republican Party","REP","House","H","Louisiana","LA","02","NEW ORLEANS","LA","70174","2024","05-AUG-24","2024","202408059666060256"
"P40021149","CASWELL, CARL B MR","None","NNE","President","P","United States","00","00","MARBLEHEAD","MA","01945","2024","05-AUG-24","2024","202408059666081369"
"P40021123","SCOTT JOHNSON, NALA BAOZUN REV. JR","Other","OTH","President","P","United States","00","00","GARY","IN","46404","2024","05-AUG-24","2024","202408059666059171"
"P40021115","SUPREME, VERMIN LOVE","Other","OTH","President","P","United States","00","00","TOOL","TX","75143","2024","05-AUG-24","2024","202408059666059022"
"H4GA06160","CAPPARELL, CHRIS","Republican Party","REP","House","H","Georgia","GA","06","DUNWOODY","GA","30350","2024","05-AUG-24","2024","202408059666059021"
"S4GA11426","CAPPARELL, CHRIS","Republican Party","REP","Senate","S","Georgia","GA","00","GRIFFIN","GA","30224","2024","04-AUG-24","2024","202408049666058926"
"P40021099","DEJESUS, EFRAIN","Republican Party","REP","President","P","United States","00","00","VINELAND","NJ","08360","2024","03-AUG-24","2024","202408039666058672"
"P40021107","RAND, RACHEL LYDIA","Democratic Party","DEM","President","P","United States","00","00","PORTLAND","OR","97221","2024","03-AUG-24","2024","202408039666058768"
"P40021081","EGAN, BRENDAN","Democratic Party","DEM","President","P","United States","00","00","ALISO VIEJO","CA","92656","2024","03-AUG-24","2024","202408039666058320"
"P40021131","TRELOAR, JESS","Unknown","","President","P","United States","00","00","PUYALLUP","WA","983743023","2024","02-AUG-24","2024","202408050300479205"
"H4TX18237","TURNER, SYLVESTER","Democratic Party","DEM","House","H","Texas","TX","18","HOUSTON","TX","77256","2024","02-AUG-24","2024","202408029666057272"
"P40021073","DAWSON, (DAWSON)","Independent","IND","President","P","United States","00","00","LOCUST GROVE","GA","30248","2024","01-AUG-24","2024","202408019666052169"
"P40021065","KRICHEVSKY MD MSPH, RITA ANNA-MARIA","Democratic Party","DEM","President","P","United States","00","00","BELLEVUE","WA","98009","2024","31-JUL-24","2024","202408010300479059"
"P40021057","FIELDS, KENNETH","Independent","IND","President","P","United States","00","00","WASHINGTON","DC","20009","2024","31-JUL-24","2024","202407319665763189"
"H8CO05171","MURPHY, MARCUS","Unaffiliated","UN","House","H","Colorado","CO","05","COLORADO SPRINGS","CO","80903","2024","30-JUL-24","2024","202407300300478836"
"H4DC00118","WATTS, HELCHIC KOTON","Other","OTH","House","H","District Of Columbia","DC","00","WASHINGTON","DC","20018","2024","29-JUL-24","2024","202407300300478753"
"P40021040","NEWMAN, SETHATINA MARIA MRS.","Write-In","W","President","P","United States","00","00","LAUREL","MD","20723","2024","29-JUL-24","2024","202407299665756372"
"P40021032","WEDGE, JESSICA","Democratic Party","DEM","President","P","United States","00","00","FALLBROOK","CA","92028","2024","29-JUL-24","2024","202407299665755789"
"H4MI02120","ADAMS, SCOTT CECIL MR","U.S. Taxpayers Party","UST","House","H","Michigan","MI","02","OTSEGO","MI","49078","2024","28-JUL-24","2024","202407289665753034"
"P40021016","SCRUGGS, BO GRANT","Independent","IND","President","P","United States","00","00","CONNEAUT","OH","44030","2024","26-JUL-24","2024","202407269665747993"
"P40020935","LEWIS, WAYNE","Democratic Party","DEM","President","P","United States","00","00","LOS ANGELES","CA","90025","2024","25-JUL-24","2024","202407259665725824"
"P40020968","CORNEJO, GABRIEL","Democratic Party","DEM","President","P","United States","00","00","LAS VEGAS","NV","89148","2024","25-JUL-24","2024","202407259665726612"
"P40020976","WILLIAMS, ROSE","Democratic Party","DEM","President","P","United States","00","00","BROOKLYN HEIGHTS","NY","11201","2024","25-JUL-24","2024","202407259665726663"
"P40020984","SHAW, ROSHUNDA DEANN","Unaffiliated","UN","President","P","United States","00","00","TEMPLE","GA","30179","2024","25-JUL-24","2024","202407259665728709"
"P40020992","SHAW, ROSHUNDA DEANN","Unaffiliated","UN","President","P","United States","00","00","TEMPLE","GA","30179","2024","25-JUL-24","2024","202407259665728710"
"P40021008","SHAW, ROSHUNDA DEANN","Unaffiliated","UN","President","P","United States","00","00","TEMPLE","GA","30179","2024","25-JUL-24","2024","202407259665728711"
"H4MI13267","CLARK, CHRISTOPHER JAMES","Libertarian Party","LIB","House","H","Michigan","MI","13","TAYLOR","MI","48180","2024","25-JUL-24","2024","202407259665730570"
"H2MO03167","MANN, BETHANY","Democratic Party","DEM","House","H","Missouri","MO","03","BRENTWOOD","MO","63144","2024","25-JUL-24","2024","202407259665730571"
"P00013417","SYKES, MARCUS ERRELLIUS","Write-In","W","President","P","United States","00","00","LITTLE ROCK","AR","72205","2024","25-JUL-24","2024","202407259665733534"
"H4TX19334","JOHNSON, BERNARD EUGENE","Libertarian Party","LIB","House","H","Texas","TX","19","ABILENE","TX","79606","2024","25-JUL-24","2024","202407259665740484"
"P40020927","LEWIS, WAYNE","Democratic Party","DEM","President","P","United States","00","00","LOS ANGELES","CA","90025","2024","25-JUL-24","2024","202407259665725823"
"P40020943","LEWIS, WAYNE","Democratic Party","DEM","President","P","United States","00","00","LOS ANGELES","CA","90601","2024","25-JUL-24","2024","202407259665725825"
"H4TX18229","DURAL, KEVIN","Republican Party","REP","House","H","Texas","TX","18","THE WOODLANDS","TX","77380","2024","25-JUL-24","2024","202407259665725830"
"P40020919","RUGGIANO, JEFFREY","Democratic Party","DEM","President","P","Washington","WA","00","SPOKANE","WA","99208","2024","25-JUL-24","2024","202407259665725799"
"S4RI00127","ANZOLI, ARMANDO LUCIANO","Non-Party","NON","Senate","S","Rhode Island","RI","00","EAST GREENWICH","RI","02818","2024","24-JUL-24","2024","202407249665720102"
"H4OH06280","FARMS, WILLIAM","Independent","IND","House","H","Ohio","OH","06","JEWETT","OH","43986","2024","24-JUL-24","2024","202407249665720230"
"H4OR05361","HAUTH, KURT PATRICK MR","Constitution Party","CON","House","H","Oregon","OR","05","MILL CITY","OR","97360","2024","24-JUL-24","2024","202407249665725315"
"H4UT02411","WOODWARD, NATHANIEL E","Democratic Party","DEM","House","H","Utah","UT","02","PRICE","UT","84501","2024","24-JUL-24","2024","202407240300478376"
"P40020901","BUFORD, JOHNNY DUANE","Independent","IND","President","P","United States","00","00","BOSSIER CITY","LA","71171","2024","24-JUL-24","2024","202407240300478323"
"P40020893","LEE, SAMANTHA ANN MS.","None","NNE","President","P","United States","00","00","AUGUSTA","GA","30909","2024","23-JUL-24","2024","202407239665719737"
"P40020877","AKSCYN, ROBERT MURRAY MR.","Democratic Party","DEM","President","P","United States","00","00","PITTSBURGH","PA","15201","2024","23-JUL-24","2024","202407239665710784"
"H4TX18211","AMMON, CHRISTOPHER ROBERT","Republican Party","REP","House","H","Texas","TX","18","SAN ANTONIO","TX","78260","2024","23-JUL-24","2024","202407239665717625"
"H4TN08123","FREEMAN, SARAH","Democratic Party","DEM","House","H","Tennessee","TN","08","GERMANTOWN","TN","38138","2024","22-JUL-24","2024","202407229665706495"
"P40020844","WALLECK, ERIC","Democratic Party","DEM","President","P","United States","00","00","FOX LAKE","IL","60021","2024","22-JUL-24","2024","202407229665707581"
"P40020851","LAMBRIGHT, WAYNE ARTHUR III","Write-In","W","President","P","California","CA","00","DESERT CENTER","CA","92239","2024","22-JUL-24","2024","202407229665707701"
"H4KS02214","OGLE, MICHAEL ALLEN","Republican Party","REP","House","H","Kansas","KS","02","TOPEKA","KS","66614","2024","22-JUL-24","2024","202407229665707859"
"S4MI00702","STEIN, DAVID","U.S. Taxpayers Party","UST","Senate","S","Michigan","MI","00","ESSEXVILLE","MI","48732","2024","22-JUL-24","2024","202407229665710647"
"P40020869","LANE, JEANNICA MICHELLE MS","Democratic Party","DEM","President","P","United States","00","00","PHOENIX","AZ","85034","2024","22-JUL-24","2024","202407229665710656"
"P40020810","HEALY, SYLVIA","No Party Affiliation","NPA","President","P","United States","00","00","LAKE MARY","FL","32746","2024","22-JUL-24","2024","202407229665705672"
"P40020836","KATONA, JOSHUA","Republican Party","REP","President","P","North Carolina","NC","00","FUQUAY-VARINA","NC","27526","2024","22-JUL-24","2024","202407229665706071"
"P00009423","HARRIS, KAMALA","Democratic Party","DEM","President","P","United States","00","00","PHILADELPHIA","PA","19102","2024","21-JUL-24","2024","202407219665705303"
"P40020703","OLSON, DAVID RYAN MR","Write-In","W","President","P","Pennsylvania","PA","00","MONACA","PA","15061","2024","21-JUL-24","2024","202407219665704258"
"P40020711","TOULME, ALIX CHRISTOPHER MR. JR.","Other","OTH","President","P","United States","00","00","WESLEY CHAPEL","FL","33545","2024","21-JUL-24","2024","202407219665704866"
"S4MD00608","SIGMON, MICHAEL RAY","Progressive Party","PRO","Senate","S","Maryland","MD","00","CHARLESTON","WV","25306","2024","21-JUL-24","2024","202407219665704881"
"P40020729","TOULME, ALIX CHRISTOPHER MR. JR.","Other","OTH","President","P","United States","00","00","WESLEY CHAPEL","FL","33545","2024","21-JUL-24","2024","202407219665704882"
"P40020794","SLOVAK, JEREMY","Democratic Party","DEM","President","P","United States","00","00","NEW YORK","NY","10003","2024","21-JUL-24","2024","202407219665705488"
"P40020737","BELARDO, JEREMY","Democratic Party","DEM","President","P","Florida","FL","00","TALLAHASSEE","FL","32303","2024","21-JUL-24","2024","202407219665705216"
"P40020752","KEENER, KEVIN GLENN","Democratic Party","DEM","President","P","Texas","TX","00","HOUSTON","TX","77084","2024","21-JUL-24","2024","202407219665705348"
"P40020760","JONES, DARNELL","Democratic Party","DEM","President","P","Ohio","OH","00","RICHMOND HEIGHTS","OH","44143","2024","21-JUL-24","2024","202407219665705445"
"P40020778","HUBBARD, STEVEN ERICH","Democratic Party","DEM","President","P","United States","00","00","MCMINNVILLE","TN","37110","2024","21-JUL-24","2024","202407219665705463"
"P40020786","OLSON, DAVID RYAN MR","Write-In","W","President","P","Pennsylvania","PA","00","MONACA","PA","15061","2024","21-JUL-24","2024","202407219665705468"
"H4TX00011","RAMIREZ, ANTHONY","Unaffiliated","UN","House","H","Texas","TX","00","EL BPASO","TX","79934","2024","21-JUL-24","2024","202407219665705213"
"H4TX18203","FAROOQI, ZAIN ZAIN","Republican Party","REP","House","H","Texas","TX","18","SUGAR LAND","TX","77498","2024","20-JUL-24","2024","202407209661438912"
"P40020885","LI, QIAOZHI","Democratic Party","DEM","President","P","United States","00","00","LEXINGTON","KY","40514","2024","19-JUL-24","2024","202407230300478280"
"P40020661","HUTT, CUSH BENJAMIN MR","Republican Party","REP","President","P","United States","00","00","BAKERSFIELD","CA","93304","2024","19-JUL-24","2024","202407199661333564"
"H4NJ08139","ARANGO, ALEXANDER","Write-In","W","House","H","New Jersey","NJ","08","NORTH BERGEN","NJ","07047","2024","19-JUL-24","2024","202407199661342544"
"H0TX18375","DAVIS, CHANCE","Independence Party","IDP","House","H","Texas","TX","18","HOUSTON","TX","77004","2024","19-JUL-24","2024","202407199661438065"
"P40020695","T, DON J MR","Republican Party","REP","President","P","United States","00","00","PALM BEACH","FL","33480","2024","19-JUL-24","2024","202407199661437370"
"H4IL11286","NEWMAN, CHANCE WILLIAM","Unknown","UNK","House","H","Illinois","IL","11","ISLAND LAKE","IL","60042","2024","19-JUL-24","2024","202407199661437662"
"P40020687","WALT, BRANDY WHYNE","Write-In","W","President","P","United States","00","00","COLUMBIA","PA","17512","2024","19-JUL-24","2024","202407199661404670"
"P40020646","GALINSON, LAURA ANN MS.","Independent","IND","President","P","United States","00","00","LOS ANGELES","CA","90027","2024","18-JUL-24","2024","202407189661217745"
"P40020653","LORGE, BILL ELVIS","Independent","IND","President","P","United States","00","00","MADISON","WI","537088343","2024","18-JUL-24","2024","202407189661242902"
"H4PA01160","ROTHMUND, OTTO ROBERT MR.","Independent","IND","House","H","Pennsylvania","PA","01","PHILADELPHIA","PA","19123","2024","18-JUL-24","2024","202407189661227088"
"H4OR05353","FEINTECH, SONJA","Libertarian Party","LIB","House","H","Oregon","OR","05","MULINO","OR","97042","2024","17-JUL-24","2024","202407179661212341"
"P40020638","YATTONE, JOHN KENNETH","Independent","IND","President","P","United States","00","00","LAVEEN","AZ","85339","2024","17-JUL-24","2024","202407179661213076"
"H4IL13274","RORIE, JASON","Democratic Party","DEM","House","H","Illinois","IL","13","BETHALTO","IL","62010","2024","17-JUL-24","2024","202407179661195834"
"H4DE00078","WHALEN III, JOHN J","Republican Party","REP","House","H","Delaware","DE","","MILLSBORO","DE","19966","2024","17-JUL-24","2024","202407220300477201"
"P40020604","SLOCUM, MICHELLE KAY MS.","Unaffiliated","UN","President","P","United States","00","00","HART","MI","49420","2024","17-JUL-24","2024","202407179661202985"
"P40020612","MASJEDI, NAYRIKA DEBORA","None","NNE","President","P","United States","00","00","LOS ANGELES","CA","90025","2024","17-JUL-24","2024","202407179661210103"
"P40020620","MCKINNEY, MAURICE","Independent","IND","President","P","United States","00","00","RICHMOND","VA","23294","2024","17-JUL-24","2024","202407179661212203"
"H4MD06456","GLUCK, GEORGE","Democratic Party","DEM","House","H","Maryland","MD","06","ROCKVILLE","MD","20853","2024","17-JUL-24","2024","202407179661197275"
"H4NY01238","SEBESTA, MARK WILLIAM MR PH.D","Republican Party","REP","House","H","New York","NY","01","BALDWIN","NY","11510","2024","16-JUL-24","2024","202407169661165455"
"H4NJ07164","LEGUIA, LANA","Libertarian Party","LIB","House","H","New Jersey","NJ","07","STANHOPE","NJ","07874","2024","16-JUL-24","2024","202407169661165885"
"H4MN02193","KOURY, JAKE MARIUS MR","Unaffiliated","UN","House","H","Minnesota","MN","02","ROSEMOUNT","MN","55068","2024","16-JUL-24","2024","202407169661187486"
"H4LA03143","SUMMERLIN, SADI","Democratic Party","DEM","House","H","Louisiana","LA","03","WESTLAKE","LA","70669","2024","16-JUL-24","2024","202407169661183242"
"H0TX35064","SHARON, JENNIFER","Republican Party","REP","House","H","Texas","TX","37","AUSTIN","TX","78734","2024","16-JUL-24","2024","202407169661183672"
"H4FL26111","EVANS, RICHARD MR.","Republican Party","REP","House","H","Florida","FL","26","NAPLES","FL","34119","2024","16-JUL-24","2024","202407169661182483"
"H4IA03206","BATTAGLIA, MARCO","Libertarian Party","LIB","House","H","Iowa","IA","03","DES MOINES","IA","50315","2024","15-JUL-24","2024","202407159653377163"
"H4MD06449","GLUCK, GEORGE","Democratic Party","DEM","House","H","Maryland","MD","06","ROCKVILLE","MD","20853","2024","15-JUL-24","2024","202407159653736923"
"P40020596","VAN GEONS, JONATHAN","United Citizen","UC","President","P","Florida","FL","00","PALM HARBOR","FL","34683","2024","15-JUL-24","2024","202407159659789653"
"H4AL03103","STORM, TYLER WADE","Republican Party","REP","House","H","Alabama","AL","03","AUBURN","AL","36830","2024","15-JUL-24","2024","202407159661006894"
"H4AZ04123","BECK-JONES, VINCENT","Green Party","GRE","House","H","Arizona","AZ","04","MESA","AZ","85201","2024","15-JUL-24","2024","202407159659777860"
"H4MI06154","SMILEY, HEATHER","Republican Party","REP","House","H","Michigan","MI","06","RIVERVIEW","MI","48193","2024","15-JUL-24","2024","202407159659766119"
"P40020588","NEWKIRK, FRANK","Republican Party","REP","President","P","United States","00","00","SALEM","IN","47167","2024","14-JUL-24","2024","202407149653226238"
"H4OR05346","HAUTH, KURT PATRICK MR","Constitution Party","CON","House","H","Oregon","OR","05","MILL CITY","OR","97360","2024","14-JUL-24","2024","202407149653217986"
"H4DE01092","COOPER, EARL L","Democratic Party","DEM","House","H","Delaware","DE","00","WILMINGTON","DE","19801","2024","13-JUL-24","2024","202407139653203809"
"S4NY00446","MILLER, (EMILY) YUEXIN","Republican Party","REP","Senate","S","New York","NY","00","NEW YORK","NY","10018","2024","12-JUL-24","2024","202407129653119250"
"P40020554","BONHAM, CHRISTIAN MICHAEL","Independent","IND","President","P","United States","00","00","SEATTLE","WA","98133","2024","12-JUL-24","2024","202407129653166719"
"H4WI05115","STEINHOFF, BEN","Democratic Party","DEM","House","H","Wisconsin","WI","05","PEWAUKEE","WI","53072","2024","12-JUL-24","2024","202407129653122802"
"H4PA17182","CUTERI, CLAYTON ALEXANDER","Other","OTH","House","H","Pennsylvania","PA","17","PITTSBURGH","PA","15202","2024","11-JUL-24","2024","202407119653101410"
"P40020539","FOREMAN, JAMES","Independent","IND","President","P","United States","00","00","NEW YORK","NY","10003","2024","10-JUL-24","2024","202407109652750851"
"H4CT05137","DARWISH, AHMAD AJ","Green Party","GRE","House","H","Connecticut","CT","05","BROOKFIELD","CT","06804","2024","10-JUL-24","2024","202407109653091568"
"H4MI05172","BRONKE, JAMES VICTOR MR","Green Party","GRE","House","H","Michigan","MI","05","CASSOPOLIS","MI","49031","2024","10-JUL-24","2024","202407109652766506"
"H4FL02138","BAILEY, HUY-YEN CAM MS.","Democratic Party","DEM","House","H","Florida","FL","02","TALLAHASSEE","FL","32317","2024","09-JUL-24","2024","202407099652736624"
"H4FL25055","LEIB, BRYAN","Republican Party","REP","House","H","Florida","FL","25","HOLLYWOOD","FL","33019","2024","09-JUL-24","2024","202407099652742729"
"H4MN07093","PETERS, ALVIN JOHN 3205946498","Democratic Party","DEM","House","H","Minnesota","MN","07","BROWERVILLE","MN","56438","2024","09-JUL-24","2024","202407099652748304"
"H4IA30019","CHEEVERS, JERRY MR.","Republican Party","REP","House","H","Iowa","IA","30","DES MOINES","IA","50315","2024","09-JUL-24","2024","202407099652747602"
"P40020513","DUDLEY, JOSHUA SHAWN","Write-In","W","President","P","United States","00","00","ORANGE","CA","92869","2024","09-JUL-24","2024","202407099652743228"
"S4RI00119","COSTA, MICHAEL J","Democratic Party","DEM","Senate","S","Rhode Island","RI","00","BRISTOL","RI","02809","2024","08-JUL-24","2024","202407089652701745"
"P40020505","FIORI, RACHEL","Write-In","W","President","P","United States","00","00","ESCONDIDO","CA","92026","2024","08-JUL-24","2024","202407089652717082"
"P00009225","SENEY, RAYMOND J","Democratic Party","DEM","President","P","United States","00","00","EAST NASSAU","NY","12062","2024","08-JUL-24","2024","202407089652716528"
"P40020489","BAGLEY, KEITH MR.","Green Party","GRE","President","P","California","CA","00","HUNTINGTON BEACH","CA","92648","2024","07-JUL-24","2024","202407079652573600"
"P40020471","WHITLOCK, EVAN C.","None","NNE","President","P","United States","00","00","LABADIE","MO","63055","2024","07-JUL-24","2024","202407079652573567"
"H4LA06237","GUILLORY, ELBERT LEE","Republican Party","REP","House","H","Louisiana","LA","06","OPELOUSAS","LA","70570","2024","06-JUL-24","2024","202407069652571310"
"H4WI01205","TODD, CHESTER","Green Party","GRE","House","H","Wisconsin","WI","01","RACINE","WI","53403","2024","06-JUL-24","2024","202407069652573369"
"H4FL14166","HERNANDEZ, SALOMON SR.","Write-In","W","House","H","Florida","FL","14","TAMPA","FL","33604","2024","06-JUL-24","2024","202407069652571429"
"H4LA06229","GUILLORY, ELBERT LEE","Republican Party","REP","House","H","Louisiana","LA","06","OPELOUSAS","LA","70570","2024","05-JUL-24","2024","202407059652570138"
"P40020463","ETHEREDGE, MARLON J","Republican Party","REP","President","P","Connecticut","CT","00","NAUGATUCK","CT","06770","2024","05-JUL-24","2024","202407059652570844"
"P40020497","JIMENEZ-SEERY, ISMAEL","Independent","IND","President","P","United States","00","01","SAN DIEGO","CA","92107","2024","05-JUL-24","2024","202407080300473663"
"S4HI00201","AMARAL, MELBA S S","Republican Party","REP","Senate","S","Hawaii","HI","00","HONOLULU","HI","96823","2024","04-JUL-24","2024","202407049652566632"
"H4NH02423","CLARK, RANDALL","Republican Party","REP","House","H","New Hampshire","NH","02","HOLLIS","NH","03049","2024","04-JUL-24","2024","202407049652564891"
"P40020414","SPENSER, ROB","Democratic Party","DEM","President","P","United States","00","00","BROOKLYN","NY","11213","2024","03-JUL-24","2024","202407039652560090"
"P40020455","HAHN, KRISTIN BEERY","Republican Party","REP","President","P","Florida","FL","00","THONOTOSASSA","FL","33592","2024","03-JUL-24","2024","202407039652564430"
"P40020448","COLOMBE, MICHAEL CHRISTOPHER MR.","Republican Party","REP","President","P","United States","00","00","CAHONE","CO","81320","2024","03-JUL-24","2024","202407039652564055"
"P40020430","BOWMAN, JAY","None","NNE","President","P","United States","00","00","FLORENCE","KY","41042","2024","03-JUL-24","2024","202407039652560194"
"P40020398","RODRIGUEZ, LEONARDO","Independent","IND","President","P","United States","00","00","CHICAGO","IL","60638","2024","02-JUL-24","2024","202407029652558740"
"H4MO02108","PFEIFER, PETER ANTHONY","Republican Party","REP","House","H","Missouri","MO","02","TOWN AND COUNTRY","MO","63017","2024","02-JUL-24","2024","202407029652558037"
"H4OK02204","HOPKINS, RONNIE","Independent","IND","House","H","Oklahoma","OK","02","ROSE","OK","74364","2024","02-JUL-24","2024","202407029652558031"
"P40020372","BRAWNER, PAUL VINCENT JR","Independent","IND","President","P","United States","00","00","SPOKANE VALLEY","WA","99206","2024","02-JUL-24","2024","202407029652552323"
"S4CT00195","PAGLINO, JUSTIN COBB DR","Green Party","GRE","Senate","S","Connecticut","CT","00","GUILFORD","CT","06437","2024","01-JUL-24","2024","202407019652551867"
"H4NJ04146","ROSSI, AIDAN PATRICK MR","Ace Party","ACE","House","H","New Jersey","NJ","04","WEST WINDSOR","NJ","08550","2024","28-JUN-24","2024","202406289652540455"
"P40020349","RAMOS, ALFONSO ALBERTO","Democratic Party","DEM","President","P","United States","00","00","GLENMONT","NY","12077","2024","28-JUN-24","2024","202406289652540128"
"H4NJ04153","ROSSI, AIDAN PATRICK MR","Democratic Party","DEM","House","H","New Jersey","NJ","04","WEST WINDSOR","NJ","08550","2024","28-JUN-24","2024","202406289652540954"
"P40020356","BARTON, KYLE ROSS","No Party Affiliation","NPA","President","P","United States","00","00","BOHEMIA","NY","11716","2024","28-JUN-24","2024","202406289652541125"
"P40020331","COSME, SEBASTIAN","Independent","IND","President","P","United States","00","00","YUKON","OK","73099","2024","28-JUN-24","2024","202406289652540118"
"H4NJ04161","ROSSI, AIDAN PATRICK MR","American Independent Party","AIP","House","H","New Jersey","NJ","04","WEST WINDSOR","NJ","08550","2024","28-JUN-24","2024","202406289652541602"
"H4NJ04179","ROSSI, AIDAN PATRICK MR","Republican Party","REP","House","H","New Jersey","NJ","04","WEST WINDSOR","NJ","08550","2024","28-JUN-24","2024","202406289652545398"
"P40020364","SCHROEPFER, MARK PATRICK","Democratic-Farmer-Labor","DFL","President","P","United States","00","00","SLEEPY EYE","MN","56085","2024","28-JUN-24","2024","202406289652545621"
"H4WA05283","BENNETT-WOLCOTT, BARBARA LOUISE","Democratic Party","DEM","House","H","Washington","WA","05","PULLMAN","WA","99163","2024","28-JUN-24","2024","202406289652541126"
"P40020323","WILSON, MERRELL DONALD MR.","Democratic Party","DEM","President","P","United States","00","00","FREDERICK","MD","21702","2024","27-JUN-24","2024","202406279652509537"
"P00015867","FRANKLIN, LEE CHRISTOPHER","Independent","IND","President","P","United States","00","00","JOHNSON CITY","TN","37604","2024","27-JUN-24","2024","202406279652506713"
"P40020315","WELLES, JAMES","Unaffiliated","UN","President","P","United States","00","00","MIDDLEBURY","VT","05753","2024","27-JUN-24","2024","202406279652506712"
"P40020307","SALIB, DAMIAN PATRICK","Independent","IND","President","P","United States","00","00","BLAINE","MN","55434","2024","25-JUN-24","2024","202406259652494597"
"H4OR02251","STETTLER, MICHAEL","Constitution Party","CON","House","H","Oregon","OR","02","CHRISTMAS VALLEY","OR","97641","2024","25-JUN-24","2024","202406259652495865"
"P40020299","ROSS, RICKY ALLEN MISTER JR","Independent","IND","President","P","United States","00","00","CINCINNATI","OH","45239","2024","25-JUN-24","2024","202406259652489892"
"H4IN01244","MISKUS, DAKOTAH","Libertarian Party","LIB","House","H","Indiana","IN","01","LAPORTE","IN","46350","2024","24-JUN-24","2024","202406249652488930"
"H4WI02070","BILLIPS, NATHAN EUEGENE JR","Democratic Party","DEM","House","H","Wisconsin","WI","02","MILWAUKEE","WI","53224","2024","24-JUN-24","2024","202406249652489010"
"H4WI04290","BILLIPS JR, NATHAN EUGENE MR","Democratic Party","DEM","House","H","Wisconsin","WI","04","MILWAUKEE","WI","53224","2024","24-JUN-24","2024","202406249652489837"
"P40020265","FORSMAN, CATHERINE","Write-In","W","President","P","United States","00","00","LAKE CITY","MN","55041","2024","23-JUN-24","2024","202406239652486074"
"H4IN07217","SCHMITZ, JOHN PALMER MR.","Republican Party","REP","House","H","Indiana","IN","07","INDIANAPOLIS","IN","46241","2024","23-JUN-24","2024","202406239652486095"
"H4IN09171","BROOKSBANK, RUSSELL","Libertarian Party","LIB","House","H","Indiana","IN","09","CLARKSVILLE","IN","47129","2024","23-JUN-24","2024","202406239652486150"
"P40020273","BILLOPS, SHAWNSY","Write-In","W","President","P","United States","00","00","BRISTOL","VT","05443","2024","23-JUN-24","2024","202406239652486087"
"P40020257","BILLOPS, SHAWNSY","Write-In","W","President","P","United States","00","00","BRISTOL","VT","05443","2024","22-JUN-24","2024","202406229652486064"
"H4NJ03270","WYNN, DOUGLAS","Independent","IND","House","H","New Jersey","NJ","03","COLUMBUS","NJ","08022","2024","20-JUN-24","2024","202406209652473697"
"P40020240","LEWIS, TIFFANY S MS.","Independence Party","IDP","President","P","United States","00","00","TULSA","OK","74136","2024","20-JUN-24","2024","202406209652363796"
"H4LA03135","GONZALEZ, PRISCILLA","Democratic Party","DEM","House","H","Louisiana","LA","03","LAFAYETTE","LA","70503","2024","20-JUN-24","2024","202406209649283775"
"S4MN00569","LACEY, JOYCE L","Independence Party","IDP","Senate","S","Minnesota","MN","00","ASHBY","MN","56309","2024","19-JUN-24","2024","202406199649250976"
"P40020224","GREEN WILSON, MONOLITO","Non-Party","NON","President","P","United States","00","00","EMERYVILLE","CA","94608","2024","18-JUN-24","2024","202406189649205633"
"P40020232","GREEN WILSON, MONOLITO","Non-Party","NON","President","P","United States","00","00","EMERYVILLE","CA","94608","2024","18-JUN-24","2024","202406189649227293"
"H4NH01284","MCFARLANE, WALTER JAMES III","Republican Party","REP","House","H","New Hampshire","NH","01","MANCHESTER","NH","03105","2024","17-JUN-24","2024","202406179649045789"
"H2NM01235","ARAGON, EDDY","Independent","IND","House","H","New Mexico","NM","01","ALBUQUERQUE","NM","87106","2024","17-JUN-24","2024","202406179649045720"
"H4WA06141","CLARK, JANIS MENEATRICE","Republican Party","REP","House","H","Washington","WA","06","FEDERAL WAY","WA","98003","2024","17-JUN-24","2024","202406179649034870"
"P40020216","AQUINO, PAUL ANTHONY","La Raza Unida","LRU","President","P","United States","00","00","SALINAS","CA","93901","2024","17-JUN-24","2024","202406179649032779"
"S4WY00188","MORROW, SCOTT D MR","Democratic Party","DEM","Senate","S","Wyoming","WY","00","LARAMIE","WY","82070","2024","14-JUN-24","2024","202406149649026014"
"P40020208","ANDERSON, JULE","Republican Party","REP","President","P","United States","00","00","SILVER SPRING","MD","20902","2024","13-JUN-24","2024","202406139648944827"
"H4KS02206","BOYDA, NANCY E","Democratic Party","DEM","House","H","Kansas","KS","02","BALDWIN CITY","KS","66006","2024","13-JUN-24","2024","202406139648976483"
"P40020190","JASON, DANNY P MR JR","Republican Party","REP","President","P","United States","00","00","NEW YORK CITY","NY","10029","2024","12-JUN-24","2024","202406129648931293"
"P40020182","LYDON, CHRISTOPHER","Independent","IND","President","P","United States","00","00","HOLBROOK","MA","02343","2024","11-JUN-24","2024","202406119648930368"
"H4MO01175","HEBRON, MIKE","Republican Party","REP","House","H","Missouri","MO","01","ST. LOUIS","MO","63110","2024","10-JUN-24","2024","202406109648919825"
"H4IN05302","SHILLINGS, LAURI","Libertarian Party","LIB","House","H","Indiana","IN","05","CARMEL","IN","46032","2024","10-JUN-24","2024","202406109648923745"
"P40020174","ALBERS, JOHN","Write-In","W","President","P","United States","00","00","MOUNT WASHINGTON","KY","40047","2024","10-JUN-24","2024","202406100300472840"
"P40020166","LEE, QUINN","None","NNE","President","P","United States","00","00","CATHEDRAL CITY","DC","92234","2024","09-JUN-24","2024","202406099648915814"
"P40020158","SHELTON, WILLIAM C","None","NNE","President","P","United States","00","00","WINSTON SALEM","NC","27105","2024","08-JUN-24","2024","202406089648915345"
"S4NM00233","CHICK, CAMERON MR.","Independent","IND","Senate","S","New Mexico","NM","00","ALBUQUERQUE","NM","87112","2024","07-JUN-24","2024","202406079648914609"
"H4OR05338","SMITH, BRETT","No Party Affiliation","NPA","House","H","Oregon","OR","05","MOLALLA","OR","97038","2024","07-JUN-24","2024","202406079648878841"
"H4VA06061","MITCHELL, KEN","Democratic Party","DEM","House","H","Virginia","VA","06","HARRISONBURG","VA","22803","2024","06-JUN-24","2024","202406069648854012"
"H4NY02103","PEPITO, DOMINICK","Independent","IND","House","H","New York","NY","02","BABYLON","NY","11702","2024","05-JUN-24","2024","202406059648848112"
"H4NE02146","BERA, GARY","Non-Party","NON","House","H","Nebraska","NE","02","HARVARD","NE","68944","2024","05-JUN-24","2024","202406059648850242"
"H4IA02091","PUFFETT, JODY MARIE","Unaffiliated","UN","House","H","Iowa","IA","02","DELHI","IA","52223","2024","04-JUN-24","2024","202406049648847881"
"S4MS00211","TAGGART, JON M MR.","GOP","GOP","Senate","S","Mississippi","MS","00","MOSS POINT","MS","39563","2024","04-JUN-24","2024","202406049648846268"
"H4MI13259","HAWKINS, SHAKIRA","Democratic Party","DEM","House","H","Michigan","MI","13","DETROIT","MI","48202","2024","03-JUN-24","2024","202406039648846103"
"P40020141","SADLER, KALEB MICHEAL","Republican Party","REP","President","P","United States","00","00","GRINNELL","IA","50112","2024","03-JUN-24","2024","202406039648843922"
"P40020133","BESSARD, DEVEON","Ace Party","ACE","President","P","United States","00","00","DALLAS","TX","75252","2024","02-JUN-24","2024","202406029648843497"
"P40020125","SCAFIDI, TYLER LEE MR.","Unaffiliated","UN","President","P","United States","00","00","ELILZABETH","CO","80107","2024","02-JUN-24","2024","202406029648839310"
"H4GA01187","CASTLEBERRY, TERRI ALISA","Unaffiliated","UN","House","H","Georgia","GA","01","ALBANY","GA","31721","2024","01-JUN-24","2024","202406019648838487"
"H4WA01290","WEBSTER, ORION S","Republican Party","REP","House","H","Washington","WA","01","MARYSVILLE","WA","98270","2024","01-JUN-24","2024","202406019648838489"
"P40020109","ALEXANDER, ANDREW MICHAEL","Independent","IND","President","P","United States","00","00","LANSING","MI","48917","2024","31-MAY-24","2024","202405319648833322"
"S4PA00337","MAGEE, QUINCY ANDREW","Republican Party","REP","Senate","S","Pennsylvania","PA","00","PHILADELPHIA","PA","19139","2024","31-MAY-24","2024","202405319648837772"
"P40020117","STEVENSON, MICHAEL ARSENE","Republican Party","REP","President","P","Mississippi","MS","00","VANCLEAVE","MS","39565","2024","31-MAY-24","2024","202405319648838371"
"P40020083","JOHNSON, CRAIG H MR II","Independent","IND","President","P","Michigan","MI","00","GRAND RAPIDS","MI","49504","2024","31-MAY-24","2024","202405319648823566"
"P40020091","DIAZ, STEVEN","Democratic Party","DEM","President","P","United States","00","00","HOLLYWOOD","CA","90013","2024","31-MAY-24","2024","202405319648823571"
"P40020075","ROJAS, IRIS MARGARITA","Independent","IND","President","P","United States","00","00","VALRICO","FL","33596","2024","30-MAY-24","2024","202405309648805392"
"H4NJ10218","WALKER, JEREMIAH","Democratic Party","DEM","House","H","New Jersey","NJ","10","JERSEY CITY","NJ","07304","2024","30-MAY-24","2024","202405309648803189"
"P40020067","BROOKS, ROCHELLE-MARETTA","Independent","IND","President","P","United States","00","00","SYRACUSE","NY","132051451","2024","29-MAY-24","2024","202405290300472419"
"S4MN00551","PETERSEN, RAYMOND DAVID","Republican Party","REP","Senate","S","Minnesota","MN","00","SAINT PAUL","MN","55124","2024","29-MAY-24","2024","202405300300472570"
"H2DC01029","WILLIAMS, KELLY","Democratic Party","DEM","House","H","District Of Columbia","DC","00","WASHINGTON","DC","20013","2024","29-MAY-24","2024","202405299648784845"
"S4HI00193","REYES, ARTURO P","Republican Party","REP","Senate","S","Hawaii","HI","00","WAIPAHU","HI","96797","2024","28-MAY-24","2024","202405280300472277"
"H4AK00164","HAFNER, ERIC","Democratic Party","DEM","House","H","Alaska","AK","","BOX ELDER","SD","57719","2024","28-MAY-24","2024","202405290300472455"
"H4WI04282","NATH, PURNIMA","Republican Party","REP","House","H","Wisconsin","WI","04","BROWN DEER","WI","53223","2024","28-MAY-24","2024","202405289648784602"
"H4LA02137","EKPETE KAMA, ULOMA","Democratic Party","DEM","House","H","Louisiana","LA","02","MARIETTA","GA","30067","2024","28-MAY-24","2024","202405289648781918"
"H4LA02129","EKPETE KAMA, ULOMA","Democratic Party","DEM","House","H","Louisiana","LA","02","MARIETTA","GA","30067","2024","27-MAY-24","2024","202405279648781864"
"H4HI02124","MACK, LONO WILLY","Republican Party","REP","House","H","Hawaii","HI","02","KAILUA KONA","HI","96740","2024","27-MAY-24","2024","202405279648781846"
"H4VI01011","PICKARD, RONALD","Republican Party","REP","House","H","U.S. Virgin Islands","VI","00","CHRISTIANSTED","VI","00824","2024","26-MAY-24","2024","202405269648781805"
"H4WA09103","MARTIN, PAUL WALTER","Republican Party","REP","House","H","Washington","WA","09","RENTON","WA","98056","2024","24-MAY-24","2024","202405249648781666"
"P40020059","ABITTAN, ALEXANDER","Democratic Party","DEM","President","P","United States","00","00","HOLLYWOOD","FL","33021","2024","24-MAY-24","2024","202405249648781533"
"H4WA04195","MALAN, JOHN","Democratic Party","DEM","House","H","Washington","WA","04","EPHRATA","WA","98823","2024","23-MAY-24","2024","202405239648778332"
"H4NJ12198","DART, DANIEL","Democratic Party","DEM","House","H","New Jersey","NJ","12","PRINCETON","NJ","08542","2024","23-MAY-24","2024","202405239648751870"
"S4WY00170","DAVIS, TONY","Write-In","W","Senate","S","Wyoming","WY","00","CAPE CORAL","FL","33990","2024","23-MAY-24","2024","202405239648732557"
"H4NJ11174","DE LOTTO, MARK LOUIS MR.","Democratic Party","DEM","House","H","New Jersey","NJ","11","TOTOWA","NJ","07512","2024","23-MAY-24","2024","202405239648718967"
"S4ME00147","CHERRY, JASON SETH","Independent","IND","Senate","S","Maine","ME","00","UNITY","ME","04988","2024","22-MAY-24","2024","202405229648713886"
"H4NJ10200","ARMSTEAD, DEREK","Democratic Party","DEM","House","H","New Jersey","NJ","10","LINDEN","NJ","07036","2024","22-MAY-24","2024","202405229648717731"
"H4MI06147","KREBAUM, WILLIAM B","Libertarian Party","LIB","House","H","Michigan","MI","06","ANN ARBOR","MI","48103","2024","22-MAY-24","2024","202405229648716372"
"H4GA05063","O SALVESEN, JOHN O MR II","Republican Party","REP","House","H","Georgia","GA","05","STONE MOUNTAIN","GA","30087","2024","21-MAY-24","2024","202405219648687556"
"H4MO01167","ASHBY, STEPHAN BLAKE","Other","OTH","House","H","Missouri","MO","01","FERGUSON","MO","63135","2024","21-MAY-24","2024","202405219648656111"
"H4MD01192","OBRIEN, JOSHUA","Libertarian Party","LIB","House","H","Maryland","MD","01","BEL AIR","MD","21014","2024","20-MAY-24","2024","202405209646111613"
"H4FL01221","VAZQUEZ, RUDY KASSIME","Republican Party","REP","House","H","Florida","FL","01","MIDDLEBURG","FL","32068","2024","20-MAY-24","2024","202405209646093524"
"H4MI04175","MUIR, BRENDAN","Republican Party","REP","House","H","Michigan","MI","04","HOLLAND","MI","49423","2024","20-MAY-24","2024","202405209646184643"
"H4FL16203","FANCERA, NICHOLAS","Democratic Party","DEM","House","H","Florida","FL","16","SARASOTA","FL","34243","2024","20-MAY-24","2024","202405209646166177"
"H2WA04124","BAECHLER, MARY","Democratic Party","DEM","House","H","Washington","WA","04","ZILLAH","WA","98953","2024","19-MAY-24","2024","202405199646085345"
"H4NH02415","CRANE, ELENORE CASEY","Republican Party","REP","House","H","New Hampshire","NH","02","NASHUA","NH","03064","2024","18-MAY-24","2024","202405189646074579"
"H4WA10085","TOLIVER, DESIREE","Democratic Party","DEM","House","H","Washington","WA","10","OLYMPIA","WA","98502","2024","18-MAY-24","2024","202405189646074717"
"H4CO08067","JOSS, ERIC E","Libertarian Party","LIB","House","H","Colorado","CO","08","FORT LUPTON","CO","80621","2024","18-MAY-24","2024","202405189646074683"
"S8MI00422","WILLIS, VALERIE LEE","Libertarian Party","LIB","Senate","S","Michigan","MI","00","COLDWATER","MI","49036","2024","17-MAY-24","2024","202405230300472247"
"H4WA04187","MUCHLINSKI, BIRDIE JANE","Democratic Party","DEM","House","H","Washington","WA","04","RICHLAND","WA","99352","2024","17-MAY-24","2024","202405179646072379"
"H4KY06197","RUDD, SHAUNA","Democratic Party","DEM","House","H","Kentucky","KY","06","LEXINGTON","KY","40507","2024","17-MAY-24","2024","202405179646054688"
"H4PA15152","WOMER, ZACHERAY MR.","Democratic Party","DEM","House","H","Pennsylvania","PA","15","PHILIPSBURG","PA","16866","2024","17-MAY-24","2024","202405179646043573"
"S4AZ00303","HAMPTON, EDWARD JAMES MR","Republican Party","REP","Senate","S","Arizona","AZ","00","PHOENIX","AZ","85022","2024","16-MAY-24","2024","202405169646009919"
"P40019994","ALAWI, SAYED HASHER","Other","OTH","President","P","California","CA","00","POMONA","CA","91766","2024","16-MAY-24","2024","202405169646043330"
"H4TN02092","FULTON, SETH","Republican Party","REP","House","H","Tennessee","TN","02","KNOXVILLE","TN","37909","2024","16-MAY-24","2024","202405169646012880"
"H4MI05164","URBAN, LIBBI DEANN MS","Democratic Party","DEM","House","H","Michigan","MI","05","BUCHANAN","MI","49107","2024","15-MAY-24","2024","202405159646006677"
"H4KS02198","KLEINMANN, MATTHEW RYAN","Democratic Party","DEM","House","H","Kansas","KS","02","KANSAS CITY","KS","66102","2024","15-MAY-24","2024","202405159646009844"
"P80006547","HORNBUCKLE, WADE AARON","Republican Party","REP","President","P","United States","00","00","SANDUSKY","OH","44870","2024","15-MAY-24","2024","202405159646006637"
"H4MO02090","SUMMERS, CHARLES DAVID","Democratic Party","DEM","House","H","Missouri","MO","02","OAKVILLE","MO","63129","2024","15-MAY-24","2024","202405159646001488"
"P40019978","WEBB, TOMMY","Independence Party","IDP","President","P","United States","00","00","COLORADO SPRINGS","CO","80903","2024","15-MAY-24","2024","202405159646003674"
"H4NJ10192","CLAYBROOKS, BRITTANY","Democratic Party","DEM","House","H","New Jersey","NJ","10","EAST ORANGE","NJ","07017","2024","15-MAY-24","2024","202405159646006582"
"H4NH02407","NEENOS, JASON","Democratic Party","DEM","House","H","New Hampshire","NH","02","PLYMOUTH","NH","03264","2024","15-MAY-24","2024","202405159645995430"
"S4FL00801","BEDI, SURINDAR","Independent","IND","Senate","S","Florida","FL","00","SARASOTA","FL","34236","2024","15-MAY-24","2024","202405159646001664"
"S4WA00656","TILTON, DAVID M","Non-Party","NON","Senate","S","Washington","WA","00","LAKE STEVENS","WA","98258","2024","14-MAY-24","2024","202405149645992279"
"H0NJ09200","PREMPEH, WILLIAM SREBOE","Republican Party","REP","House","H","New Jersey","NJ","09","PATERSON","NJ","07524","2024","14-MAY-24","2024","202405149645994361"
"P40019960","GELFAT, MARK","Democratic Party","DEM","President","P","United States","00","00","MANALAPAN","NJ","07726","2024","14-MAY-24","2024","202405149645989969"
"P00017392","MILLER-JAMISON, LATOWYA","Independent","IND","President","P","United States","00","00","SUMMERVILLE","SC","29485","2024","14-MAY-24","2024","202405140300471732"
"P20003562","YOST, MICHAEL CHRISTOPHER","N/A","N/A","President","P","United States","00","00","COLORADO SPRINGS","CO","80918","2024","14-MAY-24","2024","202405140300471744"
"H4NJ10184","MELIUS, SHANA","Democratic Party","DEM","House","H","New Jersey","NJ","10","NEWARK","NJ","07102","2024","14-MAY-24","2024","202405149645994367"
"H4NJ07156","BLACK, ANDREW","Green Party","GRE","House","H","New Jersey","NJ","07","HOPTACONG","NJ","07843","2024","13-MAY-24","2024","202405139645974482"
"S4CA01074","ASTORGA, ALEX JOHN","None","NNE","Senate","S","California","CA","00","ANTIOCH","CA","94531","2024","13-MAY-24","2024","202405139645970537"
"H4MI11139","FRANGIE, CHARLES","Republican Party","REP","House","H","Michigan","MI","11","BINGHAM FARMS","MI","48025","2024","10-MAY-24","2024","202405109645963431"
"H4MT01090","HAYES, DENNIS","Libertarian Party","LIB","House","H","Montana","MT","01","TOWNSEND","MT","59644","2024","10-MAY-24","2024","202405109645965470"
"S4NM00225","WAKELY, THOMAS JOHN","Green Party","GRE","Senate","S","New Mexico","NM","00","DEMING","NM","88031","2024","10-MAY-24","2024","202405109645963562"
"P40019937","FISHBACK, BRIAN C MR.","Write-In","W","President","P","United States","00","00","BOWLING GREEN","KY","42103","2024","09-MAY-24","2024","202405099645566517"
"H4NH02399","GOODLANDER, MAGGIE","Democratic Party","DEM","House","H","New Hampshire","NH","02","NASHUA","NH","03060","2024","09-MAY-24","2024","202405099645567765"
"H2GA14044","FLOWERS, MARCUS","Democratic Party","DEM","House","H","Georgia","GA","13","BREMEN","GA","30110","2024","09-MAY-24","2024","202405099645570210"
"P40019945","WILLIAMS, JAMES GREGORY","None","NNE","President","P","Indiana","IN","00","HEBRON","IN","46341","2024","09-MAY-24","2024","202405099645577269"
"H4CO05204","VANCE, MICHAEL","Libertarian Party","LIB","House","H","Colorado","CO","05","ARVADA","CO","80002","2024","09-MAY-24","2024","202405099645577418"
"H4NJ09160","CASTILLO, HECTOR L DR","Republican Party","REP","House","H","New Jersey","NJ","09","PATERSON","NJ","07501","2024","09-MAY-24","2024","202405099645569653"
"H4TX25216","HAGG, CHAD FRANCIS","Republican Party","REP","House","H","Texas","TX","25","ABILENE","TX","79602","2024","08-MAY-24","2024","202405089645482220"
"H4NJ10176","MCIVER, LAMONICA","Democratic Party","DEM","House","H","New Jersey","NJ","10","NEWARK","NJ","07101","2024","08-MAY-24","2024","202405089645562595"
"H4MO08253","HEITHOLD, GRANT","Republican Party","REP","House","H","Missouri","MO","08","LICKING","MO","65542","2024","08-MAY-24","2024","202405170300472025"
"H4WI08127","EISENHEIM, ERIK BRIAN MR.","Democratic Party","DEM","House","H","Wisconsin","WI","08","APPLETON","WI","54914","2024","08-MAY-24","2024","202405089645565900"
"H4NJ11166","BENAVIDES, LILY","Green Party","GRE","House","H","New Jersey","NJ","11","LAKE HIAWATHA","NJ","07034","2024","08-MAY-24","2024","202405089645565772"
"H4KS03220","ROBERTS, STEVE E","Libertarian Party","LIB","House","H","Kansas","KS","03","OVERLAND PARK","KS","66213","2024","07-MAY-24","2024","202405130300471655"
"H4WA08154","SIDDIQI, IMRAAN","Democratic Party","DEM","House","H","Washington","WA","08","ISSAQUAH","WA","98027","2024","07-MAY-24","2024","202405079645479317"
"H2MI13337","DARDZINSKI, CHRISTOPHER","Taxpayers","TX","House","H","Michigan","MI","13","LINCOLN PARK","MI","481462009","2024","07-MAY-24","2024","202405070300471385"
"P60018520","HARRIS, ARTHUR","Independent","IND","President","P","United States","00","27","","","","2024","07-MAY-24","2024","202405070300471405"
"P40019903","HOPSON, DIANE","Democratic Party","DEM","President","P","United States","00","00","SMITHFIELD","NC","27577","2024","06-MAY-24","2024","202405060300471312"
"H4WA04179","SMILEY, TIFFANY","Republican Party","REP","House","H","Washington","WA","04","ALEXANDRIA","VA","22314","2024","06-MAY-24","2024","202405069645473463"
"P40019911","EDELOS MONTEROS, TINA MICHELLE MS","Independence Party","IDP","President","P","California","CA","00","LOS ANGELES","CA","90039","2024","06-MAY-24","2024","202405069645475525"
"H4FL21096","WILES, RICK","Republican Party","REP","House","H","Florida","FL","21","FT. PIERCE","FL","34979","2024","06-MAY-24","2024","202405069645475177"
"H4NJ10168","GODFREY, DARRYL","Democratic Party","DEM","House","H","New Jersey","NJ","10","MORRIS TOWNSHIP","NJ","07960","2024","06-MAY-24","2024","202405069645475145"
"P40019895","HENRICKSON, PAUL","Independent","IND","President","P","United States","00","00","LAKE STEVENS","WA","98258","2024","05-MAY-24","2024","202405059645472905"
"H8TN09106","SMITH, KASANDRA L","Democratic Party","DEM","House","H","Tennessee","TN","09","MEMPHIS","TN","38125","2024","05-MAY-24","2024","202405059645473066"
"H4MA08047","GOVATSOS, JAMES MR.","Republican Party","REP","House","H","Massachusetts","MA","08","WALPOLE","MA","02032","2024","03-MAY-24","2024","202405039645470255"
"H4VA03100","SITKA, JOHN DR. III","Republican Party","REP","House","H","Virginia","VA","03","NORFOLK","VA","23513","2024","03-MAY-24","2024","202405039645464363"
"H4IL09090","COHEN, SETH ALAN","Republican Party","REP","House","H","Illinois","IL","09","SKOKIE","IL","60076","2024","02-MAY-24","2024","202405029636876863"
"H4FL06063","GROW, JOHN","Republican Party","REP","House","H","Florida","FL","06","PALM COAST","FL","32137","2024","01-MAY-24","2024","202405019636875615"
"H2MS01148","BLACK, DIANNE DODSON","Democratic Party","DEM","House","H","Mississippi","MS","01","OLIVE BRANCH","MS","38654","2024","01-MAY-24","2024","202405019636875881"
"H4NY06054","CHOWDHURY, MOHAMMED MOHIUDDIN","Independent","IND","House","H","New York","NY","06","ELMHURST","NY","11373","2024","01-MAY-24","2024","202405019636875242"
"H4TN01193","LAPIDES, BENNETT","Democratic Party","DEM","House","H","Tennessee","TN","01","GATLINBURG","TN","37738","2024","01-MAY-24","2024","202405019636874555"
"H4NJ03262","SCHKEEPER, BRIAN","Democratic Party","DEM","House","H","New Jersey","NJ","03","MEDFORD","NJ","08055","2024","01-MAY-24","2024","202405019636873672"
"S8CT00121","COREY, MATTHEW MCKINNON","Republican Party","REP","Senate","S","Connecticut","CT","00","GLASTONBURY","CT","06033","2024","30-APR-24","2024","202405060300471307"
"S4NY00438","TEMURI, PRINCE MUHAMMAD ALI HH","UPP","UPP","Senate","S","New York","NY","00","NEW YORK","NY","10001","2024","30-APR-24","2024","202404309636869203"
"S4WA00649","RAM, MELANIE","Republican Party","REP","Senate","S","Washington","WA","00","UNIVERSITY PLACE","WA","98466","2024","30-APR-24","2024","202404309636869204"
"H4NC06185","CRAIGHILL-MIDDLETON, ANDUIN ELIM","Democratic Party","DEM","House","H","North Carolina","NC","06","KANNAPOLIS","NC","28081","2024","30-APR-24","2024","202404309636869370"
"P40019887","FEENEY, DON MICHAEL MR. JR","Republican Party","REP","President","P","United States","00","00","WARRINGTON","PA","18976","2024","30-APR-24","2024","202404309636869391"
"H4FL16195","RICHARDSON, JOHN WILLIAM JR.","Republican Party","REP","House","H","Florida","FL","16","SEBRING","FL","33875","2024","30-APR-24","2024","202404309636869502"
"H4FL09208","FARBER, STUART DR","Independent","IND","House","H","Florida","FL","09","ORLANDO","FL","32819","2024","30-APR-24","2024","202404309636872683"
"H4IN08298","TALARZYK, MICHAEL","Democratic Party","DEM","House","H","Indiana","IN","08","EVANSVILLE","IN","47715","2024","29-APR-24","2024","202404299636866442"
"H4KS02180","KAHRS, JEFF","Republican Party","REP","House","H","Kansas","KS","02","TOPEKA","KS","66608","2024","29-APR-24","2024","202404299636861839"
"H4MI11121","GHANIM, AHMED","Democratic Party","DEM","House","H","Michigan","MI","11","FERNDALE","MI","48220","2024","29-APR-24","2024","202404299636869111"
"S4MN00544","COSON, GARY LYNN","Republican Party","REP","Senate","S","Minnesota","MN","00","DETROIT LAKES","MN","56501","2024","29-APR-24","2024","202404299636863322"
"S4FL00793","RAMSAROOP, JOEL","Republican Party","REP","Senate","S","Florida","FL","00","KISSIMMEE","FL","34746","2024","26-APR-24","2024","202404269636745698"
"H4FL08168","HARIDOPOLOS, MIKE","Republican Party","REP","House","H","Florida","FL","08","VENICE","FL","34285","2024","26-APR-24","2024","202404269636746017"
"H4KS02172","TIFFANY, SHAWN","Republican Party","REP","House","H","Kansas","KS","02","COUNCIL GROVE","KS","66846","2024","26-APR-24","2024","202404269636746876"
"H4FL07178","MESTAS, KAREN JAY","Democratic Party","DEM","House","H","Florida","FL","07","OVIEDO","FL","32765","2024","26-APR-24","2024","202404269636749594"
"H4KS02164","SCHMIDT, DEREK","Republican Party","REP","House","H","Kansas","KS","02","INDEPENDENCE","KS","67301","2024","26-APR-24","2024","202404269636746856"
"H4FL07160","MESTAS, KAREN JAY","Democratic Party","DEM","House","H","Florida","FL","07","OVIEDO","FL","32765","2024","26-APR-24","2024","202404269636749541"
"H4FL01213","DIMMOCK, AARON","Republican Party","REP","House","H","Florida","FL","01","PENSACOLA","FL","32534","2024","25-APR-24","2024","202404259636733519"
"H8IN01096","LEYVA, MARK J","Republican Party","REP","House","H","Indiana","IN","01","HIGHLAND","IN","46322","2024","25-APR-24","2024","202404259636744577"
"H4FL02120","HOVEY, MEGHANN K","Democratic Party","DEM","House","H","Florida","FL","02","TALLAHASSEE","FL","32304","2024","25-APR-24","2024","202404259636745511"
"H4MN02185","BOWMAN, THOMAS WILLIAM MR.","Independent","IND","House","H","Minnesota","MN","02","BROOKLYN CENTER","MN","55430","2024","25-APR-24","2024","202404259636744591"
"H4FL20106","RIVERA, HECTOR","Republican Party","REP","House","H","Florida","FL","20","NORTH MIAMI","FL","33181","2023","24-APR-24","2024","202404249636728998"
"H4FL05123","MCGOVERN, JAY","Democratic Party","DEM","House","H","Florida","FL","05","JACKSONVILLE","FL","32204","2024","24-APR-24","2024","202404249636729704"
"P40019879","ANDREJKA, CHRISTOPHER ACE MR","Unknown","UNK","President","P","United States","00","00","BURNSVILLE","MN","55337","2024","24-APR-24","2024","202404249636729699"
"H4OK04184","HAYES, PHILIP ANDREW","Republican Party","REP","House","H","Oklahoma","OK","04","LAWTON","OK","73505","2024","24-APR-24","2024","202404249636729022"
"H4FL21088","LLOYD, JOHNNIE","Republican Party","REP","House","H","Florida","FL","21","FORT PIERCE","FL","34950","2024","24-APR-24","2024","202404249636723405"
"H4NJ09145","TAYLOR, BENJAMIN","Green Party","GRE","House","H","New Jersey","NJ","09","WYCKOFF","NJ","07481","2024","23-APR-24","2024","202404239636708280"
"H4NJ09152","TAYLOR, BENJAMIN","Green Party","GRE","House","H","New Jersey","NJ","09","WYCKOFF","NJ","07481","2024","23-APR-24","2024","202404239636708575"
"H4FL20098","CAMPBELL, LUTHER MR.","Democratic Party","DEM","House","H","Florida","FL","20","PEMBROKE PINES","FL","33082","2024","23-APR-24","2024","202404239636706737"
"H4FL22185","DAVES, CHRISTIAN S. PATY MR","Republican Party","REP","House","H","Florida","FL","22","WEST PALM BEACH","FL","33405","2024","23-APR-24","2024","202404239636706739"
"H4FL02112","ABOUJAOUDE, ROCK ADEL MR. JR","Democratic Party","DEM","House","H","Florida","FL","02","GAINESVILLE","FL","32653","2024","23-APR-24","2024","202404239636706900"
"H4NJ10150","SERRANO, JON CARLOS MR.","Green Party","GRE","House","H","New Jersey","NJ","10","GARFIELD","NJ","07026","2024","23-APR-24","2024","202404239636707918"
"H4FL15205","BARBOSA, JENNIFER MS.","Republican Party","REP","House","H","Florida","FL","15","PLANT CITY","FL","33563","2024","23-APR-24","2024","202404239636708114"
"S4CT00187","KRAWIECKI, ROBERT J","Republican Party","REP","Senate","S","Connecticut","CT","00","BRISTOL","CT","06010","2024","22-APR-24","2024","202404220300470144"
"H2GU01031","MOYLAN, JAMES C.","Republican Party","REP","House","H","Guam","GU","00","TUMON","GU","96913","2024","22-APR-24","2024","202404229636706659"
"S4NE00231","EDDY, KERRY","Other","OTH","Senate","S","Nebraska","NE","00","LINCOLN","NE","68502","2024","22-APR-24","2024","202404229636704801"
"H2MI12198","HOOPER, JAMES D","Republican Party","REP","House","H","Michigan","MI","12","LIVONIA","MI","48153","2024","22-APR-24","2024","202404229636705566"
"H4TN05152","FAPARUSI, YOMI FAPAS DR","Independent","IND","House","H","Tennessee","TN","05","BRENTWOOD","TN","37027","2024","22-APR-24","2024","202404229636705590"
"H2NY05126","KING, PAUL","Republican Party","REP","House","H","New York","NY","05","BELLE HARBOR","NY","11694","2024","22-APR-24","2024","202404229636705859"
"H2FL14269","BRADLEY, CHRISTOPHER","None","NNE","House","H","Florida","FL","14","TAMPA","FL","33611","2024","22-APR-24","2024","202404229636706146"
"H4FL16187","MILLER, TRENT","Democratic Party","DEM","House","H","Florida","FL","16","LAKEWOOD RANCH","FL","34202","2024","22-APR-24","2024","202404229636706476"
"P40019861","BENGE, SARAH JO MS.","Libertarian Party","LIB","President","P","United States","00","00","NEW ROSS","IN","47968","2024","20-APR-24","2024","202404209633600840"
"P60007077","BERHANE, DANIELLE HUSSER","Republican Party","REP","President","P","United States","00","00","BEVERLY HILLS","CA","90211","2024","19-APR-24","2024","202404190300469357"
"H2ND01022","MUND, CARA","Republican Party","REP","House","H","North Dakota","ND","00","BISMARCK","ND","58501","2024","19-APR-24","2024","202404199633562918"
"P40019853","VLANDAMIR, PRINCESS","Unknown","UNK","President","P","United States","00","00","WAKE FOREST","NC","27587","2024","19-APR-24","2024","202404199633562644"
"H4MP01048","PROPST, EDWIN KENNETH","Democratic Party","DEM","House","H","Northern Mariana Islands","MP","01","SAIPAN","MP","96950","2024","19-APR-24","2024","202404199633562639"
"H4OH06264","FARMS, WILLIAM","Republican Party","REP","House","H","Ohio","OH","06","JEWETT","OH","43986","2024","19-APR-24","2024","202404199633491723"
"P40019846","HAMILTON, ROGER ALLEN","Republican Party","REP","President","P","United States","00","00","BRIDGEPORT","NE","69336","2024","18-APR-24","2024","202404189633479293"
"H4NC09171","BRISTOW, NIGEL WILLIAM","Democratic Party","DEM","House","H","North Carolina","NC","09","HAMLET","NC","28345","2024","18-APR-24","2024","202404189633481918"
"H4FL07152","JOHNSON, MICHAEL DON","Republican Party","REP","House","H","Florida","FL","07","LAKE MARY","FL","32795","2024","18-APR-24","2024","202404189633482445"
"H0WA01124","CHARTRAND, DEREK","Republican Party","REP","House","H","Washington","WA","01","REDMOND","WA","98052","2024","18-APR-24","2024","202404189633452701"
"H4WI01056","BARCA, PETER WILLIAM","Democratic Party","DEM","House","H","Wisconsin","WI","01","KENOSHA","WI","53141","2024","18-APR-24","2024","202404189633454382"
"H4FL24066","FARCA, SHIMON MR.","Independent","IND","House","H","Florida","FL","24","MIAMI","FL","33131","2024","18-APR-24","2024","202404189633490005"
"H4WA09095","CHAUDHRY, MELISSA","Democratic Party","DEM","House","H","Washington","WA","09","SEATTLE","WA","98108","2024","17-APR-24","2024","202404179633436758"
"H8UT03253","HERROD, CHRISTOPHER NILES","Republican Party","REP","House","H","Utah","UT","03","PROVO","UT","84604","2024","17-APR-24","2024","202404179633440283"
"H4TN04270","BRODERICK, VICTORIA","Democratic Party","DEM","House","H","Tennessee","TN","04","FAYETTEVILLE","TN","37334","2024","17-APR-24","2024","202404179633440700"
"H4FL23134","PIPER, MARK","Democratic Party","DEM","House","H","Florida","FL","23","WEST PALM BEACH","FL","33413","2024","17-APR-24","2024","202404179633443943"
"H4FL20080","PIPER, MARK","Democratic Party","DEM","House","H","Florida","FL","20","WEST PALM BEACH","FL","33413","2024","17-APR-24","2024","202404179633443445"
"H4NV02193","SIMON, FRED JOSEPH JR MD","Republican Party","REP","House","H","Nevada","NV","02","GARDNERVILLE","NV","89460","2024","17-APR-24","2024","202404179633439569"
"S4MD00558","WILDMAN, ANDREW J","Democratic Party","DEM","Senate","S","Maryland","MD","00","WESTMINSTER","MD","21157","2024","17-APR-24","2024","202404179633439364"
"H4TX31107","WALBRIDGE, BRIAN","Democratic Party","DEM","House","H","Texas","TX","31","LEANDER","TX","78646","2024","17-APR-24","2024","202404179633447229"
"S4AR00145","KASPARIAN, ANA","Progressive Party","PRO","Senate","S","Arkansas","AR","00","WEST HOLLYWOOD","CA","90048","2024","16-APR-24","2024","202404169633407723"
"H4FL22177","BRANDA, PAOLA DR.","Republican Party","REP","House","H","Florida","FL","22","HAVERHILL","FL","33415","2024","16-APR-24","2024","202404169633413714"
"S4AZ00295","HAMPTON, EDWARD JAMES","Republican Party","REP","Senate","S","Arizona","AZ","02","PHOENIX","AZ","85022","2024","16-APR-24","2024","202404160300468302"
"S2FL00656","NGUYEN, QUOC TUAN MR.","No Party Affiliation","NPA","Senate","S","Florida","FL","00","PALM BAY","FL","32907","2024","16-APR-24","2024","202404169633407775"
"P40019838","CROW LOMBARDI, SAMATHA MARQUETTA LATIC","Independent","IND","President","P","United States","00","00","FALLS CHURCH","VA","22031","2024","16-APR-24","2024","202404160300468496"
"P40019820","FARMS, WILLIAM","Republican Party","REP","President","P","United States","00","00","JEWETT","OH","43986","2024","15-APR-24","2024","202404159627649414"
"H4WA01282","SILVA, MARY","Republican Party","REP","House","H","Washington","WA","01","EVERETT","WA","98208","2024","15-APR-24","2024","202404159627744045"
"H0TN09129","STRONG, COREY O","Democratic Party","DEM","House","H","Tennessee","TN","09","MEMPHIS","TN","38112","2024","15-APR-24","2024","202404159628006003"
"H2NY16115","FLISSER, MIRIAM LEVITT","Republican Party","REP","House","H","New York","NY","16","SCARSDALE","NY","10583","2024","15-APR-24","2024","202404159628015087"
"S2WA00460","HOLYK, ISAAC A","Republican Party","REP","Senate","S","Washington","WA","00","BATTLE GROUND","WA","98604","2024","15-APR-24","2024","202404159628016921"
"H4MD03321","BAKER, ARTHUR RADFORD JR.","Republican Party","REP","House","H","Maryland","MD","03","ELLICOTT CITY","MD","21043","2024","15-APR-24","2024","202404159632652597"
"H2NM01367","SANCHEZ, LOUIE","Republican Party","REP","House","H","New Mexico","NM","01","ALBUQUERQUE","NM","88310","2024","15-APR-24","2024","202404159632789680"
"H4MI11113","SOMBERG, NICHOLAS MR","Republican Party","REP","House","H","Michigan","MI","11","WEST BLOOMFIELD","MI","48328","2024","15-APR-24","2024","202404159633128780"
"H2NV02395","AMODEI, MARK EUGENE","Republican Party","REP","House","H","Nevada","NV","02","CARSON CITY","NV","89703","2024","15-APR-24","2024","202404159633270952"
"P40019812","DE LA TORRE, CHRISTOPHER JOSEPH","Other","OTH","President","P","United States","00","00","SALEM","OR","97305","2024","14-APR-24","2024","202404149627622445"
"H4WV17013","SIGMON, MICHAEL RAY","Desert Green Party","DGR","House","H","West Virginia","WV","17","CHARLESTON, WV","WV","25306","2024","14-APR-24","2024","202404149627622398"
"P40019804","GONZALEZ, ABIGAIL","Constitutional","CST","President","P","United States","00","00","GLENWOOD","AR","71943","2024","13-APR-24","2024","202404139627604938"
"H4TN05145","ABOLFAZLI, MARYAM.","Democratic Party","DEM","House","H","Tennessee","TN","05","WEST NASHVILLE","TN","37221","2024","13-APR-24","2024","202404139627619855"
"H4SC02089","ROBINSON, ROGER DAVID JR","Democratic Party","DEM","House","H","South Carolina","SC","02","COLUMBIA","SC","29229","2024","13-APR-24","2024","202404139627619738"
"H4DC01033","A BROWN, MICHAEL","Independent","IND","House","H","District Of Columbia","DC","00","WASHINGTON","DC","20015","2024","12-APR-24","2024","202404129627591420"
"H4VA08422","KENNEDY, DAVID R.","Independent","IND","House","H","Virginia","VA","08","ARLINGTON","VA","22207","2024","12-APR-24","2024","202404129627593248"
"H4SD00064","JOHNSON, SHERYL","Democratic Party","DEM","House","H","South Dakota","SD","00","SIOUX FALLS","SD","57106","2024","12-APR-24","2024","202404129627599529"
"H4NY19164","DACOSTA FASCIGLIONE, JOY","Independent","IND","House","H","New York","NY","19","YONKERS","NY","10704","2024","12-APR-24","2024","202404129627600576"
"P40019796","ALBRITTON, DEVINCHE","Democratic Party","DEM","President","P","United States","00","00","STATEFARM","VA","23601","2024","12-APR-24","2024","202404120300467263"
"H4MA05183","YAEL, EMMETT","Democratic Party","DEM","House","H","Massachusetts","MA","05","WATERTOWN","MA","02472","2024","12-APR-24","2024","202404129627603482"
"H4MI01189","WILSON, J.D.","Republican Party","REP","House","H","Michigan","MI","01","HOUGHTON LAKE HEIGHTS","MI","48639","2024","12-APR-24","2024","202404129627573437"
"S4WV00423","LINDSAY, DONALD KEITH SERGEANT","Republican Party","REP","Senate","S","West Virginia","WV","00","LOST RIVER","WV","26810","2024","12-APR-24","2024","202404129627578585"
"H4MA08039","LYNCH, MATTHEW","Republican Party","REP","House","H","Massachusetts","MA","08","ABINGTON","MA","02351","2024","12-APR-24","2024","202404129627590682"
"H4FL26103","ATKINS, JOEY DAVID","Democratic Party","DEM","House","H","Florida","FL","26","TALLAHASSEE","FL","32314","2024","12-APR-24","2024","202404129627591419"
"H4AZ02192","SMITH, JACK","Republican Party","REP","House","H","Arizona","AZ","02","PRESCOTT","AZ","86304","2024","12-APR-24","2024","202404129627572712"
"P40019788","BARTOS, PAMELA","IN","IN","President","P","Wisconsin","WI","00","BOYCEVILLE","WI","54725","2024","11-APR-24","2024","202404119627536822"
"H6MO01253","CHAPPELLE-NADAL, MARIA MS.","Democratic Party","DEM","House","H","Missouri","MO","01","UNIVERSITY CITY","MO","63130","2024","11-APR-24","2024","202404119627527323"
"H4VA11137","NASAR, AHSAN","Democratic Party","DEM","House","H","Virginia","VA","11","SPRINGFIELD","VA","22153","2024","10-APR-24","2024","202404109627523022"
"P40019770","ENGLUND, MATTHEW RYAN","Independent","IND","President","P","Virginia","VA","00","ROANOKE","VA","24016","2024","10-APR-24","2024","202404109627512881"
"H4VA08414","TORRES, JERRY","Republican Party","REP","House","H","Virginia","VA","08","ALEXANDRIA","VA","22313","2024","10-APR-24","2024","202404109627518336"
"H4MI12137","FOSTER, RYAN","Democratic Party","DEM","House","H","Michigan","MI","12","SOUTHFIELD","MI","48075","2024","10-APR-24","2024","202404109627518335"
"H2MI13311","ELLIOTT, STEVEN","Republican Party","REP","House","H","Michigan","MI","12","SOUTHFIELD","MI","48076","2024","10-APR-24","2024","202404109627513840"
"S4WI00298","ALEXANDER, DOUGLAS W.","Republican Party","REP","Senate","S","Wisconsin","WI","00","MADISON","WI","53715","2024","09-APR-24","2024","202404099627491649"
"S4WA00631","NAZARINO, SCOTT LOUIS","Republican Party","REP","Senate","S","Washington","WA","00","SEATTLE","WA","98103","2024","09-APR-24","2024","202404099627492489"
"H0GA04148","FLETCHER, JOHSIRA CRUZ","Republican Party","REP","House","H","Georgia","GA","13","WARNER ROBINS","GA","31088","2024","09-APR-24","2024","202404099627490926"
"P60013455","DRAKE, BRIAN PADRICK MR","None","NNE","President","P","United States","00","00","BATTLE CREEK","MI","49037","2024","09-APR-24","2024","202404090300466375"
"H4AZ01335","BACKIE, ROBERT","Republican Party","REP","House","H","Arizona","AZ","01","SCOTTSDALE","AZ","85260","2024","09-APR-24","2024","202404099627492660"
"H4WI08119","WIED, TONY","Republican Party","REP","House","H","Wisconsin","WI","08","DEPERE","WI","54115","2024","08-APR-24","2024","202404089627476010"
"H4MO03270","BOWMAN, BRUCE A DR.","Republican Party","REP","House","H","Missouri","MO","03","JEFFERSON CITY","MO","65101","2024","08-APR-24","2024","202404089627476050"
"H4UT04086","COOK, VAUGHN R","Other","OTH","House","H","Utah","UT","04","SPRINGVILLE","UT","84663","2024","08-APR-24","2024","202404089627478620"
"H4FL02104","WOODWARD, RHONDA","Republican Party","REP","House","H","Florida","FL","02","PANAMA CITY BEACH","FL","32407","2024","08-APR-24","2024","202404089627477330"
"H4GA02144","LIPAROTO, REGINA","Republican Party","REP","House","H","Georgia","GA","02","COLUMBUS","GA","31908","2024","08-APR-24","2024","202404089627476120"
"H4TN07174","GREENE, SHAUN JOSEPH","Independence Party","IDP","House","H","Tennessee","TN","07","GREENBRIER","TN","37073","2024","07-APR-24","2024","202404079627473972"
"P40019754","CHRISTENSON, DAVID ANDREW","Unaffiliated","UN","President","P","United States","00","00","MIRAMAR BEACH","FL","32550","2024","06-APR-24","2024","202404069627471873"
"P40019747","CHRISTENSON, DAVID ANDREW","Unaffiliated","UN","President","P","United States","00","00","MIRAMAR BEACH","FL","32550","2024","06-APR-24","2024","202404069627471850"
"H0MD07239","SCHUMAN, GARY","Democratic Party","DEM","House","H","Maryland","MD","03","PIKESVILLE","MD","21208","2024","05-APR-24","2024","202404059627470138"
"H4NH02373","MANSHARAMANI, VIKRAM","Republican Party","REP","House","H","New Hampshire","NH","02","CONCORD","NH","03302","2024","05-APR-24","2024","202404059627468858"
"H4MO01159","HALL, STANLEY RALPH","Republican Party","REP","House","H","Missouri","MO","01","BRIDGETON","MO","63044","2024","05-APR-24","2024","202404059627470139"
"P40019739","COLLINS, ANDREW","Independent","IND","President","P","United States","00","00","CHATTANOOGA","TN","37406","2024","05-APR-24","2024","202404059627470640"
"H4LA02111","DAVIS, DEVIN CHARLES","Democratic Party","DEM","House","H","Louisiana","LA","02","NEW ORLEANS","LA","70185","2024","05-APR-24","2024","202404059627470243"
"H4NH02381","HAMLEN, WILLIAM P","Republican Party","REP","House","H","New Hampshire","NH","02","CONCORD","NH","03301","2024","05-APR-24","2024","202404059627470260"
"H4SC03236","BISHOP, KEVIN DANIEL","Republican Party","REP","House","H","South Carolina","SC","03","EASLEY","SC","29642","2024","05-APR-24","2024","202404059627470205"
"H6OK03165","ROGERS, EVELYN L (LOUISE)","Democratic Party","DEM","House","H","Oklahoma","OK","01","TULSA","OK","741701103","2024","04-APR-24","2024","202404080300466044"
"H4TN05137","JOHNSTON, COURTNEY","Republican Party","REP","House","H","Tennessee","TN","05","NASHVILLE","TN","37211","2024","04-APR-24","2024","202404049627467734"
"H2SC02190","ODDO, JOSEPH","Other","OTH","House","H","South Carolina","SC","06","GOOSE CREEK","SC","29445","2024","04-APR-24","2024","202404040300465441"
"H8GU01020","SAN NICOLAS, MICHAEL F.Q. MR.","Democratic Party","DEM","House","H","Guam","GU","00","CHALAN PAGO","GU","96915","2024","04-APR-24","2024","202404049627464161"
"H4CO04348","LOPEZ, GREG","Republican Party","REP","House","H","Colorado","CO","04","ELIZABETH","CO","80107","2024","04-APR-24","2024","202404049627466729"
"H4NH02365","WHITLEY, REBECCA G","Democratic Party","DEM","House","H","New Hampshire","NH","02","HOPKINTON","NH","03229","2024","04-APR-24","2024","202404049627464977"
"H4KY03277","CRAVEN, MICHAEL ANDREW","Republican Party","REP","House","H","Kentucky","KY","03","LOUISVILLE","KY","40207","2024","04-APR-24","2024","202404049627465403"
"H4FL18134","BRAUNSTON, PETER ALAN MR","Democratic Party","DEM","House","H","Florida","FL","18","DAVENPORT","FL","33837","2024","04-APR-24","2024","202404049627465413"
"H4IA03180","WIEDERIEN, JOSEPH MICHAEL","Independent","IND","House","H","Iowa","IA","03","SCRANTON","IA","51462","2024","04-APR-24","2024","202404049627466660"
"H4IA01135","JONES, STEPHANIE","Unaffiliated","UN","House","H","Iowa","IA","01","DE SOTO","IA","50069","2024","04-APR-24","2024","202404049627464583"
"H2SC04147","BURNS, MARK","Republican Party","REP","House","H","South Carolina","SC","03","EASLEY","SC","29641","2024","03-APR-24","2024","202404039627459644"
"H4TN08115","PERKINS, LEONARD REV SR","Democratic Party","DEM","House","H","Tennessee","TN","08","MEMPHIS","TN","38128","2024","03-APR-24","2024","202404039627463833"
"H4WI08101","LYERLY, KRISTIN","Democratic Party","DEM","House","H","Wisconsin","WI","08","GREEN BAY","WI","54311","2024","03-APR-24","2024","202404039627462470"
"H4NH02357","SEEGER, HILLARY SUSAN MRS.","Republican Party","REP","House","H","New Hampshire","NH","02","ALEXANDRIA","NH","03222","2024","03-APR-24","2024","202404039627461973"
"H4NH02340","GULLA, BRUNO RICHARD","Democratic Party","DEM","House","H","New Hampshire","NH","02","HILLSBOROUGH","NH","03244","2024","02-APR-24","2024","202404030300465390"
"H4NV03233","BRITTAIN, ROCKATHNEA","Democratic Party","DEM","House","H","Nevada","NV","03","LAS VEGAS","NV","89169","2024","02-APR-24","2024","202404029627458943"
"S4WI00280","LEAGER, THOMAS CHARLES MR.","Independent","IND","Senate","S","Wisconsin","WI","00","MADISON","WI","53703","2024","02-APR-24","2024","202404029627458950"
"H4MI08259","DRAVES, MARY FRANCES","Republican Party","REP","House","H","Michigan","MI","08","MIDLAND","MI","48642","2024","02-APR-24","2024","202404029627454280"
"H4NY25054","SADWICK, GREGG ANTHONY MR","Republican Party","REP","House","H","New York","NY","25","ROCHESTER","NY","14609","2024","02-APR-24","2024","202404029627454607"
"H4VA08406","HENSEL, BENTLEY FOSTER","Independent","IND","House","H","Virginia","VA","08","ARLINGTON","VA","22206","2024","02-APR-24","2024","202404029627458878"
"H4NY10148","PILLING, MATTHEW NEIL MR.","Democratic Party","DEM","House","H","New York","NY","10","THE BRONX","NY","10463","2024","02-APR-24","2024","202404029627454897"
"H4VA03076","TAYLOR-YOUNG, RHODA RENEE MS.","Independent","IND","House","H","Virginia","VA","03","VIRGINIA BEACH","VA","23462","2024","02-APR-24","2024","202404029627456445"
"H2MN06214","HENDRICKS, JEANNE MARIE","Democratic-Farmer-Labor","DFL","House","H","Minnesota","MN","06","SAINT CLOUD","MN","56302","2024","02-APR-24","2024","202404029627456908"
"H4LA04034","MOROTT, JOSHUA","Republican Party","REP","House","H","Louisiana","LA","04","LEESVILLE","LA","71446","2024","02-APR-24","2024","202404029627458141"
"H4MO04179","MCCAFFREE, MIKE","Democratic Party","DEM","House","H","Missouri","MO","04","NEVADA","MO","64772","2024","02-APR-24","2024","202404029627458590"
"H4NC07142","PRIDGEN, MARLANDO","Democratic Party","DEM","House","H","North Carolina","NC","07","WHITEVILLE","NC","28472","2024","02-APR-24","2024","202404029627454815"
"H2FL12099","PERRAS, BRIAN","Republican Party","REP","House","H","Florida","FL","15","PORT RICHEY","FL","34668","2024","01-APR-24","2024","202404019627453731"
"H4FL03144","STEVENS, ALEC","Republican Party","REP","House","H","Florida","FL","03","DUNNELLON","FL","34432","2024","01-APR-24","2024","202404019627436246"
"H4OR00016","KRAFT, RYAN OLIVIER CHRISTIAN","Democratic Party","DEM","House","H","Oregon","OR","","PORTLAND","OR","97292","2024","01-APR-24","2024","202404010300465299"
"H4NJ03254","FACCONE, MICHAEL FRANCIS","Republican Party","REP","House","H","New Jersey","NJ","03","FREEHOLD","NJ","07728","2024","01-APR-24","2024","202404019627436216"
"H0NY02267","LIPETRI, MIKE","Republican Party","REP","House","H","New York","NY","03","FARMINGDALE","NY","11735","2024","01-APR-24","2024","202404019627438083"
"S4MA00374","CAIN, IAN","Republican Party","REP","Senate","S","Massachusetts","MA","00","BRAINTREE","MA","02184","2024","01-APR-24","2024","202404019627435344"
"S4FL00785","COLUMBUS, JOHN","Republican Party","REP","Senate","S","Florida","FL","00","ORLANDO","FL","32835","2024","31-MAR-24","2024","202403319627434670"
"H0FL22100","CEREZO SWAFFAR, DARLENE","Republican Party","REP","House","H","Florida","FL","23","DEERFIELD BEACH","FL","33441","2024","30-MAR-24","2024","202403309627434609"
"H4FL06055","STOCKTON, JAMES D","Democratic Party","DEM","House","H","Florida","FL","06","OCALA","FL","34472","2024","29-MAR-24","2024","202403299627433586"
"S4PA00329","SELKER, MARTY","Constitution Party","CON","Senate","S","Pennsylvania","PA","00","SIGEL","PA","15860","2024","29-MAR-24","2024","202403299627434477"
"H2FL21124","SKRBIC, LJUBO DR MD","Republican Party","REP","House","H","Florida","FL","21","PALM BEACH","FL","33480","2024","29-MAR-24","2024","202403299627431500"
"H4FL15189","KEMP, PATRICIA","Democratic Party","DEM","House","H","Florida","FL","15","TAMPA","FL","33606","2024","29-MAR-24","2024","202403299627430462"
"H4GA07325","CAPPARELL, CHRIS","Republican Party","REP","House","H","Georgia","GA","07","ELLENWOOD","GA","30294","2024","29-MAR-24","2024","202403299627430049"
"P40019713","BOLES, SKY","Independent","IND","President","P","United States","00","00","GLENDALE","AZ","85302","2024","28-MAR-24","2024","202403289627424754"
"H4NH02332","VAN OSTERN, KEVIN COLIN","Democratic Party","DEM","House","H","New Hampshire","NH","02","CONCORD","NH","03302","2024","28-MAR-24","2024","202403289627424698"
"H4SC04119","GILLAN, DENNIS MARTIN MR.","Independent","IND","House","H","South Carolina","SC","04","GREENVILLE","SC","29601","2024","28-MAR-24","2024","202403289627424686"
"H4SC02071","REDMOND, HAMPTON CRAFT MR 3RD","Republican Party","REP","House","H","South Carolina","SC","02","SWANSEA","SC","29160","2024","28-MAR-24","2024","202403289627424554"
"P40019705","SNIPER, THE MOSTDANGEROUS PO2","None","NNE","President","P","United States","00","00","LAS VEGAS","NV","89106","2024","28-MAR-24","2024","202403289627424445"
"S4MN00536","RECHTZIGEL, GENE ALAN","GOP","GOP","Senate","S","Minnesota","MN","00","NEWPORT","MN","55055","2024","27-MAR-24","2024","202403270300465041"
"H4NY16103","SHERRILL, DR PETER W","Republican Party","REP","House","H","New York","NY","16","MOUNT VERNON","NY","10552","2024","27-MAR-24","2024","202403270300465037"
"H4WA05275","HOLADAY, RENE'","Republican Party","REP","House","H","Washington","WA","05","ADDY","WA","99101","2024","27-MAR-24","2024","202403279627415615"
"H4OH62010","GRIFFIN, CODY","Conservative Party","CRV","House","H","Ohio","OH","62","CINCINNATI","OH","45227","2024","27-MAR-24","2024","202403279627415674"
"P40019697","WISEMAN, DAVID ALEXANDER","Independent","IND","President","P","United States","00","00","LAKEWOOD","CO","80228","2024","27-MAR-24","2024","202403279627424383"
"P40019689","WEIR, LOGAN MICHEAL","Democratic Party","DEM","President","P","United States","00","00","CROSSVILLE","TN","38555","2024","26-MAR-24","2024","202403269627415115"
"H4FL03136","STEVENS, ALEC","Republican Party","REP","House","H","Florida","FL","03","DUNNELLON","FL","34432","2024","25-MAR-24","2024","202403259627407193"
"P40019671","NEEDHAM, LOGAN","Unknown","UNK","President","P","United States","00","02","RENO","NV","89511","2024","25-MAR-24","2024","202403250300464968"
"H4OK00026","BONDAR, PAUL L","Republican Party","REP","House","H","Oklahoma","OK","00","NORMAN","OK","73072","2024","25-MAR-24","2024","202403259627394384"
"H4VA10360","CARTER, THOMAS JOSEPH","Republican Party","REP","House","H","Virginia","VA","10","WINCHESTER","VA","22602","2024","25-MAR-24","2024","202403259627407391"
"H4PA01152","VAZQUEZ, ROBERTO J","Republican Party","REP","House","H","Pennsylvania","PA","01","EASTON","PA","18040","2024","24-MAR-24","2024","202403249627394254"
"S4MD00541","SIGMON, MICHAEL RAY","Green Party","GRE","Senate","S","Maryland","MD","00","CHARLESTON","WV","25306","2024","24-MAR-24","2024","202403249627394259"
"H4PA14114","HALFHILL, ADAM SCOTT","Independence Party","IDP","House","H","Pennsylvania","PA","14","GREENSBURG","PA","15601","2024","24-MAR-24","2024","202403249627394271"
"H4NY03291","COTTER, WILLIAM BIDDLE","Republican Party","REP","House","H","New York","NY","03","NEW YORK","NY","10128","2024","23-MAR-24","2024","202403239627394215"
"P40019663","KAISER, SCOTT M","No Party Affiliation","NPA","President","P","United States","00","00","STERLING","MI","48659","2024","23-MAR-24","2024","202403239627394117"
"H4VT01056","COESTER, C. MARK MR","Republican Party","REP","House","H","Vermont","VT","00","WESTMINSTER","VT","05158","2024","23-MAR-24","2024","202403239627394136"
"S4FL00777","HAZZA, SAMIR RAMZI MR.","Independent","IND","Senate","S","Florida","FL","00","PLANTATION","FL","33324","2024","23-MAR-24","2024","202403239627394146"
"H2NY05142","LOZADA, FRANK","Democratic Party","DEM","House","H","New York","NY","04","VALLEY STREAM ","NY","11580","2024","23-MAR-24","2024","202403239627394168"
"H4TN01185","JENKINS, KEVIN","Democratic Party","DEM","House","H","Tennessee","TN","01","SNEEDVILLE","TN","37869","2024","22-MAR-24","2024","202403229627394102"
"P40019655","SMALLWOOD, LEAH","Republican Party","REP","President","P","United States","00","00","AKRON","OH","44320","2024","22-MAR-24","2024","202403229627394091"
"P40019648","CAMPBELL, JOHNNIE","None","NNE","President","P","United States","00","00","DES MOINES","IA","50316","2024","22-MAR-24","2024","202403229627386736"
"H4AZ03174","AVERSA, ALAN","Libertarian Party","LIB","House","H","Arizona","AZ","03","PHOENIX","AZ","85041","2024","22-MAR-24","2024","202403229627386825"
"H4RI02115","CORVI, STEVEN J","Republican Party","REP","House","H","Rhode Island","RI","02","WARWICK","RI","02888","2024","21-MAR-24","2024","202403219627386338"
"H4FL13242","DAHAN, LIZ","Democratic Party","DEM","House","H","Florida","FL","13","CLEARWATER","FL","33767","2024","21-MAR-24","2024","202403219627385754"
"H4TN01177","STAMPER, ZACHARY HEATH","Democratic Party","DEM","House","H","Tennessee","TN","01","BRISTOL","TN","37625","2024","21-MAR-24","2024","202403219627384855"
"H4CA34125","SCHNEIDER, DAN","Democratic Party","DEM","House","H","California","CA","34","LOS ANGELES","CA","90028","2024","21-MAR-24","2024","202403219627379064"
"H4OR03226","ORWIG, TERESA","Republican Party","REP","House","H","Oregon","OR","03","PORTLAND","OR","97203","2024","21-MAR-24","2024","202403219627379062"
"H4TN08107","PIVNICK, LAWRENCE A","Democratic Party","DEM","House","H","Tennessee","TN","08","MEMPHIS","TN","38117","2024","21-MAR-24","2024","202403219627379061"
"H4CA01249","BENNINGTON, SARAH MARIE","Republican Party","REP","House","H","California","CA","01","SHARPSBURG","GA","30277","2024","21-MAR-24","2024","202403219627379009"
"H4FL04076","MCMANUS, GARY","Democratic Party","DEM","House","H","Florida","FL","04","JACKSONVILLE","FL","32221","2024","21-MAR-24","2024","202403219627386471"
"H4ND00079","BALAZS, ALEX","Republican Party","REP","House","H","North Dakota","ND","00","CANDO","ND","58324","2024","20-MAR-24","2024","202403209627017017"
"H4SC04101","HARVEY, KATHRYN","Democratic Party","DEM","House","H","South Carolina","SC","04","SPARTANBURG","SC","29304","2024","20-MAR-24","2024","202403209624800761"
"H4WA02181","HERMANSON, DEVIN","Democratic Party","DEM","House","H","Washington","WA","02","SEATTLE","WA","98115","2024","20-MAR-24","2024","202403209624800445"
"H4NJ03247","WELZER, STEVEN","Green Party","GRE","House","H","New Jersey","NJ","03","PRINCETON","NJ","08543","2024","20-MAR-24","2024","202403209622544224"
"S4NV00411","REGO, VINCENT","Republican Party","REP","Senate","S","Nevada","NV","00","LAS VEGAS","NV","89108","2024","20-MAR-24","2024","202403209622523999"
"P40019622","MEDINA, IAN ANTHONY","No Party Affiliation","NPA","President","P","United States","00","00","MIAMI LAKES","FL","33014","2024","20-MAR-24","2024","202403209622523994"
"S4FL00769","TOULME, ALIX CHRISTOPHER MR. JR.","Republican Party","REP","Senate","S","Florida","FL","00","WESLEY CHAPEL","FL","33545","2024","20-MAR-24","2024","202403209622523978"
"H4MD02273","SIGMON, MICHAEL RAY","Green Party","GRE","House","H","Maryland","MD","02","CHARLESTON","WV","25306","2024","20-MAR-24","2024","202403209622523989"
"P40019630","ALSTON, ISAAC","Republican Party","REP","President","P","United States","00","00","ALEXANDRIA","VA","22309","2024","20-MAR-24","2024","202403200300464740"
"S4AZ00287","NORTON, MIKE","Green Party","GRE","Senate","S","Arizona","AZ","00","SCOTTSDALE","AZ","85259","2024","19-MAR-24","2024","202403199622504440"
"P40019614","MARIDIAN, CHARLES NEMO DR.","Independent","IND","President","P","United States","00","00","CANOGA PARK","CA","91304","2024","19-MAR-24","2024","202403190300464676"
"H4MI09125","ST MOSLEY, CLINTON","Democratic Party","DEM","House","H","Michigan","MI","09","LAKE ORION","MI","48361","2024","19-MAR-24","2024","202403199622522409"
"H4LA06070","ANDERSON, QUENTIN ANTHONY","Democratic Party","DEM","House","H","Louisiana","LA","06","BATON ROUGE","LA","70820","2024","19-MAR-24","2024","202403199622522004"
"H4GA03134","CANTRELL, GEORGE ALLEN","Independent","IND","House","H","Georgia","GA","03","CARROLLTON","GA","30117","2024","19-MAR-24","2024","202403199622522072"
"P40019598","TANNIRU, JOSEPH KISHORE","Socialist Equality Party","SEP","President","P","United States","00","00","OAK PARK","MI","48237","2024","18-MAR-24","2024","202403189622442829"
"H4NV02185","KIDD, GREG","Independent","IND","House","H","Nevada","NV","02","CRYSTAL BAY","NV","89402","2024","18-MAR-24","2024","202403189622442973"
"P40019606","PATTERSON, KENNETH EUGENE-A","Unknown","","President","P","United States","00","00","EUREKA","MO","630251210","2024","18-MAR-24","2024","202403190300464602"
"H2OH16044","DIEMER, MATTHEW","Democratic Party","DEM","House","H","Ohio","OH","07","BAY VILLAGE","OH","44140","2024","17-MAR-24","2024","202403179622433648"
"H4CO04330","GOODMAN, HANNAH","Libertarian Party","LIB","House","H","Colorado","CO","04","HOLYOKE","CO","80734","2024","17-MAR-24","2024","202403179622433266"
"S4OK00398","LUTTRELL, JESSICA","Republican Party","REP","Senate","S","Oklahoma","OK","00","MULDROW","OK","74948","2024","17-MAR-24","2024","202403179622432865"
"P40019572","CALABRESE, MICHAEL","Democratic Party","DEM","President","P","United States","00","00","RAPID CITY","SD","57702","2024","16-MAR-24","2024","202403169622431837"
"H4IN03265","LANCASTER, JARRAD RAY MR","Libertarian Party","LIB","House","H","Indiana","IN","03","SOUTH WHITLEY","IN","46787","2024","16-MAR-24","2024","202403169622431995"
"P40019580","DURDLEY, RESHARD","Republican Party","REP","President","P","United States","00","00","STILLWATER","MN","55082","2024","16-MAR-24","2024","202403169622431838"
"H4GA11137","STAMPER, KATY L MISS","Democratic Party","DEM","House","H","Georgia","GA","11","WOODSTOCK","GA","30188","2024","15-MAR-24","2024","202403250300464957"
"H4VA10352","FERGUSON, RODNEY STUART","Republican Party","REP","House","H","Virginia","VA","10","FARMVILLE ","VA","23901","2024","15-MAR-24","2024","202403150300464533"
"P40019564","NORDYKE, TIMOTHY HARRINGTON PRESIDENT","Non-Party","NON","President","P","United States","00","00","HUDSONVILLE","MI","49426","2024","15-MAR-24","2024","202403159622426936"
"S4NJ00565","MOONEYHAM, PATRICIA G MISS","Unaffiliated","UN","Senate","S","New Jersey","NJ","00","BRIDGETON","NJ","08302","2024","15-MAR-24","2024","202403159622425156"
"H4FL01205","SANTIAGO, CHRISTINE MARIA","Republican Party","REP","House","H","Florida","FL","01","SANFORD","FL","32773","2024","15-MAR-24","2024","202403159622424363"
"H2TX03126","SESSIONS, PETE","Republican Party","REP","House","H","Texas","TX","17","WACO","TX","767147754","2023","14-MAR-24","2024","202403149622413714"
"H4TN04262","PARKER, OLSON E","Republican Party","REP","House","H","Tennessee","TN","04","WADDINGTON","DC","20019","2024","14-MAR-24","2024","202403149622420231"
"H4NY10130","HUTCHISON, EVAN HALE","Democratic Party","DEM","House","H","New York","NY","10","BROOKLYN","NY","11237","2024","14-MAR-24","2024","202403149622414312"
"H4MO02082","HARTMANN, RAY","Democratic Party","DEM","House","H","Missouri","MO","02","CHESTERFIELD","MO","63006","2024","13-MAR-24","2024","202403139622408748"
"H4TX07164","ALTEKAR, GIRISH","Libertarian Party","LIB","House","H","Texas","TX","37","AUSTIN","TX","78757","2024","13-MAR-24","2024","202403130300464333"
"H4VA08398","PROFFITT, GAVIN","Republican Party","REP","House","H","Virginia","VA","08","LYCHBURG","VA","24503","2024","13-MAR-24","2024","202403139622408716"
"H4MI08242","COLLIER, MATT","Democratic Party","DEM","House","H","Michigan","MI","08","FLINT","MI","48501","2024","13-MAR-24","2024","202403139622405785"
"H4NY01220","COTTER, WILLIAM BIDDLE","Independent","IND","House","H","New York","NY","01","NEW YORK","NY","10128","2024","13-MAR-24","2024","202403139622408008"
"H4FL08150","DIEPPA, JOSE ARNALDO MR","Independent","IND","House","H","Florida","FL","08","INDIAN HARBOUR BEACH","FL","32937","2024","13-MAR-24","2024","202403139622405405"
"P40019556","RANDAZZO, VINNY","Unaffiliated","UN","President","P","United States","00","00","PASADENA","CA","91104","2024","12-MAR-24","2024","202403129622404765"
"H4KY06189","DEARING, ZACHARY","Independent","IND","House","H","Kentucky","KY","06","LEXINGTON","KY","40517","2024","12-MAR-24","2024","202403129622395681"
"S4NV00403","MAZLO, CHRISTOPHER CRAIG","Non-Party","NON","Senate","S","Nevada","NV","00","PAHRUMP","NV","89060","2024","11-MAR-24","2024","202403119622359654"
"S4FL00751","BENNETT, SHANTELE RENEE MS N/A","No Party Affiliation","NPA","Senate","S","Florida","FL","00","CITRA","FL","32113","2024","11-MAR-24","2024","202403119622387745"
"H4MD08213","RILEY, CHERYL","Republican Party","REP","House","H","Maryland","MD","08","ROCKVILLE","MD","20852","2024","11-MAR-24","2024","202403119622358438"
"H4WA10077","FRATT, JAY","Republican Party","REP","House","H","Washington","WA","10","OLYMPIA","WA","98501","2024","11-MAR-24","2024","202403119622359278"
"P40019549","WOLTERBEEK, ROB THOMAS","Independent","IND","President","P","United States","00","00","CORONA","CA","92878","2024","11-MAR-24","2024","202403119622359521"
"H2NY09144","RAITPORT, MENACHEM M.","Republican Party","REP","House","H","New York","NY","09","BROOKLYN","NY","112254302","2024","11-MAR-24","2024","202403110300464193"
"S4AZ00279","HERNANDEZ, ARTURO","Green Party","GRE","Senate","S","Arizona","AZ","00","YUMA","AZ","85365","2024","11-MAR-24","2024","202403119622394787"
"H4VA10345","MALDONADO, MICHELLE ANN ELIZABETH","Democratic Party","DEM","House","H","Virginia","VA","10","MANASSAS PARK","VA","20111","2024","11-MAR-24","2024","202403119622394996"
"H4NC10187","SCOTT, RALPH R MR. JR.","Democratic Party","DEM","House","H","North Carolina","NC","10","STATESVILLE","NC","28677","2024","11-MAR-24","2024","202403119622359458"
"H4NJ11158","SAUERS, JOHN","Republican Party","REP","House","H","New Jersey","NJ","11","ROCKWAY","NJ","07866","2024","10-MAR-24","2024","202403109622357159"
"H4OR02236","RUBY, DANIEL","Democratic Party","DEM","House","H","Oregon","OR","02","ASHLAND","OR","97520","2024","10-MAR-24","2024","202403109622357148"
"P40019531","BANK, ARI BENJAMIN PROF.","Write-In","W","President","P","United States","00","00","PHILADELPHIA","PA","19103","2024","09-MAR-24","2024","202403099622356947"
"H2GA04201","CHAVEZ, JONATHAN","Republican Party","REP","House","H","Georgia","GA","13","CONYERS","GA","30012","2024","08-MAR-24","2024","202403089622356816"
"P40019507","BELL, DOUGLAS MR","Independent","IND","President","P","United States","00","00","ALEXANDER CITY","AL","35010","2024","08-MAR-24","2024","202403089622356874"
"P40019523","BELL, DOUGLAS","Independent","IND","President","P","United States","00","00","SYLACAUGA, AL","AL","35150","2024","08-MAR-24","2024","202403089622356875"
"H4NE01197","CONNELY, MICHAEL LEE","Republican Party","REP","House","H","Nebraska","NE","01","YORK","NE","68467","2024","08-MAR-24","2024","202403089622354791"
"S4MT00217","HUMMERT, MICHAEL","Democratic Party","DEM","Senate","S","Montana","MT","00","HELENA","MT","59602","2024","08-MAR-24","2024","202403130300464413"
"H4PA24014","WEATHERFORD, DOROTHY LA'TANYA MS.","Puerto Rican Independence Party","PRI","House","H","Pennsylvania","PA","24","PHILADELPHIA","PA","19104","2024","08-MAR-24","2024","202403089622356149"
"H4AS01018","KUAEA, LOUISE LEALAI MRS.","Democratic Party","DEM","House","H","American Samoa","AS","00","PAGO PAGO","AS","96799","2024","08-MAR-24","2024","202403089622356774"
"P40019499","ADAMCZYK, SELMA M","Independent","IND","President","P","United States","00","00","LOUISVILLE","KY","40299","2024","08-MAR-24","2024","202403089622356787"
"H2MI13196","NEHME, HASSAN","Republican Party","REP","House","H","Michigan","MI","12","DEARBORN HEIGHTS","MI","48127","2024","08-MAR-24","2024","202403089622356177"
"H4AZ08173","BRIODY, PATRICK JAMES","Republican Party","REP","House","H","Arizona","AZ","08","GLENDALE","AZ","85308","2024","08-MAR-24","2024","202403089622355531"
"P40019481","THAYER, MELICA LEIGH MRS.","American People'S Freedom Party","APF","President","P","Indiana","IN","00","CARMEL","IN","46033","2024","07-MAR-24","2024","202403079622320912"
"H4ID02113","CORSETTI, TODD ALAN","Libertarian Party","LIB","House","H","Idaho","ID","02","POCATELLO","ID","83201","2024","07-MAR-24","2024","202403079622346071"
"H4GA03126","JACK, BRIAN","Republican Party","REP","House","H","Georgia","GA","03","PEACHTREE CITY","GA","30269","2024","07-MAR-24","2024","202403079622324673"
"H4MO03254","LOAGUE, ANDREWW S","Democratic Party","DEM","House","H","Missouri","MO","03","OWENSVILLE","MO","65066","2024","07-MAR-24","2024","202403079622323649"
"P20002630","TITTLE, SHEILA 'SAMM'","Independent","IND","President","P","United States","00","00","FREDERICKSBURG","VA","22406","2024","06-MAR-24","2024","202403060300464011"
"P40019457","LESTER, ROBERT CHRISTOPHER MR","Independent","IND","President","P","United States","00","00","DOTHAN","AL","36303","2024","06-MAR-24","2024","202403069622316642"
"P40019465","ASHTON, JOSEPH M","Independence Party","IDP","President","P","United States","00","00","NEW ORLEANS","LA","70113","2024","06-MAR-24","2024","202403069622319450"
"H4NJ10143","HERNANDEZ, RAMON","Republican Party","REP","House","H","New Jersey","NJ","10","UNION","NJ","07083","2024","06-MAR-24","2024","202403069622319535"
"H4OH02289","HWANG, TOM","Republican Party","REP","House","H","Ohio","OH","02","WAVERLY","OH","45690","2024","06-MAR-24","2024","202403069622319703"
"H4MP01022","KING-HINDS, KIMBERLYN KAY","None","NNE","House","H","Northern Mariana Islands","MP","01","TINIAN","MP","96952","2024","06-MAR-24","2024","202403069622320893"
"H4SD00056","SANDERS, CHRISTOPHER","Republican Party","REP","House","H","South Dakota","SD","00","RAPID CITY","SD","57701","2024","06-MAR-24","2024","202403069622319955"
"H4OH07064","BUGIE, DOUGLAS GORDON","Democratic Party","DEM","House","H","Ohio","OH","07","CLEVELAND","OH","44102","2024","06-MAR-24","2024","202403069622320131"
"H4NJ05168","SONG, GEORGE","Republican Party","REP","House","H","New Jersey","NJ","05","PARAMUS","NJ","07652","2024","06-MAR-24","2024","202403069622320330"
"H4ID01156","LOESBY, MATTHEW","Libertarian Party","LIB","House","H","Idaho","ID","01","EAGLE","ID","83616","2024","06-MAR-24","2024","202403069622320440"
"P40019473","CHUKWU, NNAETOO SIR","Independent","IND","President","P","United States","00","00","WASHINGTON","DC","20004","2024","06-MAR-24","2024","202403069622320450"
"S4TX00888","BROWN, THEODORE E. JR.","Libertarian Party","LIB","Senate","S","Texas","TX","00","AUSTIN","TX","78728","2024","06-MAR-24","2024","202403069622319762"
"P40019440","CHISHOLM, CHRISTINE MARIA","Independent","IND","President","P","United States","00","00","CHARLOTTE","NC","28269","2024","05-MAR-24","2024","202403059622313278"
"H4GA09081","COOPER, DAVID CHARLES","Democratic Party","DEM","House","H","Georgia","GA","09","CLAYTON","GA","30525","2024","05-MAR-24","2024","202403059622315168"
"H2SC07314","SCOTT, DARYL","Democratic Party","DEM","House","H","South Carolina","SC","07","MYRTLE BEACH","SC","29588","2024","05-MAR-24","2024","202403059622315219"
"H2GA08095","BUTLER, DARRIUS MAURICE","Democratic Party","DEM","House","H","Georgia","GA","08","WARNER ROBINS","GA","31093","2024","05-MAR-24","2024","202403059622315305"
"P60021136","CUMMINGS, DANIEL CLYDE","Constitution Party","CON","President","P","United States","00","00","PROVO","UT","84601","2024","05-MAR-24","2024","202403059622316098"
"H4PA02069","BASHIR, AARON","Republican Party","REP","House","H","Pennsylvania","PA","02","PHILADELPHIA","PA","19149","2024","05-MAR-24","2024","202403059622315220"
"H4IN02200","HENRY, WILLIAM ERIC","Libertarian Party","LIB","House","H","Indiana","IN","02","GOSHEN","IN","46528","2024","04-MAR-24","2024","202403049622307270"
"H4NY11211","MORSE, ANDREA S","Democratic Party","DEM","House","H","New York","NY","11","STATEN ISLAND","NY","10310","2024","04-MAR-24","2024","202403049622307511"
"H4FL11121","SORIANO, GAVRIEL ELIYAHU","Republican Party","REP","House","H","Florida","FL","11","BUSHNELL","FL","33513","2024","04-MAR-24","2024","202403049622307629"
"H4WI08093","JACQUE, ANDRE","Republican Party","REP","House","H","Wisconsin","WI","08","GREEN BAY","WI","54311","2024","04-MAR-24","2024","202403049622307638"
"H4UT02395","MURSET, TYLER","Unaffiliated","UN","House","H","Utah","UT","02","ST GEORGE","UT","84770","2024","04-MAR-24","2024","202403049622307722"
"H0MD07197","KLACIK, KIMBERLY","Republican Party","REP","House","H","Maryland","MD","02","MIDDLE RIVER","MD","21220","2024","04-MAR-24","2024","202403049622307743"
"H4NV03225","O'DONNELL, MARTY","Republican Party","REP","House","H","Nevada","NV","03","LAS VEGAS","NV","89136","2024","04-MAR-24","2024","202403049622307937"
"H4PA03125","GORDON, TRACEY LYNNETTE MS.","Democratic Party","DEM","House","H","Pennsylvania","PA","03","PHILADELPHIA","PA","19142","2024","04-MAR-24","2024","202403049622308429"
"H4VA02086","REID, ROBERT E","Non-Party","NON","House","H","Virginia","VA","02","LANEVIEW","VA","22504","2024","04-MAR-24","2024","202403049622309275"
"H4MD06381","WHITE, KIAMBO UKURI","Democratic Party","DEM","House","H","Maryland","MD","06","BALTIMORE","MD","21231","2024","04-MAR-24","2024","202403040300463808"
"P40019432","ODOM, WANDA CAROL","Republican Party","REP","President","P","United States","00","00","LINCOLNTON","NC","28092","2024","04-MAR-24","2024","202403049622311985"
"H4NY19156","GROVES, CASEY M","Democratic Party","DEM","House","H","New York","NY","19","ENDICOTT","NY","13760","2024","04-MAR-24","2024","202403049622307929"
"P40019317","ESTRADA, ADAM LOUIS","No Party Affiliation","NPA","President","P","United States","00","00","MORENO VALLEY","CA","92553","2024","03-MAR-24","2024","202403039622300229"
"P40019333","GARAY, ABRAHAM CARRASCO MR.","Independent","IND","President","P","United States","00","00","CONROE","TX","77302","2024","03-MAR-24","2024","202403039622306802"
"H4WA05267","WELDE, MATTHEW BRADY MR.","Democratic Party","DEM","House","H","Washington","WA","05","LIBERTY LAKE","WA","99019","2024","03-MAR-24","2024","202403039622306801"
"P40019325","PARRISH, STEVEN ROY MR","Independent","IND","President","P","United States","00","00","PHX","AZ","85028","2024","03-MAR-24","2024","202403039622300418"
"H4GA10121","JOHNSON, JONATHAN J","Independent","IND","House","H","Georgia","GA","10","SPARTA","GA","31087","2024","02-MAR-24","2024","202403029622299616"
"S4MI00694","AMASH, JUSTIN","Republican Party","REP","Senate","S","Michigan","MI","00","GRAND RAPIDS","MI","49512","2024","02-MAR-24","2024","202403029622300072"
"H0IL03133","HUGHES, CHARLES M","Democratic Party","DEM","House","H","Illinois","IL","06","CHICAGO","IL","60638","2024","02-MAR-24","2024","202403040300463764"
"H4AZ01327","LAMORE, MELISSA","Democratic Party","DEM","House","H","Arizona","AZ","01","PARADISE VALLEY","AZ","85253","2024","02-MAR-24","2024","202403029622300218"
"H4CT03116","MASSEY, MICHAEL","Republican Party","REP","House","H","Connecticut","CT","03","NEW HAVEN","CT","06511","2024","02-MAR-24","2024","202403029622300127"
"H0NJ06214","HSU, JOHN","Democratic Party","DEM","House","H","New Jersey","NJ","06","EDISON","NJ","08820","2024","01-MAR-24","2024","202403019622297741"
"H4NY07128","KREGLER, WILLIAM","Republican Party","REP","House","H","New York","NY","07","WOODSIDE","NY","11377","2024","01-MAR-24","2024","202403019622299480"
"H4MO03247","HICKS, JUSTIN","Republican Party","REP","House","H","Missouri","MO","03","WENTZVILLE","MO","63385","2024","01-MAR-24","2024","202403019622298965"
"P40019309","CHISHOLM, CHRISTINE MARIA","Independent","IND","President","P","United States","00","00","CHARLOTTE","NC","28269","2024","01-MAR-24","2024","202403019622297742"
"H0FL23082","PERELMAN, JENNIFER","Democratic Party","DEM","House","H","Florida","FL","25","PLANTATION","FL","33322","2024","29-FEB-24","2024","202402299622297711"
"H4WA05259","COOPER, TERRI KAY","Republican Party","REP","House","H","Washington","WA","05","MEDICAL LAKE","WA","99022","2024","29-FEB-24","2024","202402299622295532"
"H4MO03239","SCHAEFER, KURT","Republican Party","REP","House","H","Missouri","MO","03","JEFFERSON CITY","MO","65102","2024","29-FEB-24","2024","202402299622297558"
"P40019291","ARENARE, BRIAN","Write-In","W","President","P","United States","00","00","HOUSTON","TX","77025","2024","29-FEB-24","2024","202402299622296771"
"S4MD00533","BARAKAT, MOHAMMED","Republican Party","REP","Senate","S","Maryland","MD","00","BETHESDA","MD","20816","2024","29-FEB-24","2024","202402299622296825"
"H0TX26170","CUNNINGHAM, WILLIAM ROBERT MR. JR.","Independent","IND","House","H","Texas","TX","13","DENTON","TX","76210","2024","29-FEB-24","2024","202402299622296282"
"H0OR01152","BARAJAS, RICARDO MR.","Democratic Party","DEM","House","H","Oregon","OR","03","PORTLAND","OR","97201","2024","28-FEB-24","2024","202402289622295274"
"H4OH14128","CROSS, ELAYNE","Republican Party","REP","House","H","Ohio","OH","14","KENT","OH","44240","2024","28-FEB-24","2024","202402289622290003"
"H4NJ08113","DUFFE, DARIO","Republican Party","REP","House","H","New Jersey","NJ","08","UNION CITY","NJ","07087","2024","28-FEB-24","2024","202402289622294760"
"H4OH06256","FARMS, WILLIAM","Independent","IND","House","H","Ohio","OH","06","JEWETT","OH","43986","2024","28-FEB-24","2024","202402289622294709"
"P40019283","LAMONT, TROY WAYNE","Independent","IND","President","P","United States","00","00","CAPE GIRARDEAU","MO","63701","2024","28-FEB-24","2024","202402289622294052"
"H4AZ01319","MARTIN, MICHELLE","Libertarian Party","LIB","House","H","Arizona","AZ","01","PHOENIX","AZ","85032","2024","27-FEB-24","2024","202402279622287720"
"S4MD00525","CHAFFEE, CHRISTOPHER","Republican Party","REP","Senate","S","Maryland","MD","00","PRINCE FREDERICK","MD","20678","2024","27-FEB-24","2024","202402279622289271"
"S4WI00272","HARVEY, MATTHEW ROBERT","Republican Party","REP","Senate","S","Wisconsin","WI","00","JANESVILLE","WI","53546","2024","27-FEB-24","2024","202402279622289419"
"H4ID01149","GOMEZ, BRENDAN JOSEPH","Constitution Party","CON","House","H","Idaho","ID","01","BOISE","ID","83709","2024","27-FEB-24","2024","202402279622287465"
"S4AZ00261","WILLIAMS, SARAH","Libertarian Party","LIB","Senate","S","Arizona","AZ","00","PHOENIX","AZ","85067","2024","27-FEB-24","2024","202402279622289502"
"H4OK04176","NIEVES, AUSTIN P","Independent","IND","House","H","Oklahoma","OK","04","OKLAHOMA CITY","OK","73127","2024","27-FEB-24","2024","202402279622289522"
"H4CO03480","WHITLEY, DAVID VANN MR","Libertarian Party","LIB","House","H","Colorado","CO","03","YELLOW JACKET","CO","81335","2024","27-FEB-24","2024","202402279622289475"
"H4GU01029","CRUZ, GINGER","Democratic Party","DEM","House","H","Guam","GU","00","TAMUNING","GU","96913","2024","26-FEB-24","2024","202402269622285476"
"H4FL08143","KENNEDY, SANDRA (SANDY) DENISE MS. ESQ.","Democratic Party","DEM","House","H","Florida","FL","08","COCOA","FL","32926","2024","26-FEB-24","2024","202402269622285561"
"H2TN06170","FAIRLCOTH, ROY  (CLAY FAIR CLAYBORNE JR","Democratic Party","DEM","House","H","Tennessee","TN","06","NASHVILLE","TN","37214","2024","26-FEB-24","2024","202402269622285945"
"H4PA01145","SULTANA, TAIBA M","Democratic Party","DEM","House","H","Pennsylvania","PA","01","EASTON","PA","18042","2024","26-FEB-24","2024","202402269622286353"
"H4WA05242","BINGLE, JONATHAN","Republican Party","REP","House","H","Washington","WA","05","SPOKANE","WA","99228","2024","26-FEB-24","2024","202402269622286168"
"H4VA07341","BAILEY, ANDREA OLIVIA","Democratic Party","DEM","House","H","Virginia","VA","07","DUMFRIES","VA","22025","2024","26-FEB-24","2024","202402269622286284"
"H4PR01085","CRUZ VELEZ, EDGARDO","Non-Party","NON","House","H","Puerto Rico","PR","00","GUANICA","PR","00653","2024","26-FEB-24","2024","202402269622286337"
"H4TN05129","GUARENTE, THOMAS A","Republican Party","REP","House","H","Tennessee","TN","05","BRENTWOOD","TN","37027","2024","26-FEB-24","2024","202402269622286094"
"H4OH10191","POMBO, TONY","Democratic Party","DEM","House","H","Ohio","OH","10","BEAVERCREEK","OH","45431","2024","25-FEB-24","2024","202402259622284056"
"H4GA09073","DAY, MICHAEL","Republican Party","REP","House","H","Georgia","GA","09","SUGAR HILL","GA","30518","2024","25-FEB-24","2024","202402259622284101"
"P40019275","ALLEN, DENNIS JOSHUA","Independent American Party","IAP","President","P","United States","00","00","VENUS","TX","76084","2024","25-FEB-24","2024","202402259622284079"
"H4NY22101","GOWETT, CHRISTOPHER JAMES","No Party Affiliation","NPA","House","H","New York","NY","22","CLAY","NY","13041","2024","25-FEB-24","2024","202402259622284065"
"H4MI12111","KINNIEBREW, ROYCE MR","Democratic Party","DEM","House","H","Michigan","MI","12","DETROIT","MI","48224","2024","24-FEB-24","2024","202402249622284055"
"P40019267","ROBINSON, JOSHUA RYAN","Other","OTH","President","P","United States","00","00","HAZELWOOD","MO","63042","2024","24-FEB-24","2024","202402249622283919"
"H2GA10273","FORE, JESSICA ALLISON","Democratic Party","DEM","House","H","Georgia","GA","10","ATHENS","GA","30606","2024","24-FEB-24","2024","202402249622283719"
"H4CO04322","ELWORTH, MARK JR","Unaffiliated","UN","House","H","Colorado","CO","04","BRUSH","CO","80723","2024","23-FEB-24","2024","202402239622280306"
"H4KY03269","RANDALL, JA MCNAMARA","Democratic Party","DEM","House","H","Kentucky","KY","03","LOUISVILLE","KY","40208","2024","23-FEB-24","2024","202402239622280407"
"H4FL26095","FRATTO, JOHN ROBERT","Republican Party","REP","House","H","Florida","FL","26","NAPLES","FL","34109","2024","23-FEB-24","2024","202402239622280425"
"H4OH06249","LAFONT, CHRISTOPHER ALEXANDER","Independent","IND","House","H","Ohio","OH","06","BETHESDA","OH","43719","2024","23-FEB-24","2024","202402239622280441"
"H4MI12103","KINNIEBREW, ROYCE MR","Democratic Party","DEM","House","H","Michigan","MI","12","DETROIT","MI","48224","2024","23-FEB-24","2024","202402239622283229"
"H4CA47226","SMITH, WILLIAM","No Party Affiliation","NPA","House","H","California","CA","47","IRVINE","CA","92612","2024","23-FEB-24","2024","202402239622280601"
"H4NY06047","CHOU, JOSEPH","Republican Party","REP","House","H","New York","NY","06","BAYSIDE","NY","11360","2024","23-FEB-24","2024","202402239622282669"
"H4IN06185","SHREVE, JEFFERSON","Republican Party","REP","House","H","Indiana","IN","06","SOUTHPORT","IN","46227","2024","23-FEB-24","2024","202402239622282715"
"H4MN01179","BOHMAN, RACHEL","Democratic-Farmer-Labor","DFL","House","H","Minnesota","MN","01","ROCHESTER","MN","55903","2024","23-FEB-24","2024","202402239622282935"
"H4SC03210","FRANCO, FRANKY","Republican Party","REP","House","H","South Carolina","SC","03","SIMPSONVILLE","SC","29680","2024","23-FEB-24","2024","202402239622280448"
"H4IN05286","PICKETT, DEBORAH A","Democratic Party","DEM","House","H","Indiana","IN","05","CARMEL","IN","46032","2024","22-FEB-24","2024","202402229622274980"
"P40019259","ROSCHBACH, ALEXANDER LYERRAD MR","Independent","IND","President","P","United States","00","00","PARK FOREST","IL","60466","2024","22-FEB-24","2024","202402229622280052"
"H4TN04254","DOCTORA, JOSEPH S DR.","Republican Party","REP","House","H","Tennessee","TN","04","SMYRNA","TN","37167","2024","22-FEB-24","2024","202402229622162259"
"H4WA05226","SPURGEON, JODY GAYLE","Republican Party","REP","House","H","Washington","WA","05","CHENEY","WA","99004","2024","22-FEB-24","2024","202402229622162481"
"S4MA00366","SCHENA, JOSEPH JR.","Independent","IND","Senate","S","Massachusetts","MA","00","MEDFORD","MA","02155","2024","22-FEB-24","2024","202402229622162594"
"H4MT02148","HELD, STEVE","Democratic Party","DEM","House","H","Montana","MT","02","BROADUS","MT","59317","2024","22-FEB-24","2024","202402229622212988"
"H4TN07166","OGLES, BRANDON THOMAS","Republican Party","REP","House","H","Tennessee","TN","07","FRANKLIN","TN","37065","2024","22-FEB-24","2024","202402229622171552"
"H4IN08272","CASE, JIM","Republican Party","REP","House","H","Indiana","IN","08","PAOLI","IN","47454","2024","22-FEB-24","2024","202402229622171567"
"S4FL00736","BONOAN, FEENA","Libertarian Party","LIB","Senate","S","Florida","FL","00","JACKSONVILLE","FL","32226","2024","22-FEB-24","2024","202402229622171819"
"S4NY00404","SAPRAICONE, MICHAEL","Republican Party","REP","Senate","S","New York","NY","00","GREENVALE","NY","11548","2024","22-FEB-24","2024","202402229622173172"
"H4WA05234","BAUMGARTNER, MICHAEL JAMES","Republican Party","REP","House","H","Washington","WA","05","SPOKANE","WA","99203","2024","22-FEB-24","2024","202402229622173415"
"H4NY26102","DICKSON, GARY A","Republican Party","REP","House","H","New York","NY","26","WEST SENECA","NY","14224","2024","22-FEB-24","2024","202402229622168965"
"S4WI00264","HELM, DANIEL","Republican Party","REP","Senate","S","Wisconsin","WI","00","OSHKOSH","WI","54902","2024","21-FEB-24","2024","202402219622158693"
"H4NY05130","HAVENS, KHALIF","None","NNE","House","H","New York","NY","05","ARVERNE","NY","11692","2024","21-FEB-24","2024","202402219622158771"
"H4WA05200","DANSEL, BRIAN","Republican Party","REP","House","H","Washington","WA","05","REPUBLIC","WA","99166","2024","21-FEB-24","2024","202402219622159160"
"H2FL20043","KAUFMAN, JOE","Republican Party","REP","House","H","Florida","FL","23","BOCA RATON","FL","33434","2024","21-FEB-24","2024","202402219622159184"
"H0MT00033","REHBERG, DENNIS R","Republican Party","REP","House","H","Montana","MT","02","BILLINGS","MT","59101","2024","21-FEB-24","2024","202402219622158915"
"P40019242","SANDERS, BERNARD","Unaffiliated","UN","President","P","United States","00","00","BURLINGTON","VT","05401","2024","21-FEB-24","2024","202402219622160082"
"H4WI08085","ROTH, ROGER JAMES JR.","Republican Party","REP","House","H","Wisconsin","WI","08","APPLETON","WI","54912","2024","21-FEB-24","2024","202402219622160083"
"H4ND01051","CAMPBELL, THOMAS SCOTT","Republican Party","REP","House","H","North Dakota","ND","00","WEST FARGO","ND","58078","2024","21-FEB-24","2024","202402219622160495"
"H4FL27036","DAVEY, MICHAEL","Democratic Party","DEM","House","H","Florida","FL","27","TALLAHASSEE","FL","32314","2024","21-FEB-24","2024","202402219622160832"
"H4WA05218","DANSEL, BRIAN","Republican Party","REP","House","H","Washington","WA","05","REPUBLIC","WA","99166","2024","21-FEB-24","2024","202402219622159391"
"H4NY01204","AVLON, JOHN","Democratic Party","DEM","House","H","New York","NY","01","SAG HARBOR","NY","11963","2024","20-FEB-24","2024","202402209619964019"
"P40019234","HOLLOMAN, JEREMY VANCE","Write-In","W","President","P","United States","00","00","ROSWELL","GA","30075","2024","20-FEB-24","2024","202402209622157337"
"S4MA00358","DEATON, JOHN","Republican Party","REP","Senate","S","Massachusetts","MA","00","WOBURN","MA","01801","2024","20-FEB-24","2024","202402209619816456"
"H4TN07158","MARLAR, STAN E JR","Republican Party","REP","House","H","Tennessee","TN","07","NASHVILLE","TN","37203","2024","20-FEB-24","2024","202402209619821096"
"H2FL10267","RAMBARANSINGH, MAHENDRANATH TROY","Republican Party","REP","House","H","Florida","FL","10","WINDERMERE","FL","34786","2024","20-FEB-24","2024","202402209619878656"
"S4MD00517","MYRICK, JOHN A.","Republican Party","REP","Senate","S","Maryland","MD","00","LANHAM","MD","20706","2024","20-FEB-24","2024","202402209619825271"
"H4NJ03239","MOHAN, RAJESH","Republican Party","REP","House","H","New Jersey","NJ","03","HOLMDEL","NJ","07733","2024","20-FEB-24","2024","202402209619833050"
"H4WA05192","MAYCUMBER, JACQUELIN","Republican Party","REP","House","H","Washington","WA","05","REPUBLIC","WA","99166","2024","20-FEB-24","2024","202402209619838242"
"H4IN06177","JACOB, JOHN","Republican Party","REP","House","H","Indiana","IN","06","INDIANAPOLIS","IN","46227","2024","20-FEB-24","2024","202402209619870599"
"H4MN04157","XIONG, MAY LOR","Republican Party","REP","House","H","Minnesota","MN","04","SAINT PAUL","MN","55109","2024","20-FEB-24","2024","202402209619821357"
"H4OR01121","CHAUDHRY-AHMAD, JAMIL O","Democratic Party","DEM","House","H","Oregon","OR","01","HILLSBORO","OR","97124","2024","19-FEB-24","2024","202402199619798446"
"S4MI00686","CURRAN, REBEKAH A.","Republican Party","REP","Senate","S","Michigan","MI","00","JENISON","MI","49429","2024","19-FEB-24","2024","202402199619799130"
"H4NH02324","WAGNER, PAUL MICHAEL","Republican Party","REP","House","H","New Hampshire","NH","02","DANBURY","NH","03230","2024","19-FEB-24","2024","202402199619795432"
"H8MO09146","ONDER JR, ROBERT FRANK","Republican Party","REP","House","H","Missouri","MO","03","O'FALLON","MO","63368","2024","19-FEB-24","2024","202402199619794983"
"P40019218","TERRY, RANDAL ALLAN MR.","Unaffiliated","UN","President","P","United States","00","00","ARLINGTON","TN","38002","2024","19-FEB-24","2024","202402199619796832"
"H4CO03472","HEID, ROBIN","Republican Party","REP","House","H","Colorado","CO","03","MONTROSE","CO","81401","2024","19-FEB-24","2024","202402199619797576"
"H4PA01137","JONES, JEFFREY","Democratic Party","DEM","House","H","Pennsylvania","PA","01","PHILADELPHIA","PA","19144","2024","19-FEB-24","2024","202402199619796604"
"H4OH13161","WALKER, MILLE BLUE","Write-In","W","House","H","Ohio","OH","13","AKRON","OH","44320","2024","18-FEB-24","2024","202402189619792215"
"H4FL14158","JOARDER, EHSAN","Republican Party","REP","House","H","Florida","FL","14","ODESSA","FL","33556","2024","18-FEB-24","2024","202402189619792192"
"H4UT01132","CAMPBELL, BILL","Democratic Party","DEM","House","H","Utah","UT","01","SYRACUSE","UT","84075","2024","17-FEB-24","2024","202402179619791270"
"H4NJ01209","LIDDELL, THEODORE M.","Republican Party","REP","House","H","New Jersey","NJ","01","LAUREL SPRINGS","NJ","08021","2024","17-FEB-24","2024","202402179619791632"
"P40019200","PRATT, MICHAEL","No Party Affiliation","NPA","President","P","United States","00","00","LAKELAND","FL","33801","2024","17-FEB-24","2024","202402179619791296"
"H6VA08229","WEBB, MAJOR MIKE","Republican Party","REP","House","H","Virginia","VA","08","ARLINGTON","VA","22204","2024","17-FEB-24","2024","202402179619791271"
"H2MT02175","AUSTIN, KYLE","Republican Party","REP","House","H","Montana","MT","02","BILLINGS","MT","59102","2024","16-FEB-24","2024","202402169619791226"
"S2WI00268","HOVDE, ERIC D","Republican Party","REP","Senate","S","Wisconsin","WI","00","MADISON","WI","53701","2024","16-FEB-24","2024","202402169619789001"
"P40019184","DENNIS, SHAKEBA LACOLE MS","No Party Affiliation","NPA","President","P","United States","00","00","LOS ANGELES","CA","90047","2024","16-FEB-24","2024","202402169619783062"
"H4VA09057","BAKER, KAREN G.H. MS.","Democratic Party","DEM","House","H","Virginia","VA","09","FLOYD","VA","24091","2024","16-FEB-24","2024","202402169619784274"
"H4CO07085","MATVEYUK, SERGEI","Republican Party","REP","House","H","Colorado","CO","07","GOLDEN","CO","80403","2024","16-FEB-24","2024","202402169619790536"
"P40019192","OLSCAMP, DAVID MICHAEL","Democratic Party","DEM","President","P","United States","00","00","BOULDER","CO","80306","2024","16-FEB-24","2024","202402169619786708"
"S4NY00396","CASTRONUOVA, CARA","Republican Party","REP","Senate","S","New York","NY","00","ALBANY","NY","12204","2024","16-FEB-24","2024","202402169619787837"
"S4CA00985","ROLDAN, WILLY JR","Write-In","W","Senate","S","California","CA","00","LANCASTER","CA","93535","2024","16-FEB-24","2024","202402169619789477"
"H4OH09177","PASTORIUS, DAVID A MR.","Independent","IND","House","H","Ohio","OH","09","AKRON","OH","44312","2024","16-FEB-24","2024","202402169619786645"
"H4IN08108","HOSTETTLER, JOHN N","Republican Party","REP","House","H","Indiana","IN","08","EVANSVILLE","IN","47724","2024","15-FEB-24","2024","202402159619780884"
"H4MO04161","BURKS, TAYLOR","Republican Party","REP","House","H","Missouri","MO","04","ASHLAND","MO","65010","2024","15-FEB-24","2024","202402159619776797"
"H4MN03159","JUDE, TAD","Republican Party","REP","House","H","Minnesota","MN","03","MAPLE GROVE","MN","55311","2024","15-FEB-24","2024","202402159619780953"
"H4MD03305","WOODARD, JEFFREY","Democratic Party","DEM","House","H","Maryland","MD","03","BOWIE","MD","20716","2024","15-FEB-24","2024","202402159619781428"
"H4CO03464","WEBB, LEW","Republican Party","REP","House","H","Colorado","CO","03","DURANGO","CO","81301","2024","15-FEB-24","2024","202402159619781362"
"H4GU01011","SHELTON, AMANDA LEE","Democratic Party","DEM","House","H","Guam","GU","00","HAGATNA","GU","96932","2024","15-FEB-24","2024","202402159619781373"
"P40019176","WALKER, LIAM THOMAS","American Independent Party","AIP","President","P","United States","00","00","AKRON","OH","44320","2024","15-FEB-24","2024","202402159619780954"
"H4NY14132","ZHERKA, HASIME SAMANTHA MS","Republican Party","REP","House","H","New York","NY","14","BRONX","NY","10465","2024","14-FEB-24","2024","202402149619774297"
"P40019168","BRADSHAW, DANNIE MICHAEL","Independent","IND","President","P","United States","00","00","DESERT HOT SPRINGS","CA","92240","2024","14-FEB-24","2024","202402149619774306"
"H0CT01134","GRIFFIN, JAMES LEONARD","Republican Party","REP","House","H","Connecticut","CT","01","BRISTOL","CT","06010","2024","14-FEB-24","2024","202402149619765638"
"H4VA10337","ARYAN, DENNIS","Independent","IND","House","H","Virginia","VA","10","CHANTILLY","VA","29152","2024","14-FEB-24","2024","202402149619766058"
"H4AZ01301","PATOCS, REINA","Republican Party","REP","House","H","Arizona","AZ","01","PHOENIX","AZ","85016","2024","14-FEB-24","2024","202402149619769366"
"S4MT00209","WALKINGCHILD, CHARLES","Republican Party","REP","Senate","S","Montana","MT","00","HELENA","MT","59604","2024","14-FEB-24","2024","202402149619770037"
"H4MD02257","THORMANN, JOHN MR","Republican Party","REP","House","H","Maryland","MD","02","SPARROWS POINT","MD","21219","2024","14-FEB-24","2024","202402149619772287"
"H4NH02316","NG, ROBIN","Republican Party","REP","House","H","New Hampshire","NH","02","HANOVER","NH","03755","2024","14-FEB-24","2024","202402149619773738"
"H4CO05196","GRIFFIN, JOSHUA JOSEPH","Republican Party","REP","House","H","Colorado","CO","05","FOUNTAIN","CO","80817","2024","14-FEB-24","2024","202402149619773889"
"H0MO07279","RICHARDS, AUDREY","Republican Party","REP","House","H","Missouri","MO","07","KIMBERLING CITY","MO","65686","2024","14-FEB-24","2024","202402149619774248"
"H4TX32188","FERIA, JUAN","Republican Party","REP","House","H","Texas","TX","32","DALLAS","TX","75201","2024","14-FEB-24","2024","202402149619774249"
"H4AZ06151","SIARTO, MARK ROBERT","Libertarian Party","LIB","House","H","Arizona","AZ","06","TUCSON","AZ","85750","2024","13-FEB-24","2024","202402139619761685"
"H4AZ01293","GEORGE, KIMBERLY","Republican Party","REP","House","H","Arizona","AZ","01","SCOTTSDALE","AZ","85255","2024","13-FEB-24","2024","202402139619762017"
"S4NV00395","CLARK, CORNELL MAURICE DR.","Non-Party","NON","Senate","S","Nevada","NV","00","LAS VEGAS","NV","89108","2024","13-FEB-24","2024","202402139619762033"
"P40019143","COTTILLION, ADAM D MR.","Unaffiliated","UN","President","P","United States","00","00","SARASOTA","FL","34237","2024","13-FEB-24","2024","202402139619762613"
"H4TN07141","STACK, CALEB","Republican Party","REP","House","H","Tennessee","TN","07","PLEASANT VIEW","TN","37146","2024","13-FEB-24","2024","202402139619762615"
"H2NJ06210","MELE, GREGG","Republican Party","REP","House","H","New Jersey","NJ","06","CLARK","NJ","07066","2024","13-FEB-24","2024","202402139619762840"
"S8MT00234","ROSENDALE, MATT MR.","Republican Party","REP","Senate","S","Montana","MT","00","HELENA","MT","596044907","2024","13-FEB-24","2024","202402139619761332"
"P40019150","BOSWELL, JAMES","None","NNE","President","P","United States","00","00","HOUSTON","TX","77004","2024","13-FEB-24","2024","202402139619765338"
"H2TX19072","LEWIS, NATHAN ALLEN","Independent","IND","House","H","Texas","TX","19","LUBBOCK","TX","79411","2024","13-FEB-24","2024","202402139619760980"
"S4UT00324","BOWEN, CARLTON E.","Independent American Party","IAP","Senate","S","Utah","UT","00","AMERICAN FORK","UT","84003","2024","13-FEB-24","2024","202402139619761021"
"P40019127","ROBBINS, DAVID","Constitution Party","CON","President","P","United States","00","00","MILLINGTON","TN","38053","2024","13-FEB-24","2024","202402139619761047"
"H4ND00061","FEDORCHAK, JULIE","Republican Party","REP","House","H","North Dakota","ND","00","BISMARCK","ND","58502","2024","13-FEB-24","2024","202402139619761292"
"H4CO04314","TRUJILLO, FLOYD","Republican Party","REP","House","H","Colorado","CO","04","LITTLETON","CO","80127","2024","13-FEB-24","2024","202402139619761323"
"H4CO01179","DAVIS, LAWRENCE JOHN","Republican Party","REP","House","H","Colorado","CO","01","DENVER","CO","80204","2024","13-FEB-24","2024","202402139619762888"
"H4NH02308","DONNELLY, RYAN","Independent","IND","House","H","New Hampshire","NH","02","BETHLEHEM","NH","03574","2024","12-FEB-24","2024","202402129619758261"
"H4OH06231","KRIPCHAK, MICHAEL LAWRENCE","Democratic Party","DEM","House","H","Ohio","OH","06","YOUNGSTOWN","OH","44511","2024","12-FEB-24","2024","202402129619758489"
"H4MN06152","REEVES, JAY","Democratic-Farmer-Labor","DFL","House","H","Minnesota","MN","06","VICTORIA","MN","55386","2024","12-FEB-24","2024","202402129619758577"
"H4NJ10135","BUCCO, CARMEN","Republican Party","REP","House","H","New Jersey","NJ","10","KENILWORTH","NJ","07033","2024","12-FEB-24","2024","202402129619758631"
"H4WA05184","GUENTHER, JOHN","Republican Party","REP","House","H","Washington","WA","05","CHENEY","WA","99004","2024","12-FEB-24","2024","202402129619760979"
"P40019119","DEVER, ADAM","Independent","IND","President","P","United States","00","00","BEDFORD","TX","76021","2024","12-FEB-24","2024","202402129619760430"
"H4CT03108","IRIZARRY, RAFAEL","Republican Party","REP","House","H","Connecticut","CT","03","STRATFORD","CT","06614","2024","12-FEB-24","2024","202402129619760431"
"H4SC01347","YOUNG, BILL","Republican Party","REP","House","H","South Carolina","SC","01","CHARLESTON","SC","29422","2024","12-FEB-24","2024","202402129619760893"
"P40019101","SCHULMEISTER, JOHN MICHAEL","Independent","IND","President","P","United States","00","00","LEES SUMMIT","MO","64063","2024","12-FEB-24","2024","202402129619760429"
"H4NY21145","COLLINS, PAULA","Democratic Party","DEM","House","H","New York","NY","21","PETERSBURG","NY","12138","2024","11-FEB-24","2024","202402119619758038"
"H4IN02192","CAMP, LORI ANN MS.","Democratic Party","DEM","House","H","Indiana","IN","02","SOUTH BEND","IN","46614","2024","11-FEB-24","2024","202402119619758175"
"H4FL21070","WITKOP, THOMAS","Democratic Party","DEM","House","H","Florida","FL","21","NORTH PALM BEACH","FL","33408","2024","11-FEB-24","2024","202402119619758045"
"H4WA01274","LYDEN, JOHN ANDREW","Democratic Party","DEM","House","H","Washington","WA","01","BELLINGHAM","WA","98225","2024","10-FEB-24","2024","202402109619757916"
"H2PA05116","DEVAUGHN-GOODWIN, ALFEIA","Republican Party","REP","House","H","Pennsylvania","PA","05","DREXEL HILL","PA","19026","2024","09-FEB-24","2024","202402099619756645"
"P40019085","PETYO, MICHAEL","Republican Party","REP","President","P","United States","00","00","HOBART","IN","46342","2024","09-FEB-24","2024","202402099619754359"
"S4NJ00557","ZDAN, ALEXANDER","Republican Party","REP","Senate","S","New Jersey","NJ","00","PENNINGTON","NJ","08534","2024","09-FEB-24","2024","202402099619754487"
"S2MD00628","GRIFFIN, SCOTTIE","Democratic Party","DEM","Senate","S","Maryland","MD","00","SILVER SPRING","MD","20902","2024","09-FEB-24","2024","202402099619757476"
"S4MD00483","HOGAN, LARRY","Republican Party","REP","Senate","S","Maryland","MD","00","ANNAPOLIS","MD","21401","2024","09-FEB-24","2024","202402099619756782"
"H4NJ01191","GUSTAFSON, CLAIRE","Republican Party","REP","House","H","New Jersey","NJ","01","COLLINGSWOOD","NJ","08108","2024","09-FEB-24","2024","202402099619757693"
"H4SC07021","BERRY, RODNEY","Republican Party","REP","House","H","South Carolina","SC","07","MARION","SC","29571","2024","09-FEB-24","2024","202402090300462147"
"H4IN05278","PFENNINGER, RYAN SETH MR.","Democratic Party","DEM","House","H","Indiana","IN","05","CARMEL","IN","46032","2024","09-FEB-24","2024","202402099619754967"
"P40019051","GRAYSON, CHRISTALYNN FELICIA","New Progressive Party","NPP","President","P","United States","00","00","CHARLESTON, WV","WV","25306","2024","08-FEB-24","2024","202402089619686397"
"H4MD02240","KYRIAKAKOS, ATHANSIA MS.","Democratic Party","DEM","House","H","Maryland","MD","02","COCKEYSVILLE","MD","21030","2024","08-FEB-24","2024","202402089619686568"
"H4OH07056","KUCINICH, DENNIS","Unaffiliated","UN","House","H","Ohio","OH","07","CLEVELAND","OH","44111","2024","08-FEB-24","2024","202402089619753166"
"P40019077","SMITH ABRAMS ALMASI, MARCIA KAREN DR PHD","Republican Party","REP","President","P","United States","00","00","FAYETTEVILLE","NC","28301","2024","08-FEB-24","2024","202402089619702049"
"P40019069","BUELOW, ELIZABETH","Independent","IND","President","P","United States","00","00","PORTLAND","OR","97211","2024","08-FEB-24","2024","202402089619686769"
"H4SC06148","SCOTT, JUSTIN NATHANIEL","Republican Party","REP","House","H","South Carolina","SC","06","WALTERBORO","SC","29488","2024","07-FEB-24","2024","202402079619679734"
"H4VA11129","VAN METER, MICHAEL LEWIS","Republican Party","REP","House","H","Virginia","VA","11","SPRINGFIELD","VA","22150","2024","07-FEB-24","2024","202402079619679922"
"S4CA00969","O'NEIL, RUSTEN","Independent","IND","Senate","S","California","CA","00","INGLEWOOD","CA","90305","2024","07-FEB-24","2024","202402079619685966"
"H4UT03328","DAHLIN, KATHRYN W","Republican Party","REP","House","H","Utah","UT","03","DRAPER","UT","84020","2024","07-FEB-24","2024","202402079619686387"
"H4IN08256","HEATH, JEREMY L.","Republican Party","REP","House","H","Indiana","IN","08","EVANSVILLE","IN","47714","2024","07-FEB-24","2024","202402079619686331"
"P00016261","BONHAM, JEREMY SCOTT","Independence Party","IDP","President","P","United States","00","00","WEST HOLLYWOOD","CA","90046","2024","07-FEB-24","2024","202402079619686355"
"H4UT04078","LOPEZ, JONATHAN","Democratic Party","DEM","House","H","Utah","UT","04","KEARNS","UT","84118","2024","07-FEB-24","2024","202402079619686356"
"H4NY11203","BLAS, SARAH","Democratic Party","DEM","House","H","New York","NY","11","STATEN ISLAND","NY","10301","2024","07-FEB-24","2024","202402079619686300"
"S8WV00150","BLANKENSHIP, DON","Democratic Party","DEM","Senate","S","West Virginia","WV","00","WILLIAMSON","WV","25661","2024","06-FEB-24","2024","202402069619678225"
"P40019093","HARMON, SUSAN SMITH","People'S Party","PPY","President","P","United States","00","00","CHESTER","PA","19013","2024","06-FEB-24","2024","202402120300462428"
"S4NV00387","SCHAEFER, MIKE","Democratic Party","DEM","Senate","S","Nevada","NV","00","LAS VEGAS","NV","89119","2024","06-FEB-24","2024","202402060300461884"
"H4CO03456","GRANADO, JOSEPH L.","Republican Party","REP","House","H","Colorado","CO","03","FRUITA","CO","81521","2024","06-FEB-24","2024","202402069619678203"
"P40019044","JOHNSON, THERESA","Republican Party","REP","President","P","United States","00","00","YONKERS","NY","10701","2024","06-FEB-24","2024","202402069619678148"
"H4CO03449","BIAS, JASON","Republican Party","REP","House","H","Colorado","CO","03","GRAND JUNCTION","CO","81504","2024","06-FEB-24","2024","202402069619678172"
"H4FL13234","D'ARRIGO, TONY C","Democratic Party","DEM","House","H","Florida","FL","13","CLEARWATER","FL","33756","2024","06-FEB-24","2024","202402069619678136"
"H2MT00112","TODD, MARY","Republican Party","REP","House","H","Montana","MT","01","HELENA","MT","59601","2024","05-FEB-24","2024","202402059619677589"
"H4MD05235","BAREEBE, QUINCY","Democratic Party","DEM","House","H","Maryland","MD","05","ODENTON","MD","21113","2024","05-FEB-24","2024","202402059619677495"
"H4GA03118","BLAIR, RAYMOND J JR","Republican Party","REP","House","H","Georgia","GA","03","COLUMBUS","GA","31904","2024","05-FEB-24","2024","202402059619676225"
"P40019036","CARLTON, VALERIE LIANE","American Independent Party","AIP","President","P","Maryland","MD","00","FREDRICK","MD","20701","2024","05-FEB-24","2024","202402059619676226"
"H4NJ11141","BELNOME, JOSEPH","Republican Party","REP","House","H","New Jersey","NJ","11","BELLEVILLE","NJ","07109","2024","05-FEB-24","2024","202402059619676231"
"H4IN06169","KAVANAUGH, DOMINICK","Republican Party","REP","House","H","Indiana","IN","06","EVANSVILLE","IN","47715","2024","05-FEB-24","2024","202402059619676232"
"H4FL11113","OSTA, SAMI MICHEL N/A","American Independent Conservative","AIC","House","H","Florida","FL","11","CITRA","FL","32113","2024","05-FEB-24","2024","202402059619677607"
"S4MD00475","WILDMAN, ANDREW JAYE","Democratic Party","DEM","Senate","S","Maryland","MD","00","WESTMINSTER","MD","21157","2024","05-FEB-24","2024","202402059619676412"
"H4MI03292","AL-SHATEL, SALIM MOHAMMED MR.","Democratic Party","DEM","House","H","Michigan","MI","03","NORTON SHORES","MI","49441","2024","05-FEB-24","2024","202402059619676449"
"H4CA12246","SIKDER, ABDUR R DR","Democratic Party","DEM","House","H","California","CA","12","BERKELEY","CA","94705","2024","05-FEB-24","2024","202402059619676650"
"H4MI04167","CLARK, CURTIS","Republican Party","REP","House","H","Michigan","MI","04","ALLEGAN","MI","49010","2024","05-FEB-24","2024","202402059619676715"
"H4MS02217","TURCOTTE, TAYLOR","Republican Party","REP","House","H","Mississippi","MS","02","JACKSON","MS","39216","2024","05-FEB-24","2024","202402059619676716"
"S8CA00663","LE, DIEN MR","Republican Party","REP","Senate","S","California","CA","00","SAN FRANCISCO","CA","941331848","2024","05-FEB-24","2024","202402050300461594"
"S4CT00179","SMITH, GERARD","Republican Party","REP","Senate","S","Connecticut","CT","00","BEACON FALLS","CT","06403","2024","05-FEB-24","2024","202402059619676343"
"H4NY01188","ADORNO, JARRETT MATTHEWS MR","Independent","IND","House","H","New York","NY","01","BRONX","NY","10467","2024","04-FEB-24","2024","202402049619675686"
"H4IN06151","CARRIER, JAMISON","Republican Party","REP","House","H","Indiana","IN","06","INDIANAPOLIS","IN","46244","2024","04-FEB-24","2024","202402049619675681"
"H4MO07164","ADAIR, JOHN DOUGLAS","Republican Party","REP","House","H","Missouri","MO","07","PINEVILLE","MO","64856","2024","03-FEB-24","2024","202402039619674998"
"H4NJ11133","BARSOOM, RAAFAT","Republican Party","REP","House","H","New Jersey","NJ","11","BELLEVILLE","NJ","07109","2024","03-FEB-24","2024","202402039619675517"
"H4MD06373","CHOHARIS, PETER CHARLES","Democratic Party","DEM","House","H","Maryland","MD","06","POTOMAC","MD","20854","2024","03-FEB-24","2024","202402039619675152"
"S4MN00528","LOGAN, DEREK AUSTIN","Democratic Party","DEM","Senate","S","Minnesota","MN","00","GLENWOOD","MN","56334","2024","02-FEB-24","2024","202402029619674168"
"P40019028","BUSS, JOHNNY HATTEN","Independent","IND","President","P","United States","00","00","PORTER RANCH","CA","91326","2024","02-FEB-24","2024","202402029619674227"
"S4MD00467","WALLACE, NANCY","Green Party","GRE","Senate","S","Maryland","MD","00","BETHESDA","MD","20814","2024","02-FEB-24","2024","202402029619662293"
"H2OR06124","ERICKSON, MIKE","Republican Party","REP","House","H","Oregon","OR","06","TIGARD","OR","97281","2024","02-FEB-24","2024","202402029619673925"
"H4IN06144","RAATZ, JEFF","Republican Party","REP","House","H","Indiana","IN","06","ALEXANDRIA","VA","22313","2024","02-FEB-24","2024","202402029619672105"
"H4VA06053","GRANDON, ROD","Democratic Party","DEM","House","H","Virginia","VA","06","WINCHESTER","VA","22604","2024","02-FEB-24","2024","202402029619672111"
"H4MA01091","MILLERON, NADIA D","No Party Affiliation","NPA","House","H","Massachusetts","MA","01","SHEFFIELD","MA","01257","2024","02-FEB-24","2024","202402029619672146"
"H2FL27071","POLO, FRANK","Republican Party","REP","House","H","Florida","FL","27","MIAMI","FL","33135","2024","02-FEB-24","2024","202402029619662295"
"H4OH06223","FARMS, WILLIAM","Independent","IND","House","H","Ohio","OH","06","JEWETT","OH","43986","2024","01-FEB-24","2024","202402019619622445"
"P40018988","PLONKA, MARK","Unknown","UNK","President","P","South Carolina","SC","00","GEORGETOWN","SC","29440","2024","01-FEB-24","2024","202402019619623178"
"H4TX12115","HENLEY, ANNE","Republican Party","REP","House","H","Texas","TX","12","AZLE","TX","760981544","2024","01-FEB-24","2024","202402020300460838"
"H0WA06081","KREISELMAIER, ELIZABETH","Republican Party","REP","House","H","Washington","WA","06","GIG HARBOR","WA","98335","2024","01-FEB-24","2024","202402019619652987"
"P40019002","MILLER, KHALED EDWARD","Independent","IND","President","P","United States","00","00","FORT WORTH","TX","76116","2024","01-FEB-24","2024","202402019619662068"
"H4AZ06144","CAST, CLIFFORD VANCE DR","Libertarian Party","LIB","House","H","Arizona","AZ","06","TUCSON","AZ","85730","2024","01-FEB-24","2024","202402019619623966"
"P40018996","SIEDZIK, JEREMY","Conservative Party","CRV","President","P","United States","00","00","SOUTHFIELD","MI","48076","2024","01-FEB-24","2024","202402019619661962"
"H8MI13185","WATERS, MARY","Democratic Party","DEM","House","H","Michigan","MI","13","DETROIT","MI","48207","2024","31-JAN-24","2024","202401319619155456"
"H4FL09190","CARTER, GREGORY MARCUS MR","Non-Party","NON","House","H","Florida","FL","09","KISSIMMEE","FL","34741","2024","31-JAN-24","2024","202401319619449881"
"P60007176","FAAS, SOURAYA","Democratic Party","DEM","President","P","United States","00","00","MIAMI","FL","33296","2024","31-JAN-24","2024","202401319600709154"
"H4SC01339","TEMPLETON, CATHERINE","Republican Party","REP","House","H","South Carolina","SC","01","MOUNT PLEASANT","SC","29465","2024","31-JAN-24","2024","202401319600716807"
"H4CO08059","JOSHI, JANAK","Republican Party","REP","House","H","Colorado","CO","08","NORTHGLENN","CO","80233","2024","31-JAN-24","2024","202401319600869395"
"H4NJ06141","MALDONADO, JUSTIN JUN","Independent","IND","House","H","New Jersey","NJ","06","PERTH AMBOY","NJ","08861","2024","31-JAN-24","2024","202401319600936699"
"H0GA01029","GRIGGS, JOYCE MARIE","Independent","IND","House","H","Georgia","GA","01","GARDEN CITY","GA","31408","2024","31-JAN-24","2024","202401319601160212"
"H4FL12079","DUNLAP, HARRY WILLIAM","Republican Party","REP","House","H","Florida","FL","12","NEW PORT RICHEY","FL","34652","2024","31-JAN-24","2024","202401319601214415"
"H4VA02078","DENTON, JAKE","Democratic Party","DEM","House","H","Virginia","VA","02","VIRGINIA BEACH","VA","23451","2024","31-JAN-24","2024","202401319607707546"
"H4NC10153","WARREN, DARREN","Unaffiliated","UN","House","H","North Carolina","NC","10","TAYLORSVILLE","NC","28681","2024","31-JAN-24","2024","202401319607721733"
"H8NC04090","LOOR, STEVE ALBERT MR.","Republican Party","REP","House","H","North Carolina","NC","13","RALEIGH","NC","27603","2024","31-JAN-24","2024","202401319607858752"
"H0AL01097","AVERHART, JAMES","Democratic Party","DEM","House","H","Alabama","AL","02","MOBILE","AL","36602","2024","31-JAN-24","2024","202401319607932975"
"H4NC13165","LOOR, STEVE ALBERT","Republican Party","REP","House","H","North Carolina","NC","13","RALEIGH","NC","27603","2024","31-JAN-24","2024","202401319608013940"
"H4GA06152","THOMAS, MAANDISHA A","Democratic Party","DEM","House","H","Georgia","GA","06","ATLANTA","GA","30349","2024","31-JAN-24","2024","202401319608180609"
"H4TX38037","THOMAS, GION CHRISTOPHER","Democratic Party","DEM","House","H","Texas","TX","38","KATY","TX","77493","2024","31-JAN-24","2024","202401319618344493"
"S4ME00139","ALCALA, NATASHA","Democratic Party","DEM","Senate","S","Maine","ME","00","MADAWASKA","ME","04756","2024","31-JAN-24","2024","202401319600708089"
"H0GA03074","ALMONORD, VALBRUN","Democratic Party","DEM","House","H","Georgia","GA","03","COLUMBUS","GA","31904","2024","30-JAN-24","2024","202401309600674704"
"H4OH06215","FARMS, WILLIAM","Republican Party","REP","House","H","Ohio","OH","06","JEWETT","OH","43986","2024","30-JAN-24","2024","202401309600618195"
"P40018954","BARTELKIN (COLIN S NELSON), JACQUES FRANCIS WRIGHT REV.","Republican Party","REP","President","P","United States","00","00","SAN FRANCISCO","CA","94102","2024","30-JAN-24","2024","202401309600641385"
"P40018962","LAMB, BEVERLY ELLEN","Independent","IND","President","P","United States","00","00","GLEN ECHO","MD","20816","2024","30-JAN-24","2024","202401309600648597"
"H4TX33061","JACKSON, PAYTON","Independent","IND","House","H","Texas","TX","33","DALLAS","TX","75212","2024","30-JAN-24","2024","202401309600666270"
"H4OR03218","HARBOUR, JOANNA","Republican Party","REP","House","H","Oregon","OR","03","ESTACADA","OR","97023","2024","30-JAN-24","2024","202401309600667231"
"H4MD02232","OLSZEWSKI, JOHN ANTHONY JR.","Democratic Party","DEM","House","H","Maryland","MD","02","BALTIMORE","MD","21211","2024","30-JAN-24","2024","202401309600613347"
"H4FL13226","BOUSBAR, SABRINA","Democratic Party","DEM","House","H","Florida","FL","13","LARGO","FL","33770","2024","30-JAN-24","2024","202401309600586217"
"H4MD03289","COBURN, MICHAEL","Democratic Party","DEM","House","H","Maryland","MD","03","ANNAPOLIS","MD","21403","2024","30-JAN-24","2024","202401309600590468"
"H4MD03297","KHAN, AISHA S","Democratic Party","DEM","House","H","Maryland","MD","03","CATONSVILLE","MD","212281036","2024","30-JAN-24","2024","202401309600608355"
"S4MN00510","FRASER, JOSEPH","Republican Party","REP","Senate","S","Minnesota","MN","00","EXCELSIOR","MN","55331","2024","30-JAN-24","2024","202401309600610237"
"P40018947","FERRER ROIG, RAMON FERNANDO","American Independent Party","AIP","President","P","United States","00","00","YORK","PA","17403","2024","30-JAN-24","2024","202401309600610714"
"H4WA55015","HOLLOWAY NORRIS, STEPHANIE ANNE","Independent","IND","House","H","Washington","WA","55","SPOKANE","WA","99202","2024","30-JAN-24","2024","202401309600613286"
"P40018970","MONTGOMERY, RICHARD THOMAS MR.","Write-In","W","President","P","United States","00","00","REDDING","CA","96003","2024","30-JAN-24","2024","202401309600694137"
"H4SC03194","ADAMS, ANDREW JOSHUA","Republican Party","REP","House","H","South Carolina","SC","03","PIEDMONT","SC","29673","2024","29-JAN-24","2024","202401299600457497"
"H8FL10066","DARIUS, WADESON","Democratic Party","DEM","House","H","Florida","FL","10","ORLANDO","FL","32811","2024","29-JAN-24","2024","202401299600583521"
"H4FL27028","ARIAS, VINCENT MICHAEL","Republican Party","REP","House","H","Florida","FL","27","MIAMI, FL","FL","33133","2024","29-JAN-24","2024","202401299600478864"
"P40018921","COLLINS, JOSEPH COLLINS MR. JR","Libertarian Party","LIB","President","P","United States","00","00","INGLEWOOD","CA","90302","2024","29-JAN-24","2024","202401299600527838"
"H4WA02173","BINDA, JOSHUA","Democratic Party","DEM","House","H","Washington","WA","02","EVERETT","WA","98204","2024","29-JAN-24","2024","202401299600529696"
"H4MN03142","PAGE, JAMES JAMIE","Republican Party","REP","House","H","Minnesota","MN","03","PLYMOUTH","MN","55442","2024","29-JAN-24","2024","202401299600549810"
"H4NY05122","MOORE, DWAYNE H.","Republican Party","REP","House","H","New York","NY","05","ROSEDALE","NY","11422","2024","29-JAN-24","2024","202401299600550534"
"H4LA06211","FIELDS, CLEO","Democratic Party","DEM","House","H","Louisiana","LA","06","BATON ROUGE","LA","70805","2024","29-JAN-24","2024","202401299600552229"
"H4PA11094","ATKINSON, JAMES FREDRICK","Democratic Party","DEM","House","H","Pennsylvania","PA","11","LANCASTER","PA","17603","2024","29-JAN-24","2024","202401299600564452"
"S4NV00379","CUNNINGHAM, CHRIS","Libertarian Party","LIB","Senate","S","Nevada","NV","00","LAS VEGAS","NV","89103","2024","29-JAN-24","2024","202401299600565543"
"H4UT03310","WILSON, ZACH","Republican Party","REP","House","H","Utah","UT","03","DRAPER","UT","84120","2024","29-JAN-24","2024","202401299600565616"
"H4SC03202","JONES, STEWART","Republican Party","REP","House","H","South Carolina","SC","03","LAURENS","SC","29360","2024","29-JAN-24","2024","202401299600570221"
"H4TX21116","KING, BOB","Libertarian Party","LIB","House","H","Texas","TX","21","NEW BRAUNFELS","TX","78130","2024","29-JAN-24","2024","202401299600570960"
"H4VA06046","WELLS, ROBERT CARR MR. JR.","Independent","IND","House","H","Virginia","VA","06","ROANOKE","VA","24019","2024","29-JAN-24","2024","202401299600574165"
"P40018939","LITTLE, TYLER J","American Independent Party","AIP","President","P","New Mexico","NM","00","ALBUQUERQUE","NM","87111","2024","29-JAN-24","2024","202401299600580786"
"H2CA18148","RADING, AJWANG","Democratic Party","DEM","House","H","California","CA","16","PALO ALTO","CA","94306","2024","29-JAN-24","2024","202401299600463595"
"P40018905","BENGE, SARAH JO MS","Libertarian Party","LIB","President","P","United States","00","00","NEW ROSS","IN","47968","2024","28-JAN-24","2024","202401289600450570"
"H4FL10149","DARIUS, WADESON WADE","Democratic Party","DEM","House","H","Florida","FL","10","ORLANDO","FL","32811","2024","28-JAN-24","2024","202401289600456251"
"P40018913","MENELIK I, DAWSON THE PRINCE OF LOVE","Independent","IND","President","P","United States","00","00","ANCHORAGE","AK","99510","2024","28-JAN-24","2024","202401289600453693"
"H4FL09182","CHALIFOUX, THOMAS E. JR.","Republican Party","REP","House","H","Florida","FL","09","ORLANDO","FL","32837","2024","27-JAN-24","2024","202401279600449487"
"H4MD06365","WILKS, ALTIMONT","Democratic Party","DEM","House","H","Maryland","MD","06","HAGERSTOWN","MD","21740","2024","26-JAN-24","2024","202401269600421519"
"H4NY15147","VEGA, JOSE DAVID","Unaffiliated","UN","House","H","New York","NY","15","BRONX","NY","10459","2024","26-JAN-24","2024","202401269600430877"
"H4SC01321","HANLON, DANIEL","Republican Party","REP","House","H","South Carolina","SC","01","HILTON HEAD ISLAND","SC","29928","2024","26-JAN-24","2024","202401269600436127"
"H2CA12257","NUERGE, NED","Republican Party","REP","House","H","California","CA","12","OAKLAND","CA","94602","2024","26-JAN-24","2024","202401269600436238"
"S4MD00459","WILDMAN, ANDREW JAYE","Democratic Party","DEM","Senate","S","Maryland","MD","00","WESTMINSTER","MD","21157","2024","26-JAN-24","2024","202401269600421460"
"S4TX00847","DUBOIS, CODY WILLIAM","Republican Party","REP","Senate","S","Texas","TX","00","ROPESVILLE","TX","79358","2024","26-JAN-24","2024","202401269600407325"
"H4IN08249","MESSMER, MARK MR.","Republican Party","REP","House","H","Indiana","IN","08","INDIANAPOLIS","IN","46244","2024","26-JAN-24","2024","202401269600418821"
"S4TX00854","DUBOIS, CODY WILLIAM","Republican Party","REP","Senate","S","Texas","TX","00","ROPESVILLE","TX","79358","2024","26-JAN-24","2024","202401269600419191"
"H4IN04255","HOLDER, DERRICK ROSS","Democratic Party","DEM","House","H","Indiana","IN","04","MARTINSVILLE","IN","46151","2024","26-JAN-24","2024","202401269600443201"
"H4TX14129","DUDLEY, STEPHEN PAUL","Independent","IND","House","H","Texas","TX","14","LEAGUE CITY","TX","77573","2024","25-JAN-24","2024","202401259600282633"
"H4PR01077","RAMIREZ MORALES, VIVIANA","Republican Party","REP","House","H","Puerto Rico","PR","00","BAYAMON","PR","00959","2024","25-JAN-24","2024","202401259600283533"
"H4MD03271","STEINBERGER, ROBERT J","Republican Party","REP","House","H","Maryland","MD","03","ARNOLD","MD","21012","2024","25-JAN-24","2024","202401259600303828"
"H4DE10010","BLAND, DEXTER","Democratic Party","DEM","House","H","Delaware","DE","00","WILMINGTON","DE","19805","2024","25-JAN-24","2024","202401259600298581"
"H4SC03186","ORR, PATRICK","Republican Party","REP","House","H","South Carolina","SC","03","PENDLETON","SC","29670","2024","25-JAN-24","2024","202401259600297699"
"H4CO05188","PARELLA, CORY MR.","Republican Party","REP","House","H","Colorado","CO","05","AURORA","CO","80014","2024","24-JAN-24","2024","202401249600248227"
"P40018897","AREVALO, NORMAN","Independent","IND","President","P","United States","00","00","ARLINGTON","VA","22202","2024","24-JAN-24","2024","202401249600248228"
"S4WV00407","MCNULTY, JANET","Republican Party","REP","Senate","S","West Virginia","WV","00","MARTINSBURG","WV","25404","2024","24-JAN-24","2024","202401240300458806"
"H4NY20162","BROWN, MASON JOSEPH","Democratic Party","DEM","House","H","New York","NY","20","SCHENECTADY","NY","12306","2024","24-JAN-24","2024","202401249600239305"
"S4ME00121","KOUZOUNAS, DEMI","Republican Party","REP","Senate","S","Maine","ME","00","SACO","ME","04072","2024","24-JAN-24","2024","202401249600245598"
"P40018889","NEWMAN, SHANTELL","Democratic Party","DEM","President","P","United States","00","00","NEW CASTLE","DE","19720","2024","24-JAN-24","2024","202401249600241506"
"H4CA44173","GROH, ROGER","Republican Party","REP","House","H","California","CA","44","SAN PEDRO","CA","90732","2024","24-JAN-24","2024","202401249600241746"
"H2MD06138","WALLACE, DAVID DRAIN II","Republican Party","REP","House","H","Maryland","MD","02","WESTMINSTER","MD","21157","2024","24-JAN-24","2024","202401249600242666"
"H4AL01255","HOLMES, THOMAS BETHUNE MR.","Democratic Party","DEM","House","H","Alabama","AL","01","MOBILE","AL","366952916","2024","24-JAN-24","2024","202401249600244669"
"S4WV00399","ELLIOTT, GLENN FREDERICK MR. JR.","Democratic Party","DEM","Senate","S","West Virginia","WV","00","WHEELING","WV","26003","2024","24-JAN-24","2024","202401249600239713"
"P40018871","MONARCH, EDDIE","American Party","AMP","President","P","United States","00","00","UNION CITY","OK","73090","2024","23-JAN-24","2024","202401230300458638"
"H4NJ06133","FEGLER, SCOTT MICHAEL MR.","Republican Party","REP","House","H","New Jersey","NJ","06","HIGHLANDS","NJ","07732","2024","23-JAN-24","2024","202401239600223602"
"H4NE01189","BLOOD, CAROL","Democratic Party","DEM","House","H","Nebraska","NE","01","BELLEVUE","NE","68123","2024","23-JAN-24","2024","202401239600153337"
"P40018863","RODDEN, PAUL DAVID","United Citizen","UC","President","P","United States","00","00","SACRAMENTO","CA","95819","2023","23-JAN-24","2024","202401239600146705"
"H4NE02096","FREI, DSNIEL EDWARD","Republican Party","REP","House","H","Nebraska","NE","02","OMAHA","NE","68154","2024","22-JAN-24","2024","202401229600143512"
"H4WA09087","ISHII, DAVID TADASHI","Democratic Party","DEM","House","H","Washington","WA","09","SEATTLE","WA","98144","2024","22-JAN-24","2024","202401229600134887"
"H4VA07333","MARTIN, MARIA EUGENIA","Republican Party","REP","House","H","Virginia","VA","07","TRIANGLE","VA","22172","2024","22-JAN-24","2024","202401229600139669"
"H0PA05094","PRUETT, DASHA","Republican Party","REP","House","H","Pennsylvania","PA","05","DREXEL HILL","PA","19026","2024","22-JAN-24","2024","202401229600145746"
"H4TX25208","CRABB, VINCENT DARRELL","Republican Party","REP","House","H","Texas","TX","25","MIDLOTHIAN","TX","76065","2024","22-JAN-24","2024","202401229600143769"
"H4CO05170","EDGAR, JOHN ROBERT","Democratic Party","DEM","House","H","Colorado","CO","05","COLORADO SPRINGS","CO","80905","2024","22-JAN-24","2024","202401229600145019"
"H4ND00053","BECKER, RICK","Republican Party","REP","House","H","North Dakota","ND","00","BISMARCK","ND","58501","2024","22-JAN-24","2024","202401229600139693"
"H4NC07126","MASCIA, JOSEPH EDWARD","Progressive Party","PRO","House","H","North Carolina","NC","07","WILMINGTON","NC","28405","2024","21-JAN-24","2024","202401219600130503"
"H4IA04139","VIRGIL, KEVIN","Republican Party","REP","House","H","Iowa","IA","04","SUTHERLAND","IA","51058","2024","21-JAN-24","2024","202401219600129707"
"H4WI01189","TRUEBLOOD, STEVEN","Republican Party","REP","House","H","Wisconsin","WI","01","JANESVILLE","WI","53545","2024","21-JAN-24","2024","202401219600130385"
"H4NJ03221","SCHOENGOOD, SARAH","Democratic Party","DEM","House","H","New Jersey","NJ","03","FREEHOLD","NJ","07728","2024","21-JAN-24","2024","202401219600130374"
"H4NC10146","FELDMAN, STEVEN","Libertarian Party","LIB","House","H","North Carolina","NC","10","WINSTON-SALEM","NC","27106","2024","21-JAN-24","2024","202401219600130031"
"H4IN08231","HURT, ERIK DAVID MR.","Democratic Party","DEM","House","H","Indiana","IN","08","EVANSVILLE","IN","47714","2024","20-JAN-24","2024","202401209600128015"
"H4MN03134","KOHLER, BRAD J MR","Republican Party","REP","House","H","Minnesota","MN","03","CHAMPLIN","MN","55316","2024","19-JAN-24","2024","202401199600116476"
"H4CT04189","MIRESSI, DAN","Republican Party","REP","House","H","Connecticut","CT","04","NORWALK","CT","06851","2024","19-JAN-24","2024","202401199600116477"
"H4GA03100","KELLER, MAURA","Democratic Party","DEM","House","H","Georgia","GA","03","FAYETTEVILLE","GA","30215","2024","19-JAN-24","2024","202401199600117419"
"P40018830","SNYDER, MICHAEL","Republican Party","REP","President","P","United States","00","00","EAST NORTHPORT","NY","11731","2024","19-JAN-24","2024","202401199600126364"
"P40018814","THORN, CHRISTOPHER THOMAS MR.","Independent","IND","President","P","United States","00","00","MATAMORAS","PA","18336","2024","19-JAN-24","2024","202401199600122849"
"H4PA14106","DZIADOS, CHRISTOPHER RYAN","Democratic Party","DEM","House","H","Pennsylvania","PA","14","WASHINGTON","DC","20002","2024","19-JAN-24","2024","202401199600123568"
"H4NV03217","NADELL, BRIAN","Republican Party","REP","House","H","Nevada","NV","03","LAS VEGAS","NV","89148","2024","19-JAN-24","2024","202401199600125754"
"H2GA02163","JOHNSON, ARTHUR WAYNE","Republican Party","REP","House","H","Georgia","GA","02","MACON","GA","31208","2024","19-JAN-24","2024","202401199600122029"
"H4MI08234","NEELEY, SHELDON","Democratic Party","DEM","House","H","Michigan","MI","08","FLINT","MI","48504","2024","18-JAN-24","2024","202401180300457979"
"H4CA11198","MIKELS, MARJORIE MS","Democratic Party","DEM","House","H","California","CA","11","OAKLAND","CA","94602","2024","18-JAN-24","2024","202401189600109256"
"H4OR03200","JONAS, MICHAEL","Democratic Party","DEM","House","H","Oregon","OR","03","PORTLAND","OR","97214","2024","18-JAN-24","2024","202401189600109584"
"H4SC01313","BIGGS, SHERI","Republican Party","REP","House","H","South Carolina","SC","01","ANDERSON","SC","29622","2024","18-JAN-24","2024","202401189600113107"
"S4PA00303","TOMASETTI, BRANDI","Republican Party","REP","Senate","S","Pennsylvania","PA","00","LANCASTER","PA","17603","2024","18-JAN-24","2024","202401189600114917"
"H2NJ04249","DANIELS, PAMELA RENEE MS","Democratic Party","DEM","House","H","New Jersey","NJ","04","BRICK","NJ","08724","2024","18-JAN-24","2024","202401189600106404"
"H4OR05320","DAVIE, MATTHEW","Democratic Party","DEM","House","H","Oregon","OR","05","BEND","OR","97709","2024","18-JAN-24","2024","202401189600106632"
"H2MD07094","DAVIS, TASHI KIMANDUS MR.","Democratic Party","DEM","House","H","Maryland","MD","07","TOWSON","MD","21204","2024","18-JAN-24","2024","202401189600107132"
"S4NM00217","KWASNY, ROBERT","Republican Party","REP","Senate","S","New Mexico","NM","00","ALBUQUERQUE","NM","87123","2024","18-JAN-24","2024","202401189600100722"
"H4NY14124","RINALDI, JONATHAN","Republican Party","REP","House","H","New York","NY","14","QUEENS","NY","11375","2024","17-JAN-24","2024","202401179600099041"
"H2NV04029","SCHWARTZ, DANIEL MARK","Republican Party","REP","House","H","Nevada","NV","03","ALEXANDRIA","NV","22314","2024","17-JAN-24","2024","202401179600090771"
"H4MO01142","JONES, ANDREW","Republican Party","REP","House","H","Missouri","MO","01","ST LOUIS","MO","63110","2024","17-JAN-24","2024","202401179600091284"
"H4VA07325","BEDELL, CARL","Democratic Party","DEM","House","H","Virginia","VA","07","ARLINGTON","VA","22203","2024","17-JAN-24","2024","202401179600091837"
"S4NJ00540","BASHAW, CURTIS","Republican Party","REP","Senate","S","New Jersey","NJ","00","EDISON","NJ","08818","2024","17-JAN-24","2024","202401179600094805"
"H4SC03178","HEALY, PHILIP MARK MR","Republican Party","REP","House","H","South Carolina","SC","03","GREENVILLE, SC","SC","29611","2024","17-JAN-24","2024","202401179600096689"
"H4NJ03213","COHN, JOSEPH","Democratic Party","DEM","House","H","New Jersey","NJ","03","LUMBERTON","NJ","08048","2024","17-JAN-24","2024","202401179600097552"
"H4CO05162","GARDNER, ROBERT STEWART","Republican Party","REP","House","H","Colorado","CO","05","COLORADO SPRINGS","CO","80906","2024","17-JAN-24","2024","202401179600098161"
"H4MI08226","HUDSON, ANTHONY JASON","Republican Party","REP","House","H","Michigan","MI","08","GRAND BLANC","MI","48480","2024","17-JAN-24","2024","202401179600098513"
"S4NV00361","OKUBO, CHRISTOPHER T","Libertarian Party","LIB","Senate","S","Nevada","NV","00","LAS VEGAS","NV","89113","2024","17-JAN-24","2024","202401179600098619"
"H4IN08223","MOSS, RICHARD","Republican Party","REP","House","H","Indiana","IN","08","JASPER","IN","47546","2024","17-JAN-24","2024","202401179600098820"
"H0VA10186","ANDREWS, ALISCIA","Republican Party","REP","House","H","Virginia","VA","10","CATHARPIN","VA","20143","2024","17-JAN-24","2024","202401179600098924"
"H4IN06136","SPEEDY, MIKE","Republican Party","REP","House","H","Indiana","IN","06","GREENWOOD","IN","46247","2024","17-JAN-24","2024","202401179600099029"
"P60004991","LLOYD, JUNE LA'GAY","Independent","IND","President","P","United States","00","00","DALLAS","TX","75204","2024","17-JAN-24","2024","202401180300458027"
"H4TX17130","WINKLE, JAMES MICHAEL","Unknown","","House","H","Texas","TX","","CEDAR PARK","TX","78613","2024","17-JAN-24","2024","202401170300457641"
"H4CT03090","LEE, ISAIAH","Democratic Party","DEM","House","H","Connecticut","CT","03","NEW HAVEN","CT","06515","2024","16-JAN-24","2024","202401169600090622"
"H4CO03431","O'CONNELL, AUSTIN LUTHER","Republican Party","REP","House","H","Colorado","CO","03","GLENWOOD SPRINGS","CO","81601","2024","16-JAN-24","2024","202401169600077150"
"H4MO07156","HESKETH, MISSI MS.","Democratic Party","DEM","House","H","Missouri","MO","07","FORSYTH","MO","65653","2024","16-JAN-24","2024","202401169600077246"
"H4NY14116","BRUNETTIIS, STEFANIA MS.","Republican Party","REP","House","H","New York","NY","14","BRONX","NY","10462","2024","16-JAN-24","2024","202401169600077837"
"S4NM00183","DOMENICI, NELLA LOUISE","Republican Party","REP","Senate","S","New Mexico","NM","00","ALBUQUERQUE","NM","87199","2024","16-JAN-24","2024","202401169600077842"
"H4GA07317","CAPPARELL, CHRISTOPHER PAUL","Democratic Party","DEM","House","H","Georgia","GA","07","SNELLVILLE","GA","30039","2024","16-JAN-24","2024","202401169600078626"
"H4IA02083","KEPHART, STEPHEN JOSEPH MR","Republican Party","REP","House","H","Iowa","IA","02","CEDAR RAPIDS","IA","52404","2024","16-JAN-24","2024","202401169600090347"
"P40018749","LYONS, SEAN","Republican Party","REP","President","P","United States","00","00","SCOTTSDALE","AZ","85255","2024","16-JAN-24","2024","202401169600080608"
"S4TX00821","HASSAN, AHMAD","Democratic Party","DEM","Senate","S","Texas","TX","00","KATY","TX","77450","2024","16-JAN-24","2024","202401169600088440"
"S4NM00209","ROBERTS, JOHN THOMAS","Republican Party","REP","Senate","S","New Mexico","NM","00","ANTHONY","NM","88021","2024","16-JAN-24","2024","202401169600090097"
"H4CO05154","PUGLIESE, ROSE","Republican Party","REP","House","H","Colorado","CO","05","COLORADO SPRINGS","CO","80920","2024","16-JAN-24","2024","202401169600090123"
"S4UT00316","WALTON, JASON","Republican Party","REP","Senate","S","Utah","UT","00","PROVO","UT","84601","2024","16-JAN-24","2024","202401169600090132"
"S4NM00191","ROBERTS, JOHN THOMAS","Republican Party","REP","Senate","S","New Mexico","NM","00","ANTHONY","NM","88021","2024","16-JAN-24","2024","202401169600078642"
"H4TX29051","FIERRO, ANGEL IDALIS","Republican Party","REP","House","H","Texas","TX","29","HOUSTON","TX","77023","2024","15-JAN-24","2024","202401159600070026"
"P40018731","PERALES JR, MARIO A","Libertarian Party","LIB","President","P","United States","00","00","MUSCATINE","IA","52761","2024","15-JAN-24","2024","202401159600075981"
"P40018723","COULTER, JOSHUA","Independent","IND","President","P","United States","00","00","NORTH FORT MYERS","FL","33903","2024","15-JAN-24","2024","202401159600071547"
"H4OK03079","CARDER, ROBIN MS","Republican Party","REP","House","H","Oklahoma","OK","03","SAND SPRINGS","OK","74063","2024","14-JAN-24","2024","202401149600069753"
"S4NJ00532","MURPHY, JUSTIN MICHAEL LL.M.","Republican Party","REP","Senate","S","New Jersey","NJ","00","MEDFORD","NJ","08055","2024","14-JAN-24","2024","202401149600069708"
"H4NY26094","MCMURRAY, NATHAN DOUGLAS","Democratic Party","DEM","House","H","New York","NY","26","GRAND ISLAND","NY","14072","2024","14-JAN-24","2024","202401149600069684"
"P40018715","MANNING, PAUL","Citizens' Party","CIT","President","P","United States","00","00","TOLEDO","OH","43605","2024","14-JAN-24","2024","202401149600064346"
"P40018699","REDMOND, JACOB THOMAS","Republican Party","REP","President","P","California","CA","00","TUSTIN, CA","CA","92780","2024","13-JAN-24","2024","202401139600051595"
"H4LA06203","SYKES, JEFFREY","Green Party","GRE","House","H","Louisiana","LA","06","HOLDEN","LA","70744","2024","13-JAN-24","2024","202401139600063292"
"S4GA11384","CAPPARELL, CHRIS","Democratic Party","DEM","Senate","S","Georgia","GA","00","SNELLVILLE","GA","30039","2024","13-JAN-24","2024","202401139600063291"
"S4DE00128","KATZ, MIKE DR.","Independent","IND","Senate","S","Delaware","DE","00","WILMINGTON","DE","19807","2024","12-JAN-24","2024","202401129600041029"
"P40018673","AKERS, BIKERBOB MR.","Independent","IND","President","P","United States","00","00","FREELAND","WA","98249","2024","12-JAN-24","2024","202401129600046884"
"H4UT03302","BIRD, ROD JR.","Republican Party","REP","House","H","Utah","UT","03","ROOSEVELT","UT","84066","2024","12-JAN-24","2024","202401129600049804"
"H4NY24131","WAGENHAUSER, DAVID","Democratic Party","DEM","House","H","New York","NY","24","WATERLOO","NY","13165","2024","12-JAN-24","2024","202401129600040973"
"H4TX15142","VILLARREAL RIGNEY, JOHN","Democratic Party","DEM","House","H","Texas","TX","15","MCALLEN","TX","78504","2024","12-JAN-24","2024","202401129600051001"
"P40018665","MAWRI, NADA","No Party Affiliation","NPA","President","P","United States","00","00","DEARBORN","MI","48126","2024","12-JAN-24","2024","202401129600040971"
"H2CA36496","HAKAMI, ARIANA","Republican Party","REP","House","H","California","CA","36","REDONDO BEACH","CA","90277","2024","12-JAN-24","2024","202401129600040972"
"P40018681","SOARES, ABILIO VIVEIROS","Other","OTH","President","P","United States","00","00","FAIRHAVEN","MA","02719","2024","12-JAN-24","2024","202401129600050858"
"H6CO05142","CRANK, JEFFREY G","Republican Party","REP","House","H","Colorado","CO","05","COLORADO SPRINGS","CO","80920","2024","11-JAN-24","2024","202401119600031660"
"P40018657","HARTFORD, JAMES SHELDEN","Non-Party","NON","President","P","United States","00","00","STILLWATER","OK","74076","2024","11-JAN-24","2024","202401110300457190"
"P00017467","CORTESE, PHILIP","Unknown","UNK","President","P","United States","00","00","MASSENA","NY","13662","2024","11-JAN-24","2024","202401110300457223"
"H0MO03237","WILKINSON, BRANDON","Republican Party","REP","House","H","Missouri","MO","03","FENTON","MO","63026","2024","11-JAN-24","2024","202401119600023881"
"H4NH00013","ABRAMSON, MAX","Republican Party","REP","House","H","New Hampshire","NH","00","MERRIMACK","NH","03054","2024","11-JAN-24","2024","202401119600023890"
"H4MS02209","SMITH, ANDREW SCOTT MR.","Republican Party","REP","House","H","Mississippi","MS","02","FLORENCE","MS","39073","2024","11-JAN-24","2024","202401119600034282"
"P40018640","MAYES, LESLIE ANN","No Party Affiliation","NPA","President","P","United States","00","00","BATESVILLE","IN","47006","2024","11-JAN-24","2024","202401119600029702"
"H4PA07142","ALWALAH, JENN A","Democratic Party","DEM","House","H","Pennsylvania","PA","07","ALLENTOWN","PA","18102","2024","11-JAN-24","2024","202401119600029889"
"S4MI00678","WILSON, GLENN ALLEN","Republican Party","REP","Senate","S","Michigan","MI","00","IONIA","MI","48846","2024","11-JAN-24","2024","202401119600029925"
"H4FL04068","SCHAEFER, TODD","Write-In","W","House","H","Florida","FL","04","FERNANDINA BEACH","FL","32034","2024","11-JAN-24","2024","202401119600034137"
"H4CA01223","MEEKS MILOJEVICH, JANAI","Democratic Party","DEM","House","H","California","CA","01","CORNING","CA","96021","2024","11-JAN-24","2024","202401119600029680"
"S4NM00175","GONZALES, MANUEL MANNY III","Republican Party","REP","Senate","S","New Mexico","NM","00","ALBUQUERQUE","NM","87120","2024","10-JAN-24","2024","202401109600023799"
"H4CA11180","NICHELSON, LARRY","Republican Party","REP","House","H","California","CA","11","SAN FRANCISCO","CA","94164","2024","10-JAN-24","2024","202401109600023289"
"S4PA00196","VODVARKA, JOSEPH JOHN","Republican Party","REP","Senate","S","Pennsylvania","PA","00","CLINTON","PA","15026","2024","10-JAN-24","2024","202401109600012252"
"H4TX31099","PFEIL, RICK","Democratic Party","DEM","House","H","Texas","TX","31","TAYLOR","TX","76574","2024","10-JAN-24","2024","202401109600012427"
"H4ID02105","CLEVELAND, SCOTT","Republican Party","REP","House","H","Idaho","ID","02","GARDEN CITY","ID","83714","2024","10-JAN-24","2024","202401109600012833"
"H4VA10329","ISAAC, ALEXANDER HORMIS MR. JR.","Republican Party","REP","House","H","Virginia","VA","10","LEESBURG","VA","20176","2024","10-JAN-24","2024","202401109600012942"
"S4UT00308","GLEICH, CAROLINE","Democratic Party","DEM","Senate","S","Utah","UT","00","PARK CITY","UT","84098","2024","10-JAN-24","2024","202401109600015928"
"H4GA03092","JENKINS, DAVID","Republican Party","REP","House","H","Georgia","GA","03","GRANTVILLE","GA","30220","2024","10-JAN-24","2024","202401109600016058"
"H4PA17174","VODVARKA, JESSE JAMES","Republican Party","REP","House","H","Pennsylvania","PA","17","MC KEES ROCKS","PA","15136","2024","10-JAN-24","2024","202401109600016071"
"H4NC10138","ELLER, CHARLES IVEY MR.","Republican Party","REP","House","H","North Carolina","NC","10","DAVIDSON","NC","28036","2024","10-JAN-24","2024","202401109600020733"
"H4NC13157","PIERCE, FRANK","Democratic Party","DEM","House","H","North Carolina","NC","13","RALEIGH","NC","27602","2024","10-JAN-24","2024","202401109600021819"
"H4NY04190","DENENBERG, DAVID W","Democratic Party","DEM","House","H","New York","NY","04","MERRICK","NY","11566","2024","10-JAN-24","2024","202401109600021889"
"H2CO05216","WILLIAMS, DAVID","Republican Party","REP","House","H","Colorado","CO","05","COLORADO SPRINGS","CO","80922","2024","10-JAN-24","2024","202401109600022385"
"H4NJ06125","LARGEY, BRIAN","Republican Party","REP","House","H","New Jersey","NJ","06","NORTH MIDDLETOWN","NJ","07748","2024","10-JAN-24","2024","202401109600022386"
"H4MD02224","BHANDARI, HARRY","Democratic Party","DEM","House","H","Maryland","MD","02","PARKVILLE","MD","21234","2024","10-JAN-24","2024","202401109600022548"
"S4CA00944","SIGMON, MICHAEL R","New Progressive Party","NPP","Senate","S","California","CA","00","CHARLESTON, WV","WV","25306","2024","10-JAN-24","2024","202401109600022946"
"H4CO03423","VARELA, STEPHEN A","Republican Party","REP","House","H","Colorado","CO","03","PUEBLO","CO","81004","2024","10-JAN-24","2024","202401109600023808"
"H0GA13032","CRANE, MICHAEL ROBERT","Republican Party","REP","House","H","Georgia","GA","03","FRANKLIN","GA","30217","2024","09-JAN-24","2024","202401099600003478"
"H4CA06180","BARAJAS, ADAN JOSEPH","Democratic Party","DEM","House","H","California","CA","06","SACRAMENTO","CA","95833","2024","09-JAN-24","2024","202401099599993851"
"H4VA10311","MCDADE, CLAIR MARIE","Republican Party","REP","House","H","Virginia","VA","10","MCLEAN","VA","22102","2024","09-JAN-24","2024","202401099599994327"
"H4MT02114","BOGNER, KEN","Republican Party","REP","House","H","Montana","MT","02","MILES CITY","MT","59301","2024","09-JAN-24","2024","202401099599995071"
"P40018624","WILLIAMS, STACEY ALLEN MR.","Independent","IND","President","P","United States","00","00","INYOKERN","CA","93527","2024","09-JAN-24","2024","202401099600004791"
"H0FL09115","CASTILLO, JOSE","Republican Party","REP","House","H","Florida","FL","09","DAVENPORT","FL","33836","2024","09-JAN-24","2024","202401099599995981"
"H4TX22205","KHAN, SAER AHMED","Libertarian Party","LIB","House","H","Texas","TX","22","KATY","TX","77494","2024","09-JAN-24","2024","202401099600003692"
"H4UT02387","JENKINS, COLBY C","Republican Party","REP","House","H","Utah","UT","02","ST GEORGE","UT","84770","2024","09-JAN-24","2024","202401099600004755"
"H4OK03061","HAMILTON, DARREN","Republican Party","REP","House","H","Oklahoma","OK","03","FORT SUPPLY","OK","73841","2024","09-JAN-24","2024","202401099600004790"
"H4WV02254","WALKER, CHRISTOPHER","Republican Party","REP","House","H","West Virginia","WV","02","MARTINSBURG","WV","25404","2024","09-JAN-24","2024","202401099599995411"
"H2PA09126","WALDMAN, AMANDA","Democratic Party","DEM","House","H","Pennsylvania","PA","09","MONTOURSVILLE","PA","17754","2024","08-JAN-24","2024","202401089599991952"
"H4CO03415","HERNANDEZ, FRANK","Independent","IND","House","H","Colorado","CO","03","MONTROSE","CO","81403","2024","08-JAN-24","2024","202401089599993507"
"H4UT03286","DOUGALL, JOHN","Republican Party","REP","House","H","Utah","UT","03","PROVO","UT","84601","2024","08-JAN-24","2024","202401089599983353"
"H4GA14099","BLALOCK, CLARENCE","Democratic Party","DEM","House","H","Georgia","GA","14","HIRAM","GA","30141","2024","08-JAN-24","2024","202401089599983358"
"H4CO01161","ARCHULETA, VALDAMAR","Republican Party","REP","House","H","Colorado","CO","01","DENVER","CO","80204","2024","08-JAN-24","2024","202401089599989312"
"H4KY06171","KELLY, DURAND TODD","Democratic Party","DEM","House","H","Kentucky","KY","06","LEXINGTON","KY","40510","2024","08-JAN-24","2024","202401089599991446"
"H4NY23075","CARLE, THOMAS A","Democratic Party","DEM","House","H","New York","NY","23","FREDONIA","NY","14063","2024","08-JAN-24","2024","202401089599991514"
"P40018616","PINO, NIKKI MR","Independent","IND","President","P","United States","00","00","CEDAR HILLS","UT","84062","2024","08-JAN-24","2024","202401089599991542"
"H4ID02097","HIGGINS, SEAN","Republican Party","REP","House","H","Idaho","ID","02","BOISE","ID","83703","2024","08-JAN-24","2024","202401089599993064"
"H4CO03407","HANKS, RON","Republican Party","REP","House","H","Colorado","CO","03","GRAND JUNCTION","CO","81501","2024","08-JAN-24","2024","202401089599993378"
"H2IN01206","LUCAS, MARTIN","Republican Party","REP","House","H","Indiana","IN","01","SCHERERVILLE","IN","46375","2024","07-JAN-24","2024","202401079599982297"
"P40018608","MCBRIDE, AUSTIN PRESIDENT","No Party Affiliation","NPA","President","P","United States","00","00","BOULDER","UT","84716","2024","07-JAN-24","2024","202401079599980665"
"H4VA03068","WILLIAMS, SHANISE T","Independent","IND","House","H","Virginia","VA","03","CHESAPEAKE","VA","23321","2024","06-JAN-24","2024","202401069599978802"
"H4NY24123","GIOIA, PHILLIP DR.","Republican Party","REP","House","H","New York","NY","24","AUBURN","NY","13021","2024","06-JAN-24","2024","202401069599980207"
"P40018590","MARINA, KRISTIN","Independent","IND","President","P","United States","00","00","NEWPORT","OR","97365","2024","06-JAN-24","2024","202401069599980529"
"H4MO03213","COLEMAN, MARY ELIZABETH","Republican Party","REP","House","H","Missouri","MO","03","ARNOLD","MO","63010","2024","06-JAN-24","2024","202401069599980251"
"H4OH06207","FINZER, RYLAN ZACHARY","Democratic Party","DEM","House","H","Ohio","OH","06","BEDFORD HEIGHTS","OH","44146","2024","06-JAN-24","2024","202401069599980417"
"H4DC01025","ALEXANDER, MYRTLE PATRICIA DR.","Republican Party","REP","House","H","District Of Columbia","DC","00","WASHINGTON","DC","20010","2024","06-JAN-24","2024","202401069599980222"
"H2CO01173","WATERS, DOM","United Party","UNI","House","H","Colorado","CO","01","LITTLETON","CO","80128","2024","05-JAN-24","2024","202401050300456538"
"H4MD03263","DUNN, HARRY","Democratic Party","DEM","House","H","Maryland","MD","03","COLUMBIA","MD","21044","2024","05-JAN-24","2024","202401059599976495"
"H4KY01081","MARSHALL, ERIN","Democratic Party","DEM","House","H","Kentucky","KY","01","FRANKFORT","KY","40602","2024","05-JAN-24","2024","202401059599976572"
"H4UT03278","LAWRENCE, CASE MCKAY","Republican Party","REP","House","H","Utah","UT","03","PROVO","UT","84603","2024","05-JAN-24","2024","202401059599976616"
"H4SC03152","BEDENBAUGH, MICHAEL EDWIN","Other","OTH","House","H","South Carolina","SC","03","PROSPERITY","SC","29127","2024","05-JAN-24","2024","202401059599977373"
"S4UT00290","HATCH, BRENT ORRIN","Republican Party","REP","Senate","S","Utah","UT","00","SALT LAKE CITY","UT","84111","2024","05-JAN-24","2024","202401059599977440"
"H4NJ03205","MURPHY, CAROL","Democratic Party","DEM","House","H","New Jersey","NJ","03","MOUNT LAUREL","NJ","08054","2024","05-JAN-24","2024","202401059599978617"
"H4KY04119","DETERS, ERIC","Republican Party","REP","House","H","Kentucky","KY","04","WALTON","KY","41094","2024","05-JAN-24","2024","202401059599977783"
"H4CO04306","SAXENA, ANIL","Democratic Party","DEM","House","H","Colorado","CO","04","PARKER","CO","80134","2024","05-JAN-24","2024","202401059599977831"
"H4NC13140","DAUGHTRY, KELLY","Republican Party","REP","House","H","North Carolina","NC","13","SMITHFIELD","NC","27577","2024","05-JAN-24","2024","202401059599977870"
"H4TX17122","LANGONE, JOSEPH TYLER","Republican Party","REP","House","H","Texas","TX","17","BUFFALO","TX","75831","2024","05-JAN-24","2024","202401059599978156"
"H2SC05102","HUNDLEY, EVANGELINE","Democratic Party","DEM","House","H","South Carolina","SC","05","ROCK HILL","SC","29730","2024","05-JAN-24","2024","202401059599978280"
"S4NJ00524","ESTRADA, MICHAEL","Republican Party","REP","Senate","S","New Jersey","NJ","00","CLINTON","NJ","08809","2024","05-JAN-24","2024","202401059599978566"
"H2FL07198","LE, TUAN A","Republican Party","REP","House","H","Florida","FL","10","TITUSVILLE","FL","32780","2024","05-JAN-24","2024","202401059599977752"
"H4CO04298","PHELEN, CHRISTOPHER DAVID","Republican Party","REP","House","H","Colorado","CO","04","CASTLE ROCK","CO","80109","2024","04-JAN-24","2024","202401049599970198"
"H4PA12076","MACDONALD, LAURIE","Democratic Party","DEM","House","H","Pennsylvania","PA","12","PITTSBURGH","PA","15211","2024","04-JAN-24","2024","202401049599971078"
"H4MD03248","DOMINGUEZ, JUAN","Democratic Party","DEM","House","H","Maryland","MD","03","SEVERNA PARK","MD","21146","2024","04-JAN-24","2024","202401049599970297"
"H4GA03076","SINGLETON, PHILLIP","Republican Party","REP","House","H","Georgia","GA","03","NEWNAN","GA","30263","2024","04-JAN-24","2024","202401049599970679"
"H4FL17060","MONTAVON, MATTHEW","Democratic Party","DEM","House","H","Florida","FL","17","FORT MYERS","FL","33906","2024","04-JAN-24","2024","202401049599970790"
"H2KY05169","MONHOLLEN, BRANDON","Republican Party","REP","House","H","Kentucky","KY","05","LONDON","KY","40741","2024","04-JAN-24","2024","202401049599970865"
"H4GA14081","HOUSTON, DERIC","Democratic Party","DEM","House","H","Georgia","GA","14","DALLAS","GA","30132","2024","04-JAN-24","2024","202401049599970866"
"S4NJ00516","MERRILL, PATRICK JAMES","Unaffiliated","UN","Senate","S","New Jersey","NJ","00","LAKE HOPATCONG","NJ","07849","2024","04-JAN-24","2024","202401049599970938"
"H4TX30091","DAVIS, JARRED","Democratic Party","DEM","House","H","Texas","TX","30","DUNCANVILLE","TX","75138","2024","04-JAN-24","2024","202401049599971278"
"H4MD03255","MORSE, JOHN III","Democratic Party","DEM","House","H","Maryland","MD","03","ANNAPOLIS","MD","21401","2024","04-JAN-24","2024","202401049599971620"
"P40018582","VRASICH, CHUCK J","Unknown","UNK","President","P","United States","00","00","WOODSTOCK","IL","60098","2024","04-JAN-24","2024","202401049599972099"
"H4TX32170","BLEWETT, DAVID","Republican Party","REP","House","H","Texas","TX","32","DALLAS","TX","75206","2024","04-JAN-24","2024","202401049599973240"
"H4UT03260","KENNEDY, MIKE","Republican Party","REP","House","H","Utah","UT","03","AMERICAN FORK","UT","84003","2024","04-JAN-24","2024","202401049599973268"
"H4MD04196","GOMES, JOSEPH","Democratic Party","DEM","House","H","Maryland","MD","04","BELTSVILLE","MD","20704","2024","04-JAN-24","2024","202401040300456525"
"H4GA13059","COLEMAN, OCTAVIA MRS.","Democratic Party","DEM","House","H","Georgia","GA","13","GRIFFIN","GA","30224","2024","04-JAN-24","2024","202401049599976445"
"S4UT00282","CURTIS, JOHN","Republican Party","REP","Senate","S","Utah","UT","00","PROVO","UT","84503","2024","04-JAN-24","2024","202401049599970296"
"H4IL03101","BOORAS, JOHN MR.","Republican Party","REP","House","H","Illinois","IL","03","HOMER GLEN.","IL","60491","2024","03-JAN-24","2024","202401039599932760"
"H4MI08218","MCDONALD RIVET, KRISTEN","Democratic Party","DEM","House","H","Michigan","MI","08","BAY CITY","MI","48707","2024","03-JAN-24","2024","202401039599932974"
"H4CO04280","CALVARESE, TRISHA","Democratic Party","DEM","House","H","Colorado","CO","04","HIGHLANDS RANCH","CO","80126","2024","03-JAN-24","2024","202401039599933068"
"H2TX23165","LOPEZ, FRANCISCO JR","Republican Party","REP","House","H","Texas","TX","23","DEL RIO","TX","78842","2024","03-JAN-24","2024","202401039599933080"
"H4UT03252","PEY, STEWART","Republican Party","REP","House","H","Utah","UT","03","MIDVALE","UT","84047","2024","03-JAN-24","2024","202401039599969399"
"H4VA07317","BOURAKBA, MOHAMED MR","Democratic Party","DEM","House","H","Virginia","VA","07","FREDERICKSBURG","VA","22405","2024","03-JAN-24","2024","202401039599969400"
"H4GA03068","DUGAN, MICHAEL","Republican Party","REP","House","H","Georgia","GA","03","CARROLLTON","GA","30116","2024","03-JAN-24","2024","202401039599932512"
"H4PA11086","HALL, JOSHUA ALAN","Republican Party","REP","House","H","Pennsylvania","PA","11","MOUNT JOY","PA","17552","2024","03-JAN-24","2024","202401039599969563"
"P40018566","KRAFT, RYAN","Democratic Party","DEM","President","P","United States","00","00","PORTLAND","OR","97292","2024","03-JAN-24","2024","202401030300456295"
"H4CO04272","LYNCH, MIKE","Republican Party","REP","House","H","Colorado","CO","04","FORT LUPTON","CO","80621","2024","03-JAN-24","2024","202401039599932481"
"S4NJ00508","CAMPOS-MEDINA, PATRICIA","Democratic Party","DEM","Senate","S","New Jersey","NJ","00","CALIFON","NJ","07830","2024","03-JAN-24","2024","202401039599932498"
"H2VA10141","BEATTY, JOHN","Republican Party","REP","House","H","Virginia","VA","10","LOVETTSVILLE","VA","20180","2024","03-JAN-24","2024","202401039599932511"
"H4CO05139","REAGAN, JOSEPH F","Democratic Party","DEM","House","H","Colorado","CO","05","COLORADO SPRINGS","CO","80906","2024","03-JAN-24","2024","202401039599969512"
"H4ND01044","HAMMER, TRYGVE","Democratic Party","DEM","House","H","North Dakota","ND","00","MINOT","ND","58702","2024","02-JAN-24","2024","202401029599931715"
"H4WA05176","BANK, BERNADINE DR","Democratic Party","DEM","House","H","Washington","WA","05","COLBERT","WA","99005","2024","02-JAN-24","2024","202401029599931932"
"H4MN03126","WITTROCK, QUENTIN","Republican Party","REP","House","H","Minnesota","MN","03","COON RAPIDS","MN","55433","2024","02-JAN-24","2024","202401029599928742"
"H4TX26214","KERGOSIEN, JASON","Republican Party","REP","House","H","Texas","TX","26","CARROLLTON","TX","75011","2024","02-JAN-24","2024","202401029599928809"
"H4PA14098","KARPACS, GEORGE MR.","Republican Party","REP","House","H","Pennsylvania","PA","14","GRACETON","PA","15748","2024","02-JAN-24","2024","202401029599930912"
"H4MD03230","QUINN, DONALD","Democratic Party","DEM","House","H","Maryland","MD","03","SEVERNA PARK","MD","21146","2024","02-JAN-24","2024","202401029599928575"
"P40018541","PNACEK, MICHAEL JOSEPH","Independent Conservative Democratic","ICD","President","P","United States","00","00","MIDLAND","MI","48642","2024","02-JAN-24","2024","202401029599927941"
"H4FL23126","WEINROTH, ROBERT S.","Republican Party","REP","House","H","Florida","FL","23","BOCA RATON","FL","33432","2024","02-JAN-24","2024","202401029599927988"
"P40018558","LEMAIRE, JESSIE JAY","American Party","AMP","President","P","United States","00","00","PARSONS","TN","38363","2024","02-JAN-24","2024","202401029599928560"
"H4UT03294","HUNSAKER, CLAYTON","Republican Party","REP","House","H","Utah","UT","","TREMONTON","UT","84337","2024","02-JAN-24","2024","202401029599931919"
"S4NJ00490","HARSHAW, ALBERT","Republican Party","REP","Senate","S","New Jersey","NJ","00","BROWNS MILLS","NJ","08015","2024","02-JAN-24","2024","202401029599927939"
"H4NY10122","GRANDSARD, BRUNO","Democratic Party","DEM","House","H","New York","NY","10","BROOKLYN","NY","11215","2024","01-JAN-24","2024","202401019599927252"
"P40018517","JONES, PERRY","Democratic Party","DEM","President","P","United States","00","00","NORTH BROOKFIELD","MA","01535","2024","01-JAN-24","2024","202401019599927293"
"H4VA05097","TERRY, GARY","Democratic Party","DEM","House","H","Virginia","VA","05","DANVILLE","VA","24541","2024","01-JAN-24","2024","202401019599927764"
"P40018533","OSMON, RAISTLIN","Independent","IND","President","P","United States","00","00","OCONTO","WI","54153","2024","01-JAN-24","2024","202401019599927478"
"H4VA07309","SACKS, JEFFREY","Republican Party","REP","House","H","Virginia","VA","07","FREDERICKSBURG","VA","22403","2024","01-JAN-24","2024","202401019599927519"
"P40018525","REINHOLD, JOHN THOMAS","Libertarian Party","LIB","President","P","United States","00","00","FORT WALTON BEACH","FL","32548","2024","01-JAN-24","2024","202401019599927443"
"P40018509","HANSEN, KIER","Write-In","W","President","P","United States","00","00","BROOKLYN","NY","11221","2024","31-DEC-23","2023","202312319599926875"
"S4AZ00253","MORENO, CONNIE MARIE MRS.","Republican Party","REP","Senate","S","Arizona","AZ","00","TUCSON","AZ","85713","2024","31-DEC-23","2023","202312319599926836"
"P40018467","WYSINGER, DEMETRA JEFFERSON","Other","OTH","President","P","United States","00","00","TEXARKANA","AR","71854","2024","30-DEC-23","2023","202312309599926545"
"P40018475","SYMONDS, CHARLES JOESPH  LEO MISTER","Independent","IND","President","P","United States","00","00","PORTAGE","WI","53901","2024","30-DEC-23","2023","202312309599926557"
"P40018574","KANT (NICKNAME 'PALA'), PAULA JEAN","Nonpartisan","N","President","P","United States","00","00","SAN FRANCISCO","CA","94121","2024","30-DEC-23","2023","202401030300456447"
"H4VA10303","DEVOE, MARION SR.","Democratic Party","DEM","House","H","Virginia","VA","10","HAYMARKET","VA","20169","2024","30-DEC-23","2023","202312309599926776"
"H4FL11105","HALL, BARBARA HARDEN","Democratic Party","DEM","House","H","Florida","FL","11","MOUNT DORA","FL","32757","2024","30-DEC-23","2023","202312309599926796"
"S4MI00660","BORREGARD, ERIC J","Green Party","GRE","Senate","S","Michigan","MI","00","DEXTER","MI","48130","2024","30-DEC-23","2023","202312309599926562"
"S4UT00266","ROBBINS, JOHN TIMOTHY","Republican Party","REP","Senate","S","Utah","UT","00","NORTH SALT LAKE","UT","84054","2024","29-DEC-23","2023","202312299599926109"
"S4NV00353","PHEASANT, GREGORY W","Republican Party","REP","Senate","S","Nevada","NV","00","RENO","NV","89506","2024","29-DEC-23","2023","202312299599926141"
"H4OH02271","HOOD, RON","Republican Party","REP","House","H","Ohio","OH","02","CIRCLEVILLE","OH","43113","2024","29-DEC-23","2023","202312299599926239"
"H8CO02251","YU, PETER","Republican Party","REP","House","H","Colorado","CO","04","WINDSOR","CO","80550","2024","29-DEC-23","2023","202312299599926238"
"H4OH09169","MERRIN, DEREK","Republican Party","REP","House","H","Ohio","OH","09","MONCLOVA","OH","43542","2024","29-DEC-23","2023","202312299599926338"
"S4UT00274","NEWCOMB, ROBERT","Independent American Party","IAP","Senate","S","Utah","UT","00","FARR WEST","UT","84404","2024","29-DEC-23","2023","202312299599926544"
"P40018459","EARTH FAGIN, THEODORE MILTON","Democratic Party","DEM","President","P","United States","00","00","SAN JOSE","CA","95126","2024","29-DEC-23","2023","202312299599926291"
"H4SD01047","MCNEAL, JUSTIN SHAD MR","Republican Party","REP","House","H","South Dakota","SD","00","RAPID CITY","SD","57701","2024","28-DEC-23","2023","202312289599925249"
"H4SD01054","MCNEAL, JUSTIN SHAD MR","Republican Party","REP","House","H","South Dakota","SD","00","RAPID CITY","SD","57701","2024","28-DEC-23","2023","202312289599925250"
"P40018418","WILLIAMS, CLARENCE DARRELL MR JR","American Party","AMP","President","P","United States","00","00","BLOUNTVILLE","TN","37617","2024","28-DEC-23","2023","202312289599925251"
"H4TX17114","LORENZEN, MARK","Democratic Party","DEM","House","H","Texas","TX","17","WACO","TX","76708","2024","28-DEC-23","2023","202312289599925606"
"H4NC14031","MAGINNIS, BRENDAN KYRAN","Democratic Party","DEM","House","H","North Carolina","NC","14","CHARLOTTE","NC","28277","2024","28-DEC-23","2023","202312289599925823"
"P40018442","AUGER, PAUL DAVID MR.","Independent","IND","President","P","United States","00","00","ATLANTA","GA","30318","2024","28-DEC-23","2023","202312289599926102"
"S4AZ00246","REYE, ELIZABETH MOORE","Republican Party","REP","Senate","S","Arizona","AZ","00","PARADISE VALLEY","AZ","85253","2024","28-DEC-23","2023","202312289599926010"
"H4CA47218","CRANDALL, TERRY LAWRENCE","No Party Affiliation","NPA","House","H","California","CA","47","IRVINE","CA","92602","2024","28-DEC-23","2023","202312289599926040"
"P40018426","HARRELL, RONALD JR.","Independence Party","IDP","President","P","United States","00","00","CLEVELAND","OH","44105","2024","28-DEC-23","2023","202312289599926081"
"P40018434","ASHBURN, WILLIAM CHESTER JR","Write-In","W","President","P","United States","00","00","CARLISLE","PA","17015","2024","28-DEC-23","2023","202312289599926082"
"H4CO04256","CASTRO, DUSTIN","Unaffiliated","UN","House","H","Colorado","CO","04","CASTLE ROCK","CO","80108","2024","28-DEC-23","2023","202312289599925962"
"H4OH11116","SIMMONS, LANDRY MCNORD JR","Republican Party","REP","House","H","Ohio","OH","11","CLEVELAND","OH","44111","2024","27-DEC-23","2023","202312279599924391"
"H8NJ03073","PALLONE, FRANK JR","Democratic Party","DEM","House","H","New Jersey","NJ","06","LONG BRANCH","NJ","07740","2024","27-DEC-23","2023","202312279599924384"
"H4UT04060","FALLICK-WANG, KATRINA","Democratic Party","DEM","House","H","Utah","UT","04","SOUTH SALT LAKE","UT","84115","2024","26-DEC-23","2023","202312269599923983"
"H4VA07291","PRABHUDOSS, JOHN","Republican Party","REP","House","H","Virginia","VA","07","HENRICO","VA","23238","2024","26-DEC-23","2023","202312269599924242"
"H4TX26206","BISWAS, NEENA DR","Republican Party","REP","House","H","Texas","TX","26","COPPELL","TX","75019","2024","26-DEC-23","2023","202312269599924301"
"H4PA06060","YOUNG, NEIL CARLIN MR. JR.","Republican Party","REP","House","H","Pennsylvania","PA","06","GLENMOORE","PA","19343","2024","26-DEC-23","2023","202312269599924276"
"H4TX31081","WHITLOW, STUART NORMAN MR.","Democratic Party","DEM","House","H","Texas","TX","31","AUSTIN","TX","78759","2024","26-DEC-23","2023","202312269599924300"
"H4OK04168","MACAULAY, KODY CRAIG","Democratic Party","DEM","House","H","Oklahoma","OK","04","MOORE","OK","73160","2024","26-DEC-23","2023","202312269599924243"
"H4CA16288","TANAKA, GREG LIN","Democratic Party","DEM","House","H","California","CA","16","PALO ALTO","CA","94306","2024","25-DEC-23","2023","202312259599923977"
"H4OH06199","TSAI, RICK DR.","Republican Party","REP","House","H","Ohio","OH","06","EAST PALESTINE","OH","44413","2024","25-DEC-23","2023","202312259599923964"
"P40018392","TAEBEL, MITCH","Human Rights Party","HRP","President","P","California","CA","00","LONG BEACH","IN","46360","2024","23-DEC-23","2023","202312239599923928"
"S4MD00418","SIGMON, MICHAEL R","New Progressive Party","NPP","Senate","S","Maryland","MD","00","CHARLESTON, WV","WV","25306","2024","23-DEC-23","2023","202312239599923871"
"H4FL22169","HALPER, DEAN","Democratic Party","DEM","House","H","Florida","FL","22","DELRAY BEACH","FL","33483","2024","22-DEC-23","2023","202312270300456208"
"H4CA20249","KULIKOFF, KELLY","Republican Party","REP","House","H","California","CA","20","CALIFORNIA CITY","CA","93505","2024","22-DEC-23","2023","202312229599923848"
"H4TX18187","HERMES, AARON RAY","GOP","GOP","House","H","Texas","TX","18","HOUSTON","TX","77252","2024","22-DEC-23","2023","202312229599923568"
"H4OH02263","HENDERSON, MATTHEW","Republican Party","REP","House","H","Ohio","OH","02","CIRCLEVILLE","OH","43113","2024","22-DEC-23","2023","202312229599923140"
"H4AZ03166","CUNNINGHAM, CANDACE L","American Independent Party","AIP","House","H","Arizona","AZ","03","GLENDALE","AZ","85306","2024","21-DEC-23","2023","202312219599756455"
"H0IN09161","DORRIS, DALE WILLIAM MR. II","Democratic Party","DEM","House","H","Indiana","IN","09","BLOOMINGTON","IN","47403","2024","21-DEC-23","2023","202312219599756662"
"H0NC02158","SWAIN, ALAN D","Republican Party","REP","House","H","North Carolina","NC","02","RALEIGH","NC","27624","2024","21-DEC-23","2023","202312219599756867"
"P40018384","BARTELKIN, JACQUES FRANCIS WRIGHT REV.","Republican Party","REP","President","P","United States","00","00","SAN FRANCISCO","CA","94102","2024","21-DEC-23","2023","202312219599920320"
"P40018376","LIND, THEODORE EMORY THE NOBLE","Independent","IND","President","P","United States","00","00","DENVER","CO","80205","2024","21-DEC-23","2023","202312219599759027"
"H6CA37313","WIGGINS, CHRIS B.","Democratic Party","DEM","House","H","California","CA","43","INGLEWOOD","CA","90302","2024","21-DEC-23","2023","202312219599919888"
"H4OH02255","GEORGETON, KIM","Republican Party","REP","House","H","Ohio","OH","02","BATAVIA","OH","45103","2024","21-DEC-23","2023","202312219599758717"
"H4NC10120","MCGOWAN, ANGELYNN BROOKE","Republican Party","REP","House","H","North Carolina","NC","10","CLEVELAND","NC","27013","2024","20-DEC-23","2023","202312209599733531"
"P40018228","ROSSER, TREMEL MARQUIS","Commandments Party","CMD","President","P","United States","00","00","VIRGINIA BEACH ,VA","VA","23464","2023","20-DEC-23","2023","202312209599733836"
"P40018186","METWALLY, AMR","Write-In","W","President","P","Florida","FL","00","BOCA RATON","FL","33486","2024","20-DEC-23","2023","202312209599543088"
"P40018194","ROSSER, TREMEL MARQUIS","Commandments Party","CMD","President","P","United States","00","00","VIRGINIA BEACH ,VA","VA","23464","2023","20-DEC-23","2023","202312209599598283"
"H4PR01069","RIVERA-LASSEN, ANA IRMA","Other","OTH","House","H","Puerto Rico","PR","00","SAN JUAN","PR","00916","2024","20-DEC-23","2023","202312209599738524"
"H4VA01096","MEHTA, LESLIE","Democratic Party","DEM","House","H","Virginia","VA","01","HENRICO","VA","23294","2024","20-DEC-23","2023","202312209599647172"
"H4CA20231","ELLIS, STANLEY","Republican Party","REP","House","H","California","CA","20","FRESNO","CA","93704","2024","20-DEC-23","2023","202312209599712114"
"H4NY02095","STEPHENS, SHANNON EMILY","Republican Party","REP","House","H","New York","NY","02","BAYPORT","NY","11705","2024","20-DEC-23","2023","202312209599736129"
"H4OH05068","SONS, LUCAS","Independent","IND","House","H","Ohio","OH","05","MCCLURE","OH","43534","2024","20-DEC-23","2023","202312209599645184"
"H4TX27105","MANDEL, CHARLES SCOTT MR.","Republican Party","REP","House","H","Texas","TX","27","CORPUS CHRISTI","TX","78413","2024","19-DEC-23","2023","202312199599540718"
"H4CA07097","MANDEL, DAVID","Democratic Party","DEM","House","H","California","CA","07","SACRAMENTO","CA","95814","2024","19-DEC-23","2023","202312199599531242"
"P60022993","GILLESPIE, NEIL J.","Unaffiliated","UN","President","P","United States","00","00","OCALA","FL","34474","2024","19-DEC-23","2023","202312199599536361"
"H4WA01266","BREWER, JAMES E.","Republican Party","REP","House","H","Washington","WA","01","SNOHOMISH","WA","98296","2024","19-DEC-23","2023","202312199599536789"
"H4NC09163","ETCHISON, SHELANE","Independent","IND","House","H","North Carolina","NC","09","SOUTHERN PINES","NC","28388","2024","19-DEC-23","2023","202312199599530956"
"H4CA20223","KIRKLAND, KYLE R","Republican Party","REP","House","H","California","CA","20","CLOVIS","CA","93619","2024","19-DEC-23","2023","202312199599524278"
"H4WI04274","ROGERS, TIM","Republican Party","REP","House","H","Wisconsin","WI","04","MILWAUKEE","WI","53209","2024","19-DEC-23","2023","202312199599524792"
"P40017956","SMITH YOUNG, RONALD PRYCE","Republican Party","REP","President","P","United States","00","00","CLAREMONT","CA","91711","2024","19-DEC-23","2023","202312199599524799"
"H4CA42136","BRISCOE, JOHN","Republican Party","REP","House","H","California","CA","42","LONG BEACH","CA","90802","2024","19-DEC-23","2023","202312199599529812"
"H4TX14111","HART, RHONDA J","Democratic Party","DEM","House","H","Texas","TX","14","DICKINSON","TX","77539","2024","19-DEC-23","2023","202312190300456040"
"H4GA13042","JOHNSON, BRIAN KEITH","Democratic Party","DEM","House","H","Georgia","GA","13","HAMPTON","GA","30228","2024","18-DEC-23","2023","202312189599521647"
"H4CA19118","DOUGHERTY, SEAN JACOB","Green Party","GRE","House","H","California","CA","19","SANTA CRUZ","CA","95061","2024","18-DEC-23","2023","202312189599498674"
"H2CA23155","WOOD, MARISA","Democratic Party","DEM","House","H","California","CA","20","BAKERSFIELD","CA","93389","2024","18-DEC-23","2023","202312189599498918"
"H4NC10112","MILLS, GREY","Republican Party","REP","House","H","North Carolina","NC","10","MOORESVILLE","NC","28117","2024","18-DEC-23","2023","202312189599505457"
"H4OH06181","STOLTZFUS, REGGIE","Republican Party","REP","House","H","Ohio","OH","06","MINERVA","OH","44657","2024","18-DEC-23","2023","202312189599500726"
"H4NC08108","MAPLES, CHRIS","Republican Party","REP","House","H","North Carolina","NC","08","ROCKINGHAM","NC","28380","2024","18-DEC-23","2023","202312189599503278"
"S4WA00623","URSA, ARIA REY","Democratic Party","DEM","Senate","S","Washington","WA","00","SEATTLE","WA","98133","2024","18-DEC-23","2023","202312189599503525"
"H4OH02248","TAYLOR, DAVID","Republican Party","REP","House","H","Ohio","OH","02","AMELIA","OH","45102","2024","18-DEC-23","2023","202312189599500676"
"H4VA03050","WRIGHT, JAMES MICHAEL","Republican Party","REP","House","H","Virginia","VA","03","PORTSMOUTH","VA","23701","2024","17-DEC-23","2023","202312179599489542"
"P40017030","TWO THOUSAND EIGHT, PRESIDENT RENEE PRYCE","Republican Party","REP","President","P","United States","00","00","CLAREMONT","CA","91711","2024","17-DEC-23","2023","202312179599486731"
"P40017048","PRYCE, RENEE","Republican Party","REP","President","P","United States","00","00","CLAREMONT","CA","91711","2024","17-DEC-23","2023","202312179599486736"
"P40017055","PRYCE, GRACE","Republican Party","REP","President","P","United States","00","00","CLAREMONT","CA","91712","2024","17-DEC-23","2023","202312179599486741"
"P40017063","QUINCI PRYCE, MILLIONAIRE PRESIDENT","Republican Party","REP","President","P","United States","00","00","CLAREMONT","CA","91711","2024","17-DEC-23","2023","202312179599486746"
"P40017071","PRYCE, DICTATOR QUINCI","Republican Party","REP","President","P","United States","00","00","CLAREMONT","CA","91711","2024","17-DEC-23","2023","202312179599486751"
"P40017089","PRYCE, WORLD LEADER QUINCI","Republican Party","REP","President","P","California","CA","00","CLAREMONT","CA","91711","2024","17-DEC-23","2023","202312179599486756"
"P40017097","BANKS, WORLD LEADER QUINCI PRYCE","Republican Party","REP","President","P","United States","00","00","CLAREMONT","CA","91711","2024","17-DEC-23","2023","202312179599486761"
"P40017105","BANKS, PRESIDENT QUINCI","Republican Party","REP","President","P","United States","00","00","CLAREMONT","CA","91711","2024","17-DEC-23","2023","202312179599486766"
"P40017113","MULTIMILLIONAIRE, PRESIDENT QUINCI BUSINESS","Republican Party","REP","President","P","California","CA","00","CLAREMONT","CA","91711","2024","17-DEC-23","2023","202312179599486771"
"P40017121","PRYCE, SENATOR QUINCI","Republican Party","REP","President","P","United States","00","00","CLAREMONT","CA","91711","2024","17-DEC-23","2023","202312179599486783"
"P40017139","QUINCI PRYCE, HOUSE REPRESENTATIVE","Republican Party","REP","President","P","United States","00","00","CLAREMONT","CA","91711","2024","17-DEC-23","2023","202312179599486788"
"P40017147","PRYCE, ROYAL KING QUINCI","Republican Party","REP","President","P","United States","00","00","CLAREMONT","CA","91711","2024","17-DEC-23","2023","202312179599486793"
"P40017154","PRYCE, MUSIC ARTIST QUINCI","Republican Party","REP","President","P","United States","00","00","CLAREMONT","CA","91711","2024","17-DEC-23","2023","202312179599486798"
"P40017162","PRYCE, ITUNES MUSIC QUINCI","Republican Party","REP","President","P","California","CA","00","CLAREMONT","CA","91711","2024","17-DEC-23","2023","202312179599486803"
"S4WI00249","CORRIGAN, KYLE","Republican Party","REP","Senate","S","Wisconsin","WI","00","MOSINEE","WI","54455","2024","17-DEC-23","2023","202312179599486813"
"P40017170","PRYCE, CHEERLEADER QUINCI","Republican Party","REP","President","P","California","CA","00","CLAREMONT","CA","91711","2024","17-DEC-23","2023","202312179599486814"
"P40017188","QUINCI PRYCE, PRESIDENT CANDIDATE PAGE ONE","Republican Party","REP","President","P","United States","00","00","CLAREMONT","CA","91711","2024","17-DEC-23","2023","202312179599486824"
"P40017196","PRYCE UNITED STATES, PRESIDENT QUINCI","Republican Party","REP","President","P","United States","00","00","CLAREMONT","CA","91711","2024","17-DEC-23","2023","202312179599486830"
"P40017204","QUINCI PRYCE, VICTORIA SECRET MODEL","Republican Party","REP","President","P","United States","00","00","CLAREMONT","CA","91711","2024","17-DEC-23","2023","202312179599486835"
"H4FL13218","OWEN, PETER","Democratic Party","DEM","House","H","Florida","FL","13","CLEARWATER","FL","33756","2024","17-DEC-23","2023","202312179599486844"
"P40017212","OFFICAL, PRESIDENT QUINCI PRYCE","Republican Party","REP","President","P","United States","00","00","CLAREMONT","CA","91711","2024","17-DEC-23","2023","202312179599486845"
"P40017220","QUINCI PRYCE, B MILLIONAIRE PRESIDENT","Republican Party","REP","President","P","United States","00","00","CLAREMONT","CA","91711","2024","17-DEC-23","2023","202312179599486850"
"P40017238","QUINCI PRYCE, SUPREME COURT JUDGE","Republican Party","REP","President","P","United States","00","00","CLAREMONT","CA","91711","2024","17-DEC-23","2023","202312179599486855"
"P40017253","PRYCE, REPUBLICAN QUINCI","Republican Party","REP","President","P","United States","00","00","CLAREMONT","CA","91711","2024","17-DEC-23","2023","202312179599486865"
"P40017261","PRYCE, SWEETHEART PRESIDENT QUINCI","Republican Party","REP","President","P","United States","00","00","CLAREMONT","CA","91711","2024","17-DEC-23","2023","202312179599486870"
"P40017279","PRYCE, MARRIED FUN QUINCI","Republican Party","REP","President","P","United States","00","00","CLAREMONT","CA","91711","2024","17-DEC-23","2023","202312179599486909"
"P40017287","QUINCI PRYCE, ALL FIFTHY STATES VOTED FOR PRESIDENT","Republican Party","REP","President","P","United States","00","00","CLAREMONT","CA","91711","2024","17-DEC-23","2023","202312179599486914"
"P40017295","QUINCI PRYCE, MULTIMILLIONAIRE PRESIDENT","Republican Party","REP","President","P","United States","00","00","CLAREMONT","CA","91711","2024","17-DEC-23","2023","202312179599486919"
"P40017303","QUINCI PRYCE, B MULTIILLIONAIRE PRESIDENT","Republican Party","REP","President","P","United States","00","00","CLAREMONT","CA","91711","2024","17-DEC-23","2023","202312179599486924"
"P40017311","OCTOBER, PRESIDENT QUINCI PRYCE","Republican Party","REP","President","P","United States","00","00","CLAREMONT","CA","91711","2024","17-DEC-23","2023","202312179599486929"
"P40017329","JEWISH FOUNDATION, PRESIDENT QUINCI PRYCE","Republican Party","REP","President","P","United States","00","00","CLAREMONT","CA","91711","2024","17-DEC-23","2023","202312179599486934"
"P40017337","QUINCI PRYCE, JEWISH DIRTBIKE PRESIDENT","Republican Party","REP","President","P","United States","00","00","CLAREMONT","CA","91711","2024","17-DEC-23","2023","202312179599486939"
"P40017345","LONG BEACH, PRESIDENT QUINCI PRYCE","Republican Party","REP","President","P","United States","00","00","CLAREMONT","CA","91711","2024","17-DEC-23","2023","202312179599486944"
"P40017352","QUINCI PRYCE, TARGET PRESIDENT","Republican Party","REP","President","P","United States","00","00","CLAREMONT","CA","91711","2024","17-DEC-23","2023","202312179599486949"
"P40017360","PRYCE, COMPUTER PRESIDENT QUINCI","Republican Party","REP","President","P","United States","00","00","CLAREMONT","CA","91711","2024","17-DEC-23","2023","202312179599486954"
"P40017378","QUINCI PRYCE, MALIBU BEACH HOUSE PRESIDENT","Republican Party","REP","President","P","United States","00","00","CLAREMONT","CA","91711","2024","17-DEC-23","2023","202312179599486959"
"P40017386","YOUNG KING, PRESIDENT QUINCI PRYCE","Republican Party","REP","President","P","United States","00","00","CLAREMONT","CA","91711","2024","17-DEC-23","2023","202312179599486964"
"P40017246","PRYCE, SUPREME PRESIDENT QUINCI","Republican Party","REP","President","P","United States","00","00","CLAREMONT","CA","91711","2024","17-DEC-23","2023","202312179599486860"
"P40017394","PRESIDENT QUINCI PRYCE, HIGH ENERGY PHYSIC","Republican Party","REP","President","P","United States","00","00","CLAREMONT","CA","91711","2024","17-DEC-23","2023","202312179599488482"
"P40017402","MATHEMATICIAN, PRESIDENT QUINCI PRYCE","Republican Party","REP","President","P","United States","00","00","CLAREMONT","CA","91711","2024","17-DEC-23","2023","202312179599488894"
"P40017410","PRYCE, MATHEMATICIAN QUINCI","Republican Party","REP","President","P","United States","00","00","CLAREMONT","CA","91711","2024","17-DEC-23","2023","202312179599488899"
"P40017428","JD CLAREMONT OFFICE, QUINCI PRYCE","Republican Party","REP","President","P","United States","00","00","CLAREMONT","CA","91711","2024","17-DEC-23","2023","202312179599488904"
"P40017436","WOODMEN, PRESIDENT HATTIE","Republican Party","REP","President","P","United States","00","00","CLAREMONT","LA","91711","2024","17-DEC-23","2023","202312179599488909"
"P40017444","WOODMEN, QUINCI","Republican Party","REP","President","P","United States","00","00","CLAREMONT","CA","91711","2024","17-DEC-23","2023","202312179599488914"
"P40017451","PRYCE, PRESIDENT GEORGE","Republican Party","REP","President","P","United States","00","00","CLAREMONT","LA","91711","2024","17-DEC-23","2023","202312179599488919"
"P40017469","LAOTIAN NORDSTROM, QUINCI PRYCE","Republican Party","REP","President","P","United States","00","00","CLAREMONT","CA","91711","2024","17-DEC-23","2023","202312179599488924"
"P40017477","LAOTIAN BRITISH, PRESIDENT QUINCI PRYCE","Republican Party","REP","President","P","United States","00","00","CLAREMONT","CA","91711","2024","17-DEC-23","2023","202312179599488929"
"P40017485","ANDERSON, QUINCI","Republican Party","REP","President","P","United States","00","00","CLAREMONT","CA","91711","2024","17-DEC-23","2023","202312179599488934"
"P40017493","AFRICACANA, QUINCI","Republican Party","REP","President","P","United States","00","00","CLAREMONT","CA","91711","2024","17-DEC-23","2023","202312179599488939"
"P40017501","FRANCO, QUINCI","Republican Party","REP","President","P","United States","00","00","CLAREMONT","CA","91711","2024","17-DEC-23","2023","202312179599488972"
"P40017519","TEDASTAIN, QUINCI","Republican Party","REP","President","P","United States","00","00","CLAREMONT","CA","91711","2024","17-DEC-23","2023","202312179599488983"
"P40017535","TORSANNNNANNA, QUINCI","Republican Party","REP","President","P","United States","00","00","CLAREMONT","CA","91711","2024","17-DEC-23","2023","202312179599489360"
"H4CA20215","ADDISON WILLIAMS, AUDREY ELIZABETH MS","Republican Party","REP","House","H","California","CA","20","SANTA BARBARA","CA","93105","2024","17-DEC-23","2023","202312179599489376"
"P40017543","BRAZIL, QUINCI","Republican Party","REP","President","P","United States","00","00","CLAREMONT","CA","91711","2024","17-DEC-23","2023","202312179599489382"
"P40017550","CANADA, QUINCI","Republican Party","REP","President","P","United States","00","00","CLAREMONT","CA","91711","2024","17-DEC-23","2023","202312179599489388"
"P40017568","DOT, QUINCI","Republican Party","REP","President","P","United States","00","00","CLAREMONT","CA","91711","2024","17-DEC-23","2023","202312179599489393"
"P40017576","MORMAN, QUINCI","Republican Party","REP","President","P","United States","00","00","CLAREMONT","CA","91711","2024","17-DEC-23","2023","202312179599489398"
"P40016925","BLACK DENIM HOLLYWOOD, PRESIDENT QUINCI SMITH","Republican Party","REP","President","P","United States","00","00","HOLLYWOOD","CA","91711","2024","17-DEC-23","2023","202312179599486675"
"P40016933","WEST HOLLYWOOD, PRESIDENT QUINCI","Republican Party","REP","President","P","United States","00","00","CLAREMONT","CA","91711","2024","17-DEC-23","2023","202312179599486680"
"P40016941","TRUST, PRESIDENT QUINCI MILLIONAIRE","Republican Party","REP","President","P","United States","00","00","CLAREMONT","CA","91711","2024","17-DEC-23","2023","202312179599486686"
"P40016958","JEW, PRESIDENT QUINCI GAY","Republican Party","REP","President","P","United States","00","00","CLAREMONT","CA","91711","2024","17-DEC-23","2023","202312179599486691"
"P40016966","WON THE ELECTION, PRESIDENT QUINCI PRYCE","Republican Party","REP","President","P","United States","00","00","CLAREMONT","CA","91711","2024","17-DEC-23","2023","202312179599486696"
"P40016974","ELECTED PRESIDENT, PRESIDENT QUINCI PRYCE","Republican Party","REP","President","P","United States","00","00","CLAREMONT","CA","91711","2024","17-DEC-23","2023","202312179599486701"
"P40016982","OF THE UNITED STATES OF, PRESIDENT QUINCI PRYCE AMERICA","Republican Party","REP","President","P","United States","00","00","CLAREMONT","CA","91711","2024","17-DEC-23","2023","202312179599486706"
"P40016990","BEVERLY HILLS, PRESIDENT QUINCI BEL AIR","Republican Party","REP","President","P","United States","00","00","CLAREMONT","CA","91711","2024","17-DEC-23","2023","202312179599486711"
"P40017006","REPUBLICAN PARTY, PRESIDENT QUINCI PRYCE","Republican Party","REP","President","P","California","CA","00","CLAREMONT","CA","91711","2024","17-DEC-23","2023","202312179599486716"
"P40017014","NINETEEN SIXTY ONE, PRESIDENT ULRIC PRYCE","Republican Party","REP","President","P","United States","00","00","CLAREMONT","LA","91711","2024","17-DEC-23","2023","202312179599486721"
"P40017022","NINETEEN EIGHTY ONE, PRESIDENT GRACE PRYCE","Republican Party","REP","President","P","California","CA","00","CLAREMONT","CA","91711","2024","17-DEC-23","2023","202312179599486726"
"H4CA16270","FINAN, NICHOLAS JAMES","Democratic Party","DEM","House","H","California","CA","16","CUPERTINO","CA","95014","2024","16-DEC-23","2023","202312169599485845"
"P40016834","KARDASHIAN, QUINCI PRESTON","Republican Party","REP","President","P","United States","00","00","CLAREMONT","CA","91711","2024","16-DEC-23","2023","202312169599485979"
"P40016842","ZEN, QUINCI","Republican Party","REP","President","P","California","CA","00","CLAREMONT","CA","91711","2024","16-DEC-23","2023","202312169599485992"
"H4VA10295","POKHAREL, ADRIAN","Democratic Party","DEM","House","H","Virginia","VA","10","GAINESVILLE","VA","20155","2024","16-DEC-23","2023","202312169599486134"
"P40016859","SMITH SLATER, PRESIDENT QUINCI","Republican Party","REP","President","P","California","CA","00","CLAREMONT","CA","91711","2024","16-DEC-23","2023","202312169599486143"
"P40016867","PRYCE, PRESIDENT QUINCI","Republican Party","REP","President","P","California","CA","00","CLAREMONT","CA","91711","2024","16-DEC-23","2023","202312169599486148"
"H4CA20207","STOLL, MATTHEW","Republican Party","REP","House","H","California","CA","20","IRVINE","CA","92618","2024","16-DEC-23","2023","202312169599486663"
"P40016883","PADUA HILLS, PRESIDENT QUINCI","Republican Party","REP","President","P","United States","00","00","CLAREMONT","CA","91711","2024","16-DEC-23","2023","202312169599486158"
"P40016891","MILLIONAIRE, PRESIDENT QUINCI","Republican Party","REP","President","P","United States","00","00","CLAREMONT","CA","91711","2024","16-DEC-23","2023","202312169599486163"
"P40016909","MILLIONAIRE SPEEDO, PRESIDENT QUINCI","Republican Party","REP","President","P","United States","00","00","CLAREMONT","CA","91711","2024","16-DEC-23","2023","202312169599486245"
"P40016917","MILLIONAIRE MILLIONAIRE, PRESIDENT QUINCI","Republican Party","REP","President","P","United States","00","00","1742 WOODBEND DR","CA","91711","2024","16-DEC-23","2023","202312169599486251"
"H4NM01140","JONES, STEVE","Republican Party","REP","House","H","New Mexico","NM","01","RUIDOSO","NM","88345","2024","16-DEC-23","2023","202312169599486260"
"P40016875","RENEE SMITH SLATER, PRESIDENT QUINCI","Republican Party","REP","President","P","California","CA","00","CLAREMONT","CA","91711","2024","16-DEC-23","2023","202312169599486153"
"H4MD07090","SIGMON, MICHAEL RAY","New Progressive Party","NPP","House","H","Maryland","MD","07","CHARLESTON, WV","WV","25306","2024","15-DEC-23","2023","202312159599470640"
"S2VT00292","MALLOY, GERALD","Republican Party","REP","Senate","S","Vermont","VT","00","PERKINSVILLE","VT","05151","2024","15-DEC-23","2023","202312159599473003"
"H4MI08200","MOILANEN, DANIEL BURTON","Democratic Party","DEM","House","H","Michigan","MI","08","FLINT","MI","48503","2024","15-DEC-23","2023","202312159599473248"
"P40016800","BERG FONVERGNE, BELLA","Democratic Party","DEM","President","P","United States","00","00","SIMI VALLEY","CA","93063","2024","15-DEC-23","2023","202312159599484395"
"H4NY03283","PILIP, MAZI MELESA","Republican Party","REP","House","H","New York","NY","03","GREAT NECK","NY","11021","2024","15-DEC-23","2023","202312159599481580"
"H4NY16095","WRIGHT, CHRIS","Republican Party","REP","House","H","New York","NY","16","NEW ROCHELLE","NY","10802","2024","15-DEC-23","2023","202312159599481592"
"H2CT05230","BOTELHO, MICHELLE L","Republican Party","REP","House","H","Connecticut","CT","05","DANBURY","CT","06813","2024","15-DEC-23","2023","202312159599482026"
"H4OH02230","WILKIN, SHANE","Republican Party","REP","House","H","Ohio","OH","02","HILLSBORO","OH","45133","2024","15-DEC-23","2023","202312159599480014"
"H4CA16262","LYTHCOTT-HAIMS, JULIE","Democratic Party","DEM","House","H","California","CA","16","PALO ALTO","CA","94306","2024","14-DEC-23","2023","202312149599465461"
"P40016792","ALKIRE, JERRY LEE","Republican Party","REP","President","P","Kansas","KS","00","SALINA","KS","67401","2024","14-DEC-23","2023","202312149599466677"
"H4NV04132","SHULTZ, DESHAN LEVY","Democratic Party","DEM","House","H","Nevada","NV","04","LAS VEGAS","NV","89104","2024","14-DEC-23","2023","202312149599466838"
"H4KY03251","YOUNG, GEOFFREY M.","Democratic Party","DEM","House","H","Kentucky","KY","03","LEXINGTON","KY","40503","2024","14-DEC-23","2023","202312150300455845"
"H4NC09155","TARAZON, TROY LEERUE MR.","Republican Party","REP","House","H","North Carolina","NC","09","SANFORD","NC","27332","2024","14-DEC-23","2023","202312149599469757"
"H4TX32162","TRAN, ASHLEY","Independent","IND","House","H","Texas","TX","32","RICHARDSON","TX","75094","2024","14-DEC-23","2023","202312149599465406"
"H4CA42128","BELTRAN, JOAQUIN","Democratic Party","DEM","House","H","California","CA","42","DOWNEY","CA","90241","2024","14-DEC-23","2023","202312149599468438"
"H4PA13298","FARNHAM, ELIZABETH RHOADS","Democratic Party","DEM","House","H","Pennsylvania","PA","13","CONEWAGO TOWNSHIP","PA","17331","2024","13-DEC-23","2023","202312139599450751"
"H4CO05089","GILLARD, ADAM JOSEPH","Democratic Party","DEM","House","H","Colorado","CO","05","COLORADO SPRINGS","CO","80915","2024","13-DEC-23","2023","202312139599457950"
"H4OH05050","SONS, LUKE","Democratic Party","DEM","House","H","Ohio","OH","05","MCCLURE","OH","43534","2024","13-DEC-23","2023","202312139599463525"
"H4CA20199","BOUDREAUX, MICHAEL","Republican Party","REP","House","H","California","CA","20","SPRINGVILLE","CA","93265","2024","13-DEC-23","2023","202312139599463509"
"H4TX32154","TRAN, ASHLEY","Independent","IND","House","H","Texas","TX","32","RICHARDSON","TX","75094","2024","13-DEC-23","2023","202312139599462675"
"H4NC06177","MCDOWELL, ADDISON","Republican Party","REP","House","H","North Carolina","NC","06","RALEIGH","NC","27624","2024","12-DEC-23","2023","202312129599449373"
"H4VA10287","NEMBHARD, TRAVIS","Democratic Party","DEM","House","H","Virginia","VA","10","MANASSAS","VA","20108","2024","12-DEC-23","2023","202312129599449374"
"P40016784","CHARLES, ROGER W JR","Independent","IND","President","P","United States","00","00","BRIMLEY","MI","49715","2024","12-DEC-23","2023","202312129599450017"
"P40016727","KLEIN, JOHN JAMES","Republican Party","REP","President","P","Oklahoma","OK","00","LAWTON, OKLAHOMA","OK","73505","2024","12-DEC-23","2023","202312129599440786"
"P40016735","MCINTYRE, BRANDON L","Constitutional","CST","President","P","United States","00","00","SNEADS","FL","32460","2024","12-DEC-23","2023","202312129599440788"
"H4NJ07149","BHALLA, RAVI","Democratic Party","DEM","House","H","New Jersey","NJ","07","JERSEY CITY","NJ","07302","2024","12-DEC-23","2023","202312129599443874"
"H4TX26198","ROBISON, DOUGLAS","Republican Party","REP","House","H","Texas","TX","26","DENTON","TX","76201","2024","12-DEC-23","2023","202312129599441350"
"H4MN06145","WINKELMAN, AUSTIN D","Democratic Party","DEM","House","H","Minnesota","MN","06","ALBERTVILLE","MN","55301","2024","12-DEC-23","2023","202312129599442220"
"H4CO07077","HEMENWAY, JAMES VINCENT","Republican Party","REP","House","H","Colorado","CO","07","NIWOT","CO","80503","2024","12-DEC-23","2023","202312129599442675"
"H4OH15083","MILLER, ADAM CLAY","Democratic Party","DEM","House","H","Ohio","OH","15","COLUMBUS","OH","43228","2024","12-DEC-23","2023","202312129599443766"
"H4GA14073","FARMER, LUKE PAUL MR","Republican Party","REP","House","H","Georgia","GA","14","DOUGLASVILLE","GA","30134","2024","12-DEC-23","2023","202312129599440790"
"S4CA00928","SMITH SLATER, QUINCI RENEE","Democratic Party","DEM","Senate","S","California","CA","00","CLAREMONT","CA","91711","2024","11-DEC-23","2023","202312119599438159"
"P40016719","KLEIN, JOHN JAMES","Republican Party","REP","President","P","United States","00","00","LAWTON","OK","73505","2024","11-DEC-23","2023","202312119599440338"
"H4TX27097","ESPINDOLA, LUIS ALBERTO","Republican Party","REP","House","H","Texas","TX","27","CORPUS CHRISTI","TX","78414","2024","11-DEC-23","2023","202312119599439918"
"H4OH06173","HILDERBRAND, KURT","Republican Party","REP","House","H","Ohio","OH","06","POLAND","OH","44514","2024","11-DEC-23","2023","202312119599435923"
"H4MO05366","SMITH, SEAN","Republican Party","REP","House","H","Missouri","MO","05","LEES SUMMIT","MO","64081","2024","11-DEC-23","2023","202312119599435925"
"H4TX29044","CASARES, JOSE ANGEL MR.","Republican Party","REP","House","H","Texas","TX","29","HOUSTON","TX","77009","2024","11-DEC-23","2023","202312119599435931"
"H4NY03275","SOTO, JACOB O","Independent","IND","House","H","New York","NY","03","THE BRONX","NY","10460","2024","11-DEC-23","2023","202312119599436125"
"P40016677","WALTZ, SHAWN DR.","Independent","IND","President","P","United States","00","00","LAFAYETTE","LA","70503","2024","11-DEC-23","2023","202312119599436127"
"H4WV01074","HOLDEN, WES MR.","Independent","IND","House","H","West Virginia","WV","01","SISSONVILLE","WV","25320","2024","11-DEC-23","2023","202312119599436526"
"H4AZ20012","BUSBY, BRADY","Independent","IND","House","H","Arizona","AZ","20","YOUNG","AZ","85554","2024","11-DEC-23","2023","202312119599436712"
"H4NC08090","BRADFORD, JOHN R III","Republican Party","REP","House","H","North Carolina","NC","08","RALEIGH","NC","27624","2024","11-DEC-23","2023","202312119599437990"
"H4CA20181","FONG, VINCE","Republican Party","REP","House","H","California","CA","20","BAKERSFIELD","CA","93389","2024","11-DEC-23","2023","202312119599438026"
"H4CO04249","HARVEY, TED","Republican Party","REP","House","H","Colorado","CO","04","HIGHLANDS RANCH","CO","80163","2024","11-DEC-23","2023","202312119599440087"
"H2NJ04215","JENKINS, MATTHEW","Democratic Party","DEM","House","H","New Jersey","NJ","04","COLTS NECK","NJ","07722","2024","11-DEC-23","2023","202312119599440092"
"H4NC13132","DELLINGER, MARCUS","Republican Party","REP","House","H","North Carolina","NC","13","WENDELL","NC","27591","2024","11-DEC-23","2023","202312119599440105"
"H4TX38029","CAMPBELL, CAMERON","Democratic Party","DEM","House","H","Texas","TX","38","WASHINGTON","DC","20001","2024","11-DEC-23","2023","202312119599440106"
"H4NJ01183","WHITELOCK, NICHOLAS","Republican Party","REP","House","H","New Jersey","NJ","01","OAKLYN","NJ","08107","2024","11-DEC-23","2023","202312119599440115"
"P40016701","KLEIN, JOHN JAMES","Republican Party","REP","President","P","Oklahoma","OK","00","LAWTON","OK","73505","2024","11-DEC-23","2023","202312119599440269"
"P40016693","CHRIST, JUDAH VALENTINE DR","Republican Party","REP","President","P","United States","00","00","HONOLULU","HI","96814","2024","11-DEC-23","2023","202312119599439904"
"H4WV00019","SIGMON, MICHAEL R","New Progressive Party","NPP","House","H","West Virginia","WV","00","CHARLESTON, WV","WV","25306","2024","10-DEC-23","2023","202312109599435607"
"H4OH02222","WESSELS, HERMANN JOSEPH MR. JR","Democratic Party","DEM","House","H","Ohio","OH","02","LOVELAND","OH","451406132","2024","10-DEC-23","2023","202312109599435568"
"S4HI00177","LAM, ADRIEL","Republican Party","REP","Senate","S","Hawaii","HI","00","KANEOHE","HI","96744","2024","10-DEC-23","2023","202312109599435567"
"H4TX28129","FURMAN, JAY COMMANDER","Republican Party","REP","House","H","Texas","TX","28","UNIVERSAL CITY","TX","78150","2024","10-DEC-23","2023","202312109599435551"
"H4IL01220","IBRAHIM, UTHMAN A","Republican Party","REP","House","H","Illinois","IL","01","HOMER GLEN","IL","60491","2024","09-DEC-23","2023","202312099599432769"
"H4TX11042","MEDINA, RONALD RAZON MR","Independent","IND","House","H","Texas","TX","11","COPPERAS COVE","TX","76522","2024","09-DEC-23","2023","202312099599432397"
"H4MD03214","MAYO, JORDAN ASHLEE","Republican Party","REP","House","H","Maryland","MD","03","SEVERNA PARK","MD","21146","2024","08-DEC-23","2023","202312089599430107"
"H4NC08082","DAVENPORT, KEITH MR.","Democratic Party","DEM","House","H","North Carolina","NC","08","WASHINGTON","DC","20006","2024","08-DEC-23","2023","202312089599430804"
"H4TX15134","CHURCHILL, VANGELA","Republican Party","REP","House","H","Texas","TX","15","EDINBURG","TX","78542","2024","08-DEC-23","2023","202312089599430803"
"H4CA16254","MOSTAFA, AHMED","Democratic Party","DEM","House","H","California","CA","16","PALO ALTO","CA","94306","2024","08-DEC-23","2023","202312089599430251"
"H4NJ03080","CONAWAY, HERB","Democratic Party","DEM","House","H","New Jersey","NJ","03","WILLINGBORO","NJ","08046","2024","07-DEC-23","2023","202312079599391043"
"H4TX27089","LLOYD, TANYA W","Democratic Party","DEM","House","H","Texas","TX","27","LOCKHART","TX","78644","2024","07-DEC-23","2023","202312079599426857"
"H4AR04089","HOWARD, RISI","Democratic Party","DEM","House","H","Arkansas","AR","04","PINE BLUFF","AR","71601","2024","07-DEC-23","2023","202312079599392960"
"H4NC05302","MAYBERRY, RYAN","Republican Party","REP","House","H","North Carolina","NC","05","TAYLORSVILLE","NC","28681","2024","07-DEC-23","2023","202312079599393367"
"P40016644","KLEIN, JOHN JAMES","Republican Party","REP","President","P","Oklahoma","OK","00","LAWTON","OK","73505","2024","07-DEC-23","2023","202312079599387384"
"P40016651","MARGOLIS, BARUCH","N/A","N/A","President","P","United States","00","00","MESQUITE","NV","89027","2024","07-DEC-23","2023","202312079599388721"
"H4CA16247","DIXON, PETER","Democratic Party","DEM","House","H","California","CA","16","MENLO PARK","CA","94026","2024","07-DEC-23","2023","202312079599388745"
"H4CO04223","SONNENBERG, JERRY","Republican Party","REP","House","H","Colorado","CO","04","PARKER","CO","80134","2024","07-DEC-23","2023","202312079599389119"
"H4TX28111","GARZA, LAZARO","Republican Party","REP","House","H","Texas","TX","28","HEBBRONVILLE","TX","78361","2024","07-DEC-23","2023","202312079599389175"
"H4AZ01285","GLASGOW, ROBERT MICHAEL","Democratic Party","DEM","House","H","Arizona","AZ","01","PHOENIX","AZ","85078","2024","07-DEC-23","2023","202312079599391038"
"H4WA06133","MACEWEN, DREW C","Republican Party","REP","House","H","Washington","WA","06","UNION","WA","98592","2024","07-DEC-23","2023","202312079599392645"
"H2WI03163","PROVANCE, RUSTIN LEVEM","Independent","IND","House","H","Wisconsin","WI","03","PEPIN","WI","54759","2024","07-DEC-23","2023","202312070300455693"
"H4CA32160","STRICKLAND, TRAVIS","Democratic Party","DEM","House","H","California","CA","32","LOS ANGELES","CA","91364","2024","07-DEC-23","2023","202312079599394122"
"H4CO04231","BAILEY, MARIEL","Republican Party","REP","House","H","Colorado","CO","04","LONE TREE","CO","80124","2024","07-DEC-23","2023","202312079599425850"
"P40016669","REEVES, JAY","Veterans Party","VET","President","P","United States","00","00","SAN ANTONIO","TX","78245","2024","07-DEC-23","2023","202312079599392900"
"H4NE03078","WALZ, JOHN","Republican Party","REP","House","H","Nebraska","NE","03","HASTINGS","NE","68901","2024","06-DEC-23","2023","202312069599386478"
"H4CA26196","ANSTEAD, CHRIS","Democratic Party","DEM","House","H","California","CA","26","AGOURA HILLS","CA","91301","2024","06-DEC-23","2023","202312069599381938"
"H4TN07133","BARRY, MEGAN","Democratic Party","DEM","House","H","Tennessee","TN","07","NASHVILLE","TN","37205","2024","06-DEC-23","2023","202312069599385029"
"H4NC13124","DIXON, DAVID MR.","Republican Party","REP","House","H","North Carolina","NC","13","GARNER","NC","27529","2024","06-DEC-23","2023","202312069599384737"
"H4MD03206","DIEHL, ABIGDAIL","Democratic Party","DEM","House","H","Maryland","MD","03","ANNAPOLIS","MD","21403","2024","06-DEC-23","2023","202312069599384757"
"H4OH02214","O'HARA, TIM","Republican Party","REP","House","H","Ohio","OH","02","HAMERSVILLE","OH","45130","2024","06-DEC-23","2023","202312069599382185"
"H4MD03222","CHANG, MARK","Democratic Party","DEM","House","H","Maryland","MD","03","LINTHICUM","MD","21090","2024","05-DEC-23","2023","202312059599372849"
"H2TX01146","JEFFERSON, JRMAR","Democratic Party","DEM","House","H","Texas","TX","30","LONGVIEW","TX","75605","2024","05-DEC-23","2023","202312059599372779"
"S4MA00341","PACKARD, AARON L","Republican Party","REP","Senate","S","Massachusetts","MA","00","FITCHBURG","MA","01420","2024","05-DEC-23","2023","202312059599372769"
"H4OR03192","DEXTER, MAXINE","Democratic Party","DEM","House","H","Oregon","OR","03","PORTLAND","OR","97212","2024","05-DEC-23","2023","202312059599372812"
"H4MN05121","TONGRIT-GREEN, SHUAA MEKI","Democratic-Farmer-Labor","DFL","House","H","Minnesota","MN","05","MINNEAPOLIS","MN","55403","2024","05-DEC-23","2023","202312059599372869"
"H4WA06125","DEAN, KATE","Democratic Party","DEM","House","H","Washington","WA","06","PORT TOWNSEND","WA","98368","2024","05-DEC-23","2023","202312059599372878"
"P40016628","MCCARRON, VANESSA S","Non-Party","NON","President","P","United States","00","00","PULLMAN","WA","99163","2024","05-DEC-23","2023","202312059599381933"
"H4NY01170","HILL, KYLE","Democratic Party","DEM","House","H","New York","NY","01","PORT JEFFERSON","NY","11777","2024","05-DEC-23","2023","202312059599373706"
"H4TX10226","BOISSEAU, THERESA","Democratic Party","DEM","House","H","Texas","TX","10","AUSTIN","TX","78720","2024","05-DEC-23","2023","202312059599373707"
"H4CA47200","ROBERTS, BOYD","Democratic Party","DEM","House","H","California","CA","47","LAGUNA BEACH","CA","92651","2024","05-DEC-23","2023","202312059599379156"
"H4OH02206","KIDD, LARRY","Republican Party","REP","House","H","Ohio","OH","02","JACKSON","OH","45640","2024","05-DEC-23","2023","202312059599379443"
"H4AL02246","BRACY, NAPOLEON","Democratic Party","DEM","House","H","Alabama","AL","02","PRICHARD","AL","36610","2024","05-DEC-23","2023","202312059599381911"
"H4TX25190","DAVIS, ROBERT EARL","Republican Party","REP","House","H","Texas","TX","25","JOSHUA","TX","76058","2024","05-DEC-23","2023","202312059599381912"
"H4CA47192","PHAM, LONG KIM","Republican Party","REP","House","H","California","CA","47","NEWPORT BEACH","CA","92663","2024","05-DEC-23","2023","202312059599372880"
"H2KS04099","FREEMAN, ESAU A","Democratic Party","DEM","House","H","Kansas","KS","04","SEDGWICK","KS","67135","2024","04-DEC-23","2023","202312049599371128"
"P40016586","EDOM, JEREMY MR","No Party Affiliation","NPA","President","P","United States","00","00","SWEETSER","IN","46987","2024","04-DEC-23","2023","202312049599371689"
"H4IN05260","EDOM, JEREMY LEE MR.","Democratic Party","DEM","House","H","Indiana","IN","05","SWEETSER","IN","46987","2024","04-DEC-23","2023","202312049599371848"
"H4NY16087","LATIMER, GEORGE","Democratic Party","DEM","House","H","New York","NY","16","RYE","NY","10580","2024","04-DEC-23","2023","202312049599371871"
"H4CO04215","MANGERIS, DOUGLAS","Libertarian Party","LIB","House","H","Colorado","CO","04","LOVELAND","CO","80537","2024","04-DEC-23","2023","202312049599371909"
"H4VA05089","WITT, GLORIA TINSLEY","Democratic Party","DEM","House","H","Virginia","VA","05","AMHERST","VA","24521","2024","04-DEC-23","2023","202312050300455574"
"H4TX19318","ZINK, RYAN","Republican Party","REP","House","H","Texas","TX","19","LUBBOCK","TX","79424","2024","04-DEC-23","2023","202312049599372003"
"H4IN01228","BROWN, JASON KEITH","American Independent Party","AIP","House","H","Indiana","IN","01","EVANSVILLE","IN","47711","2024","04-DEC-23","2023","202312049599372169"
"H4CA28127","VERLATO, APRIL","Republican Party","REP","House","H","California","CA","28","ARCADIA","CA","91006","2024","04-DEC-23","2023","202312049599372208"
"H4UT02296","MALOY, CELESTE","Republican Party","REP","House","H","Utah","UT","02","CEDAR CITY","UT","847212410","2024","04-DEC-23","2023","202312049599372493"
"P40016594","TRAMPOSCH DI GENOVA, TRISTA","Democratic Party","DEM","President","P","United States","00","00","TUCSON","AZ","85757","2024","04-DEC-23","2023","202312050300455586"
"H4CA16239","LOW, EVAN","Democratic Party","DEM","House","H","California","CA","16","SACRAMENTO","CA","95815","2024","04-DEC-23","2023","202312049599371946"
"P40016685","OLIVIERI, JANETT","Unknown","UNK","President","P","United States","00","00","WATERBURY","CT","06705","2024","03-DEC-23","2023","202312110300455728"
"S4FL00686","SUN, KATY","Republican Party","REP","Senate","S","Florida","FL","00","KISSIMMEE","FL","34758","2024","03-DEC-23","2023","202312039599371007"
"S4NY00388","RAMOS, JONATHON ANGEL","Federalist","FED","Senate","S","New York","NY","00","SAN DIEGO","CA","92104","2024","03-DEC-23","2023","202312039599370833"
"H4CA32152","ABBITT, DAVE","Democratic Party","DEM","House","H","California","CA","32","SHERMAN OAKS","CA","91403","2024","03-DEC-23","2023","202312039599370832"
"H4IN02184","YOUNG, MICHAEL","American People'S Freedom Party","APF","House","H","Indiana","IN","02","BEECH GROVE","IN","46107","2024","02-DEC-23","2023","202312029599370759"
"H4AL02238","THOMAS, BELINDA","Republican Party","REP","House","H","Alabama","AL","02","MONTGOMERY","AL","36108","2024","02-DEC-23","2023","202312029599370603"
"S8MI00414","PENSLER, SANDY","Republican Party","REP","Senate","S","Michigan","MI","00","BLOOMFIELD HILLS","MI","48303","2024","01-DEC-23","2023","202312019599369287"
"H4CA32145","AHUJA, CHRISTOPHER","Democratic Party","DEM","House","H","California","CA","32","LOS ANGELES","CA","91367","2024","01-DEC-23","2023","202312019599368171"
"H4CA16205","VISWANATHAN, NICKESH","Unaffiliated","UN","House","H","California","CA","16","SARATOGA","CA","95070","2024","01-DEC-23","2023","202312019599369248"
"P40016560","LAVIN, LUIS ALBERTO","Unaffiliated","UN","President","P","United States","00","00","NEW YORK CITY","NY","10014","2024","01-DEC-23","2023","202312019599369249"
"S4WV00381","SIGMON, MICHAEL R","New Progressive Party","NPP","Senate","S","West Virginia","WV","00","CHARLESTON","WV","25306","2024","01-DEC-23","2023","202312019599369735"
"H4MI08192","PUGH, PAMELA L","Democratic Party","DEM","House","H","Michigan","MI","08","SAGINAW","MI","48602","2024","01-DEC-23","2023","202312019599369544"
"P40016578","WILLIAMS, RITA FELINE","Independent","IND","President","P","United States","00","00","RICHLAND","MI","49083","2024","01-DEC-23","2023","202312019599369558"
"H4TX35041","CUDDY, DAVE MR","Republican Party","REP","House","H","Texas","TX","35","KYLE","TX","78640","2024","01-DEC-23","2023","202312019599369568"
"S2NV00340","DESTIN, JOSEPH JAMES","No Party Affiliation","NPA","Senate","S","Nevada","NV","00","LAS VEGAS","NV","89178","2024","01-DEC-23","2023","202312019599369701"
"H2MN07147","WATSON, ANNETTE","Republican Party","REP","House","H","Minnesota","MN","07","MORRIS","MN","56267","2024","01-DEC-23","2023","202312019599369379"
"H4NJ12180","EDITH COKER, SHOLA","Republican Party","REP","House","H","New Jersey","NJ","12","NEWARK","NJ","07111","2024","30-NOV-23","2023","202311300300455523"
"H4PR01051","ROMAN, ELMER LUIS","New Progressive Party","NPP","House","H","Puerto Rico","PR","00","YAUCO","PR","00698","2024","30-NOV-23","2023","202311309599367217"
"H4VA08380","LEON, STEPHEN ALAN MR.","Independent","IND","House","H","Virginia","VA","08","ARLINGTON","VA","22201","2024","30-NOV-23","2023","202311309599367218"
"P40016552","BURNER, BOYD THOMAS","Unknown","UNK","President","P","Nevada","NV","00","RENO","NV","89510","2024","30-NOV-23","2023","202311309599367223"
"H4VA07275","GUZMAN, ELIZABETH","Democratic Party","DEM","House","H","Virginia","VA","07","WOODBRIDGE","VA","22195","2024","30-NOV-23","2023","202311309599367423"
"H4TX26180","HUFFMAN, JOHN","Republican Party","REP","House","H","Texas","TX","26","ROANOKE","TX","76262","2024","30-NOV-23","2023","202311309599367428"
"P40016602","RAMOS, BEATRICE","Democratic Party","DEM","President","P","United States","00","00","NEW YORK","NY","10002","2024","30-NOV-23","2023","202312050300455642"
"H4CA16197","LICCARDO, SAM T.","Democratic Party","DEM","House","H","California","CA","16","SAN JOSE","CA","95125","2024","30-NOV-23","2023","202311309599367514"
"H4AZ08165","LEWIS, MARC","Democratic Party","DEM","House","H","Arizona","AZ","08","SURPRISE","AZ","85374","2024","30-NOV-23","2023","202311309599368001"
"S4DE00110","BROWN, PAMELA MS.","Democratic Party","DEM","Senate","S","Delaware","DE","00","KENSINGTON","MD","20895","2023","30-NOV-23","2023","202311309599368127"
"H4TX12107","GEHRIG, SEBASTIAN KENNETH","Democratic Party","DEM","House","H","Texas","TX","12","FORT WORTH","TX","76127","2024","30-NOV-23","2023","202311309599368151"
"H4TX13089","WARREN, LUKE","Democratic Party","DEM","House","H","Texas","TX","13","DENTON","TX","76201","2024","30-NOV-23","2023","202311309599368152"
"H4TX10218","MCPHAIL, KEITH","Democratic Party","DEM","House","H","Texas","TX","10","TRAVIS COUNTY","TX","78621","2024","30-NOV-23","2023","202311309599368170"
"H4AL02220","DOBSON, CAROLEENE","Republican Party","REP","House","H","Alabama","AL","02","MONTGOMERY","AL","36106","2024","30-NOV-23","2023","202311309599367505"
"H4TX12081","GARNDER, SHELLIE LUCILLE","Republican Party","REP","House","H","Texas","TX","12","BENBROOK","TX","76116","2024","29-NOV-23","2023","202311299599366695"
"H4CA43100","KNIGHT, DAVID MR.","Republican Party","REP","House","H","California","CA","43","INGLEWOOD","CA","90302","2024","29-NOV-23","2023","202311299599367212"
"H4NJ05150","GUINCHARD, MARY JO-ANN","Republican Party","REP","House","H","New Jersey","NJ","05","RIDGEWOOD","NJ","07450","2024","29-NOV-23","2023","202311299599367081"
"H4UT02361","JENSEN, TYRONE","Republican Party","REP","House","H","Utah","UT","02","RICHFIELD","UT","84701","2024","29-NOV-23","2023","202311299599367096"
"H4TX12099","DORRIS, CLINT","Republican Party","REP","House","H","Texas","TX","12","ALEDO","TX","76008","2024","29-NOV-23","2023","202311299599367160"
"H4CO05121","PARELLA, J. CORY MR.","Republican Party","REP","House","H","Colorado","CO","05","AURORA","CO","80011","2024","29-NOV-23","2023","202311299599367161"
"P40016545","BRADLEY, JAMES","Independent","IND","President","P","United States","00","00","LAGUNA NIGUEL","CA","92607","2024","29-NOV-23","2023","202311299599367173"
"H4CA34117","FERRELL, DAVID","Democratic Party","DEM","House","H","California","CA","34","LOS ANGELES","CA","90033","2024","29-NOV-23","2023","202311299599367174"
"H4OH06165","RULLI, MICHAEL","Republican Party","REP","House","H","Ohio","OH","06","YOUNGSTOWN","OH","44511","2024","29-NOV-23","2023","202311299599366561"
"S4NE00223","LOVE, PRESTON JR","Democratic Party","DEM","Senate","S","Nebraska","NE","00","OMAHA","NE","68104","2024","29-NOV-23","2023","202311299599366577"
"H4CT04171","SKUDLAREK, JADEN JOSEPH MR","Independent","IND","House","H","Connecticut","CT","04","FAIRFIELD","CT","06825","2024","29-NOV-23","2023","202311299599366675"
"H4CA50097","MOSS, SOLOMON DAVID","Independent","IND","House","H","California","CA","50","SAN DIEGO","CA","92128","2023","29-NOV-23","2023","202311299599366676"
"S4AZ00238","FULCHER JR, LEOANRD","Republican Party","REP","Senate","S","Arizona","AZ","00","PEORIA","AZ","85383","2024","29-NOV-23","2023","202311300300455503"
"H4MD03198","LAM, CLARENCE","Democratic Party","DEM","House","H","Maryland","MD","03","COLUMBIA","MD","21044","2024","29-NOV-23","2023","202311299599367193"
"H4OH10183","COX, AMY","Democratic Party","DEM","House","H","Ohio","OH","10","EATON","OH","45320","2024","29-NOV-23","2023","202311299599367072"
"H4TX14103","EDWARDS, JOSHUA","Republican Party","REP","House","H","Texas","TX","14","BUFFALO","TX","75831","2024","28-NOV-23","2023","202311289599366488"
"H4CA25248","ORTIZ, OSCAR","Democratic Party","DEM","House","H","California","CA","25","INDIO","CA","92202","2024","28-NOV-23","2023","202311289599366509"
"H4FL24058","NAVARRO, JESUS GABRIEL","Republican Party","REP","House","H","Florida","FL","24","HIALEAH","FL","33015","2024","28-NOV-23","2023","202311289599366536"
"P40016537","MARCINIAK, JERIMIAH","No Party Affiliation","NPA","President","P","United States","00","00","ROSEVILLE","CA","95661","2024","28-NOV-23","2023","202311289599366560"
"H4TX35033","DUNN, BRANDON CRAIG MR","Republican Party","REP","House","H","Texas","TX","35","BUDA","TX","78610","2024","28-NOV-23","2023","202311289599366487"
"H4CT04163","GOLDSTEIN, MICHAEL","Republican Party","REP","House","H","Connecticut","CT","04","BEVERLY","MA","01915","2024","28-NOV-23","2023","202311289599363428"
"H4TX35025","WRIGHT, STEVEN WILLIAM","Republican Party","REP","House","H","Texas","TX","35","BUDA","TX","78610","2024","28-NOV-23","2023","202311289599364093"
"S4GA11376","BALENO, IRENE STEPHANIE","Write-In","W","Senate","S","Georgia","GA","00","MILTON","GA","30004","2024","28-NOV-23","2023","202311289599364114"
"P40016511","CLEGG, FREDERICK JAMES","Libertarian Party","LIB","President","P","United States","00","00","SANTA CLARA","CA","95054","2024","28-NOV-23","2023","202311289599364127"
"H4OH02198","MYERS, DEREK J.","Republican Party","REP","House","H","Ohio","OH","02","CHILLICOTHE","OH","45601","2024","28-NOV-23","2023","202311289599363405"
"H4CA04136","PATWARDHAN, NIKET","Unknown","UNK","House","H","California","CA","04","WOODLAND","CA","95776","2024","27-NOV-23","2023","202311290300455495"
"H4NY26086","ALAM, MOHAMMED JAHANGIR","Democratic Party","DEM","House","H","New York","NY","26","BUFFALO","NY","14212","2024","27-NOV-23","2023","202311279599361811"
"P40016503","SCHULTZ, FREDERIC CHARLES MR. J.D.","Unaffiliated","UN","President","P","United States","00","00","SAN DIEGO","CA","92037","2024","27-NOV-23","2023","202311279599362047"
"H4NC14023","GENANT, PAMELA","Democratic Party","DEM","House","H","North Carolina","NC","14","VALDESE","NC","28690","2024","27-NOV-23","2023","202311279599361776"
"H4IL12086","ROBERTS, BRIAN","Democratic Party","DEM","House","H","Illinois","IL","12","DESOTO","IL","62924","2024","27-NOV-23","2023","202311279599361700"
"H4VA07267","HEINZER, CLIFFORD","Democratic Party","DEM","House","H","Virginia","VA","07","STAFFORD","VA","22555","2024","27-NOV-23","2023","202311279599361713"
"H4NC11102","RUDOW, CALEB","Democratic Party","DEM","House","H","North Carolina","NC","11","ASHEVILLE","NC","28814","2024","27-NOV-23","2023","202311279599361719"
"H0MI08141","JUNGE, PAUL","Republican Party","REP","House","H","Michigan","MI","08","GRAND BLANC","MI","48439","2024","27-NOV-23","2023","202311279599361694"
"H4CA34109","REVELES, AARON","Peace And Freedom Party","PFP","House","H","California","CA","34","LOS ANGELES","CA","90022","2024","26-NOV-23","2023","202311269599361592"
"H4PA04131","KELLER, CHUCK","Independent","IND","House","H","Pennsylvania","PA","04","MEADOWBROOK","PA","19046","2024","26-NOV-23","2023","202311269599361587"
"P40016495","LICHTENBERGER, MATTHEW","Independent","IND","President","P","California","CA","00","HUNTINGTON BEACH","CA","92649","2024","25-NOV-23","2023","202311259599361548"
"H4AL02212","LENARD, WILLIE JAMES","Democratic Party","DEM","House","H","Alabama","AL","02","PIKE ROAD","AL","36064","2024","25-NOV-23","2023","202311259599361566"
"H4PR01044","SOTIRIOU DROZ, MELIN ARGYRO","Democratic Party","DEM","House","H","Puerto Rico","PR","00","UTUADO","PR","00641","2024","25-NOV-23","2023","202311259599361553"
"P40016479","PAWLOSKI, JOHN CHARLES JR JR","American Independent Party","AIP","President","P","United States","00","00","COURTLAND","VA","23837","2023","24-NOV-23","2023","202311249599361378"
"P40016487","AKERS, BIKERBOB MR.","Independent","IND","President","P","United States","00","00","FREELAND","WA","98249","2024","24-NOV-23","2023","202311249599361523"
"H4PA07134","SHUPE, LEWIS","Independent","IND","House","H","Pennsylvania","PA","07","ALLENTOWN","PA","18101","2024","24-NOV-23","2023","202311249599361402"
"H4CA51129","SHIOURA, HILAIRE FUJI","Other","OTH","House","H","California","CA","51","EL CAJON","CA","92021","2024","24-NOV-23","2023","202311249599361396"
"H4AZ03158","MENDOZA, JESUS DAVID","Republican Party","REP","House","H","Arizona","AZ","03","PHOENIX","AZ","85012","2024","23-NOV-23","2023","202311239599361373"
"H4PR01036","MELENDEZ, JOSE E","Republican Party","REP","House","H","Puerto Rico","PR","00","GUAYNABO","PR","00969","2024","22-NOV-23","2023","202311229599361234"
"H4TX26172","LINEBERGER, ERNEST ROBINSON III","Democratic Party","DEM","House","H","Texas","TX","26","CARROLLTON","TX","75007","2024","22-NOV-23","2023","202311229599361277"
"P40016453","MAXWELL, MARY","Republican Party","REP","President","P","United States","00","00","CONCORD","NH","03301","2024","22-NOV-23","2023","202311220300455364"
"H4CA29158","BERNAL, BENITO","Republican Party","REP","House","H","California","CA","29","WOODLAND HILLS","CA","91364","2024","22-NOV-23","2023","202311229599360613"
"H4TX26164","ARMEY, SCOTT MR.","Republican Party","REP","House","H","Texas","TX","26","CORINTH","TX","76210","2024","22-NOV-23","2023","202311229599359490"
"H2TX03316","IVANOVSKIS, JEREMY DANIEL","Republican Party","REP","House","H","Texas","TX","03","PLANO","TX","75074","2024","22-NOV-23","2023","202311229599359499"
"H4CO05113","YARBROUGH, CALIL ANTWOIN D'SEAN","Unaffiliated","UN","House","H","Colorado","CO","05","COLORADO SPRINGS","CO","80911","2024","22-NOV-23","2023","202311229599359489"
"H4IN09163","PECK, TIMOTHY","Democratic Party","DEM","House","H","Indiana","IN","09","NEW WASHINGTON","IN","47162","2024","21-NOV-23","2023","202311219599359295"
"H4CA48083","SIMON, MICHAEL CRAIG MR.","Democratic Party","DEM","House","H","California","CA","48","ESCONDIDO","CA","920291222","2024","21-NOV-23","2023","202311219599359300"
"H4CA16189","BELL, EVAN","Democratic Party","DEM","House","H","California","CA","16","SAN JOSE","CA","95127","2024","21-NOV-23","2023","202311219599357023"
"S4WV00373","SIGMON, MICHAEL R","New Progressive Party","NPP","Senate","S","West Virginia","WV","00","CHARLESTON","WV","25306","2024","21-NOV-23","2023","202311219599357031"
"H4IL07227","SHERROD, RHONDA","Democratic Party","DEM","House","H","Illinois","IL","07","MAYWOOD","IL","60153","2024","21-NOV-23","2023","202311219599359172"
"H4WI06139","ZARBANO, JOHN","Democratic Party","DEM","House","H","Wisconsin","WI","06","OSHKOSH","WI","54901","2024","21-NOV-23","2023","202311219599358334"
"H4CA10125","ELSHERBINI, MOHAMED S MR","No Party Affiliation","NPA","House","H","California","CA","10","DANVILLE","CA","94506","2024","21-NOV-23","2023","202311219599359079"
"S4IN00303","RIDGELL, RAEVEN","Democratic Party","DEM","Senate","S","Indiana","IN","00","INDIANAPOLIS","IN","46214","2024","21-NOV-23","2023","202311219599359114"
"H4TX02199","NEWSOM, KEVIN MR.","Democratic Party","DEM","House","H","Texas","TX","02","KINGWOOD","TX","77339","2024","21-NOV-23","2023","202311219599359123"
"H4TX26156","DE FRANCESCHI, VLADIMIR","Republican Party","REP","House","H","Texas","TX","26","LEWISVILLE","TX","75067","2024","21-NOV-23","2023","202311219599358333"
"S4UT00258","TANNER, CHANDLER","Republican Party","REP","Senate","S","Utah","UT","00","ORANGEVILLE","UT","84537","2024","20-NOV-23","2023","202311209599356602"
"P60007580","MCKOWN, DARRELL MACK","Republican Party","REP","President","P","United States","00","00","MAUD","OK","74854","2024","20-NOV-23","2023","202311200300455239"
"H2MA03158","TOZIER-ROBBINS, MIRANDA L.","Democratic Party","DEM","House","H","Massachusetts","MA","03","FITCHBURG","MA","01420","2024","20-NOV-23","2023","202311209599174569"
"H4TX26149","GILL, BRANDON","Republican Party","REP","House","H","Texas","TX","26","BEVERLY","MA","01915","2024","20-NOV-23","2023","202311209599174877"
"H4TX28103","PEREZ, MARIA ANGELITA","Republican Party","REP","House","H","Texas","TX","28","SAN ANTONIO","TX","78229","2024","20-NOV-23","2023","202311209599180803"
"H4VA07259","SEWELL, BRIANA","Democratic Party","DEM","House","H","Virginia","VA","07","WOODBRIDGE","VA","22195","2024","20-NOV-23","2023","202311209599188731"
"H4AL06189","ANDERSON, ELIZABETH","Democratic Party","DEM","House","H","Alabama","AL","06","VESTAVIA HILLS","AL","35243","2024","20-NOV-23","2023","202311209599337409"
"H4CA29141","RIVAS, LUZ","Democratic Party","DEM","House","H","California","CA","29","LOS ANGELES","CA","90017","2024","20-NOV-23","2023","202311209599242942"
"H4GA14065","LEIGH, JOSEPH","Democratic Party","DEM","House","H","Georgia","GA","14","ROSSVILLE","GA","30741","2024","20-NOV-23","2023","202311209599270673"
"H4IL08159","RICE, MARK","Republican Party","REP","House","H","Illinois","IL","08","CHICAGO","IL","60601","2024","20-NOV-23","2023","202311209599273244"
"P40016446","DEWICK, KYLE","Independent","IND","President","P","United States","00","00","AVON","CO","81620","2024","20-NOV-23","2023","202311209599335031"
"S4DE00102","BROWN, PAMELA","Democratic Party","DEM","Senate","S","Delaware","DE","00","KENSINGTON","MD","20895","2024","20-NOV-23","2023","202311210300455281"
"H4CA19118","DOUGHERTY, SEAN JACOB","Green Party","GRE","House","H","California","CA","19","SANTA CRUZ","CA","95061","2023","20-NOV-23","2023","202311209599242522"
"P40016438","KAFKA, SCOTT JAMES","None","NNE","President","P","Illinois","IL","00","ADDISON","IL","60101","2024","19-NOV-23","2023","202311199599162768"
"H4TX26131","BURGESS, CLINT C","Republican Party","REP","House","H","Texas","TX","26","MANSFIELD","TX","76063","2024","19-NOV-23","2023","202311199599162707"
"H4ND01036","GRAYSON, RICHARD","Other","OTH","House","H","North Dakota","ND","00","APACHE JUNCTION","AZ","85120","2024","18-NOV-23","2023","202311189599162335"
"H4NJ03189","HAMMERLI, ALEXANDER","Democratic Party","DEM","House","H","New Jersey","NJ","03","JERSEY CITY","NJ","07305","2024","18-NOV-23","2023","202311189599162351"
"H4AL02204","GILBERRY, WALLACE","Republican Party","REP","House","H","Alabama","AL","02","BIRMINGHAM","AL","35259","2024","18-NOV-23","2023","202311189599162345"
"P40016412","CLEMENT, CHRISTINA LOREN HH LLC","Other","OTH","President","P","United States","00","00","DOVER","DE","19901","2024","17-NOV-23","2023","202311179599136597"
"H4MD12025","SCOTT, MICHAEL ERVIN MR.","People'S Party","PPY","House","H","Maryland","MD","12","BALTIMORE","MD","21213","2024","17-NOV-23","2023","202311179599136604"
"H4FL10131","WILLIAMS, SAMUEL LEE","Republican Party","REP","House","H","Florida","FL","10","ORLANDO","FL","32806","2024","17-NOV-23","2023","202311179599139159"
"H4OH02180","TASSELL, CHARLES","Republican Party","REP","House","H","Ohio","OH","02","BATAVIA","OH","45103","2024","17-NOV-23","2023","202311179599142702"
"P40016420","MERTS, JAMES MARK","None","NNE","President","P","United States","00","00","SACRAMENTO","CA","95816","2024","17-NOV-23","2023","202311179599161622"
"H4OH04061","SCHERTZER, SCOTT","Democratic Party","DEM","House","H","Ohio","OH","04","MARION","OH","43302","2024","17-NOV-23","2023","202311179599148858"
"H4TN03199","ALLEN, JACK BURKS MR JR","Democratic Party","DEM","House","H","Tennessee","TN","03","CHATTANOOGA","TN","37402","2024","17-NOV-23","2023","202311179599156386"
"S4CA00902","BASSETT, SHARLETA","Republican Party","REP","Senate","S","California","CA","00","BIGGS","CA","95917","2024","17-NOV-23","2023","202311179599157971"
"H2MN05208","SAMUELS, DON MR.","Democratic-Farmer-Labor","DFL","House","H","Minnesota","MN","05","MINNEAPOLIS","MN","55411","2024","17-NOV-23","2023","202311179599161588"
"H4MD03180","ROGERS, MICHAEL","Democratic Party","DEM","House","H","Maryland","MD","03","LAUREL","MD","20724","2024","17-NOV-23","2023","202311179599145717"
"H4VA07234","VINDMAN, YEVGENY 'EUGENE'","Democratic Party","DEM","House","H","Virginia","VA","07","DUMFRIES","VA","22025","2024","16-NOV-23","2023","202311169599117623"
"H4VA10261","QARNI, ATIF","Democratic Party","DEM","House","H","Virginia","VA","10","MANASSAS VA","VA","20111","2024","16-NOV-23","2023","202311169599117838"
"H4VA10279","SUBRAMANYAM, SUHAS","Democratic Party","DEM","House","H","Virginia","VA","10","ASHBURN","VA","20146","2024","16-NOV-23","2023","202311169599118459"
"H4TX26123","DEL ROSAL ISAIS, LUISA MARIA","Republican Party","REP","House","H","Texas","TX","26","AUSTIN","TX","78701","2024","16-NOV-23","2023","202311169599120010"
"H4GA12093","MYERS, DENNIS MICHAEL","Democratic Party","DEM","House","H","Georgia","GA","12","AUGUSTA","GA","30906","2024","16-NOV-23","2023","202311169599123018"
"H4NJ08105","JASEY, KYLE FORT","Democratic Party","DEM","House","H","New Jersey","NJ","08","JERSEY CITY","NJ","07302","2024","16-NOV-23","2023","202311169599124259"
"H4CA28119","WALLACE, BONNIE MS.","Republican Party","REP","House","H","California","CA","28","PASADENA","CA","91106","2024","16-NOV-23","2023","202311169599124408"
"H4FL28059","BOULIN ROMAIN, JACQUELINE","Democratic Party","DEM","House","H","Florida","FL","28","SAINT AUGUSTINE","FL","32092","2024","16-NOV-23","2023","202311169599124490"
"H4SC04093","MORGAN, ADAM","Republican Party","REP","House","H","South Carolina","SC","04","GREENVILLE","SC","29608","2024","16-NOV-23","2023","202311169599126459"
"H0NC09203","BROWN, LEIGH","Republican Party","REP","House","H","North Carolina","NC","08","HARRISBURG","NC","28075","2024","16-NOV-23","2023","202311169599134772"
"H4FL14141","PETERS, JOHN","Republican Party","REP","House","H","Florida","FL","14","LAKELAND","FL","33807","2024","16-NOV-23","2023","202311169599135335"
"H4NC08074","BROWN, DON","Republican Party","REP","House","H","North Carolina","NC","08","RALEIGH","NC","27624","2024","16-NOV-23","2023","202311169599135382"
"H4WA06117","RANDALL, EMILY","Democratic Party","DEM","House","H","Washington","WA","06","PORT ORCHARD","WA","98366","2024","16-NOV-23","2023","202311169599135465"
"H4VA07242","FRANKLIN, MARGARET","Democratic Party","DEM","House","H","Virginia","VA","07","WOODBRIDGE","VA","22194","2024","16-NOV-23","2023","202311169599121342"
"H4NC12175","ALI, ADDUL RAHMAN EL","Republican Party","REP","House","H","North Carolina","NC","12","CHARLOTTE","NC","28205","2024","16-NOV-23","2023","202311169599117508"
"S4CA00894","GARCIA, JOSHUA","Republican Party","REP","Senate","S","California","CA","00","OCEANSIDE","CA","92054","2024","15-NOV-23","2023","202311159599117482"
"H4WV01066","UMBERGER, JAMES MILTON","Democratic Party","DEM","House","H","West Virginia","WV","01","LEWISBURG","WV","24901","2024","15-NOV-23","2023","202311159599106338"
"H4RI01265","AMO, GABRIEL F","Democratic Party","DEM","House","H","Rhode Island","RI","01","PROVIDENCE","RI","02940","2024","15-NOV-23","2023","202311159599112590"
"H4TX22197","GREENE-SCOTT, MARQUETTE","Democratic Party","DEM","House","H","Texas","TX","22","ROSHARON","TX","77583","2024","15-NOV-23","2023","202311159599113366"
"P40016404","MEYER, SCOTT JOSEPH","Independent","IND","President","P","United States","00","00","FLORENCE","SC","92501","2023","15-NOV-23","2023","202311159599114416"
"H0VA07133","MCGUIRE, JOHN","Republican Party","REP","House","H","Virginia","VA","05","MANAKIN SABOT","VA","23103","2024","15-NOV-23","2023","202311159599113085"
"H4OR03184","BYLENGA, NOLAN EDWARD","Democratic Party","DEM","House","H","Oregon","OR","03","PORTLAND","OR","97201","2024","15-NOV-23","2023","202311159599105015"
"H4LA03127","JOHN, XAN MR.","Republican Party","REP","House","H","Louisiana","LA","03","LAFAYETTE","LA","70508","2024","15-NOV-23","2023","202311159599105016"
"S4NJ00482","MURPHY, TAMMY","Democratic Party","DEM","Senate","S","New Jersey","NJ","00","MAPLEWOOD","NJ","07040","2024","15-NOV-23","2023","202311159599105025"
"H4AZ07134","BUTIEREZ, DANIEL","Republican Party","REP","House","H","Arizona","AZ","07","TUCSON","AZ","85719","2024","15-NOV-23","2023","202311159599105097"
"H8VA10080","HELMER, DANIEL","Democratic Party","DEM","House","H","Virginia","VA","10","CLIFTON","VA","20124","2024","15-NOV-23","2023","202311159599106014"
"H4IA01127","PAUTSCH, DAVID ALFRED","Republican Party","REP","House","H","Iowa","IA","01","DAVENPORT","IA","52806","2024","14-NOV-23","2023","202311140300454917"
"P40016396","HARDY, JASON C","Independent","IND","President","P","Wisconsin","WI","00","MADISON","WI","53718","2024","14-NOV-23","2023","202311149599092650"
"H4TX37021","MCNERNEY, CHRISTOPHER MICHAEL","Democratic Party","DEM","House","H","Texas","TX","37","AUSTIN","TX","78708","2024","14-NOV-23","2023","202311149599092849"
"H4CA47184","MCGRATH, THOMAS PIERCE","No Party Affiliation","NPA","House","H","California","CA","47","HUNTINGTON BEACH","CA","92648","2024","14-NOV-23","2023","202311149599092910"
"H4CA48075","SHANAHAN, WHITNEY","Democratic Party","DEM","House","H","California","CA","48","FALLBROOK","CA","92088","2024","14-NOV-23","2023","202311149599092933"
"H4AK00156","DAHLSTROM, NANCY","Republican Party","REP","House","H","Alaska","AK","00","ANCHORAGE","AK","99524","2024","14-NOV-23","2023","202311149599092938"
"H4CA24209","PASQUARELLA, HELENA","Democratic Party","DEM","House","H","California","CA","24","OJAI","CA","93024","2024","14-NOV-23","2023","202311149599093553"
"H4TX10200","MEDLEY, STEFAN PAUL MR","Independent","IND","House","H","Texas","TX","10","LAGO VISTA","TX","78645","2024","14-NOV-23","2023","202311149599093568"
"H4NY26078","KENNEDY, TIMOTHY","Democratic Party","DEM","House","H","New York","NY","26","BUFFALO","NY","14201","2024","14-NOV-23","2023","202311149599085052"
"H4VA10246","REID, DAVID","Democratic Party","DEM","House","H","Virginia","VA","10","ASHBURN","VA","20148","2024","14-NOV-23","2023","202311149599085074"
"H4OH02172","ANTANI, NIRAJ JAIMINI","Republican Party","REP","House","H","Ohio","OH","02","MIAMISBURG","OH","45342","2024","14-NOV-23","2023","202311149599085081"
"H2TX04132","THOMAS, DANIEL M.","Republican Party","REP","House","H","Texas","TX","04","POTTSBORO","TX","75076","2024","14-NOV-23","2023","202311149599085989"
"H4PR00103","VILLAFANE RAMOS, WILLIAM ELY","New Progressive Party","NPP","House","H","Puerto Rico","PR","00","BAYAMON","PR","00956","2024","14-NOV-23","2023","202311149599086548"
"H4AL02196","GIVAN, JUANDALYNN MS.","Democratic Party","DEM","House","H","Alabama","AL","02","BIRMINGHAM","AL","35214","2024","14-NOV-23","2023","202311149599089847"
"H4IL13266","WILLHITE, LAYNE AUSTIN","Democratic Party","DEM","House","H","Illinois","IL","13","COLLINSVILLE","IL","62234","2024","14-NOV-23","2023","202311149599094252"
"H4ME01160","RUSSELL, RONALD CHARLES","Republican Party","REP","House","H","Maine","ME","01","KENNEBUNKPORT","ME","04046","2024","13-NOV-23","2023","202311130300454864"
"H4MT02106","ZINN, STACY","Republican Party","REP","House","H","Montana","MT","02","BILLINGS","MT","59108","2024","13-NOV-23","2023","202311139599006100"
"H4OR04125","DESPAIN, MONIQUE","Republican Party","REP","House","H","Oregon","OR","04","EUGENE","OR","97405","2024","13-NOV-23","2023","202311139599032175"
"P40016370","PIGRAM, JIMMYRICO","Republican Party","REP","President","P","United States","00","00","LOS ANGELES","CA","90046","2024","13-NOV-23","2023","202311139599083825"
"H4AL02188","ALBRITTON, GREGORY","Republican Party","REP","House","H","Alabama","AL","02","RANGE","AL","63473","2024","13-NOV-23","2023","202311139599048449"
"H4TX31073","ANDERSON, JOHN CARNAN","Republican Party","REP","House","H","Texas","TX","31","ALEXANDRIA","VA","22313","2024","13-NOV-23","2023","202311139599062070"
"H4IN05252","MALAYTER, PATRICK MICHAEL","Republican Party","REP","House","H","Indiana","IN","05","FISHERS","IN","46055","2024","13-NOV-23","2023","202311139599048447"
"P40016362","STODDEN, WILLIAM P. DR.","Socialist Party U.S.A.","SOC","President","P","United States","00","00","AMES","IA","50010","2024","12-NOV-23","2023","202311129598986863"
"H4IN02176","BEAMON, CAMERON","Independent","IND","House","H","Indiana","IN","02","HOBART","IN","46342","2024","12-NOV-23","2023","202311129598985895"
"P40016354","WIZARD, HARVEY","Independent","IND","President","P","United States","00","00","MIAMI","FL","33126","2024","12-NOV-23","2023","202311129598985510"
"H4FL22151","FUGATE, DEMETRIUS (D.B.) BURNS","Republican Party","REP","House","H","Florida","FL","22","PEMBROKE PINES","FL","33028","2024","11-NOV-23","2023","202311119598985471"
"P40016339","FARMS, WILLIAM","Independent","IND","President","P","United States","00","00","JEWETT","OH","43986","2024","11-NOV-23","2023","202311119598985361"
"H4FL22144","FUGATE, DEMETRIUS (D.B.) BURNS","Republican Party","REP","House","H","Florida","FL","22","PEMBROKE PINES","FL","33028","2024","11-NOV-23","2023","202311119598985434"
"H4WA06109","FRANZ, HILARY","Democratic Party","DEM","House","H","Washington","WA","06","SEATTLE","WA","98417","2024","11-NOV-23","2023","202311119598985432"
"P40016347","THOMPSON, SARAH ELLEN MRS.","Republican Party","REP","President","P","United States","00","00","STATESBORO","GA","30461","2024","11-NOV-23","2023","202311119598985393"
"H4CA01215","MEEKS, JANAI SO","Non-Party","NON","House","H","California","CA","01","CORNING","CA","96021","2024","10-NOV-23","2023","202311109598981970"
"H4CA01207","MEEKS, JANAI S.O","Non-Party","NON","House","H","California","CA","01","CORNING","CA","96021","2023","10-NOV-23","2023","202311109598981972"
"P40016313","TAYLOR, MATTHEW EDWARD","No Party Affiliation","NPA","President","P","United States","00","00","PLANT CITY","FL","33567","2024","10-NOV-23","2023","202311109598982079"
"H4AL02170","FIGURES, SHOMARI C.","Democratic Party","DEM","House","H","Alabama","AL","02","MOBILE","AL","36604","2024","10-NOV-23","2023","202311109598982484"
"H4TX12073","MARKLAND, MONTGOMERY","GOP","GOP","House","H","Texas","TX","12","FLOWER MOUND","TX","75028","2024","10-NOV-23","2023","202311109598985356"
"P40016321","WILSON, BRUCE RANSON","Independent","IND","President","P","United States","00","00","NORTH","SC","29112","2024","10-NOV-23","2023","202311109598983903"
"H4AZ08157","FRANKS, TRENT","Republican Party","REP","House","H","Arizona","AZ","08","SUN CITY","AZ","85351","2024","10-NOV-23","2023","202311109598985175"
"H4CA16171","BERNSTEIN, JOBY","Democratic Party","DEM","House","H","California","CA","16","PALO ALTO","CA","94306","2024","10-NOV-23","2023","202311109598985264"
"S4MI00645","FRIZZELL, JAMES KIETH MR SR","Independent","IND","Senate","S","Michigan","MI","00","CADILLAC","MI","49601","2024","10-NOV-23","2023","202311109598982517"
"H4VA10238","BOYSKO, JENNIFER","Democratic Party","DEM","House","H","Virginia","VA","10","WASHINGTON","DC","20003","2024","09-NOV-23","2023","202311099598978474"
"H4MN03118","MORRISON, KELLY LOUISE","Democratic-Farmer-Labor","DFL","House","H","Minnesota","MN","03","WAYZATA","MN","55391","2024","09-NOV-23","2023","202311099598978842"
"H4NJ07131","VARTAN, GREGORY III","Democratic Party","DEM","House","H","New Jersey","NJ","07","SUMMIT","NJ","07901","2024","09-NOV-23","2023","202311099598979023"
"H4AR01077","GOVENS, RODNEY","Democratic Party","DEM","House","H","Arkansas","AR","01","CABOT","AR","72023","2024","09-NOV-23","2023","202311099598979071"
"H2AL02166","PATEL, VIMAL","Democratic Party","DEM","House","H","Alabama","AL","02","TROY","AL","36081","2024","09-NOV-23","2023","202311099598978493"
"H4FL27010","BAEZ-GELLER, LUCIA","Democratic Party","DEM","House","H","Florida","FL","27","MIAMI","FL","33245","2024","09-NOV-23","2023","202311099598979407"
"H4CA12238","WOODY, JASON J","Democratic Party","DEM","House","H","California","CA","12","OAKLAND","CA","94607","2024","09-NOV-23","2023","202311099598980909"
"H4CO04207","HOLTORF, RICHARD","Republican Party","REP","House","H","Colorado","CO","04","AKRON","CO","80720","2024","09-NOV-23","2023","202311099598980986"
"H4AL02162","DANIELS, ANTHONY","Democratic Party","DEM","House","H","Alabama","AL","02","MONTGOMERY","AL","36016","2024","09-NOV-23","2023","202311099598981821"
"H4AL02154","SHEPPERSON, STACEY T. MRS.","Republican Party","REP","House","H","Alabama","AL","02","SARALAND","AL","36571","2024","09-NOV-23","2023","202311099598979078"
"H4IN04248","HAGGARD, CRAIG","Republican Party","REP","House","H","Indiana","IN","04","MOORESVILLE","IN","46158","2024","08-NOV-23","2023","202311089598974317"
"H4VA08372","CAMPBELL, ANDREW JACKSON MR.","Democratic Party","DEM","House","H","Virginia","VA","08","ARLINGTON","VA","22202","2024","08-NOV-23","2023","202311089598974622"
"H4AL06171","MCFEETERS, KENNETH R","Republican Party","REP","House","H","Alabama","AL","06","BIRMINGHAM","AL","35216","2024","08-NOV-23","2023","202311089598975398"
"H4TN02084","GEORGE, JANE ANNE","Democratic Party","DEM","House","H","Tennessee","TN","02","KNOXVILLE","TN","37914","2024","08-NOV-23","2023","202311089598975399"
"H2CA10244","KERR, MICHAEL","Green Party","GRE","House","H","California","CA","10","BAY POINT","CA","94565","2024","08-NOV-23","2023","202311130300454859"
"H4IL09082","DONAHUE, MICHAEL","Democratic Party","DEM","House","H","Illinois","IL","09","PARK RIDGE","IL","60068","2024","08-NOV-23","2023","202311089598976774"
"H4NC14015","MOORE, TIM","Republican Party","REP","House","H","North Carolina","NC","14","RALEIGH","NC","27624","2024","08-NOV-23","2023","202311089598976847"
"H4IA03172","BACCAM, LANON","Democratic Party","DEM","House","H","Iowa","IA","03","DES MOINES","IA","50312","2024","08-NOV-23","2023","202311089598977798"
"H4AR03073","PENZO, CLINT","Republican Party","REP","House","H","Arkansas","AR","03","SPRINGDALE","AR","72766","2024","08-NOV-23","2023","202311089598976547"
"H4CA04128","MUNN, JOHN","Republican Party","REP","House","H","California","CA","04","DAVIS","CA","95616","2024","07-NOV-23","2023","202311079598974278"
"S4NJ00474","SCAZZOLA, VICTOR JOSEPH","Independent","IND","Senate","S","New Jersey","NJ","00","SEASIDE PARK","NJ","08752","2024","07-NOV-23","2023","202311070300454784"
"S4WV00365","MCKINNEY, BRYAN","Republican Party","REP","Senate","S","West Virginia","WV","00","INWOOD","WV","25428","2024","07-NOV-23","2023","202311079598974082"
"S4FL00678","O''DELL, SHANNON MAY","Republican Party","REP","Senate","S","Florida","FL","00","TAMPA","FL","33611","2024","06-NOV-23","2023","202311060300454746"
"S4MI00637","MEIJER, PETER MR.","Republican Party","REP","Senate","S","Michigan","MI","00","GRAND RAPIDS","MI","49516","2024","06-NOV-23","2023","202311069598949656"
"H4CA10117","SWEENEY, JOSEPH J","Independent","IND","House","H","California","CA","10","PLEASANTON","CA","94588","2024","06-NOV-23","2023","202311069598952104"
"H4MD03172","HILL, TERRI MD","Democratic Party","DEM","House","H","Maryland","MD","03","COLUMBIA","MD","21044","2024","06-NOV-23","2023","202311069598952078"
"H4TN06226","BERGMAN, LORE ANN","Democratic Party","DEM","House","H","Tennessee","TN","06","HENDERSONVILLE","TN","37075","2024","06-NOV-23","2023","202311069598952098"
"H4TX05069","RODRIGUEZ, ANTONIO","Independent","IND","House","H","Texas","TX","05","KAUFMAN","TX","75142","2024","06-NOV-23","2023","202311069598949964"
"H4CA16163","OHTAKI, PETER I","Republican Party","REP","House","H","California","CA","16","MENLO PARK","CA","94025","2024","05-NOV-23","2023","202311059598949304"
"P40016289","SUGGS, RODNEY EUGENE","None","NNE","President","P","South Carolina","SC","00","DARLINGTON","SC","29532","2024","05-NOV-23","2023","202311059598949317"
"H4IN09155","DOTY, HUGH SCOTT MR III","Republican Party","REP","House","H","Indiana","IN","09","SELLERSBURG","IN","47172","2024","04-NOV-23","2023","202311049598949232"
"H4AL02139","HARRIS, HAMPTON SCOTT","Republican Party","REP","House","H","Alabama","AL","02","PIKE ROAD","AL","36752","2024","04-NOV-23","2023","202311049598949259"
"P40016248","WALKER, JAMARION","Democratic Party","DEM","President","P","United States","00","00","BIRMINGHAM","AL","35244","2024","04-NOV-23","2023","202311049598949249"
"H4MD03164","ATTERBEARY, VANESSA","Democratic Party","DEM","House","H","Maryland","MD","03","FULTON","MD","20759","2024","04-NOV-23","2023","202311049598949244"
"H4TX12065","GOLDMAN, CRAIG","Republican Party","REP","House","H","Texas","TX","12","FORT WORTH","TX","76185","2024","03-NOV-23","2023","202311039598931720"
"H4CO08042","ANDUJO, JOSEPH LUIS","Republican Party","REP","House","H","Colorado","CO","08","BERTHOUD","CO","80513","2024","03-NOV-23","2023","202311039598931729"
"H4AL02121","BREWBAKER, DICK LANSDEN","Republican Party","REP","House","H","Alabama","AL","02","MONTGOMERY","AL","36101","2024","03-NOV-23","2023","202311039598932301"
"P20003984","STEIN, JILL","Green Party","GRE","President","P","United States","00","00","LEXINGTON ","MA","02421","2024","03-NOV-23","2023","202311070300454797"
"H2NC06155","CONTOGIANNIS, MARY ANN DR","Republican Party","REP","House","H","North Carolina","NC","06","RALEIGH","NC","27624","2024","03-NOV-23","2023","202311039598948845"
"H4NC06052","WALKER, BRADLEY MARK MR.","Republican Party","REP","House","H","North Carolina","NC","06","RALEIGH","NC","27624","2024","03-NOV-23","2023","202311039598948846"
"H4AZ08140","TOMA, BEN","Republican Party","REP","House","H","Arizona","AZ","08","PEORIA","AZ","85383","2024","03-NOV-23","2023","202311039598931513"
"H4OR03176","CAMPION, JEREMIAH JEREMIAH","Democratic Party","DEM","House","H","Oregon","OR","03","PORTLAND","OR","97220","2024","02-NOV-23","2023","202311029598925857"
"H4AZ05112","SCHAFFNER, KATRINA","Democratic Party","DEM","House","H","Arizona","AZ","05","MESA","AZ","85209","2024","02-NOV-23","2023","202311029598926452"
"H4CO04199","FLORA, DEBORAH","Republican Party","REP","House","H","Colorado","CO","04","PARKER","CO","80134","2024","02-NOV-23","2023","202311029598925855"
"H4DE00060","HALL, DONYALE LONDON","Republican Party","REP","House","H","Delaware","DE","00","DOVER","DE","19904","2024","02-NOV-23","2023","202311029598925482"
"S4CA00886","THELEN, DAVID","Democratic Party","DEM","Senate","S","California","CA","47","IRVINE","CA","92612","2024","02-NOV-23","2023","202311020300454676"
"H4AL02113","GRAY, JEREMY","Democratic Party","DEM","House","H","Alabama","AL","02","PHENIX CITY","AL","36868","2024","02-NOV-23","2023","202311029598924035"
"P40016297","HARRIS, GOLDA D","Democratic Party","DEM","President","P","United States","00","00","NORTH PLAINFIELD","NJ","070606636","2024","01-NOV-23","2023","202311060300454722"
"H2CA29087","CARRANZA, MARGARITA MARIA MMC MMC","Republican Party","REP","House","H","California","CA","29","SYLMAR","CA","91342","2024","01-NOV-23","2023","202311019598921851"
"H4TX21108","HOOK, KRISTIN A DR.","Democratic Party","DEM","House","H","Texas","TX","21","BOERNE","TX","78006","2024","01-NOV-23","2023","202311019598922097"
"H4CA19100","ANDERSON, JASON","Republican Party","REP","House","H","California","CA","19","ATASCADERO","CA","93422","2024","01-NOV-23","2023","202311019598923384"
"P40016222","QUIGLEY, ROBERT ALLEN","Write-In","W","President","P","United States","00","00","WASHINGTON","DC","20011","2024","01-NOV-23","2023","202311019598920153"
"H4CA32137","THOMPSON, LARRY","Republican Party","REP","House","H","California","CA","32","LOS ANGELES","CA","90025","2024","01-NOV-23","2023","202311019598920192"
"H4MT02098","DOWNING, TROY","Republican Party","REP","House","H","Montana","MT","02","HELENA","MT","59624","2024","01-NOV-23","2023","202311019598920259"
"S4UT00241","PHIPPEN, CAROLYN MARIE","Republican Party","REP","Senate","S","Utah","UT","00","DRAPER","UT","84020","2024","01-NOV-23","2023","202311019598920475"
"P40016230","IWERKS, JEFF A MR.","Independent","IND","President","P","United States","00","00","SIOUX FALKS","SD","57105","2024","01-NOV-23","2023","202311019598920485"
"H4OR03150","JAYAPAL, SUSHEELA","Democratic Party","DEM","House","H","Oregon","OR","03","PORTLAND","OR","97212","2024","01-NOV-23","2023","202311019598920497"
"H4CO05105","GASSEN, RIVER","Democratic Party","DEM","House","H","Colorado","CO","05","COLORADO SPRINGS","CO","80907","2024","01-NOV-23","2023","202311019598920498"
"H4OR03168","MORALES, EDUARDO","Democratic Party","DEM","House","H","Oregon","OR","03","PORTLAND","OR","97242","2024","01-NOV-23","2023","202311019598920521"
"H4MI01171","SAUL, JOSHUA","Republican Party","REP","House","H","Michigan","MI","01","ROSCOMMON","MI","48653","2024","01-NOV-23","2023","202311019598920533"
"H4MD03156","ELFRETH, SARAH KELLY","Democratic Party","DEM","House","H","Maryland","MD","03","ANNAPOLIS","MD","21403","2024","01-NOV-23","2023","202311019598921118"
"H4NC13116","KNOTT, BRAD","Republican Party","REP","House","H","North Carolina","NC","13","RALEIGH","NC","27624","2024","01-NOV-23","2023","202311019598921904"
"H4CA07089","SILVA, THOMAS","Republican Party","REP","House","H","California","CA","07","GALT","CA","95632","2024","31-OCT-23","2023","202310319598914830"
"H4MD12017","MUHAMMAD, ISMAAEEL A. MR","Democratic Party","DEM","House","H","Maryland","MD","12","BALTIMORE","MD","21213","2024","31-OCT-23","2023","202310319598913679"
"H4CA35080","SUTHAR, VIJAL","Republican Party","REP","House","H","California","CA","35","ONTARIO","CA","91762","2024","31-OCT-23","2023","202310319598918601"
"H4CA16155","RYAN, KARL","Republican Party","REP","House","H","California","CA","16","SPRINGFIELD","VA","22152","2024","31-OCT-23","2023","202310319598918432"
"P40016214","SPRAGUE, BRENT ALLEN MR.","No Party Affiliation","NPA","President","P","United States","00","00","TEMPLE","GA","30179","2024","31-OCT-23","2023","202310319598914302"
"H4NY24115","FRATTO, FRATTO","Republican Party","REP","House","H","New York","NY","24","GENEVA","NY","14456","2024","30-OCT-23","2023","202310309598879547"
"H6SC07018","HYMAN, MAL","Democratic Party","DEM","House","H","South Carolina","SC","07","HARTSVILLE","SC","29550","2024","30-OCT-23","2023","202310309598879934"
"H4MO01134","BELL, WESLEY MR","Democratic Party","DEM","House","H","Missouri","MO","01","ST LOUIS","MO","63105","2024","30-OCT-23","2023","202310309598879987"
"P40016198","SANFORD, HARLAN MARK","Republican Party","REP","President","P","United States","00","00","BAKERSFIELD","CA","93312","2024","30-OCT-23","2023","202310309598880012"
"H0CA52091","RYANS, JERLILIA MS.","Democratic Party","DEM","House","H","California","CA","50","SAN DIEGO","CA","92196","2024","30-OCT-23","2023","202310309598880018"
"H4MD06357","COX, DAN","Republican Party","REP","House","H","Maryland","MD","06","FREDRICK","MD","21705","2024","30-OCT-23","2023","202310309598885763"
"S4TN00542","BRADSHAW, MARQUITA","Democratic Party","DEM","Senate","S","Tennessee","TN","00","MEMPHIS","TN","38104","2024","30-OCT-23","2023","202310309598879546"
"H4CO06129","FABBRICATORE, JOHN","Republican Party","REP","House","H","Colorado","CO","06","AURORA","CO","80046","2024","30-OCT-23","2023","202310309598885845"
"P40016206","RAMIREZ, MARC ANTHONY","PUR","PUR","President","P","United States","00","00","SAN ANTONIO","TX","78254","2024","30-OCT-23","2023","202310309598895469"
"H4AZ08132","KERN, ANTHONY","Republican Party","REP","House","H","Arizona","AZ","08","GLENDALE","AZ","85304","2024","30-OCT-23","2023","202310309598913247"
"H4MI01163","SAMUEL, BENSSON V PROFESSOR","Independent","IND","House","H","Michigan","MI","01","BARBEAU","MI","49710","2024","30-OCT-23","2023","202310309598879501"
"S4MI00611","SAMUEL, BENSSON V PROFESSOR","Independent","IND","Senate","S","Michigan","MI","00","BARBEAU","MI","49710","2024","30-OCT-23","2023","202310309598879506"
"H4FL08135","BABITS, JOSEPH","Republican Party","REP","House","H","Florida","FL","08","VERO BEACH","FL","32963","2024","30-OCT-23","2023","202310309598879545"
"H4CA18136","NIJMEH, CHARLENE CONCEPCION","Democratic Party","DEM","House","H","California","CA","18","MORGAN HILL","CA","95037","2024","30-OCT-23","2023","202310309598885832"
"P40016180","FULLER, THOMAS","Write-In","W","President","P","United States","00","00","CASSELBERRY","FL","32707","2024","29-OCT-23","2023","202310299598879335"
"H4CA02148","KANGAS, JOLIAN","No Party Affiliation","NPA","House","H","California","CA","02","ARCATA","CA","95521","2024","29-OCT-23","2023","202310299598879485"
"H4IN07191","JOHNSON, RUSTY MR","Republican Party","REP","House","H","Indiana","IN","07","INDIANAPOLIS","IN","46239","2024","29-OCT-23","2023","202310299598879496"
"H4FL14133","MARSELLA, RENEE","Republican Party","REP","House","H","Florida","FL","14","TAMPA","FL","33603","2024","29-OCT-23","2023","202310299598879491"
"H4CA20173","GIGLIO, DAVID ANTHONY","Republican Party","REP","House","H","California","CA","20","CLOVIS","CA","93611","2024","29-OCT-23","2023","202310299598879490"
"H4VA10220","GARAY, BRANDON","Democratic Party","DEM","House","H","Virginia","VA","10","LEESBURG","VA","20175","2024","28-OCT-23","2023","202310289598879334"
"P40016172","MOHAMMAD, SHANE ALEKSANDER MR","Democratic Party","DEM","President","P","United States","00","00","CYPRESS","TX","77433","2024","28-OCT-23","2023","202310289598879333"
"P40016164","GONZALES, EDWARD ALLAN","Independent","IND","President","P","United States","00","00","CONROE","TX","77306","2024","28-OCT-23","2023","202310289598879287"
"P40016149","MOUNTAIN, ZACHARIAH BERTROM","Nonpartisan","N","President","P","United States","00","00","AUGUSTA","ME","04330","2024","27-OCT-23","2023","202310279598860706"
"H4NY18125","SAULINO, ALEXANDER J.","Democratic Party","DEM","House","H","New York","NY","18","POUGHKEEPSIE","NY","12601","2024","27-OCT-23","2023","202310279598860707"
"H4AZ08124","MASTERS, BLAKE","Republican Party","REP","House","H","Arizona","AZ","08","ALEXANDRIA","VA","22314","2024","27-OCT-23","2023","202310279598860730"
"P40016156","WEIGANT, BRADLEY ALLEN","Independent","IND","President","P","Florida","FL","00","CITRUS SPRINGS","FL","34434","2024","27-OCT-23","2023","202310279598879231"
"H4TN06218","REID, JOE","Republican Party","REP","House","H","Tennessee","TN","06","KNOXVILLE","TN","37912","2024","27-OCT-23","2023","202310279598876981"
"H4CA26188","BOYER, BRUCE MR.","Republican Party","REP","House","H","California","CA","26","SIMI VALLEY","CA","93063","2024","27-OCT-23","2023","202310279598877544"
"H4FL17052","LOPEZ, MANNY","Democratic Party","DEM","House","H","Florida","FL","17","NOKOMIS","FL","34275","2024","27-OCT-23","2023","202310279598860837"
"P40016131","PHILLIPS, DEAN","Democratic Party","DEM","President","P","United States","00","00","EXCELSIOR","MN","55331","2024","26-OCT-23","2023","202310269598860701"
"H4NC01145","STEVENSON, ERIC MR","Republican Party","REP","House","H","North Carolina","NC","13","SPRING LAKE","NC","28390","2024","26-OCT-23","2023","202310269598859063"
"P40016107","SCHECHINGER, SETH","Unaffiliated","UN","President","P","United States","00","00","TODDVILLE","IA","52341","2024","26-OCT-23","2023","202310269598859140"
"S4CA00878","SOSINSKI, JOE","Independent","IND","Senate","S","California","CA","00","SUNNYVALE","CA","94087","2024","26-OCT-23","2023","202310269598860686"
"H4TX04161","CARDELL, SIMON WB","Democratic Party","DEM","House","H","Texas","TX","04","AUBREY","TX","76227","2024","26-OCT-23","2023","202310269598859823"
"P40016115","CORNEJO, GABRIEL","Democratic Party","DEM","President","P","United States","00","00","LAS VEGAS","NV","89121","2024","26-OCT-23","2023","202310269598859950"
"P40016123","CLEGG, FREDERICK JAMES","Libertarian Party","LIB","President","P","United States","00","00","SANTA CLARA","CA","95054","2024","26-OCT-23","2023","202310269598860375"
"H4TN04247","DAVIS, THOMAS EUGENE","Republican Party","REP","House","H","Tennessee","TN","04","MORRISON","TN","37357","2024","26-OCT-23","2023","202310269598859553"
"H4MD06340","DELANEY, APRIL MCCLAIN","Democratic Party","DEM","House","H","Maryland","MD","06","GAITHERSBURG","MD","20883","2024","25-OCT-23","2023","202310259598842154"
"H4CA11172","ZENG, JASON","Republican Party","REP","House","H","California","CA","11","SAN FRANCISCO","CA","94134","2024","25-OCT-23","2023","202310259598842198"
"H4CO05097","NGUYEN, KATRINA","Unaffiliated","UN","House","H","Colorado","CO","05","COLORADO SPRINGS","CO","80917","2024","25-OCT-23","2023","202310259598842208"
"S4NY00370","ROZLER, JEFFREY P.","Republican Party","REP","Senate","S","New York","NY","00","WILLIAMSVILLE","NY","14221","2024","25-OCT-23","2023","202310259598842498"
"H4VA08364","OLMACK, JERAMY LEE","No Party Affiliation","NPA","House","H","Virginia","VA","08","ARLINGTON","VA","22202","2024","25-OCT-23","2023","202310259598842987"
"P40016081","RILEY, ISAAC","Independent","IND","President","P","United States","00","00","CLEVELAND","MO","64734","2024","25-OCT-23","2023","202310259598842140"
"H4FL24041","SPICER, LAVERN","Republican Party","REP","House","H","Florida","FL","24","MIAMI","FL","33150","2024","25-OCT-23","2023","202310259598843585"
"H4TX24185","MAHESH, KAMAL AL","Democratic Party","DEM","House","H","Texas","TX","24","FARMERS BRANCH","TX","75234","2024","25-OCT-23","2023","202310259598858124"
"P40016099","GIVENS, RENZELL","No Party Preference","NOP","President","P","United States","00","00","LOS ANGELES","CA","90008","2024","25-OCT-23","2023","202310250300454081"
"P00013409","HENRY, JOHNNY ISHMEL","American Independent Party","AIP","President","P","United States","00","00","LAUREL","MS","39443","2024","25-OCT-23","2023","202310250300454134"
"S4TX00813","PENDRAGON, SOREN","Democratic Party","DEM","Senate","S","Texas","TX","00","AUSTIN","TX","78754","2024","25-OCT-23","2023","202310259598843528"
"H4IA02075","WIELAND, JACOB J MR.","Democratic Party","DEM","House","H","Iowa","IA","02","INDEPENDENCE","IA","50644","2024","24-OCT-23","2023","202310249598839855"
"H4PA10120","LYNCH, BLAKE","Democratic Party","DEM","House","H","Pennsylvania","PA","10","HARRISBURG","PA","17108","2024","24-OCT-23","2023","202310249598839935"
"H4TX18179","SLATER, ROBERT","Democratic Party","DEM","House","H","Texas","TX","18","HOUSTON","TX","77002","2024","24-OCT-23","2023","202310249598840968"
"H4TX23161","BAUSINGER, MELVIN LEE","Democratic Party","DEM","House","H","Texas","TX","23","DEVINE","TX","78016","2024","24-OCT-23","2023","202310249598841862"
"P40016073","JOHNSON, CONSTANCE L","Democratic Party","DEM","President","P","United States","00","00","SAN FRANCISCO","CA","90069","2024","24-OCT-23","2023","202310249598840980"
"H4AZ01277","BECKSTROM, BRYCE","Unaffiliated","UN","House","H","Arizona","AZ","01","PHOENIX","AZ","85029","2023","24-OCT-23","2023","202310249598841079"
"H4OH08146","GELB, DAVID EDWARD","Democratic Party","DEM","House","H","Ohio","OH","08","WEST CHESTER","OH","45069","2024","24-OCT-23","2023","202310249598841058"
"H2TX34220","KUNKLE, GREGORY SCOTT JR.","Republican Party","REP","House","H","Texas","TX","34","COLLEGE STATION","TX","77841","2024","24-OCT-23","2023","202310249598840979"
"P40016040","SMITH, ALEXANDER CHATFIELD","Republican Party","REP","President","P","Florida","FL","00","KEY WEST","FL","33040","2024","23-OCT-23","2023","202310239598807975"
"H4VA10212","LEIGHTON, MARK","Democratic Party","DEM","House","H","Virginia","VA","10","MANASSAS","VA","20108","2024","23-OCT-23","2023","202310239598807976"
"S4MS00203","BURTON, TIMOTHY GHANNON COLONEL(R)","Republican Party","REP","Senate","S","Mississippi","MS","00","TUPELO","MS","38804","2024","23-OCT-23","2023","202310239598808078"
"P40016057","ODOM, CHESTER LEE","Republican Party","REP","President","P","United States","00","00","JONES","AL","36749","2024","23-OCT-23","2023","202310239598808130"
"H4OH08138","ROGERS, MARY C","Republican Party","REP","House","H","Ohio","OH","08","WEST CHESTER","OH","43071","2024","23-OCT-23","2023","202310239598838784"
"H4AL01248","WOODRING, NATHAN LE ROY","Republican Party","REP","House","H","Alabama","AL","01","ABBEVILLE","AL","36310","2024","23-OCT-23","2023","202310239598823789"
"H2TX34188","CISNEROS, LAURA DR.","Republican Party","REP","House","H","Texas","TX","34","BROWNSVILLE","TX","78520","2023","23-OCT-23","2023","202310239598839225"
"P40016065","KELLEY, STEVEN D","No Party Affiliation","NPA","President","P","United States","00","00","LA PUENTE","CA","91744","2024","23-OCT-23","2023","202310230300453562"
"H4FL13200","FOX, WHITNEY","Democratic Party","DEM","House","H","Florida","FL","13","ST. PETERSBURG","FL","33743","2024","23-OCT-23","2023","202310239598823788"
"P40016032","SMITH, ALEXANDER CHATFIELD","Republican Party","REP","President","P","Florida","FL","00","KEY WEST","FL","33040","2024","22-OCT-23","2023","202310229598807877"
"P40016024","PALMER, JASON MICHAEL MR.","Democratic Party","DEM","President","P","United States","00","00","BALTIMORE","MD","21212","2024","22-OCT-23","2023","202310229598807871"
"H4GA07309","CAPPARELL, CHRIS","Democratic Party","DEM","House","H","Georgia","GA","07","SNELLVILLE","GA","30039","2024","21-OCT-23","2023","202310219598806736"
"S4GA11368","BRANHAM, COURTNEY","None","NNE","Senate","S","Georgia","GA","00","ALBANY","GA","31707","2024","21-OCT-23","2023","202310219598806790"
"S4FL00652","REYES, MARCO","No Party Affiliation","NPA","Senate","S","Florida","FL","00","MIAMI","FL","33196","2024","21-OCT-23","2023","202310219598806822"
"S4CA00852","SIMCHOWITZ, STEFAN","Republican Party","REP","Senate","S","California","CA","00","LOS ANGELES","CA","90048","2024","21-OCT-23","2023","202310219598807813"
"S4FL00660","REYES, MARCO","No Party Affiliation","NPA","Senate","S","Florida","FL","00","MIAMI","FL","33196","2024","21-OCT-23","2023","202310219598806847"
"P40016016","STUBBS, CHRISTOPHER EDWARD","Other","OTH","President","P","Hawaii","HI","00","BENNETTSVILLE","SC","29512","2024","21-OCT-23","2023","202310219598807811"
"H4KS01083","BUSKIRK, PAUL","Democratic Party","DEM","House","H","Kansas","KS","01","LAWRENCE","KS","66047","2024","21-OCT-23","2023","202310219598806823"
"H4PA01129","RICHARDSON, QUINCY LAVINE MR","Republican Party","REP","House","H","Pennsylvania","PA","01","PHILADELPHIA","PA","19131","2024","20-OCT-23","2023","202310209598798660"
"S4CA00860","SATARI, ABDUL M","Independent","IND","Senate","S","California","CA","00","SACREMENTO","CA","95821","2024","20-OCT-23","2023","202310230300453557"
"H4VA10204","FILLER-CORN, EILEEN","Democratic Party","DEM","House","H","Virginia","VA","10","STERLING","VA","20167","2024","20-OCT-23","2023","202310209598745295"
"H4OH06157","FARMS, WILLIAM","Independent","IND","House","H","Ohio","OH","06","JEWETT","OH","43986","2024","20-OCT-23","2023","202310209598646180"
"S4CA00845","GILANI, SEPI","Democratic Party","DEM","Senate","S","California","CA","00","LA JOLLA","AR","92037","2024","20-OCT-23","2023","202310209598737864"
"P40015984","MCCAY, JAMES M MR. JR.","Independent","IND","President","P","United States","00","00","CORINTH","MS","38834","2024","20-OCT-23","2023","202310209598651953"
"P40015992","STUCKENBERG, DAVID JAMES","Republican Party","REP","President","P","United States","00","00","TAMPA","FL","33606","2024","20-OCT-23","2023","202310209598654843"
"H4MD05227","DONAHUE, LINDSAY","Democratic Party","DEM","House","H","Maryland","MD","05","ANNAPOLIS","MD","21401","2024","20-OCT-23","2023","202310209598713541"
"P40016008","ARBUCKEL, JAY","Republican Party","REP","President","P","United States","00","00","MALAGA","NJ","08328","2024","20-OCT-23","2023","202310209598713863"
"H4FL19116","LERNER, KARI","Democratic Party","DEM","House","H","Florida","FL","19","CAPE CORAL","FL","33915","2024","20-OCT-23","2023","202310209598648938"
"H0GA12059","JOHNSON, ELIZABETH","Democratic Party","DEM","House","H","Georgia","GA","12","STATESBORO","GA","30459","2024","19-OCT-23","2023","202310199598507922"
"H4CO05089","GILLARD, ADAM JOSEPH","Democratic Party","DEM","House","H","Colorado","CO","05","COLORADO SPRINGS","CO","80915","2023","19-OCT-23","2023","202310199598636014"
"H2CA50174","HOULAHAN, STEPHEN WILLIAM","Democratic Party","DEM","House","H","California","CA","48","SANTEE","CA","92072","2024","19-OCT-23","2023","202310199598633810"
"H4IA03164","VINE, MELISSA","Democratic Party","DEM","House","H","Iowa","IA","03","DES MOINES","IA","50309","2024","19-OCT-23","2023","202310199598511596"
"H4AL02105","ALVAREZ, SIMON MARK","Republican Party","REP","House","H","Alabama","AL","02","MONTGOMERY","AL","36107","2024","19-OCT-23","2023","202310199598506881"
"H8MT01190","WALKER, EDWARD","Republican Party","REP","House","H","Montana","MT","02","BILLINGS","MT","59106","2024","18-OCT-23","2023","202310189598485960"
"S4CA00837","PASCUCCI, CHRISTINA","Democratic Party","DEM","Senate","S","California","CA","00","MANHATTAN BEACH","CA","90267","2024","18-OCT-23","2023","202310189598485544"
"H4MN02177","TEIRAB, JOE","Republican Party","REP","House","H","Minnesota","MN","02","BURNSVILLE","MN","55337","2024","18-OCT-23","2023","202310189598487057"
"H4AL02097","COLEMAN, MERIKA","Democratic Party","DEM","House","H","Alabama","AL","02","MONTGOMERY","AL","36104","2024","18-OCT-23","2023","202310189598487148"
"H4AL03095","NEWELL, BRYAN KEITH","Republican Party","REP","House","H","Alabama","AL","03","MOODY","AL","35004","2024","18-OCT-23","2023","202310189598490634"
"H2FL04203","MACIE, MARA HEATHER","Republican Party","REP","House","H","Florida","FL","05","JACKSONVILLE","FL","32206","2024","18-OCT-23","2023","202310189598490852"
"H4NV04124","FRAZEY, BRUCE","Republican Party","REP","House","H","Nevada","NV","04","LAS VEGAS","NV","89102","2024","18-OCT-23","2023","202310189598506856"
"H4AZ08108","HAMADEH, ABRAHAM","Republican Party","REP","House","H","Arizona","AZ","08","BEVERLY","MA","01915","2024","18-OCT-23","2023","202310189598492958"
"P40015968","MATTHEWS, MYISHOLA EMPRESS","Other","OTH","President","P","United States","00","00","HOUSTON","TX","77049","2024","18-OCT-23","2023","202310189598494478"
"P40015976","SIMON, KEVIN","Republican Party","REP","President","P","United States","00","00","NOBLESVILLE","IN","46060","2024","18-OCT-23","2023","202310189598506425"
"H4AZ08116","GALLEGOS, ISIAH NATHANIEL","Republican Party","REP","House","H","Arizona","AZ","08","PEORIA","AZ","85345","2024","18-OCT-23","2023","202310189598506770"
"H4CA47176","CHU, WEIMING DAVID DR. MD","Republican Party","REP","House","H","California","CA","47","IRVINE","CA","92612","2024","18-OCT-23","2023","202310189598506771"
"H4CA37086","CARMICHAEL, ADAM J","Democratic Party","DEM","House","H","California","CA","37","LOS ANGELES","CA","90018","2024","18-OCT-23","2023","202310189598506841"
"H0AL02202","HARVEY-HALL, PHYLLIS","Democratic Party","DEM","House","H","Alabama","AL","02","MONTGOMERY","AL","36111","2024","18-OCT-23","2023","202310189598492339"
"H2MI13246","HOLLIER, ADAM","Democratic Party","DEM","House","H","Michigan","MI","13","DETROIT","MI","48202","2024","17-OCT-23","2023","202310179598474574"
"H4IN05237","ENGLING, MAX","Republican Party","REP","House","H","Indiana","IN","05","NOBLESVILLE","IN","46061","2024","17-OCT-23","2023","202310179598473485"
"P40015935","WAFF, STANLEY","Unknown","UNK","President","P","United States","00","00","PINEBLUFFS ","WY","82082","2024","17-OCT-23","2023","202310170300453302"
"S4WI00231","RAVEENDRAN, REJANI","Republican Party","REP","Senate","S","Wisconsin","WI","00","STEVENS POINT","WI","54481","2024","17-OCT-23","2023","202310179598474796"
"H2WA07127","MOON, CLIFFORD E","Republican Party","REP","House","H","Washington","WA","07","SHORELINE","WA","98155","2024","17-OCT-23","2023","202310179598474797"
"S4DE00094","HANSEN, ERIC","Republican Party","REP","Senate","S","Delaware","DE","00","WILMINGTON","DE","19805","2024","17-OCT-23","2023","202310179598479379"
"H4NC01145","STEVENSON, ERIC MR","Republican Party","REP","House","H","North Carolina","NC","01","SPRING LAKE","NC","28390","2023","17-OCT-23","2023","202310179598479415"
"P40015943","CAMBRIDGE, EBAN","Democratic Party","DEM","President","P","United States","00","00","OAKLAND","CA","94609","2024","17-OCT-23","2023","202310179598479672"
"H4FL05115","MAY, JAMES ANTHONY","Republican Party","REP","House","H","Florida","FL","05","PONTE VEDRA BEACH","FL","32082","2024","17-OCT-23","2023","202310179598479695"
"P40015950","ROSS, THOMAS ERNEST JR.","Independent","IND","President","P","United States","00","00","PARKER","CO","80134","2024","17-OCT-23","2023","202310179598479810"
"S4SC00398","YOUNG, VIRGINIA","Write-In","W","Senate","S","South Carolina","SC","00","KERSHAW","SC","29067","2024","17-OCT-23","2023","202310179598480993"
"H4IN05245","GOAD, SCOTT ALAN","Republican Party","REP","House","H","Indiana","IN","05","PENDLETON","IN","46064","2024","17-OCT-23","2023","202310179598482584"
"H4FL28042","EHR, PHIL","Democratic Party","DEM","House","H","Florida","FL","28","WASHINGTON","DC","20033","2024","17-OCT-23","2023","202310179598483810"
"H4PA10112","BROADHURST, JOHN","Democratic Party","DEM","House","H","Pennsylvania","PA","10","PHILADELPHIA","PA","19110","2024","17-OCT-23","2023","202310179598483815"
"P40015927","HALFHILL, ADAM","Independent","IND","President","P","Pennsylvania","PA","00","GREENSBURG","PA","15601","2024","17-OCT-23","2023","202310179598472978"
"H4NC04123","HARRISON, LEONARD R","Republican Party","REP","House","H","North Carolina","NC","04","MEBANE","NC","27302","2024","17-OCT-23","2023","202310179598473066"
"H4WI03219","WILSON, ERIC","Democratic Party","DEM","House","H","Wisconsin","WI","03","EAU CLAIRE","WI","54701","2024","17-OCT-23","2023","202310179598473278"
"H4IA02067","ALBERTSON-CORKERY, SARAH ELAINE","Democratic Party","DEM","House","H","Iowa","IA","02","CEDAR FALLS","IA","50613","2024","17-OCT-23","2023","202310179598473279"
"S2MT00062","JOHNSON, BRADLEY S","Republican Party","REP","Senate","S","Montana","MT","00","HELENA","MT","59601","2024","17-OCT-23","2023","202310179598474920"
"H4AZ02184","NEZ, JONATHAN MICHAEL","Democratic Party","DEM","House","H","Arizona","AZ","02","FLAGSTAFF","AZ","86002","2024","16-OCT-23","2023","202310169598461602"
"P40015893","CHERA, ANGAD SINGH","Democratic Party","DEM","President","P","United States","00","00","LOS ANGELES","CA","90016","2024","16-OCT-23","2023","202310169598466420"
"P40015919","GRIESI, ELLEN MARIE MRS","Other","OTH","President","P","United States","00","00","MOUNTAIN HOME","AR","72653","2024","16-OCT-23","2023","202310169598472941"
"H4AR02232","JONES, MARCUS","Democratic Party","DEM","House","H","Arkansas","AR","02","LITTLE ROCK","AR","72223","2024","16-OCT-23","2023","202310169598471854"
"P40015901","WELLS, MAY ALICE CATHERINE","Independent","IND","President","P","California","CA","00","LOS ANGELES","CA","90017","2024","16-OCT-23","2023","202310169598472240"
"H4NC01137","BUCKHOUT, LAURIE","Republican Party","REP","House","H","North Carolina","NC","01","RALEIGH","NC","27624","2024","16-OCT-23","2023","202310169598466448"
"P40015885","MCCUSKER, JOSEPH ANGUS MR.","No Party Affiliation","NPA","President","P","United States","00","00","PEARL RIVER","NY","10965","2024","15-OCT-23","2023","202310159598301990"
"H4PA13264","LEE, PADRAIC","Democratic Party","DEM","House","H","Pennsylvania","PA","13","FAIRFIELD","PA","17320","2023","15-OCT-23","2023","202310159597789272"
"H8KY02080","LINDERMAN, HANK","Democratic Party","DEM","House","H","Kentucky","KY","02","FALLS OF ROUGH","KY","40119","2024","15-OCT-23","2023","202310159598025383"
"H4PA13256","LEE, PADRAIC","Democratic Party","DEM","House","H","Pennsylvania","PA","13","FAIRFIELD","PA","17320","2023","15-OCT-23","2023","202310159597789947"
"S4TX00805","SHERMAN, CARL OSCAR SR.","Democratic Party","DEM","Senate","S","Texas","TX","00","DESOTO","TX","75115","2024","15-OCT-23","2023","202310159597862037"
"H4PA13280","LEE, PADRAIC","Democratic Party","DEM","House","H","Pennsylvania","PA","13","FAIRFIELD","PA","17320","2024","15-OCT-23","2023","202310159597789273"
"P40015877","CARNEY, KEVIN JOHN MR.","Democratic Party","DEM","President","P","United States","00","00","SANTA CRUZ","CA","95062","2024","14-OCT-23","2023","202310149597785628"
"P40015869","CARNEY, KEVIN JOHN MR.","Democratic Party","DEM","President","P","United States","00","00","SANTA CRUZ","CA","95062","2024","14-OCT-23","2023","202310149597785644"
"H4MN03084","HARRIS, RON","Democratic Party","DEM","House","H","Minnesota","MN","03","COON RAPIDS","MN","55448","2024","14-OCT-23","2023","202310149597774029"
"H4MN03100","HARRIS, RON","Democratic Party","DEM","House","H","Minnesota","MN","03","COON RAPIDS","MN","55448","2024","14-OCT-23","2023","202310149597773897"
"H4MN03092","HARRIS, RON","Democratic Party","DEM","House","H","Minnesota","MN","03","COON RAPIDS","MN","55448","2024","14-OCT-23","2023","202310149597773896"
"P40015828","RUDNICK, FREDERICK DAVID MR.","Republican Party","REP","President","P","United States","00","00","SANTA CLARA","CA","95054","2024","13-OCT-23","2023","202310139597567887"
"P40015836","RUDNICK, FREDERICK DAVID MR.","Republican Party","REP","President","P","United States","00","00","SANTA CLARA","CA","95054","2024","13-OCT-23","2023","202310139597567889"
"P40015844","RUDNICK, FREDERICKA DAVID MR.","Republican Party","REP","President","P","United States","00","00","SANTA CLARA","CA","95054","2024","13-OCT-23","2023","202310139597567888"
"H4CO04181","LEISY, TRENT LANE","Republican Party","REP","House","H","Colorado","CO","04","WINDSOR","CO","80550","2024","13-OCT-23","2023","202310139597588486"
"H0WA02189","CALL, JASON","Green Party","GRE","House","H","Washington","WA","02","MARYSVILLE","WA","98270","2024","13-OCT-23","2023","202310139597610472"
"P40015851","ZAVALA, JORGE MR.","Green Party","GRE","President","P","United States","00","00","FRESNO","CA","93726","2024","13-OCT-23","2023","202310139597654545"
"H4VA10196","KAUL, KRYSTLE VEDA","Democratic Party","DEM","House","H","Virginia","VA","10","PHILADELPHIA","PA","19110","2024","13-OCT-23","2023","202310139597710695"
"P40015810","CHERA, ANGAD SINGH","Write-In","W","President","P","United States","00","00","LOS ANGELES","CA","90016","2024","13-OCT-23","2023","202310139597492410"
"H4AR02216","TEMPEST, KELLIE MISS","Republican Party","REP","House","H","Arkansas","AR","02","TEMECULA","CA","92592","2024","13-OCT-23","2023","202310139597492443"
"H4AR02208","TEMPEST, KELLIE","Republican Party","REP","House","H","Arkansas","AR","02","TEMECULA","CA","92592","2024","13-OCT-23","2023","202310139597492444"
"H4AR02224","TEMPEST, KELLIE MISS","Republican Party","REP","House","H","Arkansas","AR","02","TEMECULA","CA","92592","2024","13-OCT-23","2023","202310139597492445"
"H4AR02190","TEMPEST, KELLIE PASTOR","Republican Party","REP","House","H","Arkansas","AR","02","TEMECULA","CA","92592","2024","13-OCT-23","2023","202310139597492446"
"H2MI13360","BIVINGS, MARTELL DE'ANGELO","Republican Party","REP","House","H","Michigan","MI","13","DETROIT","MI","48215","2024","13-OCT-23","2023","202310139597492451"
"S4NE00215","WEAVER, JOHN GLEN LT COL RET.","Republican Party","REP","Senate","S","Nebraska","NE","00","OMAHA","NE","68132","2024","13-OCT-23","2023","202310139597527950"
"H4OH15075","ABID, ZERQA","Democratic Party","DEM","House","H","Ohio","OH","15","GROVE CITY","OH","43213","2024","13-OCT-23","2023","202310139597561284"
"H4MI10131","KUMAR, ANIL DR.","Democratic Party","DEM","House","H","Michigan","MI","10","BLOOMFIELD HILLS","MI","48304","2024","12-OCT-23","2023","202310129597457669"
"H4MO02074","KIEHNE, JOHN","Democratic Party","DEM","House","H","Missouri","MO","02","EUREKA","MO","63025","2024","12-OCT-23","2023","202310129597457743"
"H4NJ01175","SPATARO, JOSEPH","American People'S Freedom Party","APF","House","H","New Jersey","NJ","01","ABERDEEN TOWNSHIP","NJ","07747","2024","12-OCT-23","2023","202310129597457767"
"H4NJ03171","MAIA-CUSICK, SHIRLEY","Republican Party","REP","House","H","New Jersey","NJ","03","MT. HOLLY","NJ","08060","2024","12-OCT-23","2023","202310129597457860"
"P40015794","PUNCH, ANDREW J MR","None","NNE","President","P","United States","00","00","EXCELSIOR","MN","55331","2024","12-OCT-23","2023","202310129597463223"
"P40015802","BARRETT, STEPHEN LUKAS","Unaffiliated","UN","President","P","United States","00","00","CHAPIN","SC","29036","2024","12-OCT-23","2023","202310129597465876"
"H4FL07145","FERNANDEZ, HILSIA TATIANA","Democratic Party","DEM","House","H","Florida","FL","07","LAKE MARY","FL","32746","2024","12-OCT-23","2023","202310129597491709"
"H4NC06169","WAGNER, JAY","Republican Party","REP","House","H","North Carolina","NC","06","HIGH POINT","NC","27262","2024","12-OCT-23","2023","202310129597472801"
"S4WV00357","SHREWSBURY, ZACHARY C","Democratic Party","DEM","Senate","S","West Virginia","WV","00","PRINCETON","WV","24739","2024","12-OCT-23","2023","202310129597474316"
"H4NY16079","DOLAN, MARTIN WILLIAM MR","Democratic Party","DEM","House","H","New York","NY","16","DOBBS FERRY","NY","10522","2024","12-OCT-23","2023","202310129597474387"
"H2AZ09142","STOVALL, ALEX","Republican Party","REP","House","H","Arizona","AZ","05","CHANDLER","AZ","85286","2024","12-OCT-23","2023","202310129597474838"
"H4TX10192","LOVELACE, JARED BRYANT","Republican Party","REP","House","H","Texas","TX","10","LA GRANGE","TX","78945","2024","12-OCT-23","2023","202310160300453146"
"H4CA01165","WARRENS, JOANNA","Democratic Party","DEM","House","H","California","CA","01","DURHAM","CA","95938","2024","12-OCT-23","2023","202310129597466274"
"S4OH00226","STUART, DOUGLAS B","Republican Party","REP","Senate","S","Ohio","OH","00","POMEROY","OH","45769","2024","11-OCT-23","2023","202310160300453048"
"H6SC01136","FRASIER, BENJAMIN JR","Democratic Party","DEM","House","H","South Carolina","SC","01","WADMALAW ISLAND","SC","29487","2024","11-OCT-23","2023","202310160300453044"
"P40015760","FIRMAGE, JOSEPH","Democratic Party","DEM","President","P","United States","00","00","SALT LAKE CITY","UT","84105","2024","11-OCT-23","2023","202310119597456410"
"P40015778","NEUJAHR, ULRICH","Democratic Party","DEM","President","P","United States","00","00","BRANFORD","CT","06405","2024","11-OCT-23","2023","202310119597457395"
"P40015786","MABEE, MISSIE LAURA MS. SR.","Republican Party","REP","President","P","United States","00","00","SLMON","ID","83467","2023","11-OCT-23","2023","202310119597457396"
"H4CO03399","BIAS, JASON AARON","Republican Party","REP","House","H","Colorado","CO","03","GRAND JUNCTION","CO","81504","2024","11-OCT-23","2023","202310119597457397"
"H4FL06048","GADDIS, STEPHANIE","Republican Party","REP","House","H","Florida","FL","06","KANSAS CITY","MO","64158","2024","11-OCT-23","2023","202310119597456374"
"P40015737","HEMPHILL, EMMANUEL ANTOINE","Independent","IND","President","P","United States","00","00","KARNES CITY","TX","78118","2024","11-OCT-23","2023","202310110300452327"
"H4OH13153","COUGHLIN, KEVIN","Republican Party","REP","House","H","Ohio","OH","13","AKRON","OH","44333","2024","11-OCT-23","2023","202310119597449330"
"H4CA01157","DOROTHY, DOMINICK J","Democratic Party","DEM","House","H","California","CA","01","OAKLAND","CA","94619","2024","11-OCT-23","2023","202310119597454169"
"P40015745","KEENER, LOGAN BENJ MR","Unaffiliated","UN","President","P","United States","00","00","CLAYTON","NC","27527","2024","11-OCT-23","2023","202310119597454855"
"P40015752","UYGUR, CENK","Democratic Party","DEM","President","P","United States","00","00","LOS ANGELES","CA","900642109","2024","11-OCT-23","2023","202310119597455724"
"H4TX18161","CENTONZE, LANA MRS.","Republican Party","REP","House","H","Texas","TX","18","HOUSTON","TX","77044","2024","11-OCT-23","2023","202310119597457402"
"P00011155","DREWERY, ELLIS","Independent","IND","President","P","United States","00","00","MARINA DEL REY","CA","90295","2024","10-OCT-23","2023","202310100300451974"
"H4OK01115","SANDERS, MARK DAVID GARCIA","Democratic Party","DEM","House","H","Oklahoma","OK","01","TULSA","OK","74120","2024","10-OCT-23","2023","202310100300452215"
"H4NY18117","ESPOSITO, ALISON","Republican Party","REP","House","H","New York","NY","18","GOSHEN","NY","10924","2024","10-OCT-23","2023","202310109597436362"
"S4CA00803","GARVEY, STEVE","Republican Party","REP","Senate","S","California","CA","00","IRVINE","CA","92618","2024","10-OCT-23","2023","202310109597436462"
"H6NY03247","SUOZZI, THOMAS","Democratic Party","DEM","House","H","New York","NY","03","GLEN COVE","NY","11542","2024","10-OCT-23","2023","202310109597437258"
"P30000012","STUBBS SR, CHRISTOPHER EDWARD","Unknown","","President","P","United States","00","00","BENNETTSVILLE","SC","29512","2023","10-OCT-23","2023","202310100300452029"
"P40015711","BINGHAM, ALEXANDER JAY","Freedom Party","FRE","President","P","United States","00","00","ERIE","PA","16511","2024","10-OCT-23","2023","202310109597446223"
"H4FL13192","WEINKRANTZ, MARK","Democratic Party","DEM","House","H","Florida","FL","13","SAFETY HARBOR","FL","34695","2024","10-OCT-23","2023","202310109597446438"
"S4CA00811","NORBASH, ALEXANDER","Democratic Party","DEM","Senate","S","California","CA","00","LA JOLLA","CA","92037","2024","10-OCT-23","2023","202310109597447384"
"P60015278","HAKEEM, JAWAD HASHEM","Write-In","W","President","P","United States","00","00","WAUKEGAN","IL","60087","2024","10-OCT-23","2023","202310100300452039"
"P40015695","LITTRELL, WALLACE JAMES MR. JR.","Republican Party","REP","President","P","United States","00","00","ST. LOUIS","MO","63146","2024","10-OCT-23","2023","202310109597438364"
"H4WA10069","SANER, EDWARD MR","Democratic Party","DEM","House","H","Washington","WA","10","STEILACOOM","WA","98388","2024","09-OCT-23","2023","202310099597419927"
"H2FL17106","KALE, ANDREA DORIA","Democratic Party","DEM","House","H","Florida","FL","17","NORTH PORT","FL","34287","2024","09-OCT-23","2023","202310099597421214"
"P40015687","SMITH, CORAN DE-ANDRE","Democratic Party","DEM","President","P","United States","00","00","CHICAGO","IL","60628","2024","09-OCT-23","2023","202310099597421104"
"P40015679","ST. PETER, STEVE","None","NNE","President","P","United States","00","00","SCOTTSDALE","AZ","85260","2024","08-OCT-23","2023","202310089597419863"
"S4UT00233","RANDALL, JOSHUA R","Republican Party","REP","Senate","S","Utah","UT","00","WEST VALLEY CITY","UT","84128","2024","08-OCT-23","2023","202310089597415542"
"S4TX00805","SHERMAN, CARL OSCAR SR.","Democratic Party","DEM","Senate","S","Texas","TX","00","DESOTO","TX","75115","2023","07-OCT-23","2023","202310079597415478"
"H4VA07226","TODD, TERRIS EUGENE","Republican Party","REP","House","H","Virginia","VA","07","WOODBRIDGE","VA","22191","2024","07-OCT-23","2023","202310079597414612"
"H4MT02072","HOLDEN, ARCHIE RODERIC","Republican Party","REP","House","H","Montana","MT","02","GLENDIVE","MT","59330","2024","06-OCT-23","2023","202310060300451857"
"H4CA31196","LEVI, ERSKINE LINCOLN JR","Other","OTH","House","H","California","CA","31","GLENDORA","CA","917414101","2024","06-OCT-23","2023","202310060300451833"
"P40015653","PICARD, DONALD","Democratic Party","DEM","President","P","United States","00","00","CAMBRIDGE","MA","02138","2024","06-OCT-23","2023","202310069597409836"
"H4FL28034","REYES, MARCOS ANTONIO","Democratic Party","DEM","House","H","Florida","FL","28","MIAMI","FL","33196","2024","06-OCT-23","2023","202310069597414567"
"S2MD00602","FRIEND, LORIE R","Republican Party","REP","Senate","S","Maryland","MD","00","OAKLAND","MD","21550","2024","06-OCT-23","2023","202310069597414143"
"P40015661","PENNINGTON, RICHARD","Unaffiliated","UN","President","P","United States","00","00","GUILFORD","VT","05301","2024","06-OCT-23","2023","202310069597414473"
"H2WI02173","BARRY, CHARITY","Republican Party","REP","House","H","Wisconsin","WI","02","MINERAL POINT","WI","53565","2024","06-OCT-23","2023","202310069597414566"
"H4IN05229","POWELL, LONNIE DALE","Republican Party","REP","House","H","Indiana","IN","05","CARMEL","IN","46033","2024","06-OCT-23","2023","202310069597411446"
"H2VA11206","CLANCY, MIKE","Republican Party","REP","House","H","Virginia","VA","10","STERLING","VA","20165","2024","05-OCT-23","2023","202310059597404401"
"S4NV00346","CLARK, CORNELL MAURICE M.D.","Republican Party","REP","Senate","S","Nevada","NV","00","LAS VEGAS","NV","89108","2024","05-OCT-23","2023","202310059597403904"
"H4FL23118","BARVE, GARY","Republican Party","REP","House","H","Florida","FL","23","COCONUT CREEK","FL","33073","2024","05-OCT-23","2023","202310059597408549"
"H4CA31188","MORENO, ELVIRA","Republican Party","REP","House","H","California","CA","31","CITY OF INDUSTRY","CA","91715","2024","05-OCT-23","2023","202310059597404414"
"H4WV02247","WENDELIN, STEVEN COMMANDER USN, (RET)","Democratic Party","DEM","House","H","West Virginia","WV","02","WARDENSVILLE","WV","26851","2024","05-OCT-23","2023","202310059597406815"
"H4NY03267","FOTI, DANIEL PETER","Conservative Party","CRV","House","H","New York","NY","03","EAST SETAUKET","NY","11733","2024","05-OCT-23","2023","202310059597404324"
"H4PA10104","STELSON, JANELLE","Democratic Party","DEM","House","H","Pennsylvania","PA","10","LEMOYNE","PA","17043","2024","04-OCT-23","2023","202310049597396508"
"S4TN00534","MILLER-WATKINS, CIVIL MARSHA","Democratic Party","DEM","Senate","S","Tennessee","TN","00","SOMERVILLE","TN","38068","2024","04-OCT-23","2023","202310049597403903"
"H4NY22093","ADDINGTON, JACOB TAY","Democratic Party","DEM","House","H","New York","NY","22","CLINTON","NY","13323","2024","04-OCT-23","2023","202310049597396923"
"H4AL04036","HOLCOMB, JUSTIN","Republican Party","REP","House","H","Alabama","AL","04","TRUSSVILLE","AL","35173","2024","04-OCT-23","2023","202310049597396952"
"P40015612","HUCKABEE, MICHAEL WAYNE","Republican Party","REP","President","P","United States","00","00","EL MIRAGE","AZ","92301","2024","04-OCT-23","2023","202310049597397300"
"P40015620","ALLEN, STEVEN MCINTIRE","Republican Party","REP","President","P","United States","00","00","POTTERVILLE","MI","48876","2024","04-OCT-23","2023","202310049597397333"
"H4NY01162","GOROFF, NANCY","Democratic Party","DEM","House","H","New York","NY","01","EAST SETAUKET","NY","11733","2024","04-OCT-23","2023","202310049597397717"
"S4WI00223","HARRINGTON, JOSHUA JOHN HERMAN","Unknown","UNK","Senate","S","Wisconsin","WI","00","FORT ATKINSON","WI","53538","2024","04-OCT-23","2023","202310049597397772"
"S4NY00362","EISEN, JOSHUA DR.","Republican Party","REP","Senate","S","New York","NY","00","HARRISON","NY","10528","2024","04-OCT-23","2023","202310049597401409"
"H4MA01083","CELATA, ANTHONY PATRICK MR.","No Party Affiliation","NPA","House","H","Massachusetts","MA","01","WARE","MA","01082","2024","04-OCT-23","2023","202310049597401438"
"P40015638","WIEGAND, JOSEPH MICHAEL","Republican Party","REP","President","P","United States","00","00","MEDORA","ND","58465","2024","04-OCT-23","2023","202310049597401441"
"H2FL14277","JUDGE, JAMES MR","Republican Party","REP","House","H","Florida","FL","12","WESLEY CHAPEL","FL","33544","2024","04-OCT-23","2023","202310049597403739"
"H4GA11129","PONS, MICHAEL LOUIS MR","Republican Party","REP","House","H","Georgia","GA","11","WOODSTOCK","GA","30189","2024","04-OCT-23","2023","202310049597403845"
"P40015646","HORWITZ, JOSHUA DAVID MR.","Democratic Party","DEM","President","P","United States","00","00","NEW YORK","NY","10009","2024","04-OCT-23","2023","202310049597403863"
"H4TX03148","EFROS, NEIL","Democratic Party","DEM","House","H","Texas","TX","03","PLANO","TX","75093","2024","04-OCT-23","2023","202310049597396509"
"H2VA10265","TAYLOR, BROOKE","Republican Party","REP","House","H","Virginia","VA","10","MIDDLEBURG","VA","20118","2024","03-OCT-23","2023","202310039597395596"
"H0TX14234","SAJNA, CYRUS MR","Republican Party","REP","House","H","Texas","TX","14","LAMARQUE","TX","77568","2024","03-OCT-23","2023","202310039597396377"
"H4MI10123","POWELL, RHONDA M.","Democratic Party","DEM","House","H","Michigan","MI","10","MOUNT CLEMENS","MI","48043","2024","03-OCT-23","2023","202310039597396503"
"S4NM00167","KENDERDINE, JOSHUA","Democratic Party","DEM","Senate","S","New Mexico","NM","00","ALBUQUERQUE","NM","87109","2024","03-OCT-23","2023","202310039597393779"
"S4AZ00220","LAKE, KARI","Republican Party","REP","Senate","S","Arizona","AZ","00","PHOENIX","AZ","85067","2024","03-OCT-23","2023","202310039597395795"
"H4TX06240","SOUTHARD, MATTHEW SCOTT MR","Republican Party","REP","House","H","Texas","TX","06","HILLSBORO","TX","76645","2024","03-OCT-23","2023","202310039597394810"
"H4MI08184","BLANK, MARTIN","Republican Party","REP","House","H","Michigan","MI","08","SAGINAW","MI","48608","2024","03-OCT-23","2023","202310039597395368"
"H4NV01237","BORIS, MICHAEL","Republican Party","REP","House","H","Nevada","NV","01","LAS VEGAS","NV","89129","2024","03-OCT-23","2023","202310039597395587"
"H4CA01140","YEE, ROSE PENELOPE","Democratic Party","DEM","House","H","California","CA","01","REDDING","CA","96001","2024","03-OCT-23","2023","202310039597395646"
"H4FL23100","CHESS, STEVEN","Republican Party","REP","House","H","Florida","FL","23","FORT LAUDERDALE","FL","33304","2024","03-OCT-23","2023","202310039597394150"
"S4MD00400","TEICHERT, JOHN","Republican Party","REP","Senate","S","Maryland","MD","00","CROFTON","MD","21114","2024","02-OCT-23","2023","202310029597389695"
"P00011429","BROWN, DORIS J.W.","American Independent Party","AIP","President","P","United States","00","00","MEMPHIS","TN","38128","2024","02-OCT-23","2023","202310029597393578"
"H4AZ01269","WHARTON, SARAH","Independent","IND","House","H","Arizona","AZ","01","PHOENIX","AZ","85014","2024","02-OCT-23","2023","202310029597389712"
"H0OR05104","COURSER, AMY RYAN","Republican Party","REP","House","H","Oregon","OR","04","KEIZER","OR","97303","2024","02-OCT-23","2023","202310029597390630"
"S4CA00795","BERDUGO, EDUARDO MR.","Write-In","W","Senate","S","California","CA","00","SIMI VALLEY","CA","93065","2024","02-OCT-23","2023","202310029597390679"
"H4FL07137","ADAMS, JENNIFER","Democratic Party","DEM","House","H","Florida","FL","07","WINTER PARK","FL","32790","2024","02-OCT-23","2023","202310029597390877"
"H4MN04140","HARTY, BLAIZE","Republican Party","REP","House","H","Minnesota","MN","04","PLYMOUTH","MN","55441","2024","02-OCT-23","2023","202310029597391040"
"H2CA21183","MATHYS, CHRIS","Republican Party","REP","House","H","California","CA","22","FRESNO","CA","93711","2024","02-OCT-23","2023","202310029597391202"
"H4NH01276","BRIGHT, CHRIS","Republican Party","REP","House","H","New Hampshire","NH","01","ALEXANDRIA","VA","22313","2024","02-OCT-23","2023","202310029597391213"
"H4AL06163","WILKINS, GERRICK DEWAYNE","Republican Party","REP","House","H","Alabama","AL","06","VESTAVIA HILLS","AL","35242","2024","02-OCT-23","2023","202310029597391538"
"H4AL07104","LITAKER, ROBIN DR.","Republican Party","REP","House","H","Alabama","AL","07","HOMEWOOD","AL","35209","2024","02-OCT-23","2023","202310029597392034"
"H4PA08124","BRESNAHAN, ROB","Republican Party","REP","House","H","Pennsylvania","PA","08","PITTSTON","PA","18640","2024","02-OCT-23","2023","202310029597392067"
"H4AZ06136","WINN, KATHLEEN","Republican Party","REP","House","H","Arizona","AZ","06","TUCSON","AZ","85749","2024","02-OCT-23","2023","202310029597392068"
"H2CA36504","WILLIAMS, STEVE MR.","Republican Party","REP","House","H","California","CA","43","REDONDO BEACH","CA","90277","2024","02-OCT-23","2023","202310029597392107"
"P40015604","CLAWITTER, CHAD JOSEPH","Republican Party","REP","President","P","United States","00","00","SAN CLEMENTE","CA","92672","2024","02-OCT-23","2023","202310029597393768"
"H4MO08246","SNIDER, JAMES DAVID MR III","Republican Party","REP","House","H","Missouri","MO","08","ST MARY","MO","63673","2023","02-OCT-23","2023","202310029597393769"
"H8IL04167","LOPEZ, RAYMOND","Democratic Party","DEM","House","H","Illinois","IL","04","CHICAGO","IL","60632","2024","02-OCT-23","2023","202310029597392073"
"H4AR03065","MATTELIN, CAITLIN RAE DRAPER","Democratic Party","DEM","House","H","Arkansas","AR","03","FAYETTEVILLE","AR","72701","2024","02-OCT-23","2023","202310029597392128"
"H4NV04116","LEE, JOHN","Republican Party","REP","House","H","Nevada","NV","04","LAS VEGAS","NV","89129","2024","02-OCT-23","2023","202310029597392199"
"H4MN07085","BOYD, STEPHEN","Republican Party","REP","House","H","Minnesota","MN","07","KENSINGTON","MN","56343","2024","02-OCT-23","2023","202310029597392833"
"H4WI03201","SHANKLAND, KATRINA","Democratic Party","DEM","House","H","Wisconsin","WI","03","STEVENS POINT","WI","54481","2024","02-OCT-23","2023","202310029597393228"
"H2CT05222","LOGAN, GEORGE S","Republican Party","REP","House","H","Connecticut","CT","05","MERIDEN","CT","06450","2024","02-OCT-23","2023","202310029597389700"
"H4AZ01251","NEWMAN, CODY CHEYENNE","Democratic Party","DEM","House","H","Arizona","AZ","01","PRESCOTT","AZ","86301","2024","01-OCT-23","2023","202310019597389314"
"H4IN01210","NIEMEYER, RANDELL C.","Republican Party","REP","House","H","Indiana","IN","01","CEDAR LAKE","IN","46303","2024","01-OCT-23","2023","202310019597389439"
"S4MI00603","CRAIG, JAMES","Republican Party","REP","Senate","S","Michigan","MI","00","DETROIT","MI","48226","2024","01-OCT-23","2023","202310019597389458"
"H4PA10096","FORBES, ROBERT FRANCIS MR","Democratic Party","DEM","House","H","Pennsylvania","PA","10","CAMP HILL","PA","17011","2024","01-OCT-23","2023","202310019597389570"
"S2PA00661","MCCORMICK, DAVE","Republican Party","REP","Senate","S","Pennsylvania","PA","00","PITTSBURGH","PA","15217","2024","01-OCT-23","2023","202310019597389559"
"H4GA07291","KING, CHARLES","Unknown","UNK","House","H","Georgia","GA","07","BRASELTON","GA","30517","2024","01-OCT-23","2023","202310019597389613"
"H2PA18259","PATEL, BHAVINI","Democratic Party","DEM","House","H","Pennsylvania","PA","12","PITTSBURGH","PA","15217","2024","01-OCT-23","2023","202310019597389618"
"P40015596","KARROLL, JASON","Libertarian Party","LIB","President","P","United States","00","00","CITRUS COUNTY","FL","34434","2024","01-OCT-23","2023","202310019597389633"
"H4MD03149","FLOWERS, BERNARD","Republican Party","REP","House","H","Maryland","MD","03","ELKRIDGE","MD","21075","2024","01-OCT-23","2023","202310019597389670"
"H4IN05211","HURT, MARK","Republican Party","REP","House","H","Indiana","IN","05","NOBLESVILLE","IN","46060","2024","01-OCT-23","2023","202310019597389612"
"S4FL00645","WINDHAUSER, ANGELA MARIE","Republican Party","REP","Senate","S","Florida","FL","00","WINTER GARDEN","FL","34778","2024","30-SEP-23","2023","202309309597389200"
"S4CA00787","MARTINEZ, RENEE SIMENONA","None","NNE","Senate","S","California","CA","00","BEVERLY HILLS","CA","90211","2023","30-SEP-23","2023","202309309597389199"
"S4CA00779","MARTINEZ, RENEE SIMENONA","None","NNE","Senate","S","California","CA","00","BEVERLY HILLS","CA","90211","2023","30-SEP-23","2023","202309309597389198"
"H4OH06140","FARMS, WILLIAM","Independent","IND","House","H","Ohio","OH","06","JEWETT","OH","43986","2024","30-SEP-23","2023","202309309597389171"
"H4PR01028","RAMIREZ-FORT, MARIGDALIA KALETH DR.","New Progressive Party","NPP","House","H","Puerto Rico","PR","00","GUAYNABO","PR","00969","2024","30-SEP-23","2023","202309309597389170"
"H4OH12080","CHRISTIAN, JERRAD SHANE","Democratic Party","DEM","House","H","Ohio","OH","12","GALENA","OH","43021","2024","29-SEP-23","2023","202309299597328360"
"P40015562","KERRY, KINA SHAMIER","Democratic Party","DEM","President","P","United States","00","00","WASHINGTON","DC","20010","2024","29-SEP-23","2023","202309299597328394"
"P40015570","INGRAM, DANIEL TRAVIS","N/A","N/A","President","P","United States","00","00","DANVILLE","VA","24541","2024","29-SEP-23","2023","202309299597328480"
"S4CA00761","SINGH, MAJOR","No Party Affiliation","NPA","Senate","S","California","CA","00","FREMONT","CA","94537","2024","29-SEP-23","2023","202309299597360831"
"S4TX00748","KEOUGH, STEVE","Democratic Party","DEM","Senate","S","Texas","TX","00","SAN ANTONIO","TX","78240","2024","29-SEP-23","2023","202309299597329708"
"S4MD00392","CREWS, MARCELLUS","Democratic Party","DEM","Senate","S","Maryland","MD","00","UPPER MARLBORO","MD","20772","2024","29-SEP-23","2023","202309299597332598"
"S4TX00797","JR, RUFINO MR","Republican Party","REP","Senate","S","Texas","TX","00","SAN ANTONIO","TX","78278","2024","29-SEP-23","2023","202309299597357898"
"H4CA30321","NAJERA, COURTNEY SIMONE","Democratic Party","DEM","House","H","California","CA","30","LOS ANGELES","CA","90078","2024","29-SEP-23","2023","202309299597329605"
"H0CA18068","KUMAR, RISHI","Democratic Party","DEM","House","H","California","CA","16","SARATOGA","CA","95070","2024","28-SEP-23","2023","202309289597327445"
"H4MD03131","LYMAN NABORS, KRISTIN ANNE","Democratic Party","DEM","House","H","Maryland","MD","03","SEVERNA PARK","MD","21146","2024","28-SEP-23","2023","202309289597327469"
"H4FL28026","LARA, ROYLAND","Republican Party","REP","House","H","Florida","FL","28","MIAMI","FL","33183","2024","28-SEP-23","2023","202309289597328038"
"H4TX34028","TORRES, ANN MARIE","Republican Party","REP","House","H","Texas","TX","34","KINGSVILLE","TX","78364","2024","28-SEP-23","2023","202309289597327828"
"H4CA45170","TRAN, DEREK","Democratic Party","DEM","House","H","California","CA","45","GARDEN GROVE","CA","92842","2024","28-SEP-23","2023","202309289597327697"
"H4SC06130","WHITELEY, DENNIS RAY","Republican Party","REP","House","H","South Carolina","SC","06","FAIRFAX","SC","29827","2024","27-SEP-23","2023","202309279597311630"
"H4CA33267","HERMAN, THOMAS","Republican Party","REP","House","H","California","CA","33","SAN BERNARDINO","CA","92405","2024","27-SEP-23","2023","202309279597311678"
"P40015554","ENDRESS, DESTINI A MRS.","No Party Affiliation","NPA","President","P","United States","00","00","CARLISLE","PA","17015","2024","27-SEP-23","2023","202309279597311620"
"S4FL00637","CAMPBELL, STANLEY","Democratic Party","DEM","Senate","S","Florida","FL","00","CORAL SPRINGS","FL","33076","2024","27-SEP-23","2023","202309279597311709"
"H4CA26170","MAROTTA, JOSEPH","Republican Party","REP","House","H","California","CA","26","AGOURA HILLS","CA","91301","2024","27-SEP-23","2023","202309279597325262"
"H4NH01268","NOVELETSKY, HOLLIE T.","Republican Party","REP","House","H","New Hampshire","NH","01","GREENLAND","NH","03840","2024","27-SEP-23","2023","202309279597311687"
"P40015513","SEVERINO, KAI","No Party Affiliation","NPA","President","P","United States","00","00","LAGUNA BEACH","CA","92651","2024","26-SEP-23","2023","202309269597311092"
"P40015521","SEVERINO, KAI","No Party Affiliation","NPA","President","P","United States","00","00","LAGUNA BEACH","CA","92651","2024","26-SEP-23","2023","202309269597311093"
"P40015539","CAIN, BRIAN LEE MR II","Non-Party","NON","President","P","United States","00","00","RUSHVILLE","IN","46173","2024","26-SEP-23","2023","202309269597311094"
"H4CA17310","CHEN, ANITA S","Republican Party","REP","House","H","California","CA","17","SAN JOSE","CA","95132","2024","26-SEP-23","2023","202309269597311510"
"H4NC13108","SHARMA, SIDDHANTH","Republican Party","REP","House","H","North Carolina","NC","13","MORRISVILLE","NC","27560","2024","26-SEP-23","2023","202309269597311196"
"H4CA30313","HUCKABEE, MICHAEL WAYNE","Republican Party","REP","House","H","California","CA","30","EL MIRAGE","CA","92301","2024","26-SEP-23","2023","202309269597311222"
"H2TX18181","HUCKABEE, SCOTT","Republican Party","REP","House","H","Texas","TX","36","HUNTSVILLE","TX","77320","2024","26-SEP-23","2023","202309269597311248"
"H4ME02309","BASSILE, ELIAS","Independent","IND","House","H","Maine","ME","02","BIDDEFORD","ME","04005","2024","26-SEP-23","2023","202309269597311095"
"S4NJ00466","KIM, ANDY","Democratic Party","DEM","Senate","S","New Jersey","NJ","00","MARLTON","NJ","08053","2024","25-SEP-23","2023","202309259597310610"
"H4ME02291","THERIAULT, AUSTIN LEO","Republican Party","REP","House","H","Maine","ME","02","FORT KENT","ME","04743","2024","25-SEP-23","2023","202309259597310747"
"H4CA32129","SHUSTER, JAMES BARTLEY MR","Republican Party","REP","House","H","California","CA","32","WEST","CA","91307","2024","25-SEP-23","2023","202309259597310738"
"H4MO08238","ROTH, FRANKLIN DELANO II","Democratic Party","DEM","House","H","Missouri","MO","08","HILLSBORO","MO","63050","2024","24-SEP-23","2023","202309249597310584"
"H4TX34028","TORRES, ANN MARIE","Republican Party","REP","House","H","Texas","TX","34","KINGSVILLE","TX","78363","2023","23-SEP-23","2023","202309239597310553"
"H4IN05203","CHINTHALA, BALARAJU RAJU","Republican Party","REP","House","H","Indiana","IN","05","CARMEL","IN","46032","2024","22-SEP-23","2023","202309229597305220"
"H4AZ04115","JASSER, M. ZUHDI","Republican Party","REP","House","H","Arizona","AZ","04","PHOENIX","AZ","85016","2024","22-SEP-23","2023","202309229597305233"
"H4OH06132","FARMS, WILLIAM","Independent","IND","House","H","Ohio","OH","06","JEWETT","OH","43986","2024","22-SEP-23","2023","202309229597310250"
"P40015505","OLSON, CHARLES LEE MR. JR","None","NNE","President","P","United States","00","00","PORTER","TX","77365","2024","22-SEP-23","2023","202309229597309005"
"S4NJ00458","HAMM, LARRY LEE","Democratic Party","DEM","Senate","S","New Jersey","NJ","00","SHORT HILLS","NJ","07078","2024","22-SEP-23","2023","202309229597305500"
"P00013573","LYONS SR, STEPHEN PATRICK","Democratic Party","DEM","President","P","United States","00","00","DAMASCUS","MD","20872","2024","21-SEP-23","2023","202309220300451552"
"P60009388","STAUFFER, SCOTT WESLEY","Republican Party","REP","President","P","United States","00","00","ROSEMONT","MD","217589107","2024","21-SEP-23","2023","202309220300451576"
"H4CO07051","BOHAN, PATRICK","Libertarian Party","LIB","House","H","Colorado","CO","07","BUENA VISTA","CO","81211","2024","21-SEP-23","2023","202309220300451563"
"H4ME02283","SOBOLESKI, MIKE","Republican Party","REP","House","H","Maine","ME","02","BEVERLY","MA","01915","2024","21-SEP-23","2023","202309219597291973"
"P40015497","STONE, HEATHER LYNN","Independent","IND","President","P","United States","00","00","PEORIA","IL","61601","2024","21-SEP-23","2023","202309219597304902"
"H2AZ05173","SMITH, CLINT WILLIAM","Independent","IND","House","H","Arizona","AZ","05","MESA","AZ","85213","2024","21-SEP-23","2023","202309219597303358"
"H4MD02216","MOORE, BRYAN SCOTT","Democratic Party","DEM","House","H","Maryland","MD","02","MOUNT AIRY","MD","21771","2024","21-SEP-23","2023","202309219597303552"
"H2VA07170","ANDERSON, DERRICK","Republican Party","REP","House","H","Virginia","VA","07","FREDERICKSBURG","VA","22404","2024","21-SEP-23","2023","202309219597303632"
"H4IL17101","MCGRAW, JOE","Republican Party","REP","House","H","Illinois","IL","17","ROCKFORD","IL","61105","2024","21-SEP-23","2023","202309219597304419"
"H4OR04117","TAHER, IBRA","Republican Party","REP","House","H","Oregon","OR","04","EUGENE","OR","97402","2024","21-SEP-23","2023","202309219597291978"
"H4AL03087","BEVELS, BARRON RAE","Republican Party","REP","House","H","Alabama","AL","03","DADEVILLE","AL","36853","2024","20-SEP-23","2023","202309209597134899"
"H4TX29036","GARZA, ALFREDO ALAN","Republican Party","REP","House","H","Texas","TX","29","HOUSTON","TX","77075","2024","20-SEP-23","2023","202309209597280281"
"H4CO03381","ELWORTH, MARK JR","Other","OTH","House","H","Colorado","CO","03","BRUSH","CO","80723","2024","20-SEP-23","2023","202309209597279523"
"H4OK03053","MILLER, CONNOR","Republican Party","REP","House","H","Oklahoma","OK","03","LAHOMA","OK","73754","2024","20-SEP-23","2023","202309209597278509"
"P40015471","DE LUCA, GAETANO ROCCO PATRIZIO MR. CPA","Write-In","W","President","P","United States","00","00","MANCHESTER","NH","03105","2024","19-SEP-23","2023","202309199597112145"
"P40015463","BODDIE - YORK, PRESIDENT R19 DR","Democratic Party","DEM","President","P","United States","00","00","LOCUST GROVE","GA","30248","2024","19-SEP-23","2023","202309199597111623"
"P40015455","CRAMER, NICHOLAS J","No Party Affiliation","NPA","President","P","United States","00","00","STUART","FL","34997","2024","19-SEP-23","2023","202309199597099621"
"H4IN01202","FORD, TIFFANY SHAWN","Independent","IND","House","H","Indiana","IN","01","MUNCIE","IN","47302","2024","19-SEP-23","2023","202309199597118032"
"H4SD01039","KOVACH, ZACH","Democratic Party","DEM","House","H","South Dakota","SD","00","AURORA","CO","80015","2024","18-SEP-23","2023","202309189597092871"
"S4UT00225","BIRD, ROD JR.","Republican Party","REP","Senate","S","Utah","UT","00","ROOSEVELT","UT","84066","2024","18-SEP-23","2023","202309189597073945"
"S4NJ00441","SERRANO GLASSNER, CHRISTINE","Republican Party","REP","Senate","S","New Jersey","NJ","00","MENDHAM","NJ","07945","2024","18-SEP-23","2023","202309189597069380"
"H4WI01171","ANDERSON, DIANE","Democratic Party","DEM","House","H","Wisconsin","WI","01","RACINE","WI","53403","2024","18-SEP-23","2023","202309189597069289"
"P40015448","BROWN, SAMUEL ALBERT","Independent","IND","President","P","Montana","MT","00","HELENA","MT","59601","2024","17-SEP-23","2023","202309179597069014"
"S4NE00207","OSBORN, DAN","Independent","IND","Senate","S","Nebraska","NE","00","OMAHA","NE","68136","2024","17-SEP-23","2023","202309179597067598"
"H4TX32147","BOWERS, RHETTA","Democratic Party","DEM","House","H","Texas","TX","32","ROWLETT","TX","75088","2024","16-SEP-23","2023","202309169597066416"
"P40015422","FOGG, RAYMOND KENO DJ JR","Independent","IND","President","P","United States","00","00","FORT-WORTH","TX","76103","2024","15-SEP-23","2023","202309159597059125"
"S4NV00338","FULKERSON, HEATH VINCENT","Republican Party","REP","Senate","S","Nevada","NV","00","RENO","NV","89521","2023","15-SEP-23","2023","202309159597059141"
"H4PA07126","ISSA, ALLEN","Republican Party","REP","House","H","Pennsylvania","PA","07","ALLENTOWN","PA","18104","2024","15-SEP-23","2023","202309159597063631"
"P40015430","FULKERSON, HEATH VINCENT","Republican Party","REP","President","P","United States","00","00","RENO","NV","89521","2024","15-SEP-23","2023","202309159597063426"
"S4MN00502","WHITE, ROYCE","Republican Party","REP","Senate","S","Minnesota","MN","00","HOPKINS","MN","55343","2024","15-SEP-23","2023","202309159597062575"
"H4OK05199","HORN, MADISON","Democratic Party","DEM","House","H","Oklahoma","OK","05","OKLAHOMA CITY","OK","73101","2024","14-SEP-23","2023","202309149597052523"
"H4MN05113","AL-AQIDI, DALIA","Republican Party","REP","House","H","Minnesota","MN","05","GOLDEN VALLEY","MN","55427","2024","14-SEP-23","2023","202309149597055325"
"H4OH08120","HAWKINS, NATHANIEL ALAN","Democratic Party","DEM","House","H","Ohio","OH","08","CLEVES","OH","45002","2024","14-SEP-23","2023","202309149597058685"
"P40015414","DIAZ, JOHN EDWARD","Republican Party","REP","President","P","United States","00","00","CLAYSBURG","PA","16625","2024","14-SEP-23","2023","202309149597056294"
"H4FL18126","RICHARDSON, JOHN WILLIAM MR JR","Non-Party","NON","House","H","Florida","FL","18","SEBRING","FL","33875","2024","14-SEP-23","2023","202309149597055481"
"P40015406","DE LA CRUZ, CLAUDIA","Independent","IND","President","P","United States","00","00","WASHINGTON","DC","20001","2024","13-SEP-23","2023","202309139597052492"
"H4TX18153","MARTIN, ISAIAH MR.","Democratic Party","DEM","House","H","Texas","TX","18","HOUSTON","TX","77002","2024","13-SEP-23","2023","202309139597051419"
"H4MI10115","TILLEY, TIFFANY","Democratic Party","DEM","House","H","Michigan","MI","10","WARREN","MI","48090","2024","13-SEP-23","2023","202309139597052071"
"H4MI03276","FIORLETTA, J ALLEN","Republican Party","REP","House","H","Michigan","MI","03","GRAND RAPIDS","MI","49525","2024","13-SEP-23","2023","202309139597051704"
"H4MT02064","KRAUTTER, JOEL","Republican Party","REP","House","H","Montana","MT","02","ALEXANDRIA","VA","22313","2024","13-SEP-23","2023","202309139597051703"
"H8CA39174","CISNEROS, GILBERT","Democratic Party","DEM","House","H","California","CA","31","COVINA","CA","91722","2024","12-SEP-23","2023","202309129597027252"
"H4MS04171","MCGILL, MICHAEL PAUL MR","Republican Party","REP","House","H","Mississippi","MS","04","LONG BEACH","MS","39560","2024","12-SEP-23","2023","202309129597024911"
"P40015398","FARMS, WILLIAM","Independent","IND","President","P","United States","00","00","JEWETT","OH","43986","2024","12-SEP-23","2023","202309129597025397"
"S4CA00753","MONTENEGRO, ROMMELL","Democratic Party","DEM","Senate","S","California","CA","00","LA HABRA","CA","90631","2024","12-SEP-23","2023","202309129597024904"
"S4WI00215","KLEIN, STACEY","Republican Party","REP","Senate","S","Wisconsin","WI","00","TREMPEALEAU","WI","54661","2024","12-SEP-23","2023","202309129597025545"
"H6MD08457","RASKIN, JAMIE","Democratic Party","DEM","House","H","Maryland","MD","08","TAKOMA PARK","MD","20913","2024","12-SEP-23","2023","202309129597027189"
"H2SC02042","CLYBURN, JAMES E.","Democratic Party","DEM","House","H","South Carolina","SC","06","COLUMBIA","SC","29203","2024","12-SEP-23","2023","202309129597027190"
"H6NC09200","HARRIS, MARK E","Republican Party","REP","House","H","North Carolina","NC","08","INDIAN TRAIL","NC","28079","2024","12-SEP-23","2023","202309129597025431"
"P40015372","SMETHERS, RUSSELL REVEREND","Non-Party","NON","President","P","United States","00","00","LAS VEGAS","NV","89107","2024","11-SEP-23","2023","202309119597020423"
"H4CO03373","WILEY, JAMES BROOKS","Libertarian Party","LIB","House","H","Colorado","CO","03","PUEBLO","CO","81003","2024","11-SEP-23","2023","202309119597021032"
"H6NV03154","SCHIFFMAN, STEVEN MITCHELL","Republican Party","REP","House","H","Nevada","NV","03","LAS VEGAS","NV","89134","2024","11-SEP-23","2023","202309119597020421"
"H8CA04210","MORSE, JESSICA","Democratic Party","DEM","House","H","California","CA","03","SACRAMENTO","CA","95841","2024","11-SEP-23","2023","202309119597022927"
"H0IL14213","EVANS, JERRY","Republican Party","REP","House","H","Illinois","IL","11","WARRENVILLE","IL","60555","2024","11-SEP-23","2023","202309119597019928"
"H4NC08058","BAUCOM, ALLAN","Republican Party","REP","House","H","North Carolina","NC","08","RALEIGH","NC","27624","2024","11-SEP-23","2023","202309119597021098"
"P40015364","ANDERSON, DR. JOSEPH EDWARD PASTOR","Republican Party","REP","President","P","United States","00","00","ARROYO GRANDE","CA","93420","2024","10-SEP-23","2023","202309109597019041"
"H4OH06124","FARMS, WILLIAM","Independent","IND","House","H","Ohio","OH","06","JEWETT","OH","43986","2024","10-SEP-23","2023","202309109597019076"
"H4RI01141","WATERS, ALLEN","Unaffiliated","UN","House","H","Rhode Island","RI","01","PROVIDENCE","RI","02940","2024","10-SEP-23","2023","202309109597019150"
"H4FL07129","BRANTLEY, DERRICK","Republican Party","REP","House","H","Florida","FL","07","OVIEDO","FL","32765","2024","10-SEP-23","2023","202309109597019131"
"H4WA02165","STICKLE, HERBERT EDWIN","Democratic Party","DEM","House","H","Washington","WA","02","BURLINGTON","WA","98233","2024","10-SEP-23","2023","202309109597019140"
"S4MA00333","GRIFFIN, BRANDON JAMES","Other","OTH","Senate","S","Massachusetts","MA","00","WHITMAN","MA","02382","2024","10-SEP-23","2023","202309109597019081"
"H4GA10113","DOHERTY, ALEXANDRA JANE","Democratic Party","DEM","House","H","Georgia","GA","10","ATHENS","GA","30606","2024","09-SEP-23","2023","202309099597018921"
"P40015356","PASTREICH, EMANUEL YI","Green Party","GRE","President","P","United States","00","00","WEST TISBURY","MA","02575","2024","09-SEP-23","2023","202309099597018916"
"H4NC13090","SHARMA, SIDDHANTH","Republican Party","REP","House","H","North Carolina","NC","13","MORRISVILLE","NC","27560","2024","09-SEP-23","2023","202309099597019035"
"H2IL05225","CRUZ, JERICO MATIAS","Democratic Party","DEM","House","H","Illinois","IL","05","CHICAGO","IL","60630","2024","09-SEP-23","2023","202309099597018968"
"S4MD00376","OSUCHUKWY, ONYEKACHI","Independent","IND","Senate","S","Maryland","MD","00","BALTIMORE","MD","21227","2024","08-SEP-23","2023","202309080300451188"
"H4NM03096","CLAHCHISCHILLIAGE, SHARON E","Republican Party","REP","House","H","New Mexico","NM","03","SHIPROCK","NM","87420","2024","08-SEP-23","2023","202309089596999268"
"P40015349","TAYLOR, KENNY","Democratic Party","DEM","President","P","United States","00","00","BRONX","NY","10467","2024","08-SEP-23","2023","202309089597018905"
"P40015331","PRASCAK, MARK RICHARD","Democratic Party","DEM","President","P","United States","00","00","PITTSBURGH","PA","15217","2024","08-SEP-23","2023","202309089597004445"
"H4CO04173","BRESLIN, KAREN R","Democratic Party","DEM","House","H","Colorado","CO","04","ELIZABETH","CO","80107","2024","08-SEP-23","2023","202309089596999778"
"H0MS04161","BOYANTON, CARL","Republican Party","REP","House","H","Mississippi","MS","04","DIAMONDHEAD","MS","39525","2024","07-SEP-23","2023","202309079596999236"
"H2GA11230","DAZA-FERNANDEZ, ANTONIO MIGUEL","Democratic Party","DEM","House","H","Georgia","GA","11","ATLANTA","GA","30326","2024","07-SEP-23","2023","202309079596997537"
"H4FL15171","FITZGERALD, KRIS","Democratic Party","DEM","House","H","Florida","FL","15","TAMPA","FL","33626","2024","07-SEP-23","2023","202309079596997566"
"S4WA00615","SEARCY, RYAN SCOTT","Republican Party","REP","Senate","S","Washington","WA","00","LONGVIEW","WA","98632","2024","07-SEP-23","2023","202309079596997771"
"S4MA00325","GRIFFIN, BRANDON JAMES","Other","OTH","Senate","S","Massachusetts","MA","00","WHITMAN","MA","02382","2024","07-SEP-23","2023","202309079596997891"
"H4AZ08090","WHITTEN, GREGORY","Democratic Party","DEM","House","H","Arizona","AZ","08","GLENDALE","AZ","85308","2024","07-SEP-23","2023","202309079596998807"
"P40015323","LLANES, ANTHONY","Democratic Party","DEM","President","P","United States","00","00","FARMINGVILLE","NY","11738","2023","07-SEP-23","2023","202309079596999158"
"H4WI03193","JOHNSON, TARA","Democratic Party","DEM","House","H","Wisconsin","WI","03","STODDARD","WI","546580260","2024","06-SEP-23","2023","202309069596987587"
"P40015315","JENKINS, DEON","Republican Party","REP","President","P","United States","00","00","SANTA CLARA","CA","95052","2024","06-SEP-23","2023","202309069596987505"
"H4CO03365","MCCRACKIN, CURTIS M","Republican Party","REP","House","H","Colorado","CO","03","CEDAREDGE","CO","81413","2024","06-SEP-23","2023","202309069596988941"
"H4FL23092","ORTIZ, RAFAEL ARTURO MR.","Republican Party","REP","House","H","Florida","FL","23","SUNRISE","FL","33323","2024","06-SEP-23","2023","202309069596988870"
"S4MI00595","ROGERS, MICHAEL J","Republican Party","REP","Senate","S","Michigan","MI","00","ST. JOSEPH","MI","49085","2024","06-SEP-23","2023","202309069596988476"
"H4NY03259","LUDWIG, THOMAS CHARLES","Republican Party","REP","House","H","New York","NY","03","FARMINGDALE","NY","11735","2024","06-SEP-23","2023","202309069596987737"
"H4VA02060","COTTER SMASAL, MISSY","Democratic Party","DEM","House","H","Virginia","VA","02","VIRGINIA BEACH","VA","23471","2024","06-SEP-23","2023","202309069596987742"
"H4CO08034","EVANS, TIMOTHY GABRIEL JOSEPH","Republican Party","REP","House","H","Colorado","CO","08","FORT LUPTON","CO","80621","2024","06-SEP-23","2023","202309069596987743"
"H4PA10088","O'BRIEN, MICHAEL","Democratic Party","DEM","House","H","Pennsylvania","PA","10","HARRISBURG","PA","17106","2024","06-SEP-23","2023","202309069596987985"
"H4NY01154","HERSKOWITZ, CRAIG","Democratic Party","DEM","House","H","New York","NY","01","NORTHPORT","NY","11768","2024","06-SEP-23","2023","202309069596988507"
"H4WA05168","CONROY, CARMELA","Democratic Party","DEM","House","H","Washington","WA","05","SPOKANEE","WA","99201","2024","05-SEP-23","2023","202309059596987459"
"H4GA07283","CRISWELL, JEFF EDWARD","Republican Party","REP","House","H","Georgia","GA","07","NORCROSS","GA","30092","2024","05-SEP-23","2023","202309059596987474"
"H6FL11217","MARTIN, JACK","Republican Party","REP","House","H","Florida","FL","12","SPRINGHILL","FL","34609","2024","05-SEP-23","2023","202309060300451091"
"H4NC02168","MORALES, ROBERT","Republican Party","REP","House","H","North Carolina","NC","02","RALEIGH","NC","27601","2024","05-SEP-23","2023","202309059596987414"
"H2SC06142","BUCKNER, DUKE","Republican Party","REP","House","H","South Carolina","SC","06","WALTERBORO","SC","29488","2024","05-SEP-23","2023","202309059596980812"
"S4FL00629","SMITH, JOE DR.","Republican Party","REP","Senate","S","Florida","FL","00","ROYAL PALM BEACH","FL","33414","2024","05-SEP-23","2023","202309059596980741"
"P40015281","OSORNIO, ANGEL","Independent","IND","President","P","United States","00","00","GLENDALE","CA","91203","2024","05-SEP-23","2023","202309059596979347"
"P40015257","MOORE, BRANDY","No Party Affiliation","NPA","President","P","United States","00","00","SHAKER HEIGHTS","AL","44120","2024","05-SEP-23","2023","202309059596979023"
"H4MN04132","CASEY, MIKE","Republican Party","REP","House","H","Minnesota","MN","04","WOODBURY","MN","55125","2024","05-SEP-23","2023","202309059596978974"
"S4TX00789","GONZALEZ, MARK A","Democratic Party","DEM","Senate","S","Texas","TX","00","ROBSTOWN","TX","78380","2024","05-SEP-23","2023","202309059596978932"
"P40015232","NIGRO, JOSEPH ANTHONY IV","Independent","IND","President","P","Missouri","MO","00","PLATTSBURG","MO","64477","2024","05-SEP-23","2023","202309059596978900"
"H0TX31048","WILLIAMS, MICHAEL HOWARD","Republican Party","REP","House","H","Texas","TX","31","GEORGETOWN","TX","78628","2024","05-SEP-23","2023","202309059596978960"
"P40015273","BURLISON II, ROBERT DEAN","Unknown","","President","P","United States","00","00","BENTON","IL","628122809","2024","05-SEP-23","2023","202309050300450940"
"H4CO05071","MITCHELL, CHRISTOPHER DOUGLAS","Constitution Party","CON","House","H","Colorado","CO","05","COLORADO SPRINGS","CO","80919","2024","04-SEP-23","2023","202309049596978783"
"S4CA00746","POUND, PERRY","Democratic Party","DEM","Senate","S","California","CA","00","SACRAMENTO","CA","95814","2024","04-SEP-23","2023","202309049596978822"
"P40015224","AYERS, SCOTT ALAN","GOP","GOP","President","P","United States","00","00","CARPENTERSVILLE","IL","60110","2024","03-SEP-23","2023","202309039596977227"
"P40015216","GARDNER, DAVE","Independent","IND","President","P","United States","00","00","COLORADO SPRINGS","CO","80901","2024","03-SEP-23","2023","202309039596977215"
"S2IN00109","HORNING, ANDY","Libertarian Party","LIB","Senate","S","Indiana","IN","00","FREEDOM","IN","47431","2024","03-SEP-23","2023","202309039596977200"
"P40015190","LOWDER, BRANDON CHANDRASEN","Human Rights Party","HRP","President","P","California","CA","00","ROHNERT PARK","CA","94608","2024","02-SEP-23","2023","202309029596977082"
"P40015208","PUCHTA, DAVID A MR.","Libertarian Party","LIB","President","P","United States","00","00","BONSALL","CA","92003","2024","02-SEP-23","2023","202309029596977172"
"P40015182","GARIBALDI, KALEB ALEXANDER","None","NNE","President","P","United States","00","00","MCPHERSON","KS","67460","2024","01-SEP-23","2023","202309019596976635"
"S4CA00738","SHUSTER, JAMES BARTLEY MR","Republican Party","REP","Senate","S","California","CA","00","WEST HILLS","CA","91307","2023","31-AUG-23","2023","202308319596914215"
"H4MT02056","CABRERA, MING A MR","Democratic Party","DEM","House","H","Montana","MT","02","BILLINGS","MT","59104","2024","31-AUG-23","2023","202308319596864801"
"P40015166","CIRNER, ANDREW","Republican Party","REP","President","P","United States","00","00","DUBLIN","OH","43017","2023","31-AUG-23","2023","202308319596881450"
"S4AZ00212","WHITE, ALAN MR","Republican Party","REP","Senate","S","Arizona","AZ","00","PHOENIX","AZ","85024","2024","31-AUG-23","2023","202308319596914162"
"H4MN05105","PETERSON, TIMOTHY L","Democratic-Farmer-Labor","DFL","House","H","Minnesota","MN","05","MINNEAPOLIS","MN","55417","2024","31-AUG-23","2023","202308319596882962"
"P40015174","VARGO, MICHAEL IAN","No Party Affiliation","NPA","President","P","Nevada","NV","00","LAS VEGAS","NV","89147","2024","31-AUG-23","2023","202308319596883143"
"H4NY03242","TOES, JIM MR.","Republican Party","REP","House","H","New York","NY","03","MANHASSET","NY","11030","2024","31-AUG-23","2023","202308319596881451"
"P00005256","DENAME, MICHAEL","American Party","AMP","President","P","United States","00","00","BROOKLYN","NY","11229","2024","30-AUG-23","2023","202308300300450853"
"P40015158","GRIMES, EDWARD NATHANIEL","Democratic Party","DEM","President","P","United States","00","00","TAMPA","FL","33626","2024","30-AUG-23","2023","202308309596851628"
"H0TN09061","BERGMANN, CHARLOTTE","Republican Party","REP","House","H","Tennessee","TN","09","MEMPHIS","TN","38125","2024","30-AUG-23","2023","202308309596857607"
"H4IA04121","BROWN, JAY EDWARD","Democratic Party","DEM","House","H","Iowa","IA","04","AMES","IA","50010","2024","30-AUG-23","2023","202308300300450866"
"H2NC13243","HARRIGAN, PAT","Republican Party","REP","House","H","North Carolina","NC","14","RALEIGH","NC","276247275","2024","30-AUG-23","2023","202308309596859184"
"H4NC13082","PARE, ERIN","Republican Party","REP","House","H","North Carolina","NC","13","RALEIGH","NC","27624","2024","30-AUG-23","2023","202308309596859673"
"S4MO00284","YOUNG, JARED","Independent","IND","Senate","S","Missouri","MO","00","WEBB CITY","MO","64870","2024","30-AUG-23","2023","202308309596858396"
"H4NY03234","KALATA, RYAN MICHAEL","Libertarian Party","LIB","House","H","New York","NY","03","HOLBROOK","NY","11741","2024","29-AUG-23","2023","202308299596851597"
"P40015133","MCCRACKEN, GRANT","Republican Party","REP","President","P","United States","00","00","SOUTH LAKE TAHOE","CA","96150","2024","29-AUG-23","2023","202308299596850503"
"H4DE01084","AIKEN, CURTIS MORRIS MR III","Democratic Party","DEM","House","H","Delaware","DE","00","DOVER","DE","19901","2024","29-AUG-23","2023","202308299596850977"
"P40015125","MCCRACKEN, GRANT","Republican Party","REP","President","P","United States","00","00","SOUTH LAKE TAHOE","CA","96150","2024","29-AUG-23","2023","202308299596850579"
"H4CA11164","LOU, BRUCE C","Republican Party","REP","House","H","California","CA","11","SAN FRANCISCO","CA","94102","2024","29-AUG-23","2023","202308299596850901"
"P40015117","MCCRACKEN, GRANT","Republican Party","REP","President","P","United States","00","00","SOUTH LAKE TAHOE","CA","96150","2024","29-AUG-23","2023","202308299596850505"
"P40015109","RECTENWALD, MICHAEL D DR.","Libertarian Party","LIB","President","P","United States","00","00","PITTSBURGH","PA","15222","2024","28-AUG-23","2023","202308289596849171"
"H4CO08026","JOHNSON, LARRY","Unaffiliated","UN","House","H","Colorado","CO","08","GREELEY","CO","80631","2024","28-AUG-23","2023","202308289596848340"
"H4MI03268","HUDSON, PAUL","Republican Party","REP","House","H","Michigan","MI","03","ALPHARETTA","GA","30009","2024","28-AUG-23","2023","202308289596848346"
"H4IL17093","CROWL, SCOT ALAN MR.","Republican Party","REP","House","H","Illinois","IL","17","MILAN","IL","61264","2024","28-AUG-23","2023","202308289596849142"
"H4OH11108","RAPOPORT, ALAN","Republican Party","REP","House","H","Ohio","OH","11","CLEVELAND HEIGHTS","OH","44118","2024","28-AUG-23","2023","202308289596848584"
"H4CA12212","TODD, ANDRE EFFRIN","Democratic Party","DEM","House","H","California","CA","12","OAKLAND","CA","94610","2024","28-AUG-23","2023","202308289596849014"
"P40015091","FARMS, WILLIAM","Republican Party","REP","President","P","United States","00","00","JEWETT","OH","43986","2024","28-AUG-23","2023","202308289596849015"
"P40015083","LANHAM, MATTHEW RUSSELL","Republican Party","REP","President","P","United States","00","00","GLOVER","VT","05839","2024","28-AUG-23","2023","202308289596848526"
"H4MT01074","MORAN, CORY","Republican Party","REP","House","H","Montana","MT","01","GREAT FALLS","MT","59404","2024","27-AUG-23","2023","202308279596847972"
"H4NY03226","CHRISTOFIDES, PETER","Republican Party","REP","House","H","New York","NY","03","FARMINGDALE","NY","11735","2024","27-AUG-23","2023","202308279596847989"
"S4DC00050","BRANNUM, ROBERT VINSON","Democratic Party","DEM","Senate","S","District Of Columbia","DC","00","WASHINGTON","DC","20002","2024","27-AUG-23","2023","202308279596847982"
"H4CO07044","TUPA, RONALD","Unaffiliated","UN","House","H","Colorado","CO","07","BOULDER","CO","80301","2024","26-AUG-23","2023","202308269596847958"
"P40015265","MCNEIL SR, ANDRE RAMON","Unknown","","President","P","United States","00","00","ST LOUIS","MO","63107","2024","25-AUG-23","2023","202309050300450936"
"H2NC06106","GANORKAR, MAHESH","Unaffiliated","UN","House","H","North Carolina","NC","02","PITTSBORO","NC","27312","2024","25-AUG-23","2023","202308259596776927"
"S4MI00587","WILSON, J.D.","Republican Party","REP","Senate","S","Michigan","MI","00","HOUGHTON LAKE HEIGHTS","MI","48639","2024","25-AUG-23","2023","202308259596776940"
"P40015067","EBBE, CHRISTOPHER","Independent","IND","President","P","United States","00","00","DUNNELLON","FL","344325641","2024","25-AUG-23","2023","202308250300450653"
"H4IL10098","CARRIS, JIM","Republican Party","REP","House","H","Illinois","IL","10","LAKE FOREST","IL","60045","2024","25-AUG-23","2023","202308259596777327"
"P40015075","TAVELER, TRIME CLOVER","Libertarian Party","LIB","President","P","United States","00","00","MELBOURNE","FL","32901","2024","25-AUG-23","2023","202308259596778526"
"H4CO01153","LAW, MORGAN","Independent","IND","House","H","Colorado","CO","01","DENVER","CO","80250","2024","25-AUG-23","2023","202308259596777143"
"H4NC02150","GANORKAR, MAHESH","Unaffiliated","UN","House","H","North Carolina","NC","02","PITTSBORO","NC","27312","2024","24-AUG-23","2023","202308249596771670"
"S4MI00579","SAVAGE, SHARON MAUREEN","Republican Party","REP","Senate","S","Michigan","MI","00","OSCODA","MI","48750","2024","24-AUG-23","2023","202308249596771694"
"P40015059","GIBSON, BOBBY DEAN","Other","OTH","President","P","Ohio","OH","00","REYNOLDSBURG","OH","43068","2024","24-AUG-23","2023","202308249596776001"
"P40015026","SLACK, DANIEL","Independent","IND","President","P","United States","00","00","LINCOLNVILLE","ME","04849","2024","24-AUG-23","2023","202308249596774556"
"P40015042","BALLAY, CHARLES DR.","Independent","IND","President","P","United States","00","00","NEW ORLEANS","LA","70113","2024","24-AUG-23","2023","202308249596774633"
"P40015018","DOWLING, ERIC","Write-In","W","President","P","United States","00","00","LAND O LAKES","FL","34638","2024","24-AUG-23","2023","202308249596774541"
"S4WA00607","GUENTHER, JOHN","Republican Party","REP","Senate","S","Washington","WA","00","CHENEY","WA","99004","2024","23-AUG-23","2023","202308239596771267"
"H4CA00027","DURAZO, JOSEPH ANTHONY","Ace Party","ACE","House","H","California","CA","00","OXNARD","CA","93036","2023","23-AUG-23","2023","202308239596763680"
"H4AZ08082","GREENE PLACENTIA, BERNADETTE","Democratic Party","DEM","House","H","Arizona","AZ","08","SURPRISE","AZ","85379","2024","23-AUG-23","2023","202308239596770530"
"H4MD06332","JAIN, ASHWANI","Democratic Party","DEM","House","H","Maryland","MD","06","GAITHERSBURG","MD","20877","2024","23-AUG-23","2023","202308239596764897"
"H2TX34188","CISNEROS, LAURA E. DR.","Republican Party","REP","House","H","Texas","TX","34","BROWNSVILLE","TX","78520","2024","23-AUG-23","2023","202308239596764126"
"P40014987","BEIRNE, MICHAEL","Other","OTH","President","P","Maryland","MD","00","GAITHERSBURG","MD","20882","2024","22-AUG-23","2023","202308229596760430"
"S4FL00611","MUCARSEL-POWELL, DEBBIE","Democratic Party","DEM","Senate","S","Florida","FL","00","SOUTH MIAMI","FL","33243","2024","22-AUG-23","2023","202308229596760469"
"H2WA04165","SESSLER, JERROD","Republican Party","REP","House","H","Washington","WA","04","PROSSER","WA","99350","2024","22-AUG-23","2023","202308229596763174"
"P00012872","DOWNARD, JEFFREY BRIAN DR.","Independent","IND","President","P","United States","00","00","FLAGSTAFF","AZ","86001","2024","22-AUG-23","2023","202308229596763220"
"H4GA02136","NIXON, MICHAEL","Republican Party","REP","House","H","Georgia","GA","02","NORMAN PARK","GA","31771","2024","22-AUG-23","2023","202308229596763190"
"P40015000","OLOFF, GERALD H. MR.","Republican Party","REP","President","P","United States","00","00","MESA","AZ","86210","2024","22-AUG-23","2023","202308229596763215"
"P40014995","PARKER, ZACHARY","American Independent Party","AIP","President","P","United States","00","00","WOODLAND HILLS","CA","91364","2024","22-AUG-23","2023","202308229596763189"
"H4MD04188","COKER, ELIJAH MX","Democratic Party","DEM","House","H","Maryland","MD","04","BLADENSBURG","MD","20710","2024","21-AUG-23","2023","202308219596757791"
"H4NV03183","KASAMA, HEIDI","Republican Party","REP","House","H","Nevada","NV","03","LAS VEGAS","NV","89136","2024","21-AUG-23","2023","202308219596758816"
"S4OH00218","SHABAZZ, TARIQ","Democratic Party","DEM","Senate","S","Ohio","OH","00","STREETSBORO","OH","44241","2023","21-AUG-23","2023","202308219596760420"
"H4OH11090","EVANS, ANTHONY G JR","Democratic Party","DEM","House","H","Ohio","OH","11","CLEVELAND","OH","44119","2024","21-AUG-23","2023","202308219596759432"
"P00014357","BUCHSER-LOCHOCKI, SUSAN","Republican Party","REP","President","P","United States","00","00","CORE","WV","26541","2024","21-AUG-23","2023","202308219596758868"
"P40014979","PATTERSON, KEN EUGENE-A MR","Republican Party","REP","President","P","United States","00","00","EUREKA","MO","63025","2024","20-AUG-23","2023","202308209596708742"
"H4FL28018","VYSKOCIL, ELAN JAKUB","American Independent Party","AIP","House","H","Florida","FL","28","KEY WEST","FL","33040","2024","20-AUG-23","2023","202308209596699721"
"P40014953","PERKINS, REPONSAL","Democratic Party","DEM","President","P","United States","00","00","HOUSTON","TX","77099","2024","19-AUG-23","2023","202308199596694194"
"P40015034","COYNE III, JOHN FRANCIS","Democratic Party","DEM","President","P","United States","00","00","ALPHARETTA","GA","300090032","2024","19-AUG-23","2023","202308240300450564"
"P40014961","JEFFERSON, THOMAS MR.","Other","OTH","President","P","United States","00","00","CHARLOTTESVILLE","VA","22902","2024","19-AUG-23","2023","202308199596694213"
"P40014920","SANSONE, ROBERT E","Libertarian Party","LIB","President","P","Colorado","CO","00","CASTLE ROCK","CO","80109","2024","18-AUG-23","2023","202308189596622398"
"P40014938","BROWN, GARY J","Democratic Party","DEM","President","P","United States","00","00","LAS VEGAS","NV","89106","2024","18-AUG-23","2023","202308189596688936"
"H4TX28095","SANZ MONDRAGON, JOSE MANUEL","Republican Party","REP","House","H","Texas","TX","28","LAREDO","TX","78041","2024","18-AUG-23","2023","202308189596624068"
"P40014912","CAPPARELL, CHRIS","Write-In","W","President","P","United States","00","00","SNELLVILLE","GA","30039","2023","17-AUG-23","2023","202308179596590242"
"H4CA31162","HAFIF, GREGORY KEITH","Democratic Party","DEM","House","H","California","CA","31","CLAREMONT","CA","91711","2024","17-AUG-23","2023","202308179596605305"
"H4FL09174","RIVERA, ANGEL","Republican Party","REP","House","H","Florida","FL","09","ORLANDO","FL","32814","2024","17-AUG-23","2023","202308179596605920"
"S4PA00287","FORKNER, WILLIAM","Democratic Party","DEM","Senate","S","Pennsylvania","PA","00","PITTSBURGH","PA","15243","2024","17-AUG-23","2023","202308179596583108"
"P40014904","MILES, JEFF","Democratic Party","DEM","President","P","United States","00","00","LOS ANGELES","CA","90016","2024","16-AUG-23","2023","202308169596562975"
"H4IL05163","WOZNICZKA, DANIEL","Democratic Party","DEM","House","H","Illinois","IL","05","CHICAGO","IL","60646","2024","16-AUG-23","2023","202308169596562989"
"H4GA06145","RICHARDSON, JERICA","Democratic Party","DEM","House","H","Georgia","GA","06","MARIETTA","GA","30062","2024","16-AUG-23","2023","202308169596566595"
"H4CO03357","HURD, JEFFREY","Republican Party","REP","House","H","Colorado","CO","03","GRAND JUNCTION","CO","81506","2024","16-AUG-23","2023","202308169596572898"
"H2VA01124","JONES, HERBERT CARROLL MR. JR.","Democratic Party","DEM","House","H","Virginia","VA","01","PROVIDENCE FORGE","VA","23140","2024","16-AUG-23","2023","202308169596577703"
"H2CO05224","AVION, ORLONDO","Democratic Party","DEM","House","H","Colorado","CO","05","COLORADO SPRINGS","CO","80903","2024","16-AUG-23","2023","202308169596576487"
"H4CA01132","NAZARIAN, ASHKAN ALEX","Republican Party","REP","House","H","California","CA","01","LOS ANGELES","CA","90210","2024","16-AUG-23","2023","202308169596577659"
"H4FL23084","THELUSCA, JOE","Republican Party","REP","House","H","Florida","FL","23","BOCA RATON","FL","33486","2024","16-AUG-23","2023","202308169596577688"
"H4MO00037","BARRON, BRIAN","None","NNE","House","H","Missouri","MO","00","ELK CREEK","MO","65464","2024","16-AUG-23","2023","202308169596573452"
"H2IA02111","BOHANNAN, CHRISTINA","Democratic Party","DEM","House","H","Iowa","IA","01","IOWA CITY","IA","52245","2024","15-AUG-23","2023","202308159596552555"
"H4PA17166","MERCURI, ROBERT W","Republican Party","REP","House","H","Pennsylvania","PA","17","WEXFORD","PA","15090","2024","15-AUG-23","2023","202308159596554023"
"H4TN09105","BOHANON, ANTWANE","Republican Party","REP","House","H","Tennessee","TN","09","MUNFORD","TN","38058","2024","15-AUG-23","2023","202308159596556962"
"S4TX00771","GOMEZ, MERI LIZET MS.","Democratic Party","DEM","Senate","S","Texas","TX","00","MISSION","TX","78572","2024","15-AUG-23","2023","202308159596556963"
"H4CA49164","WILKINSON, MARGARITA","Republican Party","REP","House","H","California","CA","49","DEL MAR","CA","92014","2024","15-AUG-23","2023","202308159596562913"
"H4CA49156","MONROE, KATE M","Republican Party","REP","House","H","California","CA","49","SAN DIEGO","CA","92130","2024","15-AUG-23","2023","202308159596557838"
"S4MD00368","FRYDENBORG, BRIAN EDWARD","Democratic Party","DEM","Senate","S","Maryland","MD","00","SILVER SPRING","MD","20902","2024","15-AUG-23","2023","202308159596558134"
"H4CA36161","ANDERSON, CLAIRE","Republican Party","REP","House","H","California","CA","36","SANTA ANA","CA","92704","2024","15-AUG-23","2023","202308159596560609"
"H4IN03257","NESTOR, BRADLEY","Democratic Party","DEM","House","H","Indiana","IN","03","FORT WAYNE","IN","46805","2024","15-AUG-23","2023","202308159596562541"
"S4FL00603","KRENTCIL, PATRICIA MARIE","Republican Party","REP","Senate","S","Florida","FL","00","BOCA RATON","FL","33434","2024","15-AUG-23","2023","202308159596556968"
"H4MT01058","ARNTZEN, ELSIE","Republican Party","REP","House","H","Montana","MT","02","HELENA","MT","59604","2024","14-AUG-23","2023","202308149596551469"
"S4TX00763","ANDREWS, CODY","Republican Party","REP","Senate","S","Texas","TX","00","WACO","TX","76712","2024","14-AUG-23","2023","202308149596547514"
"H4IN03240","ADOLPH, KILEY DR.","Democratic Party","DEM","House","H","Indiana","IN","03","FREMONT","IN","46737","2024","14-AUG-23","2023","202308149596551648"
"P40014888","ABEL, JESSICA L","Republican Party","REP","President","P","United States","00","00","LONDON","OH","43140","2024","14-AUG-23","2023","202308149596550348"
"H4VA07218","MYERS, JONATHON PAUL","Republican Party","REP","House","H","Virginia","VA","07","STAFFORD","VA","22554","2024","14-AUG-23","2023","202308149596547681"
"H2NJ02219","RUSH, CAROLYN","Democratic Party","DEM","House","H","New Jersey","NJ","02","SEA ISLE CITY","NJ","08243","2024","13-AUG-23","2023","202308139596547036"
"H4MD06324","GRAMMER, GEOFFREY","Democratic Party","DEM","House","H","Maryland","MD","06","GAITHERSBURG","MD","20878","2024","13-AUG-23","2023","202308139596547068"
"H4GA14057","HARRIS, SHAWN","Democratic Party","DEM","House","H","Georgia","GA","14","CEDARTOWN","GA","30125","2024","13-AUG-23","2023","202308139596547308"
"P40014862","CANTRELL, GARY ROBERT MR.","Unknown","UNK","President","P","United States","00","00","BEAUFORT","SC","29902","2024","13-AUG-23","2023","202308139596547287"
"P40014870","THOMPSON, AMANDA","American Independent Party","AIP","President","P","United States","00","00","SPEARFISH","SD","57783","2024","13-AUG-23","2023","202308139596547302"
"H4VA07200","HAMILTON, CAMERON","Republican Party","REP","House","H","Virginia","VA","07","ALEXANDRIA","VA","22313","2024","13-AUG-23","2023","202308139596547073"
"P40014847","MONCADA, RICHARD CHARLES","Independent","IND","President","P","United States","00","00","FREER","TX","78357","2024","12-AUG-23","2023","202308129596547020"
"S4NV00320","WALKER, TROY ZAKARI","Democratic Party","DEM","Senate","S","Nevada","NV","00","LAS VEGAS","NV","89107","2024","12-AUG-23","2023","202308129596547026"
"P40014854","MASONE, WILLIAM ANTHONY","Republican Party","REP","President","P","United States","00","00","WAKE FOREST","NC","27587","2024","12-AUG-23","2023","202308129596547031"
"H4NY01147","DECECCO, ANDREW FRANK","Democratic Party","DEM","House","H","New York","NY","01","WADING RIVER","NY","11792","2024","12-AUG-23","2023","202308129596547008"
"P40014839","ROBBINS, MARTIN FOSTER","Democratic Party","DEM","President","P","United States","00","00","CHARLOTTE","NC","28217","2024","12-AUG-23","2023","202308129596546937"
"H4WI01163","SANTOS, LORENZO JUAN","Democratic Party","DEM","House","H","Wisconsin","WI","01","RACINE","WI","53403","2024","12-AUG-23","2023","202308129596546963"
"S4CA00720","RUZON, MARK DR.","Other","OTH","Senate","S","California","CA","00","MOUNTAIN VIEW","CA","94043","2024","12-AUG-23","2023","202308129596547002"
"H4AZ03141","WOOTEN, DUANE M MD","Democratic Party","DEM","House","H","Arizona","AZ","03","PHOENIX","AZ","85003","2024","12-AUG-23","2023","202308129596546748"
"H4OH11082","EVANS, ANTHONY GERALD JR","Independent","IND","House","H","Ohio","OH","11","CLEVELAND","OH","44119","2024","11-AUG-23","2023","202308119596514478"
"P40014813","BRINSON, MONICA EVETTE","Republican Party","REP","President","P","United States","00","00","HACKENSACK","NJ","07601","2024","11-AUG-23","2023","202308119596520791"
"P40014821","CORTINA, RAUL IVHAN MR","Independent","IND","President","P","United States","00","00","MCALLEN","TX","78501","2024","11-AUG-23","2023","202308119596535839"
"H4CA47168","GOFFE, ANDREW LEE","Democratic Party","DEM","House","H","California","CA","47","IRVINE","CA","92612","2024","11-AUG-23","2023","202308119596522464"
"H4CA20165","PIATT, MATTHEW","Republican Party","REP","House","H","California","CA","20","BEAVERTON","OR","97008","2024","11-AUG-23","2023","202308119596521389"
"P40014805","MARSTERS, WILLIAM","Independent","IND","President","P","United States","00","00","POMPANO BCH","FL","33062","2024","10-AUG-23","2023","202308100300450049"
"H0VA11127","ANANTATMULA, MANGA","Republican Party","REP","House","H","Virginia","VA","10","GREAT FALLS ","VA","22066","2024","10-AUG-23","2023","202308109596512011"
"H4PA01111","HOUCK, MARK JUSTIN SR","Republican Party","REP","House","H","Pennsylvania","PA","01","HUNTINGDON VALLEY","PA","19006","2024","10-AUG-23","2023","202308109596509941"
"H4NC13074","SHOEMAKER, MATT","Republican Party","REP","House","H","North Carolina","NC","13","CLAYTON","NC","27520","2024","10-AUG-23","2023","202308109596509898"
"H4NJ07123","BLAZAKIS, JASON","Democratic Party","DEM","House","H","New Jersey","NJ","07","LAMBERVILLE","NJ","08530","2024","09-AUG-23","2023","202308099596509288"
"P40014789","MONCADA, RICHARD CHARLES","Independent","IND","President","P","United States","00","00","FREER","TX","78357","2024","09-AUG-23","2023","202308099596509301"
"H4MD06316","SAYLES, LAURIE-ANNE","Democratic Party","DEM","House","H","Maryland","MD","06","GAITHERSBURG","MD","20879","2024","09-AUG-23","2023","202308099596509316"
"H2TX32182","DAY, DARRELL","Republican Party","REP","House","H","Texas","TX","32","RICHARDSON","TX","75080","2024","09-AUG-23","2023","202308099596509117"
"H0TX31030","GARAPATI, ABHIRAM","Republican Party","REP","House","H","Texas","TX","31","CEDAR PARK","TX","78613","2024","09-AUG-23","2023","202308099596506346"
"H4CA46137","PAN, DAVID","Republican Party","REP","House","H","California","CA","46","SANTA ANA","CA","92704","2024","09-AUG-23","2023","202308099596508573"
"P40014797","COOPER, JIMMY","Democratic Party","DEM","President","P","United States","00","00","LIZELLA","GA","31052","2024","09-AUG-23","2023","202308099596509321"
"P40014771","GIESSEN, ROY","Non-Party","NON","President","P","United States","00","00","FRANKSTON","TX","75763","2024","08-AUG-23","2023","202308089596504370"
"S4MI00561","O'DONNELL, SHERRELL ANNE","Republican Party","REP","Senate","S","Michigan","MI","00","STEVENSVILLE","MI","49127","2024","08-AUG-23","2023","202308089596504375"
"H4CA06172","SCOTT, JIM EDWIN MR.","Republican Party","REP","House","H","California","CA","06","RIO LINDA","CA","95673","2024","08-AUG-23","2023","202308089596504382"
"P40014763","VICTOR, BRANDON","None","NNE","President","P","United States","00","00","BAKER","LA","70714","2024","08-AUG-23","2023","202308089596502220"
"H4NY03218","CHENG, AUSTIN FRANKLIN","Democratic Party","DEM","House","H","New York","NY","03","GLEN COVE","NY","11542","2024","08-AUG-23","2023","202308089596503807"
"S4NV00312","GRADY, TONY","Republican Party","REP","Senate","S","Nevada","NV","00","RENO","NV","89521","2024","08-AUG-23","2023","202308089596502523"
"H4CA15074","KRAMER, ANNA CHENG","Republican Party","REP","House","H","California","CA","15","SAN CARLOS","CA","94070","2024","08-AUG-23","2023","202308089596502798"
"H4FL08127","JONES, BRIAN","Republican Party","REP","House","H","Florida","FL","08","MELBOURNE","FL","32912","2024","08-AUG-23","2023","202308089596503261"
"H4FL15163","PETERSON, ALEXANDER J","Independent","IND","House","H","Florida","FL","15","LAKELAND","FL","33805","2024","08-AUG-23","2023","202308089596502407"
"P40014748","DELFINO, SHERMAN PAUL","Republican Party","REP","President","P","United States","00","00","ROY","WA","98480","2023","07-AUG-23","2023","202308079596497411"
"H4OR06013","BOLES, DENYC","Republican Party","REP","House","H","Oregon","OR","06","SALEM","OR","97306","2024","07-AUG-23","2023","202308079596497570"
"H4CA07071","SIMES, REGINA RENEE","Republican Party","REP","House","H","California","CA","43","LOS ANGELES","CA","90044","2024","07-AUG-23","2023","202308079596498175"
"H4NH01250","FRAZIER, JAKE ANDREW L","Republican Party","REP","House","H","New Hampshire","NH","01","DANVILLE","NH","03819","2024","07-AUG-23","2023","202308079596499939"
"P40014755","PRINCE, JOHN ALLEN","Independent","IND","President","P","United States","00","00","FAYETTEVILLE","AR","727018934","2024","07-AUG-23","2023","202308070300449372"
"H4TX23153","ALVARADO, ARNULFO H","Democratic Party","DEM","House","H","Texas","TX","23","D'HANIS","TX","78850","2024","07-AUG-23","2023","202308080300449556"
"P20002051","RUNDBERG, JIM LENNART","Republican Party","REP","President","P","United States","00","00","ANTONITO","CO","81120","2024","07-AUG-23","2023","202308080300449543"
"P40014722","GUTIERREZ, MIGUEL A SR","Unknown","UNK","President","P","United States","00","00","SAN JUAN","TX","78589","2024","06-AUG-23","2023","202308069596497348"
"H4NY01139","GAUGHRAN, JAMES F","Democratic Party","DEM","House","H","New York","NY","01","NORTHPORT","NY","11768","2024","06-AUG-23","2023","202308069596497402"
"P40014730","LEMERE, MICHAEL CHAD","Democratic Party","DEM","President","P","United States","00","00","WHITE PLAINS","NY","10605","2024","06-AUG-23","2023","202308069596497365"
"P40014714","CELIA RODRIGUEZ, STEFFANE MARIE","Write-In","W","President","P","Iowa","IA","00","DES MOINES","IA","50310","2024","05-AUG-23","2023","202308059596497232"
"S4NV00304","GUNTER, JEFF DR","Republican Party","REP","Senate","S","Nevada","NV","00","LAS VEGAS","NV","89193","2024","04-AUG-23","2023","202308049596497186"
"S2NV00415","LINDEMANN, BARRY","Republican Party","REP","Senate","S","Nevada","NV","00","LAS VEGAS","NV","89138","2024","04-AUG-23","2023","202308049596497187"
"H2FL24052","GONZALEZ, PATRICIA","Republican Party","REP","House","H","Florida","FL","24","MIAMI","FL","33177","2024","04-AUG-23","2023","202308049596496366"
"H4IL06120","AHMAD, MAHNOOR","Democratic Party","DEM","House","H","Illinois","IL","06","OAKBROOK TERRACE","IL","60181","2024","04-AUG-23","2023","202308049596496373"
"H4FL14117","ROCHFORD, ROBERT ANTHONY ROCKY CAPT","Republican Party","REP","House","H","Florida","FL","14","THONOTOSSASA","FL","33592","2024","04-AUG-23","2023","202308049596496418"
"S4DE00086","TAYLOR, WILLIAM JOSEPH","Republican Party","REP","Senate","S","Delaware","DE","00","MILLSBORO","DE","19966","2024","04-AUG-23","2023","202308049596497180"
"S4NV00296","CONRAD, WILLIAM BRYAN","Republican Party","REP","Senate","S","Nevada","NV","00","RENO","NV","89501","2024","04-AUG-23","2023","202308049596496756"
"S4MD00350","DOMINGUEZ, JUAN","Democratic Party","DEM","Senate","S","Maryland","MD","00","SEVERNA PARK","MD","211464122","2024","04-AUG-23","2023","202308049596496864"
"S4TN00526","JOHNSON, GLORIA","Democratic Party","DEM","Senate","S","Tennessee","TN","00","NASHVILLE","TN","37205","2024","04-AUG-23","2023","202308049596497176"
"P40014706","KNIGHTING, REBECCA ANNE","Independent","IND","President","P","United States","00","00","LURAY","VA","22835","2024","04-AUG-23","2023","202308049596497179"
"H4CO03340","ELWORTH, MARK JR","Libertarian Party","LIB","House","H","Colorado","CO","03","BRUSH","CO","80723","2024","04-AUG-23","2023","202308049596496744"
"H4IL13258","CLATTERBUCK, THOMAS","Republican Party","REP","House","H","Illinois","IL","13","CHAMPAIGN","IL","61820","2024","03-AUG-23","2023","202308039596496153"
"P40014698","ROBINSON, VICTOR OSWALD MR. JR.","Republican Party","REP","President","P","United States","00","00","ATHENS","GA","30607","2024","03-AUG-23","2023","202308039596494923"
"P40014680","MCLAMB, ALFONZ CARL JR JR","American Independent Party","AIP","President","P","New Jersey","NJ","00","PLEASANTVILLE","NJ","08232","2024","03-AUG-23","2023","202308039596494916"
"H4CA07071","SIMES, REGINA RENEE","Republican Party","REP","House","H","California","CA","07","LOS ANGELES","CA","90044","2023","02-AUG-23","2023","202308029596494887"
"P40014672","STRONG, CHARLES ALLEN JR","Independent","IND","President","P","United States","00","00","MANITOU","OK","73555","2024","02-AUG-23","2023","202308029596492833"
"P40014656","TIMOTHEE, AMOS","Republican Party","REP","President","P","United States","00","00","MIAMI","FL","33161","2024","01-AUG-23","2023","202308010300448385"
"H4PA16101","KRAMER, TIMOTHY D","Republican Party","REP","House","H","Pennsylvania","PA","16","FORESTVILLE","PA","16035","2024","01-AUG-23","2023","202308019596490873"
"H2IL02198","RAMOS, ASHLEY","Republican Party","REP","House","H","Illinois","IL","02","CLIFTON","IL","60927","2024","01-AUG-23","2023","202308019596490891"
"P40014664","IRONS, CASSIDY","Independence Party","IDP","President","P","Florida","FL","00","NOKOMIS","FL","34275","2024","01-AUG-23","2023","202308019596492554"
"H4GA02128","MASSEY, COLLEEN JOAN","Independent","IND","House","H","Georgia","GA","02","FORT VALLEY","GA","31030","2023","01-AUG-23","2023","202308019596491433"
"H4FL01197","VALIMONT, GAY","Democratic Party","DEM","House","H","Florida","FL","01","GULF BREEZE","FL","32562","2024","01-AUG-23","2023","202308019596492536"
"H4MD05219","TALKINGTON, MICHELLE","Republican Party","REP","House","H","Maryland","MD","05","DUBLIN","OH","43017","2024","01-AUG-23","2023","202308019596491202"
"H2RI02069","DICKINSON, SPENCER E","Democratic Party","DEM","House","H","Rhode Island","RI","01","WAKEFIELD","RI","02879","2023","31-JUL-23","2023","202307310300448255"
"H4CA11156","WONG, TIMOTHY","Democratic Party","DEM","House","H","California","CA","11","SAN FRANCISCO","CA","94112","2023","31-JUL-23","2023","202307319584240807"
"H4IN03232","SMITH, TIM","Republican Party","REP","House","H","Indiana","IN","03","FORT WAYNE","IN","46809","2024","31-JUL-23","2023","202307319584192755"
"H2CA37320","FEDALIZO, BALTAZAR MR.","Republican Party","REP","House","H","California","CA","37","LOS ANGELES","CA","90062","2024","31-JUL-23","2023","202307319584226445"
"H4AZ01244","O'CALLAGHAN, CONOR","Democratic Party","DEM","House","H","Arizona","AZ","01","SCOTTSDALE","AZ","85260","2024","31-JUL-23","2023","202307319584228712"
"P40014631","MICHAELS, DANIEL","Write-In","W","President","P","United States","00","00","PORT RICHEY","FL","34668","2024","31-JUL-23","2023","202307319584174119"
"P40014649","LANCASTER, RICHARD TODD","Republican Party","REP","President","P","United States","00","00","HIGHLANDS RANCH","CO","80126","2024","31-JUL-23","2023","202307319584257527"
"H4NY21137","ROULEAU, BRIAN R MR.","WFP","WFP","House","H","New York","NY","21","WINTHROP","NY","13697","2024","31-JUL-23","2023","202307319584213478"
"H8MI14084","SHABAZZ, CLYDE K","Green Party","GRE","House","H","Michigan","MI","06","SOUTHFIELD","MI","48075","2024","31-JUL-23","2023","202307310300448035"
"H4AZ05104","MICHEL, CASEY","Republican Party","REP","House","H","Arizona","AZ","05","GILBERT","AZ","85295","2024","31-JUL-23","2023","202307319596455157"
"S4PA00279","PARVEZ, TARIQ SYED","Republican Party","REP","Senate","S","Pennsylvania","PA","00","BENSALEM","PA","19020","2024","30-JUL-23","2023","202307309584155761"
"H4CA34091","LEE, CALVIN","Republican Party","REP","House","H","California","CA","34","LOS ANGELES","CA","90004","2024","30-JUL-23","2023","202307309584155794"
"H4FL05107","BOULIN ROMAIN, JACQUELINE","Democratic Party","DEM","House","H","Florida","FL","05","SAINT AUGUSTINE","FL","32092","2024","29-JUL-23","2023","202307299584147447"
"H4NY03200","NORBER, DANIEL","Republican Party","REP","House","H","New York","NY","03","BAYSIDE","NY","11360","2024","29-JUL-23","2023","202307299584145986"
"P40014623","RICHARDSON, ANTHONY JAMES MR.","Republican Party","REP","President","P","United States","00","00","GEORGETOWN","KY","40324","2024","29-JUL-23","2023","202307299584145367"
"H4CA09101","MCBRIDE, JOHN","Republican Party","REP","House","H","California","CA","09","LODI","CA","95242","2024","28-JUL-23","2023","202307289584137255"
"H4NY14108","DELICES, PATRICK","Republican Party","REP","House","H","New York","NY","14","BRONX","NY","10459","2024","28-JUL-23","2023","202307289584102331"
"S2NV00415","LINDEMANN, BARRY","Republican Party","REP","Senate","S","Nevada","NV","00","LAS VEGAS","NV","89138","2023","28-JUL-23","2023","202307289584105080"
"H4TX32139","CHAUDHRY, RAJA","Democratic Party","DEM","House","H","Texas","TX","32","DALLAS","TX","75215","2024","28-JUL-23","2023","202307289584109653"
"H4CA30305","MARTINEZ, J. EMILIO","Republican Party","REP","House","H","California","CA","30","GLENDALE","CA","91208","2024","28-JUL-23","2023","202307289584105178"
"H2WA02219","JOHNSON, LEIF D","Republican Party","REP","House","H","Washington","WA","02","GREENBANK","WA","98253","2024","28-JUL-23","2023","202307289584105074"
"H4PA11078","BAKER, DAVID","Democratic Party","DEM","House","H","Pennsylvania","PA","11","HUMMELSTOWN","PA","17036","2024","27-JUL-23","2023","202307279584092373"
"P40014607","SINGH, HIRSH","Republican Party","REP","President","P","United States","00","00","LINWOOD","NJ","08221","2024","27-JUL-23","2023","202307279584092241"
"S4MO00276","MAY, KARLA","Democratic Party","DEM","Senate","S","Missouri","MO","00","ST. LOUIS","MO","63115","2024","27-JUL-23","2023","202307279584091811"
"P40014599","FARR, JOAN E MS.","Republican Party","REP","President","P","United States","00","00","DERBY","KS","67037","2024","27-JUL-23","2023","202307279584062549"
"P40014581","MALLOY, ANITA","American Independent Party","AIP","President","P","South Carolina","SC","00","CAMDEN","SC","29020","2024","27-JUL-23","2023","202307279584062254"
"P60020856","LYNCH, JOSEPH TIMOTHY","Independent","IND","President","P","United States","00","00","PLAINVILLE","CT","06062","2024","27-JUL-23","2023","202307270300447764"
"H2NH01304","PRESCOTT, RUSSELL","Republican Party","REP","House","H","New Hampshire","NH","01","KINGSTON","NH","03848","2024","27-JUL-23","2023","202307279584062399"
"H4CO03332","STOUT, ANNA MARIE","Democratic Party","DEM","House","H","Colorado","CO","03","GRAND JUNCTION","CO","81502","2024","26-JUL-23","2023","202307269584051547"
"H4CA22120","HURTADO, MELISSA","Democratic Party","DEM","House","H","California","CA","22","SACRAMENTO","CA","95815","2024","26-JUL-23","2023","202307269584060305"
"H4NY03192","HACH, GREGORY","Republican Party","REP","House","H","New York","NY","03","SYOSSET","NY","11791","2024","26-JUL-23","2023","202307269584049711"
"H4NY16061","GERALD, MICHAEL BERNARD DR.","Democratic Party","DEM","House","H","New York","NY","16","TUCKAHOE","NY","10707","2024","26-JUL-23","2023","202307269584038038"
"H4TX23146","LOPEZ, GREGORY DIEGO","Democratic Party","DEM","House","H","Texas","TX","23","SAN ANTONIO","TX","78209","2024","26-JUL-23","2023","202307269584051548"
"P40014573","HOFFMAN, RALPH ROBBIE MR","Democratic Party","DEM","President","P","United States","00","00","LUXEMBURG","WI","54217","2024","26-JUL-23","2023","202307269584056941"
"H4NY05114","BRAME, MADELINE","Republican Party","REP","House","H","New York","NY","05","FREEPORT","NY","11520","2024","26-JUL-23","2023","202307269584058160"
"S4WA00599","GIESICK, PAUL LAWRENCE","Democratic Party","DEM","Senate","S","Washington","WA","00","ARLINGTON","WA","98223","2024","26-JUL-23","2023","202307269584060818"
"H4OH13146","BANWEG, CHRIS","Republican Party","REP","House","H","Ohio","OH","13","HUDSON","OH","44236","2024","25-JUL-23","2023","202307259584030028"
"H8PA15195","MACKENZIE, RYAN","Republican Party","REP","House","H","Pennsylvania","PA","07","EMMAUS","PA","18049","2024","25-JUL-23","2023","202307259584037958"
"H4NY03184","SAPRAICONE, MICHAEL","Republican Party","REP","House","H","New York","NY","03","GREENVALE","NY","11548","2024","25-JUL-23","2023","202307259584032953"
"P40014565","ANDERSON, JOSHUA","Libertarian Party","LIB","President","P","United States","00","00","BOSTON","MA","02116","2024","24-JUL-23","2023","202307249584029185"
"H4GA02110","EKPETE, ULOMA S. DR.","Independent","IND","House","H","Georgia","GA","02","MARIETTA","GA","30067","2024","24-JUL-23","2023","202307249584029240"
"H4MO06109","RICHARDSON, ERIK","Democratic Party","DEM","House","H","Missouri","MO","06","MEXICO","MO","65265","2024","24-JUL-23","2023","202307249584024265"
"H6MD08523","RUBIN, JOEL MARTIN","Democratic Party","DEM","House","H","Maryland","MD","06","GERMANTOWN","MD","20875","2024","24-JUL-23","2023","202307249584024630"
"H4IN04230","GIRN, RIMPI K","Democratic Party","DEM","House","H","Indiana","IN","04","PLAINFIELD","IN","46168","2024","24-JUL-23","2023","202307249584025151"
"H0TX16106","ARMENDARIZ-JACKSON, IRENE","Republican Party","REP","House","H","Texas","TX","16","EL PASO","TX","79925","2024","24-JUL-23","2023","202307249584026903"
"H4OR05312","AASEN, ANDREW J","Non-Party","NON","House","H","Oregon","OR","05","BEND","OR","97701","2024","24-JUL-23","2023","202307249584024202"
"P40014557","ARRINGTON, BRYAN LAMONT LORD","Independent","IND","President","P","United States","00","00","COCOA","FL","32922","2024","24-JUL-23","2023","202307249584020106"
"H4TN57013","CARONA, AILINA","Democratic Party","DEM","House","H","Tennessee","TN","57","MOUNT JULIET","TN","37122","2024","24-JUL-23","2023","202307249584028480"
"H4NE00017","SOLOMON, AVA MRS","Human Rights Party","HRP","House","H","Nebraska","NE","00","OMAHA","NE","68105","2024","23-JUL-23","2023","202307239584019540"
"H4FL09166","QUINONES, JOHN","Republican Party","REP","House","H","Florida","FL","09","KISSIMMEE","FL","34746","2024","22-JUL-23","2023","202307229584019035"
"S4MA00317","AKIBA, ZAKHAI","Republican Party","REP","Senate","S","Massachusetts","MA","00","CAMBRIDGE","MA","02138","2024","22-JUL-23","2023","202307229584018439"
"P40014540","SMITH, JOSHUA D.","Libertarian Party","LIB","President","P","United States","00","00","WEST DES MOINES","IA","50266","2024","22-JUL-23","2023","202307229584019079"
"H2WI02181","OLSEN, ERIK","Republican Party","REP","House","H","Wisconsin","WI","02","MADISON","WI","53705","2024","21-JUL-23","2023","202307219583990325"
"H4WI03177","NYTES, AARON","Democratic Party","DEM","House","H","Wisconsin","WI","03","CAMBRIDGE","MA","02139","2024","21-JUL-23","2023","202307219583990818"
"H4NY04182","THOMAS, KEVIN","Democratic Party","DEM","House","H","New York","NY","04","LEVITTOWN","NY","11542","2024","21-JUL-23","2023","202307219583991757"
"H4NC02143","XU, KENNETH","Republican Party","REP","House","H","North Carolina","NC","02","RALEIGH","NC","27606","2024","21-JUL-23","2023","202307219584017894"
"P40014532","PORTLOCK, CHRISTOPHER DAVID","Democratic Party","DEM","President","P","United States","00","00","MINEOLA","NY","11501","2024","21-JUL-23","2023","202307219584018002"
"H4DE01076","YOUNG, EUGENE ROBERT JR","Democratic Party","DEM","House","H","Delaware","DE","00","WILMINGTON","DE","19808","2024","21-JUL-23","2023","202307219583990216"
"H4NC02135","DOUGLASS, EUGENE FARLEY DR","Republican Party","REP","House","H","North Carolina","NC","02","RALEIGH","NC","27624","2024","20-JUL-23","2023","202307209583914535"
"H2IN08151","WHITLEY, GABRIEL MATHEW","Republican Party","REP","House","H","Indiana","IN","07","INDIANAPOLIS","IN","46201","2024","20-JUL-23","2023","202307209583855737"
"S4FL00595","RUSH, BRIAN","Democratic Party","DEM","Senate","S","Florida","FL","00","FOXBORO","MA","02035","2024","20-JUL-23","2023","202307209583940694"
"H4TX23138","LIMON, SANTOS M.","Democratic Party","DEM","House","H","Texas","TX","23","SAN ANTONIO","TX","78245","2024","20-JUL-23","2023","202307209583928389"
"H4DE00052","DAVIS, COLLEEN","Democratic Party","DEM","House","H","Delaware","DE","00","OCEAN VIEW","DE","19970","2024","19-JUL-23","2023","202307199583829619"
"H4OK02196","WADE, BRANDON KEITH","Democratic Party","DEM","House","H","Oklahoma","OK","02","BARTLESVILLE","OK","74003","2024","19-JUL-23","2023","202307199583842050"
"H4MI04159","SWARTZ, JESSICA","Democratic Party","DEM","House","H","Michigan","MI","04","KALAMAZOO","MI","49007","2024","19-JUL-23","2023","202307199583827984"
"H4MD01176","OLUWADARE, BLESSING T","Democratic Party","DEM","House","H","Maryland","MD","01","EDGEWOOD","MD","21040","2024","19-JUL-23","2023","202307199583821823"
"S4MO00268","HARMON, DECEMBER L","Democratic Party","DEM","Senate","S","Missouri","MO","00","COLUMBIA","MO","65203","2024","19-JUL-23","2023","202307199583842689"
"H4TX32121","PANAYIOTOU, CHRISTOPHER","Democratic Party","DEM","House","H","Texas","TX","32","DALLAS","TX","75240","2024","19-JUL-23","2023","202307199583821106"
"H4MD06308","BARNES, HEATH","Republican Party","REP","House","H","Maryland","MD","06","WOODSBORO","MD","21798","2024","19-JUL-23","2023","202307199583821107"
"P40014516","WALTERS, MARY JO","Independent","IND","President","P","United States","00","00","MELLEN","WI","54546","2024","18-JUL-23","2023","202307189583794195"
"S4RI00085","MORGAN, PATRICIA L","Republican Party","REP","Senate","S","Rhode Island","RI","00","WEST WARWICK","RI","02893","2024","18-JUL-23","2023","202307189583795653"
"H4NY03176","MANES, HARVEY DR.","Republican Party","REP","House","H","New York","NY","03","PLAINVIEW","NY","11803","2024","18-JUL-23","2023","202307189583797162"
"S4AZ00204","WALKER, ROBERT JAMES","Republican Party","REP","Senate","S","Arizona","AZ","00","WASHINGTON","DC","20001","2024","18-JUL-23","2023","202307189583784354"
"H4CA09093","LINCOLN, KEVIN","Republican Party","REP","House","H","California","CA","09","STOCKTON","CA","95219","2024","18-JUL-23","2023","202307189583787324"
"P40014490","WEILER, CHRIS","Democratic Party","DEM","President","P","United States","00","00","OAK PARK","IL","60302","2024","18-JUL-23","2023","202307189583790324"
"S4IN00279","CARMICHAEL, ROBERT MARC","Democratic Party","DEM","Senate","S","Indiana","IN","00","INDIANAPOLIS","IN","46205","2024","18-JUL-23","2023","202307189583792329"
"P40014508","HOOK PHD., DR. LOUIS CHARLES DR. ADMIRAL","Federalist","FED","President","P","United States","00","00","BILOXI","MS","39530","2024","18-JUL-23","2023","202307189583792807"
"H4NY26060","SPEAKER, JAMES PAUL","Write-In","W","House","H","New York","NY","26","BUFFALO","NY","14212","2024","18-JUL-23","2023","202307189583816868"
"S4FL00587","EHR, PHILLIP","Democratic Party","DEM","Senate","S","Florida","FL","00","WASHINGTON","DC","20033","2024","17-JUL-23","2023","202307179583770103"
"H4CA18128","MILAN, LAWRENCE E","Democratic Party","DEM","House","H","California","CA","18","SAN JOSE","CA","95126","2024","17-JUL-23","2023","202307179583772364"
"P40014482","TURNER, DEANGELO","None","NNE","President","P","United States","00","00","SALEM","OR","97310","2024","17-JUL-23","2023","202307170300445479"
"S4WY00162","RASNER, REID","Republican Party","REP","Senate","S","Wyoming","WY","00","MILLS","WY","82644","2024","17-JUL-23","2023","202307179583774207"
"S4OH00200","LAROSE, FRANK","Republican Party","REP","Senate","S","Ohio","OH","00","COLUMBUS","OH","43215","2024","17-JUL-23","2023","202307179583764836"
"H4MD06290","ROYALS, TOM","Republican Party","REP","House","H","Maryland","MD","06","GERMANTOWN","MD","20875","2024","17-JUL-23","2023","202307179583767207"
"P60015591","MCGEE, ROBERT DERK","Republican Party","REP","President","P","United States","00","00","ANGIER","NC","27501","2024","17-JUL-23","2023","202307170300445602"
"H4NC12167","LEVINSON, ERIC L","Republican Party","REP","House","H","North Carolina","NC","12","DAVIDSON","NC","28036","2024","17-JUL-23","2023","202307170300445364"
"P40014458","JOHNSON, ALEXANDER","Republican Party","REP","President","P","United States","00","00","BRONX","NY","10452","2023","15-JUL-23","2023","202307159583720534"
"P40014466","WAITS, RAYLON LOYD","Republican Party","REP","President","P","United States","00","00","HILLSBORO","TX","76645","2024","15-JUL-23","2023","202307159583732896"
"P40014441","JONES, NATASHA DESAI MRS","Write-In","W","President","P","United States","00","00","BROOKLYN","NY","11217","2024","15-JUL-23","2023","202307159583524393"
"P40014474","WAITS, RAYLON LOYD","Republican Party","REP","President","P","United States","00","00","HILLSBORO","TX","76645","2024","15-JUL-23","2023","202307159583737705"
"H4TX02181","FILLER, PETER STEVEN","Democratic Party","DEM","House","H","Texas","TX","02","HOUSTON","TX","77068","2024","14-JUL-23","2023","202307149582575500"
"P40014391","JACKSON, E.W.","Republican Party","REP","President","P","United States","00","00","CHESAPEAKE","VA","23322","2024","14-JUL-23","2023","202307149582554532"
"H4GA01153","HEWITT, PATTI","Democratic Party","DEM","House","H","Georgia","GA","01","RICHMOND HILL","GA","31324","2024","14-JUL-23","2023","202307149582547834"
"H6OH13240","MORCKEL, RICHARD A.","GOP","GOP","House","H","Ohio","OH","13","AKRON","OH","44301","2024","14-JUL-23","2023","202307149582650128"
"P40014417","SIMMES, DAVID RICHARD MR. SR.","Non-Party","NON","President","P","United States","00","00","BERMUDA DUNES","CA","92203","2024","14-JUL-23","2023","202307149582723019"
"P40014425","JEROME, CHRISTOPHER","Independent American Party","IAP","President","P","United States","00","00","THONOTOSASSA","FL","33592","2024","14-JUL-23","2023","202307149582724973"
"H0CA07145","RICHARDSON, CHRIS","Green Party","GRE","House","H","California","CA","06","GOLD RIVER","CA","956707275","2024","14-JUL-23","2023","202307240300446792"
"H8OR02161","MCLEOD-SKINNER, JAMIE","Democratic Party","DEM","House","H","Oregon","OR","05","BEND","OR","97708","2024","14-JUL-23","2023","202307149582552333"
"P40014433","COATS, THOMAS L. MR","Independent","IND","President","P","United States","00","00","ROCKFORD","IL","61108","2024","14-JUL-23","2023","202307149582866737"
"H4MO02066","SMITH, WESLEY","Independent","IND","House","H","Missouri","MO","02","AFFTON","MO","63123","2024","13-JUL-23","2023","202307139582524904"
"P40014375","WARD, ROBERT LEWIS MR","Republican Party","REP","President","P","United States","00","00","LEESBURG","FL","34748","2024","13-JUL-23","2023","202307139582518168"
"H4TN06192","KENNEDY, JOHN PERKINS","Democratic Party","DEM","House","H","Tennessee","TN","06","NASHVILLE","TN","37216","2024","13-JUL-23","2023","202307139582537235"
"H0FL20112","JONES, LATERESA ANN","Republican Party","REP","House","H","Florida","FL","09","OCALA","FL","34477","2024","13-JUL-23","2023","202307139582539016"
"H4MI03250","ICKES, JASON","Republican Party","REP","House","H","Michigan","MI","03","GRANDVILLE","MI","49418","2024","13-JUL-23","2023","202307139582537123"
"H4NY22085","MANNION, JOHN W","Democratic Party","DEM","House","H","New York","NY","22","SYRACUSE","NY","13218","2024","13-JUL-23","2023","202307139582519364"
"H2AK01083","BEGICH, NICHOLAS III","Republican Party","REP","House","H","Alaska","AK","00","ANCHORAGE","AK","99530","2024","13-JUL-23","2023","202307139582520256"
"H4WI07145","DURANCEAU, ELSA","Democratic Party","DEM","House","H","Wisconsin","WI","07","MERRILL","WI","54452","2024","13-JUL-23","2023","202307139582520566"
"P40014409","THOMPSON, SYLVANIA","Independent","IND","President","P","United States","00","00","DELAND","FL","32720","2024","13-JUL-23","2023","202307140300445006"
"H2IL11264","HATHAWAY-ALTMAN, SUSAN","Republican Party","REP","House","H","Illinois","IL","11","GENEVA","IL","60134","2024","13-JUL-23","2023","202307139582517515"
"H4TX01100","FISHER, VICTOR LEONARD II","None","NNE","House","H","Texas","TX","01","DALLAS","TX","75241","2023","13-JUL-23","2023","202307139582517577"
"H4WA08147","SHETH, NIRAV","Republican Party","REP","House","H","Washington","WA","08","TACOMA","WA","98422","2024","12-JUL-23","2023","202307129582505102"
"H4CO08018","JAMES, SCOTT","Republican Party","REP","House","H","Colorado","CO","08","JOHNSTOWN","CO","80534","2024","12-JUL-23","2023","202307129582504251"
"H4KS03212","REDDY, PRASANTH DR.","Republican Party","REP","House","H","Kansas","KS","03","LENEXA","KS","66285","2024","12-JUL-23","2023","202307129582504085"
"H4IN03224","WISE, SCOTT","Republican Party","REP","House","H","Indiana","IN","03","COLUMBIA CITY","IN","46725","2024","12-JUL-23","2023","202307129582505703"
"P40014359","FARMS, WILLIAM","Independent","IND","President","P","United States","00","00","JEWETT","OH","43986","2024","12-JUL-23","2023","202307129582500050"
"P40014367","WOOD, KYLE JAMES","No Party Affiliation","NPA","President","P","Florida","FL","00","ST. PETERSBURG","FL","33711","2024","12-JUL-23","2023","202307129582500994"
"H4CA10109","PICCININI, KATHERINE","Republican Party","REP","House","H","California","CA","10","OAKLEY","CA","94561","2024","12-JUL-23","2023","202307129582516247"
"H4FL04050","ALVERO, ROBERT","Republican Party","REP","House","H","Florida","FL","04","ORANGE PARK","FL","32065","2024","12-JUL-23","2023","202307129582500031"
"H4NY03168","BEHAR, STEVE","Democratic Party","DEM","House","H","New York","NY","03","BAYSIDE","NY","11364","2024","12-JUL-23","2023","202307129582501720"
"S2FL00425","GRANDA, GRACE","Unknown","UNK","Senate","S","Florida","FL","00","BOCA RATON","FL","33429","2024","12-JUL-23","2023","202307120300444703"
"H4MO05358","BOWMAN, JOHN","Independent","IND","House","H","Missouri","MO","05","KANSAS CITY","MO","64156","2024","11-JUL-23","2023","202307119582497544"
"H4NY03150","LIVINGSTON, SCOTT","Democratic Party","DEM","House","H","New York","NY","03","UNIONDALE","NY","11556","2024","11-JUL-23","2023","202307119582497575"
"P60007226","JEWELL, EDWARD CARLTON, SR","Independent","IND","President","P","United States","00","00","MARION","IN","46953","2024","11-JUL-23","2023","202307110300444440"
"H2TX34113","FLORES, MAYRA NOHEMI","Republican Party","REP","House","H","Texas","TX","34","LOS INDIOS","TX","785670516","2024","11-JUL-23","2023","202307119582481615"
"H4TN06200","FOCHT, CYRIL JASON","Democratic Party","DEM","House","H","Tennessee","TN","06","COOKEVILLE","TN","38501","2024","11-JUL-23","2023","202307119582482108"
"H4TN05111","NIELSON, GEOFFREY STOKES","Republican Party","REP","House","H","Tennessee","TN","05","BRENTWOOD","TN","37027","2024","11-JUL-23","2023","202307119582482615"
"H4MD06282","MARTINEZ, TEKESHA","Democratic Party","DEM","House","H","Maryland","MD","06","HAGERSTOWN","MD","21741","2024","11-JUL-23","2023","202307119582482702"
"H4TX18146","BARNES, DARYL WAYNE MR","Democratic Party","DEM","House","H","Texas","TX","18","HOUSTON","TX","77073","2024","11-JUL-23","2023","202307119582482803"
"H4TX06232","BUFORD, JAMES","Republican Party","REP","House","H","Texas","TX","06","PALMER","TX","75152","2024","11-JUL-23","2023","202307119582483503"
"H4CA06164","MARTIN, MARSHALL","Republican Party","REP","House","H","California","CA","06","SACRAMENTO","CA","95865","2024","11-JUL-23","2023","202307119582483621"
"H2IL03162","RAMIREZ, DELIA","Democratic Party","DEM","House","H","Illinois","IL","03","CHICAGO","IL","60647","2024","11-JUL-23","2023","202307119582485745"
"H4CA31154","RUBIO, SUSAN","Democratic Party","DEM","House","H","California","CA","31","SACRAMENTO","CA","95841","2024","10-JUL-23","2023","202307110300444648"
"S2NV00308","BROWN, SAM","Republican Party","REP","Senate","S","Nevada","NV","00","LAS VEGAS","NV","89136","2024","10-JUL-23","2023","202307109582477223"
"S4TX00755","GUTIERREZ, ROLAND","Democratic Party","DEM","Senate","S","Texas","TX","00","SAN ANTONIO","TX","78201","2024","10-JUL-23","2023","202307109582465818"
"S4MI00553","HARPER, FRANK EUGENE HILL","Democratic Party","DEM","Senate","S","Michigan","MI","00","DETROIT","MI","48202","2024","10-JUL-23","2023","202307109582469947"
"H2PA07096","DELLICKER, KEVIN","Republican Party","REP","House","H","Pennsylvania","PA","07","GERMANSVILLE","PA","18053","2024","10-JUL-23","2023","202307109582469956"
"H2MT02092","TRANEL, MONICA","Democratic Party","DEM","House","H","Montana","MT","01","MISSOULA","MT","59807","2024","10-JUL-23","2023","202307109582470820"
"H4CA26162","KOSLOW, MICHAEL","Republican Party","REP","House","H","California","CA","26","WESTLAKE VILLAGE","CA","91359","2024","10-JUL-23","2023","202307109582470875"
"H4MD01168","OLUWADARE, BLESSING T","Democratic Party","DEM","House","H","Maryland","MD","01","EDGEWOOD","MD","21040","2024","10-JUL-23","2023","202307109582472141"
"H4CA06156","RIEHLE, RAYMOND A","Republican Party","REP","House","H","California","CA","06","ORANGEVALE","CA","95662","2024","10-JUL-23","2023","202307109582477513"
"H4OH01109","SONZA, ORLANDO","Republican Party","REP","House","H","Ohio","OH","01","CINCINNATI","OH","45208","2024","10-JUL-23","2023","202307109582479237"
"H4WI03169","COOKE, REBECCA","Democratic Party","DEM","House","H","Wisconsin","WI","03","EAU CLAIRE","WI","54702","2024","10-JUL-23","2023","202307109582470245"
"H4CO03324","WITHROW, ADAM JOSEPH","Democratic Party","DEM","House","H","Colorado","CO","03","PUEBLO","CO","81004","2024","09-JUL-23","2023","202307099582465448"
"H4CA52085","SUZARA, JEREMIAH ANGELES","Independent","IND","House","H","California","CA","52","CHULA VISTA","CA","91911","2024","09-JUL-23","2023","202307099582463648"
"P40014342","BARTELL, ELBERT ARTHUR","Independent","IND","President","P","United States","00","00","ATLANTA","GA","30309","2024","08-JUL-23","2023","202307089582463569"
"H4CA31147","MARTINEZ, DANIEL JOSE BOCIC MR. ESQ.","Republican Party","REP","House","H","California","CA","31","LA VERNE","CA","91750","2024","08-JUL-23","2023","202307089582463452"
"H0IL07167","COLLINS, KINA","Democratic Party","DEM","House","H","Illinois","IL","07","CHICAGO","IL","60699","2024","08-JUL-23","2023","202307089582463317"
"P40014383","SNIDER, TED","Republican Party","REP","President","P","United States","00","00","SEAGOVILLE","TX","751599000","2024","07-JUL-23","2023","202307130300444859"
"H2MI07123","BARRETT, THOMAS MORE","Republican Party","REP","House","H","Michigan","MI","07","LANSING","MI","48901","2024","07-JUL-23","2023","202307079582442225"
"P40014334","GRABEN, DAVID","Other","OTH","President","P","United States","00","00","CLARKSVILLE","TN","37043","2024","07-JUL-23","2023","202307079582448036"
"P40014326","LEE, KENDALL MICHELLE MS.","Unaffiliated","UN","President","P","United States","00","00","PASCAGOULA","MS","39567","2023","07-JUL-23","2023","202307079582444258"
"P40014300","MURPHY, STEPHEN PAUL JR.","Democratic Party","DEM","President","P","United States","00","00","VINCENNES","IN","47591","2024","07-JUL-23","2023","202307079582444106"
"H4GA07275","CRISWELL, JEFF","Republican Party","REP","House","H","Georgia","GA","07","ALPHARETTA","GA","30009","2024","06-JUL-23","2023","202307069582441782"
"H4CA10091","CHEN, NOLAN","Republican Party","REP","House","H","California","CA","10","WILTON","CA","95693","2024","06-JUL-23","2023","202307069582441831"
"S4WA00581","GARCIA, RAUL","Republican Party","REP","Senate","S","Washington","WA","00","SNOHOMISH","WA","98291","2024","06-JUL-23","2023","202307069582438578"
"H4SC05066","TEDDER, ELIZABETH","Independent","IND","House","H","South Carolina","SC","05","ROCK HILL","SC","29732","2024","06-JUL-23","2023","202307069582441882"
"S4IN00261","POTTS, KEITH","Democratic Party","DEM","Senate","S","Indiana","IN","00","INDIANAPOLIS","IN","46260","2024","06-JUL-23","2023","202307069582438802"
"H4GA06137","ABRAHAM, SHELLY JOHN","Democratic Party","DEM","House","H","Georgia","GA","06","DULUTH","GA","30096","2024","06-JUL-23","2023","202307069582441414"
"S4VA00353","CAO, HUNG","Republican Party","REP","Senate","S","Virginia","VA","00","PURCELLVILLE","VA","20134","2024","06-JUL-23","2023","202307069582441743"
"H4MN05097","GAD, SARAH","Democratic Party","DEM","House","H","Minnesota","MN","05","MINNEAPOLIS","MN","55411","2024","06-JUL-23","2023","202307069582438598"
"H4CA12204","MARKS, JOHN RYAN","Democratic Party","DEM","House","H","California","CA","12","OAKLAND","CA","94621","2024","05-JUL-23","2023","202307059582431439"
"S4MD00343","DEBERRY, SHAUNESI YVETTE","Independent","IND","Senate","S","Maryland","MD","00","ANNAPOLIS","MD","21401","2024","05-JUL-23","2023","202307059582438373"
"H4MI07210","HERTEL, CURTIS JR.","Democratic Party","DEM","House","H","Michigan","MI","07","LANSING","MI","48901","2024","05-JUL-23","2023","202307059582432116"
"H4GA03050","BENNETT, JIM MR","Republican Party","REP","House","H","Georgia","GA","03","BOWDON","GA","30108","2024","05-JUL-23","2023","202307059582432703"
"H2NE02132","VARGAS, ANTHONY 'TONY'","Democratic Party","DEM","House","H","Nebraska","NE","02","OMAHA","NE","68108","2024","05-JUL-23","2023","202307059582432737"
"H4IL11260","RASHID, QASIM","Democratic Party","DEM","House","H","Illinois","IL","11","NAPERVILLE","IL","60564","2024","05-JUL-23","2023","202307059582432772"
"P40014250","WRIGHT-MCDONALD, REECE MASTER","Libertarian Party","LIB","President","P","United States","00","00","BARROW IN FURNESS","NY","10001","2024","05-JUL-23","2023","202307059582432774"
"P40014276","FERRY, CHARLES GRIFFITH MR JR","Libertarian Party","LIB","President","P","New York","NY","00","CONSTANTIA","NY","13044","2024","05-JUL-23","2023","202307059582434564"
"H4FL11097","MCCLOY, JOHN","Republican Party","REP","House","H","Florida","FL","11","MOUNT DORA","FL","32757","2024","05-JUL-23","2023","202307059582434623"
"H4PA07100","MONTERO, MARIA","Republican Party","REP","House","H","Pennsylvania","PA","07","EASTON","PA","18044","2024","05-JUL-23","2023","202307059582434646"
"H4IN03216","ANDERSON, JO","Democratic Party","DEM","House","H","Indiana","IN","03","FORT WAYNE","IN","46802","2024","05-JUL-23","2023","202307059582435384"
"S4MS00195","EUBANKS, DAN","Republican Party","REP","Senate","S","Mississippi","MS","00","WALLS","MS","38680","2024","05-JUL-23","2023","202307059582435981"
"P40014284","WOOD, MICHAEL","Prohibition Party","NAP","President","P","United States","00","00","BIG COVE TANNERY","PA","17212","2024","05-JUL-23","2023","202307059582436001"
"H4NV03175","LONDON, STEVEN","Republican Party","REP","House","H","Nevada","NV","03","LAS VEGAS","NV","89134","2024","05-JUL-23","2023","202307059582436154"
"S2CT00264","FLYNN, JOHN J","Republican Party","REP","Senate","S","Connecticut","CT","00","NORWALK","CT","06854","2024","05-JUL-23","2023","202307110300444405"
"P40014318","MERRELL D.V.M., SCOTT PETERSON","Republican Party","REP","President","P","United States","00","00","NORWALK","CT","06854","2024","05-JUL-23","2023","202307070300444190"
"S4CA00712","ROSE, JOHN DAVID","Democratic Party","DEM","Senate","S","California","CA","00","SANTA ROSA","CA","95403","2024","05-JUL-23","2023","202307059582437789"
"H0NY17174","JONES, MONDAIRE","Democratic Party","DEM","House","H","New York","NY","17","SLEEPY HOLLOW","NY","10591","2024","05-JUL-23","2023","202307059582431486"
"S4MD00335","DEBERRY, SHAUNESI YVETTE","Independent","IND","Senate","S","Maryland","MD","00","ANNAPOLIS","MD","21401","2024","04-JUL-23","2023","202307049582431375"
"H4TX07149","OMORUYI, KENNETH EHIOSU","Republican Party","REP","House","H","Texas","TX","07","SUGAR LAND","TX","77478","2024","04-JUL-23","2023","202307049582430159"
"H4IL12078","BAILEY, DARREN","Republican Party","REP","House","H","Illinois","IL","12","XENIA","IL","62899","2024","04-JUL-23","2023","202307049582430497"
"P40014243","VASSAR, JASON","GOP","GOP","President","P","United States","00","00","SONORA","CA","95370","2024","04-JUL-23","2023","202307049582431228"
"P40014235","FARMS, WILLIAM","Republican Party","REP","President","P","United States","00","00","JEWETT","OH","43986","2024","04-JUL-23","2023","202307049582430525"
"H4RI01356","NOKA, BELLA","Democratic Party","DEM","House","H","Rhode Island","RI","01","PROVIDENCE","RI","02904","2023","04-JUL-23","2023","202307049582430534"
"H2IA04141","MELTON, RYAN MICHAEL APPLETON","Democratic Party","DEM","House","H","Iowa","IA","04","NEVADA","IA","50201","2024","04-JUL-23","2023","202307049582430511"
"H2NY24127","HOLDEN, STEVEN WESLEY SR.","Democratic Party","DEM","House","H","New York","NY","21","CAMILLUS","NY","13031","2024","03-JUL-23","2023","202307039582429081"
"H4TX23120","HERRERA, BRANDON","Republican Party","REP","House","H","Texas","TX","23","SAN ANTONIO","TX","78257","2024","03-JUL-23","2023","202307039582429158"
"H4IN03208","BUCHER, GRANT MR.","Republican Party","REP","House","H","Indiana","IN","03","FREMONT","IN","46737","2024","03-JUL-23","2023","202307039582429204"
"H4OH10175","HARBAUGH, MICHAEL ROBERT","Independent","IND","House","H","Ohio","OH","10","KETTERING","OH","45429","2024","03-JUL-23","2023","202307039582429366"
"H4NJ07115","SIGNORELLO, JOSEPH III","Democratic Party","DEM","House","H","New Jersey","NJ","07","SPRINGFIELD","NJ","07081","2024","03-JUL-23","2023","202307039582429966"
"H4TX31065","LATIMER, MACKENZIE","Republican Party","REP","House","H","Texas","TX","31","BELTON","TX","76513","2024","03-JUL-23","2023","202307039582429431"
"H4CA30271","ARREAGA, FRANCESCO","Democratic Party","DEM","House","H","California","CA","30","LOS ANGELES","CA","90029","2024","03-JUL-23","2023","202307039582429769"
"H2FL09277","MORALES, ADIANIS","Republican Party","REP","House","H","Florida","FL","09","ALEXANDRIA","VA","22314","2024","03-JUL-23","2023","202307039582429918"
"S4NM00159","LUNA, BENJAMIN RALPH #1728","Republican Party","REP","Senate","S","New Mexico","NM","00","ALAMOGORDO","NM","88311","2024","03-JUL-23","2023","202307039582429382"
"H4PA07100","MONTERO, MARIA","Republican Party","REP","House","H","Pennsylvania","PA","07","EASTON","PA","18044","2023","02-JUL-23","2023","202307029582428661"
"P40014227","STEINBERG, MICHAEL A MR.","Democratic Party","DEM","President","P","United States","00","00","TAMPA","FL","33634","2024","02-JUL-23","2023","202307029582428948"
"P40014219","BRANCH, KIMBERY JANUEL","Independence Party","IDP","President","P","United States","00","00","BALTIMORE","MD","21224","2024","02-JUL-23","2023","202307029582428794"
"H2IL06090","CONFORTI, NIKI","Republican Party","REP","House","H","Illinois","IL","06","WHEATON","IL","60187","2024","01-JUL-23","2023","202307019582428023"
"S4MT00183","SHEEHY, TIM","Republican Party","REP","Senate","S","Montana","MT","00","HELENA","MT","59604","2024","01-JUL-23","2023","202307019582427729"
"S4NJ00433","CUPPLES, KEVIN","Democratic Party","DEM","Senate","S","New Jersey","NJ","00","BRICK TOWNSHIP","NJ","08724","2024","01-JUL-23","2023","202307019582427734"
"H4CA34083","KIM, DAVID","Democratic Party","DEM","House","H","California","CA","34","LOS ANGELES","CA","90017","2024","01-JUL-23","2023","202307019582428326"
"S4IN00253","RUST, JOHN","Republican Party","REP","Senate","S","Indiana","IN","00","SEYMOUR","IN","47274","2024","01-JUL-23","2023","202307019582427770"
"H4IL07201","MARSHALL, KOURI MR.","Democratic Party","DEM","House","H","Illinois","IL","07","CHICAGO","IL","60602","2024","01-JUL-23","2023","202307019582427780"
"P40014201","BOUSKA, SNOOKS","Unaffiliated","UN","President","P","United States","00","00","HIAWATHA","IA","52233","2024","01-JUL-23","2023","202307019582427746"
"H4CA10083","JALIS, MUSA","Republican Party","REP","House","H","California","CA","10","SAN RAMON","CA","94583","2024","30-JUN-23","2023","202306300300443875"
"P40014177","HERRING, ANGELA MARIE MS.","Republican Party","REP","President","P","United States","00","00","WASHINGTON","DC","20016","2024","30-JUN-23","2023","202306309582427338"
"S4TX00748","KEOUGH, STEVE","Democratic Party","DEM","Senate","S","Texas","TX","00","SAN ANTONIO","TX","78240","2023","30-JUN-23","2023","202306309582427639"
"P40014185","CLARK, LANDRUS STEVEN MR","Other","OTH","President","P","United States","00","00","VIEW PARK","CA","90043","2024","30-JUN-23","2023","202306309582427638"
"H4RI01349","MUNDY, GREGORY LYMAN MR.","Democratic Party","DEM","House","H","Rhode Island","RI","01","PROVIDENCE","RI","02906","2023","30-JUN-23","2023","202306309582427456"
"P40014268","MILLUS, TIMOTHY R","None","NNE","President","P","United States","00","00","AUBURN","WA","98092","2024","29-JUN-23","2023","202307050300443989"
"H4CA39066","SERPA, DAVID","Republican Party","REP","House","H","California","CA","39","WINCHESTER","CA","925969173","2024","29-JUN-23","2023","202307050300444058"
"P40014169","GILDON II, DENNIS","Independent","IND","President","P","United States","00","00","HOUSTON","TX","77053","2024","29-JUN-23","2023","202306290300443830"
"H4FL13176","LICCIONE, JOHN","Democratic Party","DEM","House","H","Florida","FL","13","SOUTH PASADENA","FL","33707","2024","29-JUN-23","2023","202306299582426335"
"P40014151","RILEY, PATRICK","Republican Party","REP","President","P","United States","00","00","KILLEEN","TX","76543","2024","29-JUN-23","2023","202306299582425873"
"P60005121","ALLEN-REESE, POGO MOCHELLO MR","Republican Party","REP","President","P","United States","00","00","HOUSTON","TX","77065","2024","29-JUN-23","2023","202306299582425918"
"S4CA00704","ROSE, JOHN DAVID","Democratic Party","DEM","Senate","S","California","CA","00","SANTA ROSA","CA","95403","2024","29-JUN-23","2023","202306299582425871"
"P40014136","WILKERSON, TERRY LEE","Write-In","W","President","P","United States","00","00","UPPER DARBY","PA","19082","2024","28-JUN-23","2023","202306289582399923"
"P40014144","PARKINSON, ANN","Democratic Party","DEM","President","P","United States","00","00","OCEANSIDE","CA","92057","2024","28-JUN-23","2023","202306280300443805"
"H4MD05201","CROOMS, ANDREA LYNN","Democratic Party","DEM","House","H","Maryland","MD","05","UPPER MARLBORO","MD","20772","2024","28-JUN-23","2023","202306289582425780"
"S4NM00142","WRIGHT-MCDONALD, REECE MASTER MASTER","Republican Party","REP","Senate","S","New Mexico","NM","00","BARROW-IN-FURNESS","NM","87121","2024","27-JUN-23","2023","202306279582392913"
"H4NY17150","CARR, MARYANN","Democratic Party","DEM","House","H","New York","NY","17","BEDFORD HILLS","CA","10507","2024","27-JUN-23","2023","202306279582392914"
"P40014128","CARR, MICHAEL BENJAMIN MR NONE","Progressive Party","PRO","President","P","Texas","TX","00","SAN ANTONIO","TX","78218","2024","27-JUN-23","2023","202306279582396488"
"P40014110","MARRS, DAMON FOSTER","Republican Party","REP","President","P","United States","00","00","BIG SPRING","TX","79720","2024","27-JUN-23","2023","202306279582395535"
"H4TX32113","BUTCHER, CALLIE","Democratic Party","DEM","House","H","Texas","TX","32","DALLAS","TX","75214","2024","27-JUN-23","2023","202306279582396320"
"P40014102","JAMES, THOMAS SALZILLO","Write-In","W","President","P","United States","00","00","RALEIGH","NC","27603","2024","27-JUN-23","2023","202306279582392977"
"P40014078","SANDOVAL, ANTHONY JASON","PRE","PRE","President","P","United States","00","00","ULYSESS","KS","67880","2024","26-JUN-23","2023","202306260300443730"
"P00002592","BENTLEY, THOMAS A","Republican Party","REP","President","P","United States","00","00","WHITNEY","TX","76692","2024","26-JUN-23","2023","202306260300443754"
"H4DE00045","MCBRIDE, SARAH ELIZABETH","Democratic Party","DEM","House","H","Delaware","DE","00","WILMINGTON","DE","19899","2024","26-JUN-23","2023","202306269582375683"
"H4FL16179","SPEIR, JASON EDWARD","Republican Party","REP","House","H","Florida","FL","16","BRADENTON","FL","34210","2024","26-JUN-23","2023","202306269582375695"
"P40014060","HALL JR, ADRIAN MAURICE","Democratic Party","DEM","President","P","United States","00","00","PARKTON","NC","28371","2024","26-JUN-23","2023","202306260300443657"
"H4OR05304","BYNUM, JANELLE","Democratic Party","DEM","House","H","Oregon","OR","05","CLACKAMAS","OR","97015","2024","26-JUN-23","2023","202306269582375948"
"H0MD06231","PARROTT, NEIL CONRAD MR.","Republican Party","REP","House","H","Maryland","MD","06","HAGERSTOWN","MD","21742","2024","26-JUN-23","2023","202306269582376157"
"P40014094","PATSY, ADAM ZANE","Unaffiliated","UN","President","P","United States","00","00","ACME","PA","15610","2024","26-JUN-23","2023","202306269582376232"
"H4NY03143","NAPPO, MATTHEW J MR.","Unaffiliated","UN","House","H","New York","NY","03","SHOREHAM","NY","11786","2024","26-JUN-23","2023","202306269582375886"
"H4PA14080","BACH, KENNETH JAMES MR.","Democratic Party","DEM","House","H","Pennsylvania","PA","14","SMITHTON","PA","15479","2024","25-JUN-23","2023","202306259582375503"
"H4RI01331","LEBON, PAUL MR","Democratic Party","DEM","House","H","Rhode Island","RI","01","WOONSOCKET","RI","02895","2023","25-JUN-23","2023","202306259582375497"
"P40014052","212 N HALF  W. JOHN, RODNEY HOWARD MR.","Independent","IND","President","P","United States","00","00","INDEPENDENT","IL","61820","2024","24-JUN-23","2023","202306249582375443"
"H4CA01124","VITELA, ALBERT MR. JR","Democratic Party","DEM","House","H","California","CA","01","LOS ANGELES","CA","90006","2023","24-JUN-23","2023","202306249582375490"
"H4GA12051","YU, EUGENE CHIN MR.","Republican Party","REP","House","H","Georgia","GA","07","DULUTH","GA","30096","2024","23-JUN-23","2023","202306239582375010"
"S4PA00261","WIDMANN, CORY JAMES","Republican Party","REP","Senate","S","Pennsylvania","PA","00","MECHANICSBURG","PA","17055","2024","23-JUN-23","2023","202306239582374910"
"P40014045","MARZANO, FRANCIS JOHN 5165215878","Republican Party","REP","President","P","United States","00","00","OLD WESTBURY","NY","11568","2024","23-JUN-23","2023","202306239582374909"
"H4FL14109","PERRY, NEELAM TANEJA DR","Republican Party","REP","House","H","Florida","FL","14","CLEARWATER","FL","33755","2024","23-JUN-23","2023","202306239582375210"
"P40014029","ESKELSON, AMANDA CATHERINE","Democratic Party","DEM","President","P","United States","00","00","ANOKA","MN","553038989","2024","22-JUN-23","2023","202306220300443541"
"P60003175","KALEMKARIAN, TIMOTHY CHARLES","Republican Party","REP","President","P","United States","00","00","WESTLAKE VILLAGE","CA","913593272","2024","22-JUN-23","2023","202306220300443554"
"H4CO02136","DE AQUINO SIRIANNI, CYNTHIA MUNHOS","Other","OTH","House","H","Colorado","CO","02","BOULDER","CO","80303","2024","22-JUN-23","2023","202306220300443528"
"P40014003","FARMS, WILLIAM","Democratic Party","DEM","President","P","United States","00","00","JEWETT","OH","43986","2024","22-JUN-23","2023","202306229582372345"
"H2NJ03316","SOBOCINSKI, GREGORY","Republican Party","REP","House","H","New Jersey","NJ","03","BORDENTOWN","NJ","08505","2024","22-JUN-23","2023","202306229582374908"
"H4TX32105","FELDER, KEVIN COUNCILMAN","Democratic Party","DEM","House","H","Texas","TX","32","DALLAS","TX","75357","2024","22-JUN-23","2023","202306229582372379"
"H4UT02254","EDWARDS, BECKY","Republican Party","REP","House","H","Utah","UT","02","ALEXANDRIA","VA","22313","2023","22-JUN-23","2023","202306229582374659"
"S2FL00581","GRAYSON, ALAN MARK","Democratic Party","DEM","Senate","S","Florida","FL","00","ORLANDO","FL","328352558","2024","22-JUN-23","2023","202306229582374684"
"P40014011","HURD, WILLIAM","Republican Party","REP","President","P","United States","00","00","ARLINGTON","VA","22216","2024","22-JUN-23","2023","202306229582372361"
"H4TX32097","KHAN, GULREZ","Republican Party","REP","House","H","Texas","TX","32","LUBBOCK","TX","79414","2024","21-JUN-23","2023","202306219582371938"
"P40013989","NOONAN, MICHAEL","Democratic Party","DEM","President","P","United States","00","00","BRONX","NY","10463","2024","21-JUN-23","2023","202306219582372328"
"P40013997","ANDERSON, PATRICK DARNELL","None","NNE","President","P","United States","00","00","MIDWAY","GA","31320","2024","21-JUN-23","2023","202306219582372333"
"P40013971","JONES, TUROK","Unaffiliated","UN","President","P","North Carolina","NC","00","HIGH POINT","NC","27260","2024","21-JUN-23","2023","202306219582370583"
"S4NE00199","THEOBALD, PAUL","Democratic Party","DEM","Senate","S","Nebraska","NE","00","ELKHORN","NE","68022","2024","21-JUN-23","2023","202306219582370418"
"H4MD06266","WEST, DESTINY DRAKE","Democratic Party","DEM","House","H","Maryland","MD","06","GERMANTOWN","MD","20874","2024","21-JUN-23","2023","202306219582370455"
"H4NJ02207","SALERNO, JOE","Democratic Party","DEM","House","H","New Jersey","NJ","02","NORTH CAPE MAY","NJ","08204","2024","21-JUN-23","2023","202306219582370525"
"P40013955","AYALA, ROBERT CARLOS","Democratic Party","DEM","President","P","United States","00","00","PENFIELD","NY","14526","2024","21-JUN-23","2023","202306219582370193"
"P40014086","CATANESE, PAUL","Independent","IND","President","P","United States","00","00","WICHITA","KS","67211","2024","20-JUN-23","2023","202306260300443742"
"S4DE00060","BLUNT ROCHESTER, LISA","Democratic Party","DEM","Senate","S","Delaware","DE","00","WILMINGTON","DE","19809","2024","20-JUN-23","2023","202306209582369615"
"P40013930","GOLLAHER, GEORGE","Republican Party","REP","President","P","United States","00","00","ODESSA","TX","79769","2024","20-JUN-23","2023","202306200300443393"
"H0WI06194","WASHBURN, AMY IRENE MS.","Democratic Party","DEM","House","H","Wisconsin","WI","06","SHEBOYGAN","WI","53081","2024","20-JUN-23","2023","202306209582349263"
"H4MD06258","HYSER, CHRIS","Republican Party","REP","House","H","Maryland","MD","06","SMITHSBURG","MD","21783","2024","20-JUN-23","2023","202306209582208354"
"H4CA47150","SCHAEFER, MIKE","Democratic Party","DEM","House","H","California","CA","47","LA JOLLA","CA","92037","2024","20-JUN-23","2023","202306209582308201"
"H4IN05195","MAHANT, SIDDHARTH","Republican Party","REP","House","H","Indiana","IN","05","NOBLESVILLE","IN","46060","2024","20-JUN-23","2023","202306209582320955"
"P40013922","IRVING, SHONDRA Y","Independent","IND","President","P","Texas","TX","00","PEARLAND","TX","77584","2024","20-JUN-23","2023","202306209582206038"
"P40013906","SUP-BYRD, MORGAN ELYSE MOTHER","Write-In","W","President","P","United States","00","00","SARASOTA","FL","34234","2023","19-JUN-23","2023","202306199582187609"
"P40013914","ANDERSON, PATRICK DARNELL MR","Unknown","UNK","President","P","United States","00","00","MIDWAY","GA","31320","2024","19-JUN-23","2023","202306199582205698"
"H4TX18138","EDWARDS, AMANDA","Democratic Party","DEM","House","H","Texas","TX","18","HOUSTON","TX","77288","2024","19-JUN-23","2023","202306199582188214"
"H4UT02320","HOSTER, BILL","Republican Party","REP","House","H","Utah","UT","02","LEEDS","UT","84746","2023","19-JUN-23","2023","202306199582188114"
"H4MI09117","JOWSKE, JEFFREY","Republican Party","REP","House","H","Michigan","MI","09","LAKEPORT","MI","48059","2024","18-JUN-23","2023","202306189582175826"
"P40013898","MARRS, DAMON FOSTER","Write-In","W","President","P","United States","00","00","BIG SPRING","TX","79720","2024","18-JUN-23","2023","202306189582175829"
"H4FL01189","JENNINGS, TODD EDWARD","Republican Party","REP","House","H","Florida","FL","01","ORLANDO","FL","32817","2024","18-JUN-23","2023","202306189582175830"
"S4TX00730","MARKLAND, MONTGOMERY LEE","Republican Party","REP","Senate","S","Texas","TX","00","DALLAS","TX","75209","2024","18-JUN-23","2023","202306189582187608"
"P40013872","KHALI, KRYSTAL","Write-In","W","President","P","United States","00","00","SAN ANTONIO","TX","78240","2024","18-JUN-23","2023","202306189582175383"
"P40013880","ESPEUT, DALTON RALSTON DR","Republican Party","REP","President","P","United States","00","00","SUNRISE","FL","33322","2024","18-JUN-23","2023","202306189582175384"
"H4MS03066","RIOS, ANGEL ANTHONY MR.","Democratic Party","DEM","House","H","Mississippi","MS","03","STARKVILLE","MS","39759","2024","18-JUN-23","2023","202306189582175378"
"P40013864","KUHNS, DANIEL TOBY MR.","Republican Party","REP","President","P","Ohio","OH","00","NEW PHILADELPHIA","OH","44663","2024","17-JUN-23","2023","202306179582175355"
"H4CA39058","COREY, GENE RAYMOND ILL","Republican Party","REP","House","H","California","CA","39","BREA","CA","92821","2024","17-JUN-23","2023","202306179582174612"
"H3UT02017","HATFIELD JR, SCOTT ALLEN","Republican Party","REP","House","H","Utah","UT","02","HERRIMAN","UT","84096","2023","17-JUN-23","2023","202306200300443440"
"P40013856","RATHBUN, TYLER","Unaffiliated","UN","President","P","North Carolina","NC","00","HIGH POINT","NC","27260","2024","17-JUN-23","2023","202306179582174938"
"H2TX05253","TORRES, RUTH MS.","Democratic Party","DEM","House","H","Texas","TX","05","DALLAS","TX","75227","2024","17-JUN-23","2023","202306179582174613"
"H4IL11252","MARTIN, ALEC CHRISTIAN","Republican Party","REP","House","H","Illinois","IL","11","ISLAND LAKE","IL","60042","2024","16-JUN-23","2023","202306169582160506"
"P40013849","GOLD, JARET","Independent","IND","President","P","United States","00","00","WESTFIELD","NJ","07090","2024","16-JUN-23","2023","202306169582169172"
"H4MD06241","THIAM, BRENDA J DR.","Republican Party","REP","House","H","Maryland","MD","06","HAGERSTOWN","MD","21740","2024","16-JUN-23","2023","202306169582166377"
"P40013823","TANNER, MALCOLM","No Party Affiliation","NPA","President","P","United States","00","00","SOUTH BEND","IN","46628","2024","16-JUN-23","2023","202306169582163767"
"P40013773","SHARPE, DEBORAH","Democratic Party","DEM","President","P","United States","00","00","SANTA CLARA","CA","95050","2024","15-JUN-23","2023","202306150300443287"
"H4TX32089","JOHNSON, JULIE","Democratic Party","DEM","House","H","Texas","TX","32","DALLAS","TX","75380","2024","15-JUN-23","2023","202306159582152161"
"H4UT02312","HOUGH, BRUCE","Republican Party","REP","House","H","Utah","UT","02","SALT LAKE CITY","UT","84111","2023","15-JUN-23","2023","202306159582153461"
"P40013815","LARSON, DANIEL ROBERT MR","Write-In","W","President","P","United States","00","00","DENVER","CO","80229","2024","15-JUN-23","2023","202306159582159717"
"P40013781","BROWN, DANIEL CLIFFORD","None","NNE","President","P","United States","00","00","PORTLAND,TEXAS","TX","78374","2024","15-JUN-23","2023","202306159582158140"
"P40013799","HICKS, LINDA JOYCE MS","Democratic Party","DEM","President","P","United States","00","00","HOUSTON","TX","77082","2023","15-JUN-23","2023","202306159582159650"
"P40013807","SHOUP, JAMES ARTHUR MR III","Independent","IND","President","P","United States","00","00","DEMING","NM","88030","2024","15-JUN-23","2023","202306159582159670"
"S4CA00696","REESE, LEXI","Democratic Party","DEM","Senate","S","California","CA","00","WOODSIDE","CA","94062","2024","15-JUN-23","2023","202306159582153463"
"H4PA04123","BONNETT, ERIK","Democratic Party","DEM","House","H","Pennsylvania","PA","04","BLANDON","PA","19510","2024","14-JUN-23","2023","202306149582151077"
"P40013740","VAUGHT, NATHAN J SFC JR","Libertarian Party","LIB","President","P","United States","00","00","TEMPLE","TX","76502","2024","14-JUN-23","2023","202306149582147262"
"P40013757","SUMMERS, ALLAN CHANNEY MR.","Democratic Party","DEM","President","P","United States","00","00","CINCINNATI","OH","45213","2024","14-JUN-23","2023","202306149582147532"
"H4UT02304","RIEBE, KATHLEEN","Democratic Party","DEM","House","H","Utah","UT","02","COTTONWOOD HEIGHTS","UT","84093","2023","14-JUN-23","2023","202306149582150731"
"H4CA31139","LUTZ, MARY ANN","Democratic Party","DEM","House","H","California","CA","31","MONROVIA","CA","91016","2024","14-JUN-23","2023","202306149582148505"
"H4FL10123","WHITE, VIBERT DR","Democratic Party","DEM","House","H","Florida","FL","10","ORLANDO","FL","32807","2024","14-JUN-23","2023","202306149582148628"
"P40013765","SUAREZ, FRANCIS X.","Republican Party","REP","President","P","United States","00","00","BETHESDA","MD","20824","2024","14-JUN-23","2023","202306149582150725"
"S4VA00346","RUSZNAK, CSABA MENEZES MR. JR.","Independent","IND","Senate","S","Virginia","VA","00","ALEXANDRIA","VA","22314","2024","14-JUN-23","2023","202306149582148105"
"P40013708","WEST, CORNEL","People'S Party","PPY","President","P","United States","00","00","VIENNA","VA","22182","2024","13-JUN-23","2023","202306130300443158"
"H4GA14040","CASH, TAMBREI","Democratic Party","DEM","House","H","Georgia","GA","14","POWDER SPRINGS","GA","30127","2024","13-JUN-23","2023","202306139582146258"
"H4NY01121","STEWART, DARRION","Republican Party","REP","House","H","New York","NY","01","BROOKLYN","NY","11236","2024","13-JUN-23","2023","202306139582142929"
"P40013690","HENDRICK, SAMANTHA","Independent","IND","President","P","United States","00","00","YPSILANTI","MI","48198","2024","13-JUN-23","2023","202306139582143430"
"P40013732","KLESKI, PHILLIP BRYAN","Democratic Party","DEM","President","P","United States","00","00","PALMDALE","CA","93551","2024","13-JUN-23","2023","202306139582146380"
"P40013716","BUKOVINAC, TERRISA LIN","Democratic Party","DEM","President","P","United States","00","00","ARLINGTON","VA","22204","2024","13-JUN-23","2023","202306139582146128"
"H4FL16161","SCHNEIDER, JAN","Democratic Party","DEM","House","H","Florida","FL","16","SARASOTA","FL","34236","2024","13-JUN-23","2023","202306139582146245"
"P40013724","SONSKI, PETER","Other","OTH","President","P","United States","00","00","HIGGANUM","CT","06441","2024","13-JUN-23","2023","202306139582146259"
"P00015271","WILLIAMS JR, ANDY HOPE","Other","OTH","President","P","United States","00","00","WESTMONT","IL","60559","2024","13-JUN-23","2023","202306139582146261"
"S4CA00688","INAM, ZAFAR","Democratic Party","DEM","Senate","S","California","CA","00","ONTARIO","CA","91761","2024","13-JUN-23","2023","202306139582143927"
"P40013674","CYR, TIMOTHY JOSEPH","Independent","IND","President","P","United States","00","00","GALLATIN","TN","37066","2024","12-JUN-23","2023","202306120300443149"
"P40013666","SUNDERBRUCH, NICHOLAS TYLER MX.","Communist Party","COM","President","P","United States","00","00","KOKOMO","IN","46901","2023","12-JUN-23","2023","202306129581782026"
"H4ME01152","PIANTIDOSI, ANDREW","Republican Party","REP","House","H","Maine","ME","01","PORTLAND","ME","04104","2024","12-JUN-23","2023","202306129581782054"
"S4MI00546","TAYLOR, ALEXANDRIA J.","Republican Party","REP","Senate","S","Michigan","MI","00","ROMULUS","MI","48174","2024","12-JUN-23","2023","202306129581782174"
"H4UT02288","EYRING, HENRY CHRISTIAN","Republican Party","REP","House","H","Utah","UT","02","SALT LAKE CITY","UT","84104","2023","12-JUN-23","2023","202306129581782303"
"H4TX23112","CIAPPA, ROCCO","Democratic Party","DEM","House","H","Texas","TX","23","SAN ANTONIO","TX","78247","2024","12-JUN-23","2023","202306129582142353"
"H4CA24191","COLE, THOMAS DR","Republican Party","REP","House","H","California","CA","24","SANTA BARBARA","CA","93108","2024","12-JUN-23","2023","202306129581782714"
"H4UT02296","MALOY, CELESTE","Republican Party","REP","House","H","Utah","UT","02","CEDAR CITY","UT","84721","2023","12-JUN-23","2023","202306129581782773"
"P40013682","HENRY, RUSSELL","Republican Party","REP","President","P","United States","00","00","PHOENIX","AZ","85032","2024","12-JUN-23","2023","202306129581783161"
"P20003349","JORDAN, ROBERT","Democratic Party","DEM","President","P","United States","00","00","GARDEN GROVE","CA","928433041","2024","12-JUN-23","2023","202306130300443163"
"S4FL00579","STERN, EVERETT","Democratic Party","DEM","Senate","S","Florida","FL","00","SAINT AUGUSTINE","FL","32084","2024","12-JUN-23","2023","202306129581782668"
"H4GA02102","HAND, CHUCK","Republican Party","REP","House","H","Georgia","GA","02","BUTLER","GA","31006","2024","11-JUN-23","2023","202306119581782005"
"S4IN00246","KENT, RICHARD ALLEN REV","Independent","IND","Senate","S","Indiana","IN","00","LEBANON","IN","46052","2024","11-JUN-23","2023","202306119581781966"
"P40013641","MARRS, DAMON FOSTER","Write-In","W","President","P","United States","00","00","BIG SPRING","TX","79720","2023","10-JUN-23","2023","202306109581781509"
"P40013625","MARTINEC, BENJAMIN SCOTT","WIN","WIN","President","P","United States","00","00","CARROLLTON","TX","75006","2024","09-JUN-23","2023","202306099581779636"
"P40013633","LAPORTE, CHASE","Republican Party","REP","President","P","United States","00","00","DERBY","KS","67037","2024","09-JUN-23","2023","202306099581781488"
"S4MA00309","ETIQUE, REBEKAH","Republican Party","REP","Senate","S","Massachusetts","MA","00","LEICESTER","MA","01524","2023","09-JUN-23","2023","202306099581780103"
"H4IL10080","MINK, AUSTIN JAMES MR.","Democratic Party","DEM","House","H","Illinois","IL","10","WINTHROP HARBOR","IL","60096","2024","08-JUN-23","2023","202306089581779613"
"P40013609","WILSON, BRIAN LEE","Independent","IND","President","P","United States","00","00","LAKE CITY","FL","32025","2024","08-JUN-23","2023","202306089581779620"
"P40013617","BECKER, ROBERT MICHAEL MR","Democratic Party","DEM","President","P","United States","00","00","LAS VEGAS","NV","89128","2024","08-JUN-23","2023","202306089581779635"
"H4UT02262","HUGHES, GREGORY HOLDEN","Republican Party","REP","House","H","Utah","UT","02","SALT LAKE CITY","UT","84124","2024","08-JUN-23","2023","202306089581775972"
"P40013575","MANALAKOS, ANTHONY MR.","Democratic Party","DEM","President","P","Ohio","OH","00","MASSILLON","OH","44646","2024","08-JUN-23","2023","202306089581775973"
"P40013583","KENT, RICHARD ALLEN REVERAND","Independent","IND","President","P","United States","00","00","LEBANON","IN","46052","2024","08-JUN-23","2023","202306089581777174"
"P40013591","BODDIE, PRESIDENT R19","Democratic Party","DEM","President","P","United States","00","00","DECATUR","GA","30034","2024","08-JUN-23","2023","202306089581777406"
"H4OR05296","PETERSON, LYNN","Democratic Party","DEM","House","H","Oregon","OR","05","LAKE OSWEGO","OR","97034","2024","08-JUN-23","2023","202306089581778884"
"S4FL00579","STERN, EVERETT","Democratic Party","DEM","Senate","S","Florida","FL","00","SAINT AUGUSTINE","FL","32084","2023","08-JUN-23","2023","202306089581778941"
"H0UT02252","JENSEN, TYRONE","Republican Party","REP","House","H","Utah","UT","02","RICHFIELD","UT","84701","2024","08-JUN-23","2023","202306089581777404"
"P00003814","MALONE, YEHANNA JOAN M M","Republican Party","REP","President","P","United States","00","00","WASHINGTON","DC","20002","2024","08-JUN-23","2023","202306080300443081"
"H2CA02241","COULOMBE, CHRIS MR","Republican Party","REP","House","H","California","CA","02","SANTA ROSA","CA","95403","2024","08-JUN-23","2023","202306089581775763"
"P40013518","BURGUM, DOUG","Republican Party","REP","President","P","United States","00","00","ATHENS","GA","30605","2024","07-JUN-23","2023","202306079581747634"
"P40013500","CHARLES, CELINA MAY","Democratic Party","DEM","President","P","United States","00","00","BAYTOWN","TX","77521","2024","07-JUN-23","2023","202306079581747628"
"P40013492","BUZARD, CLIFFORD STANLEY MR JR","Independent","IND","President","P","United States","00","00","PHOENIX","AZ","85029","2024","07-JUN-23","2023","202306079581747623"
"H4AZ02176","BOWE, LINDSAY","Democratic Party","DEM","House","H","Arizona","AZ","02","PRESCOTT","AZ","86301","2024","07-JUN-23","2023","202306079581748722"
"S4NY00347","FOTI, DANIEL PETER MR.","Democratic Party","DEM","Senate","S","New York","NY","00","EAST SETAUKET","NY","11733","2024","07-JUN-23","2023","202306079581748723"
"P40013526","CAMPBELL, BRANDON LEE MR","Republican Party","REP","President","P","United States","00","00","PONCHATOULA","LA","70454","2024","07-JUN-23","2023","202306079581747648"
"P40013542","COMER, CHARLES DONALD","Independent","IND","President","P","Alabama","AL","00","MOUNTAIN BROOK","AL","35223","2024","07-JUN-23","2023","202306079581774526"
"H2IN06304","WIRTH, CYNTHIA","Democratic Party","DEM","House","H","Indiana","IN","06","COLUMBUS","IN","47201","2024","07-JUN-23","2023","202306079581774520"
"P40013534","DAMMS, JOHN","Independent","IND","President","P","United States","00","00","KUTZTOWN","PA","19530","2024","07-JUN-23","2023","202306079581747969"
"H8IL16153","MARTER, JAMES THOMAS","Republican Party","REP","House","H","Illinois","IL","14","OSWEGO","IL","60543","2024","07-JUN-23","2023","202306079581775510"
"H4RI01323","LEONARD, GERRY W JR","Republican Party","REP","House","H","Rhode Island","RI","01","JAMESTOWN","RI","02835","2023","07-JUN-23","2023","202306079581747843"
"H4TN06192","KENNEDY, JOHN PERKINS","Democratic Party","DEM","House","H","Tennessee","TN","06","NASHVILLE","TN","37216","2023","07-JUN-23","2023","202306079581774533"
"P40013559","NABOZNY, DENNIS JAMES","American Independent Party","AIP","President","P","United States","00","00","PLOVER","WI","54467","2024","07-JUN-23","2023","202306079581774531"
"S4MO00250","BELL, WESLEY","Democratic Party","DEM","Senate","S","Missouri","MO","00","ST LOUIS","MO","63105","2024","07-JUN-23","2023","202306079581774480"
"P60008521","CHRISTIE, CHRIS","Republican Party","REP","President","P","United States","00","00","JERSEY CITY","NJ","07310","2024","06-JUN-23","2023","202306069581746370"
"P40013484","CHAVEZ, RICK (NMI) DR.","Democratic Party","DEM","President","P","United States","00","00","ROLLING HILLS ESTATES","CA","95274","2024","06-JUN-23","2023","202306069581747263"
"H4CA51111","RODRIGUEZ, SAUL ALEJANDRO","Democratic Party","DEM","House","H","California","CA","51","SAN DIEGO","CA","92110","2024","06-JUN-23","2023","202306069581747609"
"H4NC01129","VON CANON, FRED","Republican Party","REP","House","H","North Carolina","NC","01","RALEIGH","NC","27624","2024","06-JUN-23","2023","202306069581741963"
"H4FL08119","MCDOW, DANIEL","Democratic Party","DEM","House","H","Florida","FL","08","WEST MELBOURNE","FL","32904","2024","06-JUN-23","2023","202306069581741925"
"H4KS03204","CRNKOVICH, KAREN","Republican Party","REP","House","H","Kansas","KS","03","OVERLAND PARK","KS","66209","2024","06-JUN-23","2023","202306069581741164"
"P40013450","BAX, TIMOTHY","US","US","President","P","United States","00","00","LANSING","MI","48911","2024","06-JUN-23","2023","202306069581740946"
"P40013468","SAWYER, BRADLEY ARTHUR","None","NNE","President","P","United States","00","00","HILO","HI","96720","2024","06-JUN-23","2023","202306060300443032"
"H2TX12093","RECTOR, CHRISTOPHER","Democratic Party","DEM","House","H","Texas","TX","25","FORT WORTH","TX","76116","2024","06-JUN-23","2023","202306069581746436"
"P40013443","ADAMS EDWARDS, RACHEL AZELL DR.","Other","OTH","President","P","United States","00","00","HOUSTON","TX","77048","2024","05-JUN-23","2023","202306059581739878"
"P80002975","IMPERATO, DANIEL J","Independent","IND","President","P","United States","00","00","WEST PALM BEACH","FL","","2024","05-JUN-23","2023","202306050300443014"
"P00010652","FONT, DR JOSE","Democratic Party","DEM","President","P","United States","00","00","WASHINGTON ","DC","20005","2024","05-JUN-23","2023","202306050300443027"
"P40013435","PENCE, MIKE","Republican Party","REP","President","P","United States","00","00","CARMEL","IN","46290","2024","05-JUN-23","2023","202306059581702158"
"H2UT04106","WALKER, JANUARY","Other","OTH","House","H","Utah","UT","04","SALT LAKE CITY","UT","84125","2024","05-JUN-23","2023","202306059581739879"
"H4AZ01236","BURTON, PAUL THOMAS","Republican Party","REP","House","H","Arizona","AZ","01","TEMPE","AZ","85288","2024","05-JUN-23","2023","202306059581702392"
"H4UT02254","EDWARDS, BECKY","Republican Party","REP","House","H","Utah","UT","02","ALEXANDRIA","VA","22313","2024","05-JUN-23","2023","202306059581702453"
"H4AZ03133","PASTOR, LAURA","Democratic Party","DEM","House","H","Arizona","AZ","03","PHOENIX","AZ","85013","2024","05-JUN-23","2023","202306059581703387"
"H4NC05294","HUBBARD, CHUCK","Democratic Party","DEM","House","H","North Carolina","NC","05","WILKESBORO","NC","28697","2024","05-JUN-23","2023","202306059581702075"
"H2CA40076","LOPEZ, JAZMIN NICOLE","Democratic Party","DEM","House","H","California","CA","42","DOWNEY","CA","90240","2024","05-JUN-23","2023","202306059581702159"
"P40013427","SHIPMAN, BRANDON JAMAL","Other","OTH","President","P","United States","00","00","JERSEY CITY","NJ","07305","2024","04-JUN-23","2023","202306049581701139"
"P40013419","BARNARD, DAVID J JR JR","Democratic Party","DEM","President","P","United States","00","00","CLERMONT","FL","34711","2024","04-JUN-23","2023","202306049581701133"
"P40013401","375 ROB ROY DR, DAVID J SR SR","Democratic Party","DEM","President","P","Florida","FL","00","CLERMONT","FL","34711","2024","04-JUN-23","2023","202306049581701131"
"P40013393","375 ROB ROY DR, DAVID J SR SR","Democratic Party","DEM","President","P","Florida","FL","00","CLERMONT","FL","34711","2024","04-JUN-23","2023","202306049581701125"
"P40013369","SWIFT, RACHEL HANNAH","Republican Party","REP","President","P","United States","00","00","HAGERSTOWN","MD","21740","2024","03-JUN-23","2023","202306039581700779"
"P40013385","LARSON, JOEL","Republican Party","REP","President","P","United States","00","00","ROGERS","AR","72758","2024","03-JUN-23","2023","202306039581701081"
"H8IL04134","GARCIA, JESUS","Democratic Party","DEM","House","H","Illinois","IL","04","CHICAGO","IL","60632","2024","03-JUN-23","2023","202306039581700831"
"P40013377","FARMS, WILLIAM","Democratic Party","DEM","President","P","United States","00","00","JEWETT","OH","43986","2024","03-JUN-23","2023","202306039581700805"
"H4CA31121","VAZQUES, RICARDO","Democratic Party","DEM","House","H","California","CA","31","BALDWIN PARK","CA","91706","2024","03-JUN-23","2023","202306039581701082"
"H4PA04115","BONNETT, ERIK C.","Democratic Party","DEM","House","H","Pennsylvania","PA","04","BLANDON","PA","19510","2024","02-JUN-23","2023","202306029581700778"
"P40013351","GARRITY, CHRISTOPHER","None","NNE","President","P","United States","00","00","SOMERSWORTH","NH","03878","2024","02-JUN-23","2023","202306029581700767"
"H2CO08053","PAYETTE, MATTHEW WILLIAM","Unaffiliated","UN","House","H","Colorado","CO","08","FIRESTONE","CO","80520","2024","02-JUN-23","2023","202306029581700436"
"H4CO50010","BONO, PETER JOSEPH MR","Independent","IND","House","H","Colorado","CO","50","SAN DIEGO","CA","92110","2024","02-JUN-23","2023","202306029581700514"
"P40013344","JULE, ALEXANDER","None","NNE","President","P","Arizona","AZ","00","TUCSON","AZ","85745","2024","02-JUN-23","2023","202306029581700423"
"H4NY20154","JORGE GARCIA, EMMANUEL MR.","Democratic Party","DEM","House","H","New York","NY","20","ALBANY","NY","12203","2024","02-JUN-23","2023","202306029581699240"
"H4MD06233","LOPEZ, LESLEY","Democratic Party","DEM","House","H","Maryland","MD","06","MONTGOMERY VILLAGE","MD","20886","2024","01-JUN-23","2023","202306019581696846"
"P40013336","GREENSTEIN, MARK STEWART MR","Democratic Party","DEM","President","P","United States","00","00","FARMINGTON","CT","06034","2024","01-JUN-23","2023","202306019581697784"
"H2TX24197","EPPLER, SAM","Democratic Party","DEM","House","H","Texas","TX","24","DALLAS","TX","75205","2024","01-JUN-23","2023","202306019581697426"
"H4CA03120","HUHN, DOUGLAS JOSEPH MR JR","Democratic Party","DEM","House","H","California","CA","03","ROSEVILLE","CA","95678","2024","01-JUN-23","2023","202306019581697250"
"P40013328","WENTWORTH, DAWN","Republican Party","REP","President","P","United States","00","00","OCEANSIDE","CA","92068","2024","01-JUN-23","2023","202306019581697230"
"P40013302","JULE, ALEXANDER","None","NNE","President","P","Arizona","AZ","00","TUCSON","AZ","85745","2024","31-MAY-23","2023","202305319581694580"
"P00015370","KELLY, NATHAN DOUGLAS MR 'NATHANAEL'","Republican Party","REP","President","P","United States","00","00","MCLEAN","VA","22181","2024","31-MAY-23","2023","202306050300442982"
"P40013286","VIDAL, VALENTINE C ESQ","Democratic Party","DEM","President","P","United States","00","00","SEATTLE","WA","98122","2024","31-MAY-23","2023","202305319581693210"
"H4CA41161","PENNA, KYLE CHRISTIAN","Independent","IND","House","H","California","CA","41","BEAUMONT","CA","92223","2024","31-MAY-23","2023","202305319581694462"
"H4NJ07107","ALTMAN, SUSAN COPIUS","Democratic Party","DEM","House","H","New Jersey","NJ","07","LAMBERTVILLE","NJ","08530","2024","31-MAY-23","2023","202305319581693384"
"H4GA14032","BRYANT, BART ALEXANDER MR","Democratic Party","DEM","House","H","Georgia","GA","14","MENLO","GA","30730","2024","31-MAY-23","2023","202305319581693787"
"P40013294","HORN, KANDY KAYE BSS.","Republican Party","REP","President","P","United States","00","00","FORNEY","TX","75126","2024","31-MAY-23","2023","202305319581693238"
"P60020856","LYNCH, JOSEPH TIMOTHY","Independent","IND","President","P","United States","00","00","PLAINVILLE","CT","06062","2023","30-MAY-23","2023","202305300300442913"
"P40013260","LEMON, MICHAEL","Conservative Party","CRV","President","P","United States","00","00","BUCHANAN","GA","30113","2024","30-MAY-23","2023","202305300300442905"
"S4MI00538","PUGH, PAMELA L","Democratic Party","DEM","Senate","S","Michigan","MI","00","SAGINAW","MI","48602","2024","30-MAY-23","2023","202305309581690578"
"P40013278","JAKUBOWSKI, MICHELE LYNN","Republican Party","REP","President","P","United States","00","00","ALBUQUERQUE","NM","87122","2024","30-MAY-23","2023","202305309581690548"
"P40013252","WHITE, MARTIN AUSTIN","No Party Affiliation","NPA","President","P","United States","00","00","LYNNWOOD","WA","98087","2023","30-MAY-23","2023","202305309581684358"
"H4NY17150","CARR, MARYANN","Democratic Party","DEM","House","H","New York","NY","17","BEDFORD HILLS","NY","10507","2023","29-MAY-23","2023","202305299581681869"
"P40013211","SMITH, ROBERT WENDELL","Independent","IND","President","P","United States","00","00","MEHERRIN","VA","23954","2024","29-MAY-23","2023","202305299581681870"
"H4TX32071","MOORE, JUSTIN","Democratic Party","DEM","House","H","Texas","TX","32","DALLAS","TX","75251","2024","29-MAY-23","2023","202305299581684312"
"P40013245","SELKE, CHRISTOPHER ALAN","American Independent Party","AIP","President","P","Connecticut","CT","00","STAMFORD","CT","06901","2024","29-MAY-23","2023","202305299581681904"
"P60018702","BARBINE, MICHAEL W. MR","Write-In","W","President","P","United States","00","00","SOUTH PADRE ISLAND","TX","78597","2024","29-MAY-23","2023","202305299581684290"
"P40013237","LANGSTON-VALENZUELA, NATIA","Independent","IND","President","P","United States","00","00","ESCONDIDO","CA","92026","2024","29-MAY-23","2023","202305299581681872"
"H8NJ09120","HENRY, WILLIAM OSCAR","Democratic Party","DEM","House","H","New Jersey","NJ","09","PATERSON","NJ","07544","2024","28-MAY-23","2023","202305289581681830"
"H4CA14127","REYNOSO, LUIS","Republican Party","REP","House","H","California","CA","14","CASTRO VALLEY","CA","94546","2024","28-MAY-23","2023","202305289581681831"
"P40013203","MORINI, MICHAEL","Write-In","W","President","P","United States","00","00","GAITHERSBURG","MD","20878","2024","28-MAY-23","2023","202305289581681819"
"P40013195","KRYZENSKE, ERIC","Non-Party","NON","President","P","United States","00","00","MCFARLAND","WI","53558","2024","28-MAY-23","2023","202305289581681809"
"P40013187","SHAFFORD, KAREN ELAINE","Republican Party","REP","President","P","United States","00","00","FAIRBANKS","AK","99712","2024","28-MAY-23","2023","202305289581681804"
"H4TX32063","CHAPMAN, CLAYTON T","No Party Affiliation","NPA","House","H","Texas","TX","32","GARLAND","TX","75044","2024","27-MAY-23","2023","202305279581681767"
"P40013179","MOORE, ARIADNE TAIGE MS","Write-In","W","President","P","United States","00","00","SOUTH CHARLESTON","WV","25309","2023","27-MAY-23","2023","202305279581681802"
"P40013161","MOORE, ARIADNE TAIGE MS","Write-In","W","President","P","United States","00","00","SOUTH CHARLESTON","WV","25309","2023","27-MAY-23","2023","202305279581681800"
"P40013153","CASEY, RICHARD JAMES","No Party Affiliation","NPA","President","P","Arizona","AZ","00","GILBERT","AZ","85234","2024","26-MAY-23","2023","202305269581681758"
"H4MN02169","RAHM, TAYLER","Republican Party","REP","House","H","Minnesota","MN","02","SOUTH ST. PAUL","MN","55075","2024","26-MAY-23","2023","202305269581681525"
"P40013146","DISILVESTRO, REGINA D","Independent","IND","President","P","United States","00","00","SAN DIEGO","CA","92110","2024","26-MAY-23","2023","202305269581681715"
"H4CA48067","JAHN, LUCINDA KWH MS","None","NNE","House","H","California","CA","48","RAMONA","CA","92065","2024","26-MAY-23","2023","202305269581681653"
"H4RI01315","EKPETE, ULOMA UMA-KAMA DR.","Republican Party","REP","House","H","Rhode Island","RI","01","BARRINGTON","RI","02806","2023","26-MAY-23","2023","202305269581681551"
"P40013138","JOHNSON, SHONTRELL","Republican Party","REP","President","P","United States","00","00","MIAMI","FL","33056","2024","25-MAY-23","2023","202305259581680490"
"P40013088","ABDULLAHI, FUAD","American Independent Party","AIP","President","P","Washington","WA","00","FEDERAL WAY","WA","98063","2024","25-MAY-23","2023","202305259581678419"
"P40013096","TILLINGHAST, MICHAEL","Democratic Party","DEM","President","P","United States","00","00","PROVIDENCE","RI","02907","2024","25-MAY-23","2023","202305259581678428"
"H4GA14024","WHITE, MARY AMANDA","Democratic Party","DEM","House","H","Georgia","GA","14","ARMUCHEE","GA","30105","2024","25-MAY-23","2023","202305259581678981"
"H4TX19300","BOYD, VANCE W.","Republican Party","REP","House","H","Texas","TX","19","ANSON","TX","79501","2024","25-MAY-23","2023","202305259581678982"
"P40013120","WELTON, ROGER","American Independent Conservative","AIC","President","P","United States","00","00","PARSONSBURG","MD","21849","2024","25-MAY-23","2023","202305259581680464"
"P40013112","ROSALES, MIKE","DTS","DTS","President","P","United States","00","00","ALAMOGORDO","NM","88310","2023","25-MAY-23","2023","202305259581680027"
"H4CA30263","RATEVOSIAN, JIRAIR","Democratic Party","DEM","House","H","California","CA","30","BURBANK","CA","91505","2024","25-MAY-23","2023","202305259581680043"
"H4CA12196","TRAN, JENNIFER","Democratic Party","DEM","House","H","California","CA","12","OAKLAND","CA","94602","2024","25-MAY-23","2023","202305259581680056"
"H4PA64010","JOHNSON, RON MR","Constitution Party","CON","House","H","Pennsylvania","PA","64","OIL CITY","PA","16301","2024","25-MAY-23","2023","202305259581680152"
"H4CA47143","GRIFFIN, JAMES BRIAN MR.","Republican Party","REP","House","H","California","CA","47","HUNTINGTON BEACH","CA","92649","2024","25-MAY-23","2023","202305259581680426"
"H4AZ03125","AGUILAR, YLENIA","Democratic Party","DEM","House","H","Arizona","AZ","03","PHOENIX","AZ","85013","2024","25-MAY-23","2023","202305259581678991"
"P40013070","BYRD, JUSTIN MR","Republican Party","REP","President","P","Colorado","CO","00","CASTLE ROCK","CO","80109","2024","24-MAY-23","2023","202305249581677962"
"H2VA07147","BARVE, GARY","Republican Party","REP","House","H","Virginia","VA","05","LYNCHBURG","VA","24506","2024","24-MAY-23","2023","202305249581677302"
"S4MA00291","ANTONELLIS, ROBERT JOSEPH","Republican Party","REP","Senate","S","Massachusetts","MA","00","SOMERVILLE","MA","02145","2024","24-MAY-23","2023","202305249581677313"
"P40013021","HORST, DUSTIN JAMES","Independent","IND","President","P","Iowa","IA","00","RUTHVEN","IA","51358","2024","24-MAY-23","2023","202305249581677319"
"P40013039","DESANTIS, RON","Republican Party","REP","President","P","United States","00","00","TALLAHASSEE","FL","32315","2024","24-MAY-23","2023","202305249581677806"
"H4NV01211","QUINCE, RONALD MR.","Republican Party","REP","House","H","Nevada","NV","01","HENDERSON","NV","89012","2024","24-MAY-23","2023","202305249581677279"
"P40013047","NEARY, PATRICK J MR.","Independent","IND","President","P","Pennsylvania","PA","00","GREENSBURG","PA","15601","2023","24-MAY-23","2023","202305249581677839"
"P40013054","SEIDEL, FLORY LOUIS DR.","Republican Party","REP","President","P","United States","00","00","OAK RIDGE","NJ","07438","2024","24-MAY-23","2023","202305249581677852"
"P40013062","ROSALES, MIGUEL","DTS","DTS","President","P","United States","00","00","ALAMOGORDO","NM","88310","2024","24-MAY-23","2023","202305249581677922"
"H4PA04107","WINKLER, DAVID JOHN MR.","Republican Party","REP","House","H","Pennsylvania","PA","04","ELKINS PARK","PA","19027","2024","24-MAY-23","2023","202305249581677199"
"H4CA40106","DAMIKOLAS, ALLYSON","Democratic Party","DEM","House","H","California","CA","40","TUSTIN","CA","92781","2024","24-MAY-23","2023","202305249581677239"
"H4VA05063","RILEY, PAUL","Democratic Party","DEM","House","H","Virginia","VA","05","CROZET","VA","22932","2024","24-MAY-23","2023","202305249581677820"
"H4NY02087","LUBIN, ROB","Democratic Party","DEM","House","H","New York","NY","02","AMITYVILLE","NY","11701","2024","23-MAY-23","2023","202305239581652240"
"H4CA14119","GRCAR, JOSEPH DOC DR","Republican Party","REP","House","H","California","CA","14","CASTRO VALLEY","CA","94546","2024","23-MAY-23","2023","202305239581653544"
"H4OR05288","PAHL, CAMERON CRIMINS","Democratic Party","DEM","House","H","Oregon","OR","05","PORTLAND","OR","97242","2024","23-MAY-23","2023","202305239581659870"
"H2IN04168","BOOKWALTER, CHARLES","Republican Party","REP","House","H","Indiana","IN","04","THORNTOWN","IN","46071","2024","23-MAY-23","2023","202305239581677180"
"P40013013","FISCHER, JOHN","Republican Party","REP","President","P","United States","00","00","LANCASTER","PA","17601","2024","23-MAY-23","2023","202305239581676646"
"P40012999","HURT, SAMUEL LEVI","Republican Party","REP","President","P","United States","00","00","PITTSBURGH","PA","15214","2024","23-MAY-23","2023","202305239581652238"
"H4AZ06128","O'DONNELL, JOHN ROBERT","Democratic Party","DEM","House","H","Arizona","AZ","06","TUCSON","AZ","85728","2024","23-MAY-23","2023","202305239581666385"
"S4WI00207","SCHAEFER-WICKE, PATRICK CARL SGM (RET)","Republican Party","REP","Senate","S","Wisconsin","WI","00","LITTLE CHUTE","WI","54140","2024","22-MAY-23","2023","202305229581652156"
"S4WI00199","AUBART, SCOTT ALAN MR","American Independent Party","AIP","Senate","S","Wisconsin","WI","00","COLFAX","WI","54730","2024","22-MAY-23","2023","202305229581650052"
"S4UT00217","STAGGS, TRENT","Republican Party","REP","Senate","S","Utah","UT","00","RIVERTON","UT","84065","2024","22-MAY-23","2023","202305229581652141"
"P40012981","MORINI, MICHAEL","Write-In","W","President","P","United States","00","00","GAITHERSBURG","MD","20878","2024","22-MAY-23","2023","202305229581650177"
"H2AZ09241","LUCIER, DAVID","Write-In","W","House","H","Arizona","AZ","09","TEMPE","AZ","85253","2024","22-MAY-23","2023","202305229581652140"
"H4IL11245","KIM, CHARLES","Democratic Party","DEM","House","H","Illinois","IL","11","NAPERVILLE","IL","60564","2024","22-MAY-23","2023","202305229581650116"
"H4SC16014","WILKERSON, STEPHEN PARSON","Republican Party","REP","House","H","South Carolina","SC","16","FOUNTAIN INN","SC","29644","2024","21-MAY-23","2023","202305219581649410"
"P40012965","BRASCH, MAUREEN THE","Republican Party","REP","President","P","Georgia","GA","00","ALPHARETTA","GA","30005","2023","21-MAY-23","2023","202305219581649458"
"P40012957","SIGMON, MICHAEL","Progressive Party","PRO","President","P","United States","00","00","CHARLESTON","WV","25306","2024","21-MAY-23","2023","202305219581649436"
"P40012908","OWEN, BRIAN MATTHEW","Democratic Party","DEM","President","P","United States","00","00","INDIANAPOLIS","IN","46228","2024","20-MAY-23","2023","202305209581609226"
"P40012916","PARK, SAE HOON","Democratic Party","DEM","President","P","United States","00","00","FLUSHING","NY","11358","2024","20-MAY-23","2023","202305209581609421"
"S4AZ00196","GRAYSON, RICHARD","NOL","NOL","Senate","S","Arizona","AZ","00","APACHE JUNCTION","AZ","85120","2024","20-MAY-23","2023","202305209581643135"
"P40012932","MCMURRER, ROBERT","Independence Party","IDP","President","P","Indiana","IN","00","NEW CASTLE","IN","47362","2024","20-MAY-23","2023","202305209581633923"
"P40012924","VELEZ, PEDRO J","Democratic Party","DEM","President","P","New Jersey","NJ","00","EHC","NJ","08215","2024","20-MAY-23","2023","202305209581609749"
"H4AZ01228","GALAN-WOODS, MARLENE","Democratic Party","DEM","House","H","Arizona","AZ","01","PHOENIX","AZ","85018","2024","19-MAY-23","2023","202305199581607190"
"H8FL20032","CHERFILUS-MCCORMICK, SHEILA","Democratic Party","DEM","House","H","Florida","FL","20","MIRAMAR","FL","33029","2024","19-MAY-23","2023","202305199581555861"
"P40012890","VELARDE, JADE","No Party Affiliation","NPA","President","P","United States","00","00","TAMPA","FL","33615","2024","19-MAY-23","2023","202305199581604831"
"P40012973","DICKSON, SIMONE","Other","OTH","President","P","United States","00","00","UPPER MARLBORO","MD","20792","2024","19-MAY-23","2023","202305220300442712"
"S4MN00429","MUNRO, PATRICK D.","Republican Party","REP","Senate","S","Minnesota","MN","00","PRINCETON","MN","55371","2024","19-MAY-23","2023","202305199581594780"
"H0CA15247","HAYDEN, ALISON","Republican Party","REP","House","H","California","CA","14","SAN LORENZO","CA","94580","2024","19-MAY-23","2023","202305199581605676"
"H4CA30255","IDAN, SARAH","Democratic Party","DEM","House","H","California","CA","30","VALLEY VILLAGE","CA","91607","2024","19-MAY-23","2023","202305199581605174"
"P40012882","EVERETT, ANDREW L MR","Republican Party","REP","President","P","United States","00","00","SUGAR RUN","PA","18846","2024","18-MAY-23","2023","202305189581545800"
"P60005469","SMITH, KEITH","Democratic Party","DEM","President","P","United States","00","00","EAST CLEVELAND","OH","44112","2024","18-MAY-23","2023","202305180300442656"
"H4TX24177","BURLISON, HEATHER","Republican Party","REP","House","H","Texas","TX","24","FORT WORTH","TX","76137","2024","18-MAY-23","2023","202305189581546513"
"H4OH06116","FARMS, WILLIAM","Independent","IND","House","H","Ohio","OH","06","JEWETT","OH","43986","2024","17-MAY-23","2023","202305179581531749"
"H4MD06225","VOGEL, JOSEPH","Democratic Party","DEM","House","H","Maryland","MD","06","GAITHERSBURG","MD","20884","2024","17-MAY-23","2023","202305179581531762"
"H4CA30248","DUNWOODY, STEPHEN ANDRAE'","Democratic Party","DEM","House","H","California","CA","30","LOS ANGELES","CA","90028","2024","17-MAY-23","2023","202305179581532951"
"P40012858","PITTMAN, MICHAEL JR","Unaffiliated","UN","President","P","United States","00","00","DETROIT","MI","48227","2023","17-MAY-23","2023","202305179581534646"
"H4IN03190","WHALEN, ERIC","Republican Party","REP","House","H","Indiana","IN","03","DECATUR","IN","46733","2024","17-MAY-23","2023","202305179581534652"
"H4TX32055","WILLIAMS, BRIAN DR.","Democratic Party","DEM","House","H","Texas","TX","32","DALLAS","TX","75218","2024","17-MAY-23","2023","202305179581534657"
"H4CO05063","GAYE, JOSEPH OLIVER MR","Independent","IND","House","H","Colorado","CO","05","HIGHLANDS RANCH","CO","80129","2024","17-MAY-23","2023","202305179581536422"
"S4CA00670","REISS, JONATHAN","Republican Party","REP","Senate","S","California","CA","00","PALM DESERT","CA","92255","2024","17-MAY-23","2023","202305179581536502"
"P40012874","JACKSON, TIMOTHY PAUL JR","American Independent Conservative","AIC","President","P","United States","00","00","RISING SUN","MD","21911","2024","17-MAY-23","2023","202305179581536578"
"H8TX33013","SCHWAB, KURT","Republican Party","REP","House","H","Texas","TX","33","HURST","TX","76053","2024","17-MAY-23","2023","202305179581534691"
"H4CA25230","CHAPA, MIGUEL","Republican Party","REP","House","H","California","CA","25","BERMUDA DUNES","CA","92203","2024","16-MAY-23","2023","202305169581531221"
"H4NY03135","RADZIUS, DARIUS A. MR.","Democratic Party","DEM","House","H","New York","NY","03","FARMINGDALE","NY","11735","2024","16-MAY-23","2023","202305169581529927"
"H4NY04174","JONES, GIAN A","Democratic Party","DEM","House","H","New York","NY","04","WOODMERE","NY","11598","2024","16-MAY-23","2023","202305169581530245"
"H4MD04170","IROHA, CELESTE CHIZOBA MISS","Democratic Party","DEM","House","H","Maryland","MD","04","SILVER SPRING","MD","20904","2024","16-MAY-23","2023","202305169581529187"
"H2CA42205","ROLLINS, WILL","Democratic Party","DEM","House","H","California","CA","41","CORONA","CA","92878","2024","16-MAY-23","2023","202305169581524109"
"H2TX15203","VALLEJO, MICHELLE","Democratic Party","DEM","House","H","Texas","TX","15","MISSION","TX","78573","2024","16-MAY-23","2023","202305169581524638"
"H4IN08215","MOORE, KELLIE ANN MS","Democratic Party","DEM","House","H","Indiana","IN","08","PRINCETON","IN","47670","2024","16-MAY-23","2023","202305169581528217"
"H4TX06224","LOVE, JOHN BENARD III","Democratic Party","DEM","House","H","Texas","TX","06","MIDLAND","TX","79701","2024","16-MAY-23","2023","202305169581523894"
"P00011858","UVALLE, EDUARDO","None","NNE","President","P","United States","00","00","CICERO","IL","60804","2024","15-MAY-23","2023","202305150300442523"
"P40012833","ASHLEY, ANDREW","Independent","IND","President","P","United States","00","00","EDGEWATER","FL","32141","2024","15-MAY-23","2023","202305150300442534"
"H4NY03127","MALAMED, ZAK","Democratic Party","DEM","House","H","New York","NY","03","GREAT NECK","NY","11022","2024","15-MAY-23","2023","202305159581443154"
"H4NY04166","HUGHES, SARAH","Democratic Party","DEM","House","H","New York","NY","04","LYNBROOK","NY","11563","2024","15-MAY-23","2023","202305159581444539"
"H4CA45162","SCHAEFER, MIKE MICHAEL","Democratic Party","DEM","House","H","California","CA","45","LA JOLLA","CA","92037","2024","15-MAY-23","2023","202305159581453004"
"H2MI10077","MARLINGA, CARL J","Democratic Party","DEM","House","H","Michigan","MI","10","HARRISON TOWNSHIP","MI","48045","2024","15-MAY-23","2023","202305159581453220"
"H0FL17068","WILSON, FREDERICA S.","Democratic Party","DEM","House","H","Florida","FL","24","WASHINGTON","DC","20003","2024","15-MAY-23","2023","202305159581453961"
"H4GA01146","BROOKINS, NICHOLAS LAMAR","Green Party","GRE","House","H","Georgia","GA","01","GORDON","GA","31031","2024","15-MAY-23","2023","202305159581454837"
"H4MT02031","HAMM, KEVIN","Democratic Party","DEM","House","H","Montana","MT","02","HELENA","MT","59624","2024","15-MAY-23","2023","202305159581485611"
"H4MD01150","TOYOS, ISAAC","Democratic Party","DEM","House","H","Maryland","MD","01","TEMPLE HILLS","MD","20748","2024","15-MAY-23","2023","202305159581522673"
"H4KS03196","WESTBROOK, JONATHON","Republican Party","REP","House","H","Kansas","KS","03","KANSAS CITY","KS","66109","2024","15-MAY-23","2023","202305159581523557"
"H4TX07131","BRYANT, CAROLYN BONITA","Republican Party","REP","House","H","Texas","TX","07","BELLAIRE","TX","77402","2024","15-MAY-23","2023","202305159581453956"
"S4IN00238","HARMON, WAYNE 'GUNNY'","Republican Party","REP","Senate","S","Indiana","IN","00","","","","2024","13-MAY-23","2023","202305150300442571"
"P40013005","CHARYTON, CHRISTINE","Unknown","","President","P","United States","00","00","PATASKALA","OH","43062","2024","12-MAY-23","2023","202305230300442825"
"H4GA02094","TAYLOR, TRACY","Republican Party","REP","House","H","Georgia","GA","02","ALBANY","GA","31707","2024","12-MAY-23","2023","202305129581440205"
"H4SD01021","OLSON, BERT KEITH","Democratic Party","DEM","House","H","South Dakota","SD","00","SIOUX FALLS","SD","57104","2024","12-MAY-23","2023","202305129581441120"
"H4TX32048","MANNING, ZACHARIAH C.","Democratic Party","DEM","House","H","Texas","TX","32","DALLAS","TX","75251","2024","12-MAY-23","2023","202305129581440319"
"H6VA01117","SCOTT, ROBERT C","Democratic Party","DEM","House","H","Virginia","VA","03","NEWPORT NEWS","VA","23607","2024","12-MAY-23","2023","202305129581440346"
"S4IN00220","DADA, SEAN ADAM","Independent","IND","Senate","S","Indiana","IN","00","SYRACUSE","IN","46567","2024","12-MAY-23","2023","202305129581440317"
"P40012809"," LEWIS, ADAM CHARLES","Other","OTH","President","P","United States","00","00","TUCSON","AZ","857194925","2024","11-MAY-23","2023","202305110300442448"
"H4KS02156","SWAIN, JOSEPH MILFORD MR","Democratic Party","DEM","House","H","Kansas","KS","02","PEABODY","KS","66866","2024","11-MAY-23","2023","202305119581434426"
"S4OR00289","ACCARDI, LORENZO","Write-In","W","Senate","S","Oregon","OR","00","BURNS","OR","97720","2024","11-MAY-23","2023","202305119581434427"
"H4NY02079","HUQ, MD MUZIBUL DR MD","Democratic Party","DEM","House","H","New York","NY","02","ELMONT","NY","11003","2024","11-MAY-23","2023","202305119581437255"
"S4NJ00425","JASEY, KYLE FORT","Democratic Party","DEM","Senate","S","New Jersey","NJ","00","JERSEY CITY","NJ","07302","2024","11-MAY-23","2023","202305119581435744"
"H4NY22069","HARRIS, CLEMMIE L","Democratic Party","DEM","House","H","New York","NY","22","CAMILLUS","NY","13031","2024","11-MAY-23","2023","202305119581435767"
"H2OH11250","HEMPHILL, JAMES TERRELLE","Republican Party","REP","House","H","Ohio","OH","11","CLEVELAND HEIGHTS","OH","44118","2024","11-MAY-23","2023","202305119581435436"
"H4PA14072","VECCHIO, PHILIP","Democratic Party","DEM","House","H","Pennsylvania","PA","14","NEW KENSINGTON","PA","15068","2024","10-MAY-23","2023","202305109581434396"
"H2GA06222","CHRISTIAN, ROBERT FRANKLIN MR. III","Democratic Party","DEM","House","H","Georgia","GA","06","DAWSONVILLE","GA","30534","2024","10-MAY-23","2023","202305109581426330"
"H2NY04244","GILLEN, LAURA","Democratic Party","DEM","House","H","New York","NY","04","ROCKVILLE CENTRE","NY","11571","2024","10-MAY-23","2023","202305109581429818"
"H4TX38011","MCDONOUGH, MELISSA A","Democratic Party","DEM","House","H","Texas","TX","38","TOMBALL","TX","77377","2024","10-MAY-23","2023","202305109581433390"
"H6TX24149","MCDOWELL, JAN","Democratic Party","DEM","House","H","Texas","TX","32","CARROLLTON","TX","75007","2024","10-MAY-23","2023","202305109581429773"
"P60005584","HODGE, CHARLES JUNIOR","Independent","IND","President","P","United States","00","00","SACRAMENTO","CA","95825","2024","09-MAY-23","2023","202305100300442422"
"H2CA07133","DANIELS, BRET","Republican Party","REP","House","H","California","CA","06","CITRUS HEIGHTS","CA","95611","2024","09-MAY-23","2023","202305099581425363"
"H4IN03182","GOSS, PHIL","Democratic Party","DEM","House","H","Indiana","IN","03","FORT WAYNE","IN","46809","2024","09-MAY-23","2023","202305099581425431"
"H4CA02130","GIBBS JENSEN, TIEF","Republican Party","REP","House","H","California","CA","02","NOVATO","CA","94947","2024","09-MAY-23","2023","202305099581426181"
"P40012775","WALLACE, WILLIAM","Independent","IND","President","P","United States","00","00","TUSCALOOSA","AL","35405","2024","09-MAY-23","2023","202305090300442377"
"S4MD00327","ALSOBROOKS, ANGELA","Democratic Party","DEM","Senate","S","Maryland","MD","00","UPPER MARLBORO","MD","20774","2024","09-MAY-23","2023","202305099581422991"
"H2NY14128","FORTE, TINA","Republican Party","REP","House","H","New York","NY","14","NANUET","NY","10954","2024","09-MAY-23","2023","202305099581423027"
"H4CA20157","BRUCE, NATHANIEL REED","Republican Party","REP","House","H","California","CA","20","RIDGECREST","CA","93555","2024","09-MAY-23","2023","202305099581423136"
"P40012767","BROOKS, SHARON E.","Independent","IND","President","P","United States","00","00","CRYSTAL","MN","55429","2024","09-MAY-23","2023","202305099581424008"
"H4CA40098","KERR, JOSEPH","Democratic Party","DEM","House","H","California","CA","40","COTO DE CAZA","CA","92679","2024","09-MAY-23","2023","202305099581424009"
"S4MN00486","RUOHO, MIKE","Republican Party","REP","Senate","S","Minnesota","MN","00","SAINT PAUL","MN","55119","2023","09-MAY-23","2023","202305099581424141"
"H4CA41153","HAWKINS, BRIAN","Democratic Party","DEM","House","H","California","CA","41","SAN JACINTO","CA","92581","2024","09-MAY-23","2023","202305099581424289"
"P40012783","CASTELLUCCI, FRANK III","No Party Affiliation","NPA","President","P","United States","00","00","NEW PORT RICHEY","FL","34656","2024","09-MAY-23","2023","202305099581424709"
"H2AZ08201","SPREITZER, JEREMY","Democratic Party","DEM","House","H","Arizona","AZ","08","SUN CITY","AZ","85373","2024","09-MAY-23","2023","202305099581425227"
"H4CA49149","GUNDERSON, MATT","Republican Party","REP","House","H","California","CA","49","LADERA RANCH","CA","92694","2024","09-MAY-23","2023","202305099581425426"
"P40012742","GASASIRA, JOHN BOSCO JEAN DRMIL ADMM JR","Libertarian Party","LIB","President","P","United States","00","00","FLORIDA","WY","33474","2023","08-MAY-23","2023","202305089581417149"
"H4VA07192","MOHER, WILLIAM","Republican Party","REP","House","H","Virginia","VA","07","ARLINGTON","VA","22205","2024","08-MAY-23","2023","202305089581417174"
"P40012817","SCHALLER, DANIEL R","Republican Party","REP","President","P","United States","00","00","SPARTA","WI","54656","2024","08-MAY-23","2023","202305120300442499"
"H4TN04239","COSGROVE, KATHLEEN M MS","Independent","IND","House","H","Tennessee","TN","04","MURFREESBORO","TN","37127","2024","08-MAY-23","2023","202305089581418509"
"S6WV00063","LAWHORN, ZANE RENE","Republican Party","REP","Senate","S","West Virginia","WV","00","PRINCETON","WV","24740","2024","08-MAY-23","2023","202305089581416771"
"H4CA14093","KRUTTIVENTI, VIN","Republican Party","REP","House","H","California","CA","14","PLEASANTON","CA","94588","2024","08-MAY-23","2023","202305089581417577"
"H2AZ06254","WILLIAMSON, W JOHN","Democratic Party","DEM","House","H","Arizona","AZ","06","SCOTTSDALE","AZ","85251","2024","07-MAY-23","2023","202305079581416288"
"H4FL01171","MCPHILLIPS, WILLIAM J MR","Republican Party","REP","House","H","Florida","FL","01","PENSACOLA","FL","32526","2024","07-MAY-23","2023","202305079581416726"
"H4IL07193","BHATIA, NIKHIL","Democratic Party","DEM","House","H","Illinois","IL","07","CHICAGO","IL","60608","2024","07-MAY-23","2023","202305079581416645"
"P40012734","DRAKE, PHILLIP JOSEPH","Democratic Party","DEM","President","P","United States","00","00","SPARTANBURG","SC","29303","2024","07-MAY-23","2023","202305079581416293"
"H2CO02205","DAWSON, MARSHALL","Republican Party","REP","House","H","Colorado","CO","02","LONGMONT","CO","80504","2024","06-MAY-23","2023","202305069581416279"
"H4MD05193","THOMPSON, JOEY","Democratic Party","DEM","House","H","Maryland","MD","05","HUGHESVILLE","MD","20637","2024","06-MAY-23","2023","202305069581416234"
"P40012791","BRINKLEY, EDWARD LEE","Republican Party","REP","President","P","United States","00","00","WHITE HOUSE ","TN","37188","2024","06-MAY-23","2023","202305110300442444"
"H4WI01155","HAMMES, ANTHONY","Democratic Party","DEM","House","H","Wisconsin","WI","01","RACINE","WI","53402","2024","05-MAY-23","2023","202305080300442297"
"H4NJ02199","SAFFOLD, BRANDON LEE","Democratic Party","DEM","House","H","New Jersey","NJ","02","VILLAS","NJ","08251","2024","05-MAY-23","2023","202305059581412772"
"P40012726","FARMS, WILLIAM PROFESSOR","Independent","IND","President","P","United States","00","00","JEWETT","OH","43986","2024","05-MAY-23","2023","202305059581415430"
"H4CA25222","WEEKS, IAN M","Republican Party","REP","House","H","California","CA","25","HEMET","CA","92543","2024","05-MAY-23","2023","202305059581415429"
"H4TX33046","VALENCIA AVALOS, VIKTOR","Democratic Party","DEM","House","H","Texas","TX","33","FORT WORTH","TX","76115","2024","05-MAY-23","2023","202305059581415373"
"H2NJ02193","ALEXANDER, TIMOTHY","Democratic Party","DEM","House","H","New Jersey","NJ","02","GALLOWAY","NJ","08205","2024","04-MAY-23","2023","202305049581408688"
"P40012718","KERN, RUSSELL JOSEPH MR.","Independent","IND","President","P","United States","00","00","PHOENIX","AZ","85021","2023","04-MAY-23","2023","202305049581410629"
"P00011767","PAUL, ADAM NICHOLAS","Independent","IND","President","P","United States","00","00","MADISON","WI","53744","2024","04-MAY-23","2023","202305049581410631"
"S4MD00319","TRONE, DAVID","Democratic Party","DEM","Senate","S","Maryland","MD","00","GAITHERSBURG","MD","20883","2024","04-MAY-23","2023","202305049581408053"
"H4ID02089","ROTH, DAVID","Democratic Party","DEM","House","H","Idaho","ID","02","IDAHO FALLS","ID","83404","2024","04-MAY-23","2023","202305049581409972"
"P40012692","CASTENADA, JON","Independent","IND","President","P","United States","00","00","COVINGTON","WA","98042","2024","04-MAY-23","2023","202305049581409109"
"P40012700","HOINSKI, JOSEPH","Republican Party","REP","President","P","United States","00","00","PLYMOUTH","PA","18651","2024","04-MAY-23","2023","202305049581409111"
"H4CA36153","CHEAURE, MICHAEL JAMES","Democratic Party","DEM","House","H","California","CA","36","REDONDO BEACH","CA","90277","2024","04-MAY-23","2023","202305049581409262"
"H4NV03167","JOHNSON, DREW","Republican Party","REP","House","H","Nevada","NV","03","LAS VEGAS","NV","89148","2024","04-MAY-23","2023","202305049581408268"
"H4WI07137","RUNKEL, CHERYL ANN","Republican Party","REP","House","H","Wisconsin","WI","07","BOULDER JUNCTION","WI","54512","2024","03-MAY-23","2023","202305030300442105"
"P40012676","COHEN, HOWARD RUSSELL","Independent","IND","President","P","United States","00","00","EUSTIS","FL","32726","2024","03-MAY-23","2023","202305039581392976"
"S4TX00722","ALLRED, COLIN","Democratic Party","DEM","Senate","S","Texas","TX","00","DALLAS","TX","75360","2024","03-MAY-23","2023","202305039581393020"
"S4NV00270","MARCHANT, JIM","Republican Party","REP","Senate","S","Nevada","NV","00","LAS VEGAS","NV","89107","2024","03-MAY-23","2023","202305039581393021"
"H4RI01307","LYNTON, BARRETT","Republican Party","REP","House","H","Rhode Island","RI","01","SMITHFIELD","RI","02917","2023","03-MAY-23","2023","202305039581399348"
"H4NY03101","KAPLAN, ANNA","Democratic Party","DEM","House","H","New York","NY","03","PORT WASHINGTON","NY","11050","2024","03-MAY-23","2023","202305039581394600"
"H4RI01299","BEAUTE, STEPHANIE E","Democratic Party","DEM","House","H","Rhode Island","RI","01","PROVIDENCE","RI","02940","2023","03-MAY-23","2023","202305039581399322"
"H8ID01124","FULCHER, RUSSELL","Republican Party","REP","House","H","Idaho","ID","01","MERIDIAN","ID","83680","2024","03-MAY-23","2023","202305039581399324"
"P40012684","OLUKORE, ADE OBA","American People'S Freedom Party","APF","President","P","United States","00","00","DEATH VALLEY","CA","92328","2024","03-MAY-23","2023","202305039581393033"
"P40012635","HARVEY, JIMMY EDWARD MR.","No Party Affiliation","NPA","President","P","United States","00","00","JONESBORO","GA","30238","2024","02-MAY-23","2023","202305029581392900"
"P40012643","HAYWARD, DOUGLAS G","American Independent Party","AIP","President","P","United States","00","00","SAUGUS","MA","01906","2024","02-MAY-23","2023","202305029581392954"
"P40012650","HIDROGO, JENNIFER","Republican Party","REP","President","P","United States","00","00","AUSTIN","TX","78735","2024","02-MAY-23","2023","202305029581392955"
"P40012668","LAMMERS, RODNEY LEE","Republican Party","REP","President","P","North Carolina","NC","00","HUBERT","NC","28539","2024","02-MAY-23","2023","202305029581392966"
"P40012601","JOHNSON, LARRY","Other","OTH","President","P","United States","00","00","GREELEY","CO","80631","2024","02-MAY-23","2023","202305029581388719"
"H4IL07185","KNUTSON, KIP","Democratic Party","DEM","House","H","Illinois","IL","07","CHICAGO","IL","60654","2024","02-MAY-23","2023","202305029581391132"
"S4VA00338","VITIELLO, RON","Republican Party","REP","Senate","S","Virginia","VA","00","ALEXANDRIA","VA","22303","2024","02-MAY-23","2023","202305029581388761"
"H4AZ06110","TENUTA, VIERI MICHAEL","Democratic Party","DEM","House","H","Arizona","AZ","06","TUCSON","AZ","85749","2024","02-MAY-23","2023","202305029581389080"
"P40012619","HUSSEIN, AZEEM","Democratic Party","DEM","President","P","United States","00","00","BRIARWOOD","NY","11435","2024","02-MAY-23","2023","202305029581390306"
"P40012627","LOVELESS, CARSON","Democratic Party","DEM","President","P","United States","00","00","BAY DE VERDE","MD","21201","2024","02-MAY-23","2023","202305029581390957"
"S4MD00301","JAWANDO, WILL","Democratic Party","DEM","Senate","S","Maryland","MD","00","SILVER SPRING","MD","20914","2024","02-MAY-23","2023","202305029581388724"
"H4NY03101","KAPLAN, ANNA","Democratic Party","DEM","House","H","New York","NY","03","PORT WASHINGTON","NY","11050","2023","01-MAY-23","2023","202305019581312386"
"H4UT03245","HOWELL, TATE ARZA","Republican Party","REP","House","H","Utah","UT","03","OREM","UT","84057","2024","01-MAY-23","2023","202305019581312562"
"S4VA00320","BARVE, GARY","Republican Party","REP","Senate","S","Virginia","VA","00","FREDERICKSBURG","VA","22406","2024","01-MAY-23","2023","202305019581312899"
"P40012585","JEWELL SR, EDWARD CARLTON","Independent","IND","President","P","United States","00","00","MARION","IN","46953","2024","01-MAY-23","2023","202305010300442015"
"P40012593","ELDER, LARRY","Republican Party","REP","President","P","United States","00","00","COSTA MESA","CA","92626","2024","01-MAY-23","2023","202305019581366473"
"H4NY03119","GRILLO, PHILIP SEAN MR.","Republican Party","REP","House","H","New York","NY","03","GLEN OAKS","NY","11004","2024","01-MAY-23","2023","202305019581368181"
"H4CO02128","COLEMAN, BERNARD WADE JR","Democratic Party","DEM","House","H","Colorado","CO","02","LOUISVILLE","CO","80027","2024","01-MAY-23","2023","202305019581366457"
"H2OH02127","MEADOWS, SAMANTHA","Democratic Party","DEM","House","H","Ohio","OH","02","CHILLICOTHE","OH","45601","2024","30-APR-23","2023","202304309581312213"
"H4IL10072","ANDERSON, CHRISTOPHER M","Democratic Party","DEM","House","H","Illinois","IL","10","CHICAGO","IL","60657","2024","29-APR-23","2023","202304299581312155"
"S4CA00662","HAND, JEHU THOMAS DE GEROLD","Republican Party","REP","Senate","S","California","CA","00","SKYFOREST","CA","92385","2024","29-APR-23","2023","202304299581312160"
"S4MI00512","MARSH, DOUGLAS PHILIP","Green Party","GRE","Senate","S","Michigan","MI","00","WILLIAMSBURG","MI","49690","2024","29-APR-23","2023","202304299581312150"
"P40012577","WILLIAMS, LANORMAYA","People Over Politics","POP","President","P","Georgia","GA","00","STOCKBRIDGE","GA","30281","2024","29-APR-23","2023","202304299581312102"
"P40012569","SEYMOUR, KURRY JOHN MR.","Republican Party","REP","President","P","United States","00","00","SUMMERVILLE","SC","29483","2024","28-APR-23","2023","202304289581306890"
"H4RI01281","ABNEY, MARVIN L.","Democratic Party","DEM","House","H","Rhode Island","RI","01","NEWPORT","RI","02840","2023","27-APR-23","2023","202304279581300907"
"S4TX00714","MANNING, ZACHARIAH C.","Democratic Party","DEM","Senate","S","Texas","TX","00","DALLAS","TX","75251","2024","27-APR-23","2023","202304279581300906"
"H4IL17085","ESTRADA, RAFAEL","Republican Party","REP","House","H","Illinois","IL","17","GALESBURG","IL","61401","2024","27-APR-23","2023","202304279581300846"
"S4WV00332","JUSTICE, JAMES CONLEY II","Republican Party","REP","Senate","S","West Virginia","WV","00","CHARLESTON","WV","25304","2024","27-APR-23","2023","202304279581300832"
"H0VA09055","GRIFFITH, H MORGAN","Republican Party","REP","House","H","Virginia","VA","09","CHRISTIANSBURG","VA","24068","2024","27-APR-23","2023","202304279581300823"
"H4NC11094","REAGAN, CHRISTIAN","Republican Party","REP","House","H","North Carolina","NC","11","HAYESVILLE","NC","28904","2024","27-APR-23","2023","202304279581300913"
"H4OK01107","BAKER, DENNIS","Democratic Party","DEM","House","H","Oklahoma","OK","01","TULSA","OK","74170","2024","27-APR-23","2023","202304279581300982"
"P40012544","GARDNER, SCOTT AIDEN","Independent","IND","President","P","United States","00","00","TONEY","AL","35773","2024","27-APR-23","2023","202304279581301463"
"S4NM00134","CHICK, CAMERON ALTON MR. SR.","Independent","IND","Senate","S","New Mexico","NM","00","ALBUQUERQUE","NM","87110","2024","27-APR-23","2023","202304279581301464"
"S4MI00504","LOVE, LESLIE N.","Democratic Party","DEM","Senate","S","Michigan","MI","00","DETROIT","MI","48235","2024","27-APR-23","2023","202304279581305743"
"P40012551","EDGELL, SAUNDRA LOU","Independent","IND","President","P","United States","00","00","AVON","IN","46123","2024","27-APR-23","2023","202304279581306648"
"H4CA30230","BALEKIAN, ALEX ARTO","None","NNE","House","H","California","CA","30","GLENDALE","CA","91202","2024","27-APR-23","2023","202304279581301208"
"P40012460","HE, AARON M","Democratic Party","DEM","President","P","Washington","WA","00","BELLEVUE","WA","98004","2024","26-APR-23","2023","202304269581295593"
"P40012502","BABICZ, KEVIN","Libertarian Party","LIB","President","P","United States","00","00","SUMMAMISH","WA","98074","2024","26-APR-23","2023","202304260300441945"
"P40012536","ROREX, DUSTIN VAUGHN","Democratic Party","DEM","President","P","United States","00","00","PUEBLO","CO","81007","2024","26-APR-23","2023","202304269581296110"
"H2PA10124","DANIELS, SHAMAINE MS","Democratic Party","DEM","House","H","Pennsylvania","PA","10","HARRISBURG","PA","17106","2024","26-APR-23","2023","202304269581300499"
"P40012510","ENDELEY, SAINT JERMAINE MR.","Democratic Party","DEM","President","P","United States","00","00","STATEN ISLAND","NY","10310","2024","26-APR-23","2023","202304269581295734"
"P40012494","VIVROUX, MICHAEL ALAN","Republican Party","REP","President","P","United States","00","00","SEGUIN","TX","78155","2024","26-APR-23","2023","202304269581295690"
"P40012486","MORGAN, QUARTTERRIO","American People'S Freedom Party","APF","President","P","United States","00","00","DEATH VALLEY","CA","92328","2024","26-APR-23","2023","202304269581295688"
"P40012478","SHAFFER, KEITH CHARLES MR","Republican Party","REP","President","P","United States","00","00","SPRINGBROOK TWP","PA","18444","2024","26-APR-23","2023","202304269581295687"
"P80006067","DE LA TORRE, CHRIS MERRILL MR. SR.","Write-In","W","President","P","United States","00","00","PORTLAND","OR","97292","2024","26-APR-23","2023","202304269581300552"
"H0OH04085","SITES, JEFFREY ALAN","Democratic Party","DEM","House","H","Ohio","OH","04","CHILLICOTHE","OH","45601","2024","26-APR-23","2023","202304269581300551"
"H0TX20124","MCQUEEN, ELDON DAN","Democratic Party","DEM","House","H","Texas","TX","00","SAN ANTONIO","TX","78205","2024","25-APR-23","2023","202304259581294729"
"P40012437","SMREKER, ANDREW","Independent","IND","President","P","United States","00","00","CRYSTAL CITY","MO","63019","2024","25-APR-23","2023","202304259581294938"
"P80000722","BIDEN, JOSEPH R JR","Democratic Party","DEM","President","P","United States","00","00","PHILADELPHIA","PA","19102","2024","25-APR-23","2023","202304259581293792"
"P40012403","KIDD, THOMAS JAMES MR SR","Independent","IND","President","P","United States","00","00","STREET","MD","21154","2024","25-APR-23","2023","202304259581293808"
"H4FL22136","GUTMANN, ANDREW","Republican Party","REP","House","H","Florida","FL","22","DELRAY BEACH","FL","33483","2024","25-APR-23","2023","202304259581293810"
"P40012429","PHILLIPS, JUSTIN DON","American Independent Party","AIP","President","P","United States","00","00","BUTLER","PA","16001","2024","25-APR-23","2023","202304259581293812"
"H4MI10107","BUSCH, EMILY","Democratic Party","DEM","House","H","Michigan","MI","10","ROCHESTER","MI","48308","2024","25-APR-23","2023","202304259581293851"
"H4NY11195","ENDELEY, SAINT JERMAINE MR.","Democratic Party","DEM","House","H","New York","NY","11","RICHMOND COUNTY","NY","10310","2024","25-APR-23","2023","202304259581294328"
"H4WI01155","HAMMES, ANTHONY","Democratic Party","DEM","House","H","Wisconsin","WI","01","RACINE","WI","53402","2023","25-APR-23","2023","202304259581294473"
"P40012445","JACOBS, KEITH S","No Party Affiliation","NPA","President","P","United States","00","00","CHARLESTOWN","IN","47111","2024","25-APR-23","2023","202304259581295496"
"P40012452","GRAY, TYLER","Green Party","GRE","President","P","United States","00","00","JACKSON","TN","38301","2024","25-APR-23","2023","202304259581295506"
"P40012353","STOUDEMIRE, RONALISEYA RENEA MS.","Independent","IND","President","P","United States","00","00","HOUSTON","TX","77014","2024","24-APR-23","2023","202304249581263467"
"P40012395","MALONE, ROBERT","Republican Party","REP","President","P","New Jersey","NJ","00","RINGWOOD","NJ","07456","2024","24-APR-23","2023","202304249581292522"
"H4NY04133","HENRY, LAWRENCE PATRICK","Democratic Party","DEM","House","H","New York","NY","04","BALDWIN","NY","11510","2024","24-APR-23","2023","202304249581263461"
"P40012387","SAMPLES, KACEY NICOLE","Democratic Party","DEM","President","P","United States","00","00","MESA","AZ","85210","2024","24-APR-23","2023","202304249581292517"
"H2CA22215","MAHER, MICHAEL A","Republican Party","REP","House","H","California","CA","21","KINGSBURG","CA","93631","2024","24-APR-23","2023","202304249581292516"
"H4NY04141","MAHER, PATRICIA","Democratic Party","DEM","House","H","New York","NY","04","BALDWIN","NY","11510","2024","24-APR-23","2023","202304249581266833"
"H4FL08101","HEARTON, JOHN L MR.","Republican Party","REP","House","H","Florida","FL","08","SATELLITE BEACH","FL","32937","2024","24-APR-23","2023","202304249581266832"
"P40012361","BEAMON, SHAQUANA MS","Other","OTH","President","P","United States","00","00","UNIONDALE","NY","11553","2023","24-APR-23","2023","202304249581265781"
"H2TX06186","QUINTANILLA, CARLOS","Democratic Party","DEM","House","H","Texas","TX","33","DALLAS","TX","75211","2024","23-APR-23","2023","202304239581258845"
"P40012338","BIONDI, MELISSA","Libertarian Party","LIB","President","P","United States","00","00","GAINESVILLE","GA","30507","2024","23-APR-23","2023","202304239581258863"
"P40012346","LANE, DENNIS LORY","Independent","IND","President","P","United States","00","00","BELOIT","OH","44460","2024","23-APR-23","2023","202304239581258865"
"H4NY17143","GEREGHTY, ELIZABETH","Democratic Party","DEM","House","H","New York","NY","17","GOLDENS BRIDGE","NY","10526","2024","23-APR-23","2023","202304239581260682"
"P40012312","COX, DENNIS KEVIN JR","None","NNE","President","P","United States","00","00","FT. LAUDERDALE","FL","33313","2024","22-APR-23","2023","202304229581258637"
"P40012320","BOULOS, OMAR JAMIL","No Party Affiliation","NPA","President","P","United States","00","00","ANGIER","NC","27501","2024","22-APR-23","2023","202304229581258733"
"H4CA30222","SAWCHUK, ERIC RICHARD","Republican Party","REP","House","H","California","CA","30","WEST COVINA","CA","91791","2024","22-APR-23","2023","202304229581258740"
"P40012288","VASQUEZ, DANNY RAY","None","NNE","President","P","United States","00","00","PHOENIX","AZ","85040","2024","21-APR-23","2023","202304219581258606"
"P40012296","RUSHING, TIMOTHY NEIL MR.","Constitutional","CST","President","P","United States","00","00","MARATHON","FL","33050","2024","21-APR-23","2023","202304219581258626"
"P40012304","KING, JODY DANIEL","Republican Party","REP","President","P","United States","00","00","HARRISBURG","PA","17111","2024","21-APR-23","2023","202304219581258627"
"P40012379","BURBRIDGE, BRUCE","Independent","IND","President","P","United States","00","00","ABERDEEN","WA","98520","2024","21-APR-23","2023","202304240300441720"
"P40012254","JONES, JULIE","Democratic Party","DEM","President","P","United States","00","00","WASHINGTON","DC","20005","2024","21-APR-23","2023","202304210300441565"
"S6CA00790","PIERCE, DOUGLAS HOWARD","Democratic Party","DEM","Senate","S","California","CA","00","BEVERLY HILLS","CA","90209","2024","21-APR-23","2023","202304210300441666"
"S4TX00706","TCHENKO, THIERRY","Democratic Party","DEM","Senate","S","Texas","TX","00","HOUSTON","TX","77052","2024","21-APR-23","2023","202304210300441676"
"H4RI01273","BERBRICK, WALTER","Democratic Party","DEM","House","H","Rhode Island","RI","01","PROVIDENCE","RI","02904","2023","21-APR-23","2023","202304219581254491"
"H4AL03079","WOODRING, NATHAN LEROY","Republican Party","REP","House","H","Alabama","AL","03","ABBEVILLE","AL","36310","2024","21-APR-23","2023","202304219581256253"
"P40012262","LORENZ, FRANCIS JOE MAMA","Other","OTH","President","P","United States","00","00","RIDGE","NY","11961","2024","21-APR-23","2023","202304219581258566"
"P40012270","FORD, TIFFANY SHAWN","Independent","IND","President","P","United States","00","00","MUNCIE","IN","47302","2024","21-APR-23","2023","202304219581258567"
"P40012239","SNIDER, MESSIAH MARTY ERRIN","Other","OTH","President","P","United States","00","00","OVERGAARD","AZ","85933","2024","20-APR-23","2023","202304200300441321"
"H0MI10287","MCCLAIN, LISA","Republican Party","REP","House","H","Michigan","MI","10","BRUCE TOWNSHIP","MI","48065","2024","20-APR-23","2023","202304209581167980"
"H8KY02031","GUTHRIE, S. BRETT HON.","Republican Party","REP","House","H","Kentucky","KY","02","BOWLING GREEN","KY","421031593","2024","20-APR-23","2023","202304209581180054"
"H2HI02581","TOKUDA, JILL NAOMI","Democratic Party","DEM","House","H","Hawaii","HI","02","KANEOHE","HI","96744","2024","20-APR-23","2023","202304209581191001"
"P40012247","POWELL, SYKEMA","Democratic Party","DEM","President","P","United States","00","00","APOLLO BEACH","FL","33572","2024","20-APR-23","2023","202304209581217212"
"H8OH12180","BALDERSON, WILLIAM TROY","Republican Party","REP","House","H","Ohio","OH","12","ZANESVILLE","OH","437011955","2024","20-APR-23","2023","202304209581194486"
"H4WA03122","LEWALLEN, LESLIE","Republican Party","REP","House","H","Washington","WA","03","CAMAS","WA","98607","2024","20-APR-23","2023","202304209581203328"
"H4NY03093","MURPHY, WILLIAM","Democratic Party","DEM","House","H","New York","NY","03","FARMINGDALE","NY","11735","2024","20-APR-23","2023","202304209581203386"
"S4MI00496","BEYDOUN, NASSER","Democratic Party","DEM","Senate","S","Michigan","MI","00","DEARBORN","MI","48124","2024","20-APR-23","2023","202304209581192358"
"H2MS04258","EZELL, WALTER MICHAEL","Republican Party","REP","House","H","Mississippi","MS","04","WASHINGTON","DC","20515","2024","19-APR-23","2023","202304199581137077"
"H0TX33028","VALENCIA AVALOS, VIKTOR J.","Democratic Party","DEM","House","H","Texas","TX","33","FORT WORTH","TX","76115","2024","19-APR-23","2023","202304199581137967"
"H4CA12188","SANCHEZ, TIM","Democratic Party","DEM","House","H","California","CA","12","OAKLAND","CA","94604","2024","19-APR-23","2023","202304199581045786"
"H0FL13158","PAULINA LUNA, ANNA","Republican Party","REP","House","H","Florida","FL","13","SAINT PETERSBURG","FL","337428001","2024","19-APR-23","2023","202304199581049981"
"H4CO03316","ANDREWS, RUSS ALBERT MR.","Republican Party","REP","House","H","Colorado","CO","03","CARBONDALE","CO","81623","2024","19-APR-23","2023","202304199581049997"
"H4TX31057","ABEL, WILLIAM","Republican Party","REP","House","H","Texas","TX","31","COPPERAS COVE","TX","76522","2024","19-APR-23","2023","202304199581133755"
"H4AS00036","AMATA, AUMUA","Republican Party","REP","House","H","American Samoa","AS","00","PAGO PAGO","AS","96799","2024","19-APR-23","2023","202304199581050181"
"P40011900","ST CLAIR, TIMOTHY CLINT MR.","Other","OTH","President","P","United States","00","00","EULESS","TX","76040","2024","19-APR-23","2023","202304199581050371"
"H2NC02253","ROBERSON, SANDY","Republican Party","REP","House","H","North Carolina","NC","02","ROCKY MOUNT","NC","27804","2024","19-APR-23","2023","202304199581050788"
"H4CA49131","ADAMS, SHERYL L","Republican Party","REP","House","H","California","CA","49","DEL MAR","CA","92014","2024","19-APR-23","2023","202304199581051219"
"H4CA45154","PHAM, JIMMY D","Democratic Party","DEM","House","H","California","CA","45","WESTMINSTER","CA","92683","2024","19-APR-23","2023","202304199581051230"
"H4TX25182","LUCCI, MATTHEW","Republican Party","REP","House","H","Texas","TX","25","ARLINGTON","TX","76003","2024","19-APR-23","2023","202304199581050180"
"H4IL07177","CONYEARS-ERVIN, MELISSA","Democratic Party","DEM","House","H","Illinois","IL","07","CHICAGO","IL","60612","2024","18-APR-23","2023","202304189581035836"
"H4IN05187","CUMMINGS, RODNEY JUSTIN MR","Republican Party","REP","House","H","Indiana","IN","05","ANDERSON","IN","46011","2024","18-APR-23","2023","202304189581036761"
"P40012205","FOREMAN, JOSEPH","Independent","IND","President","P","United States","00","00","WINCHESTER","OH","45697","2024","18-APR-23","2023","202304189581037925"
"H4RI01265","AMO, GABRIEL F","Democratic Party","DEM","House","H","Rhode Island","RI","01","PROVIDENCE","RI","02940","2023","18-APR-23","2023","202304189581032525"
"P40012221","HOLLICK, ADAM","Green Party","GRE","President","P","Maine","ME","00","SOUTH BERWICK","ME","03908","2024","18-APR-23","2023","202304189581039438"
"H4PA12068","HAYES, JAMES DR.","Republican Party","REP","House","H","Pennsylvania","PA","12","PITTSBURGH","PA","15232","2024","18-APR-23","2023","202304189581039460"
"H0IN03198","STUTZMAN, MARLIN A","Republican Party","REP","House","H","Indiana","IN","03","HOWE","IN","46746","2024","18-APR-23","2023","202304189581033322"
"P40012213","BEAUFORD, WILLIAM ANDERSON","Republican Party","REP","President","P","United States","00","00","KANSAS CITY","MO","65738","2024","18-APR-23","2023","202304189581038046"
"H8MP00041","SABLAN, GREGORIO KILILI CAMACHO REP.","Democratic Party","DEM","House","H","Northern Mariana Islands","MP","00","SAIPAN","MP","96950","2024","17-APR-23","2023","202304179581019988"
"H6CO05159","LAMBORN, DOUGLAS","Republican Party","REP","House","H","Colorado","CO","05","COLORADO SPRINGS","WY","80962","2024","17-APR-23","2023","202304179581023111"
"P40012189","COLEMAN, GERRY","Democratic Party","DEM","President","P","United States","00","00","OVERLAND PARK","KS","66210","2024","17-APR-23","2023","202304179581027202"
"H4RI01257","CARLSON, DON","Democratic Party","DEM","House","H","Rhode Island","RI","01","JAMESTOWN","RI","02835","2024","17-APR-23","2023","202304179581026069"
"S4CA00910","PETERSON, DAVID","Democratic Party","DEM","Senate","S","California","CA","00","GRASS VALLEY","","","2024","17-APR-23","2023","202304170300440825"
"H4RI01257","CARLSON, DON","Democratic Party","DEM","House","H","Rhode Island","RI","01","JAMESTOWN","RI","02835","2023","17-APR-23","2023","202304179581026042"
"S4MI00488","BURNS, ZACK","Democratic Party","DEM","Senate","S","Michigan","MI","00","ANN ARBOR","MI","48106","2024","16-APR-23","2023","202304169581019890"
"P40012171","SANDRICK, TRACI ANN","Republican Party","REP","President","P","Illinois","IL","00","LEMONT","IL","60439","2024","16-APR-23","2023","202304169581019557"
"S4WI00181","AUBART, SCOTT A MR","American Independent Party","AIP","Senate","S","Wisconsin","WI","00","COLFAX","WI","54730","2024","16-APR-23","2023","202304169581019442"
"P40012163","PROCUK, BRYAN DANIEL MR","Write-In","W","President","P","United States","00","00","WILLOUGHBY","OH","44094","2024","16-APR-23","2023","202304169581019380"
"P40012148","MOLAISON, JOHN ANTHONY","Republican Party","REP","President","P","United States","00","00","KATY","TX","77494","2023","15-APR-23","2023","202304159580720110"
"H4ID02071","GRAYSON, RICHARD","Democratic Party","DEM","House","H","Idaho","ID","02","APACHE JUNCTION","AZ","85120","2024","15-APR-23","2023","202304159580876182"
"P40012155","SCOTT, TIMOTHY E.","Republican Party","REP","President","P","United States","00","00","CHARLESTON","SC","294075305","2024","15-APR-23","2023","202304159580865558"
"S4CA00647","FARMOS, JACOB","Democratic Party","DEM","Senate","S","California","CA","00","LIVERMORE","CA","94550","2024","14-APR-23","2023","202304149580391918"
"S4NJ00417","SIGNORELLO, JOSEPH III","Democratic Party","DEM","Senate","S","New Jersey","NJ","00","ROSELLE PARK","NJ","07204","2024","14-APR-23","2023","202304149580557190"
"H4NE01171","SOLOMON, AVA CHER","Republican Party","REP","House","H","Nebraska","NE","01","OMAHA","NE","68105","2024","14-APR-23","2023","202304149580414214"
"H4RI01240","TILLINGHAST, MICHAEL ADRIAN","Democratic Party","DEM","House","H","Rhode Island","RI","01","PROVIDENCE","RI","02907","2023","14-APR-23","2023","202304149580403821"
"H4WI07129","KILBOURN, KYLE","Democratic Party","DEM","House","H","Wisconsin","WI","07","RHINELANDER","WI","54501","2024","13-APR-23","2023","202304139580375932"
"H2IL11272","MERCADO, O KENT DR","Republican Party","REP","House","H","Illinois","IL","11","BARTLETT","IL","60103","2024","13-APR-23","2023","202304139580376152"
"H2FL21108","FRANZESE, DANIEL JOHN","Republican Party","REP","House","H","Florida","FL","22","PALM BEACH","FL","33480","2024","13-APR-23","2023","202304139580376982"
"S4FL00561","ROMAGNANO, CHASE ANDERSON MR.","Democratic Party","DEM","Senate","S","Florida","FL","00","PENSACOLA","FL","32505","2024","13-APR-23","2023","202304139580385513"
"P00015560","PINNAVARIA, CARMELO (CARMEN) MR.","Write-In","W","President","P","United States","00","00","CARY","IL","60013","2024","13-APR-23","2023","202304139580377387"
"H4CA42086","SHERIDAN, TIMOTHY J","Democratic Party","DEM","House","H","California","CA","41","LAKE ELSINORE","CA","92532","2024","13-APR-23","2023","202304139580385393"
"S4UT00209","WILSON, BRAD","Republican Party","REP","Senate","S","Utah","UT","00","SALT LAKE CITY","UT","84158","2024","13-APR-23","2023","202304139580385429"
"H2NY24150","KLEE HOOD, SARAH","Democratic Party","DEM","House","H","New York","NY","22","SYRACUSE","NY","13214","2024","13-APR-23","2023","202304139580377375"
"H4OH09151","MAJEWSKI, JR","Republican Party","REP","House","H","Ohio","OH","09","PORT CLINTON","OH","43452","2024","12-APR-23","2023","202304129579864664"
"H2AZ02311","ENGEL, KIRSTEN","Democratic Party","DEM","House","H","Arizona","AZ","06","TUCSON","AZ","85717","2024","12-APR-23","2023","202304129579864789"
"H4AZ01210","KROEMER, KURT","Democratic Party","DEM","House","H","Arizona","AZ","01","PHOENIX","AZ","85068","2024","12-APR-23","2023","202304129579868041"
"P40012114","VASQUEZ, DANNY RAY","None","NNE","President","P","United States","00","00","PHOENIX","AZ","85040","2024","12-APR-23","2023","202304129579868910"
"P20003174","SPONHEIM, DAVID JON","Other","OTH","President","P","United States","00","10","OAK HARBOR","WA","98277","2024","12-APR-23","2023","202304120300440129"
"H2CA14204","IYER, STEVE","Republican Party","REP","House","H","California","CA","14","SAN RAMON","CA","94583","2024","12-APR-23","2023","202304129579869621"
"H2CA13123","MARTINEZ, DIEGO J","Republican Party","REP","House","H","California","CA","13","SONORA","CA","95370","2024","12-APR-23","2023","202304129579869636"
"H2CA07141","SEMENENKO, MAX","Republican Party","REP","House","H","California","CA","07","CITRUS HEIGHTS","CA","95610","2024","12-APR-23","2023","202304129579869653"
"H0CA20122","GORMAN, JEFF","Republican Party","REP","House","H","California","CA","19","MONTEREY","CA","93940","2024","12-APR-23","2023","202304129579869503"
"P40012106","GONCE, BRANDON","Republican Party","REP","President","P","United States","00","00","NINETY SIX","SC","29666","2024","11-APR-23","2023","202304119579791935"
"P40012072","DADA, SEAN ADAM","Independent","IND","President","P","United States","00","00","SYRACUSE","IN","46567","2023","11-APR-23","2023","202304119579739529"
"P40012080","EBERWINE, MARK ALAN MR.","Other","OTH","President","P","United States","00","00","SAN ANTONIO","TX","78239","2024","11-APR-23","2023","202304119579739531"
"P40012098","DE BOURBON-MONTENEGRO, CARLOS ANTONIO","Independent","IND","President","P","United States","00","00","HAWTHORNE","CA","90250","2024","11-APR-23","2023","202304119579739532"
"H8NY22177","RILEY, JOSH","Democratic Party","DEM","House","H","New York","NY","19","ITHACA","NY","14851","2024","11-APR-23","2023","202304119579739828"
"H4CA47135","UKROPINA, MAX","Republican Party","REP","House","H","California","CA","47","NEWPORT BEACH","CA","92662","2024","11-APR-23","2023","202304119579791709"
"H4PA17158","NELSON, JAMES D. DR.","Republican Party","REP","House","H","Pennsylvania","PA","17","PITTSBURGH","PA","15244","2024","11-APR-23","2023","202304119579741067"
"S4FL00553","GROSS, KEITH","Republican Party","REP","Senate","S","Florida","FL","00","ALEXANDRIA","VA","22313","2024","11-APR-23","2023","202304119579741272"
"H4CA45147","HUNT, CHEYENNE","Democratic Party","DEM","House","H","California","CA","45","LAGUNA HILLS","CA","92653","2024","11-APR-23","2023","202304119579742680"
"S4ME00113","COSTELLO, DAVID ALLEN","Democratic Party","DEM","Senate","S","Maine","ME","00","BRUNSWICK","ME","04011","2024","11-APR-23","2023","202304119579743235"
"S4CA00639","EARLY, ERIC","Republican Party","REP","Senate","S","California","CA","00","HILMAR","CA","95324","2024","11-APR-23","2023","202304119579740833"
"P40012031","PINA, RODOLFO JR","None","NNE","President","P","United States","00","00","BALDWIN PARK","CA","91706","2024","10-APR-23","2023","202304109579736049"
"P40012049","KELLY, JEREMY 4798573999","Republican Party","REP","President","P","Florida","FL","00","PENSACOLA","FL","32506","2024","10-APR-23","2023","202304109579736817"
"H4CA06149","DELUZ, CRAIG","Republican Party","REP","House","H","California","CA","06","SACRAMENTO","CA","95838","2024","10-APR-23","2023","202304109579736872"
"P40012197","CRAWFORD, ROMERO AWTRO","Independent","IND","President","P","United States","00","00","DULZURA","CA","91917","2024","10-APR-23","2023","202304170300440636"
"P40012056","STEWART, BENJAMIN (BEN)","Write-In","W","President","P","United States","00","00","PULASKI","TN","38478","2024","10-APR-23","2023","202304109579737619"
"P40012064","NELSON, RICHARD HALE 5127994119","Democratic Party","DEM","President","P","United States","00","00","AUSTIN","TX","78731","2024","10-APR-23","2023","202304109579737868"
"S4AZ00188","LAMB, MARK","Republican Party","REP","Senate","S","Arizona","AZ","00","PHOENIX","AZ","85004","2024","10-APR-23","2023","202304109579738027"
"H4RI01232","CASEY, STEPHEN M","Democratic Party","DEM","House","H","Rhode Island","RI","01","WOONSOCKET","RI","02895","2023","10-APR-23","2023","202304109579737451"
"P40012015","AYYADURAI, SHIVA DR.","Independent","IND","President","P","United States","00","00","CAMBRIDGE","MA","02138","2024","09-APR-23","2023","202304099579735350"
"H2NH01296","KILBANE, MARK","Republican Party","REP","House","H","New Hampshire","NH","02","EXETER","NH","03833","2024","09-APR-23","2023","202304099579735342"
"P40012023","MORTIMORE, ERIC L","Republican Party","REP","President","P","Nebraska","NE","00","KEARNEY","NE","68845","2024","09-APR-23","2023","202304099579735516"
"S4AZ00170","WRIGHT, BRIAN MR","Republican Party","REP","Senate","S","Arizona","AZ","00","SCOTTSDALE","AZ","85255","2024","09-APR-23","2023","202304099579735419"
"P40012007","CLOUTE, ALEXIS JEAN MS","No Party Affiliation","NPA","President","P","United States","00","00","JANESVILLE","WI","53548","2024","08-APR-23","2023","202304089579735275"
"H4GA91014","CURRY, MARK MR JR","Republican Party","REP","House","H","Georgia","GA","91","LITHONIA","GA","30038","2024","08-APR-23","2023","202304089579735143"
"P40011926","WALTERS, RICHARD JOHN","Independent","IND","President","P","New Jersey","NJ","00","OCEAN GROVE","NJ","07756","2024","07-APR-23","2023","202304079579730113"
"P40011959","WALKER, KEIRA ANNE MS","Democratic Party","DEM","President","P","United States","00","00","LAKELAND","FL","32904","2024","07-APR-23","2023","202304079579730203"
"P40011975","GERVASIO, JOSEPH ANTHONY MR JR","Republican Party","REP","President","P","United States","00","00","NEW OXFORD","PA","17350","2024","07-APR-23","2023","202304079579731786"
"S4FL00546","HERNANDEZ, SALOMON SR.","Write-In","W","Senate","S","Florida","FL","00","TAMPA","FL","33604","2024","07-APR-23","2023","202304079579734912"
"H4OH13120","WALKER, LIAM THOMAS MR","George Wallace Party","GWP","House","H","Ohio","OH","13","AKRON","OH","44320","2024","07-APR-23","2023","202304079579732174"
"P40011983","OLIVER, CHASE RUSSELL","Libertarian Party","LIB","President","P","United States","00","00","TUCKER","GA","30084","2024","07-APR-23","2023","202304079579733362"
"P40011918","MARRANZINO, CARMINE MR.","Republican Party","REP","President","P","United States","00","00","YONKERS","NY","10704","2024","07-APR-23","2023","202304079579730108"
"S4UT00191","JENSEN, TYRONE","Republican Party","REP","Senate","S","Utah","UT","00","RICHFIELD","UT","84701","2024","07-APR-23","2023","202304079579731787"
"P40011900","ST CLAIR, TIMOTHY CLINT MR.","Other","OTH","President","P","United States","00","00","EULESS","TX","76040","2023","06-APR-23","2023","202304069579728730"
"P40011884","ERICKSON, THOMAS","No Party Affiliation","NPA","President","P","United States","00","00","MANHEIM","PA","17545","2024","06-APR-23","2023","202304069579726833"
"P40011892","KLUESNER, JEREMY J","Republican Party","REP","President","P","United States","00","00","KATY","TX","77494","2024","06-APR-23","2023","202304069579727815"
"H4CA31113","ARCHULETA, BOB","Democratic Party","DEM","House","H","California","CA","31","INGLEWOOD","CA","90301","2024","06-APR-23","2023","202304069579725202"
"P40011827","SHOUP, DAVID LEE MR. JR","Republican Party","REP","President","P","United States","00","00","LAKEVILLE","OH","44638","2024","06-APR-23","2023","202304069579725207"
"P40011835","KENNEDY, WILLIAM","Independent","IND","President","P","United States","00","00","DUCK HILL","MS","38925","2023","06-APR-23","2023","202304069579725225"
"H4MI01155","BARR, CALLIE","Democratic Party","DEM","House","H","Michigan","MI","01","TRAVERSE CITY","MI","49696","2024","06-APR-23","2023","202304069579725226"
"H2PA01099","EHASZ, ASHLEY","Democratic Party","DEM","House","H","Pennsylvania","PA","01","BENSALEM","PA","19020","2024","06-APR-23","2023","202304069579725290"
"H4AZ01202","CHERNY, ANDREI","Democratic Party","DEM","House","H","Arizona","AZ","01","PHOENIX","AZ","85068","2024","06-APR-23","2023","202304069579725405"
"P40011843","FELTON, ALIDA","Democratic Party","DEM","President","P","United States","00","00","WASHINGTON","DC","20002","2024","06-APR-23","2023","202304069579725407"
"H4OH09144","LANKENAU, STEVE","Republican Party","REP","House","H","Ohio","OH","09","DEFIANCE","OH","43512","2024","06-APR-23","2023","202304069579725496"
"H2MD08183","ROCA, MARIELA","Republican Party","REP","House","H","Maryland","MD","06","FREDERICK","MD","21702","2024","06-APR-23","2023","202304069579725516"
"P40011850","HUTCHINSON, W. ASA","Republican Party","REP","President","P","United States","00","00","ROGERS","AR","72227","2024","06-APR-23","2023","202304069579725550"
"P40011868","BINKLEY, RYAN","Republican Party","REP","President","P","United States","00","00","DALLA","TX","75244","2024","06-APR-23","2023","202304069579725950"
"P40011876","ASHCRAFT, TODD J","Democratic Party","DEM","President","P","United States","00","00","RALEIGH","NC","27610","2024","06-APR-23","2023","202304069579726332"
"H4RI01224","QUEZADA, ANA B MRS.","Democratic Party","DEM","House","H","Rhode Island","RI","01","PROVIDENCE","RI","02907","2023","06-APR-23","2023","202304069579726857"
"P40011769","ACEVEDO DIAZ PARES MIRANDA, VANDERELMO JAMES SR SR","STA","STA","President","P","District Of Columbia","DC","00","CIALES","PR","00638","2024","05-APR-23","2023","202304059579709189"
"P40011819","GEESAMAN, BRIAN EUGENE MR","Democratic Party","DEM","President","P","United States","00","00","BLUFFTON","IN","46714","2023","05-APR-23","2023","202304059579725195"
"P40011777","TANNER, SUZZANNA V","Independent","IND","President","P","United States","00","00","VANCOUVER","WA","98661","2024","05-APR-23","2023","202304059579709468"
"P40011785","SEMBOWER, GREG LITMAN MR.","Republican Party","REP","President","P","United States","00","00","SCOTTSDALE","AZ","85262","2024","05-APR-23","2023","202304059579709567"
"H4AZ01194","SHAH, AMISH DR.","Democratic Party","DEM","House","H","Arizona","AZ","01","PHOENIX","AZ","85014","2024","05-APR-23","2023","202304059579709589"
"P40011793","KENNEDY, ROBERT F JR.","Democratic Party","DEM","President","P","United States","00","00","SAN DIEGO","CA","92101","2024","05-APR-23","2023","202304059579709672"
"H4IN01194","RUIZ, DAVID BEN","Republican Party","REP","House","H","Indiana","IN","01","EAST CHICAGO","IN","46312","2024","05-APR-23","2023","202304059579710151"
"H2NH02260","WILLIAMS, LILY TANG","Republican Party","REP","House","H","New Hampshire","NH","02","WEARE","NH","03281","2024","05-APR-23","2023","202304059579716235"
"H4OH06108","FARMS, WILLIAM","Independent","IND","House","H","Ohio","OH","06","JEWETT","OH","43986","2024","05-APR-23","2023","202304059579716236"
"H4WA10051","MAHAFFY, ERIC STEVEN","Democratic Party","DEM","House","H","Washington","WA","10","OLYMPIA","WA","98501","2024","05-APR-23","2023","202304059579716237"
"P40011801","JAMES, BRYAN","Democratic Party","DEM","President","P","United States","00","00","ROCKINGHAM","NC","28379","2024","05-APR-23","2023","202304059579717954"
"H4CA53117","ANDERSON, JASON","Republican Party","REP","House","H","California","CA","53","JURUPA VALLEY","CA","92509","2024","05-APR-23","2023","202304059579725094"
"S4FL00538","HORAN, DONALD","Democratic Party","DEM","Senate","S","Florida","FL","00","FORT LAUDERDALE","FL","33303","2024","05-APR-23","2023","202304059579725127"
"H4SC03145","DUNCAN, DANIEL A","Democratic Party","DEM","House","H","South Carolina","SC","03","LAURENS","SC","29360","2024","05-APR-23","2023","202304059579709114"
"H4AZ03117","TERAN, RAQUEL","Democratic Party","DEM","House","H","Arizona","AZ","03","GLENDALE","AZ","85311","2024","05-APR-23","2023","202304059579709226"
"H4OH09136","WILCZYNSKI, DANIEL VINCENT","Republican Party","REP","House","H","Ohio","OH","09","WALBRIDGE","OH","43465","2024","04-APR-23","2023","202304049579703164"
"H4MI10099","YOUNG, DIANE","Democratic Party","DEM","House","H","Michigan","MI","10","STERLING HEIGHTS","MI","48311","2024","04-APR-23","2023","202304049579703212"
"H4TX07123","COUCH, CHARLES VINCENT MR.","Other","OTH","House","H","Texas","TX","07","BELLAIRE","TX","77401","2023","04-APR-23","2023","202304049579705378"
"S4MO00243","RUTHERFORD, SAMUEL MR","Democratic Party","DEM","Senate","S","Missouri","MO","00","KANSAS","MO","64118","2023","04-APR-23","2023","202304049579709036"
"P60005790","SPEARS, ALAN ERROL ESQ.","Republican Party","REP","President","P","United States","00","00","CEDAR GLEN","CA","92321","2024","04-APR-23","2023","202304049579706844"
"H4AZ03109","ANSARI, YASSAMIN","Democratic Party","DEM","House","H","Arizona","AZ","03","PHOENIX","AZ","85002","2024","04-APR-23","2023","202304049579707722"
"H4TX03130","HARP, SUZANNE CASSIMATIS","Republican Party","REP","House","H","Texas","TX","03","ALLEN","TX","75002","2024","04-APR-23","2023","202304049579707876"
"H4MI03243","MARKEY, MICHAEL JAY MR. JR.","Republican Party","REP","House","H","Michigan","MI","03","GRAND HAVEN","MI","49417","2024","04-APR-23","2023","202304049579706822"
"P40011744","CHRIST, JESUS","American Independent Party","AIP","President","P","United States","00","00","LOS ANGELES","CA","900081709","2024","03-APR-23","2023","202304030300439269"
"S4NV00262","PHILLIPS, STEPHANIE","Republican Party","REP","Senate","S","Nevada","NV","00","LAS VEGAS","NV","89146","2024","03-APR-23","2023","202304039579702647"
"H4TX12057","O'SHEA, JOHN","Republican Party","REP","House","H","Texas","TX","12","FORT WORTH","TX","76104","2024","03-APR-23","2023","202304039579702660"
"P60005865","RAPHAEL, DAVID MD","LHT","LHT","President","P","United States","00","00","MILL VALLEY","CA","94941","2024","03-APR-23","2023","202304030300439351"
"H2FL11117","SABATINI, ANTHONY","Republican Party","REP","House","H","Florida","FL","11","MOUNT DORA","FL","32757","2024","03-APR-23","2023","202304039579697774"
"H4NY03085","CURRY, KELLEN","Republican Party","REP","House","H","New York","NY","03","CARLE PLACE","NY","11514","2024","03-APR-23","2023","202304039579697800"
"P40011751","VALENTINE, CHRIS ADAM MR","None","NNE","President","P","United States","00","00","ATHENS","GA","30607","2024","03-APR-23","2023","202304039579701576"
"H4ME02275","CROSS, ROBERT N","Republican Party","REP","House","H","Maine","ME","02","DEDHAM","ME","04429","2024","03-APR-23","2023","202304039579698129"
"P40011736","LLANES, ANTHONY","Republican Party","REP","President","P","United States","00","00","MYRTLE BEACH","SC","29578","2024","03-APR-23","2023","202304039579698631"
"H2CA08214","MARSHALL, DEREK","Democratic Party","DEM","House","H","California","CA","23","VICTORVILLE","CA","92395","2024","03-APR-23","2023","202304039579698650"
"H4CA45139","PAI, ADITYA","Democratic Party","DEM","House","H","California","CA","45","LONG BEACH","CA","90802","2024","03-APR-23","2023","202304039579698848"
"H4OH03105","CHANDRAKUMAR, ROSHAN","Democratic Party","DEM","House","H","Ohio","OH","03","COLUMBUS","OH","43201","2024","03-APR-23","2023","202304039579701125"
"H4PA16093","NOURI, PRESTON","Democratic Party","DEM","House","H","Pennsylvania","PA","16","PHILADELPHIA","PA","19110","2024","03-APR-23","2023","202304039579701564"
"S4MO00235","MURPHY, CHRISTOPHER S","Republican Party","REP","Senate","S","Missouri","MO","00","CHESTERFIELD","MO","63005","2023","03-APR-23","2023","202304039579697801"
"S4VA00312","PARKINSON, SCOTT THOMAS","Republican Party","REP","Senate","S","Virginia","VA","00","ARLINGTON","VA","22205","2024","02-APR-23","2023","202304029579697701"
"H2OH09189","RIEDEL, CRAIG","Republican Party","REP","House","H","Ohio","OH","09","DEFIANCE","OH","43512","2024","02-APR-23","2023","202304029579697760"
"P40011728","CID, ERICK MR.","Republican Party","REP","President","P","United States","00","00","SOUTH PORTLAND","ME","04106","2024","02-APR-23","2023","202304029579696951"
"P40011710","ACEVEDO DIAZ PARES MIRANDA, VANDERELMO JAMES SR","STA","STA","President","P","United States","00","00","CIALES","DC","00638","2024","02-APR-23","2023","202304029579696945"
"P40011702","KAY, DAVID","Write-In","W","President","P","United States","00","00","W LAFAYETTE","IN","47906","2024","02-APR-23","2023","202304029579696895"
"S4VA00304","WALLACE, TJ","Republican Party","REP","Senate","S","Virginia","VA","00","PETERSBURG","VA","23803","2024","01-APR-23","2023","202304019579694219"
"P40011694","WALLACE, TJ","Republican Party","REP","President","P","United States","00","00","PETERSBURG","VA","23803","2024","01-APR-23","2023","202304019579694228"
"H2CA00153","RECILE, RUDY","Republican Party","REP","House","H","California","CA","08","VACAVILLE","CA","95687","2024","01-APR-23","2023","202304019579694540"
"H2CA04148","BROCK, MATTHEW","Republican Party","REP","House","H","California","CA","04","VACAVILLE","CA","95696","2024","01-APR-23","2023","202304019579695369"
"H4RI01216","REGUNBERG, AARON","Democratic Party","DEM","House","H","Rhode Island","RI","01","PROVIDENCE","RI","02906","2023","01-APR-23","2023","202304019579695235"
"H4MD01143","BRUNEAU, CHRISTOPHER MARC MR SR","Republican Party","REP","House","H","Maryland","MD","01","BEL AIR","MD","21014","2024","01-APR-23","2023","202304019579695276"
"H2KY02125","COMPTON, WILLIAM DAKOTA","Democratic Party","DEM","House","H","Kentucky","KY","02","BOWLING GREEN","KY","42101","2024","01-APR-23","2023","202304019579695292"
"H4SC01305","DEFORD, WILLIAM MAC","Democratic Party","DEM","House","H","South Carolina","SC","01","MOUNT PLEASANT","SC","29465","2024","01-APR-23","2023","202304019579694589"
"H4IN03166","KENWORTHY, JON MICHAEL MR.","Republican Party","REP","House","H","Indiana","IN","03","FORT WAYNE","IN","46845","2024","31-MAR-23","2023","202303319579693539"
"P40011652","JONES, TONY","Reform Party","REF","President","P","United States","00","00","NARRAGANSETT","RI","02882","2024","31-MAR-23","2023","202303319579693540"
"P40011660","BEATTY, STANLEY CLINT","Republican Party","REP","President","P","United States","00","00","WEST","TX","76691","2024","31-MAR-23","2023","202303319579694038"
"H4VA04066","MCCLELLAN, JENNIFER","Democratic Party","DEM","House","H","Virginia","VA","04","RICHMOND","VA","23218","2024","31-MAR-23","2023","202303319579693820"
"H2MI04260","ALFONSO, JOSEPH","Democratic Party","DEM","House","H","Michigan","MI","04","HOLLAND","MI","49423","2024","31-MAR-23","2023","202303319579693717"
"S4NE00181","JANULEWICZ, MICHAEL JAMES","Democratic Party","DEM","Senate","S","Nebraska","NE","00","OMAHA","NE","68135","2024","30-MAR-23","2023","202303309579693534"
"H2MA02085","SOSSA-PAQUETTE, JEFF","Republican Party","REP","House","H","Massachusetts","MA","02","WORCESTER","MA","01606","2024","30-MAR-23","2023","202303309579689827"
"P20002861","HUNT, EUGENE ROSELL JR","Republican Party","REP","President","P","United States","00","00","GAYLORD","MI","49734","2024","30-MAR-23","2023","202303300300439164"
"H4IL08142","PATEL, ABHIJIT MR.","Republican Party","REP","House","H","Illinois","IL","08","SCHAUMBURG","IL","60193","2024","29-MAR-23","2023","202303299579685180"
"P40011611","WAGNER, RAYMOND DUDE","Libertarian Party","LIB","President","P","United States","00","00","BARSTOW","CA","92311","2024","29-MAR-23","2023","202303299579685181"
"P40011645","KJORNES, DONALD MAYS","Republican Party","REP","President","P","United States","00","00","WATERTOWN","SD","57201","2024","29-MAR-23","2023","202303299579688204"
"H4KY05041","KRAFTCHAK, DAVID EDMUND MR. JR","Republican Party","REP","House","H","Kentucky","KY","05","LONDON","KY","40744","2024","29-MAR-23","2023","202303299579685518"
"S4VA00296","HARDIN, JT","Democratic Party","DEM","Senate","S","Virginia","VA","00","PETERSBURG","VA","23803","2024","29-MAR-23","2023","202303299579688109"
"P40011629","FARMS, WILLIAM","Independent","IND","President","P","United States","00","00","JEWETT","OH","43986","2024","29-MAR-23","2023","202303299579685277"
"H4AZ05096","OLSON, EVAN ANDREW","Independent","IND","House","H","Arizona","AZ","05","MESA","AZ","85212","2024","28-MAR-23","2023","202303289579682574"
"H4LA01154","MANUEL, MEL INARI","Democratic Party","DEM","House","H","Louisiana","LA","01","MADISONVILLE","LA","70447","2024","28-MAR-23","2023","202303289579684547"
"H4VA08356","SAHEBIAN, ADAM MUSTAFA","Democratic Party","DEM","House","H","Virginia","VA","08","FALLS CHURCH","VA","22044","2024","28-MAR-23","2023","202303289579684546"
"P40011595","KENT, VAN","Independent","IND","President","P","United States","00","00","DELTON","MI","49046","2024","27-MAR-23","2023","202303270300439001"
"P40011603","STEWART, SEBASTIAN","Republican Party","REP","President","P","Kentucky","KY","00","LEBURN","KY","41831","2024","27-MAR-23","2023","202303279579682505"
"P40011587","FITZGERALD, MARK CHARLES JR.","Independent","IND","President","P","United States","00","00","LANCASTER","PA","17601","2024","27-MAR-23","2023","202303279579678453"
"H4RI01208","GONCALVES, JOHN","Democratic Party","DEM","House","H","Rhode Island","RI","01","PROVIDENCE","RI","02906","2023","27-MAR-23","2023","202303279579678243"
"S4NJ00409","MELE, GREGG","Republican Party","REP","Senate","S","New Jersey","NJ","00","CLARK","NJ","07066","2024","26-MAR-23","2023","202303269579678232"
"P40011579","WASHINGTON, JOHN III","Democratic Party","DEM","President","P","United States","00","00","SAN ANTONIO","TX","78217","2024","26-MAR-23","2023","202303269579678177"
"P40011561","JORGENSEN, MICHAEL EDWARD","Independent","IND","President","P","United States","00","00","LOTHIAN","MD","20711","2024","26-MAR-23","2023","202303269579678172"
"S4CA00621","FERREIRA, FRANK","Independent","IND","Senate","S","California","CA","00","ISLETON","CA","95641","2024","24-MAR-23","2023","202303240300438973"
"H4TX27071","LOYD, ERIC SCOTT","Independent","IND","House","H","Texas","TX","27","SCHULENBURG","TX","78956","2024","24-MAR-23","2023","202303249579677698"
"H4TX30075","LOYD, ERIC SCOTT","Independent","IND","House","H","Texas","TX","30","SCHULENBURG","TX","78956","2024","24-MAR-23","2023","202303249579677619"
"H4AZ09049","SMITH, QUACY L","Democratic Party","DEM","House","H","Arizona","AZ","09","PHOENIX","AZ","85012","2024","23-MAR-23","2023","202303239579667840"
"H4TX09137","BLUE, JASMINE","Democratic Party","DEM","House","H","Texas","TX","09","KATY","TX","77449","2024","23-MAR-23","2023","202303239579667841"
"P40011546","HOOD, MICHAEL","Independent","IND","President","P","United States","00","00","CANTON","MS","39046","2024","23-MAR-23","2023","202303239579669332"
"P40011520","STACK, BRIAN PATRICK MR","Republican Party","REP","President","P","Virginia","VA","00","ALEXANDRIA","VA","22309","2024","23-MAR-23","2023","202303239579667869"
"P40011538","HARSHAW, ALBERT","Republican Party","REP","President","P","United States","00","00","JACKSON TOWNSHIP","NJ","08527","2024","23-MAR-23","2023","202303239579667933"
"H4TX09145","SIMMONS, IFETAYO","Democratic Party","DEM","House","H","Texas","TX","09","HOUSTON","TX","77091","2024","23-MAR-23","2023","202303239579667859"
"H4CA35072","MAY, MELISSA","Democratic Party","DEM","House","H","California","CA","35","ONTARIO","CA","91762","2024","22-MAR-23","2023","202303229579664644"
"P40011512","GREATHOUSE, CHRISTINA","Unaffiliated","UN","President","P","United States","00","00","SPRINGFIELD","OH","45503","2024","22-MAR-23","2023","202303229579665141"
"H4RI01190","AUTIELLO, NICHOLAS","Democratic Party","DEM","House","H","Rhode Island","RI","01","PROVIDENCE","RI","02903","2023","22-MAR-23","2023","202303229579664820"
"H4PA14064","FELAN, KIMBERLY ANN MRS","Democratic Party","DEM","House","H","Pennsylvania","PA","14","JOHNSTOWN","PA","16905","2024","21-MAR-23","2023","202303219579458368"
"S4VA00288","WALLACE, TJ","Democratic Party","DEM","Senate","S","Virginia","VA","00","PETERSBURG","VA","23803","2024","21-MAR-23","2023","202303219579658196"
"P40011496","PARKER, JANET","No Party Affiliation","NPA","President","P","United States","00","00","JACKSON","MI","49202","2024","21-MAR-23","2023","202303219579658087"
"H4RI01182","BIAH, NATHAN","Democratic Party","DEM","House","H","Rhode Island","RI","01","PROVIDENCE","RI","02904","2023","21-MAR-23","2023","202303219579491139"
"H2AL02158","ANDERSON, TERRELL","Democratic Party","DEM","House","H","Alabama","AL","02","MONTGOMERY","AL","36116","2024","20-MAR-23","2023","202303209579457897"
"H4RI01166","CANO, SANDRA C","Democratic Party","DEM","House","H","Rhode Island","RI","01","PAWTUCKET","RI","02861","2023","20-MAR-23","2023","202303209579396935"
"S4CA00613","RAB, AEJAZ ( RAJI )","Democratic Party","DEM","Senate","S","California","CA","00","WEST HILLS","CA","91307","2024","20-MAR-23","2023","202303209579445496"
"H4RI01174","MATOS, SABINA","Democratic Party","DEM","House","H","Rhode Island","RI","01","PROVIDENCE","RI","02903","2023","20-MAR-23","2023","202303209579405161"
"S4VA00270","XIONG, TIGER DR.","Independent","IND","Senate","S","Virginia","VA","00","PETERSBURG","VA","23803","2024","20-MAR-23","2023","202303209579437435"
"H4LA05270","KITISHIAN, DANY OHANNES MR.","Republican Party","REP","House","H","Louisiana","LA","05","RUSTON","LA","71270","2024","20-MAR-23","2023","202303209579400646"
"P40011470","NICHOLAS, GIBRAN","Democratic Party","DEM","President","P","United States","00","00","ALPHARETTA","GA","30022","2024","19-MAR-23","2023","202303199579396232"
"H4KY05033","MAZUR, STEPHAN","Republican Party","REP","House","H","Kentucky","KY","05","BRONSTON","KY","42518","2024","19-MAR-23","2023","202303199579396260"
"H4NV02177","KIFLE, AARON","Republican Party","REP","House","H","Nevada","NV","02","SPARKS","NV","89436","2024","19-MAR-23","2023","202303199579396629"
"P40011488","CORTES, JOSE SANTOS MR. JR.","Republican Party","REP","President","P","United States","00","00","GILROY","CA","95020","2024","19-MAR-23","2023","202303199579396422"
"H4TX18120","ATKINSON, ED RAY MR.","Veterans Party","VET","House","H","Texas","TX","18","HONDO","TX","78861","2024","19-MAR-23","2023","202303199579396384"
"P40011462","HARDIN, JONATHAN","Write-In","W","President","P","United States","00","00","PETERSBURG","VA","23803","2024","17-MAR-23","2023","202303179579301870"
"S4VA00262","HARDIN, JONATHAN T DR PH.D.","Independent","IND","Senate","S","Virginia","VA","00","PETERSBURG","VA","23803","2024","17-MAR-23","2023","202303179579302220"
"H4IN03158","DAVIS, WENDY","Republican Party","REP","House","H","Indiana","IN","03","FORT WAYNE","IN","46863","2024","17-MAR-23","2023","202303179579339229"
"H4VA07184","ENNIS, CRAIG","Independent","IND","House","H","Virginia","VA","07","FREDERICKSBURG","VA","22407","2024","17-MAR-23","2023","202303179579317160"
"H4TX06216","CORNWALLIS, ALEX","Democratic Party","DEM","House","H","Texas","TX","06","IRVING","TX","75062","2024","17-MAR-23","2023","202303179579315793"
"P40011439","DAVIS, GARY G MR","Democratic Party","DEM","President","P","United States","00","00","NASHVILLE","TN","37211","2024","16-MAR-23","2023","202303169579261926"
"P40011447","PATTON, ROYCE MARIE GODDESS","Unknown","UNK","President","P","United States","00","00","HIGHLANDS","TX","77562","2024","16-MAR-23","2023","202303169579261927"
"S4IA00251","LIMON, TRACY","Democratic Party","DEM","Senate","S","Iowa","IA","00","DES MOINES","IA","50317","2024","16-MAR-23","2023","202303169579262193"
"S4TX00698","MCQUEEN, ELDON DANIEL","Democratic Party","DEM","Senate","S","Texas","TX","00","SAN ANTONIO","TX","78205","2024","16-MAR-23","2023","202303169579280086"
"H2NJ01187","GALDO, DAMON M","Republican Party","REP","House","H","New Jersey","NJ","01","WEST DEPTFORD","NJ","08086","2024","16-MAR-23","2023","202303169579263921"
"H4IA03156","LIMON, TRACY L","Democratic Party","DEM","House","H","Iowa","IA","03","DES MOINES","IA","50317","2024","16-MAR-23","2023","202303169579263988"
"P40011454","WILLS, LONNIE","Republican Party","REP","President","P","United States","00","00","KINGMAN","AZ","86401","2024","16-MAR-23","2023","202303169579262723"
"P40011421","GARRETSON, JAMES BRANDON","Independent American Party","IAP","President","P","United States","00","00","FORT WORTH","TX","76244","2024","15-MAR-23","2023","202303159579158785"
"P60008299","JENNINGS, GERALD JOHN PROPHET II","Republican Party","REP","President","P","United States","00","00","WESTMINISTER","CO","80021","2024","14-MAR-23","2023","202303149579009232"
"H0NY03083","DEVOLDER-SANTOS, GEORGE ANTHONY","Republican Party","REP","House","H","New York","NY","03","ELMHURST","NY","11373","2024","14-MAR-23","2023","202303149579012265"
"H2CA18163","HERNANDEZ, PETER","Republican Party","REP","House","H","California","CA","18","HOLLISTER","CA","95023","2024","14-MAR-23","2023","202303149579014509"
"S4WI00173","ANDERSON, PHILLIP NORMAN","Libertarian Party","LIB","Senate","S","Wisconsin","WI","00","MIDDLETON","WI","53562","2024","14-MAR-23","2023","202303149579056097"
"P60003415","SHEAR'REE, SHEAR'REE","Independent","IND","President","P","United States","00","00","ANAHEIM HILLS","CA","92808","2024","14-MAR-23","2023","202303149579016323"
"H2IL01349","JACKSON, JONATHAN","Democratic Party","DEM","House","H","Illinois","IL","01","CHICAGO","IL","60615","2024","14-MAR-23","2023","202303149579016380"
"S4DC00035","DEAN, BRANDAUN LEFRED MAYOR","Democratic Party","DEM","Senate","S","District Of Columbia","DC","00","WASHINGTON","DC","20018","2024","14-MAR-23","2023","202303149579015898"
"P00014399","CLEMENT, MARY","Democratic Party","DEM","President","P","United States","00","00","SILVER SPRING ","MD","20901","2024","13-MAR-23","2023","202303130300438671"
"H4RI01158","BARNES, MICKEDA SEBASTIANA","Democratic Party","DEM","House","H","Rhode Island","RI","01","RUMFORD","RI","02916","2023","13-MAR-23","2023","202303139579008426"
"H4TX23104","AVILA, VICTOR MR. JR.","Republican Party","REP","House","H","Texas","TX","23","EL PASO","TX","79907","2024","13-MAR-23","2023","202303139579002449"
"S4NY00321","SCHWEITZER, WILLIAM","Democratic Party","DEM","Senate","S","New York","NY","00","NEW YORK","NY","10280","2024","13-MAR-23","2023","202303139579001911"
"P40011405","CHANDLER, MATTHEW WALTER","Jewish/Christian National","JCN","President","P","United States","00","00","MARION","OH","43302","2024","12-MAR-23","2023","202303129579000791"
"H2NJ10154","PAYNE, DONALD M MR. JR","Democratic Party","DEM","House","H","New Jersey","NJ","10","NEWARK","NJ","07112","2024","12-MAR-23","2023","202303129579000782"
"P40011397","GEDES, MARLAINA WHITNEY","Write-In","W","President","P","United States","00","00","JACKSONVILLE","FL","32211","2024","12-MAR-23","2023","202303129579000654"
"H6CA32157","BROWN, DAVID MR.","Democratic Party","DEM","House","H","California","CA","32","SHERMAN OAKS","CA","91403","2024","12-MAR-23","2023","202303129579000652"
"S4TX00680","ANDRUS, TRACY DR. SR.","Democratic Party","DEM","Senate","S","Texas","TX","00","MARSHALL","TX","75670","2024","11-MAR-23","2023","202303119578983768"
"P00013110","ARRECHEA, CARL WILLIAM","Independent","IND","President","P","United States","00","00","CHATSWORTH","CA","91311","2024","11-MAR-23","2023","202303119578982484"
"P40011389","HIMROD, SCOTT ALLEN MR.","None","NNE","President","P","United States","00","00","CENTERVILLE","UT","84014","2024","11-MAR-23","2023","202303119579000650"
"H4CA12170","DAYSOG, TONY MR.","Democratic Party","DEM","House","H","California","CA","12","ALAMEDA","CA","94501","2024","10-MAR-23","2023","202303109578981297"
"H4FL25030","EDDY, CHRISTOPHER","Republican Party","REP","House","H","Florida","FL","25","WESTON","FL","33327","2024","10-MAR-23","2023","202303109578982482"
"H4IL13241","LOYD, JOSHUA","Republican Party","REP","House","H","Illinois","IL","13","CARBONDALE","IL","62902","2024","10-MAR-23","2023","202303109578981995"
"S4MA00283","MARINO, LOUIS GREGORY","Libertarian Party","LIB","Senate","S","Massachusetts","MA","00","ATHOL","MA","01331","2024","10-MAR-23","2023","202303109578981937"
"H4WI05107","LEON, CHRISTOPHER","Democratic Party","DEM","House","H","Wisconsin","WI","05","WEST ALLIS","WI","53227","2024","10-MAR-23","2023","202303109578981387"
"H4AZ09031","BLAIR, NICHOLAS EDWARD","Democratic Party","DEM","House","H","Arizona","AZ","09","LITCHFIELD PARK","AZ","85340","2024","09-MAR-23","2023","202303099578979813"
"H2OH04164","WILSON, TAMARA","Democratic Party","DEM","House","H","Ohio","OH","04","DELAWARE","OH","43015","2024","09-MAR-23","2023","202303099578980119"
"H4IN05179","GOODRICH, CHARLES","Republican Party","REP","House","H","Indiana","IN","05","NOBLESVILLE","IN","46062","2024","09-MAR-23","2023","202303099578980367"
"S4FL00520","TOULME, ALIX CHRISTOPHER MR. JR.","Other","OTH","Senate","S","Florida","FL","00","TAMPA","FL","33614","2024","08-MAR-23","2023","202303089578978510"
"P40011355","EDMOND, ERIC JATOD REV. DR.","American Independent Conservative","AIC","President","P","Georgia","GA","00","DUBLIN","GA","31021","2024","08-MAR-23","2023","202303089578978179"
"H4OH04053","THOMAS, STEPHEN D","Democratic Party","DEM","House","H","Ohio","OH","04","DELAWARE","OH","43015","2024","08-MAR-23","2023","202303089578977944"
"H4IN05161","PEIFFER, MATTHEW BRICE","Republican Party","REP","House","H","Indiana","IN","05","MUNCIE","IN","47303","2023","08-MAR-23","2023","202303089578977759"
"H4NY01113","DENMAN, PATRICK MR","None","NNE","House","H","New York","NY","01","AUBURN","NY","13021","2024","08-MAR-23","2023","202303089578979227"
"H4NV03159","HELGELIEN, ELIZABETH NICOLE","Republican Party","REP","House","H","Nevada","NV","03","LAS VEGAS","NV","89135","2024","08-MAR-23","2023","202303089578977925"
"P40011348","ALAMEDA, JENNIFER NICOLE","Republican Party","REP","President","P","United States","00","00","BROOKLYN","NY","11201","2024","08-MAR-23","2023","202303089578977886"
"H4CA27129","CARRILLO JR, FRANCISCO","Democratic Party","DEM","House","H","California","CA","27","LAKE HUGHES","CA","93532","2024","07-MAR-23","2023","202303079578974522"
"H2CA12208","VON KRIEG, BIANCA MS.","Democratic Party","DEM","House","H","California","CA","11","SAN FRANCISCO","CA","94117","2024","07-MAR-23","2023","202303079578977654"
"P40011413","HEATH, JEFFORY","Republican Party","REP","President","P","United States","00","00","CLOVIS","NM","88101","2024","07-MAR-23","2023","202303130300438591"
"P40011330","PALMER, MICHAEL PALMER - NNB","Republican Party","REP","President","P","United States","00","00","WAVERLY","NY","14892","2024","07-MAR-23","2023","202303079578977742"
"H4FL06030","LENSSEN, MATHIAS","Republican Party","REP","House","H","Florida","FL","06","DELAND","FL","32724","2024","06-MAR-23","2023","202303069578972647"
"H8WA08064","GREENE, CLIFFORD MARK","Republican Party","REP","House","H","Washington","WA","09","FEDERAL WAY","WA","98063","2024","06-MAR-23","2023","202303069578973865"
"P40011322","MARKS, NICK","None","NNE","President","P","United States","00","00","HAWTHORNE","CA","90250","2024","06-MAR-23","2023","202303069578973687"
"P40011314","JENNINGS II, GERALD J MR","Republican Party","REP","President","P","United States","00","00","WESTMINSTER","CO","80021","2023","06-MAR-23","2023","202303069578973686"
"H4TX07115","MOBEEN, NOOR DR.","Democratic Party","DEM","House","H","Texas","TX","07","HOUSTON","TX","77057","2024","06-MAR-23","2023","202303069578973676"
"H4CA47127","COTTON, STEVEN","Republican Party","REP","House","H","California","CA","47","HUNTINGTON BEACH","CA","92648","2024","06-MAR-23","2023","202303069578973521"
"H4TX23096","CLARK, JULIE","Republican Party","REP","House","H","Texas","TX","23","HONDO","TX","78861","2024","06-MAR-23","2023","202303069578973419"
"P40011306","DILLON, BRETT ALLEN REV. DR.","Independent","IND","President","P","United States","00","00","HAMPSTEAD","MD","21074","2024","06-MAR-23","2023","202303069578972553"
"P40011280","HENRIQUES, LORI ANN MS","Democratic Party","DEM","President","P","Michigan","MI","00","HONOLULU","MI","96816","2024","05-MAR-23","2023","202303059578972247"
"P40011298","HENRIQUES, LORI MS","Democratic Party","DEM","President","P","Michigan","MI","00","HONOLULU","MI","96816","2023","05-MAR-23","2023","202303059578972467"
"S4AZ00162","BERSCHAUER, CHRISTOPHER D","Republican Party","REP","Senate","S","Arizona","AZ","00","PHOENIX","AZ","85042","2024","04-MAR-23","2023","202303049578970637"
"P00011262","BELLE, ANITA EILEEN","Green Party","GRE","President","P","United States","00","00","DETROIT ","MI","48221","2024","04-MAR-23","2023","202303080300438508"
"P00007823","LEE, HUHNKIE","Independent","IND","President","P","United States","00","00","WASILLA","AK","99623","2024","04-MAR-23","2023","202303049578970548"
"S2AK00135","LEE, HUHNKIE","Independent","IND","Senate","S","Alaska","AK","00","WASILLA","AK","99623","2024","04-MAR-23","2023","202303049578970547"
"S4NY00313","BELLON, DAVID A. ESQ.","Republican Party","REP","Senate","S","New York","NY","00","FRESH MEADOWS","NY","11366","2024","04-MAR-23","2023","202303049578838784"
"P40011272","FARMS, WILLIAM","Republican Party","REP","President","P","United States","00","00","JEWETT","OH","43986","2024","04-MAR-23","2023","202303049578838809"
"H4FL25022","YOUNG, RUBIN MR.","Republican Party","REP","House","H","Florida","FL","25","MIAMI","FL","33135","2024","03-MAR-23","2023","202303039578826955"
"H4IL08134","BRISENO, JORGE ALBERTO","Independent","IND","House","H","Illinois","IL","08","DES PLAINES","IL","60016","2024","03-MAR-23","2023","202303039578826962"
"H4TX18054","LEE, SHEILA JACKSON","Democratic Party","DEM","House","H","Texas","TX","18","HOUSTON","TX","77004","2024","03-MAR-23","2023","202303039578826963"
"P40011249","WILSON, DEBBIE RICA FERICA DR.","Independence Party","IDP","President","P","United States","00","00","BALTIMORE","MD","21213","2024","03-MAR-23","2023","202303039578826982"
"P40011264","HOUGLAND, ADAM MICHAEL MR.","Republican Party","REP","President","P","United States","00","00","OLATHE","KS","66062","2024","03-MAR-23","2023","202303039578838502"
"P40011256","GORNEY, HEATH R. MR.","Other","OTH","President","P","United States","00","00","SPARTA","MI","49345","2024","03-MAR-23","2023","202303039578827294"
"H4CA12162","INGRAM, DENARD","Democratic Party","DEM","House","H","California","CA","12","OAKLAND","CA","94608","2024","03-MAR-23","2023","202303039578827006"
"H2OR01240","RUSS, DAVID HONORABLE","Republican Party","REP","House","H","Oregon","OR","06","DUNDEE","OR","97115","2024","03-MAR-23","2023","202303039578837843"
"H4FL09158","COBA, ANGEL LUIS","Republican Party","REP","House","H","Florida","FL","09","KISSIMMEE","FL","34741","2024","02-MAR-23","2023","202303029578768022"
"P00009910","WILLIAMSON, MARIANNE","Democratic Party","DEM","President","P","United States","00","00","WASHINGTON","DC","20033","2024","02-MAR-23","2023","202303029578797446"
"P40011231","KRUEGER, ZACHARY","Write-In","W","President","P","United States","00","00","DELTA","CO","81416","2024","02-MAR-23","2023","202303029578800563"
"P40011223","FOURROUX, PATRICK HENRY","Republican Party","REP","President","P","United States","00","00","LOS ANGELES","CA","90046","2024","01-MAR-23","2023","202303019578755787"
"P40010951","PAYNE, ANGELINE L MRS.","Republican Party","REP","President","P","United States","00","00","ATLANTA","GA","30349","2024","01-MAR-23","2023","202303019578757212"
"H4CT04155","MACGUFFIE, ROBERT W","Republican Party","REP","House","H","Connecticut","CT","04","FAIRFIELD","CT","06824","2024","01-MAR-23","2023","202303019578755792"
"H0CO04197","MCCORKLE, ISAAC IAN","Democratic Party","DEM","House","H","Colorado","CO","04","PARKER","CO","80134","2024","01-MAR-23","2023","202303019578757186"
"P40011199","DOTSON, HOWARD","Democratic Party","DEM","President","P","United States","00","00","FRIDLEY","MN","55432","2024","28-FEB-23","2023","202302280300438326"
"P40011207","GUILLEN, LAURAH","Unknown","UNK","President","P","United States","00","00","LOS ANGELES ","CA","20026","2024","28-FEB-23","2023","202302280300438331"
"P40011215","MOSS, CHARLES KENNETH","Republican Party","REP","President","P","United States","00","00","RANDLEMAN","NC","27317","2024","28-FEB-23","2023","202302289578755389"
"S4CA00597","BOBBITT, DANA","Independent","IND","Senate","S","California","CA","00","FRESNO","CA","93705","2024","28-FEB-23","2023","202302289578751485"
"P40011181","DIAS, CHRISTOPHER LEE","Independent","IND","President","P","United States","00","00","CHARLOTTE","NC","28209","2024","28-FEB-23","2023","202302289578751498"
"H4CA12154","SIMON, LATEEFAH","Democratic Party","DEM","House","H","California","CA","12","OAKLAND","CA","94612","2024","28-FEB-23","2023","202302289578751479"
"P40011173","PATTON, IVORY","Unknown","UNK","President","P","Georgia","GA","00","COVINGTON","GA","30016","2024","27-FEB-23","2023","202302279578738245"
"H4CA36146","HASHEMIEH, JULIA","Republican Party","REP","House","H","California","CA","36","SANTA CLARA","CA","95050","2024","27-FEB-23","2023","202302279578735767"
"H4TX24169","LY, FRANCINE MRS.","Democratic Party","DEM","House","H","Texas","TX","24","IRVING","TX","75063","2024","27-FEB-23","2023","202302279578735627"
"S4MI00470","SLOTKIN, ELISSA","Democratic Party","DEM","Senate","S","Michigan","MI","00","EAST LANSING","MI","48826","2024","27-FEB-23","2023","202302279578734660"
"H4CA18110","KIFLE, LUELE NEGASH","Democratic Party","DEM","House","H","California","CA","18","SAN JOSE","CA","95125","2024","26-FEB-23","2023","202302269578733275"
"P40011165","BRAVO, PAUL ALEXANDER","Republican Party","REP","President","P","United States","00","00","MIAMI","FL","33255","2024","26-FEB-23","2023","202302269578733273"
"P40011157","FARMS, WILLIAM","Democratic Party","DEM","President","P","United States","00","00","JEWETT","OH","43986","2024","24-FEB-23","2023","202302249578728301"
"H4TX33038","FUENTES, LUIS ALFONSO","Democratic Party","DEM","House","H","Texas","TX","33","IRVING","TX","75060","2024","24-FEB-23","2023","202302249578728312"
"H6FL11126","CASTOR, KATHY","Democratic Party","DEM","House","H","Florida","FL","14","TAMPA","FL","33606","2024","24-FEB-23","2023","202302249578727423"
"S4TN00518","TEKLAY, WISDOM ZERIT DR","Other","OTH","Senate","S","Tennessee","TN","00","HERMITAGE","TN","37076","2024","24-FEB-23","2023","202302249578728290"
"H4TX07107","SIMON FOR CONGRESS, LAKEISHA","Democratic Party","DEM","House","H","Texas","TX","07","HOUSTON","TX","77067","2024","24-FEB-23","2023","202302249578728242"
"P40011140","TEKLAY, WISDOM ZERIT DR","Other","OTH","President","P","United States","00","00","HERMITAGE","TN","37076","2024","24-FEB-23","2023","202302249578728287"
"H4TN01169","TEKLAY, WISDOM ZERIT DR","Other","OTH","House","H","Tennessee","TN","01","HERMITAGE","TN","37076","2024","24-FEB-23","2023","202302249578728289"
"H4TX03122","PENNIE, DEMETRICK TRE DR.","Republican Party","REP","House","H","Texas","TX","03","PLANO","TX","75024","2024","24-FEB-23","2023","202302249578727967"
"P40011124","RESSLER, CLAYTON CHARLES","Independent","IND","President","P","United States","00","00","LUBBOCK","TX","79407","2024","23-FEB-23","2023","202302239578721793"
"H4RI01141","WATERS, ALLEN","Democratic Party","DEM","House","H","Rhode Island","RI","01","PROVIDENCE","RI","02940","2023","23-FEB-23","2023","202302239578726717"
"H4CO03308","SWING, GARY","Other","OTH","House","H","Colorado","CO","03","BOULDER","CO","80303","2024","23-FEB-23","2023","202302239578722358"
"P40011090","ADAMS, LINCOLN CHAMBERS","Republican Party","REP","President","P","United States","00","00","SPRINGVILLE","IN","47462","2024","22-FEB-23","2023","202302229578713185"
"P40011116","PETRI, FLOYD NEAL MR JR","Republican Party","REP","President","P","Texas","TX","00","CHESTER","TX","75936","2024","22-FEB-23","2023","202302229578715695"
"H4CA27111","WHITESIDES, GEORGE","Democratic Party","DEM","House","H","California","CA","27","NEWHALL","CA","91322","2024","22-FEB-23","2023","202302229578713523"
"P40011108","JENNINGS, TONYA MICHELLE MISS","PAC","PAC","President","P","Tennessee","TN","00","HOLLADAY TN","TN","38341","2024","22-FEB-23","2023","202302229578713199"
"H4NC13066","MCCONKEY, JOSH","Republican Party","REP","House","H","North Carolina","NC","13","APEX","NC","27502","2024","21-FEB-23","2023","202302219578712336"
"H8UT03238","CURTIS, JOHN","Republican Party","REP","House","H","Utah","UT","03","PROVO","UT","84604","2024","21-FEB-23","2023","202302219578712372"
"H4CA23193","ARCEO, MIGUEL ANGEL","Democratic Party","DEM","House","H","California","CA","23","ADELANTO","CA","92301","2024","21-FEB-23","2023","202302219578713151"
"P40011082","RAMASWAMY, VIVEK","Republican Party","REP","President","P","United States","00","00","BIRMINGHAM","AL","35259","2024","21-FEB-23","2023","202302219578712467"
"H2CA30341","SHYNE, SEPI","Democratic Party","DEM","House","H","California","CA","30","WEST HOLLYWOOD","CA","90046","2024","21-FEB-23","2023","202302219578712716"
"H4NY00057","GWINN, LOVELYNN","Republican Party","REP","House","H","New York","NY","00","NEW YORK","NY","10031","2024","21-FEB-23","2023","202302219578712381"
"H4WV02239","SMITH, RJ J","Republican Party","REP","House","H","West Virginia","WV","02","DALLAS","WV","26036","2024","20-FEB-23","2023","202302209578708098"
"P00014175","HORNBERGER, JACOB GEORGE MR.","Libertarian Party","LIB","President","P","United States","00","00","BROADLANDS","VA","20148","2024","20-FEB-23","2023","202302209578676088"
"H4CA25214","TRUMAN, CECI","Republican Party","REP","House","H","California","CA","25","SANTA ANA","CA","92799","2024","20-FEB-23","2023","202302209578705227"
"S4TX00672","INGALLS, JOSIAH JAMES","Republican Party","REP","Senate","S","Texas","TX","00","CEDAR CREEK","TX","78612","2024","20-FEB-23","2023","202302209578685243"
"H4IL14140","LEIV, MATTHEW","Republican Party","REP","House","H","Illinois","IL","14","PLAINFIELD","IL","60544","2024","20-FEB-23","2023","202302209578679531"
"H4GA12077","JONES, RASHAAD","Democratic Party","DEM","House","H","Georgia","GA","12","GROVETOWN","GA","30813","2024","19-FEB-23","2023","202302199578674420"
"P40011066","SPARKS, JACK","Republican Party","REP","President","P","United States","00","00","DALLAS","TX","75254","2024","19-FEB-23","2023","202302199578674689"
"P40011058","JACKSON, WILLIAM G GEN BINARY III","Independent","IND","President","P","United States","00","00","BELLEVUE","KY","41073","2024","19-FEB-23","2023","202302199578674502"
"H4GA02086","GREGORS, DAVID","Libertarian Party","LIB","House","H","Georgia","GA","02","ALBANY","GA","31721","2024","18-FEB-23","2023","202302189578673816"
"P40011132","DIXON, DANIELLE DELOUISE","Independent","IND","President","P","United States","00","00","GREENSBORO","NC","27406","2024","18-FEB-23","2023","202302230300438236"
"P40011041","HOLMAN, SERRICE MS.","Republican Party","REP","President","P","United States","00","00","NEW YORK","NY","10065","2024","18-FEB-23","2023","202302189578674216"
"H2PA10116","COPLEN, RICK","Democratic Party","DEM","House","H","Pennsylvania","PA","10","CARLISLE","PA","17015","2024","17-FEB-23","2023","202302179578669750"
"P40011025","MISER, MICHELLE A MRS.","Independent","IND","President","P","United States","00","00","SAPULPA","OK","74066","2024","17-FEB-23","2023","202302179578670793"
"P40011017","FERA, WILLIAM ANTHONY SIR IV","Communist Party","COM","President","P","United States","00","00","PITTSBURGH","PA","15238","2024","17-FEB-23","2023","202302179578658234"
"H4WA10044","HEWETT, DON MR","Republican Party","REP","House","H","Washington","WA","10","LACEY","WA","98503","2024","16-FEB-23","2023","202302169578313636"
"H4NV01203","LARSEN, FLEMMING","Republican Party","REP","House","H","Nevada","NV","01","HENDERSON","NV","89016","2024","16-FEB-23","2023","202302169578314278"
"H2FL09228","MOORE, SCOTTY","Republican Party","REP","House","H","Florida","FL","09","ORLANDO","FL","32828","2024","16-FEB-23","2023","202302169578314279"
"H2UT03306","WRIGHT, GLENN J","Democratic Party","DEM","House","H","Utah","UT","03","PARK CITY","UT","84060","2024","16-FEB-23","2023","202302169578641796"
"H6IL08147","KRISHNAMOORTHI, S. RAJA","Democratic Party","DEM","House","H","Illinois","IL","08","SCHAUMBURG","IL","60168","2024","16-FEB-23","2023","202302169578641879"
"H4IN09148","COLE, AARON MATTHEW","Democratic Party","DEM","House","H","Indiana","IN","09","HOLTON","IN","47023","2024","16-FEB-23","2023","202302169578650723"
"S4MI00462","SNYDER, NICOLETTE","Republican Party","REP","Senate","S","Michigan","MI","00","DEXTER","MI","48130","2024","16-FEB-23","2023","202302169578644677"
"H2IL16081","LOMBARDI, JACK MR II","Republican Party","REP","House","H","Illinois","IL","14","MANHATTAN","IL","60442","2024","16-FEB-23","2023","202302169578647217"
"P40011009","HUGHES, ROGER LEE MR","Republican Party","REP","President","P","United States","00","00","SYRACUSE","UT","84075","2024","16-FEB-23","2023","202302169578647303"
"H4CO03290","KARPAS, DAVID M MR.","Democratic Party","DEM","House","H","Colorado","CO","03","EDWARDS","CO","81632","2024","16-FEB-23","2023","202302169578647384"
"H4WA08139","CARMEN, GOERS","Republican Party","REP","House","H","Washington","WA","08","AUBURN","WA","98092","2024","16-FEB-23","2023","202302169578643306"
"P40010985","WILKES, JOSHUA DAVID","Republican Party","REP","President","P","United States","00","00","CLEARWATER","FL","33760","2023","15-FEB-23","2023","202302159578308713"
"P40010993","DEMARCO, CHRISTIAN JOHN I SR","BMP","BMP","President","P","United States","00","00","PORTSMOUTH","NH","03801","2024","15-FEB-23","2023","202302159578308990"
"H4SC06122","GINN, JUSTIN","Independent","IND","House","H","South Carolina","SC","06","RIDGEVILLE","SC","29472","2024","15-FEB-23","2023","202302159578313288"
"S4CA00589","LEE, BARBARA","Democratic Party","DEM","Senate","S","California","CA","00","OAKLAND","CA","94603","2024","15-FEB-23","2023","202302159578312925"
"H4MA01075","WALKER, CHASE","Republican Party","REP","House","H","Massachusetts","MA","01","DUDLEY","MA","01571","2024","15-FEB-23","2023","202302159578309174"
"S4TX00664","DUNN, VICTOR D.","Democratic Party","DEM","Senate","S","Texas","TX","00","KILGORE","TX","75662","2024","14-FEB-23","2023","202302149578270023"
"H4OH11074","FREEMAN, SEAN","Independent","IND","House","H","Ohio","OH","11","SHAKER HEIGHTS","OH","44122","2024","14-FEB-23","2023","202302149578307294"
"P40010977","HALEY, NIKKI","Republican Party","REP","President","P","United States","00","00","DANIEL ISLAND","SC","29492","2024","14-FEB-23","2023","202302149578308646"
"P40010969","JENNINGS, MISS TONYA MICHELLE MISS","PPP","PPP","President","P","United States","00","00","HOLLADAY","TN","38341","2024","14-FEB-23","2023","202302149578308502"
"P40010951","PAYNE, ANGELINE L MRS.","Republican Party","REP","President","P","United States","00","00","ATLANTA","GA","30349","2023","14-FEB-23","2023","202302149578308464"
"H6FL18121","SPALDING, CARLA ARLENE","Republican Party","REP","House","H","Florida","FL","20","PLANTATION","FL","33322","2024","13-FEB-23","2023","202302139578211258"
"H8VA10106","WEXTON, JENNIFER","Democratic Party","DEM","House","H","Virginia","VA","10","STERLING","VA","20165","2024","13-FEB-23","2023","202302139578213524"
"H8VA06104","CLINE, BENJAMIN LEE","Republican Party","REP","House","H","Virginia","VA","06","FINCASTLE","VA","24090","2024","13-FEB-23","2023","202302139578210752"
"H4IN03141","ZAY, ANDREW R.","Republican Party","REP","House","H","Indiana","IN","03","HUNTINGTON","IN","46750","2024","13-FEB-23","2023","202302139578210978"
"H4TX03114","THAKUR, ALBERT BURT","Republican Party","REP","House","H","Texas","TX","03","PLANO","TX","75026","2024","13-FEB-23","2023","202302139578213370"
"P40010944","JACKSON, WILLIAM G MR. III","Independent","IND","President","P","United States","00","00","BELLEVUE","KY","41073","2024","13-FEB-23","2023","202302139578210984"
"H4ME02267","BALL, KEVIN","Unaffiliated","UN","House","H","Maine","ME","02","BANGOR","ME","04401","2024","13-FEB-23","2023","202302139578211259"
"S4AZ00154","KELLER, ALEXANDER MR","Democratic Party","DEM","Senate","S","Arizona","AZ","00","PHOENIX","AZ","85008","2024","13-FEB-23","2023","202302139578211375"
"H6TN09068","COHEN, STEVE I MR.","Democratic Party","DEM","House","H","Tennessee","TN","09","MEMPHIS","TN","38112","2024","13-FEB-23","2023","202302139578210979"
"H8CT01046","LARSON, JOHN B","Democratic Party","DEM","House","H","Connecticut","CT","01","EAST HARTFORD","CT","06108","2024","12-FEB-23","2023","202302129578209216"
"H2TX22134","ALVAREZ, ANDREW RUBEN","Republican Party","REP","House","H","Texas","TX","09","ALVIN","TX","77511","2024","11-FEB-23","2023","202302119578209158"
"H2CA13115","GRAY, ADAM C.","Democratic Party","DEM","House","H","California","CA","13","SACRAMENTO","CA","95814","2024","10-FEB-23","2023","202302109578209014"
"H4CA30214","GIPSON, PATRICK LEE","Republican Party","REP","House","H","California","CA","30","PORTER RANCH","CA","91329","2024","10-FEB-23","2023","202302109578209016"
"H8MA03106","TRAHAN, LORI","Democratic Party","DEM","House","H","Massachusetts","MA","03","LOWELL","MA","01853","2024","10-FEB-23","2023","202302109578208899"
"H2OH03125","BEATTY, JOYCE","Democratic Party","DEM","House","H","Ohio","OH","03","BLACKLICK","OH","43004","2024","10-FEB-23","2023","202302109578205982"
"H4TX28087","SINCLAIR, KYLE","Republican Party","REP","House","H","Texas","TX","28","SAN ANTONIO","TX","78245","2024","10-FEB-23","2023","202302109578206048"
"H4FL20023","WASSERMAN SCHULTZ, DEBBIE","Democratic Party","DEM","House","H","Florida","FL","25","WESTON","FL","33326","2024","10-FEB-23","2023","202302109578205980"
"P40010928","JOHNSON, PERRY","Republican Party","REP","President","P","United States","00","00","TROY","MI","48084","2024","09-FEB-23","2023","202302099578205696"
"P40010936","GOODALE, JAMES","Independent","IND","President","P","United States","00","00","MIDDLEBURG","FL","32068","2024","09-FEB-23","2023","202302099578205785"
"P40010910","STOLL, MICHAEL CHARLES MR","Republican Party","REP","President","P","United States","00","00","SPRING HILL","FL","34606","2024","09-FEB-23","2023","202302099578203055"
"H2NY13096","ESPAILLAT, ADRIANO","Democratic Party","DEM","House","H","New York","NY","13","NEW YORK","NY","10034","2024","09-FEB-23","2023","202302099578203257"
"H4CA09085","DOOD, BRETT R","Republican Party","REP","House","H","California","CA","09","RIPON","CA","95366","2024","09-FEB-23","2023","202302099578205079"
"H6AZ05083","BIGGS, ANDY","Republican Party","REP","House","H","Arizona","AZ","05","GILBERT","AZ","85296","2024","09-FEB-23","2023","202302099578203535"
"H4OR05270","EASTON, KEVIN","Democratic Party","DEM","House","H","Oregon","OR","05","SALEM","OR","97301","2024","09-FEB-23","2023","202302099578204172"
"H2MI13204","THANEDAR, SHRI","Democratic Party","DEM","House","H","Michigan","MI","13","DETROIT","MI","48203","2024","09-FEB-23","2023","202302099578204273"
"H8MA02041","NEAL, RICHARD E","Democratic Party","DEM","House","H","Massachusetts","MA","01","SPRINGFIELD","MA","01101","2024","09-FEB-23","2023","202302099578204872"
"H6TX15162","GONZALEZ, VICENTE","Democratic Party","DEM","House","H","Texas","TX","34","BROWNSVILLE","TX","78523","2024","09-FEB-23","2023","202302099578203269"
"P40010886","JENNINGS, TONYA MICHELLE MISS","PPP","PPP","President","P","United States","00","00","HOLLADAY","TN","38341","2024","08-FEB-23","2023","202302089578190065"
"H4WA05077","MCMORRIS RODGERS, CATHY","Republican Party","REP","House","H","Washington","WA","05","SPOKANE","VA","992100137","2024","08-FEB-23","2023","202302089578195139"
"H2MO04207","ALFORD, MARK","Republican Party","REP","House","H","Missouri","MO","04","RAYMORE","MO","64083","2024","08-FEB-23","2023","202302089578195140"
"H8CT04172","HIMES, JIM","Democratic Party","DEM","House","H","Connecticut","CT","04","FAIRFIELD","CT","06824","2024","08-FEB-23","2023","202302089578195142"
"H2SC02059","WILSON, JOE THE HON.","Republican Party","REP","House","H","South Carolina","SC","02","WEST COLUMBIA","SC","291712145","2024","08-FEB-23","2023","202302089578195147"
"S4WA00573","SAUNDERS, GREGORY","Republican Party","REP","Senate","S","Washington","WA","00","PORT ORCHARD","WA","98367","2024","08-FEB-23","2023","202302089578195161"
"H8GA06393","MCBATH, LUCIA KAY MS.","Democratic Party","DEM","House","H","Georgia","GA","07","ROSWELL","GA","30075","2024","08-FEB-23","2023","202302089578195162"
"H4CA33119","LIEU, TED","Democratic Party","DEM","House","H","California","CA","36","LOS ANGELES","CA","90017","2024","08-FEB-23","2023","202302089578195201"
"H2OH14064","JOYCE, DAVID P.","Republican Party","REP","House","H","Ohio","OH","14","CHAGRIN FALLS","OH","440224108","2024","08-FEB-23","2023","202302089578195291"
"H4CO03282","BURNETT, DEBBY","Democratic Party","DEM","House","H","Colorado","CO","03","GUNNISON","CO","81230","2024","08-FEB-23","2023","202302089578195610"
"H2FL07230","PASTRANA, ALLEK","Democratic Party","DEM","House","H","Florida","FL","07","OVIEDO","FL","32762","2024","08-FEB-23","2023","202302089578195840"
"H2CA20094","VALADAO, DAVID","Republican Party","REP","House","H","California","CA","22","FRESNO","CA","93704","2024","08-FEB-23","2023","202302089578195894"
"H6FL01119","GAETZ, MATT","Republican Party","REP","House","H","Florida","FL","01","MARY ESTER","FL","32569","2024","08-FEB-23","2023","202302089578195914"
"H8VA01147","WITTMAN, ROBERT J. MR.","Republican Party","REP","House","H","Virginia","VA","01","MONTROSS","VA","22520","2024","08-FEB-23","2023","202302089578196085"
"H2IN02295","YAKYM, RUDY C. III","Republican Party","REP","House","H","Indiana","IN","02","ALEXANDRIA","VA","223136141","2024","08-FEB-23","2023","202302089578196194"
"H2LA05126","LETLOW, JULIA","Republican Party","REP","House","H","Louisiana","LA","05","RAYVILLE","LA","712690539","2024","08-FEB-23","2023","202302089578196297"
"H2CA53038","WELLS, BILL D.","Republican Party","REP","House","H","California","CA","53","EL CAJON","CA","92019","2024","08-FEB-23","2023","202302089578203010"
"P40010902","HULL, CHRISTOPHER DENNIS MR","Unaffiliated","UN","President","P","United States","00","00","HOUSTON","TX","77038","2024","08-FEB-23","2023","202302089578203024"
"P40010894","AZEVEDO, LARRY D","Democratic Party","DEM","President","P","United States","00","00","DOS PALOS","CA","93620","2024","08-FEB-23","2023","202302080300437415"
"P40010878","RODRIGUEZ, JOANNA","None","NNE","President","P","California","CA","00","UPLAND","CA","91786","2023","07-FEB-23","2023","202302079578190009"
"P40010860","ZIEG, VICTORIA DAWN","Democratic Party","DEM","President","P","Oklahoma","OK","00","SAND SPRINGS","OK","74063","2024","07-FEB-23","2023","202302079578190008"
"H2GA13012","SCOTT, DAVID ALBERT","Democratic Party","DEM","House","H","Georgia","GA","13","ATLANTA","GA","30307","2024","07-FEB-23","2023","202302079578189517"
"H2CA28113","CARDENAS, TONY","Democratic Party","DEM","House","H","California","CA","29","WASHINGTON","DC","20001","2024","07-FEB-23","2023","202302079578188524"
"P40010852","BARRELLA, ALEX","Independent","IND","President","P","United States","00","00","WINDSOR","VA","23487","2024","07-FEB-23","2023","202302079578188048"
"H2OH09163","GILBERT, MADISON GESIOTTO","Republican Party","REP","House","H","Ohio","OH","13","CUYAHOGA FALLS","OH","44221","2024","07-FEB-23","2023","202302079578188605"
"H8TX21331","GARZA, MAURO EVERETT MR.","Republican Party","REP","House","H","Texas","TX","34","WASHINGTON","DC","20003","2024","07-FEB-23","2023","202302079578188532"
"H4NY21129","LOCHNER, JILL ANDREA","Republican Party","REP","House","H","New York","NY","21","SARATOGA SPRINGS","NY","12866","2024","06-FEB-23","2023","202302069578176616"
"H4SC01297","MOORE, MICHAEL B","Democratic Party","DEM","House","H","South Carolina","SC","01","MT PLEASANT","SC","29466","2024","06-FEB-23","2023","202302069578176585"
"H4TX07099","KANE, CAROLINE","Republican Party","REP","House","H","Texas","TX","07","CYPRESS","TX","77429","2024","06-FEB-23","2023","202302069578176568"
"S4AZ00147","BERSCHAUER, CHRISTOPHER D","Republican Party","REP","Senate","S","Arizona","AZ","00","PHOENIX","AZ","85042","2024","06-FEB-23","2023","202302069578174844"
"H0CA08135","OBERNOLTE, JAY","Republican Party","REP","House","H","California","CA","23","BIG BEAR LAKE","CA","92315","2024","06-FEB-23","2023","202302069578174914"
"P40010845","ATKINSON, ERIC","Independent","IND","President","P","United States","00","00","ORLANDO","FL","32809","2024","06-FEB-23","2023","202302069578177076"
"H4MI12079","DINGELL, DEBBIE","Democratic Party","DEM","House","H","Michigan","MI","06","YPSILANTI","MI","48197","2024","06-FEB-23","2023","202302069578177075"
"P40010837","JANOSKY, LOREN CHARLES MR","American Party","AMP","President","P","United States","00","00","LONDON","OH","43140","2024","06-FEB-23","2023","202302069578177073"
"H4AZ03091","JARAMILLO, HECTOR GEOVANNI","Democratic Party","DEM","House","H","Arizona","AZ","03","GLENDALE","AZ","85303","2024","06-FEB-23","2023","202302069578177039"
"S4VA00254","HICKMAN, GWENDOLYN M.","Republican Party","REP","Senate","S","Virginia","VA","00","ALEXANDRIA","VA","22313","2024","06-FEB-23","2023","202302069578177038"
"P40010621","CAMILLERI, CHARLES WILLIAM","Republican Party","REP","President","P","United States","00","00","WEST BLOOMFIELD","MI","48322","2024","06-FEB-23","2023","202302069578174919"
"H4MA05084","CLARK, KATHERINE","Democratic Party","DEM","House","H","Massachusetts","MA","05","BELMONT","MA","02478","2024","06-FEB-23","2023","202302069578175002"
"H8IL09067","SCHAKOWSKY, JANICE D","Democratic Party","DEM","House","H","Illinois","IL","09","EVANSTON","IL","60204","2024","06-FEB-23","2023","202302069578174941"
"H0CA22102","ARBALLO, PHIL","Democratic Party","DEM","House","H","California","CA","13","FRESNO","CA","93650","2024","05-FEB-23","2023","202302059578174394"
"P40010787","NEALDRUM, KELLY","Unaffiliated","UN","President","P","Colorado","CO","00","GUNNISON","CO","81230","2023","05-FEB-23","2023","202302059578174385"
"H4CO04165","PADORA, JOHN J JR.","Democratic Party","DEM","House","H","Colorado","CO","04","SEVERANCE","CO","80550","2024","05-FEB-23","2023","202302059578174452"
"S4OH00184","CHEN, JESSIE","Communist Party","COM","Senate","S","Ohio","OH","00","CHERRY HILL","NJ","08003","2024","04-FEB-23","2023","202302049578174372"
"P00007831","RICE, NITA","Democratic Party","DEM","President","P","United States","00","00","FULLERTON","CA","92832","2024","04-FEB-23","2023","202302049578174286"
"H2CA27230","KEIVAULQE AUTIAMEINEIRE, FEPBRINA ESTRELVIA","Other","OTH","House","H","California","CA","17","GILROY","CA","95020","2024","04-FEB-23","2023","202302049578174366"
"H0TX13228","JACKSON, RONNY LYNN","Republican Party","REP","House","H","Texas","TX","13","AMARILLO","TX","79159","2024","03-FEB-23","2023","202302039578125761"
"H0NC03172","MURPHY, GREGORY FRANCIS DR.","Republican Party","REP","House","H","North Carolina","NC","03","GREENVILLE","NC","27835","2024","03-FEB-23","2023","202302039578125793"
"H4TX07081","AGWAN, PERVEZ S","Democratic Party","DEM","House","H","Texas","TX","07","HOUSTON","TX","77266","2024","03-FEB-23","2023","202302039578124992"
"H4DE01068","GEISE, ALEXANDER NEVIN MR.","Democratic Party","DEM","House","H","Delaware","DE","00","DOVER","DE","19904","2024","03-FEB-23","2023","202302039578125249"
"H0MN04049","MCCOLLUM, BETTY","Democratic Party","DEM","House","H","Minnesota","MN","04","ST. PAUL","MN","55114","2024","03-FEB-23","2023","202302039578125544"
"H2CA15094","SWALWELL, ERIC MICHAEL","Democratic Party","DEM","House","H","California","CA","14","DUBLIN","CA","94568","2024","03-FEB-23","2023","202302039578125574"
"H8IN07184","CARSON, ANDRE","Democratic Party","DEM","House","H","Indiana","IN","07","INDIANAPOLIS","IN","46206","2024","03-FEB-23","2023","202302039578125567"
"H4NY19131","BUTTERMANN, DANIEL","Democratic Party","DEM","House","H","New York","NY","19","ONEONTA","NY","13820","2024","03-FEB-23","2023","202302039578125685"
"H0CA17193","TANDON, RITESH","Republican Party","REP","House","H","California","CA","17","SAN JOSE","CA","95135","2024","02-FEB-23","2023","202302029578116568"
"S4MI00454","HOOVER, MICHAEL","Republican Party","REP","Senate","S","Michigan","MI","00","LAINGSBURG","MI","48848","2024","02-FEB-23","2023","202302029578116897"
"H2AL05102","STRONG, DALE WHITNEY","Republican Party","REP","House","H","Alabama","AL","05","HUNTSVILLE","DC","35804","2024","02-FEB-23","2023","202302029578116925"
"H0AL01055","CARL, JERRY LEE, JR","Republican Party","REP","House","H","Alabama","AL","01","MOBILE","AL","36685","2024","02-FEB-23","2023","202302029578117021"
"H0DC00058","NORTON, ELEANOR HOLMES","Democratic Party","DEM","House","H","District Of Columbia","DC","00","WASHINGTON","DC","20003","2024","02-FEB-23","2023","202302029578117023"
"H8CA34068","NAPOLITANO, GRACE","Democratic Party","DEM","House","H","California","CA","31","NORWALK","CA","90650","2024","02-FEB-23","2023","202302029578119528"
"P40010753","BYRD, MARCUS ERIC MR.","Other","OTH","President","P","California","CA","00","SANTA ANA","CA","92705","2024","02-FEB-23","2023","202302029578119899"
"H4MS02068","THOMPSON, BENNIE G.","Democratic Party","DEM","House","H","Mississippi","MS","02","BOLTON","MS","390419634","2024","02-FEB-23","2023","202302029578124372"
"H4IL07037","DAVIS, DANNY K. MR.","Democratic Party","DEM","House","H","Illinois","IL","07","CHICAGO","IL","60644","2024","02-FEB-23","2023","202302029578124551"
"H0TX08145","JONES, LAURA","Democratic Party","DEM","House","H","Texas","TX","08","COLDSPRING","TX","77331","2024","02-FEB-23","2023","202302029578124900"
"H2GA02031","BISHOP, SANFORD","Democratic Party","DEM","House","H","Georgia","GA","02","COLUMBUS","GA","31902","2024","01-FEB-23","2023","202302019578108783"
"P40010712","BARTYLLA-BERNARD, GEORGIA JULIETTE","Independent","IND","President","P","United States","00","00","LAKE HAVASU CITY","AZ","86403","2024","01-FEB-23","2023","202302019578110678"
"H2KY06217","CRAVENS, MAURICE RANDALL II","Democratic Party","DEM","House","H","Kentucky","KY","06","RICHMOND","KY","40475","2024","01-FEB-23","2023","202302019578111617"
"P40010746","LAFFEY, STEVE","Republican Party","REP","President","P","United States","00","00","HERNDON","VA","20171","2024","01-FEB-23","2023","202302019578116336"
"P40010738","ROGERS, RICHARD BLAKE MR","Republican Party","REP","President","P","United States","00","00","DESOTO","TX","75115","2024","01-FEB-23","2023","202302019578111657"
"H4CA47119","WEISS, JOANNA","Democratic Party","DEM","House","H","California","CA","47","SACRAMENTO","CA","95815","2024","01-FEB-23","2023","202302019578115594"
"P60018249","MALDONADO, JOSEPH A","Libertarian Party","LIB","President","P","United States","00","00","GRANGER","IN","46530","2024","01-FEB-23","2023","202302070300437236"
"P40010720","ROGERS, RICHARD BLAKE MR","Republican Party","REP","President","P","United States","00","00","DESOTO","TX","75115","2024","01-FEB-23","2023","202302019578111655"
"H0SC03077","DUNCAN, JEFFREY D MR.","Republican Party","REP","House","H","South Carolina","SC","03","LAURENS","VA","293600845","2024","31-JAN-23","2023","202301319575213021"
"H8SC04250","TIMMONS, WILLIAM R IV","Republican Party","REP","House","H","South Carolina","SC","04","GREENVILLE","SC","296023416","2024","31-JAN-23","2023","202301319575213035"
"S4CA00571","ANDERSON, PAUL KEVIN","Green Party","GRE","Senate","S","California","CA","00","SAN FRANCISCO","CA","94109","2024","31-JAN-23","2023","202301319575226548"
"H8NV03036","TITUS, DINA","Democratic Party","DEM","House","H","Nevada","NV","01","LAS VEGAS","NV","89170","2024","31-JAN-23","2023","202301319575453562"
"H4CA30206","CASTELLANOS, MIKE","Democratic Party","DEM","House","H","California","CA","30","LOS ANGELES","CA","90039","2024","31-JAN-23","2023","202301319576499999"
"H0CA32101","CHU, JUDY","Democratic Party","DEM","House","H","California","CA","28","ENCINO","CA","91436","2024","31-JAN-23","2023","202301319575483613"
"P40010761","WOODWARD, GLENDA JO","Unknown","","President","P","United States","00","00","FAIRBANKS","AK","997753251","2024","31-JAN-23","2023","202302030300436466"
"H2OK04055","COLE, TOM","Republican Party","REP","House","H","Oklahoma","OK","04","NORMAN","OK","73070","2024","31-JAN-23","2023","202301319576506998"
"H2IL02172","KELLY, ROBIN","Democratic Party","DEM","House","H","Illinois","IL","02","CHICAGO","IL","60610","2024","31-JAN-23","2023","202301319576499847"
"H4CA20140","BURROWS, JOHNATHON","Democratic Party","DEM","House","H","California","CA","20","WASHINGTON","DC","200330079","2024","31-JAN-23","2023","202301319575480537"
"H2OH11169","BROWN, M SHONTEL","Democratic Party","DEM","House","H","Ohio","OH","11","WARRENSVILLE HEIGHTS","OH","44128","2024","30-JAN-23","2023","202301309575205192"
"P40010704","ZILBERBERG, BARAK","Republican Party","REP","President","P","United States","00","00","LAS VEGAS","NV","89138","2024","30-JAN-23","2023","202301300300435165"
"H6CO01141","DEGETTE, DIANA L","Democratic Party","DEM","House","H","Colorado","CO","01","DENVER","CO","80206","2024","30-JAN-23","2023","202301309575154316"
"P40010670","WALKER, ROBERT JAMES","CP","CP","President","P","United States","00","00","SURPRISE","AZ","85378","2024","30-JAN-23","2023","202301309575155480"
"S6NE00129","RICKETTS, PETE","Republican Party","REP","Senate","S","Nebraska","NE","00","LINCOLN","NE","68508","2024","30-JAN-23","2023","202301309575152347"
"H0NY22117","KRIESEL, KATELYN","Democratic Party","DEM","House","H","New York","NY","22","FAYETTEVILLE","NY","13066","2024","30-JAN-23","2023","202301309575163724"
"H8AZ09040","STANTON, GREG","Democratic Party","DEM","House","H","Arizona","AZ","04","PHOENIX","AZ","85018","2024","30-JAN-23","2023","202301309575164607"
"P40010696","GIBBONS, MATTHEW MICHAEL","Republican Party","REP","President","P","United States","00","00","GRAND RAPIDS","MI","49507","2024","30-JAN-23","2023","202301309575164797"
"P40010688","WASH, DYRON MARCUS SR","American Independent Party","AIP","President","P","United States","00","00","GARY","IN","46402","2024","30-JAN-23","2023","202301309575157767"
"S4NY00297","MILLER, YUEXIN","American Independent Party","AIP","Senate","S","New York","NY","00","NEW YORK","NY","10018","2023","29-JAN-23","2023","202301299575119779"
"H2NC07203","PARRISH, BERNARD KYLE","Democratic Party","DEM","House","H","North Carolina","NC","05","CARY","NC","27512","2024","29-JAN-23","2023","202301299575119790"
"H4MA03022","MCGOVERN, JAMES P","Democratic Party","DEM","House","H","Massachusetts","MA","02","WORCESTER","MA","01606","2024","29-JAN-23","2023","202301299575122889"
"H4CA30198","FEUER, MICHAEL","Democratic Party","DEM","House","H","California","CA","30","ENCINO","CA","91436","2024","29-JAN-23","2023","202301299575138283"
"H4TX29028","BARRY, SEAN JUSTIN","Democratic Party","DEM","House","H","Texas","TX","29","HOUSTON","TX","77075","2024","29-JAN-23","2023","202301299575124803"
"P40010654","EKUNDAYO, ERICK TOKS","Independent","IND","President","P","United States","00","00","KULA","HI","96790","2024","29-JAN-23","2023","202301299575136867"
"H4IN03133","FELKER, MICHAEL","Republican Party","REP","House","H","Indiana","IN","03","WARSAW","IN","46580","2024","29-JAN-23","2023","202301299575123631"
"H2KY04212","LEHMAN, MATTHEW","Democratic Party","DEM","House","H","Kentucky","KY","04","NEWPORT","KY","41072","2024","28-JAN-23","2023","202301289575117270"
"H4AZ08074","SPREITZER, JEREMY","Democratic Party","DEM","House","H","Arizona","AZ","08","SUN CITY","AZ","85373","2024","28-JAN-23","2023","202301289575115552"
"H4FL26087","MEDINA, IAN ANTHONY","Republican Party","REP","House","H","Florida","FL","26","MIAMI LAKES","FL","33014","2024","28-JAN-23","2023","202301289575092812"
"H4MO05234","CLEAVER, EMANUEL II","Democratic Party","DEM","House","H","Missouri","MO","05","KANSAS CITY","MO","641336325","2024","27-JAN-23","2023","202301270300434859"
"H2AZ02436","BIES, DAVID","Democratic Party","DEM","House","H","Arizona","AZ","02","FLAGSTAFF","AZ","86001","2024","27-JAN-23","2023","202301279575027454"
"P40010647","LANG, TRAVIS KEITH","Republican Party","REP","President","P","United States","00","00","IRMO","SC","29063","2024","27-JAN-23","2023","202301279575033649"
"H8OH13154","LYRAS, LOUIS GEORGE","Democratic Party","DEM","House","H","Ohio","OH","06","CAMPBELL","OH","44405","2024","27-JAN-23","2023","202301279575054453"
"H0WA02080","LARSEN, RICK","Democratic Party","DEM","House","H","Washington","WA","02","EVERETT","WA","98206","2024","27-JAN-23","2023","202301279575040779"
"H2OH09031","KAPTUR, MARCY HON. M.C.","Democratic Party","DEM","House","H","Ohio","OH","09","TOLEDO","OH","43697","2024","27-JAN-23","2023","202301279575046696"
"H2CA00120","BROWNLEY, JULIA","Democratic Party","DEM","House","H","California","CA","26","THOUSAND OAKS","CA","91358","2024","27-JAN-23","2023","202301279575040715"
"H0TN04195","DESJARLAIS, SCOTT HON.","Republican Party","REP","House","H","Tennessee","TN","04","SOUTH PITTSBURG","TN","373806414","2024","26-JAN-23","2023","202301269574980260"
"H8TN02119","BURCHETT, TIM","Republican Party","REP","House","H","Tennessee","TN","02","KNOXVILLE","TN","37950","2024","26-JAN-23","2023","202301269574980583"
"H4FL03128","STEBBINS, ANTHONY","Libertarian Party","LIB","House","H","Florida","FL","03","LIVE OAK","FL","32060","2024","26-JAN-23","2023","202301269574989081"
"S4VA00247","EMORD, JONATHAN WALKER MR.","Republican Party","REP","Senate","S","Virginia","VA","00","CLIFTON","VA","20124","2024","26-JAN-23","2023","202301269575005533"
"S4CA00563","PAPPENHEIM, JOHN JOSEPH","Republican Party","REP","Senate","S","California","CA","00","DUNNIGAN","CA","95937","2024","26-JAN-23","2023","202301269575006080"
"P40010621","CAMILLERI, CHARLES WILLIAM","Republican Party","REP","President","P","United States","00","00","WEST BLOOMFIELD","MI","48322","2023","26-JAN-23","2023","202301269575006578"
"H4GA08117","LASTER, JUSTIN","Democratic Party","DEM","House","H","Georgia","GA","08","AMERICUS","GA","31719","2024","26-JAN-23","2023","202301269575027319"
"H4CA30180","PORTANTINO, ANTHONY","Democratic Party","DEM","House","H","California","CA","30","NORWALK","CA","90650","2024","26-JAN-23","2023","202301269575008132"
"S4CA00555","SCHIFF, ADAM","Democratic Party","DEM","Senate","S","California","CA","00","WASHINGTON","DC","20003","2024","26-JAN-23","2023","202301269574979788"
"H4FL11089","GROVES, RALPH","Libertarian Party","LIB","House","H","Florida","FL","11","WINTER GARDEN","FL","34777","2024","26-JAN-23","2023","202301269574979789"
"H2WI02124","POCAN, MARK","Democratic Party","DEM","House","H","Wisconsin","WI","02","MADISON","WI","53701","2024","26-JAN-23","2023","202301269574979822"
"H0CA10073","DESAULNIER, MARK","Democratic Party","DEM","House","H","California","CA","10","WASINGTON","DC","20006","2024","26-JAN-23","2023","202301269574979995"
"P40010639","WATKINS, DANTWAN SAMUEL","Democratic Party","DEM","President","P","Georgia","GA","00","ATHENS","GA","30601","2024","26-JAN-23","2023","202301269575007220"
"P00007641","WELLS, ROBERT CARR JR","Independent","IND","President","P","United States","00","00","CLOVER","SC","29710","2024","25-JAN-23","2023","202301260300434696"
"H4MA03105","HASAN, SYED","Republican Party","REP","House","H","Massachusetts","MA","03","LOWELL","MA","01852","2024","25-JAN-23","2023","202301259574973265"
"H8OH05036","LATTA, ROBERT EDWARD","Republican Party","REP","House","H","Ohio","OH","05","BOWLING GREEN","OH","434023616","2024","25-JAN-23","2023","202301259574945146"
"H8IL06139","CASTEN, SEAN","Democratic Party","DEM","House","H","Illinois","IL","06","DOWNERS GROVE","IL","60515","2024","25-JAN-23","2023","202301259574945547"
"H4CA20132","MORALES, JESUS ANDY","Democratic Party","DEM","House","H","California","CA","20","CLOVIS","CA","93613","2024","25-JAN-23","2023","202301259574970884"
"H2TX03126","SESSIONS, PETE","Republican Party","REP","House","H","Texas","TX","17","WACO","TX","767147754","2024","25-JAN-23","2023","202301259574951541"
"H4CA45121","NGUYEN, KIM","Democratic Party","DEM","House","H","California","CA","45","SEATTLE","WA","98104","2024","25-JAN-23","2023","202301259574960348"
"P40010613","DARPINO, ANTHONY PRIMO MR","Republican Party","REP","President","P","United States","00","00","BENSALEM","PA","19020","2024","25-JAN-23","2023","202301259574965322"
"H0FL10113","MONTAGUE, WILLIE","Republican Party","REP","House","H","Florida","FL","10","ORLANDO","FL","32822","2024","25-JAN-23","2023","202301259574950344"
"H2CA51206","CAPLAN, STAN","Republican Party","REP","House","H","California","CA","51","SAN DIEGO","CA","92168","2024","24-JAN-23","2023","202301249574939033"
"P40010589","BRADLEY, DANA R","Unaffiliated","UN","President","P","United States","00","00","LITTLE ROCK","AR","72206","2024","24-JAN-23","2023","202301249574928212"
"H4CA47101","BAKER, LORI KIRKLAND MS","Democratic Party","DEM","House","H","California","CA","47","NEWPORT BEACH","CA","92660","2023","24-JAN-23","2023","202301249574928242"
"P40010605","DAY, AARON","Republican Party","REP","President","P","United States","00","00","NASHUA","NH","03063","2024","24-JAN-23","2023","202301249574935619"
"S4FL00512","JOSEPH, ROD","Democratic Party","DEM","Senate","S","Florida","FL","00","FERN PARK","FL","32730","2024","24-JAN-23","2023","202301249574929283"
"H4GA12069","JACKSON, DANIEL LAFAVIEN","Democratic Party","DEM","House","H","Georgia","GA","12","EVANS","GA","30809","2024","24-JAN-23","2023","202301249574929618"
"P40010597","VAUGHN, EMORY","Independent","IND","President","P","United States","00","00","JACKSON","GA","30233","2024","24-JAN-23","2023","202301249574930001"
"H4KY05025","EDWARDS, DANA PHILLIP DR.","Republican Party","REP","House","H","Kentucky","KY","05","MANCHESTER","KY","40962","2024","24-JAN-23","2023","202301249574928285"
"H4TX26115","LEAPHART, KELVIN","Democratic Party","DEM","House","H","Texas","TX","26","AUBREY","TX","76227","2024","23-JAN-23","2023","202301239574907602"
"H0AR03055","WOMACK, STEPHEN A THE HON","Republican Party","REP","House","H","Arkansas","AR","03","ROGERS","AR","727563078","2024","23-JAN-23","2023","202301239574911265"
"P40010555","HENNESSEY, ADAM","Independent","IND","President","P","United States","00","00","ST PETERSBURG","FL","33742","2024","23-JAN-23","2023","202301230300433836"
"H4CT01086","HANCOCK, MARK KENNETH","Republican Party","REP","House","H","Connecticut","CT","01","WINDSOR LOCKS","CT","06096","2024","23-JAN-23","2023","202301230300434021"
"H4SC03137","MURDAY, ELSPETH SNOW","Independent","IND","House","H","South Carolina","SC","03","WESTMINSTER","SC","29693","2024","23-JAN-23","2023","202301239574918837"
"P40010571","JACOBS, MARK DUANE","Republican Party","REP","President","P","United States","00","00","BOUNTIFUL","UT","84010","2024","23-JAN-23","2023","202301239574926044"
"S4CO00478","WOLFE, ROBERT EVERETT MR II","None","NNE","Senate","S","Colorado","CO","00","BOULDER","CO","80305","2024","23-JAN-23","2023","202301239574895272"
"H2NH02252","RIDDLE, JASON DANIEL","Republican Party","REP","House","H","New Hampshire","NH","02","KEENE","NH","03431","2024","23-JAN-23","2023","202301239574896754"
"S4AZ00139","GALLEGO, RUBEN","Democratic Party","DEM","Senate","S","Arizona","AZ","00","PHOENIX","AZ","85001","2024","23-JAN-23","2023","202301239574898985"
"H2NY03162","LAFAZAN, JOSHUA","Democratic Party","DEM","House","H","New York","NY","03","WOODBURY","NY","11797","2024","23-JAN-23","2023","202301239574902298"
"P40010548","ANDERSON, FAREED","Republican Party","REP","President","P","United States","00","00","TOMS RIVER","NJ","08754","2024","23-JAN-23","2023","202301239574902393"
"H0NY02234","GARBARINO, ANDREW","Republican Party","REP","House","H","New York","NY","02","BAYPORT","VA","11705","2024","22-JAN-23","2023","202301229574895044"
"H8MS03125","GUEST, MICHAEL PATRICK","Republican Party","REP","House","H","Mississippi","MS","03","BRANDON","MS","39043","2024","22-JAN-23","2023","202301229574895220"
"H6OR03064","BLUMENAUER, EARL","Democratic Party","DEM","House","H","Oregon","OR","03","PORTLAND","OR","97232","2024","22-JAN-23","2023","202301229574895060"
"P40010530","HUDSON, STEVEN","DSA","DSA","President","P","United States","00","00","BELLE CENTER","OH","43310","2024","22-JAN-23","2023","202301229574895059"
"H4NC10047","MCHENRY, PATRICK TIMOTHY","Republican Party","REP","House","H","North Carolina","NC","10","DENVER","NC","280378018","2024","22-JAN-23","2023","202301229574895257"
"S4IN00204","TIBBY, ANTHONY JAMES","Republican Party","REP","Senate","S","Indiana","IN","00","GREENWOOD","IN","46142","2024","22-JAN-23","2023","202301229574894464"
"H4CA30172","BRITTON, DREW MICHAEL","Democratic Party","DEM","House","H","California","CA","30","LOS ANGELES","CA","90046","2023","22-JAN-23","2023","202301229574893931"
"H2HI02128","CASE, EDWARD","Democratic Party","DEM","House","H","Hawaii","HI","01","HONOLULU","HI","96802","2024","21-JAN-23","2023","202301219574893681"
"H4CA28101","LUCERO, ROBERT GEORGE MR JR","Republican Party","REP","House","H","California","CA","28","PASADENA","CA","91103","2024","20-JAN-23","2023","202301209574877771"
"H2NY06116","MENG, GRACE","Democratic Party","DEM","House","H","New York","NY","06","FRESH MEADOWS","NY","11365","2024","20-JAN-23","2023","202301209574860574"
"H4KS02149","WOODY, ELGIN IV","Democratic Party","DEM","House","H","Kansas","KS","02","TOPEKA","KS","66605","2024","20-JAN-23","2023","202301209574876978"
"H4SC01289","ANDERSON, AUSTIN H","Republican Party","REP","House","H","South Carolina","SC","01","SAINT HELENA IS","SC","29920","2024","20-JAN-23","2023","202301209574873178"
"H2CA50026","VARGAS, JUAN C.","Democratic Party","DEM","House","H","California","CA","52","SAN DIEGO","CA","921022008","2024","20-JAN-23","2023","202301209574873172"
"H6LA04138","JOHNSON, JAMES MICHAEL","Republican Party","REP","House","H","Louisiana","LA","04","BENTON","LA","710069331","2024","19-JAN-23","2023","202301199574853685"
"H2TX08125","MITCHELL, JONATHAN ANDREW","Republican Party","REP","House","H","Texas","TX","36","SPLENDORA","TX","77372","2024","19-JAN-23","2023","202301199574858686"
"H8NY15148","OCASIO-CORTEZ, ALEXANDRIA","Democratic Party","DEM","House","H","New York","NY","14","CORONA","NY","11368","2024","19-JAN-23","2023","202301199574852705"
"H2MD04232","IVEY, GLENN FREDERICK","Democratic Party","DEM","House","H","Maryland","MD","04","BLADENSBURG","MD","20710","2024","19-JAN-23","2023","202301199574858765"
"H4CA47093","JONES, DOM","Democratic Party","DEM","House","H","California","CA","47","LONG BEACH","CA","90802","2024","19-JAN-23","2023","202301199574852660"
"H8ID02064","SIMPSON, MICHAEL","Republican Party","REP","House","H","Idaho","ID","02","BLACKFOOT","ID","832211667","2024","19-JAN-23","2023","202301199574852162"
"S2OH00477","DOLAN, MATT","Republican Party","REP","Senate","S","Ohio","OH","00","HUDSON","OH","44236","2024","19-JAN-23","2023","202301199574851464"
"H2OR05209","CHAVEZ-DEREMER, LORI","Republican Party","REP","House","H","Oregon","OR","05","HAPPY VALLEY","OR","97086","2024","19-JAN-23","2023","202301199574850002"
"P40010514","PEREZ-SERRATO, ARMANDO","Democratic Party","DEM","President","P","United States","00","00","ORANGE","CA","92869","2024","19-JAN-23","2023","202301199574858860"
"S4IN00196","BANKS, JAMES E. HON.","Republican Party","REP","Senate","S","Indiana","IN","00","FORT WAYNE","IN","46858","2024","19-JAN-23","2023","202301199574858804"
"H4MI07103","WALBERG, TIMOTHY L REP","Republican Party","REP","House","H","Michigan","MI","07","TIPTON","MI","492879807","2024","18-JAN-23","2023","202301189574826212"
"H6WA07458","JAYAPAL, PRAMILA","Democratic Party","DEM","House","H","Washington","WA","07","SEATTLE","WA","98111","2024","18-JAN-23","2023","202301189574825439"
"H2CA13131","DUARTE, JOHN","Republican Party","REP","House","H","California","CA","13","MODESTO","CA","95357","2024","18-JAN-23","2023","202301189574820619"
"H0CA03078","BERA, AMERISH","Democratic Party","DEM","House","H","California","CA","06","ELK GROVE","CA","95758","2024","18-JAN-23","2023","202301189574820021"
"H8TX29052","GARCIA, SYLVIA R","Democratic Party","DEM","House","H","Texas","TX","29","HOUSTON","TX","77249","2024","18-JAN-23","2023","202301189574820040"
"H4CA47085","MIN, DAVE","Democratic Party","DEM","House","H","California","CA","47","IRVINE","CA","92616","2024","18-JAN-23","2023","202301189574820141"
"H2CA39151","CHING, ERIC J","Republican Party","REP","House","H","California","CA","38","WALNUT","CA","91789","2024","18-JAN-23","2023","202301189574827667"
"H4CA30164","SAVAGE, BEN","Democratic Party","DEM","House","H","California","CA","30","LONG BEACH","CA","90802","2024","18-JAN-23","2023","202301189574826820"
"H2AZ09191","COOPER, KELLY","Republican Party","REP","House","H","Arizona","AZ","04","CHANDLER","CA","85244","2024","17-JAN-23","2023","202301179574782550"
"H2MI08170","TROUTEN, BRYAN","Republican Party","REP","House","H","Michigan","MI","05","BURR OAK","MI","49030","2024","17-JAN-23","2023","202301179574768530"
"S4CA00548","LAWLER, ROXANNE ELIZABETH MS","Republican Party","REP","Senate","S","California","CA","00","SAN JOSE","CA","95131","2024","17-JAN-23","2023","202301179574768128"
"H2NY10308","GOLDMAN, DANIEL","Democratic Party","DEM","House","H","New York","NY","10","NEW YORK","NY","10008","2024","17-JAN-23","2023","202301179574787222"
"S2NY00382","DRIGGERS, CALVIN JOB","Republican Party","REP","Senate","S","New York","NY","00","BLACKSHEAR","GA","31516","2024","17-JAN-23","2023","202301179574788550"
"H4PR01010","HERNANDEZ RIVERA, PABLO JOSE","Democratic Party","DEM","House","H","Puerto Rico","PR","00","SAN JUAN","PR","00901","2024","17-JAN-23","2023","202301179574768190"
"H0CA28174","PUDLO, G MAEBE","Democratic Party","DEM","House","H","California","CA","30","LOS ANGELES","CA","90029","2024","17-JAN-23","2023","202301179574784773"
"H8PA04116","DEAN, MADELEINE","Democratic Party","DEM","House","H","Pennsylvania","PA","04","GLENSIDE","PA","19038","2024","17-JAN-23","2023","202301179574768627"
"H2TX35144","CASAR, GREG","Democratic Party","DEM","House","H","Texas","TX","35","AUSTIN","TX","78703","2024","16-JAN-23","2023","202301169574765404"
"P40010498","SOETAERT, MICHAEL","Democratic Party","DEM","President","P","United States","00","00","ALTA VISTA","KS","66834","2024","16-JAN-23","2023","202301169574765289"
"H2CT02112","COURTNEY, JOSEPH","Democratic Party","DEM","House","H","Connecticut","CT","02","VERNON","CT","06066","2024","16-JAN-23","2023","202301169574765264"
"H4CA13103","SIGALA-ROSARIO, ANGELINA","Democratic Party","DEM","House","H","California","CA","13","MODESTO","CA","95354","2024","16-JAN-23","2023","202301169574764542"
"H6AZ09010","GILES, DAVID VICTOR","Republican Party","REP","House","H","Arizona","AZ","04","GILBERT","AZ","85295","2024","16-JAN-23","2023","202301169574765123"
"S4TX00649","GARZA, CARLOS EMMANUEL","Republican Party","REP","Senate","S","Texas","TX","00","LAREDO","TX","78045","2024","15-JAN-23","2023","202301159574695517"
"P40010472","DENNY, STEPHANIE NOELLE","Republican Party","REP","President","P","Arizona","AZ","00","SHOW LOW","AZ","85901","2024","15-JAN-23","2023","202301159574695561"
"H4TX12040","CATALA, RYAN JOSHUA","Republican Party","REP","House","H","Texas","TX","12","FORT WORTH","TX","76107","2024","15-JAN-23","2023","202301159574695617"
"H4IN03125","LIKES, CHANDLER","Republican Party","REP","House","H","Indiana","IN","03","AUBURN","IN","46706","2024","15-JAN-23","2023","202301159574764473"
"S4TX00656","BERMAN, JOHN","Republican Party","REP","Senate","S","Texas","TX","00","RICHLAND","WA","99352","2024","15-JAN-23","2023","202301159574764519"
"P40010431","DENNY, STEPHANIE NOELLE","Republican Party","REP","President","P","Arizona","AZ","00","SHOW LOW","AZ","85901","2024","14-JAN-23","2023","202301149574694616"
"P40010449","DENNY, STEPHANIE NOELLE","Republican Party","REP","President","P","Arizona","AZ","00","SHOW LOW","AZ","85901","2024","14-JAN-23","2023","202301149574694760"
"H4MO00029","ANDERSON, MATTHEW LEWIS","Republican Party","REP","House","H","Missouri","MO","00","SAINT LOUIS","MO","63135","2023","14-JAN-23","2023","202301149574694865"
"P40010456","DENNY, STEPHANIE NOELLE","Republican Party","REP","President","P","Arizona","AZ","00","SHOW LOW","AZ","85901","2024","14-JAN-23","2023","202301149574695166"
"P40010464","DENNY, STEPHANIE NOELLE","Republican Party","REP","President","P","Arizona","AZ","00","SHOW LOW","AZ","85901","2024","14-JAN-23","2023","202301149574695477"
"P40010423","BURELL, ZACHARY MICHAEL","Unaffiliated","UN","President","P","United States","00","00","REMLAP","AL","35133","2024","13-JAN-23","2023","202301139574688075"
"H4CA30149","FRIEDMAN, LAURA","Democratic Party","DEM","House","H","California","CA","30","LOS ANGELES","CA","900270296","2024","13-JAN-23","2023","202301139574689971"
"H8CT05245","HAYES, JAHANA","Democratic Party","DEM","House","H","Connecticut","CT","05","WATERBURY","CT","06721","2024","13-JAN-23","2023","202301139574690548"
"H8VA11062","CONNOLLY, GERALD EDWARD","Democratic Party","DEM","House","H","Virginia","VA","11","MERRIFIELD","VA","22116","2024","13-JAN-23","2023","202301139574690670"
"H8WV03097","MILLER, CAROL DEVINE","Republican Party","REP","House","H","West Virginia","WV","01","ALEXANDRIA","VA","22314","2024","13-JAN-23","2023","202301139574690729"
"H4MN02151","MURPHY, MICHAEL A","Republican Party","REP","House","H","Minnesota","MN","02","LEXINGTON","MN","55025","2024","13-JAN-23","2023","202301139574690864"
"H2AZ01354","CRANE, ELI","Republican Party","REP","House","H","Arizona","AZ","02","CORTARO","AZ","85652","2024","13-JAN-23","2023","202301139574690881"
"H2IA03119","NUNN, ZACH","Republican Party","REP","House","H","Iowa","IA","03","BONDURANT","IA","50035","2024","13-JAN-23","2023","202301139574690928"
"H4CA30156","BOCANEGRA, JOSH","Democratic Party","DEM","House","H","California","CA","30","WEST HOLLYWOOD","CA","90069","2024","13-JAN-23","2023","202301139574692196"
"H0OR02127","BENTZ, CLIFF","Republican Party","REP","House","H","Oregon","OR","02","ONTARIO","OR","97914","2024","13-JAN-23","2023","202301139574692909"
"H6KY01110","COMER, JAMES","Republican Party","REP","House","H","Kentucky","KY","01","TOMPKINSVILLE","KY","421671553","2024","13-JAN-23","2023","202301139574692910"
"H2NY19127","MOLINARO, MARCUS J.","Republican Party","REP","House","H","New York","NY","19","POUGHKEEPSIE","NY","12602","2024","13-JAN-23","2023","202301139574693020"
"H0CO03165","BOEBERT, LAUREN","Republican Party","REP","House","H","Colorado","CO","03","RIFLE","UT","81652","2024","13-JAN-23","2023","202301139574693048"
"H0NM03102","LEGER FERNANDEZ, TERESA","Democratic Party","DEM","House","H","New Mexico","NM","03","SANTA FE","NM","87504","2024","13-JAN-23","2023","202301139574693192"
"H8SC05158","NORMAN, RALPH W. JR.","Republican Party","REP","House","H","South Carolina","SC","05","ROCK HILL","SC","29732","2024","13-JAN-23","2023","202301139574693209"
"H4OK06056","LUCAS, FRANK D.","Republican Party","REP","House","H","Oklahoma","OK","03","CHEYENNE","OK","736281039","2024","13-JAN-23","2023","202301139574693691"
"S4CA00530","KORTAM, ZAKARIA MOHAMED MR","Republican Party","REP","Senate","S","California","CA","00","SAN JOSE","CA","95138","2024","12-JAN-23","2023","202301129574676686"
"H2CA31125","AGUILAR, PETE","Democratic Party","DEM","House","H","California","CA","33","SAN BERNARDINO","CA","92423","2024","12-JAN-23","2023","202301129574678744"
"H4WA09079","ISHII, DAVID","Democratic Party","DEM","House","H","Washington","WA","09","SEATLE","WA","98144","2024","12-JAN-23","2023","202301129574678812"
"H8NH01210","PAPPAS, CHRIS","Democratic Party","DEM","House","H","New Hampshire","NH","01","MANCHESTER","NH","03105","2024","12-JAN-23","2023","202301129574679027"
"H2FL14186","DONALDS, BYRON","Republican Party","REP","House","H","Florida","FL","19","NAPLES","FL","34108","2024","12-JAN-23","2023","202301129574680081"
"H2TX33073","VEASEY, MARC ALLISON","Democratic Party","DEM","House","H","Texas","TX","33","FORT WORTH","TX","76105","2024","12-JAN-23","2023","202301129574681418"
"H4CA32111","WOLFE, GEOFFREY","Democratic Party","DEM","House","H","California","CA","32","LOS ANGELES","CA","90272","2024","12-JAN-23","2023","202301129574687697"
"H6MD03292","SARBANES, JOHN P. MR.","Democratic Party","DEM","House","H","Maryland","MD","03","WASHINGTON","DC","20003","2024","12-JAN-23","2023","202301129574681585"
"H2MI01142","LORINSER, ROBERT JAMES","Democratic Party","DEM","House","H","Michigan","MI","01","MARQUETTE","MI","49855","2024","12-JAN-23","2023","202301129574681594"
"P40010407","HERNANDEZ, SAUL REMI MR.","Republican Party","REP","President","P","United States","00","00","DUSON","LA","70529","2024","12-JAN-23","2023","202301129574682759"
"H4CA30131","MELVOIN, NICK","Democratic Party","DEM","House","H","California","CA","30","PASADENA","CA","91109","2024","12-JAN-23","2023","202301129574687149"
"P40010506","HUMPHREY JR, ROBERT CAROLYLE","Independent","IND","President","P","United States","00","00","UNION BRIDGE ","MD","21791","2024","12-JAN-23","2023","202301170300432350"
"H2MD02160","RUPPERSBERGER, C. A. DUTCH","Democratic Party","DEM","House","H","Maryland","MD","02","LUTHERVILLE","MD","21094","2024","12-JAN-23","2023","202301129574681419"
"H6CA48245","BAUGH, SCOTT","Republican Party","REP","House","H","California","CA","47","NEWPORT BEACH","CA","92660","2024","11-JAN-23","2023","202301119574672257"
"H2WA03100","KENT, JOSEPH","Republican Party","REP","House","H","Washington","WA","03","BATTLE GROUND","WA","98604","2024","11-JAN-23","2023","202301119574661616"
"H4IL14132","DOREY, KRYSTAL","Republican Party","REP","House","H","Illinois","IL","14","LOCKPORT","IL","60441","2024","11-JAN-23","2023","202301119574675029"
"H0AL07086","SEWELL, TERRI A.","Democratic Party","DEM","House","H","Alabama","AL","07","BIRMINGHAM","AL","35201","2024","11-JAN-23","2023","202301119574672282"
"H8IN06129","PENCE, GREGORY J.","Republican Party","REP","House","H","Indiana","IN","06","TAYLORSVILLE","IN","47280","2024","11-JAN-23","2023","202301119574673624"
"H8CA48035","ROUDA, HARLEY E JR","Democratic Party","DEM","House","H","California","CA","47","NEWPORT BEACH","CA","92660","2024","11-JAN-23","2023","202301119574666765"
"H2LA02149","CARTER, TROY A. SR.","Democratic Party","DEM","House","H","Louisiana","LA","02","NEW ORLEANS","LA","70150","2024","10-JAN-23","2023","202301109574643365"
"H4MA01067","WALKER, CHASE","Republican Party","REP","House","H","Massachusetts","MA","01","DUDLEY","MA","01571","2024","10-JAN-23","2023","202301109574642854"
"S4CA00522","PORTER, KATHERINE","Democratic Party","DEM","Senate","S","California","CA","00","IRVINE","CA","92616","2024","10-JAN-23","2023","202301109574640104"
"H2TX00064","SELF, KEITH ALAN","Republican Party","REP","House","H","Texas","TX","03","MCKINNEY","TX","75071","2024","09-JAN-23","2023","202301099574521998"
"H4NC05146","FOXX, VIRGINIA ANN","Republican Party","REP","House","H","North Carolina","NC","05","BOONE","NC","28607","2024","09-JAN-23","2023","202301099574515324"
"H4NY20147","LOCKE, JONATHON ALLEN MR.","Republican Party","REP","House","H","New York","NY","20","BALLSTON SPA","NY","12020","2024","09-JAN-23","2023","202301099574521999"
"H6MS01131","KELLY, JOHN TRENT","Republican Party","REP","House","H","Mississippi","MS","01","TUPELO","MS","38804","2024","09-JAN-23","2023","202301099574522014"
"H8PA07200","SCANLON, MARY GAY","Democratic Party","DEM","House","H","Pennsylvania","PA","05","SWARTHMORE","PA","19081","2024","09-JAN-23","2023","202301099574522894"
"H2RI02184","MAGAZINER, SETH","Democratic Party","DEM","House","H","Rhode Island","RI","02","PROVIDENCE","RI","02940","2024","09-JAN-23","2023","202301099574638595"
"H2NC14050","EDWARDS, CHUCK","Republican Party","REP","House","H","North Carolina","NC","11","HENDERSONVILLE","NC","28792","2024","09-JAN-23","2023","202301099574633733"
"H4AZ01186","HORNE, ANDREW","Democratic Party","DEM","House","H","Arizona","AZ","01","PHOENIX","AZ","85018","2024","09-JAN-23","2023","202301099574633804"
"P40010399","RAMOS, JONATHON ANGEL","Federalist","FED","President","P","California","CA","00","SAN DIEGO","CA","92104","2024","09-JAN-23","2023","202301099574634776"
"H0NC09187","BISHOP, JAMES DANIEL","Republican Party","REP","House","H","North Carolina","NC","08","WAXHAW","NC","28173","2024","09-JAN-23","2023","202301099574634826"
"P40010381","POWELL, TAMIKO","Independent","IND","President","P","United States","00","00","SANTA ROSA","CA","95401","2024","09-JAN-23","2023","202301099574627377"
"H4CA06131","KIPUKE, OMBA","Libertarian Party","LIB","House","H","California","CA","06","SACRAMENTO","CA","95821","2024","08-JAN-23","2023","202301089574499633"
"S4MD00293","FICKER, ROBIN","Republican Party","REP","Senate","S","Maryland","MD","00","BOYDS","MD","20841","2024","07-JAN-23","2023","202301079574473006"
"H4NV04108","FLIPPO, DAVID","Republican Party","REP","House","H","Nevada","NV","04","LAS VEGAS","NV","89117","2024","06-JAN-23","2023","202301069574471646"
"P40010373","CLAPP, WALTER DOUGLAS","Republican Party","REP","President","P","United States","00","00","RED LODGE","MT","59068","2024","06-JAN-23","2023","202301069574472996"
"H4WV02221","CAIN, DENNIS NATE NATHAN","Republican Party","REP","House","H","West Virginia","WV","02","HEDGESVILLE","WV","25427","2024","06-JAN-23","2023","202301069574457083"
"H2NC07161","CASTELLI, ROBERT CHRISTIAN","Republican Party","REP","House","H","North Carolina","NC","06","GREENSBORO","NC","27404","2024","06-JAN-23","2023","202301069574454766"
"S2MO00528","KUNCE, LUCAS","Democratic Party","DEM","Senate","S","Missouri","MO","00","INDEPENDENCE","MO","64051","2024","06-JAN-23","2023","202301069574454973"
"P20006045","PRESTON, MATTIE","Democratic Party","DEM","President","P","United States","00","00","MINDEN","LA","71055","2024","06-JAN-23","2023","202301060300431585"
"H4CA23185","FAVRO, MATTHEW","Democratic Party","DEM","House","H","California","CA","23","BIG BEAR CITY","CA","92314","2024","05-JAN-23","2023","202301059574452424"
"H4WV01058","EVANS, JONATHAN DERRICK","Republican Party","REP","House","H","West Virginia","WV","01","PRICHARD","WV","25555","2024","05-JAN-23","2023","202301059574287127"
"P40010340","HUDDLESTON, ALAN MR.","Democratic Party","DEM","President","P","United States","00","00","UTICA","MI","48315","2024","05-JAN-23","2023","202301059574291196"
"H0FL08208","WEBSTER, DANIEL","Republican Party","REP","House","H","Florida","FL","11","WEBSTER","FL","33597","2024","05-JAN-23","2023","202301059574287148"
"H2UT02324","STEWART, CHRIS","Republican Party","REP","House","H","Utah","UT","02","FARMINGTON","UT","84025","2024","05-JAN-23","2023","202301059574287300"
"H8FL15107","POSEY, BILL","Republican Party","REP","House","H","Florida","FL","08","MELBOURNE","FL","32941","2024","05-JAN-23","2023","202301059574287128"
"H4CA01116","KELLY, JOHN JOSEPH MR. JJK","Republican Party","REP","House","H","California","CA","01","VENICE","CA","90291","2023","04-JAN-23","2023","202301049574282813"
"P40010332","KELLER, TIFFANY GAYLE","Democratic Party","DEM","President","P","United States","00","00","ROCKFORD","MI","49341","2024","04-JAN-23","2023","202301049574285555"
"H0VA08172","KIM, HEERAK CHRISTIAN DR.","Republican Party","REP","House","H","Virginia","VA","08","ARLINGTON","VA","22204","2024","04-JAN-23","2023","202301049574285493"
"H6CA05195","MATSUI, DORIS","Democratic Party","DEM","House","H","California","CA","07","SACRAMENTO","CA","95812","2024","04-JAN-23","2023","202301049574284241"
"P60016383","KITT PAUL, VALMA 'VAL'","Republican Party","REP","President","P","United States","00","00","DOTHAN","AL","363030002","2024","03-JAN-23","2023","202301050300431535"
"H2IL10068","SCHNEIDER, BRADLEY S.","Democratic Party","DEM","House","H","Illinois","IL","10","DEERFIELD","IL","60015","2024","03-JAN-23","2023","202301039574251853"
"P40010324","ROBERTS, ROLLAN II","Republican Party","REP","President","P","United States","00","00","LEXINGTON","KY","40555","2024","03-JAN-23","2023","202301039574251146"
"S4RI00069","WATERS, ALLEN","Democratic Party","DEM","Senate","S","Rhode Island","RI","00","PROVIDENCE","RI","02940","2024","03-JAN-23","2023","202301039574251191"
"H6CA20152","PANETTA, JIMMY","Democratic Party","DEM","House","H","California","CA","19","CARMEL VALLEY","CA","93924","2024","03-JAN-23","2023","202301039574251536"
"H2CA39078","SANCHEZ, LINDA","Democratic Party","DEM","House","H","California","CA","38","GAITHERSBURG","MD","20883","2024","03-JAN-23","2023","202301039574251548"
"H2VI00082","PLASKETT, STACEY","Democratic Party","DEM","House","H","U.S. Virgin Islands","VI","00","FREDERIKSTED","VI","00841","2024","03-JAN-23","2023","202301039574251549"
"H6MD07020","MFUME, KWEISI","Democratic Party","DEM","House","H","Maryland","MD","07","BALTIMORE","MD","21207","2024","03-JAN-23","2023","202301039574251550"
"H2TX23082","CUELLAR, HENRY R.","Democratic Party","DEM","House","H","Texas","TX","28","LAREDO","TX","78040","2024","03-JAN-23","2023","202301039574251551"
"H4NV04090","OROZCO, ALBERTO","GOP","GOP","House","H","Nevada","NV","04","ELKO","NV","89801","2024","03-JAN-23","2023","202301039574251771"
"H4NV02169","OROZCO, ALBERTO","GOP","GOP","House","H","Nevada","NV","02","ELKO","NV","89801","2024","03-JAN-23","2023","202301039574251779"
"H0GA05301","WILLIAMS, NIKEMA N.","Democratic Party","DEM","House","H","Georgia","GA","05","ATLANTA","GA","31131","2024","03-JAN-23","2023","202301039574251834"
"H2NY00010","VELAZQUEZ, NYDIA M.","Democratic Party","DEM","House","H","New York","NY","07","BROOKLYN","NY","11231","2024","03-JAN-23","2023","202301039574251835"
"H6NJ08118","PASCRELL, WILLIAM J. JR.","Democratic Party","DEM","House","H","New Jersey","NJ","09","TEANECK","NJ","07666","2024","03-JAN-23","2023","202301039574251836"
"H6GA04129","JOHNSON, HENRY C. 'HANK'","Democratic Party","DEM","House","H","Georgia","GA","04","DECATUR","GA","30034","2024","03-JAN-23","2023","202301039574251847"
"H8CA39240","KIM, YOUNG","Republican Party","REP","House","H","California","CA","40","LA HABRA","CA","90631","2024","03-JAN-23","2023","202301039574282748"
"H6TX12060","GRANGER, KAY","Republican Party","REP","House","H","Texas","TX","12","FORT WORTH","TX","761076547","2024","02-JAN-23","2023","202301029574249921"
"H6FL02208","DUNN, NEAL PATRICK MD, FACS","Republican Party","REP","House","H","Florida","FL","02","PANAMA CITY","FL","32406","2024","02-JAN-23","2023","202301029574249951"
"H6GA03113","FERGUSON, ANDERSON DREW IV","Republican Party","REP","House","H","Georgia","GA","03","THE ROCK","GA","30285","2024","02-JAN-23","2023","202301029574251000"
"H2GA12121","ALLEN, RICHARD W","Republican Party","REP","House","H","Georgia","GA","12","AUGUSTA","GA","30904","2024","02-JAN-23","2023","202301029574250998"
"H0LA01087","SCALISE, STEVE MR","Republican Party","REP","House","H","Louisiana","LA","01","JEFFERSON","LA","70183","2024","02-JAN-23","2023","202301029574249998"
"H8CA29100","DUENAS, ANGELICA MARIA","Democratic Party","DEM","House","H","California","CA","29","SUN VALLEY","CA","91353","2024","01-JAN-23","2023","202301019574249615"
"P40010316","BAILEY, JONATHAN THOMAS","American Party","AMP","President","P","United States","00","00","SPOKANE VALLEY","WA","99216","2024","01-JAN-23","2023","202301019574249616"
"H4NV01195","MICHAEL, COFFEY ICON","Democratic Party","DEM","House","H","Nevada","NV","01","LAS VEGAS","NV","89113","2023","01-JAN-23","2023","202301019574249856"
"H2MI04278","GLASSER, CHRISTOPHER JAMES","Democratic Party","DEM","House","H","Michigan","MI","04","KALAMAZOO","MI","49048","2024","01-JAN-23","2023","202301019574249781"
"H0CA48172","BURLEY, BRIAN J MR.","Republican Party","REP","House","H","California","CA","47","HUNTINGTON BEACH","CA","92649","2024","01-JAN-23","2023","202301019574249618"
"P40010308","EVANS, INSLEY MR. SR.","None","NNE","President","P","United States","00","00","FORT MYERS","FL","33913","2024","30-DEC-22","2022","202212309574245468"
"P60007770","THOMPSON, MORRIS KENT MR.","Unaffiliated","UN","President","P","United States","00","00","DEERFIELD BEACH","FL","33442","2024","30-DEC-22","2022","202212309574246024"
"H4CA05265","KASSEL, JASON SETH","Democratic Party","DEM","House","H","California","CA","05","FRESNO","CA","93711","2024","30-DEC-22","2022","202212309574245974"
"H2CT02161","FRANCE, MIKE","Republican Party","REP","House","H","Connecticut","CT","02","GALES FERRY","CT","06335","2024","29-DEC-22","2022","202212299574238878"
"P40010290","JONES, BRITTANY NICHOLE","Unaffiliated","UN","President","P","United States","00","00","EUGENE","OR","97408","2024","29-DEC-22","2022","202212299574243880"
"H6NE02125","BACON, DONALD J","Republican Party","REP","House","H","Nebraska","NE","02","OMAHA","NE","681391368","2024","29-DEC-22","2022","202212299574243042"
"P40010365","VILLINES, WAYNE J","Democratic Party","DEM","President","P","United States","00","00","JENKS","OK","74037","2024","29-DEC-22","2022","202301050300431514"
"P40010282","LARKEY, CHAD S.","Independent","IND","President","P","United States","00","00","ALBUQUERQUE","NM","87121","2024","28-DEC-22","2022","202212289574238844"
"P40010274","ASTELLO, JENNIFER","Democratic Party","DEM","President","P","United States","00","00","RIO RANCHO","NM","87124","2024","28-DEC-22","2022","202212289574238843"
"P00009084","STRIED, CHRISTOPHER","Independent","IND","President","P","United States","00","00","MARCO ISLAND","FL","34145","2024","27-DEC-22","2022","202212279574224616"
"H2AZ07187","ZINK, JEFFREY NELSON MR","Republican Party","REP","House","H","Arizona","AZ","03","PHOENIX","AZ","85041","2024","27-DEC-22","2022","202212279574225793"
"H8IN04199","BAIRD, JAMES R DR.","Republican Party","REP","House","H","Indiana","IN","04","GREENCASTLE","IN","46235","2024","27-DEC-22","2022","202212279574225800"
"H2NY23228","LANGWORTHY, NICK","Republican Party","REP","House","H","New York","NY","23","CLARENCE","NY","14031","2024","27-DEC-22","2022","202212279574226116"
"H0FL15104","FRANKLIN, SCOTT MR.","Republican Party","REP","House","H","Florida","FL","18","LAKELAND","FL","33806","2024","27-DEC-22","2022","202212279574223765"
"H2KY04121","MASSIE, THOMAS H.","Republican Party","REP","House","H","Kentucky","KY","04","NEWPORT","KY","41072","2024","27-DEC-22","2022","202212279574227203"
"P40010266","FRANCISCO, HUBERT SEAN","Independent","IND","President","P","United States","00","00","RICHMOND","KY","40475","2024","27-DEC-22","2022","202212279574222504"
"H8NJ04014","SMITH, CHRISTOPHER H","Republican Party","REP","House","H","New Jersey","NJ","04","TOMS RIVER","NJ","087541266","2024","27-DEC-22","2022","202212279574222837"
"S2NY00325","SARE, DIANE WILSON MS","Independent","IND","Senate","S","New York","NY","00","SLOATSBURG","NJ","10974","2024","27-DEC-22","2022","202212279574222839"
"H0OK05205","BICE, STEPHANIE","Republican Party","REP","House","H","Oklahoma","OK","05","OKLAHOMA CITY","OK","73156","2024","27-DEC-22","2022","202212279574227201"
"P00010785","BROUGH, PAUL MATTHEW KING V","Independent","IND","President","P","United States","00","00","SOUTH PADRE ISLAND","TX","78597","2024","26-DEC-22","2022","202212269574222014"
"H4MD01135","JOHNSON, CHRISTEN ERIKA","Unaffiliated","UN","House","H","Maryland","MD","01","LOTHIAN","MD","20711","2024","26-DEC-22","2022","202212269574221856"
"P40010241","SULLIVAN, CHARLES TODD MR.","No Party Affiliation","NPA","President","P","United States","00","00","GAINESVILLE","FL","32606","2024","26-DEC-22","2022","202212269574222013"
"H4OH13112","WHEELER, GREGORY","Republican Party","REP","House","H","Ohio","OH","13","AKRON","OH","44321","2024","26-DEC-22","2022","202212269574221877"
"H2MI08154","JAYE, BRIAN STEVEN","Democratic Party","DEM","House","H","Michigan","MI","10","ROCHESTER","MI","48307","2024","26-DEC-22","2022","202212269574221975"
"P40010225","JOHNSON, CHRISTEN ERIKA","Unaffiliated","UN","President","P","United States","00","00","LOTHIAN","MD","20772","2024","26-DEC-22","2022","202212269574221858"
"H4NV04082","OROZCO, ALBERTO","GOP","GOP","House","H","Nevada","NV","04","ELKO","NV","89801","2024","24-DEC-22","2022","202212249574221786"
"H4NV04074","OROZCO, ALBERTO","GOP","GOP","House","H","Nevada","NV","04","ELKO","NV","89801","2024","24-DEC-22","2022","202212249574221785"
"P40010217","VAN HUISEN, GREGORY SCOTT","Republican Party","REP","President","P","United States","00","00","IONE","CA","95640","2024","23-DEC-22","2022","202212230300430878"
"S4PA00253","WRIGHT-MCDONALD, REECE MASTER","Independent","IND","Senate","S","Pennsylvania","PA","00","BARROW-IN-FURNESS","PA","10001","2024","23-DEC-22","2022","202212239574221035"
"H2MI10150","JAMES, JOHN","Republican Party","REP","House","H","Michigan","MI","10","ST. CLAIR SHORES","MI","48080","2024","23-DEC-22","2022","202212239574220659"
"P40010191","HARTLIEP, BRADLEY SCOTT HRH GENERAL","Republican Party","REP","President","P","United States","00","00","LA LUZ","NM","88337","2024","22-DEC-22","2022","202212229574218224"
"P40010209","ALEXANDER-NEAL, MALCOLM","Taxpayers","TX","President","P","California","CA","00","SAN DIEGO","CA","92119","2024","22-DEC-22","2022","202212229574219948"
"S4MS00187","PINKINS, TY","Democratic Party","DEM","Senate","S","Mississippi","MS","00","VICKSBURG","MS","39180","2024","22-DEC-22","2022","202212229574219264"
"H2NC08235","VILLAVERDE, CHRISTINE","Republican Party","REP","House","H","North Carolina","NC","02","RALEIGH","NC","27624","2024","21-DEC-22","2022","202212219574199742"
"H0NY11078","MALLIOTAKIS, NICOLE","Republican Party","REP","House","H","New York","NY","11","STATEN ISLAND","NY","10308","2024","20-DEC-22","2022","202212209574182465"
"H2NY17162","LAWLER, MICHAEL VINCENT","Republican Party","REP","House","H","New York","NY","17","SOUTH SALEM","NY","10590","2024","20-DEC-22","2022","202212209574182469"
"P40010183","FARMS, WILLIAM","Republican Party","REP","President","P","United States","00","00","JEWETT","OH","43986","2024","20-DEC-22","2022","202212209574182448"
"S4NY00271","SALEM, KHALED","Democratic Party","DEM","Senate","S","New York","NY","00","BROOKLYN","NY","11209","2024","20-DEC-22","2022","202212209574188494"
"S0NY00667","SALEM, KHALED MR","Democratic Party","DEM","Senate","S","New York","NY","00","BROOKLYN","NY","11209","2024","20-DEC-22","2022","202212209574188476"
"S4MN00478","BERMAN, JOHN","Republican Party","REP","Senate","S","Minnesota","MN","00","RICHLAND","WA","99352","2024","19-DEC-22","2022","202212199574182046"
"H0TX11230","PFLUGER, AUGUST LEE II","Republican Party","REP","House","H","Texas","TX","11","SAN ANGELO","TX","76902","2024","19-DEC-22","2022","202212199574180130"
"H4AZ06045","SCHWEIKERT, DAVID S.","Republican Party","REP","House","H","Arizona","AZ","06","FOUNTAIN HILLS","AZ","852684331","2024","19-DEC-22","2022","202212199574180131"
"H2FL07156","MILLS, CORY","Republican Party","REP","House","H","Florida","FL","07","WINTER PARK","FL","32789","2024","19-DEC-22","2022","202212199574180133"
"P40010175","CORSON, JESSE ANDREW","Unaffiliated","UN","President","P","United States","00","00","ALEXANDRIA","VA","22312","2024","19-DEC-22","2022","202212199574180245"
"H2WA05097","DANIMUS, ANN MARIE","Democratic Party","DEM","House","H","Washington","WA","05","SPOKANE VALLEY","WA","99212","2024","19-DEC-22","2022","202212199574180110"
"H6DE00206","BLUNT ROCHESTER, LISA","Democratic Party","DEM","House","H","Delaware","DE","00","WILMINGTON","DE","19809","2024","19-DEC-22","2022","202212199574180823"
"H6MD08549","TRONE, DAVID","Democratic Party","DEM","House","H","Maryland","MD","06","GAITHERSBURG","MD","20883","2024","19-DEC-22","2022","202212199574181054"
"H4FL01163","INSTERVIL, WILSON","Libertarian Party","LIB","House","H","Florida","FL","01","DELRAY BEACH","FL","33445","2023","19-DEC-22","2022","202212199574181482"
"S4NJ00391","MAIA-CUSICK, SHIRLEY","Republican Party","REP","Senate","S","New Jersey","NJ","00","MILLBURN","NJ","07078","2024","19-DEC-22","2022","202212199574181495"
"H4GA07267","MILLER, BRANDON","Democratic Party","DEM","House","H","Georgia","GA","07","MARIETTA","GA","30062","2024","19-DEC-22","2022","202212199574180743"
"P40010142","DAVIES, KEVIN ALEXANDER","Write-In","W","President","P","United States","00","00","ROANOKE","VA","24012","2024","16-DEC-22","2022","202212169574173231"
"H0VA04064","BENJAMIN, LEON MR. SR.","Republican Party","REP","House","H","Virginia","VA","04","RICHMOND","VA","23224","2023","16-DEC-22","2022","202212169574174023"
"H4VA04090","CYSEWSKI, MASON","Write-In","W","House","H","Virginia","VA","04","COURTENAY","ND","58426","2023","16-DEC-22","2022","202212169574178990"
"H0PA03271","KELLY, GEORGE J JR","Republican Party","REP","House","H","Pennsylvania","PA","16","BUTLER","PA","16001","2024","16-DEC-22","2022","202212169574178773"
"H2OH02085","WENSTRUP, BRAD DR.","Republican Party","REP","House","H","Ohio","OH","02","CINCINNATI","MD","452261121","2024","16-DEC-22","2022","202212169574178774"
"H2FL15241","LEE, LAUREL MRS.","Republican Party","REP","House","H","Florida","FL","15","BRANDON","FL","33509","2024","16-DEC-22","2022","202212169574175352"
"H4WY01046","CYSEWSKI, MASON","Constitution Party","CON","House","H","Wyoming","WY","00","COURTENAY","ND","58426","2024","15-DEC-22","2022","202212159574173042"
"S4TX00631","CYSEWSKI, MASON","Green Party","GRE","Senate","S","Texas","TX","00","COURTENAY","ND","58426","2024","15-DEC-22","2022","202212159565308924"
"S4FL00504","CYSEWSKI, MASON VICENT","Green Party","GRE","Senate","S","Florida","FL","00","COURTENAY","ND","58426","2024","15-DEC-22","2022","202212159574173047"
"P40010084","INSELMAN, WESLEY TODD","Independent","IND","President","P","United States","00","00","BOISE","ID","83712","2024","14-DEC-22","2022","202212149557585059"
"H4VA04082","HOLLIE, DERRICK J. MR.","Republican Party","REP","House","H","Virginia","VA","04","RICHMOND","VA","23255","2023","14-DEC-22","2022","202212149557586864"
"S4VA00239","GARCIA, EDWARD","Republican Party","REP","Senate","S","Virginia","VA","00","ARLINGTON","VA","22206","2024","14-DEC-22","2022","202212149557588317"
"P40010134","COLLINGWOOD, PAUL B.","Other","OTH","President","P","United States","00","00","DARLINGTON","SC","29540","2024","14-DEC-22","2022","202212149557612093"
"H8KS04112","ESTES, RON","Republican Party","REP","House","H","Kansas","KS","04","WICHITA","KS","672064126","2024","14-DEC-22","2022","202212149557611502"
"H2NV03153","ROBERTSON, MARK","Republican Party","REP","House","H","Nevada","NV","01","LAS VEGAS","NV","89107","2024","14-DEC-22","2022","202212149557611505"
"S4FL00496","CYSEWSKI, MASON","Write-In","W","Senate","S","Florida","FL","00","COURTENAY","ND","58426","2024","14-DEC-22","2022","202212149557611991"
"P40010100","COLLINS, JOSEPH","Republican Party","REP","President","P","United States","00","00","INGLEWOOD","CA","90302","2024","14-DEC-22","2022","202212149557592017"
"H4CO04157","SCHREIBER, JUSTIN","Republican Party","REP","House","H","Colorado","CO","04","LIMON","CO","80828","2024","13-DEC-22","2022","202212139557585037"
"P20001905","LEE, ROBERT","Independent","IND","President","P","United States","00","00","WASHINGTON","DC","20004","2024","13-DEC-22","2022","202212130300429984"
"H4NY11138","CLARKE, YVETTE D","Democratic Party","DEM","House","H","New York","NY","09","BROOKLYN","NY","11225","2024","13-DEC-22","2022","202212139557560215"
"H4VA04074","PRESTON, JOSEPH EDWARD","Democratic Party","DEM","House","H","Virginia","VA","04","N. PRINCE GEORGE","VA","23860","2023","13-DEC-22","2022","202212139557560216"
"H8MO09153","LUETKEMEYER, W BLAINE","Republican Party","REP","House","H","Missouri","MO","03","ST ELIZABETH","MO","650750098","2024","13-DEC-22","2022","202212139557561518"
"H8CA12098","ESHOO, ANNA G.","Democratic Party","DEM","House","H","California","CA","16","SACRAMENTO","CA","95814","2024","13-DEC-22","2022","202212139557563146"
"H2TX32125","PORRO, JOHN CHARLES MR.","Republican Party","REP","House","H","Texas","TX","01","FARMERSVILLE","TX","75442","2024","12-DEC-22","2022","202212129557534986"
"H8NY21203","TONKO, PAUL DAVID","Democratic Party","DEM","House","H","New York","NY","20","ALBANY","NY","12206","2024","12-DEC-22","2022","202212129557532515"
"H2NY17071","NADLER, JERROLD L.","Democratic Party","DEM","House","H","New York","NY","12","NEW YORK","NY","10024","2024","10-DEC-22","2022","202212109557530715"
"H2AZ07070","GRIJALVA, RAUL M","Democratic Party","DEM","House","H","Arizona","AZ","07","TUCSON","AZ","85702","2024","09-DEC-22","2022","202212099557530520"
"H4NC03075","NIXON, NIKKI MAURICE MR.","Democratic Party","DEM","House","H","North Carolina","NC","03","SNEADS FERRY","NC","28460","2024","09-DEC-22","2022","202212099557530572"
"H4VA04066","MCCLELLAN, JENNIFER","Democratic Party","DEM","House","H","Virginia","VA","04","RICHMOND","VA","23218","2023","09-DEC-22","2022","202212099557529545"
"H4NJ01084","NORCROSS, DONALD W","Democratic Party","DEM","House","H","New Jersey","NJ","01","COLLINGSWOOD","NJ","08108","2024","09-DEC-22","2022","202212099557529430"
"H4VA04058","BAGBY, LAMONT","Democratic Party","DEM","House","H","Virginia","VA","04","RICHMOND","VA","23241","2023","09-DEC-22","2022","202212099557520018"
"H4CA13095","BOYD, BRAD","Democratic Party","DEM","House","H","California","CA","13","OAKLAND","CA","94611","2024","08-DEC-22","2022","202212089550447112"
"H0IL05096","QUIGLEY, MIKE","Democratic Party","DEM","House","H","Illinois","IL","05","CHICAGO","IL","60613","2024","08-DEC-22","2022","202212089557164302"
"H6TX02079","BABIN, BRIAN","Republican Party","REP","House","H","Texas","TX","36","WOODVILLE","TX","75979","2024","08-DEC-22","2022","202212089547396985"
"H6NV04020","LEE, SUSIE","Democratic Party","DEM","House","H","Nevada","NV","03","LAS VEGAS","NV","89148","2024","08-DEC-22","2022","202212089547509763"
"H6PA08277","FITZPATRICK, BRIAN","Republican Party","REP","House","H","Pennsylvania","PA","01","LANGHORNE","PA","19047","2024","08-DEC-22","2022","202212089550376686"
"H8IL14174","UNDERWOOD, LAUREN","Democratic Party","DEM","House","H","Illinois","IL","14","PLAINFIELD","IL","60585","2024","08-DEC-22","2022","202212089547706678"
"H0VA05160","GOOD, ROBERT G. HON.","Republican Party","REP","House","H","Virginia","VA","05","LOVINGSTON","VA","229490117","2024","08-DEC-22","2022","202212089550097339"
"H8ME01120","PINGREE, CHELLIE M","Democratic Party","DEM","House","H","Maine","ME","01","PORTLAND","ME","04112","2024","08-DEC-22","2022","202212089550374874"
"H6CA24303","CARBAJAL, SALUD O.","Democratic Party","DEM","House","H","California","CA","24","SANTA BARBARA","CA","93102","2024","08-DEC-22","2022","202212089547599641"
"H8MN03143","PHILLIPS, DEAN","Democratic-Farmer-Labor","DFL","House","H","Minnesota","MN","03","EXCELSIOR","MN","55331","2024","07-DEC-22","2022","202212079547178528"
"H0IN08114","BUCSHON, LARRY D.","Republican Party","REP","House","H","Indiana","IN","08","NEWBURGH","IN","47629","2024","07-DEC-22","2022","202212079547206915"
"H8TX27049","CLOUD, MICHAEL","Republican Party","REP","House","H","Texas","TX","27","VICTORIA","TX","77903","2024","07-DEC-22","2022","202212079547227543"
"H2CA21233","SALAS, RUDY","Democratic Party","DEM","House","H","California","CA","22","BAKERSFIELD","CA","93384","2024","07-DEC-22","2022","202212079547242507"
"H4NJ12149","COLEMAN, BONNIE WATSON","Democratic Party","DEM","House","H","New Jersey","NJ","12","WASHINGTON","DC","20003","2024","07-DEC-22","2022","202212079547260862"
"H4CA23011","WATERS, MAXINE MS","Democratic Party","DEM","House","H","California","CA","43","LOS ANGELES","CA","90044","2024","07-DEC-22","2022","202212079547266727"
"H4OR03143","GWYNN, THEODORE JOSEPH","Democratic Party","DEM","House","H","Oregon","OR","03","PORTLAND","OR","97220","2024","07-DEC-22","2022","202212079547380044"
"H4CA12055","KHANNA, ROHIT","Democratic Party","DEM","House","H","California","CA","17","SANTA CLARA","CA","95051","2024","07-DEC-22","2022","202212079547298113"
"H0CA03128","HAMILTON, TAMIKA","Republican Party","REP","House","H","California","CA","06","DIXON","CA","95620","2024","07-DEC-22","2022","202212079547325234"
"H0NH02181","KUSTER, ANN MCLANE","Democratic Party","DEM","House","H","New Hampshire","NH","02","CONCORD","NH","03302","2024","07-DEC-22","2022","202212079547325485"
"P40010076","O'DONNELL, ANDREW JOESPH","Unaffiliated","UN","President","P","United States","00","00","GENEVA","NY","14456","2024","07-DEC-22","2022","202212079547325486"
"H4WV02213","EARLEY, JOSEPH FREDERICK","Republican Party","REP","House","H","West Virginia","WV","02","BRIDGEPORT","WV","26330","2024","07-DEC-22","2022","202212079547365018"
"H8CA34266","GOMEZ, JIMMY","Democratic Party","DEM","House","H","California","CA","34","LOS ANGELES","CA","90017","2024","07-DEC-22","2022","202212079547288588"
"H2KY03206","MCGARVEY, MORGAN","Democratic Party","DEM","House","H","Kentucky","KY","03","LOUISVILLE","KY","40255","2024","06-DEC-22","2022","202212069547148192"
"H2SC07280","FRY, RUSSELL","Republican Party","REP","House","H","South Carolina","SC","07","SURFSIDE BEACH","SC","29587","2024","06-DEC-22","2022","202212069547155267"
"P40010050","FRIEND, BRIAN","Republican Party","REP","President","P","United States","00","00","WILMINGTON","NC","28412","2024","06-DEC-22","2022","202212069547157241"
"H4AZ07043","GALLEGO, RUBEN","Democratic Party","DEM","House","H","Arizona","AZ","03","PHOENIX","AZ","85001","2024","06-DEC-22","2022","202212069547158291"
"P40010068","MACK, ROD MR","Independent","IND","President","P","United States","00","00","ATLANTA","GA","30337","2024","06-DEC-22","2022","202212069547176552"
"H0CA48024","ISSA, DARRELL","Republican Party","REP","House","H","California","CA","48","ESCONDIDO","CA","92046","2024","06-DEC-22","2022","202212069547168639"
"H4VA08224","BEYER, DONALD STERNOFF JR.","Democratic Party","DEM","House","H","Virginia","VA","08","ALEXANDRIA","VA","22314","2024","06-DEC-22","2022","202212069547171027"
"H0CA48198","STEEL, MICHELLE","Republican Party","REP","House","H","California","CA","45","SURFSIDE","CA","90743","2024","06-DEC-22","2022","202212069547176134"
"S4PA00246","DEL MOORE, NICHOLAS D","Democratic Party","DEM","Senate","S","Pennsylvania","PA","00","NORTH WALES","PA","19454","2024","06-DEC-22","2022","202212069547176285"
"H0CA25105","GARCIA, MICHAEL","Republican Party","REP","House","H","California","CA","27","VALENCIA","CA","91354","2024","06-DEC-22","2022","202212069547163109"
"S0CA00504","FABRICANT, DANNY","Republican Party","REP","Senate","S","California","CA","00","LOMPOC","CA","934362706","2024","05-DEC-22","2022","202212050300427648"
"P40010019","TEAGUE, ALICE YVONNE MS","Independent","IND","President","P","United States","00","00","COVINGTON","GA","30016","2024","05-DEC-22","2022","202212059547114084"
"H0AZ01259","GOSAR, PAUL DR.","Republican Party","REP","House","H","Arizona","AZ","09","PRESCOTT","AZ","86302","2024","05-DEC-22","2022","202212059547124458"
"H4VA07176","TARPLEY, SHALIEK","Republican Party","REP","House","H","Virginia","VA","07","FREDERICKSBURG","VA","22404","2024","05-DEC-22","2022","202212059547130431"
"P40010043","HANSEN, CHRISTOPHER","Independent","IND","President","P","United States","00","00","SIOUX CITY","IA","51103","2024","05-DEC-22","2022","202212059547138539"
"H2GA07121","CORBIN, MICHAEL ALLEN","Republican Party","REP","House","H","Georgia","GA","07","PEACHTREE CORNERS","GA","30092","2024","05-DEC-22","2022","202212059547136623"
"P40010027","HUNTER, JOELARRY","Independent","IND","President","P","United States","00","00","LAWRENCE","KS","66046","2024","05-DEC-22","2022","202212059547138024"
"H0KY05015","ROGERS, HAROLD DALLAS","Republican Party","REP","House","H","Kentucky","KY","05","SOMERSET","KY","42502","2024","05-DEC-22","2022","202212059547138154"
"P40010035","WHITE, DARRYL CEDRIC MR","Non-Party","NON","President","P","United States","00","00","WAUSEON","OH","43567","2024","05-DEC-22","2022","202212059547138533"
"S2CA00872","LIEW, SARAH DR.","Republican Party","REP","Senate","S","California","CA","00","BEVERLY HILLS","CA","90212","2024","05-DEC-22","2022","202212059547132863"
"H4MD05185","MCKELVEY, SEAN GREGORY","Democratic Party","DEM","House","H","Maryland","MD","05","GREENBELT","MD","20770","2023","04-DEC-22","2022","202212049547108180"
"P00009696","BEHRMAN, DAN TAXATION IS THEFT","Unaffiliated","UN","President","P","United States","00","00","LAS VEGAS","NV","89126","2024","04-DEC-22","2022","202212049547108179"
"H6CA46116","CORREA, LOU","Democratic Party","DEM","House","H","California","CA","46","SANTA ANA","CA","92706","2024","03-DEC-22","2022","202212039547103798"
"P40009961","SCHMITZ, JOSHUA R","Republican Party","REP","President","P","United States","00","00","PERRYSBURG","OH","43551","2024","02-DEC-22","2022","202212029547082669"
"P40010001","POWELL, TAMIKO","Independence Party","IDP","President","P","United States","00","00","SANTA ROSA","CA","95401","2024","02-DEC-22","2022","202212029547103363"
"H2FL25018","DIAZ-BALART, MARIO","Republican Party","REP","House","H","Florida","FL","26","MIAMI","FL","331733512","2024","02-DEC-22","2022","202212029547083156"
"P40009995","MASTER, LUCY LIAO MISS.","Republican Party","REP","President","P","United States","00","00","WHEATON","IL","60187","2024","02-DEC-22","2022","202212029547093281"
"H4PA13199","BOYLE, BRENDAN F","Democratic Party","DEM","House","H","Pennsylvania","PA","02","PHILADELPHIA","PA","19115","2024","02-DEC-22","2022","202212029547093320"
"H2OR01133","BONAMICI, SUZANNE MS.","Democratic Party","DEM","House","H","Oregon","OR","01","BEAVERTON","OR","97075","2024","02-DEC-22","2022","202212029547096222"
"H2OR06066","SALINAS, ANDREA","Democratic Party","DEM","House","H","Oregon","OR","06","TIGARD","OR","97223","2024","02-DEC-22","2022","202212029547096225"
"H2TX30178","CROCKETT, JASMINE","Democratic Party","DEM","House","H","Texas","TX","30","DALLAS","TX","75222","2024","02-DEC-22","2022","202212029547096227"
"H0MI03316","SCHOLTEN, HILLARY","Democratic Party","DEM","House","H","Michigan","MI","03","GRAND RAPIDS","MI","49506","2024","02-DEC-22","2022","202212029547096228"
"H4CA36138","VAZQUEZ, DANIEL BENETEZ","American Independent Conservative","AIC","House","H","California","CA","36","BANNING","CA","92220","2023","02-DEC-22","2022","202212029547100891"
"H2FL22171","MOSKOWITZ, JARED","Democratic Party","DEM","House","H","Florida","FL","23","CORAL SPRINGS","FL","33065","2024","02-DEC-22","2022","202212029547100957"
"H8NJ03206","KIM, ANDY","Democratic Party","DEM","House","H","New Jersey","NJ","03","MARLTON","NJ","08053","2024","02-DEC-22","2022","202212029547101070"
"H0CA35146","CARGILE, MIKE","Republican Party","REP","House","H","California","CA","35","POMONA","CA","91766","2024","02-DEC-22","2022","202212029547101324"
"H4TX09095","GREEN, ALEXANDER","Democratic Party","DEM","House","H","Texas","TX","09","HOUSTON","TX","77054","2024","02-DEC-22","2022","202212029547101391"
"H4WI04183","MOORE, GWEN S","Democratic Party","DEM","House","H","Wisconsin","WI","04","MILWAUKEE","WI","53216","2024","02-DEC-22","2022","202212029547103125"
"H8MN05239","OMAR, ILHAN","Democratic-Farmer-Labor","DFL","House","H","Minnesota","MN","05","WASHINGTON","DC","20033","2024","02-DEC-22","2022","202212029547103167"
"P40009979","MARCY, CARRIE MAE MISS","Republican Party","REP","President","P","United States","00","00","NORTHFIELD","MA","01360","2024","02-DEC-22","2022","202212029547082733"
"P40009953","NOVAK, RYAN DAVID","Republican Party","REP","President","P","Texas","TX","00","SMITHVILLE","TX","78957","2024","01-DEC-22","2022","202212019547082355"
"H4LA06153","GRAVES, GARRET","Republican Party","REP","House","H","Louisiana","LA","06","BATON ROUGE","LA","70896","2024","01-DEC-22","2022","202212019547081083"
"H2FL14053","FRANKEL, LOIS J.","Democratic Party","DEM","House","H","Florida","FL","22","BOCA RATON","FL","33481","2024","01-DEC-22","2022","202212019547081643"
"H8MI08102","SLOTKIN, ELISSA","Democratic Party","DEM","House","H","Michigan","MI","07","EAST LANSING","MI","48826","2024","01-DEC-22","2022","202212019547081715"
"H6AL04098","ADERHOLT, ROBERT B. REP.","Republican Party","REP","House","H","Alabama","AL","04","HALEYVILLE","AL","355651158","2024","01-DEC-22","2022","202212019547081008"
"H8PA05071","THOMPSON, GLENN MR.","Republican Party","REP","House","H","Pennsylvania","PA","15","ST. MARYS","PA","15857","2024","01-DEC-22","2022","202212019547080141"
"S4MA00275","AYYADURAI, SHIVA DR.","Independent","IND","Senate","S","Massachusetts","MA","00","CAMBRIDGE","MA","02138","2024","01-DEC-22","2022","202212019547080288"
"H8NY19223","RYAN, PATRICK","Democratic Party","DEM","House","H","New York","NY","18","KINGSTON","NY","12402","2024","01-DEC-22","2022","202212019547080459"
"H2CA52089","PETERS, SCOTT","Democratic Party","DEM","House","H","California","CA","50","SAN DIEGO","CA","92192","2024","01-DEC-22","2022","202212019547080796"
"H8NJ02166","VAN DREW, JEFF MR","Republican Party","REP","House","H","New Jersey","NJ","02","CAPE MAY COURT HOUSE","NJ","08210","2024","01-DEC-22","2022","202212019547080128"
"H8CO06229","CROW, JASON","Democratic Party","DEM","House","H","Colorado","CO","06","GREENWOOD VILLAGE","CO","80112","2024","30-NOV-22","2022","202211309547073702"
"P40009938","MANGER, JOSEPH JAY MR.","Democratic Party","DEM","President","P","United States","00","00","OKLAHOMA CITY","OK","73112","2024","30-NOV-22","2022","202211309547073777"
"H6TX19099","ARRINGTON, JODEY","Republican Party","REP","House","H","Texas","TX","19","LUBBOCK","TX","794936687","2024","30-NOV-22","2022","202211309547073938"
"H6CA22125","MCCARTHY, KEVIN","Republican Party","REP","House","H","California","CA","20","BAKERSFIELD","CA","933892667","2024","30-NOV-22","2022","202211309547074180"
"H0MA10082","KEATING, WILLIAM R","Democratic Party","DEM","House","H","Massachusetts","MA","09","MONUMENT BEACH","MA","02553","2024","30-NOV-22","2022","202211309547075102"
"H0PA02091","SNOW, SALEM","Democratic Party","DEM","House","H","Pennsylvania","PA","02","PHILADELPHIA","PA","19125","2024","30-NOV-22","2022","202211309547075313"
"P40009946","SUAREZ, JACOB MR.","Independent","IND","President","P","United States","00","00","HUNTINGTON STATION","NY","11746","2024","30-NOV-22","2022","202211309547078168"
"H6IN03229","BANKS, JAMES E HON.","Republican Party","REP","House","H","Indiana","IN","03","FORT WAYNE","IN","468581431","2024","30-NOV-22","2022","202211309547077014"
"H0UT01205","MOORE, BLAKE","Republican Party","REP","House","H","Utah","UT","01","OGDEN","UT","84401","2024","30-NOV-22","2022","202211309547077066"
"H8TX07140","FLETCHER, ELIZABETH","Democratic Party","DEM","House","H","Texas","TX","07","HOUSTON","TX","77098","2024","30-NOV-22","2022","202211309547077068"
"H2TX26093","BURGESS, MICHAEL C. DR.","Republican Party","REP","House","H","Texas","TX","26","DENTON","TX","762022334","2024","30-NOV-22","2022","202211309547077075"
"H8TX06266","ELLZEY, JOHN KEVIN SR.","Republican Party","REP","House","H","Texas","TX","06","AUSTIN","TX","78734","2024","30-NOV-22","2022","202211309547077081"
"H2TX01112","MORAN, NATHANIEL QUENTIN","Republican Party","REP","House","H","Texas","TX","01","TYLER","TX","75711","2024","30-NOV-22","2022","202211309547076178"
"H0TX15124","DE LA CRUZ, MONICA","Republican Party","REP","House","H","Texas","TX","15","MCALLEN","TX","78502","2024","29-NOV-22","2022","202211299547066268"
"P40009920","MANGER, JOSEPH JAY MR.","Democratic Party","DEM","President","P","United States","00","00","OKLAHOMA CITY","OK","73112","2024","29-NOV-22","2022","202211299547071756"
"H0CT03072","DELAURO, ROSA L","Democratic Party","DEM","House","H","Connecticut","CT","03","NEW HAVEN","CT","06511","2024","29-NOV-22","2022","202211299547066689"
"H8CA09060","LEE, BARBARA","Democratic Party","DEM","House","H","California","CA","12","OAKLAND","CA","94621","2024","29-NOV-22","2022","202211299547067120"
"H2MA09072","LYNCH, STEPHEN","Democratic Party","DEM","House","H","Massachusetts","MA","08","SOUTH BOSTON","MA","02127","2024","29-NOV-22","2022","202211299547067267"
"H4CA20082","COSTA, JIM","Democratic Party","DEM","House","H","California","CA","21","FRESNO","CA","937111200","2024","29-NOV-22","2022","202211299547067529"
"H2CO05141","GOENAGA-TORRES, SANTIAGO DAVID","Democratic Party","DEM","House","H","Colorado","CO","05","LAKEWOOD","CO","80226","2024","29-NOV-22","2022","202211299547067763"
"H6CA44103","BARRAGAN, NANETTE","Democratic Party","DEM","House","H","California","CA","44","SAN PEDRO","CA","90731","2024","29-NOV-22","2022","202211299547068533"
"H2NV04011","HORSFORD, STEVEN ALEXZANDER","Democratic Party","DEM","House","H","Nevada","NV","04","LAS VEGAS","NV","89033","2024","29-NOV-22","2022","202211299547069347"
"H8NY25105","MORELLE, JOSEPH D","Democratic Party","DEM","House","H","New York","NY","25","ROCHESTER","NY","14609","2024","29-NOV-22","2022","202211299547069353"
"H8KS03155","DAVIDS, SHARICE","Democratic Party","DEM","House","H","Kansas","KS","03","SHAWNEE","KS","66216","2024","29-NOV-22","2022","202211299547069354"
"H8CA49074","JACOBS, SARA","Democratic Party","DEM","House","H","California","CA","51","SAN DIEGO","CA","92112","2024","29-NOV-22","2022","202211299547069364"
"H8CA05035","PELOSI, NANCY","Democratic Party","DEM","House","H","California","CA","11","SAN FRANCISCO","CA","94104","2024","29-NOV-22","2022","202211299547069409"
"H0MA04192","AUCHINCLOSS, JAKE","Democratic Party","DEM","House","H","Massachusetts","MA","04","NEWTONVILLE","MA","02460","2024","29-NOV-22","2022","202211299547069428"
"H2OH01194","LANDSMAN, GREG","Democratic Party","DEM","House","H","Ohio","OH","01","CINCINNATI","OH","45201","2024","29-NOV-22","2022","202211299547069443"
"H2OH13264","SYKES, EMILIA","Democratic Party","DEM","House","H","Ohio","OH","13","AKRON","OH","44308","2024","29-NOV-22","2022","202211299547069474"
"P40009912","WADLEY, JOHN FRANKLIN MR","American Independent Conservative","AIC","President","P","United States","00","00","THREE RIVER","MI","49093","2024","29-NOV-22","2022","202211299547069773"
"H6LA03148","HIGGINS, CLAY CAPTAIN","Republican Party","REP","House","H","Louisiana","LA","03","LAFAYETTE","LA","705961747","2024","29-NOV-22","2022","202211299547070251"
"H2AK01158","PELTOLA, MARY","Democratic Party","DEM","House","H","Alaska","AK","00","ANCHORAGE","AK","99521","2024","29-NOV-22","2022","202211299547070355"
"H2CO08020","CARAVEO, YADIRA","Democratic Party","DEM","House","H","Colorado","CO","08","EASTLAKE","CO","80614","2024","29-NOV-22","2022","202211299547070362"
"H4CA35031","TORRES, NORMA","Democratic Party","DEM","House","H","California","CA","35","ONTARIO","CA","91764","2024","29-NOV-22","2022","202211299547070382"
"H2AZ02360","CISCOMANI, JUAN","Republican Party","REP","House","H","Arizona","AZ","06","TUCSON","AZ","857405103","2024","29-NOV-22","2022","202211299547070556"
"H8AZ08158","LESKO, DEBBIE","Republican Party","REP","House","H","Arizona","AZ","08","PHOENIX","AZ","850645388","2024","29-NOV-22","2022","202211299547070722"
"H8CO02160","NEGUSE, JOSEPH","Democratic Party","DEM","House","H","Colorado","CO","02","BOULDER","CO","80306","2024","29-NOV-22","2022","202211299547066396"
"P00013045","POPE SR, WAYNE ANTHONY","Democratic Party","DEM","President","P","United States","00","00","EL CENTRO","CA","92243","2024","28-NOV-22","2022","202212050300427658"
"H6FL04105","RUTHERFORD, JOHN","Republican Party","REP","House","H","Florida","FL","05","JACKSONVILLE","FL","322248432","2024","28-NOV-22","2022","202211289547043484"
"H0RI01073","CICILLINE, DAVID","Democratic Party","DEM","House","H","Rhode Island","RI","01","PROVIDENCE","RI","02906","2024","28-NOV-22","2022","202211289547043754"
"H2NY22212","WILLIAMS, BRANDON MCDONALD","Republican Party","REP","House","H","New York","NY","22","SYRACUSE","NY","13220","2024","28-NOV-22","2022","202211289547059559"
"H4NJ09137","MICCO, VINCENT MR","Republican Party","REP","House","H","New Jersey","NJ","09","NORTH ARLINGTON","NJ","07031","2024","28-NOV-22","2022","202211289547064309"
"H8NY06048","MEEKS, GREGORY W.","Democratic Party","DEM","House","H","New York","NY","05","JAMAICA","NY","11432","2024","28-NOV-22","2022","202211289547060550"
"H4MI04126","MOOLENAAR, JOHN MR.","Republican Party","REP","House","H","Michigan","MI","02","CALEDONIA","MI","49316","2024","28-NOV-22","2022","202211289547061782"
"H2WA06129","KILMER, DEREK","Democratic Party","DEM","House","H","Washington","WA","06","TACOMA","WA","98402","2024","28-NOV-22","2022","202211289547061800"
"P40009904","MCCARTY, RYAN","Democratic Party","DEM","President","P","North Carolina","NC","00","WENDELL","NC","27591","2024","28-NOV-22","2022","202211289547060317"
"P40009888","FARBER, STUART ROSS","Independent","IND","President","P","United States","00","00","ORLANDO","FL","32819","2024","27-NOV-22","2022","202211279547041659"
"H4FL26079","MEDINA, IAN ANTHONY MR.","Democratic Party","DEM","House","H","Florida","FL","26","MIAMI LAKES","FL","33014","2024","27-NOV-22","2022","202211279547038560"
"P40009896","AGUILAR, JAMES EVERETT","Republican Party","REP","President","P","Virginia","VA","00","VIRGINIA BEACH","VA","23455","2024","27-NOV-22","2022","202211279547042963"
"H4CA28093","LEWIS, KERRY B","Republican Party","REP","House","H","California","CA","28","LOS ANGELES","CA","90028","2024","27-NOV-22","2022","202211279547041698"
"H8WI01156","STEIL, BRYAN GEORGE","Republican Party","REP","House","H","Wisconsin","WI","01","JANESVILLE","WI","535469389","2024","26-NOV-22","2022","202211269547038510"
"P40009870","LYTLE, CHRISTOPHER PRICE","None","NNE","President","P","United States","00","00","GREENFIELD","OH","45123","2024","26-NOV-22","2022","202211269547038546"
"P40009862","DUNN, JAMES J","Republican Party","REP","President","P","United States","00","00","STATESVILLE","NC","28677","2024","26-NOV-22","2022","202211269547038526"
"H2MO08091","MCCALLIAN, RANDI MCCALLIAN","Democratic Party","DEM","House","H","Missouri","MO","08","NEWBURG","MO","65550","2024","25-NOV-22","2022","202211259547037092"
"H2OR04095","HOYLE, VALERIE","Democratic Party","DEM","House","H","Oregon","OR","04","SPRINGFIELD","OR","97477","2024","25-NOV-22","2022","202211259547037087"
"H4CA01108","WEBSTER, AARON","Democratic Party","DEM","House","H","California","CA","01","MARINA DEL REY","CA","90292","2024","24-NOV-22","2022","202211249547036736"
"H4CA01090","PHILLIPS, TRENTEN WESTLEY","Independent","IND","House","H","California","CA","01","STOCKTON","CA","95207","2024","23-NOV-22","2022","202211239546847714"
"H0CA10149","GARAMENDI, JOHN","Democratic Party","DEM","House","H","California","CA","08","FAIRFIELD","CA","94533","2024","23-NOV-22","2022","202211239546869837"
"H2NY10092","JEFFRIES, HAKEEM","Democratic Party","DEM","House","H","New York","NY","08","BROOKLYN","OH","11238","2024","23-NOV-22","2022","202211239546869843"
"H2NM01144","STANSBURY, MELANIE","Democratic Party","DEM","House","H","New Mexico","NM","01","ALBUQUERQUE","NM","87181","2024","23-NOV-22","2022","202211239546876558"
"H2NJ08232","MENENDEZ, ROBERT","Democratic Party","DEM","House","H","New Jersey","NJ","08","JERSEY CITY","NJ","07310","2024","23-NOV-22","2022","202211239546852748"
"H2WY00166","HAGEMAN, HARRIET","Republican Party","REP","House","H","Wyoming","WY","00","CHEYENNE","WY","82003","2024","23-NOV-22","2022","202211239546876861"
"S4FL00488","SANSCRAINTE, MATTHEW ALEXANDER MR","Democratic Party","DEM","Senate","S","Florida","FL","00","LARGO","FL","33774","2024","23-NOV-22","2022","202211239546877860"
"P40009854","BROOKS, JOHN ROY","Independent","IND","President","P","United States","00","00","ERATH","LA","70533","2024","23-NOV-22","2022","202211239546877861"
"H4NY27076","HIGGINS, BRIAN","Democratic Party","DEM","House","H","New York","NY","26","BUFFALO","NY","14220","2024","23-NOV-22","2022","202211239546876568"
"P40009821","ZOLLER, HUDSON THEODORE","Democratic Party","DEM","President","P","United States","00","00","CHAPPAQUA","NY","10514","2024","22-NOV-22","2022","202211220300427049"
"H8NM02156","HERRELL, STELLA YVETTE","Republican Party","REP","House","H","New Mexico","NM","02","ALAMOGORDO","NM","883114338","2024","22-NOV-22","2022","202211229546845279"
"P40009805","BULL, RON S MR","Democratic Party","DEM","President","P","Pennsylvania","PA","00","QUAKERTOWN","PA","18951","2024","22-NOV-22","2022","202211229546845296"
"H8IL14067","FOSTER, G. WILLIAM (BILL)","Democratic Party","DEM","House","H","Illinois","IL","11","NAPERVILLE","IL","60540","2024","22-NOV-22","2022","202211229546845314"
"H2PA18200","LEE, SUMMER","Democratic Party","DEM","House","H","Pennsylvania","PA","12","PITTSBURGH","PA","15218","2024","22-NOV-22","2022","202211229546845510"
"P40009847","OBOTETTE, OBIOKU BASSEY MISTER","Republican Party","REP","President","P","Georgia","GA","00","LILBURN","GA","30047","2024","22-NOV-22","2022","202211229546846896"
"H4MT01041","ZINKE, RYAN K","Unknown","UNK","House","H","Montana","MT","01","WHITEFISH","MT","599373010","2024","22-NOV-22","2022","202211229546845808"
"P40009839","MULINS, DENNIS MR","Conservative Party","CRV","President","P","United States","00","00","JACKSON","KY","41399","2024","22-NOV-22","2022","202211229546845823"
"H4WA04104","NEWHOUSE, DAN","Republican Party","REP","House","H","Washington","WA","04","SUNNYSIDE","WA","989449767","2024","22-NOV-22","2022","202211229546845824"
"H2TX08158","ELLIS, JAMESON","Republican Party","REP","House","H","Texas","TX","02","CONROE","TX","77301","2024","22-NOV-22","2022","202211229546846604"
"P40009813","NICKLAUS, PATRICIA MRS","Republican Party","REP","President","P","United States","00","00","SUNRISE BEACH","MO","65079","2024","22-NOV-22","2022","202211229546845704"
"P40009797","DAVIS, EARL WILLIAM II","Democratic Party","DEM","President","P","United States","00","00","CLARKSVILLE","TX","75426","2024","21-NOV-22","2022","202211220300426994"
"H8CO07045","PETTERSEN, BRITTANY LOUISE","Democratic Party","DEM","House","H","Colorado","CO","07","LAKEWOOD","CO","80215","2024","21-NOV-22","2022","202211219546843709"
"H0TX22302","NEHLS, TROY","Republican Party","REP","House","H","Texas","TX","22","SUGAR LAND","TX","77496","2024","21-NOV-22","2022","202211219546833101"
"H4IL12060","BOST, MICHAEL","Republican Party","REP","House","H","Illinois","IL","12","MURPHYSBORO","IL","62966","2024","21-NOV-22","2022","202211219546833131"
"H4CO04090","BUCK, KENNETH R","Republican Party","REP","House","H","Colorado","CO","04","GREELEY","CO","80633","2024","21-NOV-22","2022","202211219546833138"
"H2NC05157","HINES, ROBERT NICHOLAS","Republican Party","REP","House","H","North Carolina","NC","13","FUQUAY VARINA","NC","27526","2024","21-NOV-22","2022","202211219546833161"
"H0GA08099","SCOTT, JAMES AUSTIN","Republican Party","REP","House","H","Georgia","GA","08","ASHBURN","GA","31714","2024","21-NOV-22","2022","202211219546833177"
"P40009763","LUPPINO, NICHOLAS","Independent","IND","President","P","United States","00","00","CLARKSTON","MI","48346","2024","21-NOV-22","2022","202211219546833178"
"H0IL10393","SEVERINO, JOSEPH","Republican Party","REP","House","H","Illinois","IL","10","LAKE FOREST","IL","60045","2024","21-NOV-22","2022","202211219546833196"
"H2OH03067","TURNER, MICHAEL R REP.","Republican Party","REP","House","H","Ohio","OH","10","DAYTON","OH","454021344","2024","21-NOV-22","2022","202211219546837573"
"H8PA15229","WILD, SUSAN","Democratic Party","DEM","House","H","Pennsylvania","PA","07","ALLENTOWN","PA","18104","2024","21-NOV-22","2022","202211219546838182"
"H4WV02205","MOORE, RILEY","Republican Party","REP","House","H","West Virginia","WV","02","HARPERS FERRY","WV","25425","2024","21-NOV-22","2022","202211219546838213"
"P40009771","SHERWOOD, ROBERT","Republican Party","REP","President","P","United States","00","00","LEAWOOD","KS","66209","2024","21-NOV-22","2022","202211219546838415"
"H4WI06048","GROTHMAN, GLENN S.","Republican Party","REP","House","H","Wisconsin","WI","06","FOND DU LAC","WI","549641215","2024","21-NOV-22","2022","202211219546838884"
"H4AR02141","HILL, JAMES FRENCH","Republican Party","REP","House","H","Arkansas","AR","02","LITTLE ROCK","AR","72217","2024","21-NOV-22","2022","202211219546838916"
"P00012096","LANDINGHAM, MICHAEL D D. MR.","Democratic Party","DEM","President","P","United States","00","00","CLEVELAND","OH","44109","2024","21-NOV-22","2022","202211219546838925"
"H2VT01076","BALINT, REBECCA 'BECCA'","Democratic Party","DEM","House","H","Vermont","VT","00","BURLINGTON","VT","05402","2024","21-NOV-22","2022","202211219546839005"
"H2PA17079","CARTWRIGHT, MATTHEW A.","Democratic Party","DEM","House","H","Pennsylvania","PA","08","SCRANTON","PA","18501","2024","21-NOV-22","2022","202211219546839006"
"S4NV00247","KENNEDY, RONDA","Republican Party","REP","Senate","S","Nevada","NV","00","LAS VEGAS","NV","89148","2024","21-NOV-22","2022","202211219546839613"
"H0MA05116","DEPALMA, RAFFAELE SANTINO","Democratic Party","DEM","House","H","Massachusetts","MA","05","REVERE","MA","02151","2024","21-NOV-22","2022","202211219546839616"
"H0WI07101","TIFFANY, TOM","Unknown","UNK","House","H","Wisconsin","WI","07","MINOCQUA","WI","545483401","2024","21-NOV-22","2022","202211219546839617"
"H0WI05113","FITZGERALD, SCOTT","Republican Party","REP","House","H","Wisconsin","WI","05","JUNEAU","WI","53039","2024","21-NOV-22","2022","202211219546839623"
"H4IL02343","CURRY, JOHN GREGORY","Democratic Party","DEM","House","H","Illinois","IL","02","CHICAGO","IL","60617","2024","21-NOV-22","2022","202211219546839631"
"H2MD05155","HOYER, STENY","Democratic Party","DEM","House","H","Maryland","MD","05","BOWIE","MD","20716","2024","21-NOV-22","2022","202211219546839960"
"H2WA03217","GLUESENKAMP PEREZ, MARIE","Democratic Party","DEM","House","H","Washington","WA","03","WASHOUGAL","WA","98671","2024","21-NOV-22","2022","202211219546843309"
"H0WA10034","STRICKLAND, MARILYN","Democratic Party","DEM","House","H","Washington","WA","10","TACOMA","WA","98404","2024","21-NOV-22","2022","202211219546845268"
"H2TX16250","MONTANEZ BERRIOS (DMB), DELIRIS","Republican Party","REP","House","H","Texas","TX","16","EL PASO","TX","79912","2024","20-NOV-22","2022","202211209546832037"
"P40009730","DOCTOR, JEROME","Democratic Party","DEM","President","P","United States","00","00","NY","NY","10026","2023","19-NOV-22","2022","202211199546831795"
"H4MO08162","SMITH, JASON T","Republican Party","REP","House","H","Missouri","MO","08","SALEM","MO","655608910","2024","19-NOV-22","2022","202211199546831821"
"H2TX03274","SRIVASTAVA, SANDEEP KUMAR KUMAR","Democratic Party","DEM","House","H","Texas","TX","03","PLANO","TX","75024","2024","19-NOV-22","2022","202211199546831919"
"P40009755","THOMAS, GREGORY MARQUIS","Democratic Party","DEM","President","P","United States","00","00","PRINCETON","TX","75407","2024","19-NOV-22","2022","202211199546831911"
"P40009748","BRANDKAMP, SPENCER MR","Write-In","W","President","P","United States","00","00","FAYETTEVILLE","AR","72701","2024","19-NOV-22","2022","202211199546831900"
"H8FL17053","STEUBE, GREG","Republican Party","REP","House","H","Florida","FL","17","SARASOTA","FL","34232","2024","18-NOV-22","2022","202211189546828073"
"H8FL06148","WALTZ, MICHAEL","Republican Party","REP","House","H","Florida","FL","06","DELTONA","FL","32725","2024","18-NOV-22","2022","202211189546828079"
"H4AR04048","WESTERMAN, BRUCE","Republican Party","REP","House","H","Arkansas","AR","04","HOT SPRINGS","AR","71901","2024","18-NOV-22","2022","202211189546828085"
"H8MI13250","TLAIB, RASHIDA","Democratic Party","DEM","House","H","Michigan","MI","12","DETROIT","MI","48232","2024","18-NOV-22","2022","202211189546828109"
"H4AL06098","PALMER, GARY","Republican Party","REP","House","H","Alabama","AL","06","BIRMINGHAM","AL","352093502","2024","18-NOV-22","2022","202211189546828155"
"H0FL26036","GIMENEZ, CARLOS","Republican Party","REP","House","H","Florida","FL","28","MIAMI","FL","33174","2024","18-NOV-22","2022","202211189546828157"
"H4GA10071","COLLINS, MICHAEL A JR","Republican Party","REP","House","H","Georgia","GA","10","JACKSON","GA","30233","2024","18-NOV-22","2022","202211189546828169"
"H2OH16051","MILLER, MAX","Republican Party","REP","House","H","Ohio","OH","07","ROCKY RIVER","OH","44116","2024","18-NOV-22","2022","202211189546828179"
"H2MI05119","KILDEE, DANIEL T.","Democratic Party","DEM","House","H","Michigan","MI","08","FLUSHING","MI","48433","2024","18-NOV-22","2022","202211189546828724"
"H2IL13153","BUDZINSKI, NIKKI","Democratic Party","DEM","House","H","Illinois","IL","13","SPRINGFIELD","IL","62705","2024","18-NOV-22","2022","202211189546828725"
"H8MI11254","STEVENS, HALEY","Democratic Party","DEM","House","H","Michigan","MI","11","BIRMINGHAM","MI","48009","2024","18-NOV-22","2022","202211189546828727"
"H6NE03115","SMITH, ADRIAN","Republican Party","REP","House","H","Nebraska","NE","03","SCOTTSBLUFF","NE","693613563","2024","18-NOV-22","2022","202211189546829047"
"P40009722","HOEFER, RICHARD C.","Republican Party","REP","President","P","United States","00","00","SHREVEPORT","LA","71106","2024","18-NOV-22","2022","202211189546831746"
"H8MD01094","HARRIS, ANDREW P","Republican Party","REP","House","H","Maryland","MD","01","STEVENSVILLE","MD","21666","2024","18-NOV-22","2022","202211189546827854"
"H4NC12100","ADAMS, ALMA SHEALEY","Democratic Party","DEM","House","H","North Carolina","NC","12","CHARLOTTE","NC","28202","2024","18-NOV-22","2022","202211189546827875"
"H2NC02287","DAVIS, DON","Democratic Party","DEM","House","H","North Carolina","NC","01","SNOW HILL","NC","28580","2024","18-NOV-22","2022","202211189546827879"
"H8CA10126","HARDER, JOSH","Democratic Party","DEM","House","H","California","CA","09","MODESTO","CA","95352","2024","18-NOV-22","2022","202211189546827880"
"H8NC13067","MANNING, KATHY","Democratic Party","DEM","House","H","North Carolina","NC","06","GREENSBORO","NC","27404","2024","18-NOV-22","2022","202211189546827883"
"H2NC14019","NICKEL, WILEY","Democratic Party","DEM","House","H","North Carolina","NC","13","RALEIGH","NC","27605","2024","18-NOV-22","2022","202211189546827885"
"H0NC02125","ROSS, DEBORAH","Democratic Party","DEM","House","H","North Carolina","NC","02","RALEIGH","NC","27611","2024","18-NOV-22","2022","202211189546827886"
"H6PA02171","EVANS, DWIGHT","Democratic Party","DEM","House","H","Pennsylvania","PA","03","PHILADELPHIA","PA","19138","2024","18-NOV-22","2022","202211189546827891"
"H6NJ05171","GOTTHEIMER, JOSH","Democratic Party","DEM","House","H","New Jersey","NJ","05","RIDGEWOOD","NJ","07451","2024","18-NOV-22","2022","202211189546827896"
"H2IL17147","SORENSEN, ERIC","Democratic Party","DEM","House","H","Illinois","IL","17","MOLINE","IL","61265","2024","18-NOV-22","2022","202211189546827903"
"H2CA36439","RUIZ, RAUL DR.","Democratic Party","DEM","House","H","California","CA","25","INDIO","CA","92202","2024","18-NOV-22","2022","202211189546827905"
"H8ME02185","GOLDEN, JARED","Democratic Party","DEM","House","H","Maine","ME","02","LEWISTON","ME","04240","2024","18-NOV-22","2022","202211189546827917"
"H0MO06073","GRAVES, SAMUEL B. JR.","Republican Party","REP","House","H","Missouri","MO","06","TARKIO","OH","644919209","2024","18-NOV-22","2022","202211189546827940"
"H2ID01192","PETERSON, KAYLEE JADE","Democratic Party","DEM","House","H","Idaho","ID","01","EAGLE","ID","83616","2024","18-NOV-22","2022","202211189546827942"
"P40009706","MEYER, JULIE","Republican Party","REP","President","P","United States","00","00","OILVILLE","VA","23129","2024","18-NOV-22","2022","202211189546827945"
"H0TN01118","HARSHBARGER, DIANA","Republican Party","REP","House","H","Tennessee","TN","01","KINGSPORT","TN","37664","2024","18-NOV-22","2022","202211189546827946"
"H2NE01118","FLOOD, MIKE","Republican Party","REP","House","H","Nebraska","NE","01","LINCOLN","NE","68501","2024","18-NOV-22","2022","202211189546827966"
"H6FL09070","BILIRAKIS, GUS M","Republican Party","REP","House","H","Florida","FL","12","TARPON SPRINGS","FL","346880606","2024","18-NOV-22","2022","202211189546827984"
"H6MI01226","BERGMAN, JOHN","Republican Party","REP","House","H","Michigan","MI","01","WATERSMEET","MI","49969","2024","18-NOV-22","2022","202211189546827986"
"H6PA16320","SMUCKER, LLOYD K.","Republican Party","REP","House","H","Pennsylvania","PA","11","LANCASTER","PA","17601","2024","18-NOV-22","2022","202211189546827988"
"H0FL03175","CAMMACK, KAT","Republican Party","REP","House","H","Florida","FL","03","GAINESVILLE","FL","32653","2024","18-NOV-22","2022","202211189546827990"
"H6WI08155","GALLAGHER, MICHAEL JOHN","Republican Party","REP","House","H","Wisconsin","WI","08","GREEN BAY","WI","54301","2024","18-NOV-22","2022","202211189546827992"
"H2FL10259","FROST, MAXWELL ALEJANDRO","Democratic Party","DEM","House","H","Florida","FL","10","ORLANDO","FL","32877","2024","18-NOV-22","2022","202211189546827993"
"H2NM02191","VASQUEZ, GABRIEL","Democratic Party","DEM","House","H","New Mexico","NM","02","MESILLA","NM","88046","2024","18-NOV-22","2022","202211189546828019"
"S4IN00170","BENSON, ERIK","Republican Party","REP","Senate","S","Indiana","IN","00","RUSHVILLE","IN","46173","2024","18-NOV-22","2022","202211189546828037"
"H2IN06296","BENSON, ERIK","Republican Party","REP","House","H","Indiana","IN","06","RUSHVILLE","IN","46173","2024","18-NOV-22","2022","202211189546828052"
"H2OR02156","YETTER, JOSEPH FREDERICK III","Democratic Party","DEM","House","H","Oregon","OR","02","AZALEA","OR","97410","2024","18-NOV-22","2022","202211189546828059"
"P40009714","DAVIS, KRISTOPHER LEE","Democratic Party","DEM","President","P","United States","00","00","WHEATFIELD","IN","46392","2024","18-NOV-22","2022","202211189546828061"
"S4IN00188","BENSON, ERIK","Republican Party","REP","Senate","S","Indiana","IN","00","RUSHVILLE","IN","46173","2024","18-NOV-22","2022","202211189546828063"
"H2OH15228","CAREY, MIKE","Republican Party","REP","House","H","Ohio","OH","15","COLUMBUS","OH","43216","2024","18-NOV-22","2022","202211189546828068"
"H0MN07091","FISCHBACH, MICHELLE","Republican Party","REP","House","H","Minnesota","MN","07","LITCHFIELD","MN","55355","2024","18-NOV-22","2022","202211189546828069"
"H6IL18088","LAHOOD, DARIN MCKAY","Republican Party","REP","House","H","Illinois","IL","16","DUNLAP","IL","61525","2024","18-NOV-22","2022","202211189546828071"
"H4NY21079","STEFANIK, ELISE M.","Republican Party","REP","House","H","New York","NY","21","GLENS FALLS","NY","12801","2024","17-NOV-22","2022","202211179546805844"
"H4GA01039","CARTER, EARL LEROY","Republican Party","REP","House","H","Georgia","GA","01","POOLER","GA","31322","2024","17-NOV-22","2022","202211179546805874"
"H0OH06189","JOHNSON, BILL","Republican Party","REP","House","H","Ohio","OH","06","MARIETTA","OH","45750","2024","17-NOV-22","2022","202211179546805900"
"H8TX02166","CRENSHAW, DANIEL","Republican Party","REP","House","H","Texas","TX","02","HOUSTON","TX","772430965","2024","17-NOV-22","2022","202211179546805908"
"H8PA13125","JOYCE, JOHN","Republican Party","REP","House","H","Pennsylvania","PA","13","HOLLIDAYSBURG","PA","16648","2024","17-NOV-22","2022","202211179546805914"
"H0TX04219","FALLON, PATRICK","Republican Party","REP","House","H","Texas","TX","04","CELINA","TX","75009","2024","17-NOV-22","2022","202211179546823635"
"H2FL04211","BEAN, AARON P.","Republican Party","REP","House","H","Florida","FL","04","FERNANDINA BEACH","FL","32035","2024","17-NOV-22","2022","202211179546823794"
"H0IN05326","SPARTZ, VICTORIA","Republican Party","REP","House","H","Indiana","IN","05","NOBLESVILLE","IN","46061","2024","17-NOV-22","2022","202211179546823796"
"H2MO07143","BURLISON, ERIC","Republican Party","REP","House","H","Missouri","MO","07","SPRINGFIELD","MO","65804","2024","17-NOV-22","2022","202211179546824736"
"H8AL02171","MOORE, FELIX BARRY","Republican Party","REP","House","H","Alabama","AL","02","ENTERPRISE","AL","36331","2024","17-NOV-22","2022","202211179546824738"
"H0AR01083","CRAWFORD, ERIC ALAN RICK","Republican Party","REP","House","H","Arkansas","AR","01","JONESBORO","AR","72404","2024","17-NOV-22","2022","202211179546825039"
"H8MA07032","PRESSLEY, AYANNA","Democratic Party","DEM","House","H","Massachusetts","MA","07","DORCHESTER CENTER","MA","02124","2024","17-NOV-22","2022","202211179546827479"
"H8CA49058","LEVIN, MIKE","Democratic Party","DEM","House","H","California","CA","49","CAPISTRANO BEACH","CA","92624","2024","17-NOV-22","2022","202211179546827490"
"H4NY20139","DUBOIS, ALEXANDER JOSEPH","Republican Party","REP","House","H","New York","NY","20","SCHENECTADY","NY","12306","2024","17-NOV-22","2022","202211179546827498"
"H8WA08189","SCHRIER, KIM DR.","Democratic Party","DEM","House","H","Washington","WA","08","ISSAQUAH","WA","98027","2024","17-NOV-22","2022","202211179546827747"
"H0TX35049","HAYWARD, WILLIAM REED","Independence Party","IDP","House","H","Texas","TX","20","SAN MARCOS","TX","78666","2024","17-NOV-22","2022","202211179546827780"
"H8TX32098","ALLRED, COLIN","Democratic Party","DEM","House","H","Texas","TX","32","DALLAS","TX","75360","2024","17-NOV-22","2022","202211179546827781"
"P40009680","ROBBINS, JUSTIN C","Republican Party","REP","President","P","United States","00","00","FREDERICK","OK","73542","2024","17-NOV-22","2022","202211179546827784"
"H8TX16109","ESCOBAR, VERONICA","Democratic Party","DEM","House","H","Texas","TX","16","EL PASO","TX","79923","2024","17-NOV-22","2022","202211179546827786"
"H2TX35011","CASTRO, JOAQUIN","Democratic Party","DEM","House","H","Texas","TX","20","SAN ANTONIO","TX","78292","2024","17-NOV-22","2022","202211179546827791"
"H2NC14076","JACKSON, JEFF","Democratic Party","DEM","House","H","North Carolina","NC","14","CHARLOTTE","NC","28226","2024","17-NOV-22","2022","202211179546827793"
"H8VA07094","SPANBERGER, ABIGAIL","Democratic Party","DEM","House","H","Virginia","VA","07","FREDERICKSBURG","VA","22402","2024","17-NOV-22","2022","202211179546827809"
"H2CO03351","FRISCH, ADAM","Democratic Party","DEM","House","H","Colorado","CO","03","WOODY CREEK","CO","81656","2024","17-NOV-22","2022","202211179546827813"
"H6FL09179","SOTO, DARREN","Democratic Party","DEM","House","H","Florida","FL","09","KISSIMMEE","FL","34742","2024","17-NOV-22","2022","202211179546827814"
"P40009698","PANTALO, ANTONIO MARCO MR","Democratic Party","DEM","President","P","United States","00","00","SMITHFIELD","PA","15478","2024","17-NOV-22","2022","202211179546827815"
"P20006060","RODRIGUEZ, JOSHUA","Libertarian Party","LIB","President","P","United States","00","00","AURORA","CO","80011","2024","17-NOV-22","2022","202211179546827816"
"H0FL09073","ORTIZ, SERGIO E","Republican Party","REP","House","H","Florida","FL","09","KISSIMMEE","FL","34741","2024","17-NOV-22","2022","202211179546827853"
"H4NY22051","TENNEY, CLAUDIA","Republican Party","REP","House","H","New York","NY","24","CLINTON","VA","13323","2024","17-NOV-22","2022","202211179546805845"
"H8TX21307","ROY, CHIP","Republican Party","REP","House","H","Texas","TX","21","AUSTIN","TX","78735","2024","17-NOV-22","2022","202211179546805848"
"H0WI03175","VAN ORDEN, DERRICK F. MR.","Republican Party","REP","House","H","Wisconsin","WI","03","PRAIRIE DU CHIEN","WI","53821","2024","17-NOV-22","2022","202211179546805854"
"H8PA06087","HOULAHAN, CHRISSY","Democratic Party","DEM","House","H","Pennsylvania","PA","06","DEVON","PA","19333","2024","17-NOV-22","2022","202211179546805856"
"H0MI02094","HUIZENGA, WILLIAM P","Republican Party","REP","House","H","Michigan","MI","04","HOLLAND","MI","494247452","2024","17-NOV-22","2022","202211179546805867"
"H0KY06104","BARR, GARLAND ANDY","Republican Party","REP","House","H","Kentucky","KY","06","LEXINGTON","KY","405882059","2024","17-NOV-22","2022","202211179546805883"
"S2ND00123","CHRISTIANSEN, KATRINA","Democratic Party","DEM","Senate","S","North Dakota","ND","00","JAMESTOWN","ND","58401","2024","16-NOV-22","2022","202211169546805805"
"P40009656","DIAZ, VANDERELMO JAMES DIAZ MR SR","STA","STA","President","P","United States","00","00","CIALES","PR","00638","2024","16-NOV-22","2022","202211169546805761"
"P40009573","JUAREZ, JASON JOHN MR.","Unknown","UNK","President","P","United States","00","00","DORAL","FL","33178","2024","16-NOV-22","2022","202211169546802315"
"H2WA03183","FRENCH, LESLIE LEIGH","Republican Party","REP","House","H","Washington","WA","03","VANCOUVER","WA","98607","2024","16-NOV-22","2022","202211169546802320"
"P40009581","KELCH, LINDSAY","Democratic Party","DEM","President","P","United States","00","00","LAFAYETTE","IN","47909","2024","16-NOV-22","2022","202211169546802361"
"P40009599","OHLSON, DANIEL ALBERT MR JR","Independent","IND","President","P","United States","00","00","DUNCANNON","PA","17020","2024","16-NOV-22","2022","202211169546803126"
"P40009607","WHITE, DEBRA VANESSA","Unknown","UNK","President","P","United States","00","00","INDIANAPOLIS","IN","46201","2024","16-NOV-22","2022","202211169546803127"
"H4WV02189","ROSEN-TURLEY, HEATHER DR.","Republican Party","REP","House","H","West Virginia","WV","02","NEW CREEK","WV","26743","2024","16-NOV-22","2022","202211169546803176"
"H0NC03149","SMITH, SANDY","Republican Party","REP","House","H","North Carolina","NC","01","ROCKY MOUNT","NC","27804","2024","16-NOV-22","2022","202211169546803177"
"H2TN05446","OGLES, ANDY","Republican Party","REP","House","H","Tennessee","TN","05","COLUMBIA","TN","38401","2024","16-NOV-22","2022","202211169546803178"
"H8PA10147","MEUSER, DANIEL","Republican Party","REP","House","H","Pennsylvania","PA","09","WYOMING","PA","186449373","2024","16-NOV-22","2022","202211169546803180"
"H8MN08043","STAUBER, PETER ALLEN","Republican Party","REP","House","H","Minnesota","MN","08","HERMANTOWN","MN","55811","2024","16-NOV-22","2022","202211169546803182"
"H2NY04277","DESPOSITO, ANTHONY P","Republican Party","REP","House","H","New York","NY","04","ISLAND PARK","NY","11558","2024","16-NOV-22","2022","202211169546803184"
"H6OH04082","JORDAN, JAMES D.","Republican Party","REP","House","H","Ohio","OH","04","URBANA","OH","430789637","2024","16-NOV-22","2022","202211169546803186"
"H2NY01190","NICK, LALOTA","Republican Party","REP","House","H","New York","NY","01","LINDENHURST","NY","11757","2024","16-NOV-22","2022","202211169546803194"
"H8IA02043","MILLER-MEEKS, MARIANNETTE JANE","Republican Party","REP","House","H","Iowa","IA","01","OTTUMWA","IA","525018310","2024","16-NOV-22","2022","202211169546803196"
"H6OH08315","DAVIDSON, WARREN","Republican Party","REP","House","H","Ohio","OH","08","TROY","OH","45373","2024","16-NOV-22","2022","202211169546803199"
"H0GA07273","MCCORMICK, RICHARD DEAN DR.","Republican Party","REP","House","H","Georgia","GA","06","SUWANEE","GA","30024","2024","16-NOV-22","2022","202211169546803205"
"H2MN01223","FINSTAD, BRAD","Republican Party","REP","House","H","Minnesota","MN","01","NEW ULM","MN","56073","2024","16-NOV-22","2022","202211169546803207"
"H2MO02102","WAGNER, ANN L.","Republican Party","REP","House","H","Missouri","MO","02","BALLWIN","MO","630220050","2024","16-NOV-22","2022","202211169546803214"
"H0IA04145","FEENSTRA, RANDALL","Republican Party","REP","House","H","Iowa","IA","04","HULL","IA","512397323","2024","16-NOV-22","2022","202211169546803216"
"H4MA06090","MOULTON, SETH","Democratic Party","DEM","House","H","Massachusetts","MA","06","SALEM","MA","01970","2024","16-NOV-22","2022","202211169546803382"
"H8TX05144","GOODEN, LANCE","Republican Party","REP","House","H","Texas","TX","05","TERRELL","TX","75160","2024","16-NOV-22","2022","202211169546803490"
"H2NC06114","FOUSHEE, VALERIE","Democratic Party","DEM","House","H","North Carolina","NC","04","CHAPEL HILL","NC","27516","2024","16-NOV-22","2022","202211169546803596"
"H8CA01109","THOMPSON, MIKE MR.","Democratic Party","DEM","House","H","California","CA","04","NAPA","CA","94581","2024","16-NOV-22","2022","202211169546804202"
"H2PA17103","DELUZIO, CHRISTOPHER","Democratic Party","DEM","House","H","Pennsylvania","PA","17","PITTSBURGH","PA","15242","2024","16-NOV-22","2022","202211169546804203"
"H8CA45130","PORTER, KATHERINE","Democratic Party","DEM","House","H","California","CA","47","IRVINE","CA","92617","2024","16-NOV-22","2022","202211169546804410"
"H2PA04135","PERRY, SCOTT","Republican Party","REP","House","H","Pennsylvania","PA","10","NEW CUMBERLAND","PA","17070","2024","16-NOV-22","2022","202211169546804419"
"P40009623","BHARARA, SHABADJOT SINGH MR","Democratic Party","DEM","President","P","United States","00","00","MORRIS","CT","06763","2024","16-NOV-22","2022","202211169546804421"
"S4IA00236","POWELL, DANTE II","Democratic Party","DEM","Senate","S","Iowa","IA","00","NORWALK","IA","50211","2024","16-NOV-22","2022","202211169546804802"
"H8TN07076","GREEN, MARK DR.","Republican Party","REP","House","H","Tennessee","TN","07","BRENTWOOD","TN","37024","2024","16-NOV-22","2022","202211169546804854"
"H8OK01157","HERN, KEVIN","Republican Party","REP","House","H","Oklahoma","OK","01","TULSA","OK","74137","2024","16-NOV-22","2022","202211169546804856"
"S4IA00244","POWELL, DANTE II","Democratic Party","DEM","Senate","S","Iowa","IA","00","NORWALK","IA","50211","2024","16-NOV-22","2022","202211169546804865"
"H4MN06087","EMMER, THOMAS EARL JR.","Republican Party","REP","House","H","Minnesota","MN","06","ELK RIVER","MN","55330","2024","16-NOV-22","2022","202211169546805575"
"H2NC08185","HUDSON, RICHARD L. JR.","Republican Party","REP","House","H","North Carolina","NC","09","SOUTHERN PINES","NC","28388","2024","16-NOV-22","2022","202211169546805577"
"H4GA11061","LOUDERMILK, BARRY","Republican Party","REP","House","H","Georgia","GA","11","CASSVILLE","GA","301230447","2024","16-NOV-22","2022","202211169546805580"
"H0UT04076","OWENS, BURGESS","Republican Party","REP","House","H","Utah","UT","04","RIVERTON","UT","84065","2024","16-NOV-22","2022","202211169546805581"
"H8PA18199","RESCHENTHALER, GUY MR.","Republican Party","REP","House","H","Pennsylvania","PA","14","PITTSBURGH","PA","15222","2024","16-NOV-22","2022","202211169546805583"
"P40009631","PORTER, DORSEY JR","Democratic Party","DEM","President","P","United States","00","00","MOUNTAIN VIEW","CA","94043","2024","16-NOV-22","2022","202211169546805744"
"P40009649","SANTIAGO, FREDERICK","Independence Party","IDP","President","P","United States","00","00","STANHOPE","NJ","07874","2024","16-NOV-22","2022","202211169546805746"
"H4WV02197","GAASERUD, ALEXANDER","Republican Party","REP","House","H","West Virginia","WV","02","ELKINS","WV","26241","2024","16-NOV-22","2022","202211169546805810"
"H6WA09025","SMITH, D. ADAM","Democratic Party","DEM","House","H","Washington","WA","09","RENTON","WA","98057","2024","15-NOV-22","2022","202211159546797859"
"P40009565","TRAN, JONATHAN TUAN","Democratic Party","DEM","President","P","United States","00","00","MILPITAS","CA","95035","2024","15-NOV-22","2022","202211159546802314"
"H6FL18097","MAST, BRIAN","Republican Party","REP","House","H","Florida","FL","21","STUART","FL","34995","2024","15-NOV-22","2022","202211159546788884"
"P40009441","NELSON, SCOTT WAYNE MR","Independent","IND","President","P","Indiana","IN","00","MORGANTOWN","IN","46160","2024","15-NOV-22","2022","202211159546788989"
"P40009458","ZORC, TONY","Independent","IND","President","P","United States","00","00","ELLICOTT CITY","MD","21043","2024","15-NOV-22","2022","202211159546788990"
"H0NJ07261","KEAN, THOMAS H. JR.","Republican Party","REP","House","H","New Jersey","NJ","07","WESTFIELD","NJ","07090","2024","15-NOV-22","2022","202211159546788991"
"H0SC01394","MACE, NANCY","Republican Party","REP","House","H","South Carolina","SC","01","CHARLESTON","SC","29492","2024","15-NOV-22","2022","202211159546788998"
"H0WA08046","DELBENE, SUZAN K","Democratic Party","DEM","House","H","Washington","WA","01","KIRKLAND","WA","98083","2024","15-NOV-22","2022","202211159546789019"
"H2MN08152","SCHULTZ, JENNIFER","Democratic-Farmer-Labor","DFL","House","H","Minnesota","MN","08","DULUTH","MN","55803","2024","15-NOV-22","2022","202211159546789591"
"H0IN01150","MRVAN, FRANK J.","Democratic Party","DEM","House","H","Indiana","IN","01","HIGHLAND","IN","46322","2024","15-NOV-22","2022","202211159546789593"
"H4AL02089","VIGUE, AUSTIN","Democratic Party","DEM","House","H","Alabama","AL","02","WETUMPKA","AL","36093","2024","15-NOV-22","2022","202211159546790232"
"H8FL27185","SALAZAR, MARIA ELVIRA","Republican Party","REP","House","H","Florida","FL","27","MIAMI","FL","33243","2024","15-NOV-22","2022","202211159546794905"
"P80001571","TRUMP, DONALD J.","Republican Party","REP","President","P","United States","00","00","ARLINGTON","VA","22219","2024","15-NOV-22","2022","202211159546802249"
"P40009482","JONES, CHRISTOPHER ROBERT","People Over Politics","POP","President","P","United States","00","00","WALDWICK","NJ","07463","2024","15-NOV-22","2022","202211159546802281"
"P40009490","MATHESON, RICHARD LEE MR","Write-In","W","President","P","United States","00","00","YAKIMA","WA","98901","2024","15-NOV-22","2022","202211159546802282"
"P40009524","MONROE, DUSTIN ARRON MR","Republican Party","REP","President","P","Alabama","AL","00","FT RUCKER","AL","36362","2024","15-NOV-22","2022","202211159546802292"
"S4MD00285","PULEO, CHRISTOPHER ROBERT","Republican Party","REP","Senate","S","Maryland","MD","00","PASADENA","MD","21122","2024","15-NOV-22","2022","202211159546802297"
"P40009532","SHERMAN, KYLE ALEXANDER MR. PE","Independent","IND","President","P","United States","00","00","CARLSBAD","CA","92008","2024","15-NOV-22","2022","202211159546802307"
"P40009540","DARNELL, DAVID MICHAEL","Independent","IND","President","P","United States","00","00","HAMILTON","MS","39746","2024","15-NOV-22","2022","202211159546802309"
"P40009557","ALEXANDER-NEAL, MALCOLM","Taxpayers","TX","President","P","California","CA","00","SAN DIEGO","CA","92119","2024","15-NOV-22","2022","202211159546802310"
"P00010033","VILLARI, TIMOTHY MICHAEL MR.","Republican Party","REP","President","P","United States","00","00","DALLAS","TX","75204","2024","15-NOV-22","2022","202211159546802313"
"S4WV00324","MOONEY, ALEXANDER X","Republican Party","REP","Senate","S","West Virginia","WV","00","MARTINSBURG","WV","25402","2024","15-NOV-22","2022","202211159546788793"
"H2TN07103","KUSTOFF, DAVID","Republican Party","REP","House","H","Tennessee","TN","08","GERMANTOWN","TN","381382769","2024","14-NOV-22","2022","202211149546775085"
"S8OH00144","FARIS, STEPHEN I MR","Write-In","W","Senate","S","Ohio","OH","00","FAIRBORN","OH","45324","2024","14-NOV-22","2022","202211149546775658"
"H8NJ11142","SHERRILL, MIKIE","Democratic Party","DEM","House","H","New Jersey","NJ","11","MONTCLAIR","NJ","07043","2024","14-NOV-22","2022","202211149546787915"
"H2VA02064","KIGGANS, JENNIFER","Republican Party","REP","House","H","Virginia","VA","02"," VIRGINIA BEACH","VA","23471","2024","14-NOV-22","2022","202211149546787918"
"P40009425","HARVEY, TERRANCE JAMES","Democratic Party","DEM","President","P","United States","00","00","WYOMING","MI","49519","2024","14-NOV-22","2022","202211149546787953"
"H4MT00050","ROSENDALE, MATT MR.","Republican Party","REP","House","H","Montana","MT","02","HELENA","MT","596044907","2024","14-NOV-22","2022","202211149546788360"
"P40009433","MURPHY, MATTHEW JOSEPH MR.","Republican Party","REP","President","P","United States","00","00","WOBURN","MA","01801","2024","14-NOV-22","2022","202211149546788596"
"H4FL02088","ANDERSON, WILLIE JEFFEERSON","Republican Party","REP","House","H","Florida","FL","02","TALLAHASSEE","FL","32301","2024","14-NOV-22","2022","202211149546788602"
"H4FL02096","ANDERSON, WILLIE JEFFEERSON","Republican Party","REP","House","H","Florida","FL","02","TALLAHASSEE","FL","32301","2024","14-NOV-22","2022","202211149546788721"
"P40009417","WADLEY, JOHN FRANKLIN MR","Republican Party","REP","President","P","United States","00","00","THREE RIVER","MI","49093","2024","13-NOV-22","2022","202211139546774322"
"H2CA02142","LAMALFA, DOUG","Republican Party","REP","House","H","California","CA","01","BIGGS","CA","95917","2024","12-NOV-22","2022","202211129546758262"
"P00006734","HARVEY, TERRANCE JAMES","Republican Party","REP","President","P","United States","00","00","WYOMING","MI","49519","2024","12-NOV-22","2022","202211129546755193"
"H8CA04152","MCCLINTOCK, THOMAS","Republican Party","REP","House","H","California","CA","05","EL DORADO HILLS","CA","95762","2024","12-NOV-22","2022","202211129546758263"
"H2CA47188","GARCIA, ROBERT","Democratic Party","DEM","House","H","California","CA","42","LONG BEACH","CA","90802","2024","12-NOV-22","2022","202211129546774269"
"H2CA03157","KILEY, KEVIN","Republican Party","REP","House","H","California","CA","03","ROCKLIN","CA","95765","2024","12-NOV-22","2022","202211129546755174"
"H0KS01123","MANN, TRACEY ROBERT","Republican Party","REP","House","H","Kansas","KS","01","SALINA","KS","674021084","2024","11-NOV-22","2022","202211119546752246"
"P40009391","LOZADA, FRANK J","Democratic Party","DEM","President","P","United States","00","00","VALLEY STREAM","NY","11580","2024","11-NOV-22","2022","202211119546751936"
"H2CA37304","KAMLAGER, SYDNEY","Democratic Party","DEM","House","H","California","CA","37","LOS ANGELES","CA","90017","2024","11-NOV-22","2022","202211119546754075"
"H8TN06094","ROSE, JOHN W.","Republican Party","REP","House","H","Tennessee","TN","06","COOKEVILLE","TN","38502","2024","11-NOV-22","2022","202211119546751937"
"P40009409","BOERNER, ERIC JON","Republican Party","REP","President","P","United States","00","00","POULSBO","WA","98370","2024","11-NOV-22","2022","202211119546754111"
"P40009383","BOUTON, JAMES B","Republican Party","REP","President","P","United States","00","00","SEATTLE","WA","98146","2024","10-NOV-22","2022","202211109546748531"
"H2TX31044","CARTER, JOHN R REP.","Republican Party","REP","House","H","Texas","TX","31","WASHINGTON","TX","205150001","2024","10-NOV-22","2022","202211109546748998"
"H2NC07096","ROUZER, DAVID","Republican Party","REP","House","H","North Carolina","NC","07","WILMINGTON","NC","284056239","2024","10-NOV-22","2022","202211109546748749"
"H4TX10028","DOGGETT, LLOYD","Democratic Party","DEM","House","H","Texas","TX","37","AUSTIN","TX","78702","2024","10-NOV-22","2022","202211109546750748"
"H6IN09143","HOUCHIN, ERIN","Republican Party","REP","House","H","Indiana","IN","09","SALEM","IN","47167","2024","10-NOV-22","2022","202211109546748699"
"H4OK01099","GRAY, SARAH ELIZABETH","Democratic Party","DEM","House","H","Oklahoma","OK","01","JENKS","OK","74037","2024","10-NOV-22","2022","202211109546751918"
"H8MO01143","BUSH, CORI","Democratic Party","DEM","House","H","Missouri","MO","01","ST LOUIS","MO","63121","2024","10-NOV-22","2022","202211109546751919"
"H0NY16143","BOWMAN, JAMAAL","Democratic Party","DEM","House","H","New York","NY","16","BRONXVILLE","NY","10708","2024","10-NOV-22","2022","202211109546751921"
"H0CA27085","SCHIFF, ADAM","Democratic Party","DEM","House","H","California","CA","30","LOS ANGELES","CA","90017","2024","10-NOV-22","2022","202211109546750933"
"H2NJ12127","MAYFIELD, DARIUS","Republican Party","REP","House","H","New Jersey","NJ","12","HELMETTA","NJ","08828","2024","09-NOV-22","2022","202211099546744868"
"H2FL21132","ADEIMY, DEBORAH","Republican Party","REP","House","H","Florida","FL","22","WEST PALM BEACH","FL","334165467","2024","09-NOV-22","2022","202211099546746586"
"H2OK02315","BRECHEEN, JOSH","Republican Party","REP","House","H","Oklahoma","OK","02","COALGATE","OK","74538","2024","09-NOV-22","2022","202211099546747412"
"H0GA06192","GREENE, MARJORIE TAYLOR MRS.","Republican Party","REP","House","H","Georgia","GA","14","ROME","GA","30161","2024","09-NOV-22","2022","202211099546747413"
"H0IL15129","MILLER, MARY","Republican Party","REP","House","H","Illinois","IL","15","OAKLAND","IL","61943","2024","09-NOV-22","2022","202211099546747417"
"H2KY05151","VAN DAM, RICHARD JACOB DR.","Republican Party","REP","House","H","Kentucky","KY","05","SOMERSET","KY","42501","2024","09-NOV-22","2022","202211099546747420"
"H4CA16049","LOFGREN, ZOE","Democratic Party","DEM","House","H","California","CA","18","SAN JOSE","CA","95126","2024","09-NOV-22","2022","202211099546744866"
"H0TN03254","FLEISCHMANN, CHARLES J","Republican Party","REP","House","H","Tennessee","TN","03","OOLTEWAH","TN","37363","2024","09-NOV-22","2022","202211099546744865"
"H6FL13148","BUCHANAN, VERNON","Republican Party","REP","House","H","Florida","FL","16","SARASOTA","FL","342305928","2024","09-NOV-22","2022","202211099546744863"
"H0TX07170","HUNT, WESLEY","Republican Party","REP","House","H","Texas","TX","38","HOUSTON","TX","77056","2024","09-NOV-22","2022","202211099546744848"
"H2TX14149","WEBER, RANDY","Republican Party","REP","House","H","Texas","TX","14","FRIENDSWOOD","TX","77546","2024","09-NOV-22","2022","202211099546744847"
"H8ND00096","ARMSTRONG, KELLY","Republican Party","REP","House","H","North Dakota","ND","00","BISMARCK","ND","58503","2024","09-NOV-22","2022","202211099546744845"
"H2TX33040","WILLIAMS, ROGER","Republican Party","REP","House","H","Texas","TX","25","CLEBURNE","TX","76031","2024","09-NOV-22","2022","202211099546744843"
"H0TX35015","GONZALES, ERNEST ANTHONY TONY II","Republican Party","REP","House","H","Texas","TX","23","SAN ANTONIO","TX","78248","2024","09-NOV-22","2022","202211099546744840"
"H0IA01174","ARENHOLZ, ASHLEY HINSON","Republican Party","REP","House","H","Iowa","IA","02","MARION","IA","52302","2024","09-NOV-22","2022","202211099546744837"
"H4TX10093","MCCAUL, MICHAEL","Republican Party","REP","House","H","Texas","TX","10","AUSTIN","TX","787012514","2024","09-NOV-22","2022","202211099546744835"
"H2TX08182","LUTTRELL, MORGAN JOE","Republican Party","REP","House","H","Texas","TX","08","MAGNOLIA","TX","77353","2024","09-NOV-22","2022","202211099546744833"
"H0TX24209","VAN DUYNE, ELIZABETH ANN","Republican Party","REP","House","H","Texas","TX","24","IRVING","TX","75063","2024","09-NOV-22","2022","202211099546744829"
"P40009367","ATKINSON, ERIC","Independent","IND","President","P","United States","00","00","ORLANDO","FL","32809","2024","09-NOV-22","2022","202211099546744827"
"P40009359","JACKSON, MATTHEW","Unaffiliated","UN","President","P","United States","00","00","APPOMATTOX","VA","24522","2024","09-NOV-22","2022","202211099546744825"
"H2CA00096","BARKLEY, MICHAEL JAMES MR.","Democratic Party","DEM","House","H","California","CA","05","MANTECA","CA","95336","2024","09-NOV-22","2022","202211099546744814"
"S4WA00565","ARCHER, DESTINY MR","Republican Party","REP","Senate","S","Washington","WA","00","SEATTLE","WA","98109","2024","09-NOV-22","2022","202211099546744809"
"H2CA14162","MULLIN, KEVIN","Democratic Party","DEM","House","H","California","CA","15","BELMONT","CA","94002","2024","09-NOV-22","2022","202211099546747930"
"H6MN02131","CRAIG, ANGELA DAWN","Democratic Party","DEM","House","H","Minnesota","MN","02","EAGAN","MN","55122","2024","09-NOV-22","2022","202211099546747915"
"P40009375","BAIZE, ZANE","Unaffiliated","UN","President","P","United States","00","00","MUSTANG","OK","73064","2024","09-NOV-22","2022","202211099546747890"
"H4NY09090","AZUMAH, JOEL","Republican Party","REP","House","H","New York","NY","09","BROOKLYN","NY","11203","2024","09-NOV-22","2022","202211099546747566"
"H2CA06259","HUFFMAN, JARED","Democratic Party","DEM","House","H","California","CA","02","PETALUMA","CA","94953","2024","09-NOV-22","2022","202211099546747578"
"S4UT00183","LOBO-BLANCO, GABRIEL STUART","Republican Party","REP","Senate","S","Utah","UT","00","SANDY","UT","84094","2024","08-NOV-22","2022","202211089546744807"
"P40009334","ROBINSON, SHAYNE MATTHEW","None","NNE","President","P","United States","00","00","SALEM","OR","97305","2024","08-NOV-22","2022","202211089546744806"
"S4IN00162","TRAVIS, MARSHALL","Progressive Party","PRO","Senate","S","Indiana","IN","00","OSCEOLA","IN","46561","2024","08-NOV-22","2022","202211089546727610"
"S4IL00495","HORGES, BRADLEY LAMAR MR. JR.","Write-In","W","Senate","S","Illinois","IL","00","DECATUR","IL","62526","2024","08-NOV-22","2022","202211089546744782"
"P40009326","SMITHSON, JODIE","Democratic Party","DEM","President","P","United States","00","00","ASHBURN","VA","20148","2024","07-NOV-22","2022","202211079546717837"
"P00007278","BERNHEISEL, JEREMY SHANE","Independent","IND","President","P","United States","00","00","APACHE JUNCTION ","AZ","85120","2024","07-NOV-22","2022","202211080300426025"
"P40009292","LERMA, ANDREAS","Other","OTH","President","P","United States","00","00","LOS ANDREAS","CA","90071","2024","06-NOV-22","2022","202211069546714721"
"P40009300","WESSON, BRIAN JERRAL","Republican Party","REP","President","P","United States","00","00","AUSTIN","TX","78754","2024","06-NOV-22","2022","202211069546717362"
"H4CA06123","BURNETT, KIEMARR SALEH LORD","Republican Party","REP","House","H","California","CA","06","ELK GROVE","CA","95758","2024","06-NOV-22","2022","202211069546713305"
"S4RI00051","MCKAY, RAYMOND TYLER MR","Republican Party","REP","Senate","S","Rhode Island","RI","00","WARWICK","RI","02886","2024","05-NOV-22","2022","202211059546711601"
"S4NJ00383","SELBY, QUADIR","Democratic Party","DEM","Senate","S","New Jersey","NJ","00","IRVINGTON","NJ","07111","2023","05-NOV-22","2022","202211059546711588"
"S4NJ00375","SELBY, QUADIR","Democratic Party","DEM","Senate","S","New Jersey","NJ","00","IRVINGTON","NJ","07111","2023","04-NOV-22","2022","202211049546709602"
"P40009284","SHEPARD, JOE D MR.","Republican Party","REP","President","P","United States","00","00","DELTONA","FL","32725","2024","04-NOV-22","2022","202211049546709469"
"P20003992","BURTON, THOMAS EDWARD III","Libertarian Party","LIB","President","P","United States","00","00","CLEVELAND ","OH","44109","2024","04-NOV-22","2022","202211040300425774"
"P40009276","MCCALLISTER, SHAWNA LYN MISS","Republican Party","REP","President","P","United States","00","00","BREA","CA","92822","2024","02-NOV-22","2022","202211029546700455"
"P40009268","NUNN, HEATHER ALEXANDRA","Write-In","W","President","P","United States","00","00","PHOENIX","AZ","85361","2024","02-NOV-22","2022","202211029546697531"
"P00008623","MCMURRAY, JENNIFER","Democratic Party","DEM","President","P","United States","00","00","ELMIRA","NY","14904","2024","31-OCT-22","2022","202210319546678017"
"P40009250","DIR, HOPE E","American People'S Freedom Party","APF","President","P","United States","00","00","ROSEBURG","OR","97470","2024","31-OCT-22","2022","202210319546675477"
"S4TX00623","TAYLOR, SHERRI LYNN","Democratic Party","DEM","Senate","S","Texas","TX","00","AUSTIN","TX","787112108","2024","31-OCT-22","2022","202210310300425245"
"H4TX37013","TAYLOR, SHERRI  LYNN","Democratic Party","DEM","House","H","Texas","TX","37","AUSTIN","TX","787112108","2024","31-OCT-22","2022","202210310300425227"
"S4MD00277","SEUFERER, STEVEN HENRY","Democratic Party","DEM","Senate","S","Maryland","MD","00","MONTGOMERY VILLAGE","MD","20886","2024","31-OCT-22","2022","202210319546676398"
"H4NV04066","OROZCO, ALBERTO","GOP","GOP","House","H","Nevada","NV","04","ELKO","NV","89801","2024","31-OCT-22","2022","202210319546678041"
"S4VA00221","LOWE, KIMBERLY","Republican Party","REP","Senate","S","Virginia","VA","00","HUDSON","WI","54016","2024","29-OCT-22","2022","202210299546674067"
"H4CA11149","BLUE, ELIJAH LEWIS","Libertarian Party","LIB","House","H","California","CA","11","RICHMOND","CA","94805","2024","29-OCT-22","2022","202210299546673703"
"P40009243","WICK, RANDALL","Democratic Party","DEM","President","P","United States","00","00","BELLINGHAM","WA","98226","2024","28-OCT-22","2022","202210289546668489"
"P40009235","WESBERRY, JONATHAN","Republican Party","REP","President","P","United States","00","00","CLAYMONT","DE","19703","2024","28-OCT-22","2022","202210289546667888"
"P60022050","HOLY, SHELLEY FAYE","Republican Party","REP","President","P","United States","00","00","RUPERT","ID","83350","2024","27-OCT-22","2022","202210270300424301"
"H2AL03032","ROGERS, MICHAEL","Republican Party","REP","House","H","Alabama","AL","03","ANNISTON","AL","36201","2024","27-OCT-22","2022","202210279546527951"
"P60018504","LUNGO, ROBERT FRANCIS","Independent","IND","President","P","United States","00","00","NASHVA","NH","03060","2024","24-OCT-22","2022","202210240300423381"
"P40009201","FARMS, WILLIAM","Independent","IND","President","P","United States","00","00","JEWETT","OH","43986","2024","22-OCT-22","2022","202210229541496583"
"P40009219","CARTER, ANNA MARIE DR.","Non-Party","NON","President","P","California","CA","00","TORRANCE","CA","90503","2024","22-OCT-22","2022","202210229541497346"
"P40009193","BLASK, WASHINGTON GAVIN MR.","Republican Party","REP","President","P","United States","00","00","CAMBRIDGE","MA","02138","2024","21-OCT-22","2022","202210219541455588"
"H0GA09246","CLYDE, ANDREW","Republican Party","REP","House","H","Georgia","GA","09","JEFFERSON","GA","30549","2024","18-OCT-22","2022","202210189537545137"
"H0DC00165","MALONE, JOAN F M","Republican Party","REP","House","H","District Of Columbia","DC","00","WASHINGTON","DC","20002","2024","18-OCT-22","2022","202210180300422088"
"S4NJ00367","KHALIL, CHRISTINA AMIRA","Democratic Party","DEM","Senate","S","New Jersey","NJ","00","HASBROUCK HEIGHTS","NJ","07604","2024","17-OCT-22","2022","202210170300421074"
"S4FL00470","SANSCRAINTE, MATTHEW ALEXANDER MR","Independent","IND","Senate","S","Florida","FL","00","LARGO","FL","33774","2023","16-OCT-22","2022","202210169537512699"
"H2CA43245","TAKANO, MARK","Democratic Party","DEM","House","H","California","CA","39","RIVERSIDE","CA","92517","2024","15-OCT-22","2022","202210159536710227"
"H2NC04168","BARBOUR, DEVAN IV","Republican Party","REP","House","H","North Carolina","NC","13","BENSON","NC","27504","2024","14-OCT-22","2022","202210149532393547"
"S4VA00213","ENNIS, CRAIG EDWARD MR","Republican Party","REP","Senate","S","Virginia","VA","00","FREDERICKSBURG","VA","22407","2024","14-OCT-22","2022","202210149532411202"
"H4MO04153","HEIDENREICH, ALEXANDER JS REV","Independent","IND","House","H","Missouri","MO","04","LEBANON","MO","65536","2024","13-OCT-22","2022","202210139532173838"
"H2TX07119","COHEN, TINA MRS.","Republican Party","REP","House","H","Texas","TX","07","HOUSTON","TX","77057","2024","13-OCT-22","2022","202210139532178685"
"H4WI06121","BRUDVIG, JACK","Democratic Party","DEM","House","H","Wisconsin","WI","06","CEDARBURG","WI","53012","2024","10-OCT-22","2022","202210109532120632"
"H8SD01055","JOHNSON, DUSTY","Republican Party","REP","House","H","South Dakota","SD","00","MITCHELL","SD","57301","2024","10-OCT-22","2022","202210109532121277"
"P40009169","ABAIR, REBECCA GAIL MS. PHD","Republican Party","REP","President","P","United States","00","00","HENDERSONVILLE","TN","37075","2024","10-OCT-22","2022","202210109532123975"
"P40009177","MITCHELL, JONATHAN","Republican Party","REP","President","P","Wisconsin","WI","00","BOYD","WI","54726","2024","10-OCT-22","2022","202210109532123997"
"P40009151","SANDERSON, LAWRENCE AATRON","Independent","IND","President","P","United States","00","00","DAYTONA BEA","FL","32118","2023","09-OCT-22","2022","202210099532102588"
"P40009144","STAPLETON, COREY","Republican Party","REP","President","P","United States","00","00","BILLINGS","MT","59102","2024","06-OCT-22","2022","202210069532084297"
"S4VA00205","BARVE, GARY","Republican Party","REP","Senate","S","Virginia","VA","00","FREDERICKSBURG","VA","22406","2024","06-OCT-22","2022","202210069532076627"
"P40009128","STRATMAN, SCOTT ALAN MR","Republican Party","REP","President","P","United States","00","00","SIOUX FALLS","SD","57103","2024","05-OCT-22","2022","202210059532066708"
"H4AZ01178","GAYLES, KIESHA","Right To Life","RTL","House","H","Arizona","AZ","01","COLOMA","MI","49038","2024","05-OCT-22","2022","202210059532064712"
"P40009110","JOHNSON, MATTIE JOY MS","Republican Party","REP","President","P","United States","00","00","FLEMINGSBURG","KY","41041","2024","05-OCT-22","2022","202210059532063135"
"P40009136","FARBER, STUART","Independent","IND","President","P","United States","00","00","ORLANDO","FL","32819","2024","05-OCT-22","2022","202210059532075394"
"P40009102","FUDGE, JAMES EARLE II","ALL","ALL","President","P","United States","00","00","BULLHEAD CITY","AZ","86442","2024","04-OCT-22","2022","202210049532062193"
"P40009094","FUDGE, JAMES EARLE II","ALL","ALL","President","P","United States","00","00","BULLHEAD CITY","AZ","86442","2024","03-OCT-22","2022","202210039532049672"
"P40009086","RICHARDS, ETHAN R MR.","Unknown","UNK","President","P","United States","00","00","LAKE ELSINORE","CA","92530","2024","03-OCT-22","2022","202210039532049062"
"P40009078","NASH, EDWARD LEE MR JR","Independent","IND","President","P","United States","00","00","ARLINGTON","TX","76016","2024","01-OCT-22","2022","202210019532046090"
"H4AZ01178","GAYLES, KIESHA","Right To Life","RTL","House","H","Arizona","AZ","01","COLOMA","MI","49038","2023","30-SEP-22","2022","202209309532008201"
"P20005955","HARVEY, TERRANCE JAMES","None","NNE","President","P","United States","00","00","WYOMING","MI","49519","2024","30-SEP-22","2022","202209309532008235"
"P40009060","MICHAEL, MIKE DUNCAN REP PARTY REP","Republican Party","REP","President","P","Indiana","IN","00","ONEIDA","TN","37841","2024","29-SEP-22","2022","202209299532007352"
"P40009052","MANNIX, BRIAN MATTHEW","None","NNE","President","P","United States","00","00","BROOKLYN","NY","11216","2024","25-SEP-22","2022","202209259531992338"
"P40009045","WESSON, BRIAN JERRAL","Republican Party","REP","President","P","United States","00","00","AUSTIN","TX","78754","2024","23-SEP-22","2022","202209239531814982"
"S4MA00267","BERMAN, JOHN","Republican Party","REP","Senate","S","Massachusetts","MA","00","RICHLAND","WA","99352","2024","22-SEP-22","2022","202209229531810176"
"P40009037","PELUSI, RALPH ANTHONY MR.","Republican Party","REP","President","P","United States","00","00","GAUTIER","MS","39553","2024","22-SEP-22","2022","202209229531810655"
"P40009029","TOUCHET, DAVID WAYNE","Republican Party","REP","President","P","United States","00","00","LAWTON","OK","73505","2024","21-SEP-22","2022","202209219531809669"
"P40009003","EBATA, MITCHELL RAY","Write-In","W","President","P","United States","00","00","LACROSSE","WI","54603","2024","21-SEP-22","2022","202209219531802431"
"P40008997","DAVIS, ROELIN LEE MR","Write-In","W","President","P","United States","00","00","ROUNDUP","MT","59072","2024","20-SEP-22","2022","202209209528819086"
"S4FL00462","LAROSE, JOSUE DR.","Democratic Party","DEM","Senate","S","Florida","FL","00","MIRAMAR","FL","33027","2024","19-SEP-22","2022","202209199528577054"
"S4OH00176","MUTCHLER, JOEL","Republican Party","REP","Senate","S","Ohio","OH","00","FRAZEYSBURG","OH","43822","2024","19-SEP-22","2022","202209199528575705"
"P40008989","TOWNSEND, SCOTT MILAM","Republican Party","REP","President","P","United States","00","00","BARTLESVILLE","OK","74003","2024","17-SEP-22","2022","202209179528505365"
"P40008955","WELTON, CHRISTOPHER JOHN","Republican Party","REP","President","P","United States","00","00","BREMERTON","WA","98311","2024","16-SEP-22","2022","202209160300417479"
"P40008963","GLASS, ANGELA MARI?","Independent","IND","President","P","United States","00","00","MALIBU","CA","90265","2024","16-SEP-22","2022","202209169528505286"
"H2AZ09183","DAVISON, JERONE","Republican Party","REP","House","H","Arizona","AZ","04","TEMPE","AZ","85281","2024","14-SEP-22","2022","202209149528471748"
"P40008948","RUSSELL, CHRISTOPHER ROBERT","Republican Party","REP","President","P","United States","00","00","CLEVELAND","OH","44109","2024","14-SEP-22","2022","202209149528455178"
"P40008930","RASEY, MATTHEW DUANE MR.","Republican Party","REP","President","P","United States","00","00","SEATTLE","WA","98125","2024","13-SEP-22","2022","202209139528448375"
"P40008922","SCHAUFELE, JOE","No Party Affiliation","NPA","President","P","United States","00","00","MANCHESTER","PA","17345","2024","13-SEP-22","2022","202209139528427860"
"H4AL01230","WHITLOCK, DAVID ROBERT MR.","Republican Party","REP","House","H","Alabama","AL","01","MOBILE","AL","36693","2024","09-SEP-22","2022","202209099528385316"
"P40008906","MCSORLEY, RICHARD C MR","Republican Party","REP","President","P","Kentucky","KY","00","ASHLAND","KY","41101","2024","07-SEP-22","2022","202209079528355180"
"H4CO06111","DAMMEN, KHALEB IAN","Republican Party","REP","House","H","Colorado","CO","06","AURORA","CO","80013","2024","06-SEP-22","2022","202209069528355177"
"P40008880","SCHAFER, SCOTT PRESTON MR.","Republican Party","REP","President","P","United States","00","00","DUBLIN","PA","18917","2024","06-SEP-22","2022","202209069528351642"
"P40008898","GAMBINO, CRUSIFICIO AARON EVERETT MR.","Republican Party","REP","President","P","Minnesota","MN","00","SAINT FRANCIS","MN","55070","2024","06-SEP-22","2022","202209069528352959"
"P60005717","LEWIS JR, JULIAN BISHOP","Independent","IND","President","P","United States","00","00","LANCASTER","TX","75146","2024","06-SEP-22","2022","202209069528352958"
"P40008872","BAMUNDO, MARK","Unaffiliated","UN","President","P","United States","00","00","COLUMBIA","MD","21044","2024","02-SEP-22","2022","202209029528349463"
"P40008864","MILLER, PAUL ROBERT","Republican Party","REP","President","P","United States","00","00","FORT MYERS","FL","33901","2024","01-SEP-22","2022","202209019528329442"
"H4TX06208","WILEY, CLIFFORD R","Republican Party","REP","House","H","Texas","TX","06","CORSICANA","TX","75110","2024","01-SEP-22","2022","202209019528328255"
"P40008831","KNIGHT, JACKIE","No Party Affiliation","NPA","President","P","United States","00","00","PAHRUMP","NV","89061","2024","01-SEP-22","2022","202209019528328254"
"P40008849","CARTER, GREGORY MARCUS MR","Independent","IND","President","P","United States","00","00","KISSMMEE, FL 34741","FL","34741","2024","01-SEP-22","2022","202209019528329049"
"P40008856","CRAWFORD, ROCKY DEAN SIR","None","NNE","President","P","Illinois","IL","00","CREVE COEUR","IL","61610","2024","01-SEP-22","2022","202209019528329198"
"H2FL20159","HOLNESS, DALE V.C. MR.","Democratic Party","DEM","House","H","Florida","FL","20","PLANTATION","FL","33313","2024","29-AUG-22","2022","202208299528257517"
"P60007481","STETSON, JOSEPH ARTHUR","Republican Party","REP","President","P","United States","00","00","TIGORD","OR","97224","2024","28-AUG-22","2022","202209090300417360"
"P40008799","FRITZ, JOSHUA ARON","None","NNE","President","P","United States","00","00","CHICKEN","AK","99732","2024","26-AUG-22","2022","202208269528248790"
"P40008781","MCBRIDE, ADAM DR.","Independent","IND","President","P","United States","00","00","GRANT","AL","35747","2024","23-AUG-22","2022","202208239528238420"
"P40008773","WALLS-WINDHAUSER, ANGELA MARIE","Republican Party","REP","President","P","United States","00","00","WINTER GARDEN","FL","34778","2024","22-AUG-22","2022","202208229528159829"
"H2CA13107","ROSARIO-SIGALA, ANGELINA","Democratic Party","DEM","House","H","California","CA","13","MODESTO","CA","95354","2024","22-AUG-22","2022","202208229528157142"
"P40008740","ROGERS, DYKEBA LECOLE DYKEBA MS","Democratic Party","DEM","President","P","North Carolina","NC","00","RALEIGH","NC","27613","2024","22-AUG-22","2022","202208229528156923"
"P40008757","DAUGHERTY, MELINDA","Unknown","UNK","President","P","United States","00","00","TACOMA","WA","98446","2024","22-AUG-22","2022","202208220300416857"
"S4MO00227","CANADAY, DORIS ANN","Socialist Equality Party","SEP","Senate","S","Missouri","MO","00","RAYTOWN","MO","64138","2024","22-AUG-22","2022","202208229528157362"
"P40008732","ALANIZ, JASON","American People'S Freedom Party","APF","President","P","Texas","TX","00","SAN ANTONIO","TX","78250","2024","21-AUG-22","2022","202208219528147428"
"P40008724","DWYER, ANGELA JOYCE","Independent","IND","President","P","United States","00","00","MARTINSBURG","WV","25403","2024","20-AUG-22","2022","202208209525688678"
"P40008765","HUDSON, ANTHONY JASON","Unknown","","President","P","United States","00","00","GRAND BLANC","MI","48439","2024","18-AUG-22","2022","202208220300416952"
"S2NY00374","BEN-AVI, TYRRELL LEV REV.","Republican Party","REP","Senate","S","New York","NY","00","NEW YORK","NY","10027","2024","17-AUG-22","2022","202208179525477507"
"P40008708","BOERNER, ERIC JON","Republican Party","REP","President","P","United States","00","00","POULSBO","WA","98370","2024","17-AUG-22","2022","202208179525476312"
"P40008716","MARCELLINI, MARK ROBERT","Unknown","","President","P","United States","00","00","APTOS","CA","95001","2024","17-AUG-22","2022","202208170300416547"
"P40008823","SIMMONS, KERRY","Unknown","UNK","President","P","United States","00","00","INVERNESS","FL","344528305","2024","16-AUG-22","2022","202208310300417173"
"S4WA00557","COBAIN, KURT SR","Republican Party","REP","Senate","S","Washington","WA","00","SEATTLE","WA","98112","2024","16-AUG-22","2022","202208169525408951"
"P40008690","WINTERS, LASHONDRA DIONNE MRS","N/A","N/A","President","P","United States","00","00","HOUSTON","TX","77089","2024","15-AUG-22","2022","202208159525397089"
"S2WA00494","COBAIN, KURT DONALD MR","Democratic Party","DEM","Senate","S","Washington","WA","00","SEATTLE","WA","98112","2024","12-AUG-22","2022","202208129525373844"
"S4CO00460","MINNICH, DEREK MICHEAL","Veterans Party","VET","Senate","S","Colorado","CO","00","PUEBLO","CO","81003","2024","12-AUG-22","2022","202208129525354527"
"P40008682","SPALDING, MONIQUE LAURETTE","Republican Party","REP","President","P","United States","00","00","LAKE GEORGE","CO","80827","2024","11-AUG-22","2022","202208110300416307"
"H2WA03175","RAY, DAVY","Democratic Party","DEM","House","H","Washington","WA","03","STEVENSON","WA","98648","2024","11-AUG-22","2022","202208119525239876"
"H0NY15160","TORRES, RITCHIE JOHN","Democratic Party","DEM","House","H","New York","NY","15","BRONX","NY","10458","2024","11-AUG-22","2022","202208119525307909"
"P40008658","FAMILONI, JACOB TAIWO","Republican Party","REP","President","P","United States","00","00","ANAHEIM","CA","92807","2024","10-AUG-22","2022","202208109525233306"
"P40008674","ANOAI, NICHOLAS JOSEPH RAINS","Republican Party","REP","President","P","United States","00","00","PALERMO MAINE","ME","04354","2024","10-AUG-22","2022","202208109525237887"
"H6CA24113","SHERMAN, BRAD","Democratic Party","DEM","House","H","California","CA","32","LOS ANGELES","CA","90017","2024","10-AUG-22","2022","202208109525239468"
"P40008666","GUAY, CALEB JAMES","Republican Party","REP","President","P","United States","00","00","ROCHELLE","GA","31079","2024","10-AUG-22","2022","202208109525233338"
"P40008641","DVORAK, JOHN GABRIEL","Republican Party","REP","President","P","United States","00","00","SACRAMENTO","CA","95812","2024","09-AUG-22","2022","202208099525169746"
"P40008633","WALLECK, ERIC","Republican Party","REP","President","P","United States","00","00","FOX LAKE","IL","60021","2024","09-AUG-22","2022","202208099525166386"
"H2MO03159","KARLEN, JONATHAN","Democratic Party","DEM","House","H","Missouri","MO","03","O'FALLON","MO","63366","2024","08-AUG-22","2022","202208089525139662"
"P40008617","KWIATKOWSKI, ANDREW ROBERT","Republican Party","REP","President","P","Pennsylvania","PA","00","PITTSBURGH","PA","15223","2024","08-AUG-22","2022","202208089525139517"
"S4CA00472","FOXINGTON, DIANE","Democratic Party","DEM","Senate","S","California","CA","00","CALIFORNIA","CA","93501","2024","08-AUG-22","2022","202208089525136676"
"H0KS01180","SOETAERT, MICHAEL","Democratic Party","DEM","House","H","Kansas","KS","02","ALTA VISTA","KS","66834","2024","07-AUG-22","2022","202208079525135396"
"P40008583","KORN, BRIAN","Write-In","W","President","P","United States","00","00","OCEANSIDE","CA","92054","2024","05-AUG-22","2022","202208059525132441"
"H2MI13261","CONYERS, JOHN","Democratic Party","DEM","House","H","Michigan","MI","13","DETROIT","MI","48221","2024","05-AUG-22","2022","202208059525134397"
"P40008591","COOKSEY, MARTE","Republican Party","REP","President","P","United States","00","00","EDMOND","OK","73013","2024","05-AUG-22","2022","202208059525133050"
"P40008625","GRIFFIN, DONNIS (D'MORIA)","Independent","IND","President","P","United States","00","00","WEST ORANGE","NJ","07052","2024","05-AUG-22","2022","202208090300416203"
"P40008575","WHITE, DARRYL JC","Non-Party","NON","President","P","United States","00","00","WAUSEON","OH","49567","2024","03-AUG-22","2022","202208039525114192"
"P00000315","DEFELICE, GERALD THOMAS","Republican Party","REP","President","P","United States","00","00","MERIDEN ","CT","064502355","2024","02-AUG-22","2022","202208020300415769"
"P40008567","LEVINE, JACOB STEPHEN","MP","MP","President","P","United States","00","00","COLUMBUS","OH","43215","2024","02-AUG-22","2022","202208029525110060"
"S2CT00256","HYDE, ROBERT FINLEY","Republican Party","REP","Senate","S","Connecticut","CT","00","CANTON","MI","06019","2024","02-AUG-22","2022","202208029525110295"
"S4IN00147","BUSHMAN, LAUREN","Democratic Party","DEM","Senate","S","Indiana","IN","00","BROWNSBURG","IN","46112","2024","31-JUL-22","2022","202207319525087164"
"P40008542","CHESTNUT, JAMALL ALI","Republican Party","REP","President","P","United States","00","00","PHILA","PA","19121","2024","28-JUL-22","2022","202207280300415616"
"H4OH01091","BAKER, GABE E MR","American Independent Party","AIP","House","H","Ohio","OH","01","DUBLIN","OH","43017","2024","28-JUL-22","2022","202207289525070341"
"P20005948","PATTERSON, FREDERICK TAYLOR MR.","Independent","IND","President","P","United States","00","00","LUMPKIN","GA","31815","2024","28-JUL-22","2022","202207289525073846"
"P40008534","DRAKE, PHILLIP","Independent","IND","President","P","United States","00","00","EDINBURG","TX","78542","2024","27-JUL-22","2022","202207279525067930"
"P40008559","SMITH, KEVIN PALMER","Unknown","","President","P","United States","00","00","ORCHARD PARK","NY","14127","2024","26-JUL-22","2022","202208010300415749"
"S4NJ00359","MAIA-CUSICK, SHIRLEY","Republican Party","REP","Senate","S","New Jersey","NJ","00","ASBURY","NJ","08802","2024","25-JUL-22","2022","202207259525048558"
"P40008526","GRAUWELMAN, MARK STEPHEN","Republican Party","REP","President","P","United States","00","00","CINCINNATI","OH","45245","2024","21-JUL-22","2022","202207219525014030"
"P40008518","JENKINS, DOUG","Independent","IND","President","P","Wisconsin","WI","00","MADISON","WI","53704","2024","20-JUL-22","2022","202207209522439989"
"P00011635","DOUG, JENKINS","Independent","IND","President","P","United States","00","00","MADISON","WI","53704","2024","20-JUL-22","2022","202207209522415999"
"P40008492","POPP, BRET","Unaffiliated","UN","President","P","United States","00","00","WINSTON SALEM","NC","27104","2024","19-JUL-22","2022","202207199522180472"
"P40008500","VALDEZ GARCIA, HUGO","Libertarian Party","LIB","President","P","Utah","UT","00","LAYTON","UT","84041","2024","19-JUL-22","2022","202207199522197227"
"S4CA00464","MANDELA, BARACK OBAMA MR.","Republican Party","REP","Senate","S","California","CA","00","WHITTIER","CA","90602","2024","18-JUL-22","2022","202207189522175840"
"P40008484","DUNLAP, DAVID RAY","Libertarian Party","LIB","President","P","United States","00","00","MELBOURNE","FL","32901","2024","17-JUL-22","2022","202207179522149766"
"H2CA30291","AAZAMI, SHERVIN","Democratic Party","DEM","House","H","California","CA","30","WEST HILLS","CA","91307","2024","15-JUL-22","2022","202207159521874499"
"H8IL03102","NEWMAN, MARIE","Democratic Party","DEM","House","H","Illinois","IL","06","LA GRANGE","IL","60525","2024","15-JUL-22","2022","202207159518643500"
"S4MN00460","HILBRICH, DAVID A MR","Republican Party","REP","Senate","S","Minnesota","MN","00","CROSSLAKE","MN","56442","2024","15-JUL-22","2022","202207159521288789"
"P00008946","POWERS, CHRISTIN NOEL MS.","Democratic Party","DEM","President","P","United States","00","00","JUPITER","FL","33469","2024","15-JUL-22","2022","202207159521443337"
"H2SC06134","DIXON, GREGG MARCEL","Democratic Party","DEM","House","H","South Carolina","SC","06","RIDGELAND","SC","29936","2024","14-JUL-22","2022","202207149518548865"
"H2FL11166","ALCANTARA, CHRISTOPHER MANUEL","No Party Affiliation","NPA","House","H","Florida","FL","11","LADY LAKE","FL","32159","2024","13-JUL-22","2022","202207139518412678"
"P40008476","VILLAVERDE MORSE, MS MARY ANN","Republican Party","REP","President","P","United States","00","00","CENTEREACH","NY","11720","2024","12-JUL-22","2022","202207130300411085"
"H6FL01143","MILLS, RALPH JOHN III","Republican Party","REP","House","H","Florida","FL","01","NAVARRE","MO","32566","2024","12-JUL-22","2022","202207129518365187"
"P40008468","DEFELICE, GERALD T MR.","Republican Party","REP","President","P","United States","00","00","MERIDEN","CT","064502355","2024","12-JUL-22","2022","202207129518371250"
"P40008450","RACHAL, TIMOTHY THOMAS LORD","Republican Party","REP","President","P","United States","00","00","LOMBARD","IL","60148","2024","11-JUL-22","2022","202207119518355689"
"H2CA04155","ENGDAHL, ANDREW DAVID","Democratic Party","DEM","House","H","California","CA","04","SANTA ROSA","CA","95404","2024","11-JUL-22","2022","202207119518358980"
"H2CA00146","TOOMIM, LEAH MELISSA","Republican Party","REP","House","H","California","CA","00","SANTA MONICA","CA","90403","2024","10-JUL-22","2022","202207109518297694"
"H0CA06170","BISH, CHRISTINE","Republican Party","REP","House","H","California","CA","00","ANTELOPE","CA","95843","2024","09-JUL-22","2022","202207099518294165"
"H2CA20136","EPPERSON, DALILA","Republican Party","REP","House","H","California","CA","00","EAST GARRISON","CA","93933","2024","09-JUL-22","2022","202207099518294174"
"P40008435","FUSCO, MICHAEL ROBERT","Write-In","W","President","P","United States","00","00","LAKE GROVE","NY","11755","2024","09-JUL-22","2022","202207099518295021"
"P40008427","FUSCO, MICHAEL ROBERT","Write-In","W","President","P","United States","00","00","LAKE GROVE","NY","11755","2024","09-JUL-22","2022","202207099518295020"
"P40008443","JIMENEZ, LUIS MR.","Republican Party","REP","President","P","United States","00","00","DUPONT","WA","98327","2024","09-JUL-22","2022","202207099518297536"
"P40008419","BUNEA, NICOLAE ALBERT","Democratic Party","DEM","President","P","United States","00","00","ELMONT","NY","11003","2024","08-JUL-22","2022","202207089517865504"
"P40008401","HUFFMAN, JARED","Republican Party","REP","President","P","Mississippi","MS","00","BILOXI","MS","39532","2024","08-JUL-22","2022","202207089517848105"
"H0CA26145","KENNEDY, RONDA","Republican Party","REP","House","H","California","CA","30","OAK PARK","CA","91377","2024","07-JUL-22","2022","202207079517839580"
"H4TX01092","THOMPSON, DAVID ERIC","Republican Party","REP","House","H","Texas","TX","01","HUGHES SPRINGS","TX","75656","2024","07-JUL-22","2022","202207079517842452"
"P20005765","SANTIAGO-MATIAS, JOSELITO","Republican Party","REP","President","P","United States","00","00","BOSTON","MA","02205","2024","06-JUL-22","2022","202207069517829815"
"P40008393","PARKER, BRANDON HUGH","Unaffiliated","UN","President","P","United States","00","00","SYLACAUGA","AL","35151","2024","04-JUL-22","2022","202207049517786251"
"P00016154","HARBOUR, MICHAEL","No Party Affiliation","NPA","President","P","United States","00","00","LAKE OSWEGO","OR","97035","2024","01-JUL-22","2022","202207019517779432"
"S4MT00175","MYGLAND, JEREMY","Republican Party","REP","Senate","S","Montana","MT","00","EAST HELENA","MT","59635","2024","01-JUL-22","2022","202207019517782256"
"H2CA20144","DEWELL, BEN","Democratic Party","DEM","House","H","California","CA","20","STALLION SPRINGS","CA","93561","2024","01-JUL-22","2022","202207019517780380"
"P40008385","STRUVE, PRESTON TYLER MR","Republican Party","REP","President","P","United States","00","00","MIDVALE","UT","84047","2024","01-JUL-22","2022","202207019517779446"
"P40008336","ZEDAN, JOSEPH","Independent","IND","President","P","United States","00","00","MINNEAPOLIS","MN","55401","2024","30-JUN-22","2022","202206309517766956"
"S4TX00615","NARANJO, TERESA DANISE MS.","Democratic Party","DEM","Senate","S","Texas","TX","00","TEMPLE","TX","76504","2024","30-JUN-22","2022","202206309517766857"
"P40008344","PANG, CHARLES CHUN","Non-Party","NON","President","P","United States","00","00","AURORA","CO","80013","2024","30-JUN-22","2022","202206309517774071"
"P40008351","HAMBY, ETHAN WITZLING","Democratic Party","DEM","President","P","United States","00","00","PORTSMOUTH","NH","03801","2024","30-JUN-22","2022","202206309517774390"
"P40008377","GONZALES, NICHOLAS SAMUEL","Republican Party","REP","President","P","United States","00","00","SPRING","TX","77373","2024","30-JUN-22","2022","202206309517775063"
"P40008328","MEIRING, ERIC RICHARD REV","Independent","IND","President","P","California","CA","00","ROHNERT PARK","CA","94928","2024","27-JUN-22","2022","202206279517761922"
"H4NC01111","MOUTOUX, BRIAN IAN","Democratic Party","DEM","House","H","North Carolina","NC","01","CONIFER","CO","80433","2024","27-JUN-22","2022","202206279517761761"
"H8CA12262","BUTTAR, SHAHID","Democratic Party","DEM","House","H","California","CA","11","SAN FRANCISCO","CA","94102","2024","27-JUN-22","2022","202206279517761756"
"P40008310","JOHNSON, PATRICK DEAN MR. THE FIRST.","Independence Party","IDP","President","P","United States","00","00","LAS VEGAS","NV","89199","2024","26-JUN-22","2022","202206269517758931"
"P40008302","DUNAVANT, AMANDA","Write-In","W","President","P","United States","00","00","JONESBORO","AR","72401","2024","26-JUN-22","2022","202206269517758733"
"H2CA10236","FENG, KARENA APPLE MS.","Democratic Party","DEM","House","H","California","CA","09","SAN FRANCISCO","CA","94112","2024","24-JUN-22","2022","202206249517757013"
"P40008294","NOTO, JOANNE","Independent","IND","President","P","United States","00","00","SCOTTSVILLE","VA","24590","2024","24-JUN-22","2022","202206249517757935"
"P40008260","BOYD, KWAME KHARY","Republican Party","REP","President","P","North Carolina","NC","00","MATTHEWS","NC","28105","2024","24-JUN-22","2022","202206249517757015"
"P40008286","BRANCH, MARCUS ALEXANDER","Democratic Party","DEM","President","P","United States","00","11","LEAVITTSBURG","OH","44430","2024","24-JUN-22","2022","202206240300409283"
"P40008252","FRANCIS, DANIEL PAUL MR","Non-Party","NON","President","P","United States","00","00","CUMMING","GA","30028","2024","23-JUN-22","2022","202206239517756394"
"S4NJ00342","CARDUCCI, NICHOLAS MATTHEW","Independent","IND","Senate","S","New Jersey","NJ","00","FAIR HAVEN","NJ","07704","2024","22-JUN-22","2022","202206229517752238"
"P40008245","CHAN, HUNG HUYNH","Democratic Party","DEM","President","P","United States","00","00","SAN JOSE","CA","95112","2024","21-JUN-22","2022","202206219517749315"
"P40008229","FARBER, STUART DR.","Republican Party","REP","President","P","United States","00","00","ORLANDO","FL","32819","2024","19-JUN-22","2022","202206199515030202"
"P40008211","JIMENEZ, LUIS MR.","Republican Party","REP","President","P","United States","00","00","DUPONT","WA","98327","2024","18-JUN-22","2022","202206189515030172"
"P40008203","ABAIR, REBECCA GAIL MS.","Republican Party","REP","President","P","United States","00","00","HENDERSONVILLE","TN","37075","2024","16-JUN-22","2022","202206169514920043"
"S4CA00456","BOCANEGRA, JOSHUA","Democratic Party","DEM","Senate","S","California","CA","00","WEST HOLLYWOOD","CA","90069","2024","15-JUN-22","2022","202206159514910913"
"P40008195","KIDD, JASON MICHAEL","Write-In","W","President","P","Pennsylvania","PA","00","HERMITAGE","PA","16148","2024","15-JUN-22","2022","202206159514907253"
"S6CA00634","AGBEDE, AKINYEMI","Democratic Party","DEM","Senate","S","California","CA","00","LOS ANGELES","CA","90028","2024","14-JUN-22","2022","202206160300408710"
"S4FL00454","BOSWELL, MATT","Democratic Party","DEM","Senate","S","Florida","FL","00","FORT LAUDERDALE","FL","33301","2024","12-JUN-22","2022","202206129514851773"
"P40008187","ZAYAS, MICHAEL MR.","Independent","IND","President","P","United States","00","00","NEW YORK","NY","10029","2024","11-JUN-22","2022","202206119514848122"
"H0CA33216","LIEW, SARAH SUN DR.","Republican Party","REP","House","H","California","CA","33","BEVERLY HILLS","CA","90212","2024","11-JUN-22","2022","202206119514848120"
"P40008179","ROCO, JOHN PACIFICO","Republican Party","REP","President","P","United States","00","00","CENTRALIA","WA","98531","2024","10-JUN-22","2022","202206109514826690"
"S4CO00452","DALE, CLINTON ROOSEVELT","Independent","IND","Senate","S","Colorado","CO","00","COMMERCE CITY","CO","80022","2024","10-JUN-22","2022","202206100300408366"
"P40008161","ALLEN, TOMMIE LEE IV","None","NNE","President","P","United States","00","00","BROWNSBORO","TX","75756","2024","08-JUN-22","2022","202206089514812035"
"S8CA00515","BRADLEY, JAMES","Republican Party","REP","Senate","S","California","CA","00","LAGUNA NIGUEL","CA","92677","2024","08-JUN-22","2022","202206089514810486"
"S4TX00607","RODRIGUEZ-PRILLIMAN, HELI","Democratic Party","DEM","Senate","S","Texas","TX","00","WASHINGTON","DC","20033","2024","08-JUN-22","2022","202206089514811829"
"P40008153","STEWART, JON","Libertarian Party","LIB","President","P","United States","00","00","DEERFIELD","IL","60015","2024","08-JUN-22","2022","202206089514799635"
"H4NJ09095","WILDES, MICHAEL","Democratic Party","DEM","House","H","New Jersey","NJ","05","ENGLEWOOD","NJ","07631","2024","07-JUN-22","2022","202206079514792840"
"H4AL01222","JOHNSON, GARY","Democratic Party","DEM","House","H","Alabama","AL","01","MOBILE","AL","36660","2024","07-JUN-22","2022","202206079514736762"
"P40008146","IMHOLTE, MATTHEW AUSTIN","Non-Party","NON","President","P","United States","00","00","MIDLAND","TX","79706","2024","07-JUN-22","2022","202206079514735844"
"S4NJ00334","CRUZ, DAN","Republican Party","REP","Senate","S","New Jersey","NJ","00","MARLTON","NJ","08053","2024","06-JUN-22","2022","202206069514711542"
"P40008120","TIPPETT, EVETTE RECHELLE","Democratic Party","DEM","President","P","Michigan","MI","00","PONTIAC","MI","48340","2024","05-JUN-22","2022","202206059514710870"
"P40008138","MADSEN, MATTHEW","Republican Party","REP","President","P","United States","00","00","DES MOINES","IA","50320","2024","05-JUN-22","2022","202206059514711281"
"P40008112","CONRAD, AUDREY","Republican Party","REP","President","P","United States","00","00","POWDER SPRINGS","GA","30127","2024","04-JUN-22","2022","202206049514709803"
"P40008104","GILROY, KEVIN","Democratic Party","DEM","President","P","United States","00","00","FORT LAUDERDALE","FL","33301","2024","03-JUN-22","2022","202206039514709437"
"H2WA03134","HENNRICH, BRENT WILLIAM","Democratic Party","DEM","House","H","Washington","WA","03","VANCOUVER","WA","98682","2024","02-JUN-22","2022","202206029514686941"
"S4CA00449","FENNELL, JEREMY","Democratic Party","DEM","Senate","S","California","CA","00","MENLO PARK","CA","94025","2024","31-MAY-22","2022","202205319514534643"
"P40008088","JIMENEZ, LUIS MR.","Republican Party","REP","President","P","United States","00","00","DUPONT","WA","98327","2024","31-MAY-22","2022","202205319514534710"
"P40008070","JOHNSON, DARIN","Republican Party","REP","President","P","United States","00","00","CARMEL","IN","46032","2024","27-MAY-22","2022","202205279514489112"
"P40008096","KIRKPATRICK, RYAN P","Democratic Party","DEM","President","P","United States","00","00","WINDSOR","CA","95492","2024","27-MAY-22","2022","202206010300408073"
"P40008062","ENDRES, WYATT","Independent","IND","President","P","Virginia","VA","00","RESTON","VA","20190","2024","26-MAY-22","2022","202205269514408522"
"P40008047","WILSON, ALEC JUDE","Independent","IND","President","P","Ohio","OH","00","TIPP CITY","OH","45371","2024","22-MAY-22","2022","202205229512620621"
"P40008039","PALMER, SCOTT CONROY MR.","Write-In","W","President","P","United States","00","00","ELKHART","IN","46514","2024","20-MAY-22","2022","202205209512505143"
"S4WV00316","ROSE, CHRISTOPHER ANDREW","Republican Party","REP","Senate","S","West Virginia","WV","00","MAIDSVILLE","WV","26541","2024","20-MAY-22","2022","202205209512545776"
"H8CA45189","FORDE, BRIAN","Democratic Party","DEM","House","H","California","CA","45","TUSTIN","CA","92782","2024","20-MAY-22","2022","202205209512598593"
"P40008005","HANNON, DEVONE THE","THE","THE","President","P","United States","00","00","ABERDEEN","MS","39730","2023","19-MAY-22","2022","202205199512397053"
"P40008021","OLKOWSKI, CHRISTOPHER J","Republican Party","REP","President","P","United States","00","00","GILBERT","AZ","85234","2024","19-MAY-22","2022","202205199512417571"
"H4IN01178","KRAVITZ, SAMUEL","Independent","IND","House","H","Indiana","IN","01","CHESTERTON","IN","46304","2024","18-MAY-22","2022","202205189512390033"
"H2GA01256","PALIMENO, JOSEPH","Democratic Party","DEM","House","H","Georgia","GA","01","SAINT  MARYS","GA","31558","2024","17-MAY-22","2022","202205179512383800"
"P40007981","GONCE, BRANDON","Republican Party","REP","President","P","United States","00","00","NINETY SIX","SC","29666","2024","15-MAY-22","2022","202205159512357359"
"P40007957","ROBINSON, SHEILA","Independent","IND","President","P","United States","00","00","UTICA","NY","13502","2024","11-MAY-22","2022","202205119502731237"
"P40007965","GRAY, JOSHUA","Independent","IND","President","P","United States","00","00","WEST WARWICK","RI","02893","2024","11-MAY-22","2022","202205119502731251"
"P40007940","MCKENZIE, JACOB WILLIAM MR.","Republican Party","REP","President","P","United States","00","00","WILLARD","OH","44890","2024","09-MAY-22","2022","202205099502711533"
"P40007932","PEARSON, TANYA","Independent","IND","President","P","United States","00","00","EASTHAMPTON","MA","01027","2024","07-MAY-22","2022","202205079502709648"
"P40007924","ROCKER, PAMELA","Independent American Party","IAP","President","P","United States","00","00","SEATTLE","WA","98122","2024","06-MAY-22","2022","202205069502709470"
"P40007890","STREETER, JESSE","Republican Party","REP","President","P","United States","00","00","CLINTON","PA","15026","2024","06-MAY-22","2022","202205069502687011"
"P00011031","RODRIGUEZ, NANCY ELIZABETH MS.","Democratic Party","DEM","President","P","Texas","TX","00","HOUSTON","TX","77076","2024","03-MAY-22","2022","202205039502512809"
"P40007882","STASEVICH, JON EDWARD","Independent","IND","President","P","United States","00","00","BOYNE CITY","MI","49712","2024","03-MAY-22","2022","202205039502512497"
"H2GA03153","MOORE, RODNEY R.","Democratic Party","DEM","House","H","Georgia","GA","03","HOGANSVILLE","GA","30230","2024","02-MAY-22","2022","202205029502506536"
"P40007866","FITZGERALD, RICHARD KALE MR. SR.","Write-In","W","President","P","Texas","TX","00","HOUSTON","TX","77036","2024","30-APR-22","2022","202204309502505982"
"P40007858","MCAULEY, SKYLES FITZGERALD","Democratic Party","DEM","President","P","United States","00","00","CRYSTAL RIVER","FL","34429","2024","30-APR-22","2022","202204309502505972"
"P40007833","CONNORS, WILLIAM ROBERT MR JR.","No Party Affiliation","NPA","President","P","United States","00","00","HURRICANE CITY","UT","84737","2024","29-APR-22","2022","202204299502483883"
"P40007825","JACK, WILSON","Write-In","W","President","P","United States","00","00","NORCROSS","GA","30071","2024","29-APR-22","2022","202204299502483882"
"P40007841","CROCKFORD, ANGEL MICHAEL MR.","Republican Party","REP","President","P","United States","00","00","HENDERSON","NV","89011","2024","29-APR-22","2022","202204299502505631"
"P00011221","LECKNER, ERIK","Democratic Party","DEM","President","P","United States","00","00","FALLBROOK","CA","92028","2024","28-APR-22","2022","202204289502483136"
"H2TX27273","TRISTAN, ANTHONY JAMES","Democratic Party","DEM","House","H","Texas","TX","27","PORT ARANSAS","TX","78373","2024","25-APR-22","2022","202204259502471720"
"P40007817","CHIARTAS, JOSHUA","Independent","IND","President","P","United States","00","00","CARNEGIE","PA","15106","2024","25-APR-22","2022","202204259502466190"
"P40007809","HOOPER, ALEXANDER HOOPER","Republican Party","REP","President","P","United States","00","00","LOUISVILLE","KY","40220","2024","23-APR-22","2022","202204239502465906"
"S2CA00989","INGRAM, DENARD","Democratic Party","DEM","Senate","S","California","CA","00","OAKLAND","CA","94608","2024","21-APR-22","2022","202204219502265405"
"P40007791","HOOPER, ALEXANDER HOOPER","Republican Party","REP","President","P","United States","00","00","LOUISVILLE","KY","40220","2024","21-APR-22","2022","202204219502265451"
"H2OH12118","O'CONNOR, DANIEL JAY JR.","Democratic Party","DEM","House","H","Ohio","OH","15","COLUMBUS","OH","43212","2024","21-APR-22","2022","202204219502238604"
"P40007783","HOOPER, ALEXANDER DAVID","American People'S Freedom Party","APF","President","P","Kentucky","KY","00","LOUISVILLE","KY","40220","2024","20-APR-22","2022","202204209500100371"
"P40007775","HOOPER, ALEXANDER HOOPER","American Independent Party","AIP","President","P","United States","00","00","LOUISVILLE","KY","40220","2024","20-APR-22","2022","202204209500100320"
"P40007767","HOOPER, ALEXANDER HOOPER","Ace Party","ACE","President","P","United States","00","00","LOUISVILLE","KY","40220","2024","20-APR-22","2022","202204209500100014"
"P40007759","HOOPER, ALEXANDER HOOPER","No Party Affiliation","NPA","President","P","United States","00","00","LOUISVILLE","KY","40220","2024","19-APR-22","2022","202204199500043902"
"P40007742","ROSS, BYRON K","Republican Party","REP","President","P","United States","00","00","NFM","FL","33917","2024","19-APR-22","2022","202204199500026995"
"P40007734","TER MAAT, MICHAEL","Libertarian Party","LIB","President","P","United States","00","00","KINSALE","VA","22488","2024","18-APR-22","2022","202204189500013191"
"H0MI13497","SAWYER, LINDA","Republican Party","REP","House","H","Michigan","MI","12","DETROIT","MI","48226","2024","18-APR-22","2022","202204189500016244"
"P40007726","BRUCATO, GEORGE JAMES","Democratic Party","DEM","President","P","United States","00","00","PAHRUMP","NV","89048","2024","16-APR-22","2022","202204169500003979"
"P40007718","AGORKLE, ROLAND KWADWO DELA PROF.","Democratic Party","DEM","President","P","United States","00","00","WOODBRIDGE","VA","22193","2024","15-APR-22","2022","202204159496285410"
"H0IL11128","BANSAL, KRISHNA K","Republican Party","REP","House","H","Illinois","IL","11","AURORA","IL","60504","2024","14-APR-22","2022","202204149496141965"
"S2IN00166","MCCRAY, VALERIE L DR","Democratic Party","DEM","Senate","S","Indiana","IN","00","INDIANAPOLIS","IN","46205","2024","14-APR-22","2022","202204149496201936"
"S4CA00423","FRANKLIN, CARSON HENRY MR. JR","Democratic Party","DEM","Senate","S","California","CA","00","MARINA","CA","93933","2024","14-APR-22","2022","202204149496255971"
"P40007700","SAUNDERS, SCOTT EARNEST MR SR","American Independent Conservative","AIC","President","P","United States","00","00","HAMPTON BAYS","NY","11946","2024","14-APR-22","2022","202204149496134630"
"S4OR00271","WESTWOOD, BRET","Independent","IND","Senate","S","Oregon","OR","00","PORTLAND","OR","97202","2024","11-APR-22","2022","202204119496024713"
"P40007692","BOUNDS, DAVID","Independent","IND","President","P","United States","00","00","GATESVILLE","TX","76528","2024","10-APR-22","2022","202204109495981925"
"P40007676","SMYTH, HERBERT EZEKIEL ZEKE","Democratic Party","DEM","President","P","United States","00","00","JUNEAU","AK","99801","2024","03-APR-22","2022","202204039495936044"
"H2PA08110","LANZARO-FISHER, JON","Democratic Party","DEM","House","H","Pennsylvania","PA","08","SCRANTON","PA","18509","2024","01-APR-22","2022","202204019495927507"
"P40007668","LEON, STEPHEN ALAN MR.","Democratic Party","DEM","President","P","United States","00","00","ARLINGTON","VA","22201","2024","01-APR-22","2022","202204019495930316"
"P40007650","RUOHO, MICHAEL JEFFREY","Republican Party","REP","President","P","United States","00","00","SAINT PAUL","MN","55119","2024","30-MAR-22","2022","202203309495914950"
"P40007643","DIAS, CHRISTOPHER LEE","Independent","IND","President","P","United States","00","00","CHARLOTTE","NC","28209","2024","28-MAR-22","2022","202203289495912682"
"P40007635","GIBSON, DAVID","American Independent Conservative","AIC","President","P","United States","00","00","KITTERY","ME","03904","2024","27-MAR-22","2022","202203279495911426"
"P40007619","YEAH, HALLORAN LEONARD MR.","RS","RS","President","P","United States","00","00","FAIRFIELD","CA","94534","2024","24-MAR-22","2022","202203249495896303"
"P40007627","TRIPP, RAMON WILLIAM MR.","Write-In","W","President","P","North Carolina","NC","00","CHARLOTTE","NC","28217","2024","24-MAR-22","2022","202203249495896304"
"P40007601","YEAH, HALLORAN LEONARD MR.","RS","RS","President","P","United States","00","00","FAIRFIELD","CA","94534","2024","24-MAR-22","2022","202203249495896302"
"P40007593","YEAH, HALLORAN LEONARD MR.","RS","RS","President","P","United States","00","00","FAIRFIELD","CA","94534","2024","24-MAR-22","2022","202203249495896301"
"P40007585","YEAH, HALLORAN LEONARD MR.","RS","RS","President","P","United States","00","00","FAIRFIELD","CA","94534","2024","24-MAR-22","2022","202203249495895903"
"H2CA38245","MOREIRA, ELIZABETH","Democratic Party","DEM","House","H","California","CA","38","NORWALK","CA","90650","2024","23-MAR-22","2022","202203239495890311"
"P40007577","HOFF, SAMUEL B DR","Independent","IND","President","P","United States","00","00","DOVE","DE","19901","2024","21-MAR-22","2022","202203210300400897"
"P20005641","CURRY, JAQUAN","Independent","IND","President","P","United States","00","01","RIDGEVILLE","SC","29472","2024","21-MAR-22","2022","202203290300401056"
"P40007551","PAUL, JEFF","Unaffiliated","UN","President","P","United States","00","00","HOMER","NY","13077","2024","21-MAR-22","2022","202203219495793733"
"P40007569","CHOWEN, DEREK","Republican Party","REP","President","P","United States","00","00","CHARLEVOIX","MI","49720","2024","21-MAR-22","2022","202203219495794081"
"P80000268","CARTER, WILLIE FELIX","Democratic Party","DEM","President","P","Texas","TX","00","FORT WORTH","TX","76105","2024","19-MAR-22","2022","202203199494041723"
"P40007544","MURGUIA, JOSE JR","American People'S Freedom Party","APF","President","P","United States","00","00","HEMET","CA","92543","2023","17-MAR-22","2022","202203179493965065"
"P40007536","HARDING, MATTHEW","Independent","IND","President","P","United States","00","00","CHARLESTOWN","IN","47111","2024","16-MAR-22","2022","202203169493956058"
"P40007528","TADESHE, MARY RONKE MS","Independent Conservative Democratic","ICD","President","P","United States","00","00","NEW YORK","NY","10003","2024","14-MAR-22","2022","202203149493775340"
"P40007510","LEVINE, DANIEL LOUIS","No Party Affiliation","NPA","President","P","United States","00","00","CARLETON","MI","48117","2024","12-MAR-22","2022","202203129493771927"
"P40007502","PARKER, JACOB MATTHEW MR.","Independent","IND","President","P","Nevada","NV","00","LAS VEGAS","NV","89178","2024","11-MAR-22","2022","202203119493766808"
"P40007304","AKHLAGHY, NADER","Peace And Freedom Party","PFP","President","P","New York","NY","00","NEW YORK","NY","10005","2024","05-MAR-22","2022","202203059493741997"
"S4IA00228","SMITH, JOSHUA DANIEL","Libertarian Party","LIB","Senate","S","Iowa","IA","00","URBANDALE","IA","50322","2023","03-MAR-22","2022","202203039493731902"
"H2NY13120","WILLIAMS, LINDSEY DEMART","Democratic Party","DEM","House","H","New York","NY","13","NEW YORK","NY","10027","2024","02-MAR-22","2022","202203029493729632"
"P40007494","MOSSAAD, ISLAM KARAM","Republican Party","REP","President","P","United States","00","00","MANOR","TX","78653","2024","02-MAR-22","2022","202203029493729198"
"H4LA06195","SONNIER, SCOTT RYAN","Republican Party","REP","House","H","Louisiana","LA","06","WALKER","LA","70785","2024","27-FEB-22","2022","202202279493725635"
"P00008573","SIMPSON, GLENN SCOTT ALLISTAIR MR.","Independence Party","IDP","President","P","United States","00","00","PORT CHESTER","NY","10573","2024","25-FEB-22","2022","202202259493716240"
"P40007478","RUTHERFORD, FRANKLIN DELENO 3RD","Unaffiliated","UN","President","P","Ohio","OH","00","SPRINGFIELD","OH","45503","2024","25-FEB-22","2022","202202259493716266"
"P40007445","MAHURIN, DUSTIN JAMES","Independent","IND","President","P","United States","00","00","TOPEKA","KS","66612","2024","24-FEB-22","2022","202202249493673814"
"P40007452","MAHURIN, DUSTIN JAMES","Independent","IND","President","P","United States","00","00","TOPEKA","KS","66612","2024","24-FEB-22","2022","202202249493673815"
"P40007460","WEEKS, ROBERT ALLEN MR. JR.","New Alliance","NA","President","P","United States","00","00","SAINT PETERSBURG","FL","33702","2024","24-FEB-22","2022","202202249493705724"
"P40007437","EMERSON, DAVID","Republican Party","REP","President","P","United States","00","00","ESSEX","MD","21221","2024","23-FEB-22","2022","202202239493673804"
"H0CA15171","SIMITIAN, S. JOSEPH","Democratic Party","DEM","House","H","California","CA","16","PALO ALTO","CA","94303","2024","23-FEB-22","2022","202202239493672997"
"S4CA00415","ROEDERSHEIMER, KATIE O'NEAL","Independent","IND","Senate","S","California","CA","00","ARLINGTON","VA","22203","2024","23-FEB-22","2022","202202239493672680"
"P40007429","ABRAHAM, TERRANCE MORKEECH","Independent","IND","President","P","United States","00","00","NEWARK","NJ","07103","2024","22-FEB-22","2022","202202229493672028"
"P40007411","GLADDEN, JESSE DWIGHT","FWD","FWD","President","P","United States","00","00","WINFIELD","KS","67156","2024","21-FEB-22","2022","202202219493671203"
"P40007403","LOGRASSO, JOHN PHILIP","Unknown","UNK","President","P","United States","00","00","DECATUR","IL","62522","2024","17-FEB-22","2022","202202180300399517"
"P40007395","DRAKE, PHILLIP","Independent","IND","President","P","United States","00","00","EDINBURG","TX","78542","2024","16-FEB-22","2022","202202169491748461"
"P00011395","EHRENREICH, RYAN STEPHEN","Republican Party","REP","President","P","United States","00","00","CITRUS HEIGHTS","CA","95621","2024","12-FEB-22","2022","202202129491734411"
"P00013029","RESCH, SUSAN","Republican Party","REP","President","P","United States","00","00","MADISON","WI","53703","2024","11-FEB-22","2022","202202180300399580"
"P20004487","NEY, JENNIFER LEE ANN","Democratic Party","DEM","President","P","United States","00","00","COUNCIL BLUFFS","IA","51501","2024","10-FEB-22","2022","202202140300397776"
"P40007379","CYSEWSKI, MASON VICENT","Green Party","GRE","President","P","North Dakota","ND","00","COURTNEY","ND","58426","2024","07-FEB-22","2022","202202079491608505"
"P40007361","VADIN, NEO","Republican Party","REP","President","P","Tennessee","TN","00","KNOXVILLE","TN","37920","2024","04-FEB-22","2022","202202049491599644"
"P40007346","HEIDENREICH, ALEXANDER JOSEPH SEAN","Independent","IND","President","P","United States","00","00","LEBANON","MO","65536","2024","02-FEB-22","2022","202202029491473868"
"P40007353","NICHOLS, ASHAKI NONI MRS","Independent","IND","President","P","United States","00","00","MCDONOUGH","GA","30253","2024","02-FEB-22","2022","202202029491560703"
"P40007312","CASTRO, JOHN ANTHONY","Republican Party","REP","President","P","United States","00","00","MANSFIELD","TX","76063","2024","30-JAN-22","2022","202201309475498712"
"P40007304","AKHLAGHY, NADER","Peace And Freedom Party","PFP","President","P","New York","NY","00","NEW YORK","NY","10005","2023","29-JAN-22","2022","202201299475489282"
"H2CA50190","BILASH, TIMOTHY DANIEL DR. M.D.","Democratic Party","DEM","House","H","California","CA","50","DEL MAR","CA","92014","2024","29-JAN-22","2022","202201299475490630"
"H4MI09109","DONOVAN, MICHELLE R.E.","Republican Party","REP","House","H","Michigan","MI","09","NEW BALTIMORE","MI","48047","2023","28-JAN-22","2022","202201289475318939"
"P40007296","MERCER, LEE L MR JR","Democratic Party","DEM","President","P","United States","00","00","HOUSTON","TX","77021","2024","28-JAN-22","2022","202201289475277316"
"P00003640","LANCE-COUNCIL, TEMPERANCE ALESHA","Other","OTH","President","P","United States","00","00","PACIFIC PALISADES","CA","90272","2024","27-JAN-22","2022","202201310300395580"
"P40007288","CYSEWSKI, MASON VICENT","Green Party","GRE","President","P","North Dakota","ND","00","COURTNEY","ND","58426","2024","26-JAN-22","2022","202201269475178027"
"P40007270","DESILVA, DAVID REED III","Libertarian Party","LIB","President","P","United States","00","00","CHANDLER","AZ","85286","2024","25-JAN-22","2022","202201259475154378"
"P40007247","CYSEWSKI, MASON VICENT","Green Party","GRE","President","P","North Dakota","ND","00","COURTNEY","ND","58426","2024","24-JAN-22","2022","202201249475109160"
"P40007262","CYSEWSKI, MASON VICENT","Green Party","GRE","President","P","North Dakota","ND","00","COURTNEY","ND","58426","2024","24-JAN-22","2022","202201249475120010"
"P40007239","CYSEWSKI, ARSE VINCENT","Democratic Party","DEM","President","P","United States","00","00","COURTENAY","ND","58426","2024","23-JAN-22","2022","202201239475107198"
"P40007213","CYSEWSKI, ARSE VINCENT","Democratic Party","DEM","President","P","United States","00","00","COURTENAY","ND","58426","2024","21-JAN-22","2022","202201219475079168"
"P40007205","CYSEWSKI, ARSE VINCENT","Democratic Party","DEM","President","P","United States","00","00","COURTENAY","ND","58426","2024","19-JAN-22","2022","202201199475029933"
"P40007197","MATEJKA, LISA MIEL","Independent","IND","President","P","United States","00","00","KANKAKEE","IL","60901","2024","15-JAN-22","2022","202201159474991404"
"P40007171","BUCHANAN, MATTHEW COE MR.","None","NNE","President","P","United States","00","00","MIAMI","FL","33135","2024","14-JAN-22","2022","202201149474985926"
"P40007189","SWING, MICHAEL D.","Democratic Party","DEM","President","P","United States","00","00","FORT LAUDERDALE","FL","33310","2024","14-JAN-22","2022","202201149474989170"
"P40007254","GAGLIARDI, JOHN J","Democratic Party","DEM","President","P","United States","00","00","TRENTON","NJ","086105151","2024","13-JAN-22","2022","202202080300397411"
"P40007163","ACEVEDO DIAZ, VANDERELMO JAMES ACEVEDO VANDY SR.","Write-In","W","President","P","District Of Columbia","DC","00","CIALES","PR","00638","2024","13-JAN-22","2022","202201139474980291"
"P40007155","DUNN, ADAM MICHAEL","None","NNE","President","P","United States","00","00","SAINT CLAIR SHORES","MI","48080","2024","10-JAN-22","2022","202201109474952114"
"P40007130","STAHLE, RAYMOND LYNN","Write-In","W","President","P","United States","00","00","TROY","PA","16947","2024","09-JAN-22","2022","202201099474897602"
"P40007122","RIOS, FELIPE JESUS DR","Republican Party","REP","President","P","United States","00","00","INDIANAPOLIS","IN","46254","2024","09-JAN-22","2022","202201099474897504"
"P40007338","HAMILTON, JUSTIN EDWARD","Independent","IND","President","P","United States","00","00","WILMINGTON","NC","28403","2024","06-JAN-22","2022","202201310300395635"
"P40007148","NALBACH, WILLIAM","Unknown","","President","P","United States","00","00","TOLEDO","OH","43609","2024","06-JAN-22","2022","202201100300392473"
"P40007114","ANTHONY, MICHAEL DAVID MR.","Independent","IND","President","P","United States","00","00","EL CAJON","CA","92021","2024","05-JAN-22","2022","202201059474876899"
"P40007106","MCKOWN, BRITTANY A","Democratic Party","DEM","President","P","United States","00","00","CLEVELAND","OH","44111","2024","05-JAN-22","2022","202201059474875570"
"P40007098","SHEPPARD, THOMAS MR.","Republican Party","REP","President","P","United States","00","00","EL PASO","TX","79930","2024","23-DEC-21","2021","202112239474731370"
"P40007056","KEEHNER, JOHN WAYNE JR","Independent","IND","President","P","United States","00","00","BALTIMORE","MD","21211","2024","16-DEC-21","2021","202112169469878369"
"P40007031","GAILEY, WILLIAM","Democratic Party","DEM","President","P","United States","00","00","PORTLAND","OR","97229","2024","13-DEC-21","2021","202112139469840556"
"P40007064","MILHORN, MELISSA","Independent","IND","President","P","United States","00","00","JOHNSON CITY","TN","37604","2024","09-DEC-21","2021","202112170300391495"
"P40007007","RICHEY, LOREAL TIARA ME.","Other","OTH","President","P","United States","00","00","SAVANNAH","GA","31406","2024","09-DEC-21","2021","202112099469825705"
"P40006983","SHERMAN, JASMINE MS.","No Party Affiliation","NPA","President","P","United States","00","00","CHARLOTTE","NC","28213","2024","02-DEC-21","2021","202112029469781822"
"P40006942","CURTIS, MICHAEL ROGER","Republican Party","REP","President","P","United States","00","00","KEARNEY","NE","68847","2024","01-DEC-21","2021","202112019469539119"
"P40006926","LEDBETTER, MIKE DAVID MR.","Write-In","W","President","P","United States","00","00","DENISON","TX","75020","2024","29-NOV-21","2021","202111299469525295"
"P40006918","LANE, MIKEY MR.","Democratic Party","DEM","President","P","United States","00","00","CHELTENHAM","PA","19012","2024","26-NOV-21","2021","202111269469524901"
"P40006900","JOHNSON, CHRISTOPHER JAMES","Independent","IND","President","P","United States","00","00","LIBBY","MT","59923","2024","22-NOV-21","2021","202111229468902571"
"S4TN00500","FAIN, DYLAN LEE MR. N/A","Democratic Party","DEM","Senate","S","Tennessee","TN","00","NASHVILLE","TN","37211","2024","19-NOV-21","2021","202111199468628460"
"P80005010","LYNDELL POWELL MR, SAMUEL","Independent","IND","President","P","United States","00","00","WASHINGTON","DC","20002","2024","18-NOV-21","2021","202111220300390829"
"P40006892","DELEON, RUSSELL LEE","Libertarian Party","LIB","President","P","United States","00","09","CLEVELAND","TX","77328","2024","18-NOV-21","2021","202111220300390714"
"P40006884","BROOKINS, LANCE ALEXANDER SIR SR","Unaffiliated","UN","President","P","United States","00","00","ORLANDO","FL","32811","2024","18-NOV-21","2021","202111189468580008"
"P40006876","MUSTAFA, SAHMON","Democratic Party","DEM","President","P","United States","00","00","CHARLOTTE","NC","28277","2024","17-NOV-21","2021","202111179468571213"
"P40006868","MITCHELL, ROBIN DWIGHT","Independent","IND","President","P","United States","00","00","BROOMFIELD","CO","80023","2024","12-NOV-21","2021","202111129468490487"
"P00015297","AVOURIS, AARON PATRICK","Libertarian Party","LIB","President","P","United States","00","00","SHELBY TOWNSHIP","MI","48316","2024","12-NOV-21","2021","202111129468489304"
"S4VA00197","SMITH, C.L. CHUCK JR","Republican Party","REP","Senate","S","Virginia","VA","00","VIRGINIA BEACH","VA","23462","2024","10-NOV-21","2021","202111109468484205"
"P40006850","MAGNER, JEFFREY LOUIS","None","NNE","President","P","United States","00","00","TARPON SPRINGS","FL","34689","2024","10-NOV-21","2021","202111109468485831"
"P40006835","GERBER, RANDY","Republican Party","REP","President","P","United States","00","00","ORLANDO","FL","32835","2024","09-NOV-21","2021","202111099468474120"
"P40006827","HANDFORD, TEVIN ALEXANDER MR.","Liberal Party","LBL","President","P","United States","00","00","BAINBRIDGE","GA","39819","2024","09-NOV-21","2021","202111099468447568"
"S8NY00231","TEMURI, PRINCE MUHAMMAD","UPP","UPP","Senate","S","New York","NY","00","NEW YORK","NY","10001","2024","09-NOV-21","2021","202111099468446946"
"P40006819","BOLIN, ERIC","No Party Affiliation","NPA","President","P","Wisconsin","WI","00","OSHKOSH","WI","54902","2024","06-NOV-21","2021","202111069468430963"
"P40006793","SHILOH, SHILOH","American Independent Party","AIP","President","P","United States","00","00","JACKSONVILLE","FL","32245","2024","03-NOV-21","2021","202111039468416384"
"P40006801","WEBB, DALE WAYNE MR JR","Republican Party","REP","President","P","United States","00","00","GREENCASTLE","PA","17225","2024","03-NOV-21","2021","202111039468416771"
"P40006785","KNIGHT, CHAD","Independent","IND","President","P","United States","00","00","SWARTZ CREEK","MI","48473","2024","03-NOV-21","2021","202111039468414764"
"P40006777","KANTOR, ANDREQW DAVID MR","Independent","IND","President","P","United States","00","00","MAPLEWOOD","NJ","07040","2024","02-NOV-21","2021","202111029468413158"
"P40006769","CANADA, JOSEPH WILLIAM GOD  100%","GOD","GOD","President","P","United States","00","00","SANTA ROSA","CA","95409","2023","01-NOV-21","2021","202111019468412716"
"P40006744","WIEBENS, JEFFREY","Republican Party","REP","President","P","United States","00","00","PLEASANT HILL","CA","94523","2024","31-OCT-21","2021","202110319468411856"
"P40006751","MCKEAN, CALEB","GLP","GLP","President","P","United States","00","00","LEMOORE","CA","93245","2024","31-OCT-21","2021","202110319468411857"
"P00005819","FARRELL-SMITH, KELAN JOHN MR.","Democratic Party","DEM","President","P","United States","00","00","VALENCIA","CA","91355","2024","30-OCT-21","2021","202110309468411797"
"P40006736","WIEBENS, JEFFREY","Republican Party","REP","President","P","United States","00","00","PLEASANT HILL","CA","94523","2024","29-OCT-21","2021","202110299468393778"
"P40006728","WIEBENS, JEFFREY","Republican Party","REP","President","P","United States","00","00","PLEASANT HILL","CA","94523","2024","28-OCT-21","2021","202110289468392522"
"P40006710","BONNEY, GAVIN LEE MR.","Independent","IND","President","P","United States","00","00","LYONS","OR","97358","2024","21-OCT-21","2021","202110219468346640"
"P40006694","TOULME, A.C. LORD JR.","Democratic Party","DEM","President","P","United States","00","00","TAMPA","FL","33625","2024","20-OCT-21","2021","202110209468145180"
"P40006686","ASBERRY, SHAWN DEVIN MR","Write-In","W","President","P","United States","00","00","LENOX","MA","01240","2024","19-OCT-21","2021","202110199467973052"
"P40006678","VALENTI, DYLAN CHRISTOPHER","NSP","NSP","President","P","United States","00","00","PALM HARBOR","FL","34684","2024","14-OCT-21","2021","202110149467293494"
"P40006645","FLECK, STEVEN JOSEPH MX.","Democratic Party","DEM","President","P","United States","00","00","EASTPOINTE","MI","48021","2024","12-OCT-21","2021","202110129467231550"
"P40006637","GILLIS, JENNIFER","Non-Party","NON","President","P","United States","00","00","SAN FRANCISCO","CA","94114","2024","11-OCT-21","2021","202110119467223539"
"P40006629","DIETER, DEONNA NICOLE","Republican Party","REP","President","P","United States","00","00","PHOENIX","AZ","85086","2024","09-OCT-21","2021","202110099467210742"
"P40006603","GLADDEN, JEASE DWIGHT MR","Concerned Citizens Party Of Connecticut","CNC","President","P","United States","00","00","WINFIELD","KS","67156","2024","08-OCT-21","2021","202110089467206830"
"P40006595","GLADDEN, JEASE DWIGHT MR","Concerned Citizens Party Of Connecticut","CNC","President","P","United States","00","00","WINFIELD","KS","67156","2024","07-OCT-21","2021","202110079467206716"
"P60005170","SCHIESS, JOHN T","Republican Party","REP","President","P","United States","00","00","RICE LAKE","WI","548689050","2024","07-OCT-21","2021","202110150300388616"
"P40006587","GARDNER, WENONA LEE MS","Independent","IND","President","P","United States","00","00","MILWAUKEE","WI","53210","2024","06-OCT-21","2021","202110069467198668"
"P40006579","DALY, JOHN NATHAN PATRICK MR. I","American Independent Party","AIP","President","P","United States","00","00","COLORADO SPRINGS","CO","80905","2024","05-OCT-21","2021","202110059467196688"
"P40006561","EDWARDS., JASEN LEMAR - H.E. EXECUTOR.","Write-In","W","President","P","United States","00","00","ABQ. EDWARDS PROVINCE. UM.","NM","891019998","2024","30-SEP-21","2021","202109309467148876"
"H2FL11133","FARLEY, STEVE EDWARD","Republican Party","REP","House","H","Florida","FL","11","TAVARES","FL","32778","2024","28-SEP-21","2021","202109289467140722"
"P40006546","ABRAHAM, TERRANCE","Independent","IND","President","P","United States","00","00","SAN ANTONIO","TX","78223","2024","26-SEP-21","2021","202109269466981032"
"P40006538","ABRAHAM, TERRANCE MORKEECH","American Independent Party","AIP","President","P","Texas","TX","00","SAN ANTONIO","TX","78223","2024","25-SEP-21","2021","202109259466981012"
"P40006520","CORDOVA, VINCENT DEAN MR. JR.","Independent","IND","President","P","United States","00","00","ELKO","NV","89801","2024","24-SEP-21","2021","202109249466979137"
"P40006512","NEWMAN, JEREMIAH SCOTT","Republican Party","REP","President","P","United States","00","00","HOPEWELL","VA","23860","2024","23-SEP-21","2021","202109239466976939"
"S4MT00167","MADIGAN, THOMAS JOHN MR.","Republican Party","REP","Senate","S","Montana","MT","00","BILLINGS","MT","59105","2024","18-SEP-21","2021","202109189466730366"
"P40006504","WALKER, TRENITA HILLARY MS","Democratic Party","DEM","President","P","United States","00","00","SAINT CHARLES","MO","63303","2024","15-SEP-21","2021","202109159466684040"
"P40006488","TORII, DENNIS ROGER MR. JR.","Independent","IND","President","P","United States","00","00","KISSIMMEE","FL","34743","2024","12-SEP-21","2021","202109129466660164"
"P40006470","HUGHES, JAHA M","UNA","UNA","President","P","United States","00","00","HINESVILLE","GA","31313","2024","11-SEP-21","2021","202109119466648374"
"P40006462","BARDOL, DAVID CHRISTOPHE MR.","Write-In","W","President","P","United States","00","00","TORRANCE","CA","90502","2024","10-SEP-21","2021","202109109466644962"
"P40006454","CLARK, DANIEL MARCEL","Independent","IND","President","P","United States","00","00","LAWRENCEVILLE","GA","30044","2024","07-SEP-21","2021","202109079466623838"
"P60005949","HAHN, TINA JAYNE","Republican Party","REP","President","P","United States","00","00","SAN PEDRO","CA","90731","2024","03-SEP-21","2021","202109039466603014"
"S4ND00061","HEDGER, KRISTIN RUTH","Unknown","","Senate","S","North Dakota","ND","00","BISMARCK","ND","58502","2024","26-AUG-21","2021","202108300300386515"
"H4MD04162","NJINIMBOT, GABRIEL","Democratic Party","DEM","House","H","Maryland","MD","04","LAUREL","MD","20707","2024","24-AUG-21","2021","202108249466558396"
"P10000024","COMLEY SR, STEPHEN  BRADLEY","Republican Party","REP","President","P","United States","00","00","ROWLEY","MA","01969","2024","23-AUG-21","2021","202109030300386772"
"P40006439","MARTISKO, MIKE BENJAMIN MR.","Other","OTH","President","P","United States","00","00","POINT MARION","PA","15474","2024","23-AUG-21","2021","202108239466558289"
"P40006421","CHIKA, DIANA LYNN MS","Independent","IND","President","P","Florida","FL","00","TAMPA","FL","33624","2024","22-AUG-21","2021","202108229466555998"
"P40006413","ELGIN, TJ","Libertarian Party","LIB","President","P","United States","00","00","WESTPORT","CT","06880","2024","20-AUG-21","2021","202108209466359819"
"P40006405","ELGIN, TJ","Republican Party","REP","President","P","United States","00","00","WESTPORT","CT","06880","2024","20-AUG-21","2021","202108209466359818"
"P00011163","DUKES, RICO CORTEZ","American Independent Party","AIP","President","P","United States","00","00","PLANO","TX","75023","2024","17-AUG-21","2021","202108179466296363"
"H4PA11060","WILDER, JEFFREY","Republican Party","REP","House","H","Pennsylvania","PA","11","EPHRATA","PA","17522","2024","12-AUG-21","2021","202108129466243413"
"P40006397","ROEDERSHEIMER, KATIE O'NEAL","D.C. Statehood Green Party","DCG","President","P","Virginia","VA","00","NORTH ARLINGTON","VA","22201","2024","09-AUG-21","2021","202108099466223814"
"P40006389","TAYLOR, AARON MICHAEL MR","NSM","NSM","President","P","United States","00","00","PONCE DE LEON","FL","32455","2024","08-AUG-21","2021","202108089466210548"
"P40006371","TOLER, RANDY","Green Party","GRE","President","P","United States","00","00","SEFFNER FLORIDA","FL","33584","2024","03-AUG-21","2021","202108039465833645"
"S4FL00447","TOLER, RANDY MR.","Green Party","GRE","Senate","S","Florida","FL","00","SEFFNER","FL","33584","2024","03-AUG-21","2021","202108039465833635"
"P20005203","PINKNEY, PAMELA M REV","Other","OTH","President","P","United States","00","00","CLEVELAND","OH","44104","2024","01-AUG-21","2021","202108019465820406"
"P40006355","JEFFERSON, DC","Democratic Party","DEM","President","P","United States","00","00","MASCOUTAH","IL","622581124","2024","29-JUL-21","2021","202107300300383054"
"P40006348","WASHINGTON, LA'RASHA RENEA","Independent","IND","President","P","United States","00","00","ROUND ROCK","TX","78665","2024","27-JUL-21","2021","202107279452131951"
"P40006330","GOLDSTEIN, SHMUEL","Republican Party","REP","President","P","United States","00","00","NEW YORK","NY","10005","2024","26-JUL-21","2021","202107269451996507"
"H4CO06103","DAMMEN, KHALEB IAN","Republican Party","REP","House","H","Colorado","CO","06","AURORA","CO","80013","2024","24-JUL-21","2021","202107249451983955"
"P00016857","STONE, BARBARA","People'S Party","PPY","President","P","United States","00","00","MIAMI","FL","33131","2024","23-JUL-21","2021","202107239451979964"
"P00016311","FARMS, WILLIAM BRENDAN MR","Independent","IND","President","P","United States","00","00","JEWETT","OH","43986","2024","19-JUL-21","2021","202107199451706595"
"P40006322","JOHANSEN, MATTHEW NO","NO","NO","President","P","United States","00","00","RICHMOND","ME","04462","2024","16-JUL-21","2021","202107169451664492"
"P40006314","DICAPRIO, LEONARDO WILHELM","UNT","UNT","President","P","United States","00","00","O'FALLON","MO","63368","2024","14-JUL-21","2021","202107149451076782"
"P40006306","ANDERSON, MICHAEL M","Unknown","","President","P","United States","00","00","OWATONNA","MN","55060","2024","08-JUL-21","2021","202107130300379689"
"P40006280","ST JOHN, KEVIN EUGENE","Republican Party","REP","President","P","United States","00","00","SPRINGFIELD","OH","45503","2024","08-JUL-21","2021","202107089450998892"
"P40006264","BILLER, NICHOLAS","Independent","IND","President","P","California","CA","00","SACRAMENTO","CA","95811","2024","07-JUL-21","2021","202107079450991119"
"P40006272","BREWTON, KELVIN","Other","OTH","President","P","United States","00","00","COLUMBUS","GA","31906","2024","07-JUL-21","2021","202107079450991139"
"P40006249","MARTINEZ, JAMES","Write-In","W","President","P","United States","00","00","BIG OAK VALLEY","CA","95977","2024","01-JUL-21","2021","202107019450941408"
"P40006231","HUMPHREY, JR., ROBERT CAROLYLE","Independent","IND","President","P","United States","00","00","UNIION BRIDGE","MD","21791","2024","28-JUN-21","2021","202106289450863483"
"S4CA00407","GARY-PANDOL, DENICE LYN MS.","Republican Party","REP","Senate","S","California","CA","00","BAKERSFIELD","CA","93308","2024","27-JUN-21","2021","202106279450858143"
"P40006223","R19 BODDIE, PRESIDENT","Independent","IND","President","P","United States","00","00","ANCHORAGE","AK","99510","2024","26-JUN-21","2021","202106269450858088"
"P20005609","NETUPSKY, IAN SCOT MR.","Independent","IND","President","P","United States","00","00","CHARLOTTE","NC","28277","2024","24-JUN-21","2021","202106249449837383"
"P40006207","MANN, CHEZ ANDREW HILL","None","NNE","President","P","United States","00","00","LAKEWOOD","CO","80228","2024","19-JUN-21","2021","202106199449748064"
"P40006199","SAIDE, AHMAD DR.","None","NNE","President","P","United States","00","00","MIAMI BEACH","FL","33139","2024","18-JUN-21","2021","202106189449643110"
"P40006215","BLAKE, MARTIN ANDREW","Independent","IND","President","P","United States","00","00","SARATOGA","WY","82331","2024","17-JUN-21","2021","202106210300379244"
"P40006181","TERPENING, DAVID LEO MR.","Republican Party","REP","President","P","California","CA","00","GLENDORA","CA","91740","2024","15-JUN-21","2021","202106159449049019"
"P80003866","LALLY, GOTT JOHAN JOSEPHE","Independent","IND","President","P","United States","00","00","ISLAND POND","VT","05846","2024","10-JUN-21","2021","202106210300379272"
"P00015925","WALTON, GREG","Republican Party","REP","President","P","United States","00","00","VALENCIA","CA","91385","2024","10-JUN-21","2021","202106110300379072"
"P00006064","DAVIS, KELVIN GERAD","Independent","IND","President","P","United States","00","00","HAMPTON","VA","23669","2024","10-JUN-21","2021","202106110300379035"
"P40006165","TATE, JACKIE DEWAYNE MR.","Green Party","GRE","President","P","United States","00","00","ALBANY","NY","12202","2024","10-JUN-21","2021","202106109448896058"
"P40006157","PINNAVAIA, MATTHEW DAVID","None","NNE","President","P","United States","00","00","OCEANSIDE","CA","92054","2024","31-MAY-21","2021","202105319447490786"
"P40006140","BEY, TAMERLANE TIMUR MR. II","Independence Party","IDP","President","P","United States","00","00","ORLANDO","FL","32801","2024","28-MAY-21","2021","202105289447488103"
"P40006132","TUXHORN, DAVID LEE MR","No Party Affiliation","NPA","President","P","Oregon","OR","00","REDMOND","OR","97756","2024","27-MAY-21","2021","202105279447484258"
"P40006124","SHAVER, KRISTIE","None","NNE","President","P","United States","00","00","INDEPENDENCE","MO","64052","2024","26-MAY-21","2021","202105269447384055"
"P40006116","COOKE, ROBERT SPENCER MR. IV","Green Party","GRE","President","P","United States","00","00","RICHARDSON","TX","75083","2024","24-MAY-21","2021","202105249447381862"
"P40006108","EBATA, MITCHELL","None","NNE","President","P","United States","00","00","LACROSSE","WI","54603","2024","21-MAY-21","2021","202105219447367884"
"P00008540","LEE, SEYMOUR ART","Libertarian Party","LIB","President","P","United States","00","00","CONROE","TX","77304","2024","17-MAY-21","2021","202105179446818855"
"P40006074","HAWK, COLTON GENE","Independent","IND","President","P","United States","00","00","MOAB","UT","84532","2024","14-MAY-21","2021","202105149446709846"
"P40006082","COLEMAN, VALERIE LEE MISS","Republican Party","REP","President","P","United States","00","00","SEATLE","WA","98104","2024","14-MAY-21","2021","202105149446817714"
"P40006090","MEIERS, JACOB HENRY","Republican Party","REP","President","P","United States","00","00","HOLLAND","OH","43528","2024","14-MAY-21","2021","202105149446817943"
"P60009297","FIRMANI, JAMES PARIS","Republican Party","REP","President","P","United States","00","00","KENOSHA","WI","53142","2024","11-MAY-21","2021","202105180300377966"
"P40006066","SUTMAN, LIAM JEFFERY","Republican Party","REP","President","P","United States","00","00","BAY VILLAGE","OH","44140","2024","07-MAY-21","2021","202105079446310541"
"H0TX32053","PENNIE, DEMETRICK TRE DR.","Republican Party","REP","House","H","Texas","TX","30","DALLAS","TX","75240","2024","05-MAY-21","2021","202105059446294817"
"P40006058","CASH, DAVID MCCULLOUGH","Democratic Party","DEM","President","P","United States","00","00","HUNTSVILLE","AL","35816","2024","03-MAY-21","2021","202105039446141145"
"P40006041","REINBECK, HARRISON","Republican Party","REP","President","P","Pennsylvania","PA","00","WARMINSTER","PA","18974","2024","01-MAY-21","2021","202105019446140880"
"P00010876","TRAHAN, CHANCE BRADFORD MR","Non-Party","NON","President","P","United States","00","00","LAGUNA BEACH","CA","92651","2024","30-APR-21","2021","202104309446140775"
"P40006025","YEAGER, ANN M","None","NNE","President","P","United States","00","00","AMSTERDAM","OH","439039756","2024","26-APR-21","2021","202104269445424396"
"P40006017","CURTISS, RICHARD C. MR.","Republican Party","REP","President","P","United States","00","00","WAYLAND","NY","14572","2024","23-APR-21","2021","202104239445371928"
"P40006009","BANKS, MICHAEL JOHN PAUL","Veterans Party","VET","President","P","United States","00","00","GOLDEN VALLEY","AZ","86413","2024","22-APR-21","2021","202104229445370308"
"P60023926","MERKWAN, JOHNATHAN EDWARD MR.","Communist Party","COM","President","P","United States","00","00","SIOUX FALLS","SD","57106","2024","21-APR-21","2021","202104219445123505"
"P40005993","FLOYD, MICHAEL","Other","OTH","President","P","United States","00","00","CRYSTAL RIVER","FL","34429","2024","21-APR-21","2021","202104219445123803"
"P40005985","HAUSKINS, DANIEL OBAMA MR JR","George Wallace Party","GWP","President","P","United States","00","00","ROCK ISLAND","IL","61201","2024","20-APR-21","2021","202104209445067856"
"P40005977","BECK, PATRICK","Write-In","W","President","P","New Mexico","NM","00","ALBUQUERQUE","NM","87190","2024","20-APR-21","2021","202104209443839425"
"H4TX30067","ROCELLERPITTS, ANGEIGH JEANNEAN","Republican Party","REP","House","H","Texas","TX","30","DALLAS","TX","75232","2024","19-APR-21","2021","202104199443820826"
"P40005969","TUCKER, KEVIN J","Libertarian Party","LIB","President","P","United States","00","00","AUSTIN","TX","78750","2024","19-APR-21","2021","202104199443823411"
"P40005951","GWIN, JOHN HOVEY MR JR","Independent","IND","President","P","United States","00","00","MOBILE","AL","36602","2024","15-APR-21","2021","202104159443520250"
"P40005944","DWOCK, BIG","Republican Party","REP","President","P","United States","00","00","YORK","PA","17404","2024","14-APR-21","2021","202104149443344880"
"P40005936","MAPSTEAD, LARS DAMIAN 8319014600","Libertarian Party","LIB","President","P","California","CA","00","CAPITOLA","CA","95010","2024","12-APR-21","2021","202104129443220667"
"S4OH00192","MORENO, BERNIE","Republican Party","REP","Senate","S","Ohio","OH","00","WESTLAKE","OH","44145","2024","06-APR-21","2021","202104069443069869"
"P40005928","TORRES, JESUS MR.","Republican Party","REP","President","P","United States","00","00","WOODBRIDGE","VA","22193","2024","01-APR-21","2021","202104019443058323"
"P40005902","OUARITI, ADAM","Democratic Party","DEM","President","P","United States","00","00","GURNEE","IL","60031","2024","31-MAR-21","2021","202103319442971568"
"P40005894","FOX, GLYNNDEAVIN VON MR.","Independent","IND","President","P","District Of Columbia","DC","00","WASHINGTON DC","DC","20005","2024","25-MAR-21","2021","202103259442260067"
"P40005845","GLASS, STEPHEN RANDALL MR","Republican Party","REP","President","P","United States","00","00","ORANGE COUNTY","CA","92866","2024","24-MAR-21","2021","202103249442256398"
"P40005852","COMPTON, BILL THOMAS MR","Democratic Party","DEM","President","P","United States","00","00","SANTA MONICA","CA","90404","2024","24-MAR-21","2021","202103249442256409"
"P40005860","HAIRCUT JOHNSON, YEEYEE ASS","Republican Party","REP","President","P","United States","00","00","BURBANK","CA","91502","2024","24-MAR-21","2021","202103249442256410"
"P40005878","FIEND, THE","Republican Party","REP","President","P","United States","00","00","WEST HILLS","CA","91307","2024","24-MAR-21","2021","202103249442256415"
"P40005886","BEL-AIR, THE FRESH PRINCE OF","Democratic Party","DEM","President","P","United States","00","00","WEST HILLS","CA","91307","2024","24-MAR-21","2021","202103249442256416"
"P40005753","HASTINGS, NIKOLETTE","Independent","IND","President","P","United States","00","00","ENID","OK","73701","2024","19-MAR-21","2021","202103199441658937"
"P60001179","DALY, THOMAS ALLEN","Democratic Party","DEM","President","P","United States","00","00","KINGSPORT","TN","37664","2024","18-MAR-21","2021","202103250300374085"
"P60018066","WEST, KEVIN","Independent","IND","President","P","United States","00","00","KLAMATH FALLS","OR","97601","2024","18-MAR-21","2021","202103250300374064"
"P40004996","MARTINI, TOBY","Independent","IND","President","P","United States","00","00","TAMPA","FL","33609","2024","13-MAR-21","2021","202103139440477187"
"P40004988","ROSENKRANS, MARC","People Over Politics","POP","President","P","United States","00","00","LAHAINA","HI","96761","2024","12-MAR-21","2021","202103129440473836"
"S4WA00532","PETERSON, JOHN","Democratic Party","DEM","Senate","S","Washington","WA","00","TACOMA","WA","98444","2024","11-MAR-21","2021","202103119440471049"
"P20005534","PARHAM, NICHOLAS","Independent","IND","President","P","United States","00","00","THIBODAUX","LA","70301","2024","09-MAR-21","2021","202103099440358630"
"P40004970","GUILLAND, MATT","Unaffiliated","UN","President","P","United States","00","00","CHICAGO","IL","60618","2024","07-MAR-21","2021","202103079440285815"
"P40004939","COX, BRIAN JAMES","Independent","IND","President","P","United States","00","00","STATELINE","NV","89449","2024","03-MAR-21","2021","202103039431331241"
"P40004947","DOLAN, MATTHEW","Other","OTH","President","P","United States","00","00","PROVIDENCE","RI","02906","2024","03-MAR-21","2021","202103039431331536"
"P40004954","KROSS, STEVEN","Republican Party","REP","President","P","United States","00","00","LOUISBURG","NC","27549","2024","03-MAR-21","2021","202103039440166224"
"P40004913","SHARMA, PETER ANAND","Write-In","W","President","P","United States","00","00","ALBUQUERQUE","NM","87122","2024","28-FEB-21","2021","202102289429231863"
"P40004889","BYERS, AMBER MARIE","Independent","IND","President","P","United States","00","00","KALAMAZOO","MI","49008","2024","27-FEB-21","2021","202102279429078121"
"P40004863","HERSHEY, JASON SEAN","Write-In","W","President","P","United States","00","00","DUVALL","WA","98019","2024","27-FEB-21","2021","202102279429078074"
"P40004871","PAXSON, CRAIG","None","NNE","President","P","United States","00","00","HERMITAGE","TN","37076","2024","27-FEB-21","2021","202102279429078092"
"P40004822","KENNEDY, RAOUL","Unknown","UNK","President","P","United States","00","00","LAS VEGAS","NV","89117","2024","26-FEB-21","2021","202102269429061071"
"P40004830","QUAGLIA, PETER VINCENT MR.","None","NNE","President","P","United States","00","00","TYLER HILL","PA","18469","2024","26-FEB-21","2021","202102269429061072"
"P40004848","CHAPMAN, ROBERT","Write-In","W","President","P","United States","00","00","MURPHY","TX","75094","2024","26-FEB-21","2021","202102269429061557"
"P40004855","DEPENDAHL, SAM JOHN","Unaffiliated","UN","President","P","United States","00","00","LOS ANGELES","CA","90056","2024","26-FEB-21","2021","202102269429061653"
"S4TX00599","ARGUIJO, AARON","Democratic Party","DEM","Senate","S","Texas","TX","00","SAN ANTONIO","TX","78254","2024","26-FEB-21","2021","202102269429061654"
"S4MO00219","EXLEY, ZACK","No Party Affiliation","NPA","Senate","S","Missouri","MO","00","SPRINGFIELD","MO","65804","2024","26-FEB-21","2021","202102269429062487"
"P40004772","KOCAK, RYAN ALBERT DR.","None","NNE","President","P","United States","00","00","GOODYEAR","AZ","85395","2024","25-FEB-21","2021","202102259428876525"
"P40004764","FROST, TARA","Write-In","W","President","P","United States","00","00","SAINT CHARLES","IL","60175","2024","25-FEB-21","2021","202102259428876486"
"P40004756","VANPOOL, LARRY","Write-In","W","President","P","United States","00","00","CHICAGO","IL","60613","2024","25-FEB-21","2021","202102259428876455"
"P40004749","VISSA, NARESH VISSA","Other","OTH","President","P","Florida","FL","00","TAMPA","FL","33611","2024","25-FEB-21","2021","202102259428876453"
"P40004731","ROSE, TINA MS.","Independent","IND","President","P","United States","00","00","MARTINSVILLE","IN","46151","2024","25-FEB-21","2021","202102259428876448"
"P40004780","HILL, MAXIMILLIAN MR.","Independence Party","IDP","President","P","United States","00","00","WEST HEMPSTEAD","NY","11552","2024","25-FEB-21","2021","202102259428876827"
"P40004814","ROSEN, JONATHAN MR","Republican Party","REP","President","P","United States","00","00","SAN JOSE","CA","95110","2024","25-FEB-21","2021","202102259429060050"
"P40004715","EMERSON, PHILLIP","Independent","IND","President","P","United States","00","00","BUFFALO","NY","14094","2024","25-FEB-21","2021","202102259428876445"
"P40004806","PETERSON, JAMES CHRISTENSEN MR.","Republican Party","REP","President","P","United States","00","00","PHOENIX","AZ","85021","2024","25-FEB-21","2021","202102259428876881"
"P40004798","GAGNON, ANTONIO","Libertarian Party","LIB","President","P","United States","00","00","BLOOMFIELD HILLS","MI","48302","2024","25-FEB-21","2021","202102259428876852"
"P40004723","BRUBAKER, JOHN MICHAEL","Independent","IND","President","P","United States","00","00","NORTH YARMOUTH","ME","04097","2024","25-FEB-21","2021","202102259428876446"
"P40004707","VALENTI, DYLAN CHRISTOPHER MR.","FSP","FSP","President","P","United States","00","00","PALM HARBOR","FL","34684","2024","22-FEB-21","2021","202102229428800180"
"P40004681","FAULKNOR, DONALD EARL MR. JR","Republican Party","REP","President","P","United States","00","00","DELTONA","FL","32725","2024","19-FEB-21","2021","202102199428644489"
"P00006759","USERA, JOSHUA DAVID","Other","OTH","President","P","United States","00","00","BLACK HAWK","SD","57718","2024","18-FEB-21","2021","202102189428323444"
"P40004665","HARDISON, CASEY WILLIAM MR","Other","OTH","President","P","United States","00","00","JACKSON","WY","83001","2024","18-FEB-21","2021","202102189428318496"
"P40004673","VAN HOUTEN, ARTHUR LINWOOD MR. III","Write-In","W","President","P","United States","00","00","OXFORD","OH","45056","2024","18-FEB-21","2021","202102189428639135"
"P40004657","MANION, PAUL","Independent","IND","President","P","United States","00","00","GOODRICH","MI","48438","2024","17-FEB-21","2021","202102179428291346"
"P60005303","FOX, CHERUNDA LYNN","Republican Party","REP","President","P","United States","00","00","FERNDALE","MI","48220","2024","15-FEB-21","2021","202102260300371551"
"P40004632","WALLACE, VINCENT WADE","American Independent Conservative","AIC","President","P","United States","00","00","CLYFE","TX","79510","2024","14-FEB-21","2021","202102149427791185"
"S4CA00381","RESENDEZ, JESSICA SERENE MISS","Democratic Party","DEM","Senate","S","California","CA","00","YUBA CITY","CA","95991","2024","14-FEB-21","2021","202102149427791187"
"P40004640","GRAY, NICHOLAS G","Write-In","W","President","P","United States","00","00","JEDDO","MI","48032","2024","14-FEB-21","2021","202102149427791290"
"P40004624","KENNEDY, KYLE","Republican Party","REP","President","P","United States","00","00","FORT COLLINS","CO","80524","2024","13-FEB-21","2021","202102139427790987"
"P00007591","ROOSE, RODGER","Democratic Party","DEM","President","P","United States","00","DE","SCOTTSBLUFF","NE","69361","2024","11-FEB-21","2021","202102170300370132"
"P40004616","CAMPBELL, CHRISTOPHER JOESPH","Democratic Party","DEM","President","P","United States","00","00","SECANE","PA","19018","2024","09-FEB-21","2021","202102099427630215"
"S4NY00214","MCDONALD, REECE WRIGHT- 212 SIR","Democratic Party","DEM","Senate","S","New York","NY","00","NEW YORK CITY","NY","10001","2024","08-FEB-21","2021","202102089427148200"
"P40004608","WMC, REECE WMC 717 SIR","Communist Party","COM","President","P","Pennsylvania","PA","00","SCRANTON","PA","15001","2024","08-FEB-21","2021","202102089427098227"
"P40004590","DEEAN, KHISTINA CALDWELL MS","Independent","IND","President","P","United States","00","00","HOUSTON","TX","77061","2024","05-FEB-21","2021","202102059427036080"
"P40004582","BROWN, JESSICA MARIE","Republican Party","REP","President","P","United States","00","00","WHITESBURG","KY","41858","2024","02-FEB-21","2021","202102029424923214"
"P40004574","WINDHAUSER, ANGELA MARIE","Republican Party","REP","President","P","United States","00","00","WINTER GARDEN","FL","34778","2024","01-FEB-21","2021","202102019424885259"
"P00010066","DIAZ, DENNIS A","Independent","IND","President","P","United States","00","00","BURLINGTON","CT","06013","2024","29-JAN-21","2021","202101299413839012"
"S4FL00439","DAVIS, JAMES","Write-In","W","Senate","S","Florida","FL","00","PORT CHARLOTTE","FL","33948","2024","28-JAN-21","2021","202101289413545969"
"P40004566","PAVLOVICH, DMITRI","Communist Party","COM","President","P","United States","00","00","MOSCOW","MA","72811","2024","28-JAN-21","2021","202101289413546406"
"P00009308","MOLDAFSKY, ROBERT ION","Democratic Party","DEM","President","P","United States","00","00","WILDWOOD","MO","63005","2024","26-JAN-21","2021","202101269413424359"
"P40004533","TOULME, ALIX CHRISTOPHER MR. JR.","Democratic Party","DEM","President","P","United States","00","00","TAMPA","FL","33625","2024","26-JAN-21","2021","202101269413403308"
"P40004517","DEERING, ERNEST LEO","None","NNE","President","P","United States","00","00","WASILLA","AK","99654","2024","23-JAN-21","2021","202101239405277513"
"P40004509","CLARK, MICHAEL LYNN MR.","American Independent Conservative","AIC","President","P","United States","00","00","ATHENS","TN","37303","2024","22-JAN-21","2021","202101229405277454"
"P00003244","WINTERBOTTOM, THOMAS FRANCIS","Democratic Party","DEM","President","P","United States","00","00","POTTSTOWN","PA","194645580","2024","22-JAN-21","2021","202101229405277512"
"P40004491","GAUL, MICHAEL JOSEPH","Conservative Party","CRV","President","P","United States","00","00","GROVETOWN","GA","30813","2024","22-JAN-21","2021","202101229405270214"
"H6PR00082","GONZALEZ COLON, JENNIFFER","PNP","PNP","House","H","Puerto Rico","PR","00","SAN JUAN","PR","00936","2024","22-JAN-21","2021","202101229405265549"
"P00007856","KENNEWAY, BRUCE","Write-In","W","President","P","Maine","ME","00","BANGOR","ME","04401","2024","21-JAN-21","2021","202101219405257329"
"H4CA01082","LAVIN, JEFFREY R MR.","Democratic Party","DEM","House","H","California","CA","01","SAN DIEGO","CA","92106","2024","21-JAN-21","2021","202101219405251410"
"P00000679","CARROLL, JERRY LEON","NP","NP","President","P","United States","00","00","STOCKTON","CA","95208","2024","21-JAN-21","2021","202102110300369383"
"P00015081","ARDELEANU, SORINNE FRIEDA","Independent","IND","President","P","United States","00","00","SAN FRANCISCO","CA","94164","2024","21-JAN-21","2021","202101219405263700"
"P40004483","RESENDEZ, ELIUD DEJESUS","Other","OTH","President","P","United States","00","00","HOUSTON","TX","77095","2024","19-JAN-21","2021","202101199405156648"
"P40004475","BILLS, JAMES EDWARD","Independent","IND","President","P","United States","00","00","BURNET","TX","78611","2024","18-JAN-21","2021","202101189405153705"
"P40004467","BUSH-BOYD, WILLITA D","Independent","IND","President","P","United States","00","00","CREVE COEUR","MO","63141","2024","16-JAN-21","2021","202101169405150538"
"P40004525","CATS, OSKAR","Republican Party","REP","President","P","United States","00","00","BENSALEM","PA","19020","2024","14-JAN-21","2021","202101260300364269"
"P00007286","VEGAN, SEXY","Write-In","W","President","P","United States","00","00","SUNNY ISLES BEACH","FL","33160","2024","13-JAN-21","2021","202101139398672427"
"S0TX00308","LOVE, JOHN BENARD III","Democratic Party","DEM","Senate","S","Texas","TX","00","MIDLAND","TX","79701","2024","12-JAN-21","2021","202101129398408232"
"P60012697","CHUNG, ANDREW HEARTDOC","Independent","IND","President","P","United States","00","00","MABLETON","GA","30126","2024","12-JAN-21","2021","202101129398458547"
"H4OR02228","HUBER, RAIPH R","Republican Party","REP","House","H","Oregon","OR","02","SPRINGFIELD","OR","97477","2024","09-JAN-21","2021","202101099398330180"
"P40004459","PULLIAM, ALANDER","American Independent Conservative","AIC","President","P","United States","00","00","LOS ANGELES","CA","90028","2024","09-JAN-21","2021","202101099398329567"
"P60004322","OGLE, JAMES ORLANDO III","Libertarian Party","LIB","President","P","United States","00","00","PACIFIC GROVE","CA","93950","2024","04-JAN-21","2021","202101260300365025"
"P40004442","HOOVER, CODY THOMAS MR","Republican Party","REP","President","P","United States","00","00","MOUNT LAUREL TOWNSHIP","NJ","08054","2024","02-JAN-21","2021","202101029394494255"
"S4NM00118","ROSE, JERRY","Unaffiliated","UN","Senate","S","New Mexico","NM","00","PORTALES","NM","88130","2024","29-DEC-20","2020","202012299394415360"
"H4CT01078","SYMOCHKO, NICHOLAS M MR SR","Conservative Party","CRV","House","H","Connecticut","CT","01","MONROE","CT","06468","2024","27-DEC-20","2020","202012279394387713"
"S4NV00239","WING, BRADLEY SCOTT MR.","Independent","IND","Senate","S","Nevada","NV","00","LAS VEGAS","NV","89117","2024","23-DEC-20","2020","202012239393800326"
"P40004434","JENKINS, MICHAEL DWAYNE","Write-In","W","President","P","United States","00","00","LOS ANGELES","CA","90010","2024","21-DEC-20","2020","202012219393379081"
"P40004426","D'AMATO, IRINA IOANA MRS.","Independent","IND","President","P","United States","00","00","SAN FRANCISCO","CA","94107","2024","20-DEC-20","2020","202012209393377582"
"P40004418","KLOTZBUECHER, DAVID RICHARD MR","Independent","IND","President","P","United States","00","00","FAYETTEVILLE","AR","72704","2024","19-DEC-20","2020","202012199393377142"
"P40004400","ELGIN, TJ SIR","Independent","IND","President","P","United States","00","00","WESTPORT","CT","06880","2024","18-DEC-20","2020","202012189393369982"
"S8MA00268","AYYADURAI, SHIVA DR","Republican Party","REP","Senate","S","Massachusetts","MA","00","CAMBRIDGE","MA","02138","2024","14-DEC-20","2020","202012149374347232"
"P40004392","TINGLE, RALPH R JR","Resource Party","RES","President","P","Colorado","CO","00","DENVER","CO","80216","2024","12-DEC-20","2020","202012129374346859"
"P00006544","KABIR, MOHAMMAD","Other","OTH","President","P","United States","00","00","BELLMAWR","NJ","08031","2024","10-DEC-20","2020","202012140300361836"
"P40004376","GARRET, SAMMY MR","Independent","IND","President","P","Michigan","MI","00","JACKSON","MI","49201","2024","09-DEC-20","2020","202012099366440108"
"P40004368","RULLAN, JUAN F","Write-In","W","President","P","United States","00","00","ARECIBO","PR","00612","2024","01-DEC-20","2020","202012019337234072"
"P40004350","HANDAL, ANTONY GEORGE","Unaffiliated","UN","President","P","United States","00","00","HOUSTON","TX","77007","2024","29-NOV-20","2020","202011299337166722"
"P60015419","KOPITKE, KYLE KENLEY","Independent","IND","President","P","United States","00","00","FLINT","MI","48503","2024","25-NOV-20","2020","202011259337133981"
"P00008193","AHN, SHINAE MS","Democratic Party","DEM","President","P","New Jersey","NJ","00","LOS ANGELES","CA","90008","2024","23-NOV-20","2020","202011239337062090"
"P40004343","REID, DR ISAIAH OTIS DR","Democratic Party","DEM","President","P","United States","00","00","LAKE WALES","FL","33853","2024","22-NOV-20","2020","202011229337062065"
"P40004335","GONCE, BRANDON","Republican Party","REP","President","P","United States","00","00","NINETY SIX","SC","29666","2024","22-NOV-20","2020","202011229337061928"
"P40004327","REDOVIAN, ANGELA D MS.","Republican Party","REP","President","P","United States","00","00","TUCSON","AZ","85711","2024","20-NOV-20","2020","202011209337058401"
"H4MI80019","JUAREZ, JAVIER ALEJANDRO MR.","Unaffiliated","UN","House","H","Michigan","MI","80","HOPKINS","MI","49328","2024","19-NOV-20","2020","202011199337058204"
"P40004319","MOSS, MARTY B","Republican Party","REP","President","P","Indiana","IN","00","CONVERSE","IN","46919","2024","18-NOV-20","2020","202011189337050973"
"P40004301","WILSON, JUDAH","Unaffiliated","UN","President","P","United States","00","00","SOUTH BEND","IN","46617","2024","17-NOV-20","2020","202011179337041326"
"P60006160","RHODES, LEE","Democratic Party","DEM","President","P","United States","00","00","BROOKLYN","NY","11229","2024","15-NOV-20","2020","202011159336989430"
"H4AL06155","STEWART, KEVIN G MR","Independent","IND","House","H","Alabama","AL","06","HOOVER","AL","35244","2024","13-NOV-20","2020","202011139336989303"
"S0FL00635","KORN, BERNARD","Democratic Party","DEM","Senate","S","Florida","FL","00","BOCA RATON","FL","33429","2024","12-NOV-20","2020","202011130300356911"
"P60005600","TYLER, MATHEW LEE","Independent","IND","President","P","United States","00","00","QUINCY","CA","959719497","2024","12-NOV-20","2020","202011130300356862"
"P40004285","I, KURIOS INSPECTOR","Independent","IND","President","P","Texas","TX","00","HOUSTON","TX","77084","2024","11-NOV-20","2020","202011119336986026"
"P00014472","WILSON, GEORGE A MR","American Independent Party","AIP","President","P","United States","00","00","LINDSAY","CA","93247","2024","10-NOV-20","2020","202011109336977483"
"P40004277","LINDSEY, BEAU","Libertarian Party","LIB","President","P","United States","00","00","CHATTANOOGA","TN","37405","2024","10-NOV-20","2020","202011109336977494"
"P40004269","D'OTTAVIO, MICHAEL","Democratic Party","DEM","President","P","United States","00","00","ST PETERSBURG","FL","33707","2024","09-NOV-20","2020","202011099336974350"
"P00012211","HAWKINS, HOWIE","Other","OTH","President","P","United States","00","00","SYRACUSE","NY","13205","2024","09-NOV-20","2020","202011099336973823"
"S2CA00922","KEIVAULQE AUTIAMEINEIRE, FEPBRINA ESTRELVIA","Other","OTH","Senate","S","California","CA","00","ROSEMEAD","CA","91770","2024","07-NOV-20","2020","202011079336972714"
"P40004228","LAMBERT, WILLIAM BLAKE MR.","None","NNE","President","P","United States","00","00","CLEVELAND","TN","37312","2024","07-NOV-20","2020","202011079336972693"
"P40004236","MUNOZ, HEATHER DR.","Democratic Party","DEM","President","P","United States","00","00","SAN DIEGO","CA","92101","2024","07-NOV-20","2020","202011079336972699"
"P40004244","TILLIS, CHRISTOPHER GEORGE","Republican Party","REP","President","P","United States","00","00","FORT WALTON BEACH","FL","32547","2024","07-NOV-20","2020","202011079336972709"
"P40004210","THOMPSON, JUSTIN D","Republican Party","REP","President","P","United States","00","00","NORTH PLATTE","NE","69101","2024","06-NOV-20","2020","202011069336972505"
"P40004202","ALTUCHER, JAMES","Unaffiliated","UN","President","P","United States","00","00","KEY BISCAYNE","FL","33149","2024","06-NOV-20","2020","202011069336972504"
"P40004194","WEBB, DALE WAYNE MR. JR","Republican Party","REP","President","P","United States","00","00","CASA GRANDE","AZ","85122","2024","06-NOV-20","2020","202011069336972305"
"S4KY00216","ADAMS, JOSHUA","Republican Party","REP","Senate","S","Kentucky","KY","00","LEXINGTON","KY","40515","2024","06-NOV-20","2020","202011069336972537"
"P40004186","SAVAGE, SHAUN","Republican Party","REP","President","P","United States","00","00","TIGARD","OR","97223","2024","05-NOV-20","2020","202011059336970483"
"P40004178","LOWE, STEFAN ARTHUR","Republican Party","REP","President","P","United States","00","00","COARSEGOLD","CA","93614","2024","05-NOV-20","2020","202011059336749932"
"P00015941","FLORQUIST, CHRISTOPHER PAUL","Unaffiliated","UN","President","P","United States","00","00","LOS ANGELES","CA","90028","2024","04-NOV-20","2020","202011049336744149"
"P40004152","CAMP, JOJO","Independent","IND","President","P","United States","00","00","DENVER","CO","80239","2024","04-NOV-20","2020","202011049336744124"
"P20004768","JACOB-FAMBRO, PRINCESS KHADIJAH M","Independent","IND","President","P","United States","00","00","SAN FRANCISCO","CA","941423691","2024","04-NOV-20","2020","202011130300356985"
"P40004145","KNIGHT, DAN EDWARD PRES. SR.","Other","OTH","President","P","United States","00","00","CHICAGO","IL","60620","2024","03-NOV-20","2020","202011039336742230"
"P00006528","HERZ, DAVID RAPHAEL MR.","Republican Party","REP","President","P","United States","00","00","STAMFORD","CT","06902","2024","03-NOV-20","2020","202011039336741189"
"P00006973","MCGLOVER, JOHN WILLIAM","Independent","IND","President","P","United States","00","00","HAWTHORNE","CA","90250","2024","24-OCT-20","2020","202010249336507234"
"P40004129","LAMBERT, GARY ALLEN JR","Write-In","W","President","P","United States","00","00","HUNTINGTON","WV","25702","2024","24-OCT-20","2020","202010249336528643"
"P40004111","KINMAN, JEREMY WAYNE MR.","Republican Party","REP","President","P","United States","00","00","CACHE","OK","73527","2024","23-OCT-20","2020","202010239336470840"
"P40004103","LITZENBERG, GREGORY","Independent","IND","President","P","United States","00","00","BLOOMINGTON","IN","47403","2024","16-OCT-20","2020","202010169297000014"
"P40004095","MURDOCK, DAVID ALEXANDER MR","Peace And Freedom Party","PFP","President","P","United States","00","00","SAN JOSE","CA","95113","2024","09-OCT-20","2020","202010099285066575"
"P00004861","BICKELMEYER, MICHAEL","Republican Party","REP","President","P","United States","00","00","BRUNSWICK","OH","44212","2024","01-OCT-20","2020","202010060300344155"
"P40004087","MANTANONA, NICHOLAS BRENT","Other","OTH","President","P","New York","NY","00","NEW YORK","NY","10029","2024","20-SEP-20","2020","202009209275576243"
"P40004079","GRIFFIN, CLIFFORD DAVID","Independent","IND","President","P","United States","00","00","LAKE ALFRED","FL","33850","2024","04-SEP-20","2020","202009049267083118"
"P60016888","BORING, PAIJ","Republican Party","REP","President","P","United States","00","00","WICHITA","KS","672079998","2024","18-AUG-20","2020","202008189261358342"
"P40004061","MEDEARIS, WHITNEY MARIA MISS","Democratic Party","DEM","President","P","United States","00","00","SALLISAW","OK","74955","2024","08-AUG-20","2020","202008089261284664"
"P40004053","D'AMICO, SAMUEL NICHOLAS","Democratic Party","DEM","President","P","Wisconsin","WI","00","WAUKESHA","WI","53186","2024","03-AUG-20","2020","202008039261202965"
"P40004046","GARCIA, BENJAMIN","Democratic Party","DEM","President","P","United States","00","00","JOHNSTON","RI","02919","2024","27-JUL-20","2020","202007279260929784"
"P40004038","NIXON, JAMES HARRISON","Democratic Party","DEM","President","P","Georgia","GA","00","LAGRANGE","GA","30241","2024","26-JUL-20","2020","202007269260818053"
"P40004012","LANCE, NICHOLAS","Independent","IND","President","P","United States","00","00","TUCSON","AZ","85710","2024","02-JUL-20","2020","202007029244235791"
"P40003584","CAVANAGH, ERIC SCOTT","Republican Party","REP","President","P","United States","00","01","NORTHEAST","MD","21901","2024","26-JUN-20","2020","202007160300329008"
"P40004004","NAVARRO, RAMON MR","None","NNE","President","P","United States","00","00","CASTLE ROCK","CO","80104","2024","05-JUN-20","2020","202006059239633764"
"P40003980","PETTENARO, CHRISTOPHER ANTHONY PHILLIP MR","Republican Party","REP","President","P","United States","00","00","LAGUNA BEACH","CA","92651","2024","22-MAY-20","2020","202005229239492393"
"P40003972","VAVAO, TALALUPE FONZIE","Republican Party","REP","President","P","United States","00","00","ESCONDIDO","CA","92026","2024","23-APR-20","2020","202004239232247996"
"P40003964","FITZPATRICK, JONATHAN WILLIAM MR.","Independent","IND","President","P","United States","00","00","CONCHO","AZ","85924","2024","20-APR-20","2020","202004209224116180"
"H4NY11187","ROBBINS, NICHOLAS JOSEPH","Republican Party","REP","House","H","New York","NY","11","STATEN ISLAND","NY","10314","2024","10-FEB-20","2020","202002109186489283"
"P40003956","VANDUSEN-TORRES, DENNIS PAUL MR","Non-Party","NON","President","P","United States","00","00","EL PASO","TX","79901","2024","12-JAN-20","2020","202001129167156719"
"P40003949","MCGUIRE, SEAN THOMAS","Democratic Party","DEM","President","P","United States","00","00","LAKELAND","FL","33801","2024","23-DEC-19","2019","201912230300303800"
"P40003923","JEFFERSON, SUZETTE","Libertarian Party","LIB","President","P","United States","00","00","MOUNTAIN HOUSE","CA","95391","2024","15-NOV-19","2019","201911159165503388"
"P40003915","STEWART, JACKSON DANIEL MR","Peace And Freedom Party","PFP","President","P","United States","00","00","SAN JOSE","CA","95125","2024","25-AUG-19","2019","201908259163103600"
"P40003907","BUSA, MICHAEL ANTHONY MR","No Party Affiliation","NPA","President","P","United States","00","00","CARVER","MA","02330","2024","18-JUL-19","2019","201907189151435301"
"H4MO07149","FAUCETT, NATALIE MARIE","Independent","IND","House","H","Missouri","MO","07","SPRINGFIELD","MO","65810","2024","01-JUL-19","2019","201907019150441989"
"P00009670","MERONEY, JAMES EDWIN","Republican Party","REP","President","P","United States","00","00","PLANO","TX","75024","2024","02-JUN-19","2019","201906029149874108"
"P40003899","BANNON, MICHAEL GEORGE MR JR.","Republican Party","REP","President","P","United States","00","00","UPPER CHICHESTER","PA","19061","2024","22-MAY-19","2019","201905229149830587"
"P40003881","MOORE, DESMOND LEVELLE MR.","Republican Party","REP","President","P","United States","00","00","CARSON","CA","90746","2024","25-APR-19","2019","201904259149596132"
"S8MS00196","WICKER, ROGER SEN.","Republican Party","REP","Senate","S","Mississippi","MS","00","TUPELO","MS","388043529","2024","18-APR-19","2019","201904189149491803"
"S6WY00068","BARRASSO, JOHN A","Republican Party","REP","Senate","S","Wyoming","WY","00","CASPER","","","2024","16-APR-19","2019","201904190300274969"
"S2NE00094","FISCHER, DEBRA S.","Republican Party","REP","Senate","S","Nebraska","NE","00","LINCOLN","NE","68506","2024","14-APR-19","2019","201904149146116661"
"S2WI00219","BALDWIN, TAMMY","Democratic Party","DEM","Senate","S","Wisconsin","WI","00","MADISON","WI","53701","2024","12-APR-19","2019","201904129146107789"
"S4VT00033","SANDERS, BERNARD","Independent","IND","Senate","S","Vermont","VT","00","BURLINGTON","VT","05401","2024","04-MAR-19","2019","201903049145600416"
"S8UT00176","ROMNEY, WILLARD MITT MR","Republican Party","REP","Senate","S","Utah","UT","00","OREM","UT","84059","2024","19-FEB-19","2019","201902199145526751"
"S0WV00090","MANCHIN, JOE III","Democratic Party","DEM","Senate","S","West Virginia","WV","00","FAIRMONT","WV","26554","2024","10-FEB-19","2019","201902109145479037"
"S6MT00162","TESTER, R. JON","Democratic Party","DEM","Senate","S","Montana","MT","00","HELENA","MT","59624","2024","31-JAN-19","2019","201901319144289620"
"P40003865","GILLEN, CHRISTOPHER ADAM MR.","American Independent Party","AIP","President","P","United States","00","00","PERU","NY","12962","2024","30-JAN-19","2019","201901309144208879"
"S6MD03177","CARDIN, BENJAMIN L","Democratic Party","DEM","Senate","S","Maryland","MD","00","CATONSVILLE","MD","21228","2024","30-JAN-19","2019","201901309144226418"
"P40003857","THALIATH, AJAY","Democratic Party","DEM","President","P","United States","00","00","DACULA","GA","30019","2024","27-JAN-19","2019","201901279144006444"
"S2NM00088","HEINRICH, MARTIN","Democratic Party","DEM","Senate","S","New Mexico","NM","00","ALBUQUERQUE","NM","87125","2024","17-JAN-19","2019","201901179143853894"
"S8IN00171","BRAUN, MIKE","Republican Party","REP","Senate","S","Indiana","IN","00","JASPER","IN","475463133","2024","13-JAN-19","2019","201901139143808144"
"S8MI00281","STABENOW, DEBBIE","Democratic Party","DEM","Senate","S","Michigan","MI","00","LANSING","MI","48917","2024","11-JAN-19","2019","201901119143804108"
"S2CT00132","MURPHY, CHRISTOPHER S","Democratic Party","DEM","Senate","S","Connecticut","CT","00","CHESHIRE","CT","06410","2024","14-DEC-18","2018","201812149143520729"
"S8ND00120","CRAMER, KEVIN MR.","Republican Party","REP","Senate","S","North Dakota","ND","00","BISMARCK","ND","58502","2024","11-DEC-18","2018","201812119142293838"
"S2TX00312","CRUZ, RAFAEL EDWARD  TED","Republican Party","REP","Senate","S","Texas","TX","00","AUSTIN","TX","78701","2024","06-DEC-18","2018","201812069134971099"
"S2VA00142","KAINE, TIMOTHY M","Democratic Party","DEM","Senate","S","Virginia","VA","00","RICHMOND","VA","232274405","2024","28-NOV-18","2018","201811289133855473"
"S8WA00194","CANTWELL, MARIA","Democratic Party","DEM","Senate","S","Washington","WA","00","SEATTLE","WA","98111","2024","26-NOV-18","2018","201811269133808777"
"S0CA00199","FEINSTEIN, DIANNE","Democratic Party","DEM","Senate","S","California","CA","00","WASHINGTON","DC","20003","2024","26-NOV-18","2018","201811269133807991"
"S8DE00079","CARPER, THOMAS R.","Democratic Party","DEM","Senate","S","Delaware","DE","00","WILMINGTON","DE","19802","2024","21-NOV-18","2018","201811219133807161"
"S0NY00410","GILLIBRAND, KIRSTEN ELIZABETH","Democratic Party","DEM","Senate","S","New York","NY","00","WASHINGTON","DC","20001","2024","20-NOV-18","2018","201811209133802066"
"S8AZ00197","SINEMA, KYRSTEN","Democratic Party","DEM","Senate","S","Arizona","AZ","00","PHOENIX","AZ","85011","2024","19-NOV-18","2018","201811199133692697"
"S2HI00106","HIRONO, MAZIE K.","Democratic Party","DEM","Senate","S","Hawaii","HI","00","HONOLULU","HI","96809","2024","19-NOV-18","2018","201811199133692518"
"S8FL00273","SCOTT, RICK GOV","Republican Party","REP","Senate","S","Florida","FL","00","TALLAHASSEE","FL","32315","2024","18-NOV-18","2018","201811189133690334"
"S2ME00109","KING, ANGUS S. JR.","Independent","IND","Senate","S","Maine","ME","00","BRUNSWICK","ME","040112440","2024","16-NOV-18","2018","201811169133688481"
"S6OH00163","BROWN, SHERROD","Democratic Party","DEM","Senate","S","Ohio","OH","00","CLEVELAND","OH","44105","2024","15-NOV-18","2018","201811159133683852"
"S6NJ00289","MENENDEZ, ROBERT","Democratic Party","DEM","Senate","S","New Jersey","NJ","00","NEWARK","NJ","071020648","2024","15-NOV-18","2018","201811159133680021"
"S2MA00170","WARREN, ELIZABETH","Democratic Party","DEM","Senate","S","Massachusetts","MA","00","CAMBRIDGE","MA","02138","2024","14-NOV-18","2018","201811149133678310"
"S8NV00156","ROSEN, JACKY","Democratic Party","DEM","Senate","S","Nevada","NV","00","LAS VEGAS","NV","89126","2024","13-NOV-18","2018","201811139133676978"
"S6PA00217","CASEY, ROBERT P. JR.","Democratic Party","DEM","Senate","S","Pennsylvania","PA","00","PHILADELPHIA","PA","19102","2024","13-NOV-18","2018","201811139133676965"
"S6MN00267","KLOBUCHAR, AMY J","Democratic-Farmer-Labor","DFL","Senate","S","Minnesota","MN","00","ST PAUL","MN","55104","2024","11-NOV-18","2018","201811119133644264"
"S8TN00337","BLACKBURN, MARSHA MRS.","Republican Party","REP","Senate","S","Tennessee","TN","00","BRENTWOOD","TN","370276209","2024","10-NOV-18","2018","201811109133644154"
"S6RI00221","WHITEHOUSE, SHELDON","Democratic Party","DEM","Senate","S","Rhode Island","RI","00","PROVIDENCE","RI","02940","2024","09-NOV-18","2018","201811099133643866"
"S8MO00160","HAWLEY, JOSHUA DAVID","Republican Party","REP","Senate","S","Missouri","MO","00","CHESTERFIELD","MO","63005","2024","07-NOV-18","2018","201811079133640930"
"H2CA37023","CALVERT, KENNETH S","Republican Party","REP","House","H","California","CA","42","CORONA","CA","92882","2024","10-OCT-18","2018","201810109124448657"
"P00008219","PRIDMORE, JAY P","No Party Affiliation","NPA","President","P","United States","00","00","TUSCALOOSA","AL","35401","2024","25-SEP-18","2018","201810010300230132"
"P40003832","MARTIN, JOSEPH S","Unaffiliated","UN","President","P","United States","00","00","AMSTERDAM","NY","12010","2024","26-JUL-18","2018","201807269119321166"
"H4PA19055","JOHNSON, RASHAWN D MR.","Democratic Party","DEM","House","H","Pennsylvania","PA","19","PHILADELPHIA","PA","19143","2024","29-JUN-18","2018","201806299115199865"
"P40003824","FRAYER, DONALD ROBERT","Republican Party","REP","President","P","United States","00","00","FAYETTEVILLE","GA","30215","2024","12-JUN-18","2018","201806129113661079"
"P40003808","POWELL, ASHLEY ANN MRS.","Democratic Party","DEM","President","P","United States","00","00","ANN ARBOR","MI","48103","2024","09-FEB-18","2018","201802099094274741"
"P40003790","SULLIVAN, TAYLOR","Unaffiliated","UN","President","P","United States","00","00","LA JUNTA","CO","81050","2024","25-OCT-17","2017","201710259076675152"
"P40003782","TOWNSEND, ANDREW","Independent","IND","President","P","United States","00","00","MCKENNEY","VA","23872","2024","11-OCT-17","2017","201710119075609126"
"P40003766","JAMISON, TYRONE MAURICE MR.","Republican Party","REP","President","P","United States","00","00","SECANE","PA","19018","2024","19-SEP-17","2017","201709199074749199"
"P40003741","DEMBY, HAROLD SUFFIX","Independence Party","IDP","President","P","United States","00","00","PHOENIX","AZ","85004","2024","10-NOV-16","2016","201611109037139835"
"P40003733","PRADO, RIKI OTTONIEL","Democratic Party","DEM","President","P","United States","00","00","BEAVERTON","OR","97003","2024","09-NOV-16","2016","201611099037139577"
"P40003725","CHAPMAN, PATRICK MICHAEL II","Write-In","W","President","P","United States","00","00","PROVO","UT","84606","2024","08-OCT-16","2016","201610089032216251"
"P40003709","LOTTENVILLE, CHAD","Unknown","UNK","President","P","United States","00","00","TOPEKA","KS","66612","2024","20-JUN-16","2016","201606200300077833"
"P60021797","GROTTA, AARON","Unknown","UNK","President","P","United States","00","00","LAWRENCE","KS","66046","2024","15-JUN-16","2016","201606150300077419"
"P40003675","ANSTROM, MYKAL","Independent","IND","President","P","United States","00","00","GUILDERLAND","NY","12084","2024","11-MAR-16","2016","201603119009736243"
"P40003667","BROWN, HARVEY K","WRI","WRI","President","P","United States","00","00","COLUMBUS","GA","31907","2024","02-DEC-15","2015","201512029004123432"
"P40003642","ISLER, DANIEL MOSES","Independent","IND","President","P","United States","00","00","DANVILLE","VA","24540","2024","05-SEP-15","2015","201509059001616560"
