rowid,question_id,poll_id,cycle,state,pollster_id,pollster,sponsor_ids,sponsors,display_name,pollster_rating_id,pollster_rating_name,fte_grade,sample_size,population,population_full,methodology,office_type,seat_number,seat_name,start_date,end_date,election_date,sponsor_candidate,internal,partisan,tracking,nationwide_batch,ranked_choice_reallocated,created_at,notes,url,stage,race_id,answer,candidate_id,candidate_name,candidate_party,pct
1,140470,74596,2022,Wisconsin,1365,Change Research,,,Change Research,48,Change Research,B-,1723,lv,lv,Online,U.S. Senate,2,Class III,3/25/21,3/27/21,11/8/22,Tom Nelson,1,DEM,,0,0,4/2/21 10:55,,https://twitter.com/AndrewSolender/status/1377295346196430852/photo/1,general,8951,Nelson,19210,Tom Nelson,DEM,48.0
2,140470,74596,2022,Wisconsin,1365,Change Research,,,Change Research,48,Change Research,B-,1723,lv,lv,Online,U.S. Senate,2,Class III,3/25/21,3/27/21,11/8/22,Tom Nelson,1,DEM,,0,0,4/2/21 10:55,,https://twitter.com/AndrewSolender/status/1377295346196430852/photo/1,general,8951,Johnson,19211,Ron Johnson,REP,44.0
3,140300,74544,2022,Ohio,383,Public Policy Polling,973,314 Action,Public Policy Polling,263,Public Policy Polling,A-,700,v,v,IVR/Text,U.S. Senate,2,Class III,3/18/21,3/19/21,11/8/22,,0,DEM,,0,0,3/22/21 19:38,,https://314action.org/wp-content/uploads/2021/03/OhioResults1-GE.pdf,general,8942,Acton,19163,Amy Leigh Acton,DEM,42.0
4,140300,74544,2022,Ohio,383,Public Policy Polling,973,314 Action,Public Policy Polling,263,Public Policy Polling,A-,700,v,v,IVR/Text,U.S. Senate,2,Class III,3/18/21,3/19/21,11/8/22,,0,DEM,,0,0,3/22/21 19:38,,https://314action.org/wp-content/uploads/2021/03/OhioResults1-GE.pdf,general,8942,Mandel,19164,Josh Mandel,REP,41.0
5,140301,74544,2022,Ohio,383,Public Policy Polling,973,314 Action,Public Policy Polling,263,Public Policy Polling,A-,700,v,v,IVR/Text,U.S. Senate,2,Class III,3/18/21,3/19/21,11/8/22,,0,DEM,,0,0,3/22/21 19:39,,https://314action.org/wp-content/uploads/2021/03/OhioResults1-GE.pdf,general,8942,Acton,19163,Amy Leigh Acton,DEM,40.0
6,140301,74544,2022,Ohio,383,Public Policy Polling,973,314 Action,Public Policy Polling,263,Public Policy Polling,A-,700,v,v,IVR/Text,U.S. Senate,2,Class III,3/18/21,3/19/21,11/8/22,,0,DEM,,0,0,3/22/21 19:39,,https://314action.org/wp-content/uploads/2021/03/OhioResults1-GE.pdf,general,8942,Timken,19165,Jane Timken,REP,40.0
7,140302,74544,2022,Ohio,383,Public Policy Polling,973,314 Action,Public Policy Polling,263,Public Policy Polling,A-,700,v,v,IVR/Text,U.S. Senate,2,Class III,3/18/21,3/19/21,11/8/22,,0,DEM,,0,0,3/22/21 19:41,,https://314action.org/wp-content/uploads/2021/03/OhioResults1-GE.pdf,general,8942,Acton,19163,Amy Leigh Acton,DEM,40.0
8,140302,74544,2022,Ohio,383,Public Policy Polling,973,314 Action,Public Policy Polling,263,Public Policy Polling,A-,700,v,v,IVR/Text,U.S. Senate,2,Class III,3/18/21,3/19/21,11/8/22,,0,DEM,,0,0,3/22/21 19:41,,https://314action.org/wp-content/uploads/2021/03/OhioResults1-GE.pdf,general,8942,Vance,19167,James David Vance,REP,38.0
9,140303,74544,2022,Ohio,383,Public Policy Polling,973,314 Action,Public Policy Polling,263,Public Policy Polling,A-,700,v,v,IVR/Text,U.S. Senate,2,Class III,3/18/21,3/19/21,11/8/22,,0,DEM,,0,0,3/22/21 19:43,,https://314action.org/wp-content/uploads/2021/03/OhioResults1-GE.pdf,general,8942,Ryan,19168,Tim Ryan,DEM,38.0
10,140303,74544,2022,Ohio,383,Public Policy Polling,973,314 Action,Public Policy Polling,263,Public Policy Polling,A-,700,v,v,IVR/Text,U.S. Senate,2,Class III,3/18/21,3/19/21,11/8/22,,0,DEM,,0,0,3/22/21 19:43,,https://314action.org/wp-content/uploads/2021/03/OhioResults1-GE.pdf,general,8942,Mandel,19164,Josh Mandel,REP,42.0
11,140304,74544,2022,Ohio,383,Public Policy Polling,973,314 Action,Public Policy Polling,263,Public Policy Polling,A-,700,v,v,IVR/Text,U.S. Senate,2,Class III,3/18/21,3/19/21,11/8/22,,0,DEM,,0,0,3/22/21 19:43,,https://314action.org/wp-content/uploads/2021/03/OhioResults1-GE.pdf,general,8942,Ryan,19168,Tim Ryan,DEM,38.0
12,140304,74544,2022,Ohio,383,Public Policy Polling,973,314 Action,Public Policy Polling,263,Public Policy Polling,A-,700,v,v,IVR/Text,U.S. Senate,2,Class III,3/18/21,3/19/21,11/8/22,,0,DEM,,0,0,3/22/21 19:43,,https://314action.org/wp-content/uploads/2021/03/OhioResults1-GE.pdf,general,8942,Timken,19165,Jane Timken,REP,41.0
13,140305,74544,2022,Ohio,383,Public Policy Polling,973,314 Action,Public Policy Polling,263,Public Policy Polling,A-,700,v,v,IVR/Text,U.S. Senate,2,Class III,3/18/21,3/19/21,11/8/22,,0,DEM,,0,0,3/22/21 19:43,,https://314action.org/wp-content/uploads/2021/03/OhioResults1-GE.pdf,general,8942,Ryan,19168,Tim Ryan,DEM,37.0
14,140305,74544,2022,Ohio,383,Public Policy Polling,973,314 Action,Public Policy Polling,263,Public Policy Polling,A-,700,v,v,IVR/Text,U.S. Senate,2,Class III,3/18/21,3/19/21,11/8/22,,0,DEM,,0,0,3/22/21 19:43,,https://314action.org/wp-content/uploads/2021/03/OhioResults1-GE.pdf,general,8942,Vance,19167,James David Vance,REP,39.0
15,140159,74487,2022,Georgia,1671,Trafalgar Group/InsiderAdvantage,432,Insider Advantage,Trafalgar Group/InsiderAdvantage,671,Trafalgar Group/InsiderAdvantage,,1093,lv,lv,IVR/Online/Text,U.S. Senate,2,Class III,3/7/21,3/9/21,11/8/22,,0,,,0,0,3/12/21 09:24,,https://drive.google.com/file/d/1skbdNwZQUMSjSUoZChPgAlrO9ZG5S4xp/view,general,8925,Warnock,19086,Raphael Warnock,DEM,45.8
16,140159,74487,2022,Georgia,1671,Trafalgar Group/InsiderAdvantage,432,Insider Advantage,Trafalgar Group/InsiderAdvantage,671,Trafalgar Group/InsiderAdvantage,,1093,lv,lv,IVR/Online/Text,U.S. Senate,2,Class III,3/7/21,3/9/21,11/8/22,,0,,,0,0,3/12/21 09:24,,https://drive.google.com/file/d/1skbdNwZQUMSjSUoZChPgAlrO9ZG5S4xp/view,general,8925,Collins,19087,Doug Collins,REP,45.2
17,140160,74487,2022,Georgia,1671,Trafalgar Group/InsiderAdvantage,432,Insider Advantage,Trafalgar Group/InsiderAdvantage,671,Trafalgar Group/InsiderAdvantage,,1093,lv,lv,IVR/Online/Text,U.S. Senate,2,Class III,3/7/21,3/9/21,11/8/22,,0,,,0,0,3/12/21 09:24,,https://drive.google.com/file/d/1skbdNwZQUMSjSUoZChPgAlrO9ZG5S4xp/view,general,8925,Warnock,19086,Raphael Warnock,DEM,45.5
18,140160,74487,2022,Georgia,1671,Trafalgar Group/InsiderAdvantage,432,Insider Advantage,Trafalgar Group/InsiderAdvantage,671,Trafalgar Group/InsiderAdvantage,,1093,lv,lv,IVR/Online/Text,U.S. Senate,2,Class III,3/7/21,3/9/21,11/8/22,,0,,,0,0,3/12/21 09:24,,https://drive.google.com/file/d/1skbdNwZQUMSjSUoZChPgAlrO9ZG5S4xp/view,general,8925,Walker,19088,Herschel Walker,REP,47.7
19,140161,74487,2022,Georgia,1671,Trafalgar Group/InsiderAdvantage,432,Insider Advantage,Trafalgar Group/InsiderAdvantage,671,Trafalgar Group/InsiderAdvantage,,1093,lv,lv,IVR/Online/Text,U.S. Senate,2,Class III,3/7/21,3/9/21,11/8/22,,0,,,0,0,3/12/21 09:26,,https://drive.google.com/file/d/1skbdNwZQUMSjSUoZChPgAlrO9ZG5S4xp/view,general,8925,Warnock,19086,Raphael Warnock,DEM,45.6
20,140161,74487,2022,Georgia,1671,Trafalgar Group/InsiderAdvantage,432,Insider Advantage,Trafalgar Group/InsiderAdvantage,671,Trafalgar Group/InsiderAdvantage,,1093,lv,lv,IVR/Online/Text,U.S. Senate,2,Class III,3/7/21,3/9/21,11/8/22,,0,,,0,0,3/12/21 09:26,,https://drive.google.com/file/d/1skbdNwZQUMSjSUoZChPgAlrO9ZG5S4xp/view,general,8925,Loeffler,19089,Kelly Loeffler,REP,40.9
21,140137,74471,2022,New Hampshire,446,Saint Anselm College,,,Saint Anselm College,494,Saint Anselm College,A/B,871,rv,rv,Online,U.S. Senate,2,Class III,3/4/21,3/6/21,11/8/22,,0,,,0,0,3/10/21 21:22,,https://www.anselm.edu/sites/default/files/Images/NHIOP/SACSurveyBook321.pdf,general,8938,Hassan,18225,Margaret Wood Hassan,DEM,41.0
22,140137,74471,2022,New Hampshire,446,Saint Anselm College,,,Saint Anselm College,494,Saint Anselm College,A/B,871,rv,rv,Online,U.S. Senate,2,Class III,3/4/21,3/6/21,11/8/22,,0,,,0,0,3/10/21 21:22,,https://www.anselm.edu/sites/default/files/Images/NHIOP/SACSurveyBook321.pdf,general,8938,Sununu,18226,Christopher Sununu,REP,47.0
23,139929,74407,2022,New Hampshire,525,University of New Hampshire,,,University of New Hampshire,357,University of New Hampshire,B-,1676,lv,lv,Online,U.S. Senate,2,Class III,2/18/21,2/22/21,11/8/22,,0,,,0,0,2/25/21 09:36,,https://scholars.unh.edu/survey_center_polls/639/,general,8938,Hassan,18225,Margaret Wood Hassan,DEM,46.0
24,139929,74407,2022,New Hampshire,525,University of New Hampshire,,,University of New Hampshire,357,University of New Hampshire,B-,1676,lv,lv,Online,U.S. Senate,2,Class III,2/18/21,2/22/21,11/8/22,,0,,,0,0,2/25/21 09:36,,https://scholars.unh.edu/survey_center_polls/639/,general,8938,Sununu,18226,Christopher Sununu,REP,48.0
25,139930,74407,2022,New Hampshire,525,University of New Hampshire,,,University of New Hampshire,357,University of New Hampshire,B-,1676,lv,lv,Online,U.S. Senate,2,Class III,2/18/21,2/22/21,11/8/22,,0,,,0,0,2/25/21 09:36,,https://scholars.unh.edu/survey_center_polls/639/,general,8938,Hassan,18225,Margaret Wood Hassan,DEM,48.0
26,139930,74407,2022,New Hampshire,525,University of New Hampshire,,,University of New Hampshire,357,University of New Hampshire,B-,1676,lv,lv,Online,U.S. Senate,2,Class III,2/18/21,2/22/21,11/8/22,,0,,,0,0,2/25/21 09:36,,https://scholars.unh.edu/survey_center_polls/639/,general,8938,Ayotte,18227,Kelly Ayotte,REP,43.0
27,139931,74407,2022,New Hampshire,525,University of New Hampshire,,,University of New Hampshire,357,University of New Hampshire,B-,1676,lv,lv,Online,U.S. Senate,2,Class III,2/18/21,2/22/21,11/8/22,,0,,,0,0,2/25/21 09:37,,https://scholars.unh.edu/survey_center_polls/639/,general,8938,Hassan,18225,Margaret Wood Hassan,DEM,52.0
28,139931,74407,2022,New Hampshire,525,University of New Hampshire,,,University of New Hampshire,357,University of New Hampshire,B-,1676,lv,lv,Online,U.S. Senate,2,Class III,2/18/21,2/22/21,11/8/22,,0,,,0,0,2/25/21 09:37,,https://scholars.unh.edu/survey_center_polls/639/,general,8938,Bolduc,18228,Don Bolduc,REP,39.0
29,139932,74407,2022,New Hampshire,525,University of New Hampshire,,,University of New Hampshire,357,University of New Hampshire,B-,1676,lv,lv,Online,U.S. Senate,2,Class III,2/18/21,2/22/21,11/8/22,,0,,,0,0,2/25/21 09:37,,https://scholars.unh.edu/survey_center_polls/639/,general,8938,Hassan,18225,Margaret Wood Hassan,DEM,53.0
30,139932,74407,2022,New Hampshire,525,University of New Hampshire,,,University of New Hampshire,357,University of New Hampshire,B-,1676,lv,lv,Online,U.S. Senate,2,Class III,2/18/21,2/22/21,11/8/22,,0,,,0,0,2/25/21 09:37,,https://scholars.unh.edu/survey_center_polls/639/,general,8938,Lewandowski,18229,Corey Lewandowski,REP,34.0
31,139357,74205,2022,Missouri,1515,Data for Progress,236,MoveOn,Data for Progress,522,Data for Progress,B,571,lv,lv,Online,U.S. Senate,2,Class III,1/10/21,1/12/21,11/8/22,,0,DEM,,0,0,1/20/21 13:38,,https://www.filesforprogress.org/datasets/2021/1/dfp-moveon-missouri-hawley-resignation-polling.pdf,general,8936,Kander,16627,Jason Kander,DEM,44.0
32,139357,74205,2022,Missouri,1515,Data for Progress,236,MoveOn,Data for Progress,522,Data for Progress,B,571,lv,lv,Online,U.S. Senate,2,Class III,1/10/21,1/12/21,11/8/22,,0,DEM,,0,0,1/20/21 13:38,,https://www.filesforprogress.org/datasets/2021/1/dfp-moveon-missouri-hawley-resignation-polling.pdf,general,8936,Blunt,16628,Roy Blunt,REP,45.0
33,138823,73993,2020,Georgia,1528,AtlasIntel,,,AtlasIntel,546,AtlasIntel,A,857,lv,lv,Live Phone/Online,U.S. Senate,0,Class II,1/2/21,1/4/21,1/5/21,,0,,,0,0,1/4/21 19:35,,https://projects.fivethirtyeight.com/polls/20210104_GA_AtlasIntel.pdf,runoff,8737,Ossoff,14567,Jon Ossoff,DEM,51.3
34,138823,73993,2020,Georgia,1528,AtlasIntel,,,AtlasIntel,546,AtlasIntel,A,857,lv,lv,Live Phone/Online,U.S. Senate,0,Class II,1/2/21,1/4/21,1/5/21,,0,,,0,0,1/4/21 19:35,,https://projects.fivethirtyeight.com/polls/20210104_GA_AtlasIntel.pdf,runoff,8737,Perdue,14568,David A. Perdue,REP,46.8
35,138824,73993,2020,Georgia,1528,AtlasIntel,,,AtlasIntel,546,AtlasIntel,A,857,lv,lv,Live Phone/Online,U.S. Senate,2,Class III,1/2/21,1/4/21,1/5/21,,0,,,0,0,1/4/21 19:35,,https://projects.fivethirtyeight.com/polls/20210104_GA_AtlasIntel.pdf,runoff,7781,Warnock,14489,Raphael Warnock,DEM,50.8
36,138824,73993,2020,Georgia,1528,AtlasIntel,,,AtlasIntel,546,AtlasIntel,A,857,lv,lv,Live Phone/Online,U.S. Senate,2,Class III,1/2/21,1/4/21,1/5/21,,0,,,0,0,1/4/21 19:35,,https://projects.fivethirtyeight.com/polls/20210104_GA_AtlasIntel.pdf,runoff,7781,Loeffler,13671,Kelly Loeffler,REP,46.9
37,138845,74006,2020,Georgia,1250,Trafalgar Group,,,Trafalgar Group,338,Trafalgar Group,A-,1056,lv,lv,IVR/Online/Text,U.S. Senate,0,Class II,1/2/21,1/4/21,1/5/21,,0,REP,,0,0,1/5/21 09:57,,https://www.thetrafalgargroup.org/news/ga-sen-0105/,runoff,8737,Ossoff,14567,Jon Ossoff,DEM,49.4
38,138845,74006,2020,Georgia,1250,Trafalgar Group,,,Trafalgar Group,338,Trafalgar Group,A-,1056,lv,lv,IVR/Online/Text,U.S. Senate,0,Class II,1/2/21,1/4/21,1/5/21,,0,REP,,0,0,1/5/21 09:57,,https://www.thetrafalgargroup.org/news/ga-sen-0105/,runoff,8737,Perdue,14568,David A. Perdue,REP,48.5
39,138846,74006,2020,Georgia,1250,Trafalgar Group,,,Trafalgar Group,338,Trafalgar Group,A-,1056,lv,lv,IVR/Online/Text,U.S. Senate,2,Class III,1/2/21,1/4/21,1/5/21,,0,REP,,0,0,1/5/21 09:57,,https://www.thetrafalgargroup.org/news/ga-sen-0105/,runoff,7781,Warnock,14489,Raphael Warnock,DEM,48.4
40,138846,74006,2020,Georgia,1250,Trafalgar Group,,,Trafalgar Group,338,Trafalgar Group,A-,1056,lv,lv,IVR/Online/Text,U.S. Senate,2,Class III,1/2/21,1/4/21,1/5/21,,0,REP,,0,0,1/5/21 09:57,,https://www.thetrafalgargroup.org/news/ga-sen-0105/,runoff,7781,Loeffler,13671,Kelly Loeffler,REP,49.7
41,138821,73992,2020,Georgia,235,Opinion Savvy/InsiderAdvantage,195,Fox 5 Atlanta,InsiderAdvantage,243,Opinion Savvy/InsiderAdvantage,B,500,lv,lv,IVR/Live Phone,U.S. Senate,0,Class II,1/3/21,1/3/21,1/5/21,,0,,,0,0,1/4/21 16:12,,https://insideradvantage.com/2021/01/04/breaking-final-insideradvantage-poll-deadlocked-senate-runoffs/,runoff,8737,Ossoff,14567,Jon Ossoff,DEM,48.6
42,138821,73992,2020,Georgia,235,Opinion Savvy/InsiderAdvantage,195,Fox 5 Atlanta,InsiderAdvantage,243,Opinion Savvy/InsiderAdvantage,B,500,lv,lv,IVR/Live Phone,U.S. Senate,0,Class II,1/3/21,1/3/21,1/5/21,,0,,,0,0,1/4/21 16:12,,https://insideradvantage.com/2021/01/04/breaking-final-insideradvantage-poll-deadlocked-senate-runoffs/,runoff,8737,Perdue,14568,David A. Perdue,REP,48.7
43,138822,73992,2020,Georgia,235,Opinion Savvy/InsiderAdvantage,195,Fox 5 Atlanta,InsiderAdvantage,243,Opinion Savvy/InsiderAdvantage,B,500,lv,lv,IVR/Live Phone,U.S. Senate,2,Class III,1/3/21,1/3/21,1/5/21,,0,,,0,0,1/4/21 16:12,,https://insideradvantage.com/2021/01/04/breaking-final-insideradvantage-poll-deadlocked-senate-runoffs/,runoff,7781,Warnock,14489,Raphael Warnock,DEM,48.7
44,138822,73992,2020,Georgia,235,Opinion Savvy/InsiderAdvantage,195,Fox 5 Atlanta,InsiderAdvantage,243,Opinion Savvy/InsiderAdvantage,B,500,lv,lv,IVR/Live Phone,U.S. Senate,2,Class III,1/3/21,1/3/21,1/5/21,,0,,,0,0,1/4/21 16:12,,https://insideradvantage.com/2021/01/04/breaking-final-insideradvantage-poll-deadlocked-senate-runoffs/,runoff,7781,Loeffler,13671,Kelly Loeffler,REP,49.2
45,138819,73991,2020,Georgia,334,National Research Inc.,1603,Preserve America PAC,National Research Inc.,225,National Research Inc.,A/B,500,lv,lv,Live Phone,U.S. Senate,0,Class II,1/2/21,1/3/21,1/5/21,,0,REP,,0,0,1/4/21 16:08,,https://www.axios.com/republican-poll-shows-statistical-tie-in-georgia-7c817124-5c12-40a5-a170-2db1bd105209.html,runoff,8737,Ossoff,14567,Jon Ossoff,DEM,46.0
46,138819,73991,2020,Georgia,334,National Research Inc.,1603,Preserve America PAC,National Research Inc.,225,National Research Inc.,A/B,500,lv,lv,Live Phone,U.S. Senate,0,Class II,1/2/21,1/3/21,1/5/21,,0,REP,,0,0,1/4/21 16:08,,https://www.axios.com/republican-poll-shows-statistical-tie-in-georgia-7c817124-5c12-40a5-a170-2db1bd105209.html,runoff,8737,Perdue,14568,David A. Perdue,REP,45.0
47,138820,73991,2020,Georgia,334,National Research Inc.,1603,Preserve America PAC,National Research Inc.,225,National Research Inc.,A/B,500,lv,lv,Live Phone,U.S. Senate,2,Class III,1/2/21,1/3/21,1/5/21,,0,REP,,0,0,1/4/21 16:08,,https://www.axios.com/republican-poll-shows-statistical-tie-in-georgia-7c817124-5c12-40a5-a170-2db1bd105209.html,runoff,7781,Warnock,14489,Raphael Warnock,DEM,46.0
48,138820,73991,2020,Georgia,334,National Research Inc.,1603,Preserve America PAC,National Research Inc.,225,National Research Inc.,A/B,500,lv,lv,Live Phone,U.S. Senate,2,Class III,1/2/21,1/3/21,1/5/21,,0,REP,,0,0,1/4/21 16:08,,https://www.axios.com/republican-poll-shows-statistical-tie-in-georgia-7c817124-5c12-40a5-a170-2db1bd105209.html,runoff,7781,Loeffler,13671,Kelly Loeffler,REP,45.0
49,138753,73958,2020,Georgia,1613,"University of Nevada, Las Vegas Lee Business School",,,University of Nevada Las Vegas Lee Business School,609,"University of Nevada, Las Vegas Lee Business School",B/C,550,lv,lv,Online,U.S. Senate,0,Class II,12/30/20,1/3/21,1/5/21,,0,,,0,0,1/4/21 08:08,,https://busr.ag/georgia-senate-poll,runoff,8737,Ossoff,14567,Jon Ossoff,DEM,47.8
50,138753,73958,2020,Georgia,1613,"University of Nevada, Las Vegas Lee Business School",,,University of Nevada Las Vegas Lee Business School,609,"University of Nevada, Las Vegas Lee Business School",B/C,550,lv,lv,Online,U.S. Senate,0,Class II,12/30/20,1/3/21,1/5/21,,0,,,0,0,1/4/21 08:08,,https://busr.ag/georgia-senate-poll,runoff,8737,Perdue,14568,David A. Perdue,REP,48.9
51,138754,73958,2020,Georgia,1613,"University of Nevada, Las Vegas Lee Business School",,,University of Nevada Las Vegas Lee Business School,609,"University of Nevada, Las Vegas Lee Business School",B/C,550,lv,lv,Online,U.S. Senate,2,Class III,12/30/20,1/3/21,1/5/21,,0,,,0,0,1/4/21 08:08,,https://busr.ag/georgia-senate-poll,runoff,7781,Warnock,14489,Raphael Warnock,DEM,47.7
52,138754,73958,2020,Georgia,1613,"University of Nevada, Las Vegas Lee Business School",,,University of Nevada Las Vegas Lee Business School,609,"University of Nevada, Las Vegas Lee Business School",B/C,550,lv,lv,Online,U.S. Senate,2,Class III,12/30/20,1/3/21,1/5/21,,0,,,0,0,1/4/21 08:08,,https://busr.ag/georgia-senate-poll,runoff,7781,Loeffler,13671,Kelly Loeffler,REP,48.6
53,138755,73959,2020,Georgia,1477,Targoz Market Research,,,Targoz Market Research,454,Targoz Market Research,B/C,713,lv,lv,Online,U.S. Senate,0,Class II,12/30/20,1/3/21,1/5/21,,0,,,0,0,1/4/21 08:08,,https://www.pollsmartmr.com/latest-polls-1/poll-the-georgia-runoffs-are-a-dead-heat,runoff,8737,Ossoff,14567,Jon Ossoff,DEM,50.0
54,138755,73959,2020,Georgia,1477,Targoz Market Research,,,Targoz Market Research,454,Targoz Market Research,B/C,713,lv,lv,Online,U.S. Senate,0,Class II,12/30/20,1/3/21,1/5/21,,0,,,0,0,1/4/21 08:08,,https://www.pollsmartmr.com/latest-polls-1/poll-the-georgia-runoffs-are-a-dead-heat,runoff,8737,Perdue,14568,David A. Perdue,REP,50.0
55,138756,73959,2020,Georgia,1477,Targoz Market Research,,,Targoz Market Research,454,Targoz Market Research,B/C,713,lv,lv,Online,U.S. Senate,2,Class III,12/30/20,1/3/21,1/5/21,,0,,,0,0,1/4/21 08:08,,https://www.pollsmartmr.com/latest-polls-1/poll-the-georgia-runoffs-are-a-dead-heat,runoff,7781,Warnock,14489,Raphael Warnock,DEM,51.0
56,138756,73959,2020,Georgia,1477,Targoz Market Research,,,Targoz Market Research,454,Targoz Market Research,B/C,713,lv,lv,Online,U.S. Senate,2,Class III,12/30/20,1/3/21,1/5/21,,0,,,0,0,1/4/21 08:08,,https://www.pollsmartmr.com/latest-polls-1/poll-the-georgia-runoffs-are-a-dead-heat,runoff,7781,Loeffler,13671,Kelly Loeffler,REP,49.0
57,138757,73959,2020,Georgia,1477,Targoz Market Research,,,Targoz Market Research,454,Targoz Market Research,B/C,1342,rv,rv,Online,U.S. Senate,0,Class II,12/30/20,1/3/21,1/5/21,,0,,,0,0,1/4/21 08:08,,https://www.pollsmartmr.com/latest-polls-1/poll-the-georgia-runoffs-are-a-dead-heat,runoff,8737,Ossoff,14567,Jon Ossoff,DEM,51.0
58,138757,73959,2020,Georgia,1477,Targoz Market Research,,,Targoz Market Research,454,Targoz Market Research,B/C,1342,rv,rv,Online,U.S. Senate,0,Class II,12/30/20,1/3/21,1/5/21,,0,,,0,0,1/4/21 08:08,,https://www.pollsmartmr.com/latest-polls-1/poll-the-georgia-runoffs-are-a-dead-heat,runoff,8737,Perdue,14568,David A. Perdue,REP,47.0
59,138758,73959,2020,Georgia,1477,Targoz Market Research,,,Targoz Market Research,454,Targoz Market Research,B/C,1342,rv,rv,Online,U.S. Senate,2,Class III,12/30/20,1/3/21,1/5/21,,0,,,0,0,1/4/21 08:08,,https://www.pollsmartmr.com/latest-polls-1/poll-the-georgia-runoffs-are-a-dead-heat,runoff,7781,Warnock,14489,Raphael Warnock,DEM,49.0
60,138758,73959,2020,Georgia,1477,Targoz Market Research,,,Targoz Market Research,454,Targoz Market Research,B/C,1342,rv,rv,Online,U.S. Senate,2,Class III,12/30/20,1/3/21,1/5/21,,0,,,0,0,1/4/21 08:08,,https://www.pollsmartmr.com/latest-polls-1/poll-the-georgia-runoffs-are-a-dead-heat,runoff,7781,Loeffler,13671,Kelly Loeffler,REP,48.0
61,138751,73957,2020,Georgia,1528,AtlasIntel,,,AtlasIntel,546,AtlasIntel,A,1680,lv,lv,Live Phone/Online,U.S. Senate,0,Class II,12/25/20,1/1/21,1/5/21,,0,,,0,0,1/3/21 14:44,,https://projects.fivethirtyeight.com/polls/20210103_GA_AtlasIntel.pdf,runoff,8737,Ossoff,14567,Jon Ossoff,DEM,51.3
62,138751,73957,2020,Georgia,1528,AtlasIntel,,,AtlasIntel,546,AtlasIntel,A,1680,lv,lv,Live Phone/Online,U.S. Senate,0,Class II,12/25/20,1/1/21,1/5/21,,0,,,0,0,1/3/21 14:44,,https://projects.fivethirtyeight.com/polls/20210103_GA_AtlasIntel.pdf,runoff,8737,Perdue,14568,David A. Perdue,REP,47.0
63,138752,73957,2020,Georgia,1528,AtlasIntel,,,AtlasIntel,546,AtlasIntel,A,1680,lv,lv,Live Phone/Online,U.S. Senate,2,Class III,12/25/20,1/1/21,1/5/21,,0,,,0,0,1/3/21 14:44,,https://projects.fivethirtyeight.com/polls/20210103_GA_AtlasIntel.pdf,runoff,7781,Warnock,14489,Raphael Warnock,DEM,51.1
64,138752,73957,2020,Georgia,1528,AtlasIntel,,,AtlasIntel,546,AtlasIntel,A,1680,lv,lv,Live Phone/Online,U.S. Senate,2,Class III,12/25/20,1/1/21,1/5/21,,0,,,0,0,1/3/21 14:44,,https://projects.fivethirtyeight.com/polls/20210103_GA_AtlasIntel.pdf,runoff,7781,Loeffler,13671,Kelly Loeffler,REP,46.9
65,138744,73956,2020,Georgia,801,Gravis Marketing,,,Gravis Marketing,124,Gravis Marketing,B,1011,lv,lv,IVR/Online,U.S. Senate,0,Class II,12/29/20,12/30/20,1/5/21,,0,,,0,0,1/2/21 13:53,,https://gravismarketing.com/wp-content/uploads/2021/01/Georgia-January-1-2021.pdf,runoff,8737,Ossoff,14567,Jon Ossoff,DEM,50.0
66,138744,73956,2020,Georgia,801,Gravis Marketing,,,Gravis Marketing,124,Gravis Marketing,B,1011,lv,lv,IVR/Online,U.S. Senate,0,Class II,12/29/20,12/30/20,1/5/21,,0,,,0,0,1/2/21 13:53,,https://gravismarketing.com/wp-content/uploads/2021/01/Georgia-January-1-2021.pdf,runoff,8737,Perdue,14568,David A. Perdue,REP,47.0
67,138745,73956,2020,Georgia,801,Gravis Marketing,,,Gravis Marketing,124,Gravis Marketing,B,1011,lv,lv,IVR/Online,U.S. Senate,2,Class III,12/29/20,12/30/20,1/5/21,,0,,,0,0,1/2/21 13:53,,https://gravismarketing.com/wp-content/uploads/2021/01/Georgia-January-1-2021.pdf,runoff,7781,Warnock,14489,Raphael Warnock,DEM,49.0
68,138745,73956,2020,Georgia,801,Gravis Marketing,,,Gravis Marketing,124,Gravis Marketing,B,1011,lv,lv,IVR/Online,U.S. Senate,2,Class III,12/29/20,12/30/20,1/5/21,,0,,,0,0,1/2/21 13:53,,https://gravismarketing.com/wp-content/uploads/2021/01/Georgia-January-1-2021.pdf,runoff,7781,Loeffler,13671,Kelly Loeffler,REP,47.0
69,138671,73908,2020,Georgia,621,JMC Analytics,,,JMC Analytics,156,JMC Analytics,B/C,500,lv,lv,IVR/Live Phone,U.S. Senate,0,Class II,12/28/20,12/29/20,1/5/21,,0,,,0,0,12/30/20 10:26,,https://winwithjmc.com/wp-content/uploads/2020/12/Georgia-Senate-Runoff-Executive-Summary.pdf,runoff,8737,Ossoff,14567,Jon Ossoff,DEM,53.0
70,138671,73908,2020,Georgia,621,JMC Analytics,,,JMC Analytics,156,JMC Analytics,B/C,500,lv,lv,IVR/Live Phone,U.S. Senate,0,Class II,12/28/20,12/29/20,1/5/21,,0,,,0,0,12/30/20 10:26,,https://winwithjmc.com/wp-content/uploads/2020/12/Georgia-Senate-Runoff-Executive-Summary.pdf,runoff,8737,Perdue,14568,David A. Perdue,REP,45.0
71,138672,73908,2020,Georgia,621,JMC Analytics,,,JMC Analytics,156,JMC Analytics,B/C,500,lv,lv,IVR/Live Phone,U.S. Senate,2,Class III,12/28/20,12/29/20,1/5/21,,0,,,0,0,12/30/20 10:26,,https://winwithjmc.com/wp-content/uploads/2020/12/Georgia-Senate-Runoff-Executive-Summary.pdf,runoff,7781,Warnock,14489,Raphael Warnock,DEM,54.0
72,138672,73908,2020,Georgia,621,JMC Analytics,,,JMC Analytics,156,JMC Analytics,B/C,500,lv,lv,IVR/Live Phone,U.S. Senate,2,Class III,12/28/20,12/29/20,1/5/21,,0,,,0,0,12/30/20 10:26,,https://winwithjmc.com/wp-content/uploads/2020/12/Georgia-Senate-Runoff-Executive-Summary.pdf,runoff,7781,Loeffler,13671,Kelly Loeffler,REP,45.0
73,138663,73906,2020,Georgia,1250,Trafalgar Group,,,Trafalgar Group,338,Trafalgar Group,A-,1022,lv,lv,IVR/Online/Text,U.S. Senate,0,Class II,12/23/20,12/27/20,1/5/21,,0,REP,,0,0,12/29/20 13:14,,https://www.thetrafalgargroup.org/news/ga-sen-122/,runoff,8737,Ossoff,14567,Jon Ossoff,DEM,50.4
74,138663,73906,2020,Georgia,1250,Trafalgar Group,,,Trafalgar Group,338,Trafalgar Group,A-,1022,lv,lv,IVR/Online/Text,U.S. Senate,0,Class II,12/23/20,12/27/20,1/5/21,,0,REP,,0,0,12/29/20 13:14,,https://www.thetrafalgargroup.org/news/ga-sen-122/,runoff,8737,Perdue,14568,David A. Perdue,REP,47.7
75,138664,73906,2020,Georgia,1250,Trafalgar Group,,,Trafalgar Group,338,Trafalgar Group,A-,1022,lv,lv,IVR/Online/Text,U.S. Senate,2,Class III,12/23/20,12/27/20,1/5/21,,0,REP,,0,0,12/29/20 13:14,,https://www.thetrafalgargroup.org/news/ga-sen-122/,runoff,7781,Warnock,14489,Raphael Warnock,DEM,49.6
76,138664,73906,2020,Georgia,1250,Trafalgar Group,,,Trafalgar Group,338,Trafalgar Group,A-,1022,lv,lv,IVR/Online/Text,U.S. Senate,2,Class III,12/23/20,12/27/20,1/5/21,,0,REP,,0,0,12/29/20 13:14,,https://www.thetrafalgargroup.org/news/ga-sen-122/,runoff,7781,Loeffler,13671,Kelly Loeffler,REP,48.8
77,138646,73898,2020,Georgia,1661,Open Model Project,1597,American Civics Exchange,Open Model Project,629,Open Model Project,B/C,1405,lv,lv,IVR/Online,U.S. Senate,0,Class II,12/21/20,12/27/20,1/5/21,,0,,,0,0,12/29/20 09:22,,https://www.openmodelproject.org/ga-poll-runoff-method/,runoff,8737,Ossoff,14567,Jon Ossoff,DEM,45.6
78,138646,73898,2020,Georgia,1661,Open Model Project,1597,American Civics Exchange,Open Model Project,629,Open Model Project,B/C,1405,lv,lv,IVR/Online,U.S. Senate,0,Class II,12/21/20,12/27/20,1/5/21,,0,,,0,0,12/29/20 09:22,,https://www.openmodelproject.org/ga-poll-runoff-method/,runoff,8737,Perdue,14568,David A. Perdue,REP,49.5
79,138647,73898,2020,Georgia,1661,Open Model Project,1597,American Civics Exchange,Open Model Project,629,Open Model Project,B/C,1405,lv,lv,IVR/Online,U.S. Senate,2,Class III,12/21/20,12/27/20,1/5/21,,0,,,0,0,12/29/20 09:22,,https://www.openmodelproject.org/ga-poll-runoff-method/,runoff,7781,Warnock,14489,Raphael Warnock,DEM,46.2
80,138647,73898,2020,Georgia,1661,Open Model Project,1597,American Civics Exchange,Open Model Project,629,Open Model Project,B/C,1405,lv,lv,IVR/Online,U.S. Senate,2,Class III,12/21/20,12/27/20,1/5/21,,0,,,0,0,12/29/20 09:22,,https://www.openmodelproject.org/ga-poll-runoff-method/,runoff,7781,Loeffler,13671,Kelly Loeffler,REP,50.3
81,138617,73886,2020,Georgia,235,Opinion Savvy/InsiderAdvantage,195,Fox 5 Atlanta,InsiderAdvantage,243,Opinion Savvy/InsiderAdvantage,B,500,lv,lv,IVR/Live Phone,U.S. Senate,0,Class II,12/21/20,12/22/20,1/5/21,,0,,,0,0,12/23/20 15:47,,https://insideradvantage.com/2020/12/23/poll-perdue-up-over-ossoff-loeffler-falls-behind-warnock/,runoff,8737,Ossoff,14567,Jon Ossoff,DEM,47.5
82,138617,73886,2020,Georgia,235,Opinion Savvy/InsiderAdvantage,195,Fox 5 Atlanta,InsiderAdvantage,243,Opinion Savvy/InsiderAdvantage,B,500,lv,lv,IVR/Live Phone,U.S. Senate,0,Class II,12/21/20,12/22/20,1/5/21,,0,,,0,0,12/23/20 15:47,,https://insideradvantage.com/2020/12/23/poll-perdue-up-over-ossoff-loeffler-falls-behind-warnock/,runoff,8737,Perdue,14568,David A. Perdue,REP,49.4
83,138618,73886,2020,Georgia,235,Opinion Savvy/InsiderAdvantage,195,Fox 5 Atlanta,InsiderAdvantage,243,Opinion Savvy/InsiderAdvantage,B,500,lv,lv,IVR/Live Phone,U.S. Senate,2,Class III,12/21/20,12/22/20,1/5/21,,0,,,0,0,12/23/20 15:47,,https://insideradvantage.com/2020/12/23/poll-perdue-up-over-ossoff-loeffler-falls-behind-warnock/,runoff,7781,Warnock,14489,Raphael Warnock,DEM,48.5
84,138618,73886,2020,Georgia,235,Opinion Savvy/InsiderAdvantage,195,Fox 5 Atlanta,InsiderAdvantage,243,Opinion Savvy/InsiderAdvantage,B,500,lv,lv,IVR/Live Phone,U.S. Senate,2,Class III,12/21/20,12/22/20,1/5/21,,0,,,0,0,12/23/20 15:47,,https://insideradvantage.com/2020/12/23/poll-perdue-up-over-ossoff-loeffler-falls-behind-warnock/,runoff,7781,Loeffler,13671,Kelly Loeffler,REP,47.3
85,138741,73955,2020,Georgia,299,Mellman Group,1602,Democratic Majority for Israel PAC,Mellman Group,205,Mellman Group,B/C,578,lv,lv,Live Phone/Text,U.S. Senate,0,Class II,12/18/20,12/22/20,1/5/21,,0,DEM,,0,0,12/31/20 14:57,,https://projects.fivethirtyeight.com/polls/20201231_GA_Mellman.pdf,runoff,8737,Ossoff,14567,Jon Ossoff,DEM,50.0
86,138741,73955,2020,Georgia,299,Mellman Group,1602,Democratic Majority for Israel PAC,Mellman Group,205,Mellman Group,B/C,578,lv,lv,Live Phone/Text,U.S. Senate,0,Class II,12/18/20,12/22/20,1/5/21,,0,DEM,,0,0,12/31/20 14:57,,https://projects.fivethirtyeight.com/polls/20201231_GA_Mellman.pdf,runoff,8737,Perdue,14568,David A. Perdue,REP,47.0
87,138742,73955,2020,Georgia,299,Mellman Group,1602,Democratic Majority for Israel PAC,Mellman Group,205,Mellman Group,B/C,578,lv,lv,Live Phone/Text,U.S. Senate,2,Class III,12/18/20,12/22/20,1/5/21,,0,DEM,,0,0,12/31/20 14:57,,https://projects.fivethirtyeight.com/polls/20201231_GA_Mellman.pdf,runoff,7781,Warnock,14489,Raphael Warnock,DEM,50.0
88,138742,73955,2020,Georgia,299,Mellman Group,1602,Democratic Majority for Israel PAC,Mellman Group,205,Mellman Group,B/C,578,lv,lv,Live Phone/Text,U.S. Senate,2,Class III,12/18/20,12/22/20,1/5/21,,0,DEM,,0,0,12/31/20 14:57,,https://projects.fivethirtyeight.com/polls/20201231_GA_Mellman.pdf,runoff,7781,Loeffler,13671,Kelly Loeffler,REP,47.0
89,138628,73888,2020,Georgia,1659,Reconnect Research/Probolsky Research,,,Reconnect Research/Probolsky Research,651,Reconnect Research/Probolsky Research,B/C,1027,lv,lv,IVR,U.S. Senate,0,Class II,12/14/20,12/22/20,1/5/21,,0,,,0,0,12/24/20 09:12,,https://www.probolskyresearch.com/2020/12/23/perdue-and-warnock-lead-by-the-slimmest-of-margins-in-georgia-senate-runoff-election/,runoff,8737,Ossoff,14567,Jon Ossoff,DEM,42.0
90,138628,73888,2020,Georgia,1659,Reconnect Research/Probolsky Research,,,Reconnect Research/Probolsky Research,651,Reconnect Research/Probolsky Research,B/C,1027,lv,lv,IVR,U.S. Senate,0,Class II,12/14/20,12/22/20,1/5/21,,0,,,0,0,12/24/20 09:12,,https://www.probolskyresearch.com/2020/12/23/perdue-and-warnock-lead-by-the-slimmest-of-margins-in-georgia-senate-runoff-election/,runoff,8737,Perdue,14568,David A. Perdue,REP,43.0
91,138629,73888,2020,Georgia,1659,Reconnect Research/Probolsky Research,,,Reconnect Research/Probolsky Research,651,Reconnect Research/Probolsky Research,B/C,1027,lv,lv,IVR,U.S. Senate,2,Class III,12/14/20,12/22/20,1/5/21,,0,,,0,0,12/24/20 09:13,,https://www.probolskyresearch.com/2020/12/23/perdue-and-warnock-lead-by-the-slimmest-of-margins-in-georgia-senate-runoff-election/,runoff,7781,Warnock,14489,Raphael Warnock,DEM,43.0
92,138629,73888,2020,Georgia,1659,Reconnect Research/Probolsky Research,,,Reconnect Research/Probolsky Research,651,Reconnect Research/Probolsky Research,B/C,1027,lv,lv,IVR,U.S. Senate,2,Class III,12/14/20,12/22/20,1/5/21,,0,,,0,0,12/24/20 09:13,,https://www.probolskyresearch.com/2020/12/23/perdue-and-warnock-lead-by-the-slimmest-of-margins-in-georgia-senate-runoff-election/,runoff,7781,Loeffler,13671,Kelly Loeffler,REP,42.0
93,138540,73860,2020,Georgia,460,SurveyUSA,147,WXIA-TV,SurveyUSA,325,SurveyUSA,A,600,lv,lv,Online,U.S. Senate,0,Class II,12/16/20,12/20/20,1/5/21,,0,,,0,0,12/22/20 08:37,,http://www.surveyusa.com/client/PollReport.aspx?g=bbb4e7fb-04c1-4b0f-b0b4-dbdb743cae4e,runoff,8737,Ossoff,14567,Jon Ossoff,DEM,51.0
94,138540,73860,2020,Georgia,460,SurveyUSA,147,WXIA-TV,SurveyUSA,325,SurveyUSA,A,600,lv,lv,Online,U.S. Senate,0,Class II,12/16/20,12/20/20,1/5/21,,0,,,0,0,12/22/20 08:37,,http://www.surveyusa.com/client/PollReport.aspx?g=bbb4e7fb-04c1-4b0f-b0b4-dbdb743cae4e,runoff,8737,Perdue,14568,David A. Perdue,REP,46.0
95,138541,73860,2020,Georgia,460,SurveyUSA,147,WXIA-TV,SurveyUSA,325,SurveyUSA,A,600,lv,lv,Online,U.S. Senate,2,Class III,12/16/20,12/20/20,1/5/21,,0,,,0,0,12/22/20 08:37,,http://www.surveyusa.com/client/PollReport.aspx?g=bbb4e7fb-04c1-4b0f-b0b4-dbdb743cae4e,runoff,7781,Warnock,14489,Raphael Warnock,DEM,52.0
96,138541,73860,2020,Georgia,460,SurveyUSA,147,WXIA-TV,SurveyUSA,325,SurveyUSA,A,600,lv,lv,Online,U.S. Senate,2,Class III,12/16/20,12/20/20,1/5/21,,0,,,0,0,12/22/20 08:37,,http://www.surveyusa.com/client/PollReport.aspx?g=bbb4e7fb-04c1-4b0f-b0b4-dbdb743cae4e,runoff,7781,Loeffler,13671,Kelly Loeffler,REP,45.0
97,138448,73801,2020,Georgia,1102,Emerson College,,,Emerson College,88,Emerson College,A-,605,lv,lv,IVR/Online,U.S. Senate,0,Class II,12/14/20,12/16/20,1/5/21,,0,,,0,0,12/16/20 22:21,,https://emersonpolling.reportablenews.com/pr/georgia-2020-incumbent-republicans-with-slight-advantages-in-senate-run-offs,runoff,8737,Ossoff,14567,Jon Ossoff,DEM,49.0
98,138448,73801,2020,Georgia,1102,Emerson College,,,Emerson College,88,Emerson College,A-,605,lv,lv,IVR/Online,U.S. Senate,0,Class II,12/14/20,12/16/20,1/5/21,,0,,,0,0,12/16/20 22:21,,https://emersonpolling.reportablenews.com/pr/georgia-2020-incumbent-republicans-with-slight-advantages-in-senate-run-offs,runoff,8737,Perdue,14568,David A. Perdue,REP,51.0
99,138449,73801,2020,Georgia,1102,Emerson College,,,Emerson College,88,Emerson College,A-,605,lv,lv,IVR/Online,U.S. Senate,2,Class III,12/14/20,12/16/20,1/5/21,,0,,,0,0,12/16/20 22:21,,https://emersonpolling.reportablenews.com/pr/georgia-2020-incumbent-republicans-with-slight-advantages-in-senate-run-offs,runoff,7781,Warnock,14489,Raphael Warnock,DEM,48.8
100,138449,73801,2020,Georgia,1102,Emerson College,,,Emerson College,88,Emerson College,A-,605,lv,lv,IVR/Online,U.S. Senate,2,Class III,12/14/20,12/16/20,1/5/21,,0,,,0,0,12/16/20 22:21,,https://emersonpolling.reportablenews.com/pr/georgia-2020-incumbent-republicans-with-slight-advantages-in-senate-run-offs,runoff,7781,Loeffler,13671,Kelly Loeffler,REP,51.2
101,138503,73835,2020,Georgia,1250,Trafalgar Group,,,Trafalgar Group,338,Trafalgar Group,A-,1064,lv,lv,IVR/Online/Text,U.S. Senate,0,Class II,12/14/20,12/16/20,1/5/21,,0,REP,,0,0,12/18/20 22:03,,https://www.thetrafalgargroup.org/news/ga-sen-dec-18/,runoff,8737,Ossoff,14567,Jon Ossoff,DEM,47.5
102,138503,73835,2020,Georgia,1250,Trafalgar Group,,,Trafalgar Group,338,Trafalgar Group,A-,1064,lv,lv,IVR/Online/Text,U.S. Senate,0,Class II,12/14/20,12/16/20,1/5/21,,0,REP,,0,0,12/18/20 22:03,,https://www.thetrafalgargroup.org/news/ga-sen-dec-18/,runoff,8737,Perdue,14568,David A. Perdue,REP,50.2
103,138504,73835,2020,Georgia,1250,Trafalgar Group,,,Trafalgar Group,338,Trafalgar Group,A-,1064,lv,lv,IVR/Online/Text,U.S. Senate,2,Class III,12/14/20,12/16/20,1/5/21,,0,REP,,0,0,12/18/20 22:04,,https://www.thetrafalgargroup.org/news/ga-sen-dec-18/,runoff,7781,Warnock,14489,Raphael Warnock,DEM,45.5
104,138504,73835,2020,Georgia,1250,Trafalgar Group,,,Trafalgar Group,338,Trafalgar Group,A-,1064,lv,lv,IVR/Online/Text,U.S. Senate,2,Class III,12/14/20,12/16/20,1/5/21,,0,REP,,0,0,12/18/20 22:04,,https://www.thetrafalgargroup.org/news/ga-sen-dec-18/,runoff,7781,Loeffler,13671,Kelly Loeffler,REP,52.2
105,138389,73789,2020,Georgia,235,Opinion Savvy/InsiderAdvantage,195,Fox 5 Atlanta,InsiderAdvantage,243,Opinion Savvy/InsiderAdvantage,B,500,lv,lv,IVR/Live Phone,U.S. Senate,0,Class II,12/14/20,12/14/20,1/5/21,,0,,,0,0,12/15/20 18:11,,https://insideradvantage.com/wp-content/uploads/2020/12/Runoff-Poll-Crosstabs.pdf,runoff,8737,Ossoff,14567,Jon Ossoff,DEM,47.8
106,138389,73789,2020,Georgia,235,Opinion Savvy/InsiderAdvantage,195,Fox 5 Atlanta,InsiderAdvantage,243,Opinion Savvy/InsiderAdvantage,B,500,lv,lv,IVR/Live Phone,U.S. Senate,0,Class II,12/14/20,12/14/20,1/5/21,,0,,,0,0,12/15/20 18:11,,https://insideradvantage.com/wp-content/uploads/2020/12/Runoff-Poll-Crosstabs.pdf,runoff,8737,Perdue,14568,David A. Perdue,REP,49.0
107,138390,73789,2020,Georgia,235,Opinion Savvy/InsiderAdvantage,195,Fox 5 Atlanta,InsiderAdvantage,243,Opinion Savvy/InsiderAdvantage,B,500,lv,lv,IVR/Live Phone,U.S. Senate,2,Class III,12/14/20,12/14/20,1/5/21,,0,,,0,0,12/15/20 18:11,,https://insideradvantage.com/wp-content/uploads/2020/12/Runoff-Poll-Crosstabs.pdf,runoff,7781,Warnock,14489,Raphael Warnock,DEM,48.0
108,138390,73789,2020,Georgia,235,Opinion Savvy/InsiderAdvantage,195,Fox 5 Atlanta,InsiderAdvantage,243,Opinion Savvy/InsiderAdvantage,B,500,lv,lv,IVR/Live Phone,U.S. Senate,2,Class III,12/14/20,12/14/20,1/5/21,,0,,,0,0,12/15/20 18:11,,https://insideradvantage.com/wp-content/uploads/2020/12/Runoff-Poll-Crosstabs.pdf,runoff,7781,Loeffler,13671,Kelly Loeffler,REP,49.2
109,138492,73831,2020,Georgia,1642,Wick,,,Wick,284,Wick,A/B,1500,lv,lv,IVR/Online,U.S. Senate,0,Class II,12/10/20,12/14/20,1/5/21,,0,,,0,0,12/17/20 21:48,,https://medium.com/wick-research/ga-senate-runoff-poll-results-a6635c8cd3cf,runoff,8737,Ossoff,14567,Jon Ossoff,DEM,46.7
110,138492,73831,2020,Georgia,1642,Wick,,,Wick,284,Wick,A/B,1500,lv,lv,IVR/Online,U.S. Senate,0,Class II,12/10/20,12/14/20,1/5/21,,0,,,0,0,12/17/20 21:48,,https://medium.com/wick-research/ga-senate-runoff-poll-results-a6635c8cd3cf,runoff,8737,Perdue,14568,David A. Perdue,REP,50.8
111,138493,73831,2020,Georgia,1642,Wick,,,Wick,284,Wick,A/B,1500,lv,lv,IVR/Online,U.S. Senate,2,Class III,12/10/20,12/14/20,1/5/21,,0,,,0,0,12/17/20 21:48,,https://medium.com/wick-research/ga-senate-runoff-poll-results-a6635c8cd3cf,runoff,7781,Warnock,14489,Raphael Warnock,DEM,47.7
112,138493,73831,2020,Georgia,1642,Wick,,,Wick,284,Wick,A/B,1500,lv,lv,IVR/Online,U.S. Senate,2,Class III,12/10/20,12/14/20,1/5/21,,0,,,0,0,12/17/20 21:48,,https://medium.com/wick-research/ga-senate-runoff-poll-results-a6635c8cd3cf,runoff,7781,Loeffler,13671,Kelly Loeffler,REP,50.2
113,138507,73838,2020,Georgia,1554,RMG Research,1475,PoliticalIQ,RMG Research,555,RMG Research,B-,1417,lv,lv,Online/Text,U.S. Senate,0,Class II,12/8/20,12/14/20,1/5/21,,0,,,0,0,12/21/20 09:31,,https://politicaliq.com/2020/12/21/georgia-senate-races-nobodys-at-50-yet/,runoff,8737,Ossoff,14567,Jon Ossoff,DEM,49.0
114,138507,73838,2020,Georgia,1554,RMG Research,1475,PoliticalIQ,RMG Research,555,RMG Research,B-,1417,lv,lv,Online/Text,U.S. Senate,0,Class II,12/8/20,12/14/20,1/5/21,,0,,,0,0,12/21/20 09:31,,https://politicaliq.com/2020/12/21/georgia-senate-races-nobodys-at-50-yet/,runoff,8737,Perdue,14568,David A. Perdue,REP,47.0
115,138508,73838,2020,Georgia,1554,RMG Research,1475,PoliticalIQ,RMG Research,555,RMG Research,B-,1417,lv,lv,Online/Text,U.S. Senate,2,Class III,12/8/20,12/14/20,1/5/21,,0,,,0,0,12/21/20 09:32,,https://politicaliq.com/2020/12/21/georgia-senate-races-nobodys-at-50-yet/,runoff,7781,Warnock,14489,Raphael Warnock,DEM,49.0
116,138508,73838,2020,Georgia,1554,RMG Research,1475,PoliticalIQ,RMG Research,555,RMG Research,B-,1417,lv,lv,Online/Text,U.S. Senate,2,Class III,12/8/20,12/14/20,1/5/21,,0,,,0,0,12/21/20 09:32,,https://politicaliq.com/2020/12/21/georgia-senate-races-nobodys-at-50-yet/,runoff,7781,Loeffler,13671,Kelly Loeffler,REP,48.0
117,138266,73702,2020,Georgia,1250,Trafalgar Group,,,Trafalgar Group,338,Trafalgar Group,A-,1018,lv,lv,IVR/Online/Text,U.S. Senate,0,Class II,12/8/20,12/10/20,1/5/21,,0,REP,,0,0,12/12/20 12:16,,https://www.thetrafalgargroup.org/news/ga-sen-1211/,runoff,8737,Ossoff,14567,Jon Ossoff,DEM,49.1
118,138266,73702,2020,Georgia,1250,Trafalgar Group,,,Trafalgar Group,338,Trafalgar Group,A-,1018,lv,lv,IVR/Online/Text,U.S. Senate,0,Class II,12/8/20,12/10/20,1/5/21,,0,REP,,0,0,12/12/20 12:16,,https://www.thetrafalgargroup.org/news/ga-sen-1211/,runoff,8737,Perdue,14568,David A. Perdue,REP,48.8
119,138267,73702,2020,Georgia,1250,Trafalgar Group,,,Trafalgar Group,338,Trafalgar Group,A-,1018,lv,lv,IVR/Online/Text,U.S. Senate,2,Class III,12/8/20,12/10/20,1/5/21,,0,REP,,0,0,12/12/20 12:16,,https://www.thetrafalgargroup.org/news/ga-sen-1211/,runoff,7781,Warnock,14489,Raphael Warnock,DEM,47.3
120,138267,73702,2020,Georgia,1250,Trafalgar Group,,,Trafalgar Group,338,Trafalgar Group,A-,1018,lv,lv,IVR/Online/Text,U.S. Senate,2,Class III,12/8/20,12/10/20,1/5/21,,0,REP,,0,0,12/12/20 12:16,,https://www.thetrafalgargroup.org/news/ga-sen-1211/,runoff,7781,Loeffler,13671,Kelly Loeffler,REP,50.4
121,138229,73672,2020,Georgia,1617,Fabrizio Ward/Hart Research Associates/AARP Research,42,AARP,Fabrizio Ward/Hart Research Associates/AARP Research,613,Fabrizio Ward/Hart Research Associates/AARP Research,,1250,lv,lv,Live Phone,U.S. Senate,0,Class II,11/30/20,12/4/20,1/5/21,,0,,,0,0,12/11/20 12:40,,https://www.aarp.org/content/dam/aarp/research/surveys_statistics/politics/2020/2020-election-battleground-states-senate-georgia-runoff-election.doi.10.26419-2Fres.00401.029.pdf,runoff,8737,Ossoff,14567,Jon Ossoff,DEM,48.0
122,138229,73672,2020,Georgia,1617,Fabrizio Ward/Hart Research Associates/AARP Research,42,AARP,Fabrizio Ward/Hart Research Associates/AARP Research,613,Fabrizio Ward/Hart Research Associates/AARP Research,,1250,lv,lv,Live Phone,U.S. Senate,0,Class II,11/30/20,12/4/20,1/5/21,,0,,,0,0,12/11/20 12:40,,https://www.aarp.org/content/dam/aarp/research/surveys_statistics/politics/2020/2020-election-battleground-states-senate-georgia-runoff-election.doi.10.26419-2Fres.00401.029.pdf,runoff,8737,Perdue,14568,David A. Perdue,REP,46.0
123,138230,73672,2020,Georgia,1617,Fabrizio Ward/Hart Research Associates/AARP Research,42,AARP,Fabrizio Ward/Hart Research Associates/AARP Research,613,Fabrizio Ward/Hart Research Associates/AARP Research,,1250,lv,lv,Live Phone,U.S. Senate,2,Class III,11/30/20,12/4/20,1/5/21,,0,,,0,0,12/11/20 12:40,,https://www.aarp.org/content/dam/aarp/research/surveys_statistics/politics/2020/2020-election-battleground-states-senate-georgia-runoff-election.doi.10.26419-2Fres.00401.029.pdf,runoff,7781,Warnock,14489,Raphael Warnock,DEM,47.0
124,138230,73672,2020,Georgia,1617,Fabrizio Ward/Hart Research Associates/AARP Research,42,AARP,Fabrizio Ward/Hart Research Associates/AARP Research,613,Fabrizio Ward/Hart Research Associates/AARP Research,,1250,lv,lv,Live Phone,U.S. Senate,2,Class III,11/30/20,12/4/20,1/5/21,,0,,,0,0,12/11/20 12:40,,https://www.aarp.org/content/dam/aarp/research/surveys_statistics/politics/2020/2020-election-battleground-states-senate-georgia-runoff-election.doi.10.26419-2Fres.00401.029.pdf,runoff,7781,Loeffler,13671,Kelly Loeffler,REP,46.0
125,137883,73495,2020,Georgia,1250,Trafalgar Group,,,Trafalgar Group,338,Trafalgar Group,A-,1083,lv,lv,IVR/Online/Text,U.S. Senate,0,Class II,12/1/20,12/3/20,1/5/21,,0,REP,,0,0,12/4/20 12:51,,https://www.thetrafalgargroup.org/news/gasen-dec04/,runoff,8737,Ossoff,14567,Jon Ossoff,DEM,48.0
126,137883,73495,2020,Georgia,1250,Trafalgar Group,,,Trafalgar Group,338,Trafalgar Group,A-,1083,lv,lv,IVR/Online/Text,U.S. Senate,0,Class II,12/1/20,12/3/20,1/5/21,,0,REP,,0,0,12/4/20 12:51,,https://www.thetrafalgargroup.org/news/gasen-dec04/,runoff,8737,Perdue,14568,David A. Perdue,REP,47.3
127,137884,73495,2020,Georgia,1250,Trafalgar Group,,,Trafalgar Group,338,Trafalgar Group,A-,1083,lv,lv,IVR/Online/Text,U.S. Senate,2,Class III,12/1/20,12/3/20,1/5/21,,0,REP,,0,0,12/4/20 12:51,,https://www.thetrafalgargroup.org/news/gasen-dec04/,runoff,7781,Warnock,14489,Raphael Warnock,DEM,45.3
128,137884,73495,2020,Georgia,1250,Trafalgar Group,,,Trafalgar Group,338,Trafalgar Group,A-,1083,lv,lv,IVR/Online/Text,U.S. Senate,2,Class III,12/1/20,12/3/20,1/5/21,,0,REP,,0,0,12/4/20 12:51,,https://www.thetrafalgargroup.org/news/gasen-dec04/,runoff,7781,Loeffler,13671,Kelly Loeffler,REP,50.2
129,137759,73446,2020,Georgia,460,SurveyUSA,147,WXIA-TV,SurveyUSA,325,SurveyUSA,A,583,lv,lv,Online,U.S. Senate,0,Class II,11/27/20,11/30/20,1/5/21,,0,,,0,0,12/3/20 09:30,,http://www.surveyusa.com/client/PollReport.aspx?g=ea81d6f1-db8e-4f77-b44a-63e9893acc3e,runoff,8737,Ossoff,14567,Jon Ossoff,DEM,50.0
130,137759,73446,2020,Georgia,460,SurveyUSA,147,WXIA-TV,SurveyUSA,325,SurveyUSA,A,583,lv,lv,Online,U.S. Senate,0,Class II,11/27/20,11/30/20,1/5/21,,0,,,0,0,12/3/20 09:30,,http://www.surveyusa.com/client/PollReport.aspx?g=ea81d6f1-db8e-4f77-b44a-63e9893acc3e,runoff,8737,Perdue,14568,David A. Perdue,REP,48.0
131,137760,73446,2020,Georgia,460,SurveyUSA,147,WXIA-TV,SurveyUSA,325,SurveyUSA,A,583,lv,lv,Online,U.S. Senate,2,Class III,11/27/20,11/30/20,1/5/21,,0,,,0,0,12/3/20 09:30,,http://www.surveyusa.com/client/PollReport.aspx?g=ea81d6f1-db8e-4f77-b44a-63e9893acc3e,runoff,7781,Warnock,14489,Raphael Warnock,DEM,52.0
132,137760,73446,2020,Georgia,460,SurveyUSA,147,WXIA-TV,SurveyUSA,325,SurveyUSA,A,583,lv,lv,Online,U.S. Senate,2,Class III,11/27/20,11/30/20,1/5/21,,0,,,0,0,12/3/20 09:30,,http://www.surveyusa.com/client/PollReport.aspx?g=ea81d6f1-db8e-4f77-b44a-63e9893acc3e,runoff,7781,Loeffler,13671,Kelly Loeffler,REP,45.0
133,137854,73492,2020,Georgia,1554,RMG Research,1475,PoliticalIQ,RMG Research,555,RMG Research,B-,1377,lv,lv,Online/Text,U.S. Senate,0,Class II,11/19/20,11/24/20,1/5/21,,0,,,0,0,12/4/20 10:23,,http://politicaliq.com/2020/12/04/georgia-senate-races-are-toss-ups/,runoff,8737,Ossoff,14567,Jon Ossoff,DEM,48.0
134,137854,73492,2020,Georgia,1554,RMG Research,1475,PoliticalIQ,RMG Research,555,RMG Research,B-,1377,lv,lv,Online/Text,U.S. Senate,0,Class II,11/19/20,11/24/20,1/5/21,,0,,,0,0,12/4/20 10:23,,http://politicaliq.com/2020/12/04/georgia-senate-races-are-toss-ups/,runoff,8737,Perdue,14568,David A. Perdue,REP,47.0
135,137855,73492,2020,Georgia,1554,RMG Research,1475,PoliticalIQ,RMG Research,555,RMG Research,B-,1377,lv,lv,Online/Text,U.S. Senate,2,Class III,11/19/20,11/24/20,1/5/21,,0,,,0,0,12/4/20 10:23,,http://politicaliq.com/2020/12/04/georgia-senate-races-are-toss-ups/,runoff,7781,Warnock,14489,Raphael Warnock,DEM,48.0
136,137855,73492,2020,Georgia,1554,RMG Research,1475,PoliticalIQ,RMG Research,555,RMG Research,B-,1377,lv,lv,Online/Text,U.S. Senate,2,Class III,11/19/20,11/24/20,1/5/21,,0,,,0,0,12/4/20 10:23,,http://politicaliq.com/2020/12/04/georgia-senate-races-are-toss-ups/,runoff,7781,Loeffler,13671,Kelly Loeffler,REP,46.0
137,137950,73525,2020,Georgia,1515,Data for Progress,1563,Be a Hero,Data for Progress,522,Data for Progress,B,1476,lv,lv,Online/Text,U.S. Senate,0,Class II,11/15/20,11/20/20,1/5/21,,0,DEM,,0,0,12/7/20 18:00,,https://filesforprogress.org/datasets/2020/12/dfp_be_a_hero_ga_runoff_toplines.pdf,runoff,8737,Ossoff,14567,Jon Ossoff,DEM,48.0
138,137950,73525,2020,Georgia,1515,Data for Progress,1563,Be a Hero,Data for Progress,522,Data for Progress,B,1476,lv,lv,Online/Text,U.S. Senate,0,Class II,11/15/20,11/20/20,1/5/21,,0,DEM,,0,0,12/7/20 18:00,,https://filesforprogress.org/datasets/2020/12/dfp_be_a_hero_ga_runoff_toplines.pdf,runoff,8737,Perdue,14568,David A. Perdue,REP,50.0
139,137951,73525,2020,Georgia,1515,Data for Progress,1563,Be a Hero,Data for Progress,522,Data for Progress,B,1476,lv,lv,Online/Text,U.S. Senate,2,Class III,11/15/20,11/20/20,1/5/21,,0,DEM,,0,0,12/7/20 18:00,,https://filesforprogress.org/datasets/2020/12/dfp_be_a_hero_ga_runoff_toplines.pdf,runoff,7781,Warnock,14489,Raphael Warnock,DEM,50.0
140,137951,73525,2020,Georgia,1515,Data for Progress,1563,Be a Hero,Data for Progress,522,Data for Progress,B,1476,lv,lv,Online/Text,U.S. Senate,2,Class III,11/15/20,11/20/20,1/5/21,,0,DEM,,0,0,12/7/20 18:00,,https://filesforprogress.org/datasets/2020/12/dfp_be_a_hero_ga_runoff_toplines.pdf,runoff,7781,Loeffler,13671,Kelly Loeffler,REP,47.0
141,137096,73121,2020,Georgia,235,Opinion Savvy/InsiderAdvantage,195,Fox 5 Atlanta,InsiderAdvantage,243,Opinion Savvy/InsiderAdvantage,B,800,lv,lv,IVR/Live Phone,U.S. Senate,0,Class II,11/16/20,11/16/20,1/5/21,,0,,,0,0,11/17/20 21:06,,https://insideradvantage.com/2020/11/17/iagfox-5-poll-senate-races-locked-up-kemp-approval-sags/,runoff,8737,Ossoff,14567,Jon Ossoff,DEM,49.0
142,137096,73121,2020,Georgia,235,Opinion Savvy/InsiderAdvantage,195,Fox 5 Atlanta,InsiderAdvantage,243,Opinion Savvy/InsiderAdvantage,B,800,lv,lv,IVR/Live Phone,U.S. Senate,0,Class II,11/16/20,11/16/20,1/5/21,,0,,,0,0,11/17/20 21:06,,https://insideradvantage.com/2020/11/17/iagfox-5-poll-senate-races-locked-up-kemp-approval-sags/,runoff,8737,Perdue,14568,David A. Perdue,REP,49.0
143,137097,73121,2020,Georgia,235,Opinion Savvy/InsiderAdvantage,195,Fox 5 Atlanta,InsiderAdvantage,243,Opinion Savvy/InsiderAdvantage,B,800,lv,lv,IVR/Live Phone,U.S. Senate,2,Class III,11/16/20,11/16/20,1/5/21,,0,,,0,0,11/17/20 21:06,,https://insideradvantage.com/2020/11/17/iagfox-5-poll-senate-races-locked-up-kemp-approval-sags/,runoff,7781,Warnock,14489,Raphael Warnock,DEM,49.0
144,137097,73121,2020,Georgia,235,Opinion Savvy/InsiderAdvantage,195,Fox 5 Atlanta,InsiderAdvantage,243,Opinion Savvy/InsiderAdvantage,B,800,lv,lv,IVR/Live Phone,U.S. Senate,2,Class III,11/16/20,11/16/20,1/5/21,,0,,,0,0,11/17/20 21:06,,https://insideradvantage.com/2020/11/17/iagfox-5-poll-senate-races-locked-up-kemp-approval-sags/,runoff,7781,Loeffler,13671,Kelly Loeffler,REP,48.0
145,137165,73164,2020,Georgia,1425,VCreek/AMG,1523,Americas PAC,VCreek/AMG,501,VCreek/AMG,B/C,300,lv,lv,IVR/Live Phone,U.S. Senate,2,Class III,11/10/20,11/10/20,1/5/21,,0,REP,,0,0,11/18/20 21:39,,http://www.vcreek.com/PDF/GA_Nov_SnapPoll_VCreek_AMG_11_17_2020.pdf,runoff,7781,Warnock,14489,Raphael Warnock,DEM,45.6
146,137165,73164,2020,Georgia,1425,VCreek/AMG,1523,Americas PAC,VCreek/AMG,501,VCreek/AMG,B/C,300,lv,lv,IVR/Live Phone,U.S. Senate,2,Class III,11/10/20,11/10/20,1/5/21,,0,REP,,0,0,11/18/20 21:39,,http://www.vcreek.com/PDF/GA_Nov_SnapPoll_VCreek_AMG_11_17_2020.pdf,runoff,7781,Loeffler,13671,Kelly Loeffler,REP,49.5
147,136831,72935,2020,Georgia,1056,Remington Research Group,,,Remington Research Group,279,Remington Research Group,B,1450,lv,lv,IVR/Live Phone,U.S. Senate,0,Class II,11/8/20,11/9/20,1/5/21,,0,,,0,0,11/11/20 11:25,,https://www.ajc.com/politics/politics-blog/an-early-poll-of-georgias-twin-senate-runoffs-shows-tight-races/DUDDDLIHCJH4LORTT57HAOUG64/,runoff,8737,Ossoff,14567,Jon Ossoff,DEM,46.0
148,136831,72935,2020,Georgia,1056,Remington Research Group,,,Remington Research Group,279,Remington Research Group,B,1450,lv,lv,IVR/Live Phone,U.S. Senate,0,Class II,11/8/20,11/9/20,1/5/21,,0,,,0,0,11/11/20 11:25,,https://www.ajc.com/politics/politics-blog/an-early-poll-of-georgias-twin-senate-runoffs-shows-tight-races/DUDDDLIHCJH4LORTT57HAOUG64/,runoff,8737,Perdue,14568,David A. Perdue,REP,50.0
149,136832,72935,2020,Georgia,1056,Remington Research Group,,,Remington Research Group,279,Remington Research Group,B,1450,lv,lv,IVR/Live Phone,U.S. Senate,2,Class III,11/8/20,11/9/20,1/5/21,,0,,,0,0,11/11/20 11:25,,https://www.ajc.com/politics/politics-blog/an-early-poll-of-georgias-twin-senate-runoffs-shows-tight-races/DUDDDLIHCJH4LORTT57HAOUG64/,runoff,7781,Warnock,14489,Raphael Warnock,DEM,48.0
150,136832,72935,2020,Georgia,1056,Remington Research Group,,,Remington Research Group,279,Remington Research Group,B,1450,lv,lv,IVR/Live Phone,U.S. Senate,2,Class III,11/8/20,11/9/20,1/5/21,,0,,,0,0,11/11/20 11:25,,https://www.ajc.com/politics/politics-blog/an-early-poll-of-georgias-twin-senate-runoffs-shows-tight-races/DUDDDLIHCJH4LORTT57HAOUG64/,runoff,7781,Loeffler,13671,Kelly Loeffler,REP,49.0
151,136284,72621,2020,Iowa,383,Public Policy Polling,,,Public Policy Polling,263,Public Policy Polling,A-,871,v,v,IVR/Text,U.S. Senate,0,Class II,11/1/20,11/2/20,11/3/20,,0,,,0,0,11/2/20 09:02,,https://www.publicpolicypolling.com/wp-content/uploads/2020/11/IowaResultsNovember2020.pdf,general,6272,Greenfield,13466,Theresa Greenfield,DEM,48.0
152,136284,72621,2020,Iowa,383,Public Policy Polling,,,Public Policy Polling,263,Public Policy Polling,A-,871,v,v,IVR/Text,U.S. Senate,0,Class II,11/1/20,11/2/20,11/3/20,,0,,,0,0,11/2/20 09:02,,https://www.publicpolicypolling.com/wp-content/uploads/2020/11/IowaResultsNovember2020.pdf,general,6272,Ernst,13467,Joni K. Ernst,REP,47.0
153,140394,72864,2020,South Carolina,1240,Optimus,,,Øptimus,245,Optimus,B/C,802,lv,lv,Live Phone,U.S. Senate,0,Class II,10/31/20,11/2/20,11/3/20,,0,,,0,0,3/26/21 09:10,,https://github.com/optimus-forecasting-and-polling/0ptimus-SC-VA7-November-2020/blob/main/south_carolina_poll_toplines_tl_31_october_2020.pdf,general,6292,Harrison,13457,Jaime Harrison,DEM,41.4
154,140394,72864,2020,South Carolina,1240,Optimus,,,Øptimus,245,Optimus,B/C,802,lv,lv,Live Phone,U.S. Senate,0,Class II,10/31/20,11/2/20,11/3/20,,0,,,0,0,3/26/21 09:10,,https://github.com/optimus-forecasting-and-polling/0ptimus-SC-VA7-November-2020/blob/main/south_carolina_poll_toplines_tl_31_october_2020.pdf,general,6292,Graham,13458,Lindsey Graham,REP,51.2
155,136576,72762,2020,Montana,1365,Change Research,,,Change Research,48,Change Research,B-,920,lv,lv,Online/Text,U.S. Senate,2,Class II,10/29/20,11/2/20,11/3/20,,0,,,0,0,11/2/20 22:15,,https://docs.google.com/spreadsheets/d/1MPKy3AfXEIpcB_0jKhq8y7_cxPyH_71cUY4zO2lTGfU/edit#gid=0,general,6283,Bullock,14517,Steve Bullock,DEM,46.0
156,136576,72762,2020,Montana,1365,Change Research,,,Change Research,48,Change Research,B-,920,lv,lv,Online/Text,U.S. Senate,2,Class II,10/29/20,11/2/20,11/3/20,,0,,,0,0,11/2/20 22:15,,https://docs.google.com/spreadsheets/d/1MPKy3AfXEIpcB_0jKhq8y7_cxPyH_71cUY4zO2lTGfU/edit#gid=0,general,6283,Daines,14518,Steve Daines,REP,50.0
157,136603,72801,2020,Maine,1365,Change Research,,,Change Research,48,Change Research,B-,1024,lv,lv,Online/Text,U.S. Senate,2,Class II,10/29/20,11/2/20,11/3/20,,0,,,0,0,11/2/20 23:31,,https://docs.google.com/spreadsheets/d/1eBWQtr-cx1ECGu-dsFcF_VdhnFfyRPd3qz3zcTmhdFY/edit#gid=1166077921,general,6279,Gideon,13455,Sara Gideon,DEM,46.0
158,136603,72801,2020,Maine,1365,Change Research,,,Change Research,48,Change Research,B-,1024,lv,lv,Online/Text,U.S. Senate,2,Class II,10/29/20,11/2/20,11/3/20,,0,,,0,0,11/2/20 23:31,,https://docs.google.com/spreadsheets/d/1eBWQtr-cx1ECGu-dsFcF_VdhnFfyRPd3qz3zcTmhdFY/edit#gid=1166077921,general,6279,Collins,13456,Susan M. Collins,REP,42.0
159,136603,72801,2020,Maine,1365,Change Research,,,Change Research,48,Change Research,B-,1024,lv,lv,Online/Text,U.S. Senate,2,Class II,10/29/20,11/2/20,11/3/20,,0,,,0,0,11/2/20 23:31,,https://docs.google.com/spreadsheets/d/1eBWQtr-cx1ECGu-dsFcF_VdhnFfyRPd3qz3zcTmhdFY/edit#gid=1166077921,general,6279,Savage,14690,Lisa Savage,IND,7.0
160,136603,72801,2020,Maine,1365,Change Research,,,Change Research,48,Change Research,B-,1024,lv,lv,Online/Text,U.S. Senate,2,Class II,10/29/20,11/2/20,11/3/20,,0,,,0,0,11/2/20 23:31,,https://docs.google.com/spreadsheets/d/1eBWQtr-cx1ECGu-dsFcF_VdhnFfyRPd3qz3zcTmhdFY/edit#gid=1166077921,general,6279,Linn,14691,Max Linn,IND,2.0
161,136607,72801,2020,Maine,1365,Change Research,,,Change Research,48,Change Research,B-,1024,lv,lv,Online/Text,U.S. Senate,2,Class II,10/29/20,11/2/20,11/3/20,,0,,,0,0,11/2/20 23:36,allocated after RCV,https://twitter.com/ChangePolls/status/1323483493968474112?s=20,general,6279,Gideon,13455,Sara Gideon,DEM,54.0
162,136607,72801,2020,Maine,1365,Change Research,,,Change Research,48,Change Research,B-,1024,lv,lv,Online/Text,U.S. Senate,2,Class II,10/29/20,11/2/20,11/3/20,,0,,,0,0,11/2/20 23:36,allocated after RCV,https://twitter.com/ChangePolls/status/1323483493968474112?s=20,general,6279,Collins,13456,Susan M. Collins,REP,46.0
163,136343,72653,2020,Arizona,744,Ipsos,71,Reuters,Ipsos,154,Ipsos,B-,610,lv,lv,Online,U.S. Senate,2,Class III,10/27/20,11/2/20,11/3/20,,0,,,0,0,11/2/20 14:27,,https://www.ipsos.com/sites/default/files/ct/news/documents/2020-11/topline_reuters_arizona_state_poll_w6_11_2_2020.pdf,general,6268,Kelly,13445,Mark Kelly,DEM,53.0
164,136343,72653,2020,Arizona,744,Ipsos,71,Reuters,Ipsos,154,Ipsos,B-,610,lv,lv,Online,U.S. Senate,2,Class III,10/27/20,11/2/20,11/3/20,,0,,,0,0,11/2/20 14:27,,https://www.ipsos.com/sites/default/files/ct/news/documents/2020-11/topline_reuters_arizona_state_poll_w6_11_2_2020.pdf,general,6268,McSally,13446,Martha McSally,REP,44.0
165,136580,72770,2020,North Carolina,1522,Swayable,,,Swayable,543,Swayable,C,619,lv,lv,Online,U.S. Senate,0,Class II,10/27/20,11/2/20,11/3/20,,0,,,0,0,11/2/20 22:16,,https://www.swayable.com/polls/2020-11-02-large.html,general,6284,Cunningham,13468,Cal Cunningham,DEM,53.2
166,136580,72770,2020,North Carolina,1522,Swayable,,,Swayable,543,Swayable,C,619,lv,lv,Online,U.S. Senate,0,Class II,10/27/20,11/2/20,11/3/20,,0,,,0,0,11/2/20 22:16,,https://www.swayable.com/polls/2020-11-02-large.html,general,6284,Tillis,13461,Thom Tillis,REP,46.8
167,136577,72774,2020,Texas,1522,Swayable,,,Swayable,543,Swayable,C,1042,lv,lv,Online,U.S. Senate,2,Class II,10/27/20,11/2/20,11/3/20,,0,,,0,0,11/2/20 22:16,,https://www.swayable.com/polls/2020-11-02-large.html,general,6295,Hegar,13459,Mary Jennings Hegar,DEM,43.5
168,136577,72774,2020,Texas,1522,Swayable,,,Swayable,543,Swayable,C,1042,lv,lv,Online,U.S. Senate,2,Class II,10/27/20,11/2/20,11/3/20,,0,,,0,0,11/2/20 22:16,,https://www.swayable.com/polls/2020-11-02-large.html,general,6295,Cornyn,13444,John Cornyn,REP,56.5
169,136359,72661,2020,Georgia,262,Landmark Communications,90,WSB-TV,Landmark Communications,166,Landmark Communications,A,500,lv,lv,IVR/Live Phone,U.S. Senate,0,Class II,11/1/20,11/1/20,11/3/20,,0,,,0,0,11/2/20 15:43,,https://www.realclearpolitics.com/docs/2020/FINAL_WSBTV_Landmark_Poll_Georgia_PresSenate_Nov_1_2020.pdf,general,6271,Ossoff,14567,Jon Ossoff,DEM,46.9
170,136359,72661,2020,Georgia,262,Landmark Communications,90,WSB-TV,Landmark Communications,166,Landmark Communications,A,500,lv,lv,IVR/Live Phone,U.S. Senate,0,Class II,11/1/20,11/1/20,11/3/20,,0,,,0,0,11/2/20 15:43,,https://www.realclearpolitics.com/docs/2020/FINAL_WSBTV_Landmark_Poll_Georgia_PresSenate_Nov_1_2020.pdf,general,6271,Perdue,14568,David A. Perdue,REP,49.0
171,136359,72661,2020,Georgia,262,Landmark Communications,90,WSB-TV,Landmark Communications,166,Landmark Communications,A,500,lv,lv,IVR/Live Phone,U.S. Senate,0,Class II,11/1/20,11/1/20,11/3/20,,0,,,0,0,11/2/20 15:43,,https://www.realclearpolitics.com/docs/2020/FINAL_WSBTV_Landmark_Poll_Georgia_PresSenate_Nov_1_2020.pdf,general,6271,Hazel,14572,Shane Hazel,LIB,2.7
172,136360,72661,2020,Georgia,262,Landmark Communications,90,WSB-TV,Landmark Communications,166,Landmark Communications,A,500,lv,lv,IVR/Live Phone,U.S. Senate,2,Class III,11/1/20,11/1/20,11/3/20,,0,,,0,0,11/2/20 15:44,,https://www.realclearpolitics.com/docs/2020/FINAL_WSBTV_Landmark_Poll_Georgia_PresSenate_Nov_1_2020.pdf,jungle primary,7780,Warnock,14489,Raphael Warnock,DEM,37.8
173,136360,72661,2020,Georgia,262,Landmark Communications,90,WSB-TV,Landmark Communications,166,Landmark Communications,A,500,lv,lv,IVR/Live Phone,U.S. Senate,2,Class III,11/1/20,11/1/20,11/3/20,,0,,,0,0,11/2/20 15:44,,https://www.realclearpolitics.com/docs/2020/FINAL_WSBTV_Landmark_Poll_Georgia_PresSenate_Nov_1_2020.pdf,jungle primary,7780,Loeffler,13671,Kelly Loeffler,REP,27.0
174,136360,72661,2020,Georgia,262,Landmark Communications,90,WSB-TV,Landmark Communications,166,Landmark Communications,A,500,lv,lv,IVR/Live Phone,U.S. Senate,2,Class III,11/1/20,11/1/20,11/3/20,,0,,,0,0,11/2/20 15:44,,https://www.realclearpolitics.com/docs/2020/FINAL_WSBTV_Landmark_Poll_Georgia_PresSenate_Nov_1_2020.pdf,jungle primary,7780,Collins,13669,Doug Collins,REP,24.4
175,136360,72661,2020,Georgia,262,Landmark Communications,90,WSB-TV,Landmark Communications,166,Landmark Communications,A,500,lv,lv,IVR/Live Phone,U.S. Senate,2,Class III,11/1/20,11/1/20,11/3/20,,0,,,0,0,11/2/20 15:44,,https://www.realclearpolitics.com/docs/2020/FINAL_WSBTV_Landmark_Poll_Georgia_PresSenate_Nov_1_2020.pdf,jungle primary,7780,Slowinski,14549,Brian Richard Slowinski,LIB,1.1
176,136360,72661,2020,Georgia,262,Landmark Communications,90,WSB-TV,Landmark Communications,166,Landmark Communications,A,500,lv,lv,IVR/Live Phone,U.S. Senate,2,Class III,11/1/20,11/1/20,11/3/20,,0,,,0,0,11/2/20 15:44,,https://www.realclearpolitics.com/docs/2020/FINAL_WSBTV_Landmark_Poll_Georgia_PresSenate_Nov_1_2020.pdf,jungle primary,7780,Tarver,14490,Ed Tarver,DEM,1.0
177,136360,72661,2020,Georgia,262,Landmark Communications,90,WSB-TV,Landmark Communications,166,Landmark Communications,A,500,lv,lv,IVR/Live Phone,U.S. Senate,2,Class III,11/1/20,11/1/20,11/3/20,,0,,,0,0,11/2/20 15:44,,https://www.realclearpolitics.com/docs/2020/FINAL_WSBTV_Landmark_Poll_Georgia_PresSenate_Nov_1_2020.pdf,jungle primary,7780,Lieberman,13670,Matthew Lieberman,DEM,5.3
178,136295,72623,2020,Illinois,1478,Research Co.,,,Research Co.,449,Research Co.,B-,450,lv,lv,Online,U.S. Senate,0,Class II,10/31/20,11/1/20,11/3/20,,0,,,0,0,11/2/20 09:29,,https://researchco.ca/2020/11/02/us2020-eight-states-uspoli/,general,6274,Durbin,13501,Richard J. Durbin,DEM,52.0
179,136295,72623,2020,Illinois,1478,Research Co.,,,Research Co.,449,Research Co.,B-,450,lv,lv,Online,U.S. Senate,0,Class II,10/31/20,11/1/20,11/3/20,,0,,,0,0,11/2/20 09:29,,https://researchco.ca/2020/11/02/us2020-eight-states-uspoli/,general,6274,Curran,15646,Mark C. Curran,REP,30.0
180,136296,72624,2020,Michigan,1478,Research Co.,,,Research Co.,449,Research Co.,B-,450,lv,lv,Online,U.S. Senate,2,Class II,10/31/20,11/1/20,11/3/20,,0,,,0,0,11/2/20 09:29,,https://researchco.ca/2020/11/02/us2020-eight-states-uspoli/,general,6280,Peters,13453,Gary C. Peters,DEM,52.0
181,136296,72624,2020,Michigan,1478,Research Co.,,,Research Co.,449,Research Co.,B-,450,lv,lv,Online,U.S. Senate,2,Class II,10/31/20,11/1/20,11/3/20,,0,,,0,0,11/2/20 09:29,,https://researchco.ca/2020/11/02/us2020-eight-states-uspoli/,general,6280,James,13454,John James,REP,37.0
182,136297,72625,2020,Minnesota,1478,Research Co.,,,Research Co.,449,Research Co.,B-,450,lv,lv,Online,U.S. Senate,2,Class II,10/31/20,11/1/20,11/3/20,,0,,,0,0,11/2/20 09:29,,https://researchco.ca/2020/11/02/us2020-eight-states-uspoli/,general,6281,Smith,15691,Tina Smith,DEM,50.0
183,136297,72625,2020,Minnesota,1478,Research Co.,,,Research Co.,449,Research Co.,B-,450,lv,lv,Online,U.S. Senate,2,Class II,10/31/20,11/1/20,11/3/20,,0,,,0,0,11/2/20 09:29,,https://researchco.ca/2020/11/02/us2020-eight-states-uspoli/,general,6281,Lewis,15692,Jason Lewis,REP,39.0
184,136298,72626,2020,New Jersey,1478,Research Co.,,,Research Co.,449,Research Co.,B-,450,lv,lv,Online,U.S. Senate,2,Class II,10/31/20,11/1/20,11/3/20,,0,,,0,0,11/2/20 09:29,,https://researchco.ca/2020/11/02/us2020-eight-states-uspoli/,general,6287,Booker,14564,Cory A. Booker,DEM,55.0
185,136298,72626,2020,New Jersey,1478,Research Co.,,,Research Co.,449,Research Co.,B-,450,lv,lv,Online,U.S. Senate,2,Class II,10/31/20,11/1/20,11/3/20,,0,,,0,0,11/2/20 09:29,,https://researchco.ca/2020/11/02/us2020-eight-states-uspoli/,general,6287,Mehta,14565,Rikin Mehta,REP,32.0
186,136209,72577,2020,Iowa,1447,Civiqs,185,Daily Kos,Civiqs,471,Civiqs,B-,853,lv,lv,Online,U.S. Senate,0,Class II,10/29/20,11/1/20,11/3/20,,0,,,0,0,11/1/20 19:42,,https://civiqs.com/documents/Civiqs_DailyKos_IA_banner_book_2020_11_c9dhr3.pdf,general,6272,Greenfield,13466,Theresa Greenfield,DEM,50.0
187,136209,72577,2020,Iowa,1447,Civiqs,185,Daily Kos,Civiqs,471,Civiqs,B-,853,lv,lv,Online,U.S. Senate,0,Class II,10/29/20,11/1/20,11/3/20,,0,,,0,0,11/1/20 19:42,,https://civiqs.com/documents/Civiqs_DailyKos_IA_banner_book_2020_11_c9dhr3.pdf,general,6272,Ernst,13467,Joni K. Ernst,REP,47.0
188,136209,72577,2020,Iowa,1447,Civiqs,185,Daily Kos,Civiqs,471,Civiqs,B-,853,lv,lv,Online,U.S. Senate,0,Class II,10/29/20,11/1/20,11/3/20,,0,,,0,0,11/1/20 19:42,,https://civiqs.com/documents/Civiqs_DailyKos_IA_banner_book_2020_11_c9dhr3.pdf,general,6272,Stewart,15614,Rick Stewart,LIB,1.0
189,136209,72577,2020,Iowa,1447,Civiqs,185,Daily Kos,Civiqs,471,Civiqs,B-,853,lv,lv,Online,U.S. Senate,0,Class II,10/29/20,11/1/20,11/3/20,,0,,,0,0,11/1/20 19:42,,https://civiqs.com/documents/Civiqs_DailyKos_IA_banner_book_2020_11_c9dhr3.pdf,general,6272,Herzog,15642,Suzanne Herzog,IND,0.0
190,136211,72580,2020,Colorado,1475,Keating Research/OnSight Public Affairs/Melanson,,,Keating Research/OnSight Public Affairs/Melanson,455,Keating Research/OnSight Public Affairs/Melanson,B/C,502,lv,lv,Online,U.S. Senate,0,Class II,10/29/20,11/1/20,11/3/20,,0,,,0,0,11/1/20 20:31,,http://onsightpublicaffairs.com/web/wp-content/uploads/2020/11/KOM20Colorado20Poll20-20Nov20202020-20Topline20Results20-20For20Release20-2011-1-2020.pdf,general,6269,Hickenlooper,13474,John Wright Hickenlooper,DEM,53.0
191,136211,72580,2020,Colorado,1475,Keating Research/OnSight Public Affairs/Melanson,,,Keating Research/OnSight Public Affairs/Melanson,455,Keating Research/OnSight Public Affairs/Melanson,B/C,502,lv,lv,Online,U.S. Senate,0,Class II,10/29/20,11/1/20,11/3/20,,0,,,0,0,11/1/20 20:31,,http://onsightpublicaffairs.com/web/wp-content/uploads/2020/11/KOM20Colorado20Poll20-20Nov20202020-20Topline20Results20-20For20Release20-2011-1-2020.pdf,general,6269,Gardner,13475,Cory Gardner,REP,42.0
192,136327,72649,2020,Arizona,1205,Marist College,132,NBC News,Marist College,183,Marist College,A,717,lv,lv,Live Phone,U.S. Senate,2,Class III,10/29/20,11/1/20,11/3/20,,0,,,0,0,11/2/20 13:06,,http://maristpoll.marist.edu/wp-content/uploads/2020/11/NBC-News_Marist-Poll_AZ-Likely-Voters_NOS-and-Tables_202011012357.pdf#page=3,general,6268,Kelly,13445,Mark Kelly,DEM,52.0
193,136327,72649,2020,Arizona,1205,Marist College,132,NBC News,Marist College,183,Marist College,A,717,lv,lv,Live Phone,U.S. Senate,2,Class III,10/29/20,11/1/20,11/3/20,,0,,,0,0,11/2/20 13:06,,http://maristpoll.marist.edu/wp-content/uploads/2020/11/NBC-News_Marist-Poll_AZ-Likely-Voters_NOS-and-Tables_202011012357.pdf#page=3,general,6268,McSally,13446,Martha McSally,REP,46.0
194,136328,72649,2020,Arizona,1205,Marist College,132,NBC News,Marist College,183,Marist College,A,988,rv,rv,Live Phone,U.S. Senate,2,Class III,10/29/20,11/1/20,11/3/20,,0,,,0,0,11/2/20 13:06,,http://maristpoll.marist.edu/wp-content/uploads/2020/11/NBC-News_Marist-Poll_AZ-Adults-and-Registered-Voters_NOS-and-Tables_202011012355.pdf#page=3,general,6268,Kelly,13445,Mark Kelly,DEM,52.0
195,136328,72649,2020,Arizona,1205,Marist College,132,NBC News,Marist College,183,Marist College,A,988,rv,rv,Live Phone,U.S. Senate,2,Class III,10/29/20,11/1/20,11/3/20,,0,,,0,0,11/2/20 13:06,,http://maristpoll.marist.edu/wp-content/uploads/2020/11/NBC-News_Marist-Poll_AZ-Adults-and-Registered-Voters_NOS-and-Tables_202011012355.pdf#page=3,general,6268,McSally,13446,Martha McSally,REP,45.0
196,136479,72716,2020,Illinois,1195,Victory Research,,,Victory Research,437,Victory Research,B/C,1208,lv,lv,Live Phone,U.S. Senate,0,Class II,10/29/20,11/1/20,11/3/20,,0,,,0,0,11/2/20 18:21,,https://projects.fivethirtyeight.com/polls/20201102_IL_Victory.pdf,general,6274,Durbin,13501,Richard J. Durbin,DEM,50.6
197,136479,72716,2020,Illinois,1195,Victory Research,,,Victory Research,437,Victory Research,B/C,1208,lv,lv,Live Phone,U.S. Senate,0,Class II,10/29/20,11/1/20,11/3/20,,0,,,0,0,11/2/20 18:21,,https://projects.fivethirtyeight.com/polls/20201102_IL_Victory.pdf,general,6274,Curran,15646,Mark C. Curran,REP,25.6
198,136479,72716,2020,Illinois,1195,Victory Research,,,Victory Research,437,Victory Research,B/C,1208,lv,lv,Live Phone,U.S. Senate,0,Class II,10/29/20,11/1/20,11/3/20,,0,,,0,0,11/2/20 18:21,,https://projects.fivethirtyeight.com/polls/20201102_IL_Victory.pdf,general,6274,Wilson,13500,WIllie Wilson,IND,15.4
199,136479,72716,2020,Illinois,1195,Victory Research,,,Victory Research,437,Victory Research,B/C,1208,lv,lv,Live Phone,U.S. Senate,0,Class II,10/29/20,11/1/20,11/3/20,,0,,,0,0,11/2/20 18:21,,https://projects.fivethirtyeight.com/polls/20201102_IL_Victory.pdf,general,6274,Black,15838,David F. Black,GRE,1.7
200,136479,72716,2020,Illinois,1195,Victory Research,,,Victory Research,437,Victory Research,B/C,1208,lv,lv,Live Phone,U.S. Senate,0,Class II,10/29/20,11/1/20,11/3/20,,0,,,0,0,11/2/20 18:21,,https://projects.fivethirtyeight.com/polls/20201102_IL_Victory.pdf,general,6274,Malouf,15645,Danny Malouf,LIB,3.1
201,136503,72726,2020,Arizona,1365,Change Research,576,CNBC,Change Research,48,Change Research,B-,409,lv,lv,Online/Text,U.S. Senate,2,Class III,10/29/20,11/1/20,11/3/20,,0,,,0,0,11/2/20 19:43,,https://changeresearch.com/wp-content/uploads/2020/11/CNBC-CR_Battleground_Toplines_Final-Wave_Oct-29-Nov-1.pdf,general,6268,Kelly,13445,Mark Kelly,DEM,51.0
202,136503,72726,2020,Arizona,1365,Change Research,576,CNBC,Change Research,48,Change Research,B-,409,lv,lv,Online/Text,U.S. Senate,2,Class III,10/29/20,11/1/20,11/3/20,,0,,,0,0,11/2/20 19:43,,https://changeresearch.com/wp-content/uploads/2020/11/CNBC-CR_Battleground_Toplines_Final-Wave_Oct-29-Nov-1.pdf,general,6268,McSally,13446,Martha McSally,REP,47.0
203,136504,72728,2020,Michigan,1365,Change Research,576,CNBC,Change Research,48,Change Research,B-,383,lv,lv,Online/Text,U.S. Senate,2,Class II,10/29/20,11/1/20,11/3/20,,0,,,0,0,11/2/20 19:43,,https://changeresearch.com/wp-content/uploads/2020/11/CNBC-CR_Battleground_Toplines_Final-Wave_Oct-29-Nov-1.pdf,general,6280,Peters,13453,Gary C. Peters,DEM,51.0
204,136504,72728,2020,Michigan,1365,Change Research,576,CNBC,Change Research,48,Change Research,B-,383,lv,lv,Online/Text,U.S. Senate,2,Class II,10/29/20,11/1/20,11/3/20,,0,,,0,0,11/2/20 19:43,,https://changeresearch.com/wp-content/uploads/2020/11/CNBC-CR_Battleground_Toplines_Final-Wave_Oct-29-Nov-1.pdf,general,6280,James,13454,John James,REP,46.0
205,136505,72729,2020,North Carolina,1365,Change Research,576,CNBC,Change Research,48,Change Research,B-,473,lv,lv,Online/Text,U.S. Senate,0,Class II,10/29/20,11/1/20,11/3/20,,0,,,0,0,11/2/20 19:43,,https://changeresearch.com/wp-content/uploads/2020/11/CNBC-CR_Battleground_Toplines_Final-Wave_Oct-29-Nov-1.pdf,general,6284,Cunningham,13468,Cal Cunningham,DEM,50.0
206,136505,72729,2020,North Carolina,1365,Change Research,576,CNBC,Change Research,48,Change Research,B-,473,lv,lv,Online/Text,U.S. Senate,0,Class II,10/29/20,11/1/20,11/3/20,,0,,,0,0,11/2/20 19:43,,https://changeresearch.com/wp-content/uploads/2020/11/CNBC-CR_Battleground_Toplines_Final-Wave_Oct-29-Nov-1.pdf,general,6284,Tillis,13461,Thom Tillis,REP,46.0
207,136538,72756,2020,Iowa,1365,Change Research,,,Change Research,48,Change Research,B-,1084,lv,lv,Online/Text,U.S. Senate,0,Class II,10/29/20,11/1/20,11/3/20,,0,,,0,0,11/2/20 21:32,,https://docs.google.com/spreadsheets/d/1TyQc9rcFjRf_nFJ-gcOyoOn4E1sPk5yeVfH4acKyVnw/edit#gid=2035724528,general,6272,Greenfield,13466,Theresa Greenfield,DEM,48.0
208,136538,72756,2020,Iowa,1365,Change Research,,,Change Research,48,Change Research,B-,1084,lv,lv,Online/Text,U.S. Senate,0,Class II,10/29/20,11/1/20,11/3/20,,0,,,0,0,11/2/20 21:32,,https://docs.google.com/spreadsheets/d/1TyQc9rcFjRf_nFJ-gcOyoOn4E1sPk5yeVfH4acKyVnw/edit#gid=2035724528,general,6272,Ernst,13467,Joni K. Ernst,REP,47.0
209,136538,72756,2020,Iowa,1365,Change Research,,,Change Research,48,Change Research,B-,1084,lv,lv,Online/Text,U.S. Senate,0,Class II,10/29/20,11/1/20,11/3/20,,0,,,0,0,11/2/20 21:32,,https://docs.google.com/spreadsheets/d/1TyQc9rcFjRf_nFJ-gcOyoOn4E1sPk5yeVfH4acKyVnw/edit#gid=2035724528,general,6272,Stewart,15614,Rick Stewart,LIB,2.0
210,136538,72756,2020,Iowa,1365,Change Research,,,Change Research,48,Change Research,B-,1084,lv,lv,Online/Text,U.S. Senate,0,Class II,10/29/20,11/1/20,11/3/20,,0,,,0,0,11/2/20 21:32,,https://docs.google.com/spreadsheets/d/1TyQc9rcFjRf_nFJ-gcOyoOn4E1sPk5yeVfH4acKyVnw/edit#gid=2035724528,general,6272,Herzog,15642,Suzanne Herzog,IND,0.0
211,136079,72508,2020,Michigan,744,Ipsos,71,Reuters,Ipsos,154,Ipsos,B-,654,lv,lv,Online,U.S. Senate,2,Class II,10/27/20,11/1/20,11/3/20,,0,,,0,0,11/1/20 16:53,,https://www.ipsos.com/sites/default/files/ct/news/documents/2020-11/topline_reuters_michigan_state_poll_w6_11_01_2020_0.pdf,general,6280,Peters,13453,Gary C. Peters,DEM,51.0
212,136079,72508,2020,Michigan,744,Ipsos,71,Reuters,Ipsos,154,Ipsos,B-,654,lv,lv,Online,U.S. Senate,2,Class II,10/27/20,11/1/20,11/3/20,,0,,,0,0,11/1/20 16:53,,https://www.ipsos.com/sites/default/files/ct/news/documents/2020-11/topline_reuters_michigan_state_poll_w6_11_01_2020_0.pdf,general,6280,James,13454,John James,REP,44.0
213,136213,72581,2020,North Carolina,1515,Data for Progress,,,Data for Progress,522,Data for Progress,B,908,lv,lv,Online,U.S. Senate,0,Class II,10/27/20,11/1/20,11/3/20,,0,,,0,0,11/1/20 20:55,,https://filesforprogress.org/datasets/2020/11/2020-election-polls/toplines/dfp_nc_11.1.20.pdf,general,6284,Cunningham,13468,Cal Cunningham,DEM,51.0
214,136213,72581,2020,North Carolina,1515,Data for Progress,,,Data for Progress,522,Data for Progress,B,908,lv,lv,Online,U.S. Senate,0,Class II,10/27/20,11/1/20,11/3/20,,0,,,0,0,11/1/20 20:55,,https://filesforprogress.org/datasets/2020/11/2020-election-polls/toplines/dfp_nc_11.1.20.pdf,general,6284,Tillis,13461,Thom Tillis,REP,46.0
215,136213,72581,2020,North Carolina,1515,Data for Progress,,,Data for Progress,522,Data for Progress,B,908,lv,lv,Online,U.S. Senate,0,Class II,10/27/20,11/1/20,11/3/20,,0,,,0,0,11/1/20 20:55,,https://filesforprogress.org/datasets/2020/11/2020-election-polls/toplines/dfp_nc_11.1.20.pdf,general,6284,Hayes,14558,Kevin Eugene Hayes,CON,1.0
216,136213,72581,2020,North Carolina,1515,Data for Progress,,,Data for Progress,522,Data for Progress,B,908,lv,lv,Online,U.S. Senate,0,Class II,10/27/20,11/1/20,11/3/20,,0,,,0,0,11/1/20 20:55,,https://filesforprogress.org/datasets/2020/11/2020-election-polls/toplines/dfp_nc_11.1.20.pdf,general,6284,Bray,14557,Shannon Wilson Bray,LIB,2.0
217,136217,72583,2020,Texas,1515,Data for Progress,,,Data for Progress,522,Data for Progress,B,926,lv,lv,Online/Text,U.S. Senate,2,Class II,10/27/20,11/1/20,11/3/20,,0,,,0,0,11/1/20 21:26,,https://filesforprogress.org/datasets/2020/11/2020-election-polls/toplines/dfp_tx_11.1.20.pdf,general,6295,Hegar,13459,Mary Jennings Hegar,DEM,47.0
218,136217,72583,2020,Texas,1515,Data for Progress,,,Data for Progress,522,Data for Progress,B,926,lv,lv,Online/Text,U.S. Senate,2,Class II,10/27/20,11/1/20,11/3/20,,0,,,0,0,11/1/20 21:26,,https://filesforprogress.org/datasets/2020/11/2020-election-polls/toplines/dfp_tx_11.1.20.pdf,general,6295,Cornyn,13444,John Cornyn,REP,50.0
219,136217,72583,2020,Texas,1515,Data for Progress,,,Data for Progress,522,Data for Progress,B,926,lv,lv,Online/Text,U.S. Senate,2,Class II,10/27/20,11/1/20,11/3/20,,0,,,0,0,11/1/20 21:26,,https://filesforprogress.org/datasets/2020/11/2020-election-polls/toplines/dfp_tx_11.1.20.pdf,general,6295,Turullols-Bonilla,15683,Ricardo Turullols-Bonilla,IND,2.0
220,136217,72583,2020,Texas,1515,Data for Progress,,,Data for Progress,522,Data for Progress,B,926,lv,lv,Online/Text,U.S. Senate,2,Class II,10/27/20,11/1/20,11/3/20,,0,,,0,0,11/1/20 21:26,,https://filesforprogress.org/datasets/2020/11/2020-election-polls/toplines/dfp_tx_11.1.20.pdf,general,6295,McKennon,15835,Kerry Douglas McKennon,LIB,1.0
221,136219,72584,2020,Colorado,1515,Data for Progress,,,Data for Progress,522,Data for Progress,B,709,lv,lv,Online/Text,U.S. Senate,0,Class II,10/27/20,11/1/20,11/3/20,,0,,,0,0,11/1/20 21:45,,https://filesforprogress.org/datasets/2020/11/2020-election-polls/toplines/dfp_co_11.1.20.pdf,general,6269,Hickenlooper,13474,John Wright Hickenlooper,DEM,54.0
222,136219,72584,2020,Colorado,1515,Data for Progress,,,Data for Progress,522,Data for Progress,B,709,lv,lv,Online/Text,U.S. Senate,0,Class II,10/27/20,11/1/20,11/3/20,,0,,,0,0,11/1/20 21:45,,https://filesforprogress.org/datasets/2020/11/2020-election-polls/toplines/dfp_co_11.1.20.pdf,general,6269,Gardner,13475,Cory Gardner,REP,45.0
223,136221,72585,2020,Arizona,1515,Data for Progress,,,Data for Progress,522,Data for Progress,B,1195,lv,lv,Online/Text,U.S. Senate,2,Class III,10/27/20,11/1/20,11/3/20,,0,,,0,0,11/1/20 22:06,,https://filesforprogress.org/datasets/2020/11/2020-election-polls/toplines/dfp_az_11.1.20.pdf,general,6268,Kelly,13445,Mark Kelly,DEM,54.0
224,136221,72585,2020,Arizona,1515,Data for Progress,,,Data for Progress,522,Data for Progress,B,1195,lv,lv,Online/Text,U.S. Senate,2,Class III,10/27/20,11/1/20,11/3/20,,0,,,0,0,11/1/20 22:06,,https://filesforprogress.org/datasets/2020/11/2020-election-polls/toplines/dfp_az_11.1.20.pdf,general,6268,McSally,13446,Martha McSally,REP,46.0
225,136233,72590,2020,Virginia,1515,Data for Progress,,,Data for Progress,522,Data for Progress,B,690,lv,lv,Online/Text,U.S. Senate,2,Class II,10/27/20,11/1/20,11/3/20,,0,,,0,0,11/1/20 22:57,,https://filesforprogress.org/datasets/2020/11/2020-election-polls/toplines/dfp_va_11.1.20.pdf,general,6296,Warner,14760,Mark R. Warner,DEM,57.0
226,136233,72590,2020,Virginia,1515,Data for Progress,,,Data for Progress,522,Data for Progress,B,690,lv,lv,Online/Text,U.S. Senate,2,Class II,10/27/20,11/1/20,11/3/20,,0,,,0,0,11/1/20 22:57,,https://filesforprogress.org/datasets/2020/11/2020-election-polls/toplines/dfp_va_11.1.20.pdf,general,6296,Gade,15688,Daniel M. Gade,REP,42.0
227,136234,72591,2020,Alabama,1515,Data for Progress,,,Data for Progress,522,Data for Progress,B,1045,lv,lv,Online/Text,U.S. Senate,0,Class II,10/27/20,11/1/20,11/3/20,,0,,,0,0,11/1/20 22:57,,https://filesforprogress.org/datasets/2020/11/2020-election-polls/toplines/dfp_al_11.1.20.pdf,general,6266,Jones,13612,Doug Jones,DEM,44.0
228,136234,72591,2020,Alabama,1515,Data for Progress,,,Data for Progress,522,Data for Progress,B,1045,lv,lv,Online/Text,U.S. Senate,0,Class II,10/27/20,11/1/20,11/3/20,,0,,,0,0,11/1/20 22:57,,https://filesforprogress.org/datasets/2020/11/2020-election-polls/toplines/dfp_al_11.1.20.pdf,general,6266,Tuberville,13614,Tommy Tuberville,REP,56.0
229,136353,72659,2020,North Carolina,744,Ipsos,71,Reuters,Ipsos,154,Ipsos,B-,707,lv,lv,Online,U.S. Senate,0,Class II,10/27/20,11/1/20,11/3/20,,0,,,0,0,11/2/20 15:16,,https://www.ipsos.com/sites/default/files/ct/news/documents/2020-11/topline_reuters_north_carolina_state_poll_w6_11_02_2020_.pdf,general,6284,Cunningham,13468,Cal Cunningham,DEM,48.0
230,136353,72659,2020,North Carolina,744,Ipsos,71,Reuters,Ipsos,154,Ipsos,B-,707,lv,lv,Online,U.S. Senate,0,Class II,10/27/20,11/1/20,11/3/20,,0,,,0,0,11/2/20 15:16,,https://www.ipsos.com/sites/default/files/ct/news/documents/2020-11/topline_reuters_north_carolina_state_poll_w6_11_02_2020_.pdf,general,6284,Tillis,13461,Thom Tillis,REP,46.0
231,136493,72723,2020,Kansas,1515,Data for Progress,,,Data for Progress,522,Data for Progress,B,1121,lv,lv,Online/Text,U.S. Senate,0,Class II,10/27/20,11/1/20,11/3/20,,0,,,0,0,11/2/20 19:26,,https://filesforprogress.org/datasets/2020/11/2020-election-polls/toplines/dfp_ks_11.2.20.pdf,general,6275,Bollier,13698,Barbara Bollier,DEM,45.0
232,136493,72723,2020,Kansas,1515,Data for Progress,,,Data for Progress,522,Data for Progress,B,1121,lv,lv,Online/Text,U.S. Senate,0,Class II,10/27/20,11/1/20,11/3/20,,0,,,0,0,11/2/20 19:26,,https://filesforprogress.org/datasets/2020/11/2020-election-polls/toplines/dfp_ks_11.2.20.pdf,general,6275,Marshall,14604,Roger Marshall,REP,51.0
233,136493,72723,2020,Kansas,1515,Data for Progress,,,Data for Progress,522,Data for Progress,B,1121,lv,lv,Online/Text,U.S. Senate,0,Class II,10/27/20,11/1/20,11/3/20,,0,,,0,0,11/2/20 19:26,,https://filesforprogress.org/datasets/2020/11/2020-election-polls/toplines/dfp_ks_11.2.20.pdf,general,6275,Buckley,15647,Jason Buckley,LIB,4.0
234,136495,72724,2020,South Carolina,1515,Data for Progress,,,Data for Progress,522,Data for Progress,B,880,lv,lv,Online/Text,U.S. Senate,0,Class II,10/27/20,11/1/20,11/3/20,,0,,,0,0,11/2/20 19:29,,https://filesforprogress.org/datasets/2020/11/2020-election-polls/toplines/dfp_sc_11.2.20.pdf,general,6292,Harrison,13457,Jaime Harrison,DEM,46.0
235,136495,72724,2020,South Carolina,1515,Data for Progress,,,Data for Progress,522,Data for Progress,B,880,lv,lv,Online/Text,U.S. Senate,0,Class II,10/27/20,11/1/20,11/3/20,,0,,,0,0,11/2/20 19:29,,https://filesforprogress.org/datasets/2020/11/2020-election-polls/toplines/dfp_sc_11.2.20.pdf,general,6292,Graham,13458,Lindsey Graham,REP,49.0
236,136495,72724,2020,South Carolina,1515,Data for Progress,,,Data for Progress,522,Data for Progress,B,880,lv,lv,Online/Text,U.S. Senate,0,Class II,10/27/20,11/1/20,11/3/20,,0,,,0,0,11/2/20 19:29,,https://filesforprogress.org/datasets/2020/11/2020-election-polls/toplines/dfp_sc_11.2.20.pdf,general,6292,Bledsoe,14749,Bill Bledsoe,CON,4.0
237,136513,72738,2020,Georgia,1515,Data for Progress,,,Data for Progress,522,Data for Progress,B,1036,lv,lv,Online/Text,U.S. Senate,0,Class II,10/27/20,11/1/20,11/3/20,,0,,,0,0,11/2/20 20:18,,https://filesforprogress.org/datasets/2020/11/2020-election-polls/toplines/dfp_ga_11.2.20.pdf,general,6271,Ossoff,14567,Jon Ossoff,DEM,51.0
238,136513,72738,2020,Georgia,1515,Data for Progress,,,Data for Progress,522,Data for Progress,B,1036,lv,lv,Online/Text,U.S. Senate,0,Class II,10/27/20,11/1/20,11/3/20,,0,,,0,0,11/2/20 20:18,,https://filesforprogress.org/datasets/2020/11/2020-election-polls/toplines/dfp_ga_11.2.20.pdf,general,6271,Perdue,14568,David A. Perdue,REP,46.0
239,136513,72738,2020,Georgia,1515,Data for Progress,,,Data for Progress,522,Data for Progress,B,1036,lv,lv,Online/Text,U.S. Senate,0,Class II,10/27/20,11/1/20,11/3/20,,0,,,0,0,11/2/20 20:18,,https://filesforprogress.org/datasets/2020/11/2020-election-polls/toplines/dfp_ga_11.2.20.pdf,general,6271,Hazel,14572,Shane Hazel,LIB,3.0
240,136514,72738,2020,Georgia,1515,Data for Progress,,,Data for Progress,522,Data for Progress,B,1036,lv,lv,Online/Text,U.S. Senate,2,Class III,10/27/20,11/1/20,11/3/20,,0,,,0,0,11/2/20 20:18,,https://filesforprogress.org/datasets/2020/11/2020-election-polls/toplines/dfp_ga_11.2.20.pdf,jungle primary,7780,Warnock,14489,Raphael Warnock,DEM,41.0
241,136514,72738,2020,Georgia,1515,Data for Progress,,,Data for Progress,522,Data for Progress,B,1036,lv,lv,Online/Text,U.S. Senate,2,Class III,10/27/20,11/1/20,11/3/20,,0,,,0,0,11/2/20 20:18,,https://filesforprogress.org/datasets/2020/11/2020-election-polls/toplines/dfp_ga_11.2.20.pdf,jungle primary,7780,Loeffler,13671,Kelly Loeffler,REP,26.0
242,136514,72738,2020,Georgia,1515,Data for Progress,,,Data for Progress,522,Data for Progress,B,1036,lv,lv,Online/Text,U.S. Senate,2,Class III,10/27/20,11/1/20,11/3/20,,0,,,0,0,11/2/20 20:18,,https://filesforprogress.org/datasets/2020/11/2020-election-polls/toplines/dfp_ga_11.2.20.pdf,jungle primary,7780,Collins,13669,Doug Collins,REP,21.0
243,136514,72738,2020,Georgia,1515,Data for Progress,,,Data for Progress,522,Data for Progress,B,1036,lv,lv,Online/Text,U.S. Senate,2,Class III,10/27/20,11/1/20,11/3/20,,0,,,0,0,11/2/20 20:18,,https://filesforprogress.org/datasets/2020/11/2020-election-polls/toplines/dfp_ga_11.2.20.pdf,jungle primary,7780,Lieberman,13670,Matthew Lieberman,DEM,8.0
244,136514,72738,2020,Georgia,1515,Data for Progress,,,Data for Progress,522,Data for Progress,B,1036,lv,lv,Online/Text,U.S. Senate,2,Class III,10/27/20,11/1/20,11/3/20,,0,,,0,0,11/2/20 20:18,,https://filesforprogress.org/datasets/2020/11/2020-election-polls/toplines/dfp_ga_11.2.20.pdf,jungle primary,7780,Tarver,14490,Ed Tarver,DEM,3.0
245,136516,72739,2020,Mississippi,1515,Data for Progress,,,Data for Progress,522,Data for Progress,B,562,lv,lv,Online/Text,U.S. Senate,2,Class II,10/27/20,11/1/20,11/3/20,,0,,,0,0,11/2/20 20:29,,https://filesforprogress.org/datasets/2020/11/2020-election-polls/toplines/dfp_ms_11.2.20.pdf,general,6282,Espy,13651,Mike Espy,DEM,47.0
246,136516,72739,2020,Mississippi,1515,Data for Progress,,,Data for Progress,522,Data for Progress,B,562,lv,lv,Online/Text,U.S. Senate,2,Class II,10/27/20,11/1/20,11/3/20,,0,,,0,0,11/2/20 20:29,,https://filesforprogress.org/datasets/2020/11/2020-election-polls/toplines/dfp_ms_11.2.20.pdf,general,6282,Hyde-Smith,13652,Cindy Hyde-Smith,REP,50.0
247,136516,72739,2020,Mississippi,1515,Data for Progress,,,Data for Progress,522,Data for Progress,B,562,lv,lv,Online/Text,U.S. Senate,2,Class II,10/27/20,11/1/20,11/3/20,,0,,,0,0,11/2/20 20:29,,https://filesforprogress.org/datasets/2020/11/2020-election-polls/toplines/dfp_ms_11.2.20.pdf,general,6282,Edwards,14573,Jimmy Edwards,LIB,3.0
248,136518,72740,2020,Minnesota,1515,Data for Progress,,,Data for Progress,522,Data for Progress,B,1259,lv,lv,Online/Text,U.S. Senate,2,Class II,10/27/20,11/1/20,11/3/20,,0,,,0,0,11/2/20 20:35,,https://filesforprogress.org/datasets/2020/11/2020-election-polls/toplines/dfp_mn_11.2.20.pdf,general,6281,Smith,15691,Tina Smith,DEM,54.0
249,136518,72740,2020,Minnesota,1515,Data for Progress,,,Data for Progress,522,Data for Progress,B,1259,lv,lv,Online/Text,U.S. Senate,2,Class II,10/27/20,11/1/20,11/3/20,,0,,,0,0,11/2/20 20:35,,https://filesforprogress.org/datasets/2020/11/2020-election-polls/toplines/dfp_mn_11.2.20.pdf,general,6281,Lewis,15692,Jason Lewis,REP,44.0
250,136520,72741,2020,Iowa,1515,Data for Progress,,,Data for Progress,522,Data for Progress,B,951,lv,lv,Online/Text,U.S. Senate,0,Class II,10/27/20,11/1/20,11/3/20,,0,,,0,0,11/2/20 20:41,,https://filesforprogress.org/datasets/2020/11/2020-election-polls/toplines/dfp_ia_11.2.20.pdf,general,6272,Greenfield,13466,Theresa Greenfield,DEM,49.0
251,136520,72741,2020,Iowa,1515,Data for Progress,,,Data for Progress,522,Data for Progress,B,951,lv,lv,Online/Text,U.S. Senate,0,Class II,10/27/20,11/1/20,11/3/20,,0,,,0,0,11/2/20 20:41,,https://filesforprogress.org/datasets/2020/11/2020-election-polls/toplines/dfp_ia_11.2.20.pdf,general,6272,Ernst,13467,Joni K. Ernst,REP,45.0
252,136520,72741,2020,Iowa,1515,Data for Progress,,,Data for Progress,522,Data for Progress,B,951,lv,lv,Online/Text,U.S. Senate,0,Class II,10/27/20,11/1/20,11/3/20,,0,,,0,0,11/2/20 20:41,,https://filesforprogress.org/datasets/2020/11/2020-election-polls/toplines/dfp_ia_11.2.20.pdf,general,6272,Herzog,15642,Suzanne Herzog,IND,3.0
253,136520,72741,2020,Iowa,1515,Data for Progress,,,Data for Progress,522,Data for Progress,B,951,lv,lv,Online/Text,U.S. Senate,0,Class II,10/27/20,11/1/20,11/3/20,,0,,,0,0,11/2/20 20:41,,https://filesforprogress.org/datasets/2020/11/2020-election-polls/toplines/dfp_ia_11.2.20.pdf,general,6272,Stewart,15614,Rick Stewart,LIB,2.0
254,136582,72763,2020,Alabama,1522,Swayable,,,Swayable,543,Swayable,C,294,lv,lv,Online,U.S. Senate,0,Class II,10/27/20,11/1/20,11/3/20,,0,,,0,0,11/2/20 22:16,,https://www.swayable.com/polls/2020-11-02-large.html,general,6266,Jones,13612,Doug Jones,DEM,42.3
255,136582,72763,2020,Alabama,1522,Swayable,,,Swayable,543,Swayable,C,294,lv,lv,Online,U.S. Senate,0,Class II,10/27/20,11/1/20,11/3/20,,0,,,0,0,11/2/20 22:16,,https://www.swayable.com/polls/2020-11-02-large.html,general,6266,Tuberville,13614,Tommy Tuberville,REP,57.6
256,136581,72764,2020,Arizona,1522,Swayable,,,Swayable,543,Swayable,C,333,lv,lv,Online,U.S. Senate,2,Class III,10/27/20,11/1/20,11/3/20,,0,,,0,0,11/2/20 22:16,,https://www.swayable.com/polls/2020-11-02-large.html,general,6268,Kelly,13445,Mark Kelly,DEM,55.0
257,136581,72764,2020,Arizona,1522,Swayable,,,Swayable,543,Swayable,C,333,lv,lv,Online,U.S. Senate,2,Class III,10/27/20,11/1/20,11/3/20,,0,,,0,0,11/2/20 22:16,,https://www.swayable.com/polls/2020-11-02-large.html,general,6268,McSally,13446,Martha McSally,REP,45.0
258,136578,72766,2020,Georgia,1522,Swayable,,,Swayable,543,Swayable,C,407,lv,lv,Online,U.S. Senate,0,Class II,10/27/20,11/1/20,11/3/20,,0,,,0,0,11/2/20 22:16,,https://www.swayable.com/polls/2020-11-02-large.html,general,6271,Ossoff,14567,Jon Ossoff,DEM,47.9
259,136578,72766,2020,Georgia,1522,Swayable,,,Swayable,543,Swayable,C,407,lv,lv,Online,U.S. Senate,0,Class II,10/27/20,11/1/20,11/3/20,,0,,,0,0,11/2/20 22:16,,https://www.swayable.com/polls/2020-11-02-large.html,general,6271,Perdue,14568,David A. Perdue,REP,49.2
260,136579,72769,2020,Michigan,1522,Swayable,,,Swayable,543,Swayable,C,393,lv,lv,Online,U.S. Senate,2,Class II,10/27/20,11/1/20,11/3/20,,0,,,0,0,11/2/20 22:16,,https://www.swayable.com/polls/2020-11-02-large.html,general,6280,Peters,13453,Gary C. Peters,DEM,53.6
261,136579,72769,2020,Michigan,1522,Swayable,,,Swayable,543,Swayable,C,393,lv,lv,Online,U.S. Senate,2,Class II,10/27/20,11/1/20,11/3/20,,0,,,0,0,11/2/20 22:16,,https://www.swayable.com/polls/2020-11-02-large.html,general,6280,James,13454,John James,REP,46.4
262,136583,72775,2020,Virginia,1522,Swayable,,,Swayable,543,Swayable,C,283,lv,lv,Online,U.S. Senate,2,Class II,10/27/20,11/1/20,11/3/20,,0,,,0,0,11/2/20 22:16,,https://www.swayable.com/polls/2020-11-02-large.html,general,6296,Warner,14760,Mark R. Warner,DEM,60.7
263,136583,72775,2020,Virginia,1522,Swayable,,,Swayable,543,Swayable,C,283,lv,lv,Online,U.S. Senate,2,Class II,10/27/20,11/1/20,11/3/20,,0,,,0,0,11/2/20 22:16,,https://www.swayable.com/polls/2020-11-02-large.html,general,6296,Gade,15688,Daniel M. Gade,REP,39.3
264,136586,72777,2020,Colorado,1522,Swayable,,,Swayable,543,Swayable,C,443,lv,lv,Online,U.S. Senate,0,Class II,10/23/20,11/1/20,11/3/20,,0,,,0,0,11/2/20 22:16,,https://www.swayable.com/polls/2020-11-02-small.html,general,6269,Hickenlooper,13474,John Wright Hickenlooper,DEM,56.9
265,136586,72777,2020,Colorado,1522,Swayable,,,Swayable,543,Swayable,C,443,lv,lv,Online,U.S. Senate,0,Class II,10/23/20,11/1/20,11/3/20,,0,,,0,0,11/2/20 22:16,,https://www.swayable.com/polls/2020-11-02-small.html,general,6269,Gardner,13475,Cory Gardner,REP,43.1
266,136588,72779,2020,Kentucky,1522,Swayable,,,Swayable,543,Swayable,C,365,lv,lv,Online,U.S. Senate,0,Class II,10/23/20,11/1/20,11/3/20,,0,,,0,0,11/2/20 22:16,,https://www.swayable.com/polls/2020-11-02-small.html,general,6276,McGrath,13470,Amy McGrath,DEM,46.3
267,136588,72779,2020,Kentucky,1522,Swayable,,,Swayable,543,Swayable,C,365,lv,lv,Online,U.S. Senate,0,Class II,10/23/20,11/1/20,11/3/20,,0,,,0,0,11/2/20 22:16,,https://www.swayable.com/polls/2020-11-02-small.html,general,6276,McConnell,13471,Mitch McConnell,REP,49.1
268,136588,72779,2020,Kentucky,1522,Swayable,,,Swayable,543,Swayable,C,365,lv,lv,Online,U.S. Senate,0,Class II,10/23/20,11/1/20,11/3/20,,0,,,0,0,11/2/20 22:16,,https://www.swayable.com/polls/2020-11-02-small.html,general,6276,Barron,14478,Brad Barron,LIB,4.6
269,136585,72782,2020,Minnesota,1522,Swayable,,,Swayable,543,Swayable,C,430,lv,lv,Online,U.S. Senate,2,Class II,10/23/20,11/1/20,11/3/20,,0,,,0,0,11/2/20 22:16,,https://www.swayable.com/polls/2020-11-02-small.html,general,6281,Smith,15691,Tina Smith,DEM,54.5
270,136585,72782,2020,Minnesota,1522,Swayable,,,Swayable,543,Swayable,C,430,lv,lv,Online,U.S. Senate,2,Class II,10/23/20,11/1/20,11/3/20,,0,,,0,0,11/2/20 22:16,,https://www.swayable.com/polls/2020-11-02-small.html,general,6281,Lewis,15692,Jason Lewis,REP,45.5
271,136587,72785,2020,South Carolina,1522,Swayable,,,Swayable,543,Swayable,C,416,lv,lv,Online,U.S. Senate,0,Class II,10/23/20,11/1/20,11/3/20,,0,,,0,0,11/2/20 22:16,,https://www.swayable.com/polls/2020-11-02-small.html,general,6292,Harrison,13457,Jaime Harrison,DEM,51.9
272,136587,72785,2020,South Carolina,1522,Swayable,,,Swayable,543,Swayable,C,416,lv,lv,Online,U.S. Senate,0,Class II,10/23/20,11/1/20,11/3/20,,0,,,0,0,11/2/20 22:16,,https://www.swayable.com/polls/2020-11-02-small.html,general,6292,Graham,13458,Lindsey Graham,REP,46.0
273,136587,72785,2020,South Carolina,1522,Swayable,,,Swayable,543,Swayable,C,416,lv,lv,Online,U.S. Senate,0,Class II,10/23/20,11/1/20,11/3/20,,0,,,0,0,11/2/20 22:16,,https://www.swayable.com/polls/2020-11-02-small.html,general,6292,Bledsoe,14749,Bill Bledsoe,CON,2.2
274,136584,72786,2020,Tennessee,1522,Swayable,,,Swayable,543,Swayable,C,431,lv,lv,Online,U.S. Senate,2,Class II,10/23/20,11/1/20,11/3/20,,0,,,0,0,11/2/20 22:16,,https://www.swayable.com/polls/2020-11-02-small.html,general,6294,Bradshaw,15851,Marquita Bradshaw,DEM,39.3
275,136584,72786,2020,Tennessee,1522,Swayable,,,Swayable,543,Swayable,C,431,lv,lv,Online,U.S. Senate,2,Class II,10/23/20,11/1/20,11/3/20,,0,,,0,0,11/2/20 22:16,,https://www.swayable.com/polls/2020-11-02-small.html,general,6294,Hagerty,13694,Bill Hagerty,REP,60.7
276,136306,72635,2020,North Carolina,165,Frederick Polls,"1511,1512",COMPETE_ | AMM Political Strategies,Frederick Polls,108,Frederick Polls,B/C,676,lv,lv,Text,U.S. Senate,0,Class II,10/30/20,10/31/20,11/3/20,,0,,,0,0,11/2/20 09:54,,https://competeeverywhere.com/2020/11/fresh-polling-shows-biden-poised-for-victory/,general,6284,Cunningham,13468,Cal Cunningham,DEM,50.0
277,136306,72635,2020,North Carolina,165,Frederick Polls,"1511,1512",COMPETE_ | AMM Political Strategies,Frederick Polls,108,Frederick Polls,B/C,676,lv,lv,Text,U.S. Senate,0,Class II,10/30/20,10/31/20,11/3/20,,0,,,0,0,11/2/20 09:54,,https://competeeverywhere.com/2020/11/fresh-polling-shows-biden-poised-for-victory/,general,6284,Tillis,13461,Thom Tillis,REP,46.0
278,136306,72635,2020,North Carolina,165,Frederick Polls,"1511,1512",COMPETE_ | AMM Political Strategies,Frederick Polls,108,Frederick Polls,B/C,676,lv,lv,Text,U.S. Senate,0,Class II,10/30/20,10/31/20,11/3/20,,0,,,0,0,11/2/20 09:54,,https://competeeverywhere.com/2020/11/fresh-polling-shows-biden-poised-for-victory/,general,6284,Bray,14557,Shannon Wilson Bray,LIB,3.0
279,136306,72635,2020,North Carolina,165,Frederick Polls,"1511,1512",COMPETE_ | AMM Political Strategies,Frederick Polls,108,Frederick Polls,B/C,676,lv,lv,Text,U.S. Senate,0,Class II,10/30/20,10/31/20,11/3/20,,0,,,0,0,11/2/20 09:54,,https://competeeverywhere.com/2020/11/fresh-polling-shows-biden-poised-for-victory/,general,6284,Hayes,14558,Kevin Eugene Hayes,CON,2.0
280,136038,72487,2020,Michigan,1102,Emerson College,,,Emerson College,88,Emerson College,A-,700,lv,lv,IVR/Online/Text,U.S. Senate,2,Class II,10/29/20,10/31/20,11/3/20,,0,,,0,0,11/1/20 09:15,,https://emersonpolling.reportablenews.com/pr/super-poll-sunday-polling-in-the-midwest-shows-biden-ahead-in-michigan-and-tight-races-in-ohio-and-iowa,general,6280,Peters,13453,Gary C. Peters,DEM,51.8
281,136038,72487,2020,Michigan,1102,Emerson College,,,Emerson College,88,Emerson College,A-,700,lv,lv,IVR/Online/Text,U.S. Senate,2,Class II,10/29/20,10/31/20,11/3/20,,0,,,0,0,11/1/20 09:15,,https://emersonpolling.reportablenews.com/pr/super-poll-sunday-polling-in-the-midwest-shows-biden-ahead-in-michigan-and-tight-races-in-ohio-and-iowa,general,6280,James,13454,John James,REP,46.0
282,136039,72489,2020,Iowa,1102,Emerson College,,,Emerson College,88,Emerson College,A-,604,lv,lv,IVR/Online/Text,U.S. Senate,0,Class II,10/29/20,10/31/20,11/3/20,,0,,,0,0,11/1/20 09:15,,https://emersonpolling.reportablenews.com/pr/super-poll-sunday-polling-in-the-midwest-shows-biden-ahead-in-michigan-and-tight-races-in-ohio-and-iowa,general,6272,Greenfield,13466,Theresa Greenfield,DEM,50.8
283,136039,72489,2020,Iowa,1102,Emerson College,,,Emerson College,88,Emerson College,A-,604,lv,lv,IVR/Online/Text,U.S. Senate,0,Class II,10/29/20,10/31/20,11/3/20,,0,,,0,0,11/1/20 09:15,,https://emersonpolling.reportablenews.com/pr/super-poll-sunday-polling-in-the-midwest-shows-biden-ahead-in-michigan-and-tight-races-in-ohio-and-iowa,general,6272,Ernst,13467,Joni K. Ernst,REP,47.7
284,136051,72495,2020,Arizona,1102,Emerson College,,,Emerson College,88,Emerson College,A-,732,lv,lv,IVR/Online/Text,U.S. Senate,2,Class III,10/29/20,10/31/20,11/3/20,,0,,,0,0,11/1/20 12:06,,https://emersonpolling.reportablenews.com/pr/super-poll-sunday-toss-ups-in-nevada-and-arizona,general,6268,Kelly,13445,Mark Kelly,DEM,50.3
285,136051,72495,2020,Arizona,1102,Emerson College,,,Emerson College,88,Emerson College,A-,732,lv,lv,IVR/Online/Text,U.S. Senate,2,Class III,10/29/20,10/31/20,11/3/20,,0,,,0,0,11/1/20 12:06,,https://emersonpolling.reportablenews.com/pr/super-poll-sunday-toss-ups-in-nevada-and-arizona,general,6268,McSally,13446,Martha McSally,REP,47.6
286,136078,72511,2020,Maine,1102,Emerson College,,,Emerson College,88,Emerson College,A-,611,lv,lv,IVR/Online/Text,U.S. Senate,2,Class II,10/29/20,10/31/20,11/3/20,,0,,,0,0,11/1/20 16:18,,https://emersonpolling.reportablenews.com/pr/super-poll-sunday-biden-with-slight-lead-over-trump-in-pennsylvania-maine-s-second-district-competitive,general,6279,Gideon,13455,Sara Gideon,DEM,47.6
287,136078,72511,2020,Maine,1102,Emerson College,,,Emerson College,88,Emerson College,A-,611,lv,lv,IVR/Online/Text,U.S. Senate,2,Class II,10/29/20,10/31/20,11/3/20,,0,,,0,0,11/1/20 16:18,,https://emersonpolling.reportablenews.com/pr/super-poll-sunday-biden-with-slight-lead-over-trump-in-pennsylvania-maine-s-second-district-competitive,general,6279,Collins,13456,Susan M. Collins,REP,45.8
288,136078,72511,2020,Maine,1102,Emerson College,,,Emerson College,88,Emerson College,A-,611,lv,lv,IVR/Online/Text,U.S. Senate,2,Class II,10/29/20,10/31/20,11/3/20,,0,,,0,0,11/1/20 16:18,,https://emersonpolling.reportablenews.com/pr/super-poll-sunday-biden-with-slight-lead-over-trump-in-pennsylvania-maine-s-second-district-competitive,general,6279,Savage,14690,Lisa Savage,IND,5.0
289,136078,72511,2020,Maine,1102,Emerson College,,,Emerson College,88,Emerson College,A-,611,lv,lv,IVR/Online/Text,U.S. Senate,2,Class II,10/29/20,10/31/20,11/3/20,,0,,,0,0,11/1/20 16:18,,https://emersonpolling.reportablenews.com/pr/super-poll-sunday-biden-with-slight-lead-over-trump-in-pennsylvania-maine-s-second-district-competitive,general,6279,Linn,14691,Max Linn,IND,1.0
290,136085,72515,2020,North Carolina,1102,Emerson College,,,Emerson College,88,Emerson College,A-,855,lv,lv,IVR/Online/Text,U.S. Senate,0,Class II,10/29/20,10/31/20,11/3/20,,0,,,0,0,11/1/20 17:15,,https://emersonpolling.reportablenews.com/pr/super-poll-sunday-democrats-within-striking-distance-in-key-southern-states,general,6284,Cunningham,13468,Cal Cunningham,DEM,50.4
291,136085,72515,2020,North Carolina,1102,Emerson College,,,Emerson College,88,Emerson College,A-,855,lv,lv,IVR/Online/Text,U.S. Senate,0,Class II,10/29/20,10/31/20,11/3/20,,0,,,0,0,11/1/20 17:15,,https://emersonpolling.reportablenews.com/pr/super-poll-sunday-democrats-within-striking-distance-in-key-southern-states,general,6284,Tillis,13461,Thom Tillis,REP,47.2
292,136086,72517,2020,Georgia,1102,Emerson College,,,Emerson College,88,Emerson College,A-,749,lv,lv,IVR/Online/Text,U.S. Senate,0,Class II,10/29/20,10/31/20,11/3/20,,0,,,0,0,11/1/20 17:15,,https://emersonpolling.reportablenews.com/pr/super-poll-sunday-democrats-within-striking-distance-in-key-southern-states,general,6271,Ossoff,14567,Jon Ossoff,DEM,48.9
293,136086,72517,2020,Georgia,1102,Emerson College,,,Emerson College,88,Emerson College,A-,749,lv,lv,IVR/Online/Text,U.S. Senate,0,Class II,10/29/20,10/31/20,11/3/20,,0,,,0,0,11/1/20 17:15,,https://emersonpolling.reportablenews.com/pr/super-poll-sunday-democrats-within-striking-distance-in-key-southern-states,general,6271,Perdue,14568,David A. Perdue,REP,47.6
294,136087,72517,2020,Georgia,1102,Emerson College,,,Emerson College,88,Emerson College,A-,749,lv,lv,IVR/Online/Text,U.S. Senate,2,Class III,10/29/20,10/31/20,11/3/20,,0,,,0,0,11/1/20 17:15,,https://emersonpolling.reportablenews.com/pr/super-poll-sunday-democrats-within-striking-distance-in-key-southern-states,jungle primary,7780,Lieberman,13670,Matthew Lieberman,DEM,7.8
295,136087,72517,2020,Georgia,1102,Emerson College,,,Emerson College,88,Emerson College,A-,749,lv,lv,IVR/Online/Text,U.S. Senate,2,Class III,10/29/20,10/31/20,11/3/20,,0,,,0,0,11/1/20 17:15,,https://emersonpolling.reportablenews.com/pr/super-poll-sunday-democrats-within-striking-distance-in-key-southern-states,jungle primary,7780,Collins,13669,Doug Collins,REP,26.8
296,136087,72517,2020,Georgia,1102,Emerson College,,,Emerson College,88,Emerson College,A-,749,lv,lv,IVR/Online/Text,U.S. Senate,2,Class III,10/29/20,10/31/20,11/3/20,,0,,,0,0,11/1/20 17:15,,https://emersonpolling.reportablenews.com/pr/super-poll-sunday-democrats-within-striking-distance-in-key-southern-states,jungle primary,7780,Loeffler,13671,Kelly Loeffler,REP,23.5
297,136087,72517,2020,Georgia,1102,Emerson College,,,Emerson College,88,Emerson College,A-,749,lv,lv,IVR/Online/Text,U.S. Senate,2,Class III,10/29/20,10/31/20,11/3/20,,0,,,0,0,11/1/20 17:15,,https://emersonpolling.reportablenews.com/pr/super-poll-sunday-democrats-within-striking-distance-in-key-southern-states,jungle primary,7780,Tarver,14490,Ed Tarver,DEM,2.3
298,136087,72517,2020,Georgia,1102,Emerson College,,,Emerson College,88,Emerson College,A-,749,lv,lv,IVR/Online/Text,U.S. Senate,2,Class III,10/29/20,10/31/20,11/3/20,,0,,,0,0,11/1/20 17:15,,https://emersonpolling.reportablenews.com/pr/super-poll-sunday-democrats-within-striking-distance-in-key-southern-states,jungle primary,7780,Warnock,14489,Raphael Warnock,DEM,37.9
299,136088,72518,2020,Texas,1102,Emerson College,,,Emerson College,88,Emerson College,A-,763,lv,lv,IVR/Online/Text,U.S. Senate,2,Class II,10/29/20,10/31/20,11/3/20,,0,,,0,0,11/1/20 17:15,,https://emersonpolling.reportablenews.com/pr/super-poll-sunday-democrats-within-striking-distance-in-key-southern-states,general,6295,Hegar,13459,Mary Jennings Hegar,DEM,47.0
300,136088,72518,2020,Texas,1102,Emerson College,,,Emerson College,88,Emerson College,A-,763,lv,lv,IVR/Online/Text,U.S. Senate,2,Class II,10/29/20,10/31/20,11/3/20,,0,,,0,0,11/1/20 17:15,,https://emersonpolling.reportablenews.com/pr/super-poll-sunday-democrats-within-striking-distance-in-key-southern-states,general,6295,Cornyn,13444,John Cornyn,REP,51.0
301,136269,72602,2020,Arizona,1189,Morning Consult,,,Morning Consult,218,Morning Consult,B,1059,lv,lv,Online,U.S. Senate,2,Class III,10/22/20,10/31/20,11/3/20,,0,,1,0,0,11/2/20 07:19,,https://morningconsult.com/form/2020-u-s-election-tracker/,general,6268,Kelly,13445,Mark Kelly,DEM,47.9
302,136269,72602,2020,Arizona,1189,Morning Consult,,,Morning Consult,218,Morning Consult,B,1059,lv,lv,Online,U.S. Senate,2,Class III,10/22/20,10/31/20,11/3/20,,0,,1,0,0,11/2/20 07:19,,https://morningconsult.com/form/2020-u-s-election-tracker/,general,6268,McSally,13446,Martha McSally,REP,44.4
303,136270,72603,2020,Colorado,1189,Morning Consult,,,Morning Consult,218,Morning Consult,B,727,lv,lv,Online,U.S. Senate,0,Class II,10/22/20,10/31/20,11/3/20,,0,,1,0,0,11/2/20 07:19,,https://morningconsult.com/form/2020-u-s-election-tracker/,general,6269,Hickenlooper,13474,John Wright Hickenlooper,DEM,51.5
304,136270,72603,2020,Colorado,1189,Morning Consult,,,Morning Consult,218,Morning Consult,B,727,lv,lv,Online,U.S. Senate,0,Class II,10/22/20,10/31/20,11/3/20,,0,,1,0,0,11/2/20 07:19,,https://morningconsult.com/form/2020-u-s-election-tracker/,general,6269,Gardner,13475,Cory Gardner,REP,43.6
305,136271,72605,2020,Georgia,1189,Morning Consult,,,Morning Consult,218,Morning Consult,B,1743,lv,lv,Online,U.S. Senate,0,Class II,10/22/20,10/31/20,11/3/20,,0,,1,0,0,11/2/20 07:19,,https://morningconsult.com/form/2020-u-s-election-tracker/,general,6271,Ossoff,14567,Jon Ossoff,DEM,46.5
306,136271,72605,2020,Georgia,1189,Morning Consult,,,Morning Consult,218,Morning Consult,B,1743,lv,lv,Online,U.S. Senate,0,Class II,10/22/20,10/31/20,11/3/20,,0,,1,0,0,11/2/20 07:19,,https://morningconsult.com/form/2020-u-s-election-tracker/,general,6271,Perdue,14568,David A. Perdue,REP,45.5
307,136273,72607,2020,Michigan,1189,Morning Consult,,,Morning Consult,218,Morning Consult,B,1736,lv,lv,Online,U.S. Senate,2,Class II,10/22/20,10/31/20,11/3/20,,0,,1,0,0,11/2/20 07:20,,https://morningconsult.com/form/2020-u-s-election-tracker/,general,6280,Peters,13453,Gary C. Peters,DEM,48.8
308,136273,72607,2020,Michigan,1189,Morning Consult,,,Morning Consult,218,Morning Consult,B,1736,lv,lv,Online,U.S. Senate,2,Class II,10/22/20,10/31/20,11/3/20,,0,,1,0,0,11/2/20 07:20,,https://morningconsult.com/form/2020-u-s-election-tracker/,general,6280,James,13454,John James,REP,43.1
309,136274,72610,2020,North Carolina,1189,Morning Consult,,,Morning Consult,218,Morning Consult,B,1982,lv,lv,Online,U.S. Senate,0,Class II,10/22/20,10/31/20,11/3/20,,0,,1,0,0,11/2/20 07:20,,https://morningconsult.com/form/2020-u-s-election-tracker/,general,6284,Cunningham,13468,Cal Cunningham,DEM,47.4
310,136274,72610,2020,North Carolina,1189,Morning Consult,,,Morning Consult,218,Morning Consult,B,1982,lv,lv,Online,U.S. Senate,0,Class II,10/22/20,10/31/20,11/3/20,,0,,1,0,0,11/2/20 07:20,,https://morningconsult.com/form/2020-u-s-election-tracker/,general,6284,Tillis,13461,Thom Tillis,REP,42.5
311,136275,72613,2020,South Carolina,1189,Morning Consult,,,Morning Consult,218,Morning Consult,B,904,lv,lv,Online,U.S. Senate,0,Class II,10/22/20,10/31/20,11/3/20,,0,,1,0,0,11/2/20 07:20,,https://morningconsult.com/form/2020-u-s-election-tracker/,general,6292,Harrison,13457,Jaime Harrison,DEM,44.2
312,136275,72613,2020,South Carolina,1189,Morning Consult,,,Morning Consult,218,Morning Consult,B,904,lv,lv,Online,U.S. Senate,0,Class II,10/22/20,10/31/20,11/3/20,,0,,1,0,0,11/2/20 07:20,,https://morningconsult.com/form/2020-u-s-election-tracker/,general,6292,Graham,13458,Lindsey Graham,REP,46.4
313,136276,72614,2020,Texas,1189,Morning Consult,,,Morning Consult,218,Morning Consult,B,3267,lv,lv,Online,U.S. Senate,2,Class II,10/22/20,10/31/20,11/3/20,,0,,1,0,0,11/2/20 07:20,,https://morningconsult.com/form/2020-u-s-election-tracker/,general,6295,Hegar,13459,Mary Jennings Hegar,DEM,42.5
314,136276,72614,2020,Texas,1189,Morning Consult,,,Morning Consult,218,Morning Consult,B,3267,lv,lv,Online,U.S. Senate,2,Class II,10/22/20,10/31/20,11/3/20,,0,,1,0,0,11/2/20 07:20,,https://morningconsult.com/form/2020-u-s-election-tracker/,general,6295,Cornyn,13444,John Cornyn,REP,46.7
315,136268,72617,2020,Alabama,1189,Morning Consult,,,Morning Consult,218,Morning Consult,B,850,lv,lv,Online,U.S. Senate,0,Class II,10/22/20,10/31/20,11/3/20,,0,,1,0,0,11/2/20 07:19,,https://morningconsult.com/form/2020-u-s-election-tracker/,general,6266,Jones,13612,Doug Jones,DEM,39.0
316,136268,72617,2020,Alabama,1189,Morning Consult,,,Morning Consult,218,Morning Consult,B,850,lv,lv,Online,U.S. Senate,0,Class II,10/22/20,10/31/20,11/3/20,,0,,1,0,0,11/2/20 07:19,,https://morningconsult.com/form/2020-u-s-election-tracker/,general,6266,Tuberville,13614,Tommy Tuberville,REP,51.1
317,136272,72618,2020,Kentucky,1189,Morning Consult,,,Morning Consult,218,Morning Consult,B,911,lv,lv,Online,U.S. Senate,0,Class II,10/22/20,10/31/20,11/3/20,,0,,1,0,0,11/2/20 07:20,,https://morningconsult.com/form/2020-u-s-election-tracker/,general,6276,McGrath,13470,Amy McGrath,DEM,39.8
318,136272,72618,2020,Kentucky,1189,Morning Consult,,,Morning Consult,218,Morning Consult,B,911,lv,lv,Online,U.S. Senate,0,Class II,10/22/20,10/31/20,11/3/20,,0,,1,0,0,11/2/20 07:20,,https://morningconsult.com/form/2020-u-s-election-tracker/,general,6276,McConnell,13471,Mitch McConnell,REP,51.1
319,136045,72492,2020,Iowa,235,Opinion Savvy/InsiderAdvantage,1457,Center for American Greatness,InsiderAdvantage,243,Opinion Savvy/InsiderAdvantage,B,400,lv,lv,IVR/Live Phone,U.S. Senate,0,Class II,10/30/20,10/30/20,11/3/20,,0,,,0,0,11/1/20 11:31,,https://overland.amgreatness.com/app/uploads/2020/10/IOWA-POLL-102020.pdf,general,6272,Greenfield,13466,Theresa Greenfield,DEM,45.1
320,136045,72492,2020,Iowa,235,Opinion Savvy/InsiderAdvantage,1457,Center for American Greatness,InsiderAdvantage,243,Opinion Savvy/InsiderAdvantage,B,400,lv,lv,IVR/Live Phone,U.S. Senate,0,Class II,10/30/20,10/30/20,11/3/20,,0,,,0,0,11/1/20 11:31,,https://overland.amgreatness.com/app/uploads/2020/10/IOWA-POLL-102020.pdf,general,6272,Ernst,13467,Joni K. Ernst,REP,50.7
321,136045,72492,2020,Iowa,235,Opinion Savvy/InsiderAdvantage,1457,Center for American Greatness,InsiderAdvantage,243,Opinion Savvy/InsiderAdvantage,B,400,lv,lv,IVR/Live Phone,U.S. Senate,0,Class II,10/30/20,10/30/20,11/3/20,,0,,,0,0,11/1/20 11:31,,https://overland.amgreatness.com/app/uploads/2020/10/IOWA-POLL-102020.pdf,general,6272,Stewart,15614,Rick Stewart,LIB,0.5
322,136045,72492,2020,Iowa,235,Opinion Savvy/InsiderAdvantage,1457,Center for American Greatness,InsiderAdvantage,243,Opinion Savvy/InsiderAdvantage,B,400,lv,lv,IVR/Live Phone,U.S. Senate,0,Class II,10/30/20,10/30/20,11/3/20,,0,,,0,0,11/1/20 11:31,,https://overland.amgreatness.com/app/uploads/2020/10/IOWA-POLL-102020.pdf,general,6272,Herzog,15642,Suzanne Herzog,IND,0.5
323,135713,72333,2020,Michigan,383,Public Policy Polling,338,Progress Michigan,Public Policy Polling,263,Public Policy Polling,A-,745,v,v,IVR/Text,U.S. Senate,2,Class II,10/29/20,10/30/20,11/3/20,,0,DEM,,0,0,10/30/20 15:02,,https://progressmichigan.org/wp-content/uploads/2020/10/LE-Newsletter-Issue8.pdf,general,6280,Peters,13453,Gary C. Peters,DEM,54.0
324,135713,72333,2020,Michigan,383,Public Policy Polling,338,Progress Michigan,Public Policy Polling,263,Public Policy Polling,A-,745,v,v,IVR/Text,U.S. Senate,2,Class II,10/29/20,10/30/20,11/3/20,,0,DEM,,0,0,10/30/20 15:02,,https://progressmichigan.org/wp-content/uploads/2020/10/LE-Newsletter-Issue8.pdf,general,6280,James,13454,John James,REP,44.0
325,135713,72333,2020,Michigan,383,Public Policy Polling,338,Progress Michigan,Public Policy Polling,263,Public Policy Polling,A-,745,v,v,IVR/Text,U.S. Senate,2,Class II,10/29/20,10/30/20,11/3/20,,0,DEM,,0,0,10/30/20 15:02,,https://progressmichigan.org/wp-content/uploads/2020/10/LE-Newsletter-Issue8.pdf,general,6280,Squier,15622,Marcia Squier,GRE,0.0
326,135861,72405,2020,Minnesota,383,Public Policy Polling,,,Public Policy Polling,263,Public Policy Polling,A-,770,v,v,IVR/Text,U.S. Senate,2,Class II,10/29/20,10/30/20,11/3/20,,0,,,0,0,10/31/20 11:13,,https://www.publicpolicypolling.com/wp-content/uploads/2020/10/MinnesotaResultsOctober2020.pdf,general,6281,Smith,15691,Tina Smith,DEM,51.0
327,135861,72405,2020,Minnesota,383,Public Policy Polling,,,Public Policy Polling,263,Public Policy Polling,A-,770,v,v,IVR/Text,U.S. Senate,2,Class II,10/29/20,10/30/20,11/3/20,,0,,,0,0,10/31/20 11:13,,https://www.publicpolicypolling.com/wp-content/uploads/2020/10/MinnesotaResultsOctober2020.pdf,general,6281,Lewis,15692,Jason Lewis,REP,42.0
328,136301,72632,2020,Arizona,1308,Data Orbital,,,Data Orbital,73,Data Orbital,A/B,550,lv,lv,Live Phone,U.S. Senate,2,Class III,10/28/20,10/30/20,11/3/20,,0,,,0,0,11/2/20 09:44,,https://www.dataorbital.com/the-blog/breaking-in-arizona-presidential-and-us-senate-races-shift-one-day-before-election-day,general,6268,Kelly,13445,Mark Kelly,DEM,47.1
329,136301,72632,2020,Arizona,1308,Data Orbital,,,Data Orbital,73,Data Orbital,A/B,550,lv,lv,Live Phone,U.S. Senate,2,Class III,10/28/20,10/30/20,11/3/20,,0,,,0,0,11/2/20 09:44,,https://www.dataorbital.com/the-blog/breaking-in-arizona-presidential-and-us-senate-races-shift-one-day-before-election-day,general,6268,McSally,13446,Martha McSally,REP,46.0
330,136021,72478,2020,Arizona,1424,Siena College/The New York Times Upshot,,,Siena College/The New York Times Upshot,448,Siena College/The New York Times Upshot,A+,1252,lv,lv,Live Phone,U.S. Senate,2,Class III,10/26/20,10/30/20,11/3/20,,0,,,0,0,11/1/20 05:56,,https://int.nyt.com/data/documenttools/az-fl-pa-wi/bc6b622f38350414/full.pdf,general,6268,Kelly,13445,Mark Kelly,DEM,50.0
331,136021,72478,2020,Arizona,1424,Siena College/The New York Times Upshot,,,Siena College/The New York Times Upshot,448,Siena College/The New York Times Upshot,A+,1252,lv,lv,Live Phone,U.S. Senate,2,Class III,10/26/20,10/30/20,11/3/20,,0,,,0,0,11/1/20 05:56,,https://int.nyt.com/data/documenttools/az-fl-pa-wi/bc6b622f38350414/full.pdf,general,6268,McSally,13446,Martha McSally,REP,43.0
332,136226,72586,2020,Minnesota,1477,Targoz Market Research,1477,PollSmart MR,Targoz Market Research,454,Targoz Market Research,B/C,1138,lv,lv,Online,U.S. Senate,2,Class II,10/25/20,10/30/20,11/3/20,,0,,,0,0,11/1/20 22:37,,https://static1.squarespace.com/static/5e28be4ccb16eb0aa6496c31/t/5f9f6c49622e88214e9ef210/1604283466396/Crosstab+-+Minnesota+2020+PollSmart+Poll+%28Demos%29.pdf,general,6281,Smith,15691,Tina Smith,DEM,53.0
333,136226,72586,2020,Minnesota,1477,Targoz Market Research,1477,PollSmart MR,Targoz Market Research,454,Targoz Market Research,B/C,1138,lv,lv,Online,U.S. Senate,2,Class II,10/25/20,10/30/20,11/3/20,,0,,,0,0,11/1/20 22:37,,https://static1.squarespace.com/static/5e28be4ccb16eb0aa6496c31/t/5f9f6c49622e88214e9ef210/1604283466396/Crosstab+-+Minnesota+2020+PollSmart+Poll+%28Demos%29.pdf,general,6281,Lewis,15692,Jason Lewis,REP,44.0
334,136227,72587,2020,Michigan,1477,Targoz Market Research,1477,PollSmart MR,Targoz Market Research,454,Targoz Market Research,B/C,993,lv,lv,Online,U.S. Senate,2,Class II,10/25/20,10/30/20,11/3/20,,0,,,0,0,11/1/20 22:37,,https://static1.squarespace.com/static/5e28be4ccb16eb0aa6496c31/t/5f9f6cf4622e88214e9f0514/1604283637748/Crosstab+-+Michigan+2020+PollSmart+Poll+%28Demos%29.pdf,general,6280,Peters,13453,Gary C. Peters,DEM,54.0
335,136227,72587,2020,Michigan,1477,Targoz Market Research,1477,PollSmart MR,Targoz Market Research,454,Targoz Market Research,B/C,993,lv,lv,Online,U.S. Senate,2,Class II,10/25/20,10/30/20,11/3/20,,0,,,0,0,11/1/20 22:37,,https://static1.squarespace.com/static/5e28be4ccb16eb0aa6496c31/t/5f9f6cf4622e88214e9f0514/1604283637748/Crosstab+-+Michigan+2020+PollSmart+Poll+%28Demos%29.pdf,general,6280,James,13454,John James,REP,43.0
336,135878,72416,2020,Michigan,1361,SSRS,143,CNN,CNN/SSRS,297,SSRS,C,907,lv,lv,Live Phone,U.S. Senate,2,Class II,10/23/20,10/30/20,11/3/20,,0,,,0,0,10/31/20 17:30,,http://cdn.cnn.com/cnn/2020/images/10/31/rel2_mi.pdf,general,6280,Peters,13453,Gary C. Peters,DEM,52.0
337,135878,72416,2020,Michigan,1361,SSRS,143,CNN,CNN/SSRS,297,SSRS,C,907,lv,lv,Live Phone,U.S. Senate,2,Class II,10/23/20,10/30/20,11/3/20,,0,,,0,0,10/31/20 17:30,,http://cdn.cnn.com/cnn/2020/images/10/31/rel2_mi.pdf,general,6280,James,13454,John James,REP,40.0
338,135878,72416,2020,Michigan,1361,SSRS,143,CNN,CNN/SSRS,297,SSRS,C,907,lv,lv,Live Phone,U.S. Senate,2,Class II,10/23/20,10/30/20,11/3/20,,0,,,0,0,10/31/20 17:30,,http://cdn.cnn.com/cnn/2020/images/10/31/rel2_mi.pdf,general,6280,Squier,15622,Marcia Squier,GRE,3.0
339,135879,72416,2020,Michigan,1361,SSRS,143,CNN,CNN/SSRS,297,SSRS,C,953,rv,rv,Live Phone,U.S. Senate,2,Class II,10/23/20,10/30/20,11/3/20,,0,,,0,0,10/31/20 17:32,,http://cdn.cnn.com/cnn/2020/images/10/31/rel2_mi.pdf,general,6280,Peters,13453,Gary C. Peters,DEM,52.0
340,135879,72416,2020,Michigan,1361,SSRS,143,CNN,CNN/SSRS,297,SSRS,C,953,rv,rv,Live Phone,U.S. Senate,2,Class II,10/23/20,10/30/20,11/3/20,,0,,,0,0,10/31/20 17:32,,http://cdn.cnn.com/cnn/2020/images/10/31/rel2_mi.pdf,general,6280,James,13454,John James,REP,39.0
341,135879,72416,2020,Michigan,1361,SSRS,143,CNN,CNN/SSRS,297,SSRS,C,953,rv,rv,Live Phone,U.S. Senate,2,Class II,10/23/20,10/30/20,11/3/20,,0,,,0,0,10/31/20 17:32,,http://cdn.cnn.com/cnn/2020/images/10/31/rel2_mi.pdf,general,6280,Squier,15622,Marcia Squier,GRE,3.0
342,135886,72417,2020,Arizona,1361,SSRS,143,CNN,CNN/SSRS,297,SSRS,C,865,lv,lv,Live Phone,U.S. Senate,2,Class III,10/23/20,10/30/20,11/3/20,,0,,,0,0,10/31/20 17:57,,http://cdn.cnn.com/cnn/2020/images/10/31/rel2_az.pdf,general,6268,Kelly,13445,Mark Kelly,DEM,52.0
343,135886,72417,2020,Arizona,1361,SSRS,143,CNN,CNN/SSRS,297,SSRS,C,865,lv,lv,Live Phone,U.S. Senate,2,Class III,10/23/20,10/30/20,11/3/20,,0,,,0,0,10/31/20 17:57,,http://cdn.cnn.com/cnn/2020/images/10/31/rel2_az.pdf,general,6268,McSally,13446,Martha McSally,REP,45.0
344,135887,72417,2020,Arizona,1361,SSRS,143,CNN,CNN/SSRS,297,SSRS,C,892,rv,rv,Live Phone,U.S. Senate,2,Class III,10/23/20,10/30/20,11/3/20,,0,,,0,0,10/31/20 17:57,,http://cdn.cnn.com/cnn/2020/images/10/31/rel2_az.pdf,general,6268,Kelly,13445,Mark Kelly,DEM,51.0
345,135887,72417,2020,Arizona,1361,SSRS,143,CNN,CNN/SSRS,297,SSRS,C,892,rv,rv,Live Phone,U.S. Senate,2,Class III,10/23/20,10/30/20,11/3/20,,0,,,0,0,10/31/20 17:57,,http://cdn.cnn.com/cnn/2020/images/10/31/rel2_az.pdf,general,6268,McSally,13446,Martha McSally,REP,45.0
346,135889,72418,2020,North Carolina,1361,SSRS,143,CNN,CNN/SSRS,297,SSRS,C,901,lv,lv,Live Phone,U.S. Senate,0,Class II,10/23/20,10/30/20,11/3/20,,0,,,0,0,10/31/20 18:01,,http://cdn.cnn.com/cnn/2020/images/10/31/rel2_nc.pdf,general,6284,Cunningham,13468,Cal Cunningham,DEM,47.0
347,135889,72418,2020,North Carolina,1361,SSRS,143,CNN,CNN/SSRS,297,SSRS,C,901,lv,lv,Live Phone,U.S. Senate,0,Class II,10/23/20,10/30/20,11/3/20,,0,,,0,0,10/31/20 18:01,,http://cdn.cnn.com/cnn/2020/images/10/31/rel2_nc.pdf,general,6284,Tillis,13461,Thom Tillis,REP,44.0
348,135889,72418,2020,North Carolina,1361,SSRS,143,CNN,CNN/SSRS,297,SSRS,C,901,lv,lv,Live Phone,U.S. Senate,0,Class II,10/23/20,10/30/20,11/3/20,,0,,,0,0,10/31/20 18:01,,http://cdn.cnn.com/cnn/2020/images/10/31/rel2_nc.pdf,general,6284,Bray,14557,Shannon Wilson Bray,LIB,2.0
349,135889,72418,2020,North Carolina,1361,SSRS,143,CNN,CNN/SSRS,297,SSRS,C,901,lv,lv,Live Phone,U.S. Senate,0,Class II,10/23/20,10/30/20,11/3/20,,0,,,0,0,10/31/20 18:01,,http://cdn.cnn.com/cnn/2020/images/10/31/rel2_nc.pdf,general,6284,Hayes,14558,Kevin Eugene Hayes,CON,2.0
350,135890,72418,2020,North Carolina,1361,SSRS,143,CNN,CNN/SSRS,297,SSRS,C,932,rv,rv,Live Phone,U.S. Senate,0,Class II,10/23/20,10/30/20,11/3/20,,0,,,0,0,10/31/20 18:02,,http://cdn.cnn.com/cnn/2020/images/10/31/rel2_nc.pdf,general,6284,Cunningham,13468,Cal Cunningham,DEM,45.0
351,135890,72418,2020,North Carolina,1361,SSRS,143,CNN,CNN/SSRS,297,SSRS,C,932,rv,rv,Live Phone,U.S. Senate,0,Class II,10/23/20,10/30/20,11/3/20,,0,,,0,0,10/31/20 18:02,,http://cdn.cnn.com/cnn/2020/images/10/31/rel2_nc.pdf,general,6284,Tillis,13461,Thom Tillis,REP,43.0
352,135890,72418,2020,North Carolina,1361,SSRS,143,CNN,CNN/SSRS,297,SSRS,C,932,rv,rv,Live Phone,U.S. Senate,0,Class II,10/23/20,10/30/20,11/3/20,,0,,,0,0,10/31/20 18:02,,http://cdn.cnn.com/cnn/2020/images/10/31/rel2_nc.pdf,general,6284,Bray,14557,Shannon Wilson Bray,LIB,3.0
353,135890,72418,2020,North Carolina,1361,SSRS,143,CNN,CNN/SSRS,297,SSRS,C,932,rv,rv,Live Phone,U.S. Senate,0,Class II,10/23/20,10/30/20,11/3/20,,0,,,0,0,10/31/20 18:02,,http://cdn.cnn.com/cnn/2020/images/10/31/rel2_nc.pdf,general,6284,Hayes,14558,Kevin Eugene Hayes,CON,3.0
354,136478,72715,2020,Massachusetts,290,MassINC Polling Group,,,MassINC Polling Group,198,MassINC Polling Group,A/B,929,lv,lv,Online,U.S. Senate,2,Class II,10/23/20,10/30/20,11/3/20,,0,,,0,0,11/2/20 17:44,,https://static1.squarespace.com/static/5eb9fa2f8ac4df11937f6a49/t/5fa088d3ed792d738727353a/1604356307884/Crosstabs+2020+11+MA+Statewide.pdf,general,6278,Markey,13487,Edward J. Markey,DEM,60.0
355,136478,72715,2020,Massachusetts,290,MassINC Polling Group,,,MassINC Polling Group,198,MassINC Polling Group,A/B,929,lv,lv,Online,U.S. Senate,2,Class II,10/23/20,10/30/20,11/3/20,,0,,,0,0,11/2/20 17:44,,https://static1.squarespace.com/static/5eb9fa2f8ac4df11937f6a49/t/5fa088d3ed792d738727353a/1604356307884/Crosstabs+2020+11+MA+Statewide.pdf,general,6278,O'Connor,16019,Kevin J. O'Connor,REP,29.0
356,136047,72493,2020,Michigan,317,Mitchell Research & Communications,,,Mitchell Research & Communications,213,Mitchell Research & Communications,C-,817,lv,lv,IVR/Text,U.S. Senate,2,Class II,10/29/20,10/29/20,11/3/20,,0,,,0,0,11/1/20 11:54,,https://www.realclearpolitics.com/docs/2020/Mitchell_Poll_MI_November_1_2020.pdf,general,6280,Peters,13453,Gary C. Peters,DEM,50.3
357,136047,72493,2020,Michigan,317,Mitchell Research & Communications,,,Mitchell Research & Communications,213,Mitchell Research & Communications,C-,817,lv,lv,IVR/Text,U.S. Senate,2,Class II,10/29/20,10/29/20,11/3/20,,0,,,0,0,11/1/20 11:54,,https://www.realclearpolitics.com/docs/2020/Mitchell_Poll_MI_November_1_2020.pdf,general,6280,James,13454,John James,REP,44.9
358,136047,72493,2020,Michigan,317,Mitchell Research & Communications,,,Mitchell Research & Communications,213,Mitchell Research & Communications,C-,817,lv,lv,IVR/Text,U.S. Senate,2,Class II,10/29/20,10/29/20,11/3/20,,0,,,0,0,11/1/20 11:54,,https://www.realclearpolitics.com/docs/2020/Mitchell_Poll_MI_November_1_2020.pdf,general,6280,Dern,15849,Douglas P. Dern,NLP,1.7
359,136047,72493,2020,Michigan,317,Mitchell Research & Communications,,,Mitchell Research & Communications,213,Mitchell Research & Communications,C-,817,lv,lv,IVR/Text,U.S. Senate,2,Class II,10/29/20,10/29/20,11/3/20,,0,,,0,0,11/1/20 11:54,,https://www.realclearpolitics.com/docs/2020/Mitchell_Poll_MI_November_1_2020.pdf,general,6280,Squier,15622,Marcia Squier,GRE,0.4
360,136047,72493,2020,Michigan,317,Mitchell Research & Communications,,,Mitchell Research & Communications,213,Mitchell Research & Communications,C-,817,lv,lv,IVR/Text,U.S. Senate,2,Class II,10/29/20,10/29/20,11/3/20,,0,,,0,0,11/1/20 11:54,,https://www.realclearpolitics.com/docs/2020/Mitchell_Poll_MI_November_1_2020.pdf,general,6280,Willis,15850,Valerie Willis,UST,0.4
361,135697,72326,2020,North Carolina,399,Rasmussen Reports/Pulse Opinion Research,,,Rasmussen Reports/Pulse Opinion Research,277,Rasmussen Reports/Pulse Opinion Research,B,800,lv,lv,IVR/Online,U.S. Senate,0,Class II,10/28/20,10/29/20,11/3/20,,0,,,0,0,10/30/20 13:01,,https://bit.ly/3oEwIrf,general,6284,Cunningham,13468,Cal Cunningham,DEM,47.0
362,135697,72326,2020,North Carolina,399,Rasmussen Reports/Pulse Opinion Research,,,Rasmussen Reports/Pulse Opinion Research,277,Rasmussen Reports/Pulse Opinion Research,B,800,lv,lv,IVR/Online,U.S. Senate,0,Class II,10/28/20,10/29/20,11/3/20,,0,,,0,0,10/30/20 13:01,,https://bit.ly/3oEwIrf,general,6284,Tillis,13461,Thom Tillis,REP,44.0
363,135483,72217,2020,Arizona,399,Rasmussen Reports/Pulse Opinion Research,,,Rasmussen Reports/Pulse Opinion Research,277,Rasmussen Reports/Pulse Opinion Research,B,800,lv,lv,IVR/Online,U.S. Senate,2,Class III,10/27/20,10/29/20,11/3/20,,0,,,0,0,10/29/20 13:57,,https://www.rasmussenreports.com/public_content/politics/elections/election_2020/arizona_senate_kelly_d_48_mcsally_r_43,general,6268,Kelly,13445,Mark Kelly,DEM,48.0
364,135483,72217,2020,Arizona,399,Rasmussen Reports/Pulse Opinion Research,,,Rasmussen Reports/Pulse Opinion Research,277,Rasmussen Reports/Pulse Opinion Research,B,800,lv,lv,IVR/Online,U.S. Senate,2,Class III,10/27/20,10/29/20,11/3/20,,0,,,0,0,10/29/20 13:57,,https://www.rasmussenreports.com/public_content/politics/elections/election_2020/arizona_senate_kelly_d_48_mcsally_r_43,general,6268,McSally,13446,Martha McSally,REP,43.0
365,135888,72335,2020,Michigan,1554,RMG Research,1475,PoliticalIQ,RMG Research,555,RMG Research,B-,800,lv,lv,IVR/Online/Text,U.S. Senate,2,Class II,10/27/20,10/29/20,11/3/20,,0,,,0,0,10/31/20 17:57,,http://politicaliq.com/2020/10/31/michigan-senate-peters-d-50-james-r-41/,general,6280,Peters,13453,Gary C. Peters,DEM,50.0
366,135888,72335,2020,Michigan,1554,RMG Research,1475,PoliticalIQ,RMG Research,555,RMG Research,B-,800,lv,lv,IVR/Online/Text,U.S. Senate,2,Class II,10/27/20,10/29/20,11/3/20,,0,,,0,0,10/31/20 17:57,,http://politicaliq.com/2020/10/31/michigan-senate-peters-d-50-james-r-41/,general,6280,James,13454,John James,REP,41.0
367,135893,72420,2020,Iowa,437,Selzer & Co.,"52,613",Des Moines Register | Mediacom,Selzer & Co.,304,Selzer & Co.,A+,814,lv,lv,Live Phone,U.S. Senate,0,Class II,10/26/20,10/29/20,11/3/20,,0,,,0,0,10/31/20 19:12,,https://www.desmoinesregister.com/story/news/politics/iowa-poll/2020/10/31/election-2020-iowa-poll-greenfield-ernst-us-senate-race-voters/6055545002/,general,6272,Greenfield,13466,Theresa Greenfield,DEM,42.0
368,135893,72420,2020,Iowa,437,Selzer & Co.,"52,613",Des Moines Register | Mediacom,Selzer & Co.,304,Selzer & Co.,A+,814,lv,lv,Live Phone,U.S. Senate,0,Class II,10/26/20,10/29/20,11/3/20,,0,,,0,0,10/31/20 19:12,,https://www.desmoinesregister.com/story/news/politics/iowa-poll/2020/10/31/election-2020-iowa-poll-greenfield-ernst-us-senate-race-voters/6055545002/,general,6272,Ernst,13467,Joni K. Ernst,REP,46.0
369,136020,72400,2020,New Mexico,402,Research & Polling Inc.,155,Albuquerque Journal,Research & Polling Inc.,280,Research & Polling Inc.,A,1180,lv,lv,Live Phone,U.S. Senate,2,Class II,10/23/20,10/29/20,11/3/20,,0,,,0,0,11/1/20 05:56,,https://www.abqjournal.com/1513177/lujan-leads-ronchetti-in-race-for-us-senate.html,general,6288,Lujan,13626,Ben Ray Luján,DEM,52.0
370,136020,72400,2020,New Mexico,402,Research & Polling Inc.,155,Albuquerque Journal,Research & Polling Inc.,280,Research & Polling Inc.,A,1180,lv,lv,Live Phone,U.S. Senate,2,Class II,10/23/20,10/29/20,11/3/20,,0,,,0,0,11/1/20 05:56,,https://www.abqjournal.com/1513177/lujan-leads-ronchetti-in-race-for-us-senate.html,general,6288,Ronchetti,14622,Mark V. Ronchetti,REP,44.0
371,136020,72400,2020,New Mexico,402,Research & Polling Inc.,155,Albuquerque Journal,Research & Polling Inc.,280,Research & Polling Inc.,A,1180,lv,lv,Live Phone,U.S. Senate,2,Class II,10/23/20,10/29/20,11/3/20,,0,,,0,0,11/1/20 05:56,,https://www.abqjournal.com/1513177/lujan-leads-ronchetti-in-race-for-us-senate.html,general,6288,Walsh,15617,Robert M. Walsh,LIB,3.0
372,135856,72402,2020,Virginia,415,Roanoke College,,,Roanoke College,292,Roanoke College,B/C,802,lv,lv,Live Phone,U.S. Senate,2,Class II,10/23/20,10/29/20,11/3/20,,0,,,0,0,10/31/20 09:05,,https://www.roanoke.edu/about/news/rc_poll_politics_poll_oct31,general,6296,Warner,14760,Mark R. Warner,DEM,55.0
373,135856,72402,2020,Virginia,415,Roanoke College,,,Roanoke College,292,Roanoke College,B/C,802,lv,lv,Live Phone,U.S. Senate,2,Class II,10/23/20,10/29/20,11/3/20,,0,,,0,0,10/31/20 09:05,,https://www.roanoke.edu/about/news/rc_poll_politics_poll_oct31,general,6296,Gade,15688,Daniel M. Gade,REP,39.0
374,136064,72503,2020,Minnesota,447,St. Cloud State University,,,St. Cloud State University,312,St. Cloud State University,B/C,372,a,a,Live Phone,U.S. Senate,2,Class II,10/10/20,10/29/20,11/3/20,,0,,,0,0,11/1/20 14:36,,https://www.sctimes.com/story/news/politics/elections/2020/11/01/scsu-survey-poll-minnesota-deep-divided-issues-biden-polls-trump/6113394002/,general,6281,Smith,15691,Tina Smith,DEM,53.0
375,136064,72503,2020,Minnesota,447,St. Cloud State University,,,St. Cloud State University,312,St. Cloud State University,B/C,372,a,a,Live Phone,U.S. Senate,2,Class II,10/10/20,10/29/20,11/3/20,,0,,,0,0,11/1/20 14:36,,https://www.sctimes.com/story/news/politics/elections/2020/11/01/scsu-survey-poll-minnesota-deep-divided-issues-biden-polls-trump/6113394002/,general,6281,Lewis,15692,Jason Lewis,REP,36.0
376,135719,72336,2020,Georgia,262,Landmark Communications,90,WSB-TV,Landmark Communications,166,Landmark Communications,A,750,lv,lv,IVR/Live Phone,U.S. Senate,0,Class II,10/28/20,10/28/20,11/3/20,,0,,,0,0,10/30/20 17:24,,https://www.documentcloud.org/documents/7279640-WSBTV-Landmark-GA-Poll-PresSenate-10-27-28-20.html,general,6271,Ossoff,14567,Jon Ossoff,DEM,47.3
377,135719,72336,2020,Georgia,262,Landmark Communications,90,WSB-TV,Landmark Communications,166,Landmark Communications,A,750,lv,lv,IVR/Live Phone,U.S. Senate,0,Class II,10/28/20,10/28/20,11/3/20,,0,,,0,0,10/30/20 17:24,,https://www.documentcloud.org/documents/7279640-WSBTV-Landmark-GA-Poll-PresSenate-10-27-28-20.html,general,6271,Perdue,14568,David A. Perdue,REP,47.2
378,135719,72336,2020,Georgia,262,Landmark Communications,90,WSB-TV,Landmark Communications,166,Landmark Communications,A,750,lv,lv,IVR/Live Phone,U.S. Senate,0,Class II,10/28/20,10/28/20,11/3/20,,0,,,0,0,10/30/20 17:24,,https://www.documentcloud.org/documents/7279640-WSBTV-Landmark-GA-Poll-PresSenate-10-27-28-20.html,general,6271,Hazel,14572,Shane Hazel,LIB,2.7
379,135720,72336,2020,Georgia,262,Landmark Communications,90,WSB-TV,Landmark Communications,166,Landmark Communications,A,750,lv,lv,IVR/Live Phone,U.S. Senate,2,Class III,10/28/20,10/28/20,11/3/20,,0,,,0,0,10/30/20 17:24,,https://www.documentcloud.org/documents/7279640-WSBTV-Landmark-GA-Poll-PresSenate-10-27-28-20.html,jungle primary,7780,Warnock,14489,Raphael Warnock,DEM,36.9
380,135720,72336,2020,Georgia,262,Landmark Communications,90,WSB-TV,Landmark Communications,166,Landmark Communications,A,750,lv,lv,IVR/Live Phone,U.S. Senate,2,Class III,10/28/20,10/28/20,11/3/20,,0,,,0,0,10/30/20 17:24,,https://www.documentcloud.org/documents/7279640-WSBTV-Landmark-GA-Poll-PresSenate-10-27-28-20.html,jungle primary,7780,Loeffler,13671,Kelly Loeffler,REP,25.1
381,135720,72336,2020,Georgia,262,Landmark Communications,90,WSB-TV,Landmark Communications,166,Landmark Communications,A,750,lv,lv,IVR/Live Phone,U.S. Senate,2,Class III,10/28/20,10/28/20,11/3/20,,0,,,0,0,10/30/20 17:24,,https://www.documentcloud.org/documents/7279640-WSBTV-Landmark-GA-Poll-PresSenate-10-27-28-20.html,jungle primary,7780,Collins,13669,Doug Collins,REP,23.1
382,135720,72336,2020,Georgia,262,Landmark Communications,90,WSB-TV,Landmark Communications,166,Landmark Communications,A,750,lv,lv,IVR/Live Phone,U.S. Senate,2,Class III,10/28/20,10/28/20,11/3/20,,0,,,0,0,10/30/20 17:24,,https://www.documentcloud.org/documents/7279640-WSBTV-Landmark-GA-Poll-PresSenate-10-27-28-20.html,jungle primary,7780,Lieberman,13670,Matthew Lieberman,DEM,9.1
383,135720,72336,2020,Georgia,262,Landmark Communications,90,WSB-TV,Landmark Communications,166,Landmark Communications,A,750,lv,lv,IVR/Live Phone,U.S. Senate,2,Class III,10/28/20,10/28/20,11/3/20,,0,,,0,0,10/30/20 17:24,,https://www.documentcloud.org/documents/7279640-WSBTV-Landmark-GA-Poll-PresSenate-10-27-28-20.html,jungle primary,7780,Slowinski,14549,Brian Richard Slowinski,LIB,1.8
384,135720,72336,2020,Georgia,262,Landmark Communications,90,WSB-TV,Landmark Communications,166,Landmark Communications,A,750,lv,lv,IVR/Live Phone,U.S. Senate,2,Class III,10/28/20,10/28/20,11/3/20,,0,,,0,0,10/30/20 17:24,,https://www.documentcloud.org/documents/7279640-WSBTV-Landmark-GA-Poll-PresSenate-10-27-28-20.html,jungle primary,7780,Tarver,14490,Ed Tarver,DEM,1.0
385,135403,72187,2020,Georgia,383,Public Policy Polling,,,Public Policy Polling,263,Public Policy Polling,A-,661,v,v,IVR/Text,U.S. Senate,0,Class II,10/27/20,10/28/20,11/3/20,,0,,,0,0,10/29/20 08:20,,https://www.publicpolicypolling.com/polls/georgia-trending-well-for-democrats/,general,6271,Ossoff,14567,Jon Ossoff,DEM,47.0
386,135403,72187,2020,Georgia,383,Public Policy Polling,,,Public Policy Polling,263,Public Policy Polling,A-,661,v,v,IVR/Text,U.S. Senate,0,Class II,10/27/20,10/28/20,11/3/20,,0,,,0,0,10/29/20 08:20,,https://www.publicpolicypolling.com/polls/georgia-trending-well-for-democrats/,general,6271,Perdue,14568,David A. Perdue,REP,44.0
387,135403,72187,2020,Georgia,383,Public Policy Polling,,,Public Policy Polling,263,Public Policy Polling,A-,661,v,v,IVR/Text,U.S. Senate,0,Class II,10/27/20,10/28/20,11/3/20,,0,,,0,0,10/29/20 08:20,,https://www.publicpolicypolling.com/polls/georgia-trending-well-for-democrats/,general,6271,Hazel,14572,Shane Hazel,LIB,3.0
388,135404,72187,2020,Georgia,383,Public Policy Polling,,,Public Policy Polling,263,Public Policy Polling,A-,661,v,v,IVR/Text,U.S. Senate,2,Class III,10/27/20,10/28/20,11/3/20,,0,,,0,0,10/29/20 08:20,,https://www.publicpolicypolling.com/polls/georgia-trending-well-for-democrats/,jungle primary,7780,Warnock,14489,Raphael Warnock,DEM,46.0
389,135404,72187,2020,Georgia,383,Public Policy Polling,,,Public Policy Polling,263,Public Policy Polling,A-,661,v,v,IVR/Text,U.S. Senate,2,Class III,10/27/20,10/28/20,11/3/20,,0,,,0,0,10/29/20 08:20,,https://www.publicpolicypolling.com/polls/georgia-trending-well-for-democrats/,jungle primary,7780,Loeffler,13671,Kelly Loeffler,REP,27.0
390,135404,72187,2020,Georgia,383,Public Policy Polling,,,Public Policy Polling,263,Public Policy Polling,A-,661,v,v,IVR/Text,U.S. Senate,2,Class III,10/27/20,10/28/20,11/3/20,,0,,,0,0,10/29/20 08:20,,https://www.publicpolicypolling.com/polls/georgia-trending-well-for-democrats/,jungle primary,7780,Collins,13669,Doug Collins,REP,19.0
391,135404,72187,2020,Georgia,383,Public Policy Polling,,,Public Policy Polling,263,Public Policy Polling,A-,661,v,v,IVR/Text,U.S. Senate,2,Class III,10/27/20,10/28/20,11/3/20,,0,,,0,0,10/29/20 08:20,,https://www.publicpolicypolling.com/polls/georgia-trending-well-for-democrats/,jungle primary,7780,Lieberman,13670,Matthew Lieberman,DEM,2.0
392,135404,72187,2020,Georgia,383,Public Policy Polling,,,Public Policy Polling,263,Public Policy Polling,A-,661,v,v,IVR/Text,U.S. Senate,2,Class III,10/27/20,10/28/20,11/3/20,,0,,,0,0,10/29/20 08:20,,https://www.publicpolicypolling.com/polls/georgia-trending-well-for-democrats/,jungle primary,7780,Tarver,14490,Ed Tarver,DEM,0.0
393,135688,72229,2020,Texas,1554,RMG Research,1475,PoliticalIQ,RMG Research,555,RMG Research,B-,800,lv,lv,IVR/Text,U.S. Senate,2,Class II,10/27/20,10/28/20,11/3/20,,0,,,0,0,10/30/20 10:47,,http://politicaliq.com/2020/10/30/tx-senate-cornyn-r-48-hegar-d-42/,general,6295,Hegar,13459,Mary Jennings Hegar,DEM,42.0
394,135688,72229,2020,Texas,1554,RMG Research,1475,PoliticalIQ,RMG Research,555,RMG Research,B-,800,lv,lv,IVR/Text,U.S. Senate,2,Class II,10/27/20,10/28/20,11/3/20,,0,,,0,0,10/30/20 10:47,,http://politicaliq.com/2020/10/30/tx-senate-cornyn-r-48-hegar-d-42/,general,6295,Cornyn,13444,John Cornyn,REP,48.0
395,135684,72321,2020,North Carolina,1593,Cardinal Point Analytics (CardinalGPS),1506,North State Journal,Cardinal Point Analytics (CardinalGPS),591,Cardinal Point Analytics (CardinalGPS),B/C,750,lv,lv,IVR/Live Phone,U.S. Senate,0,Class II,10/27/20,10/28/20,11/3/20,,0,,,0,0,10/30/20 09:20,,https://nsjonline.com/wp-content/uploads/2020/10/NSJ-CPA-2020-10-29-POLL_Results.pdf,general,6284,Cunningham,13468,Cal Cunningham,DEM,40.65
396,135684,72321,2020,North Carolina,1593,Cardinal Point Analytics (CardinalGPS),1506,North State Journal,Cardinal Point Analytics (CardinalGPS),591,Cardinal Point Analytics (CardinalGPS),B/C,750,lv,lv,IVR/Live Phone,U.S. Senate,0,Class II,10/27/20,10/28/20,11/3/20,,0,,,0,0,10/30/20 09:20,,https://nsjonline.com/wp-content/uploads/2020/10/NSJ-CPA-2020-10-29-POLL_Results.pdf,general,6284,Tillis,13461,Thom Tillis,REP,45.9
397,135684,72321,2020,North Carolina,1593,Cardinal Point Analytics (CardinalGPS),1506,North State Journal,Cardinal Point Analytics (CardinalGPS),591,Cardinal Point Analytics (CardinalGPS),B/C,750,lv,lv,IVR/Live Phone,U.S. Senate,0,Class II,10/27/20,10/28/20,11/3/20,,0,,,0,0,10/30/20 09:20,,https://nsjonline.com/wp-content/uploads/2020/10/NSJ-CPA-2020-10-29-POLL_Results.pdf,general,6284,Bray,14557,Shannon Wilson Bray,LIB,6.06
398,135684,72321,2020,North Carolina,1593,Cardinal Point Analytics (CardinalGPS),1506,North State Journal,Cardinal Point Analytics (CardinalGPS),591,Cardinal Point Analytics (CardinalGPS),B/C,750,lv,lv,IVR/Live Phone,U.S. Senate,0,Class II,10/27/20,10/28/20,11/3/20,,0,,,0,0,10/30/20 09:20,,https://nsjonline.com/wp-content/uploads/2020/10/NSJ-CPA-2020-10-29-POLL_Results.pdf,general,6284,Hayes,14558,Kevin Eugene Hayes,CON,1.88
399,135711,72332,2020,North Carolina,1516,East Carolina University,,,East Carolina University,523,East Carolina University,B/C,1103,lv,lv,IVR/Online,U.S. Senate,0,Class II,10/27/20,10/28/20,11/3/20,,0,,,0,0,10/30/20 14:48,,https://surveyresearch-ecu.reportablenews.com/pr/ecu-poll-biden-and-cunningham-hold-slim-leads-in-north-carolina-cooper-remains-ahead-as-election-day-nears,general,6284,Cunningham,13468,Cal Cunningham,DEM,48.14
400,135711,72332,2020,North Carolina,1516,East Carolina University,,,East Carolina University,523,East Carolina University,B/C,1103,lv,lv,IVR/Online,U.S. Senate,0,Class II,10/27/20,10/28/20,11/3/20,,0,,,0,0,10/30/20 14:48,,https://surveyresearch-ecu.reportablenews.com/pr/ecu-poll-biden-and-cunningham-hold-slim-leads-in-north-carolina-cooper-remains-ahead-as-election-day-nears,general,6284,Tillis,13461,Thom Tillis,REP,46.6
401,136057,72498,2020,Texas,801,Gravis Marketing,,,Gravis Marketing,124,Gravis Marketing,B,670,lv,lv,IVR/Online,U.S. Senate,2,Class II,10/27/20,10/28/20,11/3/20,,0,,,0,0,11/1/20 13:21,,https://gravismarketing.com/texas-poll/,general,6295,Hegar,13459,Mary Jennings Hegar,DEM,43.0
402,136057,72498,2020,Texas,801,Gravis Marketing,,,Gravis Marketing,124,Gravis Marketing,B,670,lv,lv,IVR/Online,U.S. Senate,2,Class II,10/27/20,10/28/20,11/3/20,,0,,,0,0,11/1/20 13:21,,https://gravismarketing.com/texas-poll/,general,6295,Cornyn,13444,John Cornyn,REP,49.0
403,135321,72158,2020,Arizona,801,Gravis Marketing,,,Gravis Marketing,124,Gravis Marketing,B,704,lv,lv,IVR/Online,U.S. Senate,2,Class III,10/26/20,10/28/20,11/3/20,,0,,,0,0,10/28/20 14:49,,https://www.scribd.com/document/481978819/Arizona-October-28-2020,general,6268,Kelly,13445,Mark Kelly,DEM,50.0
404,135321,72158,2020,Arizona,801,Gravis Marketing,,,Gravis Marketing,124,Gravis Marketing,B,704,lv,lv,IVR/Online,U.S. Senate,2,Class III,10/26/20,10/28/20,11/3/20,,0,,,0,0,10/28/20 14:49,,https://www.scribd.com/document/481978819/Arizona-October-28-2020,general,6268,McSally,13446,Martha McSally,REP,45.0
405,135419,72193,2020,Alaska,801,Gravis Marketing,,,Gravis Marketing,124,Gravis Marketing,B,770,lv,lv,IVR/Online,U.S. Senate,0,Class II,10/26/20,10/28/20,11/3/20,,0,,,0,0,10/29/20 09:00,,https://www.scribd.com/document/482078454/Alaska-October-28-2020#from_embed,general,6265,Gross,14697,Al Gross,DEM,45.0
406,135419,72193,2020,Alaska,801,Gravis Marketing,,,Gravis Marketing,124,Gravis Marketing,B,770,lv,lv,IVR/Online,U.S. Senate,0,Class II,10/26/20,10/28/20,11/3/20,,0,,,0,0,10/29/20 09:00,,https://www.scribd.com/document/482078454/Alaska-October-28-2020#from_embed,general,6265,Sullivan,13462,Dan Sullivan,REP,48.0
407,135495,72226,2020,New Hampshire,23,American Research Group,,,American Research Group,9,American Research Group,C+,600,lv,lv,Live Phone,U.S. Senate,0,Class II,10/26/20,10/28/20,11/3/20,,0,,,0,0,10/29/20 14:20,,https://americanresearchgroup.com/nhpoll/senate20/,general,6286,Shaheen,13448,Jeanne Shaheen,DEM,57.0
408,135495,72226,2020,New Hampshire,23,American Research Group,,,American Research Group,9,American Research Group,C+,600,lv,lv,Live Phone,U.S. Senate,0,Class II,10/26/20,10/28/20,11/3/20,,0,,,0,0,10/29/20 14:20,,https://americanresearchgroup.com/nhpoll/senate20/,general,6286,Messner,14492,Corky Messner,REP,40.0
409,135495,72226,2020,New Hampshire,23,American Research Group,,,American Research Group,9,American Research Group,C+,600,lv,lv,Live Phone,U.S. Senate,0,Class II,10/26/20,10/28/20,11/3/20,,0,,,0,0,10/29/20 14:20,,https://americanresearchgroup.com/nhpoll/senate20/,general,6286,O'Donnell,15620,Justin F. O'Donnell,LIB,0.0
410,135705,72331,2020,North Carolina,1205,Marist College,132,NBC News,Marist College,183,Marist College,A,1049,rv,rv,Live Phone,U.S. Senate,0,Class II,10/25/20,10/28/20,11/3/20,,0,,,0,0,10/30/20 13:07,,https://www.documentcloud.org/documents/7279122-Xyz-NBCNews-Marist-Poll-NC-Annotated.html,general,6284,Cunningham,13468,Cal Cunningham,DEM,53.0
411,135705,72331,2020,North Carolina,1205,Marist College,132,NBC News,Marist College,183,Marist College,A,1049,rv,rv,Live Phone,U.S. Senate,0,Class II,10/25/20,10/28/20,11/3/20,,0,,,0,0,10/30/20 13:07,,https://www.documentcloud.org/documents/7279122-Xyz-NBCNews-Marist-Poll-NC-Annotated.html,general,6284,Tillis,13461,Thom Tillis,REP,43.0
412,135706,72331,2020,North Carolina,1205,Marist College,132,NBC News,Marist College,183,Marist College,A,800,lv,lv,Live Phone,U.S. Senate,0,Class II,10/25/20,10/28/20,11/3/20,,0,,,0,0,10/30/20 13:07,,https://www.documentcloud.org/documents/7279122-Xyz-NBCNews-Marist-Poll-NC-Annotated.html,general,6284,Cunningham,13468,Cal Cunningham,DEM,53.0
413,135706,72331,2020,North Carolina,1205,Marist College,132,NBC News,Marist College,183,Marist College,A,800,lv,lv,Live Phone,U.S. Senate,0,Class II,10/25/20,10/28/20,11/3/20,,0,,,0,0,10/30/20 13:07,,https://www.documentcloud.org/documents/7279122-Xyz-NBCNews-Marist-Poll-NC-Annotated.html,general,6284,Tillis,13461,Thom Tillis,REP,43.0
414,136026,72483,2020,Michigan,143,EPIC-MRA,684,WOOD TV 8,EPIC-MRA,84,EPIC-MRA,B,600,lv,lv,Live Phone,U.S. Senate,2,Class II,10/25/20,10/28/20,11/3/20,,0,,,0,0,11/1/20 07:16,,https://www.woodtv.com/wp-content/uploads/sites/51/2020/10/2020-Second-October-EPICMRA-poll-110120.pdf,general,6280,Peters,13453,Gary C. Peters,DEM,47.0
415,136026,72483,2020,Michigan,143,EPIC-MRA,684,WOOD TV 8,EPIC-MRA,84,EPIC-MRA,B,600,lv,lv,Live Phone,U.S. Senate,2,Class II,10/25/20,10/28/20,11/3/20,,0,,,0,0,11/1/20 07:16,,https://www.woodtv.com/wp-content/uploads/sites/51/2020/10/2020-Second-October-EPICMRA-poll-110120.pdf,general,6280,James,13454,John James,REP,42.0
416,135504,72230,2020,New Hampshire,1470,University of New Hampshire,,,University of New Hampshire,357,University of New Hampshire,B-,864,lv,lv,Online,U.S. Senate,0,Class II,10/24/20,10/28/20,11/3/20,,0,,,0,0,10/29/20 16:13,,https://scholars.unh.edu/cgi/viewcontent.cgi?article=1624&context=survey_center_polls,general,6286,Shaheen,13448,Jeanne Shaheen,DEM,54.0
417,135504,72230,2020,New Hampshire,1470,University of New Hampshire,,,University of New Hampshire,357,University of New Hampshire,B-,864,lv,lv,Online,U.S. Senate,0,Class II,10/24/20,10/28/20,11/3/20,,0,,,0,0,10/29/20 16:13,,https://scholars.unh.edu/cgi/viewcontent.cgi?article=1624&context=survey_center_polls,general,6286,Messner,14492,Corky Messner,REP,43.0
418,135504,72230,2020,New Hampshire,1470,University of New Hampshire,,,University of New Hampshire,357,University of New Hampshire,B-,864,lv,lv,Online,U.S. Senate,0,Class II,10/24/20,10/28/20,11/3/20,,0,,,0,0,10/29/20 16:13,,https://scholars.unh.edu/cgi/viewcontent.cgi?article=1624&context=survey_center_polls,general,6286,O'Donnell,15620,Justin F. O'Donnell,LIB,2.0
419,136599,72794,2020,South Dakota,340,Nielson Brothers Polling,,,Nielson Brothers Polling,231,Nielson Brothers Polling,C/D,479,lv,lv,IVR,U.S. Senate,0,Class II,10/24/20,10/28/20,11/3/20,,0,,,0,0,11/2/20 22:47,,https://www.southdacola.com/blog/2020/11/survey-nielson-brothers-polling-nbp-statewide-survey-october-24-28-2020/,general,6293,Ahlers,15671,Daniel P. Ahlers,DEM,39.0
420,136599,72794,2020,South Dakota,340,Nielson Brothers Polling,,,Nielson Brothers Polling,231,Nielson Brothers Polling,C/D,479,lv,lv,IVR,U.S. Senate,0,Class II,10/24/20,10/28/20,11/3/20,,0,,,0,0,11/2/20 22:47,,https://www.southdacola.com/blog/2020/11/survey-nielson-brothers-polling-nbp-statewide-survey-october-24-28-2020/,general,6293,Rounds,15672,M. Michael Rounds,REP,56.0
421,135490,72223,2020,Alabama,1590,Auburn University at Montgomery,,,Auburn University at Montgomery,588,Auburn University at Montgomery,B/C,853,lv,lv,Online,U.S. Senate,0,Class II,10/23/20,10/28/20,11/3/20,,0,,,0,0,10/29/20 14:12,,https://www.aum.edu/wp-content/uploads/2020/10/10.29.2020-AUM-Poll-Topline-Results.pdf,general,6266,Jones,13612,Doug Jones,DEM,42.9
422,135490,72223,2020,Alabama,1590,Auburn University at Montgomery,,,Auburn University at Montgomery,588,Auburn University at Montgomery,B/C,853,lv,lv,Online,U.S. Senate,0,Class II,10/23/20,10/28/20,11/3/20,,0,,,0,0,10/29/20 14:12,,https://www.aum.edu/wp-content/uploads/2020/10/10.29.2020-AUM-Poll-Topline-Results.pdf,general,6266,Tuberville,13614,Tommy Tuberville,REP,53.8
423,135660,72311,2020,Michigan,1584,Kiaer Research,,,Kiaer Research,585,Kiaer Research,B/C,669,lv,lv,IVR/Online,U.S. Senate,2,Class II,10/21/20,10/28/20,11/3/20,,0,,,0,0,10/30/20 07:56,,https://kiaerresearch.com/oct-2020-poll,general,6280,Peters,13453,Gary C. Peters,DEM,50.8
424,135660,72311,2020,Michigan,1584,Kiaer Research,,,Kiaer Research,585,Kiaer Research,B/C,669,lv,lv,IVR/Online,U.S. Senate,2,Class II,10/21/20,10/28/20,11/3/20,,0,,,0,0,10/30/20 07:56,,https://kiaerresearch.com/oct-2020-poll,general,6280,James,13454,John James,REP,38.0
425,135527,72239,2020,Kentucky,1638,Bluegrass Community and Technical College,,,Bluegrass Community and Technical College,632,Bluegrass Community and Technical College,B/C,250,rv,rv,Live Phone,U.S. Senate,0,Class II,10/16/20,10/28/20,11/3/20,,0,,,0,0,10/29/20 20:59,,https://www.wtvq.com/wp-content/uploads/2020/10/1-All-Summary-Data-Complete-Responses.pdf,general,6276,McGrath,13470,Amy McGrath,DEM,39.6
426,135527,72239,2020,Kentucky,1638,Bluegrass Community and Technical College,,,Bluegrass Community and Technical College,632,Bluegrass Community and Technical College,B/C,250,rv,rv,Live Phone,U.S. Senate,0,Class II,10/16/20,10/28/20,11/3/20,,0,,,0,0,10/29/20 20:59,,https://www.wtvq.com/wp-content/uploads/2020/10/1-All-Summary-Data-Complete-Responses.pdf,general,6276,McConnell,13471,Mitch McConnell,REP,50.0
427,135715,72334,2020,Wyoming,1343,University of Wyoming,,,University of Wyoming,667,University of Wyoming,C/D,614,lv,lv,Live Phone,U.S. Senate,2,Class II,10/8/20,10/28/20,11/3/20,,0,,,0,0,10/30/20 15:45,,http://www.uwyo.edu/uw/news/2020/10/uw-survey-wyoming-voters-prefer-trump-to-biden.html,general,6298,Ben-David,16005,Merav Ben-David,DEM,26.0
428,135715,72334,2020,Wyoming,1343,University of Wyoming,,,University of Wyoming,667,University of Wyoming,C/D,614,lv,lv,Live Phone,U.S. Senate,2,Class II,10/8/20,10/28/20,11/3/20,,0,,,0,0,10/30/20 15:45,,http://www.uwyo.edu/uw/news/2020/10/uw-survey-wyoming-voters-prefer-trump-to-biden.html,general,6298,Lummis,14769,Cynthia M. Lummis,REP,56.0
429,135089,72057,2020,North Carolina,383,Public Policy Polling,946,Protect Our Care,Public Policy Polling,263,Public Policy Polling,A-,937,v,v,IVR/Text,U.S. Senate,0,Class II,10/26/20,10/27/20,11/3/20,,0,DEM,,0,0,10/27/20 15:34,,https://www.protectourcare.org/wp-content/uploads/2020/10/Protect-Our-CarePPP-North-Carolina-Poll.pdf,general,6284,Cunningham,13468,Cal Cunningham,DEM,47.0
430,135089,72057,2020,North Carolina,383,Public Policy Polling,946,Protect Our Care,Public Policy Polling,263,Public Policy Polling,A-,937,v,v,IVR/Text,U.S. Senate,0,Class II,10/26/20,10/27/20,11/3/20,,0,DEM,,0,0,10/27/20 15:34,,https://www.protectourcare.org/wp-content/uploads/2020/10/Protect-Our-CarePPP-North-Carolina-Poll.pdf,general,6284,Tillis,13461,Thom Tillis,REP,44.0
431,135099,72062,2020,Montana,383,Public Policy Polling,946,Protect Our Care,Public Policy Polling,263,Public Policy Polling,A-,886,v,v,IVR/Text,U.S. Senate,2,Class II,10/26/20,10/27/20,11/3/20,,0,DEM,,0,0,10/27/20 16:31,,https://www.protectourcare.org/wp-content/uploads/2020/10/Health-Care-a-Key-Issue-for-Montana-Voters-Trust-Bullock-Over-Daines-to-Protect-Their-Health-Care.pdf,general,6283,Bullock,14517,Steve Bullock,DEM,48.0
432,135099,72062,2020,Montana,383,Public Policy Polling,946,Protect Our Care,Public Policy Polling,263,Public Policy Polling,A-,886,v,v,IVR/Text,U.S. Senate,2,Class II,10/26/20,10/27/20,11/3/20,,0,DEM,,0,0,10/27/20 16:31,,https://www.protectourcare.org/wp-content/uploads/2020/10/Health-Care-a-Key-Issue-for-Montana-Voters-Trust-Bullock-Over-Daines-to-Protect-Their-Health-Care.pdf,general,6283,Daines,14518,Steve Daines,REP,47.0
433,135305,72153,2020,North Carolina,801,Gravis Marketing,,,Gravis Marketing,124,Gravis Marketing,B,614,lv,lv,IVR/Online,U.S. Senate,0,Class II,10/26/20,10/27/20,11/3/20,,0,,,0,0,10/28/20 13:35,,https://www.scribd.com/document/481968988/North-Carolina-October-28-2020-v3,general,6284,Cunningham,13468,Cal Cunningham,DEM,46.0
434,135305,72153,2020,North Carolina,801,Gravis Marketing,,,Gravis Marketing,124,Gravis Marketing,B,614,lv,lv,IVR/Online,U.S. Senate,0,Class II,10/26/20,10/27/20,11/3/20,,0,,,0,0,10/28/20 13:35,,https://www.scribd.com/document/481968988/North-Carolina-October-28-2020-v3,general,6284,Tillis,13461,Thom Tillis,REP,44.0
435,135351,72165,2020,Kansas,907,GBAO,,,GBAO,109,GBAO,B/C,600,lv,lv,Live Phone,U.S. Senate,0,Class II,10/25/20,10/27/20,11/3/20,Barbara Bollier,1,DEM,,0,0,10/28/20 17:53,,https://bollierforkansas.com/new-kssen-poll-bollier-1/,general,6275,Bollier,13698,Barbara Bollier,DEM,47.0
436,135351,72165,2020,Kansas,907,GBAO,,,GBAO,109,GBAO,B/C,600,lv,lv,Live Phone,U.S. Senate,0,Class II,10/25/20,10/27/20,11/3/20,Barbara Bollier,1,DEM,,0,0,10/28/20 17:53,,https://bollierforkansas.com/new-kssen-poll-bollier-1/,general,6275,Marshall,14604,Roger Marshall,REP,47.0
437,135352,72165,2020,Kansas,907,GBAO,,,GBAO,109,GBAO,B/C,600,lv,lv,Live Phone,U.S. Senate,0,Class II,10/25/20,10/27/20,11/3/20,Barbara Bollier,1,DEM,,0,0,10/28/20 17:53,,https://bollierforkansas.com/new-kssen-poll-bollier-1/,general,6275,Bollier,13698,Barbara Bollier,DEM,46.0
438,135352,72165,2020,Kansas,907,GBAO,,,GBAO,109,GBAO,B/C,600,lv,lv,Live Phone,U.S. Senate,0,Class II,10/25/20,10/27/20,11/3/20,Barbara Bollier,1,DEM,,0,0,10/28/20 17:53,,https://bollierforkansas.com/new-kssen-poll-bollier-1/,general,6275,Marshall,14604,Roger Marshall,REP,45.0
439,135352,72165,2020,Kansas,907,GBAO,,,GBAO,109,GBAO,B/C,600,lv,lv,Live Phone,U.S. Senate,0,Class II,10/25/20,10/27/20,11/3/20,Barbara Bollier,1,DEM,,0,0,10/28/20 17:53,,https://bollierforkansas.com/new-kssen-poll-bollier-1/,general,6275,Buckley,15647,Jason Buckley,LIB,4.0
440,135364,72170,2020,Michigan,317,Mitchell Research & Communications,801,MIRS News Service,Mitchell Research & Communications,213,Mitchell Research & Communications,C-,759,lv,lv,IVR/Text,U.S. Senate,2,Class II,10/25/20,10/27/20,11/3/20,,0,,,0,0,10/28/20 19:58,,https://mirsnews.com/images/MIRS-Mitchell_Poll_Press_Release-_Field_Copy_-_Crosstabs_10-28-20.pdf,general,6280,Peters,13453,Gary C. Peters,DEM,52.4
441,135364,72170,2020,Michigan,317,Mitchell Research & Communications,801,MIRS News Service,Mitchell Research & Communications,213,Mitchell Research & Communications,C-,759,lv,lv,IVR/Text,U.S. Senate,2,Class II,10/25/20,10/27/20,11/3/20,,0,,,0,0,10/28/20 19:58,,https://mirsnews.com/images/MIRS-Mitchell_Poll_Press_Release-_Field_Copy_-_Crosstabs_10-28-20.pdf,general,6280,James,13454,John James,REP,42.8
442,135364,72170,2020,Michigan,317,Mitchell Research & Communications,801,MIRS News Service,Mitchell Research & Communications,213,Mitchell Research & Communications,C-,759,lv,lv,IVR/Text,U.S. Senate,2,Class II,10/25/20,10/27/20,11/3/20,,0,,,0,0,10/28/20 19:58,,https://mirsnews.com/images/MIRS-Mitchell_Poll_Press_Release-_Field_Copy_-_Crosstabs_10-28-20.pdf,general,6280,Willis,15850,Valerie Willis,UST,0.5
443,135364,72170,2020,Michigan,317,Mitchell Research & Communications,801,MIRS News Service,Mitchell Research & Communications,213,Mitchell Research & Communications,C-,759,lv,lv,IVR/Text,U.S. Senate,2,Class II,10/25/20,10/27/20,11/3/20,,0,,,0,0,10/28/20 19:58,,https://mirsnews.com/images/MIRS-Mitchell_Poll_Press_Release-_Field_Copy_-_Crosstabs_10-28-20.pdf,general,6280,Squier,15622,Marcia Squier,GRE,0.3
444,135528,72240,2020,Kansas,1425,VCreek/AMG,,,VCreek/AMG,501,VCreek/AMG,B/C,1149,lv,lv,IVR,U.S. Senate,0,Class II,10/25/20,10/27/20,11/3/20,,0,,,0,0,10/29/20 21:00,,https://projects.fivethirtyeight.com/polls/20201029_KS.pdf,general,6275,Bollier,13698,Barbara Bollier,DEM,43.46
445,135528,72240,2020,Kansas,1425,VCreek/AMG,,,VCreek/AMG,501,VCreek/AMG,B/C,1149,lv,lv,IVR,U.S. Senate,0,Class II,10/25/20,10/27/20,11/3/20,,0,,,0,0,10/29/20 21:00,,https://projects.fivethirtyeight.com/polls/20201029_KS.pdf,general,6275,Marshall,14604,Roger Marshall,REP,47.03
446,135528,72240,2020,Kansas,1425,VCreek/AMG,,,VCreek/AMG,501,VCreek/AMG,B/C,1149,lv,lv,IVR,U.S. Senate,0,Class II,10/25/20,10/27/20,11/3/20,,0,,,0,0,10/29/20 21:00,,https://projects.fivethirtyeight.com/polls/20201029_KS.pdf,general,6275,Buckley,15647,Jason Buckley,LIB,1.82
447,135839,72397,2020,North Carolina,1231,Meeting Street Insights,1299,Carolina Partnership for Reform,Meeting Street Insights,204,Meeting Street Insights,B/C,600,lv,lv,Live Phone,U.S. Senate,0,Class II,10/24/20,10/27/20,11/3/20,,0,REP,,0,0,10/30/20 21:30,,https://cprnc.org/2020/10/30/democrats-lead-court-contests-council-of-state-races-close/,general,6284,Cunningham,13468,Cal Cunningham,DEM,47.0
448,135839,72397,2020,North Carolina,1231,Meeting Street Insights,1299,Carolina Partnership for Reform,Meeting Street Insights,204,Meeting Street Insights,B/C,600,lv,lv,Live Phone,U.S. Senate,0,Class II,10/24/20,10/27/20,11/3/20,,0,REP,,0,0,10/30/20 21:30,,https://cprnc.org/2020/10/30/democrats-lead-court-contests-council-of-state-races-close/,general,6284,Tillis,13461,Thom Tillis,REP,43.0
449,135283,72146,2020,Georgia,320,Monmouth University,,,Monmouth University,215,Monmouth University,A,504,rv,rv,Live Phone,U.S. Senate,0,Class II,10/23/20,10/27/20,11/3/20,,0,,,0,0,10/28/20 13:06,,https://www.monmouth.edu/polling-institute/reports/monmouthpoll_ga_102820/,general,6271,Ossoff,14567,Jon Ossoff,DEM,49.0
450,135283,72146,2020,Georgia,320,Monmouth University,,,Monmouth University,215,Monmouth University,A,504,rv,rv,Live Phone,U.S. Senate,0,Class II,10/23/20,10/27/20,11/3/20,,0,,,0,0,10/28/20 13:06,,https://www.monmouth.edu/polling-institute/reports/monmouthpoll_ga_102820/,general,6271,Perdue,14568,David A. Perdue,REP,46.0
451,135283,72146,2020,Georgia,320,Monmouth University,,,Monmouth University,215,Monmouth University,A,504,rv,rv,Live Phone,U.S. Senate,0,Class II,10/23/20,10/27/20,11/3/20,,0,,,0,0,10/28/20 13:06,,https://www.monmouth.edu/polling-institute/reports/monmouthpoll_ga_102820/,general,6271,Hazel,14572,Shane Hazel,LIB,2.0
452,135284,72146,2020,Georgia,320,Monmouth University,,,Monmouth University,215,Monmouth University,A,504,lv,lv,Live Phone,U.S. Senate,0,Class II,10/23/20,10/27/20,11/3/20,,0,,,0,0,10/28/20 13:06,higher turnout model,https://www.monmouth.edu/polling-institute/reports/monmouthpoll_ga_102820/,general,6271,Ossoff,14567,Jon Ossoff,DEM,49.0
453,135284,72146,2020,Georgia,320,Monmouth University,,,Monmouth University,215,Monmouth University,A,504,lv,lv,Live Phone,U.S. Senate,0,Class II,10/23/20,10/27/20,11/3/20,,0,,,0,0,10/28/20 13:06,higher turnout model,https://www.monmouth.edu/polling-institute/reports/monmouthpoll_ga_102820/,general,6271,Perdue,14568,David A. Perdue,REP,47.0
454,135284,72146,2020,Georgia,320,Monmouth University,,,Monmouth University,215,Monmouth University,A,504,lv,lv,Live Phone,U.S. Senate,0,Class II,10/23/20,10/27/20,11/3/20,,0,,,0,0,10/28/20 13:06,higher turnout model,https://www.monmouth.edu/polling-institute/reports/monmouthpoll_ga_102820/,general,6271,Hazel,14572,Shane Hazel,LIB,2.0
455,135285,72146,2020,Georgia,320,Monmouth University,,,Monmouth University,215,Monmouth University,A,504,lv,lv,Live Phone,U.S. Senate,0,Class II,10/23/20,10/27/20,11/3/20,,0,,,0,0,10/28/20 13:06,lower turnout model,https://www.monmouth.edu/polling-institute/reports/monmouthpoll_ga_102820/,general,6271,Ossoff,14567,Jon Ossoff,DEM,49.0
456,135285,72146,2020,Georgia,320,Monmouth University,,,Monmouth University,215,Monmouth University,A,504,lv,lv,Live Phone,U.S. Senate,0,Class II,10/23/20,10/27/20,11/3/20,,0,,,0,0,10/28/20 13:06,lower turnout model,https://www.monmouth.edu/polling-institute/reports/monmouthpoll_ga_102820/,general,6271,Perdue,14568,David A. Perdue,REP,48.0
457,135285,72146,2020,Georgia,320,Monmouth University,,,Monmouth University,215,Monmouth University,A,504,lv,lv,Live Phone,U.S. Senate,0,Class II,10/23/20,10/27/20,11/3/20,,0,,,0,0,10/28/20 13:06,lower turnout model,https://www.monmouth.edu/polling-institute/reports/monmouthpoll_ga_102820/,general,6271,Hazel,14572,Shane Hazel,LIB,2.0
458,135286,72146,2020,Georgia,320,Monmouth University,,,Monmouth University,215,Monmouth University,A,504,rv,rv,Live Phone,U.S. Senate,2,Class III,10/23/20,10/27/20,11/3/20,,0,,,0,0,10/28/20 13:06,,https://www.monmouth.edu/polling-institute/reports/monmouthpoll_ga_102820/,jungle primary,7780,Warnock,14489,Raphael Warnock,DEM,41.0
459,135286,72146,2020,Georgia,320,Monmouth University,,,Monmouth University,215,Monmouth University,A,504,rv,rv,Live Phone,U.S. Senate,2,Class III,10/23/20,10/27/20,11/3/20,,0,,,0,0,10/28/20 13:06,,https://www.monmouth.edu/polling-institute/reports/monmouthpoll_ga_102820/,jungle primary,7780,Loeffler,13671,Kelly Loeffler,REP,21.0
460,135286,72146,2020,Georgia,320,Monmouth University,,,Monmouth University,215,Monmouth University,A,504,rv,rv,Live Phone,U.S. Senate,2,Class III,10/23/20,10/27/20,11/3/20,,0,,,0,0,10/28/20 13:06,,https://www.monmouth.edu/polling-institute/reports/monmouthpoll_ga_102820/,jungle primary,7780,Collins,13669,Doug Collins,REP,18.0
461,135286,72146,2020,Georgia,320,Monmouth University,,,Monmouth University,215,Monmouth University,A,504,rv,rv,Live Phone,U.S. Senate,2,Class III,10/23/20,10/27/20,11/3/20,,0,,,0,0,10/28/20 13:06,,https://www.monmouth.edu/polling-institute/reports/monmouthpoll_ga_102820/,jungle primary,7780,Lieberman,13670,Matthew Lieberman,DEM,4.0
462,135286,72146,2020,Georgia,320,Monmouth University,,,Monmouth University,215,Monmouth University,A,504,rv,rv,Live Phone,U.S. Senate,2,Class III,10/23/20,10/27/20,11/3/20,,0,,,0,0,10/28/20 13:06,,https://www.monmouth.edu/polling-institute/reports/monmouthpoll_ga_102820/,jungle primary,7780,Tarver,14490,Ed Tarver,DEM,3.0
463,135286,72146,2020,Georgia,320,Monmouth University,,,Monmouth University,215,Monmouth University,A,504,rv,rv,Live Phone,U.S. Senate,2,Class III,10/23/20,10/27/20,11/3/20,,0,,,0,0,10/28/20 13:06,,https://www.monmouth.edu/polling-institute/reports/monmouthpoll_ga_102820/,jungle primary,7780,Slowinski,14549,Brian Richard Slowinski,LIB,2.0
464,135287,72146,2020,Georgia,320,Monmouth University,,,Monmouth University,215,Monmouth University,A,504,lv,lv,Live Phone,U.S. Senate,2,Class III,10/23/20,10/27/20,11/3/20,,0,,,0,0,10/28/20 13:07,higher turnout model,https://www.monmouth.edu/polling-institute/reports/monmouthpoll_ga_102820/,jungle primary,7780,Warnock,14489,Raphael Warnock,DEM,41.0
465,135287,72146,2020,Georgia,320,Monmouth University,,,Monmouth University,215,Monmouth University,A,504,lv,lv,Live Phone,U.S. Senate,2,Class III,10/23/20,10/27/20,11/3/20,,0,,,0,0,10/28/20 13:07,higher turnout model,https://www.monmouth.edu/polling-institute/reports/monmouthpoll_ga_102820/,jungle primary,7780,Loeffler,13671,Kelly Loeffler,REP,22.0
466,135287,72146,2020,Georgia,320,Monmouth University,,,Monmouth University,215,Monmouth University,A,504,lv,lv,Live Phone,U.S. Senate,2,Class III,10/23/20,10/27/20,11/3/20,,0,,,0,0,10/28/20 13:07,higher turnout model,https://www.monmouth.edu/polling-institute/reports/monmouthpoll_ga_102820/,jungle primary,7780,Collins,13669,Doug Collins,REP,19.0
467,135287,72146,2020,Georgia,320,Monmouth University,,,Monmouth University,215,Monmouth University,A,504,lv,lv,Live Phone,U.S. Senate,2,Class III,10/23/20,10/27/20,11/3/20,,0,,,0,0,10/28/20 13:07,higher turnout model,https://www.monmouth.edu/polling-institute/reports/monmouthpoll_ga_102820/,jungle primary,7780,Lieberman,13670,Matthew Lieberman,DEM,4.0
468,135287,72146,2020,Georgia,320,Monmouth University,,,Monmouth University,215,Monmouth University,A,504,lv,lv,Live Phone,U.S. Senate,2,Class III,10/23/20,10/27/20,11/3/20,,0,,,0,0,10/28/20 13:07,higher turnout model,https://www.monmouth.edu/polling-institute/reports/monmouthpoll_ga_102820/,jungle primary,7780,Tarver,14490,Ed Tarver,DEM,3.0
469,135287,72146,2020,Georgia,320,Monmouth University,,,Monmouth University,215,Monmouth University,A,504,lv,lv,Live Phone,U.S. Senate,2,Class III,10/23/20,10/27/20,11/3/20,,0,,,0,0,10/28/20 13:07,higher turnout model,https://www.monmouth.edu/polling-institute/reports/monmouthpoll_ga_102820/,jungle primary,7780,Slowinski,14549,Brian Richard Slowinski,LIB,1.0
470,135288,72146,2020,Georgia,320,Monmouth University,,,Monmouth University,215,Monmouth University,A,504,lv,lv,Live Phone,U.S. Senate,2,Class III,10/23/20,10/27/20,11/3/20,,0,,,0,0,10/28/20 13:07,lower turnout model,https://www.monmouth.edu/polling-institute/reports/monmouthpoll_ga_102820/,jungle primary,7780,Warnock,14489,Raphael Warnock,DEM,42.0
471,135288,72146,2020,Georgia,320,Monmouth University,,,Monmouth University,215,Monmouth University,A,504,lv,lv,Live Phone,U.S. Senate,2,Class III,10/23/20,10/27/20,11/3/20,,0,,,0,0,10/28/20 13:07,lower turnout model,https://www.monmouth.edu/polling-institute/reports/monmouthpoll_ga_102820/,jungle primary,7780,Loeffler,13671,Kelly Loeffler,REP,22.0
472,135288,72146,2020,Georgia,320,Monmouth University,,,Monmouth University,215,Monmouth University,A,504,lv,lv,Live Phone,U.S. Senate,2,Class III,10/23/20,10/27/20,11/3/20,,0,,,0,0,10/28/20 13:07,lower turnout model,https://www.monmouth.edu/polling-institute/reports/monmouthpoll_ga_102820/,jungle primary,7780,Collins,13669,Doug Collins,REP,20.0
473,135288,72146,2020,Georgia,320,Monmouth University,,,Monmouth University,215,Monmouth University,A,504,lv,lv,Live Phone,U.S. Senate,2,Class III,10/23/20,10/27/20,11/3/20,,0,,,0,0,10/28/20 13:07,lower turnout model,https://www.monmouth.edu/polling-institute/reports/monmouthpoll_ga_102820/,jungle primary,7780,Lieberman,13670,Matthew Lieberman,DEM,3.0
474,135288,72146,2020,Georgia,320,Monmouth University,,,Monmouth University,215,Monmouth University,A,504,lv,lv,Live Phone,U.S. Senate,2,Class III,10/23/20,10/27/20,11/3/20,,0,,,0,0,10/28/20 13:07,lower turnout model,https://www.monmouth.edu/polling-institute/reports/monmouthpoll_ga_102820/,jungle primary,7780,Tarver,14490,Ed Tarver,DEM,2.0
475,135288,72146,2020,Georgia,320,Monmouth University,,,Monmouth University,215,Monmouth University,A,504,lv,lv,Live Phone,U.S. Senate,2,Class III,10/23/20,10/27/20,11/3/20,,0,,,0,0,10/28/20 13:07,lower turnout model,https://www.monmouth.edu/polling-institute/reports/monmouthpoll_ga_102820/,jungle primary,7780,Slowinski,14549,Brian Richard Slowinski,LIB,1.0
476,135289,72146,2020,Georgia,320,Monmouth University,,,Monmouth University,215,Monmouth University,A,504,rv,rv,Live Phone,U.S. Senate,2,Class III,10/23/20,10/27/20,1/5/21,,0,,,0,0,10/28/20 13:07,,https://www.monmouth.edu/polling-institute/reports/monmouthpoll_ga_102820/,runoff,7781,Warnock,14489,Raphael Warnock,DEM,49.0
477,135289,72146,2020,Georgia,320,Monmouth University,,,Monmouth University,215,Monmouth University,A,504,rv,rv,Live Phone,U.S. Senate,2,Class III,10/23/20,10/27/20,1/5/21,,0,,,0,0,10/28/20 13:07,,https://www.monmouth.edu/polling-institute/reports/monmouthpoll_ga_102820/,runoff,7781,Loeffler,13671,Kelly Loeffler,REP,41.0
478,135290,72146,2020,Georgia,320,Monmouth University,,,Monmouth University,215,Monmouth University,A,504,rv,rv,Live Phone,U.S. Senate,2,Class III,10/23/20,10/27/20,1/5/21,,0,,,0,0,10/28/20 13:07,,https://www.monmouth.edu/polling-institute/reports/monmouthpoll_ga_102820/,runoff,7781,Warnock,14489,Raphael Warnock,DEM,51.0
479,135290,72146,2020,Georgia,320,Monmouth University,,,Monmouth University,215,Monmouth University,A,504,rv,rv,Live Phone,U.S. Senate,2,Class III,10/23/20,10/27/20,1/5/21,,0,,,0,0,10/28/20 13:07,,https://www.monmouth.edu/polling-institute/reports/monmouthpoll_ga_102820/,runoff,7781,Collins,13669,Doug Collins,REP,39.0
480,135322,72146,2020,Georgia,320,Monmouth University,,,Monmouth University,215,Monmouth University,A,504,lv,lv,Live Phone,U.S. Senate,2,Class III,10/23/20,10/27/20,1/5/21,,0,,,0,0,10/28/20 14:58,,https://www.monmouth.edu/polling-institute/reports/monmouthpoll_ga_102820/,runoff,7781,Warnock,14489,Raphael Warnock,DEM,51.0
481,135322,72146,2020,Georgia,320,Monmouth University,,,Monmouth University,215,Monmouth University,A,504,lv,lv,Live Phone,U.S. Senate,2,Class III,10/23/20,10/27/20,1/5/21,,0,,,0,0,10/28/20 14:58,,https://www.monmouth.edu/polling-institute/reports/monmouthpoll_ga_102820/,runoff,7781,Loeffler,13671,Kelly Loeffler,REP,45.0
482,135323,72146,2020,Georgia,320,Monmouth University,,,Monmouth University,215,Monmouth University,A,504,lv,lv,Live Phone,U.S. Senate,2,Class III,10/23/20,10/27/20,1/5/21,,0,,,0,0,10/28/20 14:58,,https://www.monmouth.edu/polling-institute/reports/monmouthpoll_ga_102820/,runoff,7781,Warnock,14489,Raphael Warnock,DEM,52.0
483,135323,72146,2020,Georgia,320,Monmouth University,,,Monmouth University,215,Monmouth University,A,504,lv,lv,Live Phone,U.S. Senate,2,Class III,10/23/20,10/27/20,1/5/21,,0,,,0,0,10/28/20 14:58,,https://www.monmouth.edu/polling-institute/reports/monmouthpoll_ga_102820/,runoff,7781,Collins,13669,Doug Collins,REP,45.0
484,135366,72171,2020,Minnesota,460,SurveyUSA,"84,1102,1444",KSTP-TV Minneapolis | KAAL-TV | WDIO-TV Duluth,SurveyUSA,325,SurveyUSA,A,649,lv,lv,Online,U.S. Senate,2,Class II,10/23/20,10/27/20,11/3/20,,0,,,0,0,10/28/20 20:22,,https://assets.documentcloud.org/documents/20400328/surveyusa1028.pdf,general,6281,Smith,15691,Tina Smith,DEM,45.0
485,135366,72171,2020,Minnesota,460,SurveyUSA,"84,1102,1444",KSTP-TV Minneapolis | KAAL-TV | WDIO-TV Duluth,SurveyUSA,325,SurveyUSA,A,649,lv,lv,Online,U.S. Senate,2,Class II,10/23/20,10/27/20,11/3/20,,0,,,0,0,10/28/20 20:22,,https://assets.documentcloud.org/documents/20400328/surveyusa1028.pdf,general,6281,Lewis,15692,Jason Lewis,REP,42.0
486,135388,72179,2020,Maine,460,SurveyUSA,1180,FairVote,SurveyUSA,325,SurveyUSA,A,1007,lv,lv,IVR/Online,U.S. Senate,2,Class II,10/23/20,10/27/20,11/3/20,,0,,,0,0,10/29/20 07:46,,https://bangordailynews.com/2020/10/29/politics/sara-gideon-susan-collins-nearly-tied-in-poll-finding-ranked-choice-voting-helps-democrats/,general,6279,Gideon,13455,Sara Gideon,DEM,46.0
487,135388,72179,2020,Maine,460,SurveyUSA,1180,FairVote,SurveyUSA,325,SurveyUSA,A,1007,lv,lv,IVR/Online,U.S. Senate,2,Class II,10/23/20,10/27/20,11/3/20,,0,,,0,0,10/29/20 07:46,,https://bangordailynews.com/2020/10/29/politics/sara-gideon-susan-collins-nearly-tied-in-poll-finding-ranked-choice-voting-helps-democrats/,general,6279,Collins,13456,Susan M. Collins,REP,45.0
488,135388,72179,2020,Maine,460,SurveyUSA,1180,FairVote,SurveyUSA,325,SurveyUSA,A,1007,lv,lv,IVR/Online,U.S. Senate,2,Class II,10/23/20,10/27/20,11/3/20,,0,,,0,0,10/29/20 07:46,,https://bangordailynews.com/2020/10/29/politics/sara-gideon-susan-collins-nearly-tied-in-poll-finding-ranked-choice-voting-helps-democrats/,general,6279,Linn,14691,Max Linn,IND,1.0
489,135388,72179,2020,Maine,460,SurveyUSA,1180,FairVote,SurveyUSA,325,SurveyUSA,A,1007,lv,lv,IVR/Online,U.S. Senate,2,Class II,10/23/20,10/27/20,11/3/20,,0,,,0,0,10/29/20 07:46,,https://bangordailynews.com/2020/10/29/politics/sara-gideon-susan-collins-nearly-tied-in-poll-finding-ranked-choice-voting-helps-democrats/,general,6279,Savage,14690,Lisa Savage,IND,4.0
490,135389,72179,2020,Maine,460,SurveyUSA,1180,FairVote,SurveyUSA,325,SurveyUSA,A,1007,lv,lv,IVR/Online,U.S. Senate,2,Class II,10/23/20,10/27/20,11/3/20,,0,,,0,0,10/29/20 07:46,allocated after RCV,https://bangordailynews.com/2020/10/29/politics/sara-gideon-susan-collins-nearly-tied-in-poll-finding-ranked-choice-voting-helps-democrats/,general,6279,Gideon,13455,Sara Gideon,DEM,51.0
491,135389,72179,2020,Maine,460,SurveyUSA,1180,FairVote,SurveyUSA,325,SurveyUSA,A,1007,lv,lv,IVR/Online,U.S. Senate,2,Class II,10/23/20,10/27/20,11/3/20,,0,,,0,0,10/29/20 07:46,allocated after RCV,https://bangordailynews.com/2020/10/29/politics/sara-gideon-susan-collins-nearly-tied-in-poll-finding-ranked-choice-voting-helps-democrats/,general,6279,Collins,13456,Susan M. Collins,REP,49.0
492,135478,72215,2020,North Carolina,1424,Siena College/The New York Times Upshot,,,Siena College/The New York Times Upshot,448,Siena College/The New York Times Upshot,A+,1034,lv,lv,Live Phone,U.S. Senate,0,Class II,10/23/20,10/27/20,11/3/20,,0,,,0,0,10/29/20 13:07,,https://int.nyt.com/data/documenttools/nc102320-crosstabs/226c0cc3df5049e0/full.pdf,general,6284,Cunningham,13468,Cal Cunningham,DEM,46.0
493,135478,72215,2020,North Carolina,1424,Siena College/The New York Times Upshot,,,Siena College/The New York Times Upshot,448,Siena College/The New York Times Upshot,A+,1034,lv,lv,Live Phone,U.S. Senate,0,Class II,10/23/20,10/27/20,11/3/20,,0,,,0,0,10/29/20 13:07,,https://int.nyt.com/data/documenttools/nc102320-crosstabs/226c0cc3df5049e0/full.pdf,general,6284,Tillis,13461,Thom Tillis,REP,43.0
494,135478,72215,2020,North Carolina,1424,Siena College/The New York Times Upshot,,,Siena College/The New York Times Upshot,448,Siena College/The New York Times Upshot,A+,1034,lv,lv,Live Phone,U.S. Senate,0,Class II,10/23/20,10/27/20,11/3/20,,0,,,0,0,10/29/20 13:07,,https://int.nyt.com/data/documenttools/nc102320-crosstabs/226c0cc3df5049e0/full.pdf,general,6284,Bray,14557,Shannon Wilson Bray,LIB,2.0
495,135478,72215,2020,North Carolina,1424,Siena College/The New York Times Upshot,,,Siena College/The New York Times Upshot,448,Siena College/The New York Times Upshot,A+,1034,lv,lv,Live Phone,U.S. Senate,0,Class II,10/23/20,10/27/20,11/3/20,,0,,,0,0,10/29/20 13:07,,https://int.nyt.com/data/documenttools/nc102320-crosstabs/226c0cc3df5049e0/full.pdf,general,6284,Hayes,14558,Kevin Eugene Hayes,CON,1.0
496,135488,72220,2020,Iowa,396,Quinnipiac University,,,Quinnipiac University,267,Quinnipiac University,A-,1225,lv,lv,Live Phone,U.S. Senate,0,Class II,10/23/20,10/27/20,11/3/20,,0,,,0,0,10/29/20 14:03,,https://poll.qu.edu/florida/release-detail?ReleaseID=3682,general,6272,Greenfield,13466,Theresa Greenfield,DEM,46.0
497,135488,72220,2020,Iowa,396,Quinnipiac University,,,Quinnipiac University,267,Quinnipiac University,A-,1225,lv,lv,Live Phone,U.S. Senate,0,Class II,10/23/20,10/27/20,11/3/20,,0,,,0,0,10/29/20 14:03,,https://poll.qu.edu/florida/release-detail?ReleaseID=3682,general,6272,Ernst,13467,Joni K. Ernst,REP,48.0
498,135118,72071,2020,South Carolina,1515,Data for Progress,"1155,1452",Crooked Media | Indivisible,Data for Progress,522,Data for Progress,B,1196,lv,lv,Online/Text,U.S. Senate,0,Class II,10/22/20,10/27/20,11/3/20,,0,DEM,,0,0,10/27/20 20:39,,https://filesforprogress.org/memos/2020-senate-project/week-6/dfp_psp_sc_10.27.pdf,general,6292,Harrison,13457,Jaime Harrison,DEM,46.0
499,135118,72071,2020,South Carolina,1515,Data for Progress,"1155,1452",Crooked Media | Indivisible,Data for Progress,522,Data for Progress,B,1196,lv,lv,Online/Text,U.S. Senate,0,Class II,10/22/20,10/27/20,11/3/20,,0,DEM,,0,0,10/27/20 20:39,,https://filesforprogress.org/memos/2020-senate-project/week-6/dfp_psp_sc_10.27.pdf,general,6292,Graham,13458,Lindsey Graham,REP,46.0
500,135118,72071,2020,South Carolina,1515,Data for Progress,"1155,1452",Crooked Media | Indivisible,Data for Progress,522,Data for Progress,B,1196,lv,lv,Online/Text,U.S. Senate,0,Class II,10/22/20,10/27/20,11/3/20,,0,DEM,,0,0,10/27/20 20:39,,https://filesforprogress.org/memos/2020-senate-project/week-6/dfp_psp_sc_10.27.pdf,general,6292,Bledsoe,14749,Bill Bledsoe,CON,3.0
501,135094,72059,2020,North Carolina,744,Ipsos,71,Reuters,Ipsos,154,Ipsos,B-,647,lv,lv,Online,U.S. Senate,0,Class II,10/21/20,10/27/20,11/3/20,,0,,,0,0,10/27/20 15:56,,https://www.ipsos.com/sites/default/files/ct/news/documents/2020-10/topline_reuters_north_carolina_state_poll_w5_10_27_2020.pdf,general,6284,Cunningham,13468,Cal Cunningham,DEM,48.0
502,135094,72059,2020,North Carolina,744,Ipsos,71,Reuters,Ipsos,154,Ipsos,B-,647,lv,lv,Online,U.S. Senate,0,Class II,10/21/20,10/27/20,11/3/20,,0,,,0,0,10/27/20 15:56,,https://www.ipsos.com/sites/default/files/ct/news/documents/2020-10/topline_reuters_north_carolina_state_poll_w5_10_27_2020.pdf,general,6284,Tillis,13461,Thom Tillis,REP,47.0
503,135359,72166,2020,Arizona,744,Ipsos,71,Reuters,Ipsos,154,Ipsos,B-,714,lv,lv,Online,U.S. Senate,2,Class III,10/21/20,10/27/20,11/3/20,,0,,,0,0,10/28/20 18:25,,https://www.ipsos.com/sites/default/files/ct/news/documents/2020-10/topline_reuters_arizona_state_poll_w5_10_28_2020.pdf,general,6268,Kelly,13445,Mark Kelly,DEM,51.0
504,135359,72166,2020,Arizona,744,Ipsos,71,Reuters,Ipsos,154,Ipsos,B-,714,lv,lv,Online,U.S. Senate,2,Class III,10/21/20,10/27/20,11/3/20,,0,,,0,0,10/28/20 18:25,,https://www.ipsos.com/sites/default/files/ct/news/documents/2020-10/topline_reuters_arizona_state_poll_w5_10_28_2020.pdf,general,6268,McSally,13446,Martha McSally,REP,44.0
505,135131,72078,2020,Virginia,94,Christopher Newport University,,,Christopher Newport University,50,Christopher Newport University,A/B,908,lv,lv,Live Phone,U.S. Senate,2,Class II,10/15/20,10/27/20,11/3/20,,0,,,0,0,10/28/20 07:47,,https://cnu.edu/wasoncenter/surveys/archive/2020-10-28.html,general,6296,Warner,14760,Mark R. Warner,DEM,57.0
506,135131,72078,2020,Virginia,94,Christopher Newport University,,,Christopher Newport University,50,Christopher Newport University,A/B,908,lv,lv,Live Phone,U.S. Senate,2,Class II,10/15/20,10/27/20,11/3/20,,0,,,0,0,10/28/20 07:47,,https://cnu.edu/wasoncenter/surveys/archive/2020-10-28.html,general,6296,Gade,15688,Daniel M. Gade,REP,37.0
507,135037,72032,2020,South Carolina,1313,Starboard Communications,,,Starboard Communications,316,Starboard Communications,B/C,800,lv,lv,IVR/Live Phone/Text,U.S. Senate,0,Class II,10/26/20,10/26/20,11/3/20,,0,,,0,0,10/26/20 20:34,,https://twitter.com/walter_whetsell/status/1320870398410530817,general,6292,Harrison,13457,Jaime Harrison,DEM,42.5
508,135037,72032,2020,South Carolina,1313,Starboard Communications,,,Starboard Communications,316,Starboard Communications,B/C,800,lv,lv,IVR/Live Phone/Text,U.S. Senate,0,Class II,10/26/20,10/26/20,11/3/20,,0,,,0,0,10/26/20 20:34,,https://twitter.com/walter_whetsell/status/1320870398410530817,general,6292,Graham,13458,Lindsey Graham,REP,51.9
509,135037,72032,2020,South Carolina,1313,Starboard Communications,,,Starboard Communications,316,Starboard Communications,B/C,800,lv,lv,IVR/Live Phone/Text,U.S. Senate,0,Class II,10/26/20,10/26/20,11/3/20,,0,,,0,0,10/26/20 20:34,,https://twitter.com/walter_whetsell/status/1320870398410530817,general,6292,Bledsoe,14749,Bill Bledsoe,CON,2.5
510,135266,72054,2020,North Carolina,1554,RMG Research,1475,PoliticalIQ,RMG Research,555,RMG Research,B-,800,lv,lv,IVR/Online/Text,U.S. Senate,0,Class II,10/24/20,10/26/20,11/3/20,,0,,,0,0,10/28/20 10:16,,http://politicaliq.com/2020/10/28/nc-senate-cunningham-d-49-tillis-r-42/,general,6284,Cunningham,13468,Cal Cunningham,DEM,49.0
511,135266,72054,2020,North Carolina,1554,RMG Research,1475,PoliticalIQ,RMG Research,555,RMG Research,B-,800,lv,lv,IVR/Online/Text,U.S. Senate,0,Class II,10/24/20,10/26/20,11/3/20,,0,,,0,0,10/28/20 10:16,,http://politicaliq.com/2020/10/28/nc-senate-cunningham-d-49-tillis-r-42/,general,6284,Tillis,13461,Thom Tillis,REP,42.0
512,135088,72056,2020,Minnesota,801,Gravis Marketing,,,Gravis Marketing,124,Gravis Marketing,B,657,lv,lv,IVR/Online,U.S. Senate,2,Class II,10/24/20,10/26/20,11/3/20,,0,,,0,0,10/27/20 14:43,,https://www.scribd.com/document/481836479/Minnesota-October-26-2020-v2,general,6281,Smith,15691,Tina Smith,DEM,53.0
513,135088,72056,2020,Minnesota,801,Gravis Marketing,,,Gravis Marketing,124,Gravis Marketing,B,657,lv,lv,IVR/Online,U.S. Senate,2,Class II,10/24/20,10/26/20,11/3/20,,0,,,0,0,10/27/20 14:43,,https://www.scribd.com/document/481836479/Minnesota-October-26-2020-v2,general,6281,Lewis,15692,Jason Lewis,REP,39.0
514,135120,72073,2020,Michigan,468,Tarrance Group,,,Tarrance Group,333,Tarrance Group,B+,,lv,lv,Live Phone,U.S. Senate,2,Class II,10/24/20,10/26/20,11/3/20,John James,1,REP,,0,0,10/27/20 20:43,,https://www.breitbart.com/2020-election/2020/10/27/exclusive-internal-memo-shows-john-james-statistical-tie-michigan-sen-gary-peters/,general,6280,Peters,13453,Gary C. Peters,DEM,47.5
515,135120,72073,2020,Michigan,468,Tarrance Group,,,Tarrance Group,333,Tarrance Group,B+,,lv,lv,Live Phone,U.S. Senate,2,Class II,10/24/20,10/26/20,11/3/20,John James,1,REP,,0,0,10/27/20 20:43,,https://www.breitbart.com/2020-election/2020/10/27/exclusive-internal-memo-shows-john-james-statistical-tie-michigan-sen-gary-peters/,general,6280,James,13454,John James,REP,46.2
516,135052,72040,2020,Georgia,1447,Civiqs,185,Daily Kos,Civiqs,471,Civiqs,B-,1041,lv,lv,Online,U.S. Senate,0,Class II,10/23/20,10/26/20,11/3/20,,0,,,0,0,10/27/20 08:26,,https://civiqs.com/documents/Civiqs_DailyKos_GA_banner_book_2020_10_p577m2.pdf,general,6271,Ossoff,14567,Jon Ossoff,DEM,51.0
517,135052,72040,2020,Georgia,1447,Civiqs,185,Daily Kos,Civiqs,471,Civiqs,B-,1041,lv,lv,Online,U.S. Senate,0,Class II,10/23/20,10/26/20,11/3/20,,0,,,0,0,10/27/20 08:26,,https://civiqs.com/documents/Civiqs_DailyKos_GA_banner_book_2020_10_p577m2.pdf,general,6271,Perdue,14568,David A. Perdue,REP,45.0
518,135052,72040,2020,Georgia,1447,Civiqs,185,Daily Kos,Civiqs,471,Civiqs,B-,1041,lv,lv,Online,U.S. Senate,0,Class II,10/23/20,10/26/20,11/3/20,,0,,,0,0,10/27/20 08:26,,https://civiqs.com/documents/Civiqs_DailyKos_GA_banner_book_2020_10_p577m2.pdf,general,6271,Hazel,14572,Shane Hazel,LIB,2.0
519,135053,72040,2020,Georgia,1447,Civiqs,185,Daily Kos,Civiqs,471,Civiqs,B-,1041,lv,lv,Online,U.S. Senate,2,Class III,10/23/20,10/26/20,11/3/20,,0,,,0,0,10/27/20 08:26,,https://civiqs.com/documents/Civiqs_DailyKos_GA_banner_book_2020_10_p577m2.pdf,jungle primary,7780,Warnock,14489,Raphael Warnock,DEM,48.0
520,135053,72040,2020,Georgia,1447,Civiqs,185,Daily Kos,Civiqs,471,Civiqs,B-,1041,lv,lv,Online,U.S. Senate,2,Class III,10/23/20,10/26/20,11/3/20,,0,,,0,0,10/27/20 08:26,,https://civiqs.com/documents/Civiqs_DailyKos_GA_banner_book_2020_10_p577m2.pdf,jungle primary,7780,Collins,13669,Doug Collins,REP,23.0
521,135053,72040,2020,Georgia,1447,Civiqs,185,Daily Kos,Civiqs,471,Civiqs,B-,1041,lv,lv,Online,U.S. Senate,2,Class III,10/23/20,10/26/20,11/3/20,,0,,,0,0,10/27/20 08:26,,https://civiqs.com/documents/Civiqs_DailyKos_GA_banner_book_2020_10_p577m2.pdf,jungle primary,7780,Loeffler,13671,Kelly Loeffler,REP,22.0
522,135053,72040,2020,Georgia,1447,Civiqs,185,Daily Kos,Civiqs,471,Civiqs,B-,1041,lv,lv,Online,U.S. Senate,2,Class III,10/23/20,10/26/20,11/3/20,,0,,,0,0,10/27/20 08:26,,https://civiqs.com/documents/Civiqs_DailyKos_GA_banner_book_2020_10_p577m2.pdf,jungle primary,7780,Lieberman,13670,Matthew Lieberman,DEM,2.0
523,135053,72040,2020,Georgia,1447,Civiqs,185,Daily Kos,Civiqs,471,Civiqs,B-,1041,lv,lv,Online,U.S. Senate,2,Class III,10/23/20,10/26/20,11/3/20,,0,,,0,0,10/27/20 08:26,,https://civiqs.com/documents/Civiqs_DailyKos_GA_banner_book_2020_10_p577m2.pdf,jungle primary,7780,Tarver,14490,Ed Tarver,DEM,1.0
524,135054,72040,2020,Georgia,1447,Civiqs,185,Daily Kos,Civiqs,471,Civiqs,B-,1041,lv,lv,Online,U.S. Senate,2,Class III,10/23/20,10/26/20,1/5/21,,0,,,0,0,10/27/20 08:26,,https://civiqs.com/documents/Civiqs_DailyKos_GA_banner_book_2020_10_p577m2.pdf,runoff,7781,Warnock,14489,Raphael Warnock,DEM,51.0
525,135054,72040,2020,Georgia,1447,Civiqs,185,Daily Kos,Civiqs,471,Civiqs,B-,1041,lv,lv,Online,U.S. Senate,2,Class III,10/23/20,10/26/20,1/5/21,,0,,,0,0,10/27/20 08:26,,https://civiqs.com/documents/Civiqs_DailyKos_GA_banner_book_2020_10_p577m2.pdf,runoff,7781,Loeffler,13671,Kelly Loeffler,REP,37.0
526,135055,72040,2020,Georgia,1447,Civiqs,185,Daily Kos,Civiqs,471,Civiqs,B-,1041,lv,lv,Online,U.S. Senate,2,Class III,10/23/20,10/26/20,1/5/21,,0,,,0,0,10/27/20 08:26,,https://civiqs.com/documents/Civiqs_DailyKos_GA_banner_book_2020_10_p577m2.pdf,runoff,7781,Warnock,14489,Raphael Warnock,DEM,51.0
527,135055,72040,2020,Georgia,1447,Civiqs,185,Daily Kos,Civiqs,471,Civiqs,B-,1041,lv,lv,Online,U.S. Senate,2,Class III,10/23/20,10/26/20,1/5/21,,0,,,0,0,10/27/20 08:26,,https://civiqs.com/documents/Civiqs_DailyKos_GA_banner_book_2020_10_p577m2.pdf,runoff,7781,Collins,13669,Doug Collins,REP,42.0
528,135056,72041,2020,Mississippi,1447,Civiqs,185,Daily Kos,Civiqs,471,Civiqs,B-,507,lv,lv,Online,U.S. Senate,2,Class II,10/23/20,10/26/20,11/3/20,,0,,,0,0,10/27/20 08:26,,https://civiqs.com/documents/Civiqs_DailyKos_MS_banner_book_2020_10_46eq84.pdf,general,6282,Espy,13651,Mike Espy,DEM,44.0
529,135056,72041,2020,Mississippi,1447,Civiqs,185,Daily Kos,Civiqs,471,Civiqs,B-,507,lv,lv,Online,U.S. Senate,2,Class II,10/23/20,10/26/20,11/3/20,,0,,,0,0,10/27/20 08:26,,https://civiqs.com/documents/Civiqs_DailyKos_MS_banner_book_2020_10_46eq84.pdf,general,6282,Hyde-Smith,13652,Cindy Hyde-Smith,REP,52.0
530,135056,72041,2020,Mississippi,1447,Civiqs,185,Daily Kos,Civiqs,471,Civiqs,B-,507,lv,lv,Online,U.S. Senate,2,Class II,10/23/20,10/26/20,11/3/20,,0,,,0,0,10/27/20 08:26,,https://civiqs.com/documents/Civiqs_DailyKos_MS_banner_book_2020_10_46eq84.pdf,general,6282,Edwards,14573,Jimmy Edwards,LIB,2.0
531,135369,72061,2020,North Carolina,460,SurveyUSA,"241,1497",WRAL News | WRAL-TV (Raleigh),SurveyUSA,325,SurveyUSA,A,627,lv,lv,Online,U.S. Senate,0,Class II,10/23/20,10/26/20,11/3/20,,0,,,0,0,10/28/20 20:44,,http://www.surveyusa.com/client/PollReport.aspx?g=4d33a5bf-6d75-4813-b96b-47f306098643,general,6284,Cunningham,13468,Cal Cunningham,DEM,48.0
532,135369,72061,2020,North Carolina,460,SurveyUSA,"241,1497",WRAL News | WRAL-TV (Raleigh),SurveyUSA,325,SurveyUSA,A,627,lv,lv,Online,U.S. Senate,0,Class II,10/23/20,10/26/20,11/3/20,,0,,,0,0,10/28/20 20:44,,http://www.surveyusa.com/client/PollReport.aspx?g=4d33a5bf-6d75-4813-b96b-47f306098643,general,6284,Tillis,13461,Thom Tillis,REP,45.0
533,135299,72152,2020,Michigan,1424,Siena College/The New York Times Upshot,,,Siena College/The New York Times Upshot,448,Siena College/The New York Times Upshot,A+,856,lv,lv,Live Phone,U.S. Senate,2,Class II,10/23/20,10/26/20,11/3/20,,0,,,0,0,10/28/20 13:29,,https://int.nyt.com/data/documenttools/mi102320-crosstabs/9308372de600fa49/full.pdf,general,6280,Peters,13453,Gary C. Peters,DEM,49.0
534,135299,72152,2020,Michigan,1424,Siena College/The New York Times Upshot,,,Siena College/The New York Times Upshot,448,Siena College/The New York Times Upshot,A+,856,lv,lv,Live Phone,U.S. Senate,2,Class II,10/23/20,10/26/20,11/3/20,,0,,,0,0,10/28/20 13:29,,https://int.nyt.com/data/documenttools/mi102320-crosstabs/9308372de600fa49/full.pdf,general,6280,James,13454,John James,REP,41.0
535,135299,72152,2020,Michigan,1424,Siena College/The New York Times Upshot,,,Siena College/The New York Times Upshot,448,Siena College/The New York Times Upshot,A+,856,lv,lv,Live Phone,U.S. Senate,2,Class II,10/23/20,10/26/20,11/3/20,,0,,,0,0,10/28/20 13:29,,https://int.nyt.com/data/documenttools/mi102320-crosstabs/9308372de600fa49/full.pdf,general,6280,Squier,15622,Marcia Squier,GRE,1.0
536,135299,72152,2020,Michigan,1424,Siena College/The New York Times Upshot,,,Siena College/The New York Times Upshot,448,Siena College/The New York Times Upshot,A+,856,lv,lv,Live Phone,U.S. Senate,2,Class II,10/23/20,10/26/20,11/3/20,,0,,,0,0,10/28/20 13:29,,https://int.nyt.com/data/documenttools/mi102320-crosstabs/9308372de600fa49/full.pdf,general,6280,Dern,15849,Douglas P. Dern,NLP,0.0
537,135299,72152,2020,Michigan,1424,Siena College/The New York Times Upshot,,,Siena College/The New York Times Upshot,448,Siena College/The New York Times Upshot,A+,856,lv,lv,Live Phone,U.S. Senate,2,Class II,10/23/20,10/26/20,11/3/20,,0,,,0,0,10/28/20 13:29,,https://int.nyt.com/data/documenttools/mi102320-crosstabs/9308372de600fa49/full.pdf,general,6280,Willis,15850,Valerie Willis,UST,0.0
538,135518,72233,2020,New Hampshire,446,Saint Anselm College,,,Saint Anselm College,494,Saint Anselm College,A/B,1018,lv,lv,Online,U.S. Senate,0,Class II,10/23/20,10/26/20,11/3/20,,0,,,0,0,10/29/20 19:17,,https://www.anselm.edu/sites/default/files/Documents/NHIOP/October%2026%202020%20FullResults.pdf,general,6286,Shaheen,13448,Jeanne Shaheen,DEM,54.0
539,135518,72233,2020,New Hampshire,446,Saint Anselm College,,,Saint Anselm College,494,Saint Anselm College,A/B,1018,lv,lv,Online,U.S. Senate,0,Class II,10/23/20,10/26/20,11/3/20,,0,,,0,0,10/29/20 19:17,,https://www.anselm.edu/sites/default/files/Documents/NHIOP/October%2026%202020%20FullResults.pdf,general,6286,Messner,14492,Corky Messner,REP,39.0
540,135518,72233,2020,New Hampshire,446,Saint Anselm College,,,Saint Anselm College,494,Saint Anselm College,A/B,1018,lv,lv,Online,U.S. Senate,0,Class II,10/23/20,10/26/20,11/3/20,,0,,,0,0,10/29/20 19:17,,https://www.anselm.edu/sites/default/files/Documents/NHIOP/October%2026%202020%20FullResults.pdf,general,6286,O'Donnell,15620,Justin F. O'Donnell,LIB,2.0
541,135659,72295,2020,Alabama,1522,Swayable,,,Swayable,543,Swayable,C,232,lv,lv,Online,U.S. Senate,0,Class II,10/23/20,10/26/20,11/3/20,,0,,,0,0,10/30/20 07:56,,https://www.swayable.com/polls/2020-10-28.html,general,6266,Jones,13612,Doug Jones,DEM,45.6
542,135659,72295,2020,Alabama,1522,Swayable,,,Swayable,543,Swayable,C,232,lv,lv,Online,U.S. Senate,0,Class II,10/23/20,10/26/20,11/3/20,,0,,,0,0,10/30/20 07:56,,https://www.swayable.com/polls/2020-10-28.html,general,6266,Tuberville,13614,Tommy Tuberville,REP,54.4
543,135658,72296,2020,Arizona,1522,Swayable,,,Swayable,543,Swayable,C,286,lv,lv,Online,U.S. Senate,2,Class III,10/23/20,10/26/20,11/3/20,,0,,,0,0,10/30/20 07:56,,https://www.swayable.com/polls/2020-10-28.html,general,6268,Kelly,13445,Mark Kelly,DEM,55.8
544,135658,72296,2020,Arizona,1522,Swayable,,,Swayable,543,Swayable,C,286,lv,lv,Online,U.S. Senate,2,Class III,10/23/20,10/26/20,11/3/20,,0,,,0,0,10/30/20 07:56,,https://www.swayable.com/polls/2020-10-28.html,general,6268,McSally,13446,Martha McSally,REP,44.2
545,135653,72299,2020,Georgia,1522,Swayable,,,Swayable,543,Swayable,C,342,lv,lv,Online,U.S. Senate,0,Class II,10/23/20,10/26/20,11/3/20,,0,,,0,0,10/30/20 07:55,,https://www.swayable.com/polls/2020-10-28.html,general,6271,Ossoff,14567,Jon Ossoff,DEM,47.8
546,135653,72299,2020,Georgia,1522,Swayable,,,Swayable,543,Swayable,C,342,lv,lv,Online,U.S. Senate,0,Class II,10/23/20,10/26/20,11/3/20,,0,,,0,0,10/30/20 07:55,,https://www.swayable.com/polls/2020-10-28.html,general,6271,Perdue,14568,David A. Perdue,REP,49.4
547,135653,72299,2020,Georgia,1522,Swayable,,,Swayable,543,Swayable,C,342,lv,lv,Online,U.S. Senate,0,Class II,10/23/20,10/26/20,11/3/20,,0,,,0,0,10/30/20 07:55,,https://www.swayable.com/polls/2020-10-28.html,general,6271,Hazel,14572,Shane Hazel,LIB,2.8
548,135654,72302,2020,Michigan,1522,Swayable,,,Swayable,543,Swayable,C,365,lv,lv,Online,U.S. Senate,2,Class II,10/23/20,10/26/20,11/3/20,,0,,,0,0,10/30/20 07:55,,https://www.swayable.com/polls/2020-10-28.html,general,6280,Peters,13453,Gary C. Peters,DEM,58.4
549,135654,72302,2020,Michigan,1522,Swayable,,,Swayable,543,Swayable,C,365,lv,lv,Online,U.S. Senate,2,Class II,10/23/20,10/26/20,11/3/20,,0,,,0,0,10/30/20 07:55,,https://www.swayable.com/polls/2020-10-28.html,general,6280,James,13454,John James,REP,41.6
550,135655,72303,2020,North Carolina,1522,Swayable,,,Swayable,543,Swayable,C,363,lv,lv,Online,U.S. Senate,0,Class II,10/23/20,10/26/20,11/3/20,,0,,,0,0,10/30/20 07:55,,https://www.swayable.com/polls/2020-10-28.html,general,6284,Cunningham,13468,Cal Cunningham,DEM,49.7
551,135655,72303,2020,North Carolina,1522,Swayable,,,Swayable,543,Swayable,C,363,lv,lv,Online,U.S. Senate,0,Class II,10/23/20,10/26/20,11/3/20,,0,,,0,0,10/30/20 07:55,,https://www.swayable.com/polls/2020-10-28.html,general,6284,Tillis,13461,Thom Tillis,REP,50.3
552,135656,72304,2020,New Jersey,1522,Swayable,,,Swayable,543,Swayable,C,363,lv,lv,Online,U.S. Senate,2,Class II,10/23/20,10/26/20,11/3/20,,0,,,0,0,10/30/20 07:55,,https://www.swayable.com/polls/2020-10-28.html,general,6287,Booker,14564,Cory A. Booker,DEM,61.0
553,135656,72304,2020,New Jersey,1522,Swayable,,,Swayable,543,Swayable,C,363,lv,lv,Online,U.S. Senate,2,Class II,10/23/20,10/26/20,11/3/20,,0,,,0,0,10/30/20 07:55,,https://www.swayable.com/polls/2020-10-28.html,general,6287,Mehta,14565,Rikin Mehta,REP,39.0
554,135652,72308,2020,Texas,1522,Swayable,,,Swayable,543,Swayable,C,492,lv,lv,Online,U.S. Senate,2,Class II,10/23/20,10/26/20,11/3/20,,0,,,0,0,10/30/20 07:55,,https://www.swayable.com/polls/2020-10-28.html,general,6295,Hegar,13459,Mary Jennings Hegar,DEM,47.6
555,135652,72308,2020,Texas,1522,Swayable,,,Swayable,543,Swayable,C,492,lv,lv,Online,U.S. Senate,2,Class II,10/23/20,10/26/20,11/3/20,,0,,,0,0,10/30/20 07:55,,https://www.swayable.com/polls/2020-10-28.html,general,6295,Cornyn,13444,John Cornyn,REP,52.4
556,135657,72309,2020,Virginia,1522,Swayable,,,Swayable,543,Swayable,C,332,lv,lv,Online,U.S. Senate,2,Class II,10/23/20,10/26/20,11/3/20,,0,,,0,0,10/30/20 07:56,,https://www.swayable.com/polls/2020-10-28.html,general,6296,Warner,14760,Mark R. Warner,DEM,59.7
557,135657,72309,2020,Virginia,1522,Swayable,,,Swayable,543,Swayable,C,332,lv,lv,Online,U.S. Senate,2,Class II,10/23/20,10/26/20,11/3/20,,0,,,0,0,10/30/20 07:56,,https://www.swayable.com/polls/2020-10-28.html,general,6296,Gade,15688,Daniel M. Gade,REP,40.3
558,135093,72058,2020,Michigan,744,Ipsos,71,Reuters,Ipsos,154,Ipsos,B-,652,lv,lv,Online,U.S. Senate,2,Class II,10/20/20,10/26/20,11/3/20,,0,,,0,0,10/27/20 15:56,,https://www.ipsos.com/sites/default/files/ct/news/documents/2020-10/topline_reuters_michigan_state_poll_w5_10_27_2020.pdf,general,6280,Peters,13453,Gary C. Peters,DEM,50.0
559,135093,72058,2020,Michigan,744,Ipsos,71,Reuters,Ipsos,154,Ipsos,B-,652,lv,lv,Online,U.S. Senate,2,Class II,10/20/20,10/26/20,11/3/20,,0,,,0,0,10/27/20 15:56,,https://www.ipsos.com/sites/default/files/ct/news/documents/2020-10/topline_reuters_michigan_state_poll_w5_10_27_2020.pdf,general,6280,James,13454,John James,REP,44.0
560,135451,72206,2020,Texas,1234,University of Massachusetts Lowell,,,University of Massachusetts Lowell,355,University of Massachusetts Lowell,B+,873,lv,lv,Online,U.S. Senate,2,Class II,10/20/20,10/26/20,11/3/20,,0,,,0,0,10/29/20 12:46,,https://www.uml.edu/docs/2020-Texas-Oct-Topline_tcm18-331627.pdf,general,6295,Hegar,13459,Mary Jennings Hegar,DEM,44.0
561,135451,72206,2020,Texas,1234,University of Massachusetts Lowell,,,University of Massachusetts Lowell,355,University of Massachusetts Lowell,B+,873,lv,lv,Online,U.S. Senate,2,Class II,10/20/20,10/26/20,11/3/20,,0,,,0,0,10/29/20 12:46,,https://www.uml.edu/docs/2020-Texas-Oct-Topline_tcm18-331627.pdf,general,6295,Cornyn,13444,John Cornyn,REP,49.0
562,135452,72207,2020,North Carolina,1234,University of Massachusetts Lowell,,,University of Massachusetts Lowell,355,University of Massachusetts Lowell,B+,911,lv,lv,Online,U.S. Senate,0,Class II,10/20/20,10/26/20,11/3/20,,0,,,0,0,10/29/20 12:47,,https://www.uml.edu/docs/2020-NC-Oct-Topline_tcm18-331629.pdf,general,6284,Cunningham,13468,Cal Cunningham,DEM,49.0
563,135452,72207,2020,North Carolina,1234,University of Massachusetts Lowell,,,University of Massachusetts Lowell,355,University of Massachusetts Lowell,B+,911,lv,lv,Online,U.S. Senate,0,Class II,10/20/20,10/26/20,11/3/20,,0,,,0,0,10/29/20 12:47,,https://www.uml.edu/docs/2020-NC-Oct-Topline_tcm18-331629.pdf,general,6284,Tillis,13461,Thom Tillis,REP,45.0
564,135453,72208,2020,New Hampshire,1234,University of Massachusetts Lowell,,,University of Massachusetts Lowell,355,University of Massachusetts Lowell,B+,757,lv,lv,Online,U.S. Senate,0,Class II,10/16/20,10/26/20,11/3/20,,0,,,0,0,10/29/20 12:47,,https://www.uml.edu/docs/2020-NH-Oct-Topline_tcm18-331636.pdf,general,6286,Shaheen,13448,Jeanne Shaheen,DEM,57.0
565,135453,72208,2020,New Hampshire,1234,University of Massachusetts Lowell,,,University of Massachusetts Lowell,355,University of Massachusetts Lowell,B+,757,lv,lv,Online,U.S. Senate,0,Class II,10/16/20,10/26/20,11/3/20,,0,,,0,0,10/29/20 12:47,,https://www.uml.edu/docs/2020-NH-Oct-Topline_tcm18-331636.pdf,general,6286,Messner,14492,Corky Messner,REP,38.0
566,135317,72157,2020,South Carolina,1516,East Carolina University,,,East Carolina University,523,East Carolina University,B/C,763,lv,lv,IVR/Online,U.S. Senate,0,Class II,10/24/20,10/25/20,11/3/20,,0,,,0,0,10/28/20 14:38,,https://surveyresearch-ecu.reportablenews.com/pr/ecu-poll-of-south-carolina-graham-with-a-narrow-lead-over-harrison-among-likely-voters-trump-ahead-of-biden-as-election-day-nears,general,6292,Harrison,13457,Jaime Harrison,DEM,47.44
567,135317,72157,2020,South Carolina,1516,East Carolina University,,,East Carolina University,523,East Carolina University,B/C,763,lv,lv,IVR/Online,U.S. Senate,0,Class II,10/24/20,10/25/20,11/3/20,,0,,,0,0,10/28/20 14:38,,https://surveyresearch-ecu.reportablenews.com/pr/ecu-poll-of-south-carolina-graham-with-a-narrow-lead-over-harrison-among-likely-voters-trump-ahead-of-biden-as-election-day-nears,general,6292,Graham,13458,Lindsey Graham,REP,49.28
568,135139,72065,2020,Michigan,176,Glengariff Group,"167,168",Detroit News | WDIV-TV,Glengariff Group,117,Glengariff Group,B/C,600,lv,lv,Live Phone,U.S. Senate,2,Class II,10/23/20,10/25/20,11/3/20,,0,,,0,0,10/28/20 08:02,,https://www.clickondetroit.com/decision-2020/2020/10/28/poll-gary-peters-opens-nearly-10-point-lead-on-john-james-in-michigan-us-senate-race/,general,6280,Peters,13453,Gary C. Peters,DEM,48.4
569,135139,72065,2020,Michigan,176,Glengariff Group,"167,168",Detroit News | WDIV-TV,Glengariff Group,117,Glengariff Group,B/C,600,lv,lv,Live Phone,U.S. Senate,2,Class II,10/23/20,10/25/20,11/3/20,,0,,,0,0,10/28/20 08:02,,https://www.clickondetroit.com/decision-2020/2020/10/28/poll-gary-peters-opens-nearly-10-point-lead-on-john-james-in-michigan-us-senate-race/,general,6280,James,13454,John James,REP,38.8
570,134886,71957,2020,Texas,1515,Data for Progress,"1155,1452",Crooked Media | Indivisible,Data for Progress,522,Data for Progress,B,1018,lv,lv,Online,U.S. Senate,2,Class II,10/22/20,10/25/20,11/3/20,,0,DEM,,0,0,10/26/20 11:53,,https://filesforprogress.org/memos/2020-senate-project/week-6/dfp_psp_tx_10.26.pdf,general,6295,Hegar,13459,Mary Jennings Hegar,DEM,46.0
571,134886,71957,2020,Texas,1515,Data for Progress,"1155,1452",Crooked Media | Indivisible,Data for Progress,522,Data for Progress,B,1018,lv,lv,Online,U.S. Senate,2,Class II,10/22/20,10/25/20,11/3/20,,0,DEM,,0,0,10/26/20 11:53,,https://filesforprogress.org/memos/2020-senate-project/week-6/dfp_psp_tx_10.26.pdf,general,6295,Cornyn,13444,John Cornyn,REP,48.0
572,134886,71957,2020,Texas,1515,Data for Progress,"1155,1452",Crooked Media | Indivisible,Data for Progress,522,Data for Progress,B,1018,lv,lv,Online,U.S. Senate,2,Class II,10/22/20,10/25/20,11/3/20,,0,DEM,,0,0,10/26/20 11:53,,https://filesforprogress.org/memos/2020-senate-project/week-6/dfp_psp_tx_10.26.pdf,general,6295,Turullols-Bonilla,15683,Ricardo Turullols-Bonilla,IND,1.0
573,134886,71957,2020,Texas,1515,Data for Progress,"1155,1452",Crooked Media | Indivisible,Data for Progress,522,Data for Progress,B,1018,lv,lv,Online,U.S. Senate,2,Class II,10/22/20,10/25/20,11/3/20,,0,DEM,,0,0,10/26/20 11:53,,https://filesforprogress.org/memos/2020-senate-project/week-6/dfp_psp_tx_10.26.pdf,general,6295,McKennon,15835,Kerry Douglas McKennon,LIB,1.0
574,135086,72055,2020,Arizona,1293,OH Predictive Insights,,,OH Predictive Insights,235,OH Predictive Insights,B/C,716,lv,lv,Live Phone,U.S. Senate,2,Class III,10/22/20,10/25/20,11/3/20,,0,,,0,0,10/27/20 14:38,,https://ohpredictive.com/press-releases/poll-biden-maintains-small-lead-in-arizona/,general,6268,Kelly,13445,Mark Kelly,DEM,50.0
575,135086,72055,2020,Arizona,1293,OH Predictive Insights,,,OH Predictive Insights,235,OH Predictive Insights,B/C,716,lv,lv,Live Phone,U.S. Senate,2,Class III,10/22/20,10/25/20,11/3/20,,0,,,0,0,10/27/20 14:38,,https://ohpredictive.com/press-releases/poll-biden-maintains-small-lead-in-arizona/,general,6268,McSally,13446,Martha McSally,REP,45.0
576,135269,72139,2020,North Carolina,988,Harper Polling,158,Civitas Institute,Harper Polling,132,Harper Polling,B/C,504,lv,lv,Live Phone,U.S. Senate,0,Class II,10/22/20,10/25/20,11/3/20,,0,,,0,0,10/28/20 11:13,,https://www.nccivitas.org/polling/biden-razor-thin-lead-trump/,general,6284,Cunningham,13468,Cal Cunningham,DEM,46.0
577,135269,72139,2020,North Carolina,988,Harper Polling,158,Civitas Institute,Harper Polling,132,Harper Polling,B/C,504,lv,lv,Live Phone,U.S. Senate,0,Class II,10/22/20,10/25/20,11/3/20,,0,,,0,0,10/28/20 11:13,,https://www.nccivitas.org/polling/biden-razor-thin-lead-trump/,general,6284,Tillis,13461,Thom Tillis,REP,43.0
578,135269,72139,2020,North Carolina,988,Harper Polling,158,Civitas Institute,Harper Polling,132,Harper Polling,B/C,504,lv,lv,Live Phone,U.S. Senate,0,Class II,10/22/20,10/25/20,11/3/20,,0,,,0,0,10/28/20 11:13,,https://www.nccivitas.org/polling/biden-razor-thin-lead-trump/,general,6284,Bray,14557,Shannon Wilson Bray,LIB,2.0
579,135269,72139,2020,North Carolina,988,Harper Polling,158,Civitas Institute,Harper Polling,132,Harper Polling,B/C,504,lv,lv,Live Phone,U.S. Senate,0,Class II,10/22/20,10/25/20,11/3/20,,0,,,0,0,10/28/20 11:13,,https://www.nccivitas.org/polling/biden-razor-thin-lead-trump/,general,6284,Hayes,14558,Kevin Eugene Hayes,CON,1.0
580,135337,72161,2020,Arizona,1636,The Justice Collaborative Institute,,,The Justice Collaborative Institute,630,The Justice Collaborative Institute,B/C,1007,rv,rv,Online,U.S. Senate,2,Class III,10/22/20,10/25/20,11/3/20,,0,,,0,0,10/28/20 16:52,,https://tjcinstitute.com/wp-content/uploads/2020/10/From-President-and-Senate-to-County-Attorney-and-Sheriff-Democrats-Lead-Up-and-Down-the-Ballot-in-Arizona-1.pdf,general,6268,Kelly,13445,Mark Kelly,DEM,50.0
581,135337,72161,2020,Arizona,1636,The Justice Collaborative Institute,,,The Justice Collaborative Institute,630,The Justice Collaborative Institute,B/C,1007,rv,rv,Online,U.S. Senate,2,Class III,10/22/20,10/25/20,11/3/20,,0,,,0,0,10/28/20 16:52,,https://tjcinstitute.com/wp-content/uploads/2020/10/From-President-and-Senate-to-County-Attorney-and-Sheriff-Democrats-Lead-Up-and-Down-the-Ballot-in-Arizona-1.pdf,general,6268,McSally,13446,Martha McSally,REP,40.0
582,135130,72076,2020,Maine,1595,Colby College,,,Colby College,593,Colby College,B/C,879,lv,lv,Live Phone/Online,U.S. Senate,2,Class II,10/21/20,10/25/20,11/3/20,,0,,,0,0,10/28/20 07:47,,https://docs.google.com/spreadsheets/d/1JcpvID4F9MyFxovFcWd_Mm8oP4W4OKi-w2kGyCxZaVU/edit#gid=892296324,general,6279,Gideon,13455,Sara Gideon,DEM,46.6
583,135130,72076,2020,Maine,1595,Colby College,,,Colby College,593,Colby College,B/C,879,lv,lv,Live Phone/Online,U.S. Senate,2,Class II,10/21/20,10/25/20,11/3/20,,0,,,0,0,10/28/20 07:47,,https://docs.google.com/spreadsheets/d/1JcpvID4F9MyFxovFcWd_Mm8oP4W4OKi-w2kGyCxZaVU/edit#gid=892296324,general,6279,Collins,13456,Susan M. Collins,REP,43.4
584,135130,72076,2020,Maine,1595,Colby College,,,Colby College,593,Colby College,B/C,879,lv,lv,Live Phone/Online,U.S. Senate,2,Class II,10/21/20,10/25/20,11/3/20,,0,,,0,0,10/28/20 07:47,,https://docs.google.com/spreadsheets/d/1JcpvID4F9MyFxovFcWd_Mm8oP4W4OKi-w2kGyCxZaVU/edit#gid=892296324,general,6279,Linn,14691,Max Linn,IND,1.7
585,135130,72076,2020,Maine,1595,Colby College,,,Colby College,593,Colby College,B/C,879,lv,lv,Live Phone/Online,U.S. Senate,2,Class II,10/21/20,10/25/20,11/3/20,,0,,,0,0,10/28/20 07:47,,https://docs.google.com/spreadsheets/d/1JcpvID4F9MyFxovFcWd_Mm8oP4W4OKi-w2kGyCxZaVU/edit#gid=892296324,general,6279,Savage,14690,Lisa Savage,IND,4.7
586,134908,71967,2020,Texas,1424,Siena College/The New York Times Upshot,,,Siena College/The New York Times Upshot,448,Siena College/The New York Times Upshot,A+,802,lv,lv,Live Phone,U.S. Senate,2,Class II,10/20/20,10/25/20,11/3/20,,0,,,0,0,10/26/20 13:03,,https://int.nyt.com/data/documenttools/tx102020-crosstabs-1/a1e2440aa9de6f2e/full.pdf,general,6295,Hegar,13459,Mary Jennings Hegar,DEM,38.0
587,134908,71967,2020,Texas,1424,Siena College/The New York Times Upshot,,,Siena College/The New York Times Upshot,448,Siena College/The New York Times Upshot,A+,802,lv,lv,Live Phone,U.S. Senate,2,Class II,10/20/20,10/25/20,11/3/20,,0,,,0,0,10/26/20 13:03,,https://int.nyt.com/data/documenttools/tx102020-crosstabs-1/a1e2440aa9de6f2e/full.pdf,general,6295,Cornyn,13444,John Cornyn,REP,48.0
588,134908,71967,2020,Texas,1424,Siena College/The New York Times Upshot,,,Siena College/The New York Times Upshot,448,Siena College/The New York Times Upshot,A+,802,lv,lv,Live Phone,U.S. Senate,2,Class II,10/20/20,10/25/20,11/3/20,,0,,,0,0,10/26/20 13:03,,https://int.nyt.com/data/documenttools/tx102020-crosstabs-1/a1e2440aa9de6f2e/full.pdf,general,6295,McKennon,15835,Kerry Douglas McKennon,LIB,4.0
589,135125,72074,2020,Michigan,11,ABC News/The Washington Post,378,The Washington Post,ABC News/The Washington Post,3,ABC News/The Washington Post,A+,902,rv,rv,Live Phone,U.S. Senate,2,Class II,10/20/20,10/25/20,11/3/20,,0,,,0,0,10/28/20 07:25,,https://www.langerresearch.com/wp-content/uploads/1216a52020StateBattlegrounds-MIWI.pdf,general,6280,Peters,13453,Gary C. Peters,DEM,49.0
590,135125,72074,2020,Michigan,11,ABC News/The Washington Post,378,The Washington Post,ABC News/The Washington Post,3,ABC News/The Washington Post,A+,902,rv,rv,Live Phone,U.S. Senate,2,Class II,10/20/20,10/25/20,11/3/20,,0,,,0,0,10/28/20 07:25,,https://www.langerresearch.com/wp-content/uploads/1216a52020StateBattlegrounds-MIWI.pdf,general,6280,James,13454,John James,REP,45.0
591,135126,72074,2020,Michigan,11,ABC News/The Washington Post,378,The Washington Post,ABC News/The Washington Post,3,ABC News/The Washington Post,A+,789,lv,lv,Live Phone,U.S. Senate,2,Class II,10/20/20,10/25/20,11/3/20,,0,,,0,0,10/28/20 07:25,,https://www.langerresearch.com/wp-content/uploads/1216a52020StateBattlegrounds-MIWI.pdf,general,6280,Peters,13453,Gary C. Peters,DEM,52.0
592,135126,72074,2020,Michigan,11,ABC News/The Washington Post,378,The Washington Post,ABC News/The Washington Post,3,ABC News/The Washington Post,A+,789,lv,lv,Live Phone,U.S. Senate,2,Class II,10/20/20,10/25/20,11/3/20,,0,,,0,0,10/28/20 07:25,,https://www.langerresearch.com/wp-content/uploads/1216a52020StateBattlegrounds-MIWI.pdf,general,6280,James,13454,John James,REP,46.0
593,135278,72147,2020,Arizona,1640,Univision/Latino Decisions/North Star Opinion Research,501,Arizona State,Univision/Latino Decisions/North Star Opinion Research,516,Univision/Latino Decisions/North Star Opinion Research,B/C,725,rv,rv,Live Phone/Online,U.S. Senate,2,Class III,10/17/20,10/25/20,11/3/20,,0,,,0,0,10/28/20 13:00,,https://st1.uvnimg.com/33/8f/ed1016da4a5fb16ec7e34cd5568a/univision-crosstabs-october-final.pdf,general,6268,Kelly,13445,Mark Kelly,DEM,51.0
594,135278,72147,2020,Arizona,1640,Univision/Latino Decisions/North Star Opinion Research,501,Arizona State,Univision/Latino Decisions/North Star Opinion Research,516,Univision/Latino Decisions/North Star Opinion Research,B/C,725,rv,rv,Live Phone/Online,U.S. Senate,2,Class III,10/17/20,10/25/20,11/3/20,,0,,,0,0,10/28/20 13:00,,https://st1.uvnimg.com/33/8f/ed1016da4a5fb16ec7e34cd5568a/univision-crosstabs-october-final.pdf,general,6268,McSally,13446,Martha McSally,REP,39.0
595,135279,72149,2020,Texas,1499,Univision/Latino Decisions/North Star Opinion Research,1245,University of Houston,Univision/Latino Decisions/North Star Opinion Research,516,Univision/Latino Decisions/North Star Opinion Research,B/C,758,rv,rv,Live Phone/Online,U.S. Senate,2,Class II,10/17/20,10/25/20,11/3/20,,0,,,0,0,10/28/20 13:00,,https://st1.uvnimg.com/33/8f/ed1016da4a5fb16ec7e34cd5568a/univision-crosstabs-october-final.pdf,general,6295,Hegar,13459,Mary Jennings Hegar,DEM,40.0
596,135279,72149,2020,Texas,1499,Univision/Latino Decisions/North Star Opinion Research,1245,University of Houston,Univision/Latino Decisions/North Star Opinion Research,516,Univision/Latino Decisions/North Star Opinion Research,B/C,758,rv,rv,Live Phone/Online,U.S. Senate,2,Class II,10/17/20,10/25/20,11/3/20,,0,,,0,0,10/28/20 13:00,,https://st1.uvnimg.com/33/8f/ed1016da4a5fb16ec7e34cd5568a/univision-crosstabs-october-final.pdf,general,6295,Cornyn,13444,John Cornyn,REP,45.0
597,134749,71890,2020,Michigan,801,Gravis Marketing,,,Gravis Marketing,124,Gravis Marketing,B,679,lv,lv,IVR/Online,U.S. Senate,2,Class II,10/24/20,10/24/20,11/3/20,,0,,,0,0,10/25/20 10:54,,https://www.scribd.com/document/481525992/Michigan-October-24-2020,general,6280,Peters,13453,Gary C. Peters,DEM,52.0
598,134749,71890,2020,Michigan,801,Gravis Marketing,,,Gravis Marketing,124,Gravis Marketing,B,679,lv,lv,IVR/Online,U.S. Senate,2,Class II,10/24/20,10/24/20,11/3/20,,0,,,0,0,10/25/20 10:54,,https://www.scribd.com/document/481525992/Michigan-October-24-2020,general,6280,James,13454,John James,REP,41.0
599,135343,72063,2020,Iowa,1256,RABA Research,1185,Nexstar,RABA Research,269,RABA Research,B/C,693,lv,lv,Live Phone,U.S. Senate,0,Class II,10/21/20,10/24/20,11/3/20,,0,,,0,0,10/28/20 17:15,,https://www.iowa.media/2020/10/28/theresa-greenfield-leads-ernst-by-six-points-in-new-iowa-poll/,general,6272,Greenfield,13466,Theresa Greenfield,DEM,51.0
600,135343,72063,2020,Iowa,1256,RABA Research,1185,Nexstar,RABA Research,269,RABA Research,B/C,693,lv,lv,Live Phone,U.S. Senate,0,Class II,10/21/20,10/24/20,11/3/20,,0,,,0,0,10/28/20 17:15,,https://www.iowa.media/2020/10/28/theresa-greenfield-leads-ernst-by-six-points-in-new-iowa-poll/,general,6272,Ernst,13467,Joni K. Ernst,REP,45.0
601,135111,72067,2020,Arizona,1422,Patinkin Research Strategies,"1498,1499",Arizona Research Consortium | Arizona Wins,Patinkin Research Strategies,490,Patinkin Research Strategies,B/C,729,lv,lv,Live Phone/Online,U.S. Senate,2,Class III,10/21/20,10/24/20,11/3/20,,0,DEM,,0,0,10/27/20 19:48,,https://projects.fivethirtyeight.com/polls/20201027_AZ_Patinkin.pdf,general,6268,Kelly,13445,Mark Kelly,DEM,53.0
602,135111,72067,2020,Arizona,1422,Patinkin Research Strategies,"1498,1499",Arizona Research Consortium | Arizona Wins,Patinkin Research Strategies,490,Patinkin Research Strategies,B/C,729,lv,lv,Live Phone/Online,U.S. Senate,2,Class III,10/21/20,10/24/20,11/3/20,,0,DEM,,0,0,10/27/20 19:48,,https://projects.fivethirtyeight.com/polls/20201027_AZ_Patinkin.pdf,general,6268,McSally,13446,Martha McSally,REP,46.0
603,135340,72162,2020,Montana,328,Montana State University Billings,,,Montana State University Billings,216,Montana State University Billings,B/C,546,lv,lv,Live Phone,U.S. Senate,2,Class II,10/19/20,10/24/20,11/3/20,,0,,,0,0,10/28/20 17:05,,http://www.msubillings.edu/class/nams/polls/2020-mountain-states-poll-report.pdf,general,6283,Bullock,14517,Steve Bullock,DEM,48.0
604,135340,72162,2020,Montana,328,Montana State University Billings,,,Montana State University Billings,216,Montana State University Billings,B/C,546,lv,lv,Live Phone,U.S. Senate,2,Class II,10/19/20,10/24/20,11/3/20,,0,,,0,0,10/28/20 17:05,,http://www.msubillings.edu/class/nams/polls/2020-mountain-states-poll-report.pdf,general,6283,Daines,14518,Steve Daines,REP,47.0
605,135439,72205,2020,New Jersey,424,Rutgers University,,,Rutgers University,295,Rutgers University,B/C,972,rv,rv,Live Phone,U.S. Senate,2,Class II,10/18/20,10/24/20,11/3/20,,0,,,0,0,10/29/20 12:36,,https://eagletonpoll.rutgers.edu/wp-content/uploads/2020/10/Rutgers-Eagleton-Poll-2020-Election-October-29-2020.pdf,general,6287,Booker,14564,Cory A. Booker,DEM,59.0
606,135439,72205,2020,New Jersey,424,Rutgers University,,,Rutgers University,295,Rutgers University,B/C,972,rv,rv,Live Phone,U.S. Senate,2,Class II,10/18/20,10/24/20,11/3/20,,0,,,0,0,10/29/20 12:36,,https://eagletonpoll.rutgers.edu/wp-content/uploads/2020/10/Rutgers-Eagleton-Poll-2020-Election-October-29-2020.pdf,general,6287,Mehta,14565,Rikin Mehta,REP,30.0
607,135440,72205,2020,New Jersey,424,Rutgers University,,,Rutgers University,295,Rutgers University,B/C,872,lv,lv,Live Phone,U.S. Senate,2,Class II,10/18/20,10/24/20,11/3/20,,0,,,0,0,10/29/20 12:36,,https://eagletonpoll.rutgers.edu/wp-content/uploads/2020/10/Rutgers-Eagleton-Poll-2020-Election-October-29-2020.pdf,general,6287,Booker,14564,Cory A. Booker,DEM,61.0
608,135440,72205,2020,New Jersey,424,Rutgers University,,,Rutgers University,295,Rutgers University,B/C,872,lv,lv,Live Phone,U.S. Senate,2,Class II,10/18/20,10/24/20,11/3/20,,0,,,0,0,10/29/20 12:36,,https://eagletonpoll.rutgers.edu/wp-content/uploads/2020/10/Rutgers-Eagleton-Poll-2020-Election-October-29-2020.pdf,general,6287,Mehta,14565,Rikin Mehta,REP,31.0
609,135871,72412,2020,Arizona,1243,Y2 Analytics,,,Y2 Analytics,389,Y2 Analytics,B/C,700,lv,lv,Live Phone/Online,U.S. Senate,2,Class III,10/15/20,10/24/20,11/3/20,,0,,,0,0,10/31/20 17:22,,https://www.sltrib.com/news/politics/2020/10/31/trump-up-over-biden-new/,general,6268,Kelly,13445,Mark Kelly,DEM,51.0
610,135871,72412,2020,Arizona,1243,Y2 Analytics,,,Y2 Analytics,389,Y2 Analytics,B/C,700,lv,lv,Live Phone/Online,U.S. Senate,2,Class III,10/15/20,10/24/20,11/3/20,,0,,,0,0,10/31/20 17:22,,https://www.sltrib.com/news/politics/2020/10/31/trump-up-over-biden-new/,general,6268,McSally,13446,Martha McSally,REP,47.0
611,134888,71959,2020,Alabama,1347,Cygnal,1479,Ready Education Network,Cygnal,67,Cygnal,B+,645,lv,lv,Live Phone/Online/Text,U.S. Senate,0,Class II,10/21/20,10/23/20,11/3/20,,0,,,0,0,10/26/20 11:58,,https://www.cygn.al/cygnal-poll-tuberville-up-14-points-in-alabama-senate-race/,general,6266,Jones,13612,Doug Jones,DEM,41.1
612,134888,71959,2020,Alabama,1347,Cygnal,1479,Ready Education Network,Cygnal,67,Cygnal,B+,645,lv,lv,Live Phone/Online/Text,U.S. Senate,0,Class II,10/21/20,10/23/20,11/3/20,,0,,,0,0,10/26/20 11:58,,https://www.cygn.al/cygnal-poll-tuberville-up-14-points-in-alabama-senate-race/,general,6266,Tuberville,13614,Tommy Tuberville,REP,54.7
613,134751,71888,2020,Georgia,568,YouGov,133,CBS News,YouGov,391,YouGov,B+,1090,lv,lv,Online,U.S. Senate,0,Class II,10/20/20,10/23/20,11/3/20,,0,,,0,0,10/25/20 11:08,,https://drive.google.com/file/d/1jZ9sY9pNj52MdJPsN9MW4KHKvDsjNC9c/view,general,6271,Ossoff,14567,Jon Ossoff,DEM,46.0
614,134751,71888,2020,Georgia,568,YouGov,133,CBS News,YouGov,391,YouGov,B+,1090,lv,lv,Online,U.S. Senate,0,Class II,10/20/20,10/23/20,11/3/20,,0,,,0,0,10/25/20 11:08,,https://drive.google.com/file/d/1jZ9sY9pNj52MdJPsN9MW4KHKvDsjNC9c/view,general,6271,Perdue,14568,David A. Perdue,REP,47.0
615,134750,71889,2020,North Carolina,568,YouGov,133,CBS News,YouGov,391,YouGov,B+,1022,lv,lv,Online,U.S. Senate,0,Class II,10/20/20,10/23/20,11/3/20,,0,,,0,0,10/25/20 11:08,,https://drive.google.com/file/d/120niJzXNDssyJDgqzt-EgHEqarQgnY_8/view,general,6284,Cunningham,13468,Cal Cunningham,DEM,49.0
616,134750,71889,2020,North Carolina,568,YouGov,133,CBS News,YouGov,391,YouGov,B+,1022,lv,lv,Online,U.S. Senate,0,Class II,10/20/20,10/23/20,11/3/20,,0,,,0,0,10/25/20 11:08,,https://drive.google.com/file/d/120niJzXNDssyJDgqzt-EgHEqarQgnY_8/view,general,6284,Tillis,13461,Thom Tillis,REP,43.0
617,134859,71944,2020,Georgia,847,University of Georgia School of Public and International Affairs,655,Atlanta Journal-Constitution,University of Georgia School of Public and International Affairs,350,University of Georgia School of Public and International Affairs,B/C,1145,lv,lv,Live Phone,U.S. Senate,0,Class II,10/14/20,10/23/20,11/3/20,,0,,,0,0,10/26/20 07:35,,https://www.ajc.com/politics/ajc-poll-shows-deadlocked-races-for-president-senate-seats-in-georgia/4MTSM6V3CFALJFQCYWF3X2TAHA/,general,6271,Ossoff,14567,Jon Ossoff,DEM,46.3
618,134859,71944,2020,Georgia,847,University of Georgia School of Public and International Affairs,655,Atlanta Journal-Constitution,University of Georgia School of Public and International Affairs,350,University of Georgia School of Public and International Affairs,B/C,1145,lv,lv,Live Phone,U.S. Senate,0,Class II,10/14/20,10/23/20,11/3/20,,0,,,0,0,10/26/20 07:35,,https://www.ajc.com/politics/ajc-poll-shows-deadlocked-races-for-president-senate-seats-in-georgia/4MTSM6V3CFALJFQCYWF3X2TAHA/,general,6271,Perdue,14568,David A. Perdue,REP,45.2
619,134859,71944,2020,Georgia,847,University of Georgia School of Public and International Affairs,655,Atlanta Journal-Constitution,University of Georgia School of Public and International Affairs,350,University of Georgia School of Public and International Affairs,B/C,1145,lv,lv,Live Phone,U.S. Senate,0,Class II,10/14/20,10/23/20,11/3/20,,0,,,0,0,10/26/20 07:35,,https://www.ajc.com/politics/ajc-poll-shows-deadlocked-races-for-president-senate-seats-in-georgia/4MTSM6V3CFALJFQCYWF3X2TAHA/,general,6271,Hazel,14572,Shane Hazel,LIB,3.8
620,134860,71944,2020,Georgia,847,University of Georgia School of Public and International Affairs,655,Atlanta Journal-Constitution,University of Georgia School of Public and International Affairs,350,University of Georgia School of Public and International Affairs,B/C,1145,lv,lv,Live Phone,U.S. Senate,2,Class III,10/14/20,10/23/20,11/3/20,,0,,,0,0,10/26/20 07:35,,https://www.ajc.com/politics/ajc-poll-shows-deadlocked-races-for-president-senate-seats-in-georgia/4MTSM6V3CFALJFQCYWF3X2TAHA/,jungle primary,7780,Warnock,14489,Raphael Warnock,DEM,34.4
621,134860,71944,2020,Georgia,847,University of Georgia School of Public and International Affairs,655,Atlanta Journal-Constitution,University of Georgia School of Public and International Affairs,350,University of Georgia School of Public and International Affairs,B/C,1145,lv,lv,Live Phone,U.S. Senate,2,Class III,10/14/20,10/23/20,11/3/20,,0,,,0,0,10/26/20 07:35,,https://www.ajc.com/politics/ajc-poll-shows-deadlocked-races-for-president-senate-seats-in-georgia/4MTSM6V3CFALJFQCYWF3X2TAHA/,jungle primary,7780,Loeffler,13671,Kelly Loeffler,REP,20.1
622,134860,71944,2020,Georgia,847,University of Georgia School of Public and International Affairs,655,Atlanta Journal-Constitution,University of Georgia School of Public and International Affairs,350,University of Georgia School of Public and International Affairs,B/C,1145,lv,lv,Live Phone,U.S. Senate,2,Class III,10/14/20,10/23/20,11/3/20,,0,,,0,0,10/26/20 07:35,,https://www.ajc.com/politics/ajc-poll-shows-deadlocked-races-for-president-senate-seats-in-georgia/4MTSM6V3CFALJFQCYWF3X2TAHA/,jungle primary,7780,Collins,13669,Doug Collins,REP,20.6
623,134860,71944,2020,Georgia,847,University of Georgia School of Public and International Affairs,655,Atlanta Journal-Constitution,University of Georgia School of Public and International Affairs,350,University of Georgia School of Public and International Affairs,B/C,1145,lv,lv,Live Phone,U.S. Senate,2,Class III,10/14/20,10/23/20,11/3/20,,0,,,0,0,10/26/20 07:35,,https://www.ajc.com/politics/ajc-poll-shows-deadlocked-races-for-president-senate-seats-in-georgia/4MTSM6V3CFALJFQCYWF3X2TAHA/,jungle primary,7780,Lieberman,13670,Matthew Lieberman,DEM,3.9
624,134860,71944,2020,Georgia,847,University of Georgia School of Public and International Affairs,655,Atlanta Journal-Constitution,University of Georgia School of Public and International Affairs,350,University of Georgia School of Public and International Affairs,B/C,1145,lv,lv,Live Phone,U.S. Senate,2,Class III,10/14/20,10/23/20,11/3/20,,0,,,0,0,10/26/20 07:35,,https://www.ajc.com/politics/ajc-poll-shows-deadlocked-races-for-president-senate-seats-in-georgia/4MTSM6V3CFALJFQCYWF3X2TAHA/,jungle primary,7780,Tarver,14490,Ed Tarver,DEM,1.2
625,134860,71944,2020,Georgia,847,University of Georgia School of Public and International Affairs,655,Atlanta Journal-Constitution,University of Georgia School of Public and International Affairs,350,University of Georgia School of Public and International Affairs,B/C,1145,lv,lv,Live Phone,U.S. Senate,2,Class III,10/14/20,10/23/20,11/3/20,,0,,,0,0,10/26/20 07:35,,https://www.ajc.com/politics/ajc-poll-shows-deadlocked-races-for-president-senate-seats-in-georgia/4MTSM6V3CFALJFQCYWF3X2TAHA/,jungle primary,7780,Slowinski,14549,Brian Richard Slowinski,LIB,3.4
626,134287,71679,2020,Michigan,383,Public Policy Polling,1484,American Bridge 21st Century,Public Policy Polling,263,Public Policy Polling,A-,804,v,v,IVR/Text,U.S. Senate,2,Class II,10/21/20,10/22/20,11/3/20,,0,DEM,,0,0,10/22/20 15:41,,https://americanbridgepac.org/wp-content/uploads/2020/10/MichiganResults.pdf,general,6280,Peters,13453,Gary C. Peters,DEM,52.0
627,134287,71679,2020,Michigan,383,Public Policy Polling,1484,American Bridge 21st Century,Public Policy Polling,263,Public Policy Polling,A-,804,v,v,IVR/Text,U.S. Senate,2,Class II,10/21/20,10/22/20,11/3/20,,0,DEM,,0,0,10/22/20 15:41,,https://americanbridgepac.org/wp-content/uploads/2020/10/MichiganResults.pdf,general,6280,James,13454,John James,REP,43.0
628,134437,71749,2020,Tennessee,1347,Cygnal,1479,Ready Education Network,Cygnal,67,Cygnal,B+,610,lv,lv,Live Phone/Online/Text,U.S. Senate,2,Class II,10/20/20,10/22/20,11/3/20,,0,,,0,0,10/23/20 13:49,,https://www.cygn.al/cygnal-poll-hagerty-up-20-points-in-tn-senate-race/,general,6294,Bradshaw,15851,Marquita Bradshaw,DEM,35.6
629,134437,71749,2020,Tennessee,1347,Cygnal,1479,Ready Education Network,Cygnal,67,Cygnal,B+,610,lv,lv,Live Phone/Online/Text,U.S. Senate,2,Class II,10/20/20,10/22/20,11/3/20,,0,,,0,0,10/23/20 13:49,,https://www.cygn.al/cygnal-poll-hagerty-up-20-points-in-tn-senate-race/,general,6294,Hagerty,13694,Bill Hagerty,REP,56.3
630,135039,71891,2020,North Carolina,1250,Trafalgar Group,,,Trafalgar Group,338,Trafalgar Group,A-,1098,lv,lv,IVR/Online/Text,U.S. Senate,0,Class II,10/20/20,10/22/20,11/3/20,,0,REP,,0,0,10/26/20 21:00,,https://drive.google.com/file/d/1KlUo8ALSBbk7BgkJ3Qqd3NXp3Hbi-4PB/view,general,6284,Cunningham,13468,Cal Cunningham,DEM,46.8
631,135039,71891,2020,North Carolina,1250,Trafalgar Group,,,Trafalgar Group,338,Trafalgar Group,A-,1098,lv,lv,IVR/Online/Text,U.S. Senate,0,Class II,10/20/20,10/22/20,11/3/20,,0,REP,,0,0,10/26/20 21:00,,https://drive.google.com/file/d/1KlUo8ALSBbk7BgkJ3Qqd3NXp3Hbi-4PB/view,general,6284,Tillis,13461,Thom Tillis,REP,48.6
632,135039,71891,2020,North Carolina,1250,Trafalgar Group,,,Trafalgar Group,338,Trafalgar Group,A-,1098,lv,lv,IVR/Online/Text,U.S. Senate,0,Class II,10/20/20,10/22/20,11/3/20,,0,REP,,0,0,10/26/20 21:00,,https://drive.google.com/file/d/1KlUo8ALSBbk7BgkJ3Qqd3NXp3Hbi-4PB/view,general,6284,Bray,14557,Shannon Wilson Bray,LIB,2.2
633,135039,71891,2020,North Carolina,1250,Trafalgar Group,,,Trafalgar Group,338,Trafalgar Group,A-,1098,lv,lv,IVR/Online/Text,U.S. Senate,0,Class II,10/20/20,10/22/20,11/3/20,,0,REP,,0,0,10/26/20 21:00,,https://drive.google.com/file/d/1KlUo8ALSBbk7BgkJ3Qqd3NXp3Hbi-4PB/view,general,6284,Hayes,14558,Kevin Eugene Hayes,CON,0.5
634,134440,71750,2020,Arizona,461,Susquehanna Polling & Research Inc.,1457,Center for American Greatness,Susquehanna Polling & Research Inc.,326,Susquehanna Polling & Research Inc.,B+,500,lv,lv,Live Phone,U.S. Senate,2,Class III,10/19/20,10/22/20,11/3/20,,0,,,0,0,10/23/20 14:26,,https://overland.amgreatness.com/app/uploads/2020/10/Toplines-ArizonaStatewide-CFAG-Oct2020.pdf,general,6268,Kelly,13445,Mark Kelly,DEM,47.0
635,134440,71750,2020,Arizona,461,Susquehanna Polling & Research Inc.,1457,Center for American Greatness,Susquehanna Polling & Research Inc.,326,Susquehanna Polling & Research Inc.,B+,500,lv,lv,Live Phone,U.S. Senate,2,Class III,10/19/20,10/22/20,11/3/20,,0,,,0,0,10/23/20 14:26,,https://overland.amgreatness.com/app/uploads/2020/10/Toplines-ArizonaStatewide-CFAG-Oct2020.pdf,general,6268,McSally,13446,Martha McSally,REP,50.0
636,135407,72189,2020,Virginia,534,Virginia Commonwealth University,,,Virginia Commonwealth University,370,Virginia Commonwealth University,B/C,709,lv,lv,Live Phone,U.S. Senate,2,Class II,10/13/20,10/22/20,11/3/20,,0,,,0,0,10/29/20 08:32,,https://drive.google.com/file/d/1uFY4YGN2Wq01Lue3qQEfvv6LSe87RIjz/view,general,6296,Warner,14760,Mark R. Warner,DEM,55.0
637,135407,72189,2020,Virginia,534,Virginia Commonwealth University,,,Virginia Commonwealth University,370,Virginia Commonwealth University,B/C,709,lv,lv,Live Phone,U.S. Senate,2,Class II,10/13/20,10/22/20,11/3/20,,0,,,0,0,10/29/20 08:32,,https://drive.google.com/file/d/1uFY4YGN2Wq01Lue3qQEfvv6LSe87RIjz/view,general,6296,Gade,15688,Daniel M. Gade,REP,38.0
638,134486,71763,2020,Georgia,262,Landmark Communications,90,WSB-TV,Landmark Communications,166,Landmark Communications,A,500,lv,lv,IVR/Live Phone,U.S. Senate,0,Class II,10/21/20,10/21/20,11/3/20,,0,,,0,0,10/23/20 16:15,,https://www.wsbtv.com/news/local/atlanta/president-trump-widens-lead-over-joe-biden-latest-exclusive-channel-2-poll/7R643PFTRVDFHGNWHJFBVHKUCY/,general,6271,Ossoff,14567,Jon Ossoff,DEM,44.6
639,134486,71763,2020,Georgia,262,Landmark Communications,90,WSB-TV,Landmark Communications,166,Landmark Communications,A,500,lv,lv,IVR/Live Phone,U.S. Senate,0,Class II,10/21/20,10/21/20,11/3/20,,0,,,0,0,10/23/20 16:15,,https://www.wsbtv.com/news/local/atlanta/president-trump-widens-lead-over-joe-biden-latest-exclusive-channel-2-poll/7R643PFTRVDFHGNWHJFBVHKUCY/,general,6271,Perdue,14568,David A. Perdue,REP,50.2
640,134487,71763,2020,Georgia,262,Landmark Communications,90,WSB-TV,Landmark Communications,166,Landmark Communications,A,500,lv,lv,IVR/Live Phone,U.S. Senate,2,Class III,10/21/20,10/21/20,11/3/20,,0,,,0,0,10/23/20 16:27,,https://www.wsbtv.com/news/local/atlanta/president-trump-widens-lead-over-joe-biden-latest-exclusive-channel-2-poll/7R643PFTRVDFHGNWHJFBVHKUCY/,jungle primary,7780,Warnock,14489,Raphael Warnock,DEM,32.8
641,134487,71763,2020,Georgia,262,Landmark Communications,90,WSB-TV,Landmark Communications,166,Landmark Communications,A,500,lv,lv,IVR/Live Phone,U.S. Senate,2,Class III,10/21/20,10/21/20,11/3/20,,0,,,0,0,10/23/20 16:27,,https://www.wsbtv.com/news/local/atlanta/president-trump-widens-lead-over-joe-biden-latest-exclusive-channel-2-poll/7R643PFTRVDFHGNWHJFBVHKUCY/,jungle primary,7780,Collins,13669,Doug Collins,REP,27.3
642,134487,71763,2020,Georgia,262,Landmark Communications,90,WSB-TV,Landmark Communications,166,Landmark Communications,A,500,lv,lv,IVR/Live Phone,U.S. Senate,2,Class III,10/21/20,10/21/20,11/3/20,,0,,,0,0,10/23/20 16:27,,https://www.wsbtv.com/news/local/atlanta/president-trump-widens-lead-over-joe-biden-latest-exclusive-channel-2-poll/7R643PFTRVDFHGNWHJFBVHKUCY/,jungle primary,7780,Loeffler,13671,Kelly Loeffler,REP,23.6
643,134422,71662,2020,North Carolina,399,Rasmussen Reports/Pulse Opinion Research,,,Rasmussen Reports/Pulse Opinion Research,277,Rasmussen Reports/Pulse Opinion Research,B,800,lv,lv,IVR/Online,U.S. Senate,0,Class II,10/20/20,10/21/20,11/3/20,,0,,,0,0,10/23/20 12:07,,https://www.rasmussenreports.com/public_content/politics/elections/election_2020/north_carolina_senate_tillis_r_45_cunningham_d_45,general,6284,Cunningham,13468,Cal Cunningham,DEM,45.0
644,134422,71662,2020,North Carolina,399,Rasmussen Reports/Pulse Opinion Research,,,Rasmussen Reports/Pulse Opinion Research,277,Rasmussen Reports/Pulse Opinion Research,B,800,lv,lv,IVR/Online,U.S. Senate,0,Class II,10/20/20,10/21/20,11/3/20,,0,,,0,0,10/23/20 12:07,,https://www.rasmussenreports.com/public_content/politics/elections/election_2020/north_carolina_senate_tillis_r_45_cunningham_d_45,general,6284,Tillis,13461,Thom Tillis,REP,45.0
645,134055,71562,2020,Iowa,1102,Emerson College,,,Emerson College,88,Emerson College,A-,435,lv,lv,IVR/Online/Text,U.S. Senate,0,Class II,10/19/20,10/21/20,11/3/20,,0,,,0,0,10/21/20 15:08,,https://emersonpolling.reportablenews.com/pr/iowa-2020-trump-holds-narrow-lead-over-biden,general,6272,Greenfield,13466,Theresa Greenfield,DEM,46.36
646,134055,71562,2020,Iowa,1102,Emerson College,,,Emerson College,88,Emerson College,A-,435,lv,lv,IVR/Online/Text,U.S. Senate,0,Class II,10/19/20,10/21/20,11/3/20,,0,,,0,0,10/21/20 15:08,,https://emersonpolling.reportablenews.com/pr/iowa-2020-trump-holds-narrow-lead-over-biden,general,6272,Ernst,13467,Joni K. Ernst,REP,50.44
647,134276,71675,2020,Nebraska,1347,Cygnal,1479,Ready Education Network,Cygnal,67,Cygnal,B+,625,lv,lv,IVR/Live Phone/Text,U.S. Senate,2,Class II,10/19/20,10/21/20,11/3/20,,0,,,0,0,10/22/20 13:51,,https://www.cygn.al/cygnal-poll-sasse-up-30-points-in-nebraska-senate-race/,general,6285,Janicek,15663,Chris E. Janicek,DEM,17.5
648,134276,71675,2020,Nebraska,1347,Cygnal,1479,Ready Education Network,Cygnal,67,Cygnal,B+,625,lv,lv,IVR/Live Phone/Text,U.S. Senate,2,Class II,10/19/20,10/21/20,11/3/20,,0,,,0,0,10/22/20 13:51,,https://www.cygn.al/cygnal-poll-sasse-up-30-points-in-nebraska-senate-race/,general,6285,Sasse,15613,Ben Sasse,REP,47.4
649,134276,71675,2020,Nebraska,1347,Cygnal,1479,Ready Education Network,Cygnal,67,Cygnal,B+,625,lv,lv,IVR/Live Phone/Text,U.S. Senate,2,Class II,10/19/20,10/21/20,11/3/20,,0,,,0,0,10/22/20 13:51,,https://www.cygn.al/cygnal-poll-sasse-up-30-points-in-nebraska-senate-race/,general,6285,Siadek,15664,Gene Siadek,LIB,6.4
650,134423,71733,2020,Iowa,1554,RMG Research,1475,PoliticalIQ,RMG Research,555,RMG Research,B-,800,lv,lv,IVR/Online/Text,U.S. Senate,0,Class II,10/15/20,10/21/20,11/3/20,,0,,,0,0,10/23/20 12:07,,http://politicaliq.com/2020/10/23/ia-senate-race-greenfield-d-46-ernst-r-43/,general,6272,Greenfield,13466,Theresa Greenfield,DEM,46.0
651,134423,71733,2020,Iowa,1554,RMG Research,1475,PoliticalIQ,RMG Research,555,RMG Research,B-,800,lv,lv,IVR/Online/Text,U.S. Senate,0,Class II,10/15/20,10/21/20,11/3/20,,0,,,0,0,10/23/20 12:07,,http://politicaliq.com/2020/10/23/ia-senate-race-greenfield-d-46-ernst-r-43/,general,6272,Ernst,13467,Joni K. Ernst,REP,43.0
652,134423,71733,2020,Iowa,1554,RMG Research,1475,PoliticalIQ,RMG Research,555,RMG Research,B-,800,lv,lv,IVR/Online/Text,U.S. Senate,0,Class II,10/15/20,10/21/20,11/3/20,,0,,,0,0,10/23/20 12:07,,http://politicaliq.com/2020/10/23/ia-senate-race-greenfield-d-46-ernst-r-43/,general,6272,Stewart,15614,Rick Stewart,LIB,2.0
653,134175,71621,2020,Arizona,744,Ipsos,71,Reuters,Ipsos,154,Ipsos,B-,658,lv,lv,Online,U.S. Senate,2,Class III,10/14/20,10/21/20,11/3/20,,0,,,0,0,10/21/20 17:42,,https://www.ipsos.com/sites/default/files/ct/news/documents/2020-10/topline_reuters_arizona_state_poll_w4_10_21_2020.pdf,general,6268,Kelly,13445,Mark Kelly,DEM,51.0
654,134175,71621,2020,Arizona,744,Ipsos,71,Reuters,Ipsos,154,Ipsos,B-,658,lv,lv,Online,U.S. Senate,2,Class III,10/14/20,10/21/20,11/3/20,,0,,,0,0,10/21/20 17:42,,https://www.ipsos.com/sites/default/files/ct/news/documents/2020-10/topline_reuters_arizona_state_poll_w4_10_21_2020.pdf,general,6268,McSally,13446,Martha McSally,REP,43.0
655,134921,71972,2020,Massachusetts,568,YouGov,"278,1233",UMass Amherst | WCVB-TV,YouGov,391,YouGov,B+,713,lv,lv,Online,U.S. Senate,2,Class II,10/14/20,10/21/20,11/3/20,,0,,,0,0,10/26/20 16:13,,https://polsci.umass.edu/sites/default/files/GeneralElectionToplines.pdf,general,6278,Markey,13487,Edward J. Markey,DEM,65.0
656,134921,71972,2020,Massachusetts,568,YouGov,"278,1233",UMass Amherst | WCVB-TV,YouGov,391,YouGov,B+,713,lv,lv,Online,U.S. Senate,2,Class II,10/14/20,10/21/20,11/3/20,,0,,,0,0,10/26/20 16:13,,https://polsci.umass.edu/sites/default/files/GeneralElectionToplines.pdf,general,6278,O'Connor,16019,Kevin J. O'Connor,REP,26.0
657,135273,72141,2020,Arkansas,1354,University of Arkansas,,,University of Arkansas,345,University of Arkansas,B/C,591,lv,lv,Live Phone,U.S. Senate,0,Class II,10/9/20,10/21/20,11/3/20,,0,,,0,0,10/28/20 12:39,,https://fulbright.uark.edu/departments/political-science/partners/arkpoll/2020-summary-report.pdf,general,6267,Cotton,15607,Tom Cotton,REP,75.0
658,135273,72141,2020,Arkansas,1354,University of Arkansas,,,University of Arkansas,345,University of Arkansas,B/C,591,lv,lv,Live Phone,U.S. Senate,0,Class II,10/9/20,10/21/20,11/3/20,,0,,,0,0,10/28/20 12:39,,https://fulbright.uark.edu/departments/political-science/partners/arkpoll/2020-summary-report.pdf,general,6267,Harrington,15624,Ricky Dale Harrington,LIB,20.0
659,134049,71558,2020,Kansas,383,Public Policy Polling,946,Protect Our Care,Public Policy Polling,263,Public Policy Polling,A-,897,v,v,IVR/Text,U.S. Senate,0,Class II,10/19/20,10/20/20,11/3/20,,0,DEM,,0,0,10/21/20 14:10,,https://www.protectourcare.org/wp-content/uploads/2020/10/Health-Care-Could-Be-Deciding-Factor-in-Close-Kansas-Senate-Race.pdf,general,6275,Bollier,13698,Barbara Bollier,DEM,43.0
660,134049,71558,2020,Kansas,383,Public Policy Polling,946,Protect Our Care,Public Policy Polling,263,Public Policy Polling,A-,897,v,v,IVR/Text,U.S. Senate,0,Class II,10/19/20,10/20/20,11/3/20,,0,DEM,,0,0,10/21/20 14:10,,https://www.protectourcare.org/wp-content/uploads/2020/10/Health-Care-Could-Be-Deciding-Factor-in-Close-Kansas-Senate-Race.pdf,general,6275,Marshall,14604,Roger Marshall,REP,43.0
661,134049,71558,2020,Kansas,383,Public Policy Polling,946,Protect Our Care,Public Policy Polling,263,Public Policy Polling,A-,897,v,v,IVR/Text,U.S. Senate,0,Class II,10/19/20,10/20/20,11/3/20,,0,DEM,,0,0,10/21/20 14:10,,https://www.protectourcare.org/wp-content/uploads/2020/10/Health-Care-Could-Be-Deciding-Factor-in-Close-Kansas-Senate-Race.pdf,general,6275,Buckley,15647,Jason Buckley,LIB,5.0
662,134053,71560,2020,Alaska,383,Public Policy Polling,946,Protect Our Care,Public Policy Polling,263,Public Policy Polling,A-,800,v,v,IVR/Text,U.S. Senate,0,Class II,10/19/20,10/20/20,11/3/20,,0,DEM,,0,0,10/21/20 14:43,,https://www.protectourcare.org/wp-content/uploads/2020/10/Health-Care-Could-Be-Deciding-Factor-in-Close-Alaska-Senate-Race.pdf,general,6265,Gross,14697,Al Gross,DEM,41.0
663,134053,71560,2020,Alaska,383,Public Policy Polling,946,Protect Our Care,Public Policy Polling,263,Public Policy Polling,A-,800,v,v,IVR/Text,U.S. Senate,0,Class II,10/19/20,10/20/20,11/3/20,,0,DEM,,0,0,10/21/20 14:43,,https://www.protectourcare.org/wp-content/uploads/2020/10/Health-Care-Could-Be-Deciding-Factor-in-Close-Alaska-Senate-Race.pdf,general,6265,Sullivan,13462,Dan Sullivan,REP,44.0
664,134053,71560,2020,Alaska,383,Public Policy Polling,946,Protect Our Care,Public Policy Polling,263,Public Policy Polling,A-,800,v,v,IVR/Text,U.S. Senate,0,Class II,10/19/20,10/20/20,11/3/20,,0,DEM,,0,0,10/21/20 14:43,,https://www.protectourcare.org/wp-content/uploads/2020/10/Health-Care-Could-Be-Deciding-Factor-in-Close-Alaska-Senate-Race.pdf,general,6265,Howe,16040,John Wayne Howe,AKI,5.0
665,134270,71672,2020,Kentucky,1347,Cygnal,1479,Ready Education Network,Cygnal,67,Cygnal,B+,640,lv,lv,IVR/Live Phone/Text,U.S. Senate,0,Class II,10/19/20,10/20/20,11/3/20,,0,,,0,0,10/22/20 11:15,,https://www.cygn.al/cygnal-poll-mcconnell-up-double-digits-in-kentucky-senate-race/,general,6276,McGrath,13470,Amy McGrath,DEM,39.9
666,134270,71672,2020,Kentucky,1347,Cygnal,1479,Ready Education Network,Cygnal,67,Cygnal,B+,640,lv,lv,IVR/Live Phone/Text,U.S. Senate,0,Class II,10/19/20,10/20/20,11/3/20,,0,,,0,0,10/22/20 11:15,,https://www.cygn.al/cygnal-poll-mcconnell-up-double-digits-in-kentucky-senate-race/,general,6276,McConnell,13471,Mitch McConnell,REP,50.2
667,134270,71672,2020,Kentucky,1347,Cygnal,1479,Ready Education Network,Cygnal,67,Cygnal,B+,640,lv,lv,IVR/Live Phone/Text,U.S. Senate,0,Class II,10/19/20,10/20/20,11/3/20,,0,,,0,0,10/22/20 11:15,,https://www.cygn.al/cygnal-poll-mcconnell-up-double-digits-in-kentucky-senate-race/,general,6276,Barron,14478,Brad Barron,LIB,5.0
668,134022,71545,2020,Kansas,1497,co/efficient,1460,Keep Kansas Great PAC,co/efficient,514,co/efficient,B/C,2453,lv,lv,IVR/Text,U.S. Senate,0,Class II,10/18/20,10/20/20,11/3/20,,0,REP,,0,0,10/21/20 10:09,,https://www.politico.com/f/?id=00000175-48a3-d987-ab7f-cef7305b0000,general,6275,Bollier,13698,Barbara Bollier,DEM,39.0
669,134022,71545,2020,Kansas,1497,co/efficient,1460,Keep Kansas Great PAC,co/efficient,514,co/efficient,B/C,2453,lv,lv,IVR/Text,U.S. Senate,0,Class II,10/18/20,10/20/20,11/3/20,,0,REP,,0,0,10/21/20 10:09,,https://www.politico.com/f/?id=00000175-48a3-d987-ab7f-cef7305b0000,general,6275,Marshall,14604,Roger Marshall,REP,51.0
670,134022,71545,2020,Kansas,1497,co/efficient,1460,Keep Kansas Great PAC,co/efficient,514,co/efficient,B/C,2453,lv,lv,IVR/Text,U.S. Senate,0,Class II,10/18/20,10/20/20,11/3/20,,0,REP,,0,0,10/21/20 10:09,,https://www.politico.com/f/?id=00000175-48a3-d987-ab7f-cef7305b0000,general,6275,Buckley,15647,Jason Buckley,LIB,2.0
671,134041,71553,2020,Iowa,1424,Siena College/The New York Times Upshot,,,Siena College/The New York Times Upshot,448,Siena College/The New York Times Upshot,A+,753,lv,lv,Live Phone,U.S. Senate,0,Class II,10/18/20,10/20/20,11/3/20,,0,,,0,0,10/21/20 13:42,,https://int.nyt.com/data/documenttools/ia101820-crosstabs/1eff04c308f3dcb1/full.pdf,general,6272,Greenfield,13466,Theresa Greenfield,DEM,44.0
672,134041,71553,2020,Iowa,1424,Siena College/The New York Times Upshot,,,Siena College/The New York Times Upshot,448,Siena College/The New York Times Upshot,A+,753,lv,lv,Live Phone,U.S. Senate,0,Class II,10/18/20,10/20/20,11/3/20,,0,,,0,0,10/21/20 13:42,,https://int.nyt.com/data/documenttools/ia101820-crosstabs/1eff04c308f3dcb1/full.pdf,general,6272,Ernst,13467,Joni K. Ernst,REP,45.0
673,134041,71553,2020,Iowa,1424,Siena College/The New York Times Upshot,,,Siena College/The New York Times Upshot,448,Siena College/The New York Times Upshot,A+,753,lv,lv,Live Phone,U.S. Senate,0,Class II,10/18/20,10/20/20,11/3/20,,0,,,0,0,10/21/20 13:42,,https://int.nyt.com/data/documenttools/ia101820-crosstabs/1eff04c308f3dcb1/full.pdf,general,6272,Stewart,15614,Rick Stewart,LIB,2.0
674,134041,71553,2020,Iowa,1424,Siena College/The New York Times Upshot,,,Siena College/The New York Times Upshot,448,Siena College/The New York Times Upshot,A+,753,lv,lv,Live Phone,U.S. Senate,0,Class II,10/18/20,10/20/20,11/3/20,,0,,,0,0,10/21/20 13:42,,https://int.nyt.com/data/documenttools/ia101820-crosstabs/1eff04c308f3dcb1/full.pdf,general,6272,Herzog,15642,Suzanne Herzog,IND,2.0
675,134272,71673,2020,Kansas,1424,Siena College/The New York Times Upshot,,,Siena College/The New York Times Upshot,448,Siena College/The New York Times Upshot,A+,755,lv,lv,Live Phone,U.S. Senate,0,Class II,10/18/20,10/20/20,11/3/20,,0,,,0,0,10/22/20 13:04,,https://int.nyt.com/data/documenttools/ks101820-crosstabs/fcc9a5346866c517/full.pdf,general,6275,Bollier,13698,Barbara Bollier,DEM,42.0
676,134272,71673,2020,Kansas,1424,Siena College/The New York Times Upshot,,,Siena College/The New York Times Upshot,448,Siena College/The New York Times Upshot,A+,755,lv,lv,Live Phone,U.S. Senate,0,Class II,10/18/20,10/20/20,11/3/20,,0,,,0,0,10/22/20 13:04,,https://int.nyt.com/data/documenttools/ks101820-crosstabs/fcc9a5346866c517/full.pdf,general,6275,Marshall,14604,Roger Marshall,REP,46.0
677,134272,71673,2020,Kansas,1424,Siena College/The New York Times Upshot,,,Siena College/The New York Times Upshot,448,Siena College/The New York Times Upshot,A+,755,lv,lv,Live Phone,U.S. Senate,0,Class II,10/18/20,10/20/20,11/3/20,,0,,,0,0,10/22/20 13:04,,https://int.nyt.com/data/documenttools/ks101820-crosstabs/fcc9a5346866c517/full.pdf,general,6275,Buckley,15647,Jason Buckley,LIB,4.0
678,134431,71747,2020,Montana,1424,Siena College/The New York Times Upshot,,,Siena College/The New York Times Upshot,448,Siena College/The New York Times Upshot,A+,758,lv,lv,Live Phone,U.S. Senate,2,Class II,10/18/20,10/20/20,11/3/20,,0,,,0,0,10/23/20 13:04,,https://int.nyt.com/data/documenttools/mt101820-crosstabs/1bf52689f78606b4/full.pdf,general,6283,Bullock,14517,Steve Bullock,DEM,46.0
679,134431,71747,2020,Montana,1424,Siena College/The New York Times Upshot,,,Siena College/The New York Times Upshot,448,Siena College/The New York Times Upshot,A+,758,lv,lv,Live Phone,U.S. Senate,2,Class II,10/18/20,10/20/20,11/3/20,,0,,,0,0,10/23/20 13:04,,https://int.nyt.com/data/documenttools/mt101820-crosstabs/1bf52689f78606b4/full.pdf,general,6283,Daines,14518,Steve Daines,REP,49.0
680,134000,71539,2020,Minnesota,1447,Civiqs,185,Daily Kos,Civiqs,471,Civiqs,B-,840,lv,lv,Online,U.S. Senate,2,Class II,10/17/20,10/20/20,11/3/20,,0,,,0,0,10/21/20 08:34,,https://civiqs.com/documents/Civiqs_DailyKos_MN_banner_book_2020_10_d859f5.pdf,general,6281,Smith,15691,Tina Smith,DEM,54.0
681,134000,71539,2020,Minnesota,1447,Civiqs,185,Daily Kos,Civiqs,471,Civiqs,B-,840,lv,lv,Online,U.S. Senate,2,Class II,10/17/20,10/20/20,11/3/20,,0,,,0,0,10/21/20 08:34,,https://civiqs.com/documents/Civiqs_DailyKos_MN_banner_book_2020_10_d859f5.pdf,general,6281,Lewis,15692,Jason Lewis,REP,43.0
682,134000,71539,2020,Minnesota,1447,Civiqs,185,Daily Kos,Civiqs,471,Civiqs,B-,840,lv,lv,Online,U.S. Senate,2,Class II,10/17/20,10/20/20,11/3/20,,0,,,0,0,10/21/20 08:34,,https://civiqs.com/documents/Civiqs_DailyKos_MN_banner_book_2020_10_d859f5.pdf,general,6281,Steinberg,15658,Oliver Steinberg,OTH,1.0
683,134000,71539,2020,Minnesota,1447,Civiqs,185,Daily Kos,Civiqs,471,Civiqs,B-,840,lv,lv,Online,U.S. Senate,2,Class II,10/17/20,10/20/20,11/3/20,,0,,,0,0,10/21/20 08:34,,https://civiqs.com/documents/Civiqs_DailyKos_MN_banner_book_2020_10_d859f5.pdf,general,6281,O'Connor,15661,Kevin O'Connor,OTH,1.0
684,134187,71625,2020,Michigan,590,Fox News/Beacon Research/Shaw & Co. Research,,,Fox News,103,Fox News/Beacon Research/Shaw & Co. Research,A,1032,lv,lv,Live Phone,U.S. Senate,2,Class II,10/17/20,10/20/20,11/3/20,,0,,,0,0,10/21/20 18:28,,https://static.foxnews.com/foxnews.com/content/uploads/2020/10/Fox_October-17-20-2020_Complete_Michigan_Topline_October-21-Release.pdf,general,6280,Peters,13453,Gary C. Peters,DEM,49.0
685,134187,71625,2020,Michigan,590,Fox News/Beacon Research/Shaw & Co. Research,,,Fox News,103,Fox News/Beacon Research/Shaw & Co. Research,A,1032,lv,lv,Live Phone,U.S. Senate,2,Class II,10/17/20,10/20/20,11/3/20,,0,,,0,0,10/21/20 18:28,,https://static.foxnews.com/foxnews.com/content/uploads/2020/10/Fox_October-17-20-2020_Complete_Michigan_Topline_October-21-Release.pdf,general,6280,James,13454,John James,REP,41.0
686,134195,71625,2020,Michigan,590,Fox News/Beacon Research/Shaw & Co. Research,,,Fox News,103,Fox News/Beacon Research/Shaw & Co. Research,A,1104,rv,rv,Live Phone,U.S. Senate,2,Class II,10/17/20,10/20/20,11/3/20,,0,,,0,0,10/21/20 20:19,,https://static.foxnews.com/foxnews.com/content/uploads/2020/10/Fox_October-17-20-2020_Complete_Michigan_Topline_October-21-Release.pdf,general,6280,Peters,13453,Gary C. Peters,DEM,47.0
687,134195,71625,2020,Michigan,590,Fox News/Beacon Research/Shaw & Co. Research,,,Fox News,103,Fox News/Beacon Research/Shaw & Co. Research,A,1104,rv,rv,Live Phone,U.S. Senate,2,Class II,10/17/20,10/20/20,11/3/20,,0,,,0,0,10/21/20 20:19,,https://static.foxnews.com/foxnews.com/content/uploads/2020/10/Fox_October-17-20-2020_Complete_Michigan_Topline_October-21-Release.pdf,general,6280,James,13454,John James,REP,41.0
688,135397,72181,2020,Georgia,1620,Citizen Data,,,Citizen Data,616,Citizen Data,B/C,1000,lv,lv,IVR/Online,U.S. Senate,0,Class II,10/17/20,10/20/20,11/3/20,,0,,,0,0,10/29/20 08:17,,https://github.com/GetCitizenData/VoteByMail/blob/master/VoteByMail-Georgia/Modeling/October/Georgia%20VBM%20Toplines%2010_23_2020.pdf,general,6271,Ossoff,14567,Jon Ossoff,DEM,47.3
689,135397,72181,2020,Georgia,1620,Citizen Data,,,Citizen Data,616,Citizen Data,B/C,1000,lv,lv,IVR/Online,U.S. Senate,0,Class II,10/17/20,10/20/20,11/3/20,,0,,,0,0,10/29/20 08:17,,https://github.com/GetCitizenData/VoteByMail/blob/master/VoteByMail-Georgia/Modeling/October/Georgia%20VBM%20Toplines%2010_23_2020.pdf,general,6271,Perdue,14568,David A. Perdue,REP,40.44
690,135398,72181,2020,Georgia,1620,Citizen Data,,,Citizen Data,616,Citizen Data,B/C,1000,lv,lv,IVR/Online,U.S. Senate,2,Class III,10/17/20,10/20/20,11/3/20,,0,,,0,0,10/29/20 08:17,,https://github.com/GetCitizenData/VoteByMail/blob/master/VoteByMail-Georgia/Modeling/October/Georgia%20VBM%20Toplines%2010_23_2020.pdf,jungle primary,7780,Lieberman,13670,Matthew Lieberman,DEM,3.7
691,135398,72181,2020,Georgia,1620,Citizen Data,,,Citizen Data,616,Citizen Data,B/C,1000,lv,lv,IVR/Online,U.S. Senate,2,Class III,10/17/20,10/20/20,11/3/20,,0,,,0,0,10/29/20 08:17,,https://github.com/GetCitizenData/VoteByMail/blob/master/VoteByMail-Georgia/Modeling/October/Georgia%20VBM%20Toplines%2010_23_2020.pdf,jungle primary,7780,Loeffler,13671,Kelly Loeffler,REP,23.02
692,135398,72181,2020,Georgia,1620,Citizen Data,,,Citizen Data,616,Citizen Data,B/C,1000,lv,lv,IVR/Online,U.S. Senate,2,Class III,10/17/20,10/20/20,11/3/20,,0,,,0,0,10/29/20 08:17,,https://github.com/GetCitizenData/VoteByMail/blob/master/VoteByMail-Georgia/Modeling/October/Georgia%20VBM%20Toplines%2010_23_2020.pdf,jungle primary,7780,Collins,13669,Doug Collins,REP,19.03
693,135398,72181,2020,Georgia,1620,Citizen Data,,,Citizen Data,616,Citizen Data,B/C,1000,lv,lv,IVR/Online,U.S. Senate,2,Class III,10/17/20,10/20/20,11/3/20,,0,,,0,0,10/29/20 08:17,,https://github.com/GetCitizenData/VoteByMail/blob/master/VoteByMail-Georgia/Modeling/October/Georgia%20VBM%20Toplines%2010_23_2020.pdf,jungle primary,7780,Tarver,14490,Ed Tarver,DEM,0.84
694,135398,72181,2020,Georgia,1620,Citizen Data,,,Citizen Data,616,Citizen Data,B/C,1000,lv,lv,IVR/Online,U.S. Senate,2,Class III,10/17/20,10/20/20,11/3/20,,0,,,0,0,10/29/20 08:17,,https://github.com/GetCitizenData/VoteByMail/blob/master/VoteByMail-Georgia/Modeling/October/Georgia%20VBM%20Toplines%2010_23_2020.pdf,jungle primary,7780,Warnock,14489,Raphael Warnock,DEM,40.61
695,135399,72182,2020,Michigan,1620,Citizen Data,,,Citizen Data,616,Citizen Data,B/C,1000,lv,lv,IVR/Online,U.S. Senate,2,Class II,10/17/20,10/20/20,11/3/20,,0,,,0,0,10/29/20 08:17,,https://github.com/GetCitizenData/VoteByMail/blob/master/VoteByMail-Michigan/Modeling/October/Michigan%20VBM%20Toplines%2010_23_2020.pdf,general,6280,Peters,13453,Gary C. Peters,DEM,45.86
696,135399,72182,2020,Michigan,1620,Citizen Data,,,Citizen Data,616,Citizen Data,B/C,1000,lv,lv,IVR/Online,U.S. Senate,2,Class II,10/17/20,10/20/20,11/3/20,,0,,,0,0,10/29/20 08:17,,https://github.com/GetCitizenData/VoteByMail/blob/master/VoteByMail-Michigan/Modeling/October/Michigan%20VBM%20Toplines%2010_23_2020.pdf,general,6280,James,13454,John James,REP,42.31
697,135400,72183,2020,North Carolina,1620,Citizen Data,,,Citizen Data,616,Citizen Data,B/C,1000,lv,lv,IVR/Online,U.S. Senate,0,Class II,10/17/20,10/20/20,11/3/20,,0,,,0,0,10/29/20 08:18,,https://github.com/GetCitizenData/VoteByMail/blob/master/VoteByMail-North%20Carolina/Modeling/October/North%20Carolina%20VBM%20Toplines%2010_23_2020.pdf,general,6284,Cunningham,13468,Cal Cunningham,DEM,48.39
698,135400,72183,2020,North Carolina,1620,Citizen Data,,,Citizen Data,616,Citizen Data,B/C,1000,lv,lv,IVR/Online,U.S. Senate,0,Class II,10/17/20,10/20/20,11/3/20,,0,,,0,0,10/29/20 08:18,,https://github.com/GetCitizenData/VoteByMail/blob/master/VoteByMail-North%20Carolina/Modeling/October/North%20Carolina%20VBM%20Toplines%2010_23_2020.pdf,general,6284,Tillis,13461,Thom Tillis,REP,42.27
699,135401,72186,2020,Texas,1620,Citizen Data,,,Citizen Data,616,Citizen Data,B/C,1000,lv,lv,IVR/Online,U.S. Senate,2,Class II,10/17/20,10/20/20,11/3/20,,0,,,0,0,10/29/20 08:18,,https://github.com/GetCitizenData/VoteByMail/blob/master/VoteByMail-Texas/Modeling/October/Corrected%20Texas%20VBM%20Toplines%2010_29_20.pdf,general,6295,Hegar,13459,Mary Jennings Hegar,DEM,40.62
700,135401,72186,2020,Texas,1620,Citizen Data,,,Citizen Data,616,Citizen Data,B/C,1000,lv,lv,IVR/Online,U.S. Senate,2,Class II,10/17/20,10/20/20,11/3/20,,0,,,0,0,10/29/20 08:18,,https://github.com/GetCitizenData/VoteByMail/blob/master/VoteByMail-Texas/Modeling/October/Corrected%20Texas%20VBM%20Toplines%2010_29_20.pdf,general,6295,Cornyn,13444,John Cornyn,REP,40.82
701,134199,71632,2020,Minnesota,460,SurveyUSA,"84,1102,1444",KSTP-TV Minneapolis | KAAL-TV | WDIO-TV Duluth,SurveyUSA,325,SurveyUSA,A,625,lv,lv,Online,U.S. Senate,2,Class II,10/16/20,10/20/20,11/3/20,,0,,,0,0,10/21/20 20:57,,https://kstp.com/politics/kstpsurveyusa-smith-lewis-senate-race-now-a-dead-heat-october-21-2020/5901843/,general,6281,Smith,15691,Tina Smith,DEM,43.0
702,134199,71632,2020,Minnesota,460,SurveyUSA,"84,1102,1444",KSTP-TV Minneapolis | KAAL-TV | WDIO-TV Duluth,SurveyUSA,325,SurveyUSA,A,625,lv,lv,Online,U.S. Senate,2,Class II,10/16/20,10/20/20,11/3/20,,0,,,0,0,10/21/20 20:57,,https://kstp.com/politics/kstpsurveyusa-smith-lewis-senate-race-now-a-dead-heat-october-21-2020/5901843/,general,6281,Lewis,15692,Jason Lewis,REP,42.0
703,134193,71629,2020,Oklahoma,441,SoonerPoll.com,"204,205",KWTV-DT Oklahoma City | KOTV-DT Tulsa,SoonerPoll,308,SoonerPoll.com,C+,5466,lv,lv,IVR/Text,U.S. Senate,0,Class II,10/15/20,10/20/20,11/3/20,,0,,,0,0,10/21/20 20:07,,https://www.news9.com/story/5f90b311788f4939f00759e5/news-9news-on-6-exclusive-poll:-inhofe-leads-broyles-by-20-points-in-us-senate-race,general,6289,Broyles,14510,Abby Broyles,DEM,36.9
704,134193,71629,2020,Oklahoma,441,SoonerPoll.com,"204,205",KWTV-DT Oklahoma City | KOTV-DT Tulsa,SoonerPoll,308,SoonerPoll.com,C+,5466,lv,lv,IVR/Text,U.S. Senate,0,Class II,10/15/20,10/20/20,11/3/20,,0,,,0,0,10/21/20 20:07,,https://www.news9.com/story/5f90b311788f4939f00759e5/news-9news-on-6-exclusive-poll:-inhofe-leads-broyles-by-20-points-in-us-senate-race,general,6289,Inhofe,14511,James M. Inhofe,REP,56.4
705,134193,71629,2020,Oklahoma,441,SoonerPoll.com,"204,205",KWTV-DT Oklahoma City | KOTV-DT Tulsa,SoonerPoll,308,SoonerPoll.com,C+,5466,lv,lv,IVR/Text,U.S. Senate,0,Class II,10/15/20,10/20/20,11/3/20,,0,,,0,0,10/21/20 20:07,,https://www.news9.com/story/5f90b311788f4939f00759e5/news-9news-on-6-exclusive-poll:-inhofe-leads-broyles-by-20-points-in-us-senate-race,general,6289,Murphy,15609,Robert T. Murphy,LIB,1.3
706,134193,71629,2020,Oklahoma,441,SoonerPoll.com,"204,205",KWTV-DT Oklahoma City | KOTV-DT Tulsa,SoonerPoll,308,SoonerPoll.com,C+,5466,lv,lv,IVR/Text,U.S. Senate,0,Class II,10/15/20,10/20/20,11/3/20,,0,,,0,0,10/21/20 20:07,,https://www.news9.com/story/5f90b311788f4939f00759e5/news-9news-on-6-exclusive-poll:-inhofe-leads-broyles-by-20-points-in-us-senate-race,general,6289,Farr,15612,Joan E. Farr,IND,0.6
707,134193,71629,2020,Oklahoma,441,SoonerPoll.com,"204,205",KWTV-DT Oklahoma City | KOTV-DT Tulsa,SoonerPoll,308,SoonerPoll.com,C+,5466,lv,lv,IVR/Text,U.S. Senate,0,Class II,10/15/20,10/20/20,11/3/20,,0,,,0,0,10/21/20 20:07,,https://www.news9.com/story/5f90b311788f4939f00759e5/news-9news-on-6-exclusive-poll:-inhofe-leads-broyles-by-20-points-in-us-senate-race,general,6289,Nesbit,15668,A. D. Nesbit,IND,0.5
708,134283,71677,2020,Montana,603,Strategies 360,1483,KTVM NBC Montana,Strategies 360,321,Strategies 360,B/C,500,lv,lv,Live Phone/Online,U.S. Senate,2,Class II,10/15/20,10/20/20,11/3/20,,0,,,0,0,10/22/20 14:09,,https://www.scribd.com/document/481195217/20-700-Montana-Elections-Survey-Toplines1-pdf,general,6283,Bullock,14517,Steve Bullock,DEM,47.0
709,134283,71677,2020,Montana,603,Strategies 360,1483,KTVM NBC Montana,Strategies 360,321,Strategies 360,B/C,500,lv,lv,Live Phone/Online,U.S. Senate,2,Class II,10/15/20,10/20/20,11/3/20,,0,,,0,0,10/22/20 14:09,,https://www.scribd.com/document/481195217/20-700-Montana-Elections-Survey-Toplines1-pdf,general,6283,Daines,14518,Steve Daines,REP,48.0
710,133845,71462,2020,Michigan,744,Ipsos,71,Reuters,Ipsos,154,Ipsos,B-,686,lv,lv,Online,U.S. Senate,2,Class II,10/14/20,10/20/20,11/3/20,,0,,,0,0,10/20/20 17:42,,https://www.ipsos.com/sites/default/files/ct/news/documents/2020-10/topline_reuters_michigan_state_poll_w4_10_20_2020.pdf,general,6280,Peters,13453,Gary C. Peters,DEM,50.0
711,133845,71462,2020,Michigan,744,Ipsos,71,Reuters,Ipsos,154,Ipsos,B-,686,lv,lv,Online,U.S. Senate,2,Class II,10/14/20,10/20/20,11/3/20,,0,,,0,0,10/20/20 17:42,,https://www.ipsos.com/sites/default/files/ct/news/documents/2020-10/topline_reuters_michigan_state_poll_w4_10_20_2020.pdf,general,6280,James,13454,John James,REP,45.0
712,133847,71463,2020,North Carolina,744,Ipsos,71,Reuters,Ipsos,154,Ipsos,B-,660,lv,lv,Online,U.S. Senate,0,Class II,10/14/20,10/20/20,11/3/20,,0,,,0,0,10/20/20 17:43,,https://www.ipsos.com/sites/default/files/ct/news/documents/2020-10/topline_reuters_north_carolina_state_poll_w4_10_20_20.pdf,general,6284,Cunningham,13468,Cal Cunningham,DEM,47.0
713,133847,71463,2020,North Carolina,744,Ipsos,71,Reuters,Ipsos,154,Ipsos,B-,660,lv,lv,Online,U.S. Senate,0,Class II,10/14/20,10/20/20,11/3/20,,0,,,0,0,10/20/20 17:43,,https://www.ipsos.com/sites/default/files/ct/news/documents/2020-10/topline_reuters_north_carolina_state_poll_w4_10_20_20.pdf,general,6284,Tillis,13461,Thom Tillis,REP,47.0
714,134739,71884,2020,Texas,1474,University of Texas at Tyler,1164,Dallas Morning News,University of Texas at Tyler,458,University of Texas at Tyler,B/C,1012,rv,rv,Live Phone/Online,U.S. Senate,2,Class II,10/13/20,10/20/20,11/3/20,,0,,,0,0,10/25/20 07:34,,https://www.uttyler.edu/politicalscience/files/oct2020-rv-codebook-dmn-uttyler-poll.pdf,general,6295,Hegar,13459,Mary Jennings Hegar,DEM,32.0
715,134739,71884,2020,Texas,1474,University of Texas at Tyler,1164,Dallas Morning News,University of Texas at Tyler,458,University of Texas at Tyler,B/C,1012,rv,rv,Live Phone/Online,U.S. Senate,2,Class II,10/13/20,10/20/20,11/3/20,,0,,,0,0,10/25/20 07:34,,https://www.uttyler.edu/politicalscience/files/oct2020-rv-codebook-dmn-uttyler-poll.pdf,general,6295,Cornyn,13444,John Cornyn,REP,40.0
716,134739,71884,2020,Texas,1474,University of Texas at Tyler,1164,Dallas Morning News,University of Texas at Tyler,458,University of Texas at Tyler,B/C,1012,rv,rv,Live Phone/Online,U.S. Senate,2,Class II,10/13/20,10/20/20,11/3/20,,0,,,0,0,10/25/20 07:34,,https://www.uttyler.edu/politicalscience/files/oct2020-rv-codebook-dmn-uttyler-poll.pdf,general,6295,McKennon,15835,Kerry Douglas McKennon,LIB,4.0
717,134739,71884,2020,Texas,1474,University of Texas at Tyler,1164,Dallas Morning News,University of Texas at Tyler,458,University of Texas at Tyler,B/C,1012,rv,rv,Live Phone/Online,U.S. Senate,2,Class II,10/13/20,10/20/20,11/3/20,,0,,,0,0,10/25/20 07:34,,https://www.uttyler.edu/politicalscience/files/oct2020-rv-codebook-dmn-uttyler-poll.pdf,general,6295,Collins,15852,David B. Collins,GRE,2.0
718,134740,71884,2020,Texas,1474,University of Texas at Tyler,1164,Dallas Morning News,University of Texas at Tyler,458,University of Texas at Tyler,B/C,925,lv,lv,Live Phone/Online,U.S. Senate,2,Class II,10/13/20,10/20/20,11/3/20,,0,,,0,0,10/25/20 07:34,,https://www.uttyler.edu/politicalscience/files/oct2020-lv-codebook-dmn-uttyler-poll.pdf,general,6295,Hegar,13459,Mary Jennings Hegar,DEM,34.0
719,134740,71884,2020,Texas,1474,University of Texas at Tyler,1164,Dallas Morning News,University of Texas at Tyler,458,University of Texas at Tyler,B/C,925,lv,lv,Live Phone/Online,U.S. Senate,2,Class II,10/13/20,10/20/20,11/3/20,,0,,,0,0,10/25/20 07:34,,https://www.uttyler.edu/politicalscience/files/oct2020-lv-codebook-dmn-uttyler-poll.pdf,general,6295,Cornyn,13444,John Cornyn,REP,42.0
720,134740,71884,2020,Texas,1474,University of Texas at Tyler,1164,Dallas Morning News,University of Texas at Tyler,458,University of Texas at Tyler,B/C,925,lv,lv,Live Phone/Online,U.S. Senate,2,Class II,10/13/20,10/20/20,11/3/20,,0,,,0,0,10/25/20 07:34,,https://www.uttyler.edu/politicalscience/files/oct2020-lv-codebook-dmn-uttyler-poll.pdf,general,6295,McKennon,15835,Kerry Douglas McKennon,LIB,3.0
721,134740,71884,2020,Texas,1474,University of Texas at Tyler,1164,Dallas Morning News,University of Texas at Tyler,458,University of Texas at Tyler,B/C,925,lv,lv,Live Phone/Online,U.S. Senate,2,Class II,10/13/20,10/20/20,11/3/20,,0,,,0,0,10/25/20 07:34,,https://www.uttyler.edu/politicalscience/files/oct2020-lv-codebook-dmn-uttyler-poll.pdf,general,6295,Collins,15852,David B. Collins,GRE,2.0
722,134883,71955,2020,Texas,568,YouGov,1245,University of Houston,YouGov,391,YouGov,B+,1000,lv,lv,Online,U.S. Senate,2,Class II,10/13/20,10/20/20,11/3/20,,0,,,0,0,10/26/20 10:44,,https://uh.edu/hobby/election2020/texas2020.pdf,general,6295,Hegar,13459,Mary Jennings Hegar,DEM,41.6
723,134883,71955,2020,Texas,568,YouGov,1245,University of Houston,YouGov,391,YouGov,B+,1000,lv,lv,Online,U.S. Senate,2,Class II,10/13/20,10/20/20,11/3/20,,0,,,0,0,10/26/20 10:44,,https://uh.edu/hobby/election2020/texas2020.pdf,general,6295,Cornyn,13444,John Cornyn,REP,48.9
724,134883,71955,2020,Texas,568,YouGov,1245,University of Houston,YouGov,391,YouGov,B+,1000,lv,lv,Online,U.S. Senate,2,Class II,10/13/20,10/20/20,11/3/20,,0,,,0,0,10/26/20 10:44,,https://uh.edu/hobby/election2020/texas2020.pdf,general,6295,McKennon,15835,Kerry Douglas McKennon,LIB,2.8
725,134883,71955,2020,Texas,568,YouGov,1245,University of Houston,YouGov,391,YouGov,B+,1000,lv,lv,Online,U.S. Senate,2,Class II,10/13/20,10/20/20,11/3/20,,0,,,0,0,10/26/20 10:44,,https://uh.edu/hobby/election2020/texas2020.pdf,general,6295,Collins,15852,David B. Collins,GRE,1.1
726,134226,71637,2020,Arizona,1189,Morning Consult,,,Morning Consult,218,Morning Consult,B,1066,lv,lv,Online,U.S. Senate,2,Class III,10/11/20,10/20/20,11/3/20,,0,,1,0,0,10/22/20 07:35,,https://morningconsult.com/form/2020-u-s-election-tracker/,general,6268,Kelly,13445,Mark Kelly,DEM,48.0
727,134226,71637,2020,Arizona,1189,Morning Consult,,,Morning Consult,218,Morning Consult,B,1066,lv,lv,Online,U.S. Senate,2,Class III,10/11/20,10/20/20,11/3/20,,0,,1,0,0,10/22/20 07:35,,https://morningconsult.com/form/2020-u-s-election-tracker/,general,6268,McSally,13446,Martha McSally,REP,44.0
728,134227,71638,2020,Colorado,1189,Morning Consult,,,Morning Consult,218,Morning Consult,B,788,lv,lv,Online,U.S. Senate,0,Class II,10/11/20,10/20/20,11/3/20,,0,,1,0,0,10/22/20 07:35,,https://morningconsult.com/form/2020-u-s-election-tracker/,general,6269,Hickenlooper,13474,John Wright Hickenlooper,DEM,50.0
729,134227,71638,2020,Colorado,1189,Morning Consult,,,Morning Consult,218,Morning Consult,B,788,lv,lv,Online,U.S. Senate,0,Class II,10/11/20,10/20/20,11/3/20,,0,,1,0,0,10/22/20 07:35,,https://morningconsult.com/form/2020-u-s-election-tracker/,general,6269,Gardner,13475,Cory Gardner,REP,42.0
730,134228,71640,2020,Georgia,1189,Morning Consult,,,Morning Consult,218,Morning Consult,B,1672,lv,lv,Online,U.S. Senate,0,Class II,10/11/20,10/20/20,11/3/20,,0,,1,0,0,10/22/20 07:35,,https://morningconsult.com/form/2020-u-s-election-tracker/,general,6271,Ossoff,14567,Jon Ossoff,DEM,44.0
731,134228,71640,2020,Georgia,1189,Morning Consult,,,Morning Consult,218,Morning Consult,B,1672,lv,lv,Online,U.S. Senate,0,Class II,10/11/20,10/20/20,11/3/20,,0,,1,0,0,10/22/20 07:35,,https://morningconsult.com/form/2020-u-s-election-tracker/,general,6271,Perdue,14568,David A. Perdue,REP,46.0
732,134229,71641,2020,Michigan,1189,Morning Consult,,,Morning Consult,218,Morning Consult,B,1717,lv,lv,Online,U.S. Senate,2,Class II,10/11/20,10/20/20,11/3/20,,0,,1,0,0,10/22/20 07:35,,https://morningconsult.com/form/2020-u-s-election-tracker/,general,6280,Peters,13453,Gary C. Peters,DEM,48.0
733,134229,71641,2020,Michigan,1189,Morning Consult,,,Morning Consult,218,Morning Consult,B,1717,lv,lv,Online,U.S. Senate,2,Class II,10/11/20,10/20/20,11/3/20,,0,,1,0,0,10/22/20 07:35,,https://morningconsult.com/form/2020-u-s-election-tracker/,general,6280,James,13454,John James,REP,42.0
734,134230,71643,2020,North Carolina,1189,Morning Consult,,,Morning Consult,218,Morning Consult,B,1904,lv,lv,Online,U.S. Senate,0,Class II,10/11/20,10/20/20,11/3/20,,0,,1,0,0,10/22/20 07:35,,https://morningconsult.com/form/2020-u-s-election-tracker/,general,6284,Cunningham,13468,Cal Cunningham,DEM,48.0
735,134230,71643,2020,North Carolina,1189,Morning Consult,,,Morning Consult,218,Morning Consult,B,1904,lv,lv,Online,U.S. Senate,0,Class II,10/11/20,10/20/20,11/3/20,,0,,1,0,0,10/22/20 07:35,,https://morningconsult.com/form/2020-u-s-election-tracker/,general,6284,Tillis,13461,Thom Tillis,REP,42.0
736,134231,71646,2020,South Carolina,1189,Morning Consult,,,Morning Consult,218,Morning Consult,B,926,lv,lv,Online,U.S. Senate,0,Class II,10/11/20,10/20/20,11/3/20,,0,,1,0,0,10/22/20 07:35,,https://morningconsult.com/form/2020-u-s-election-tracker/,general,6292,Harrison,13457,Jaime Harrison,DEM,47.0
737,134231,71646,2020,South Carolina,1189,Morning Consult,,,Morning Consult,218,Morning Consult,B,926,lv,lv,Online,U.S. Senate,0,Class II,10/11/20,10/20/20,11/3/20,,0,,1,0,0,10/22/20 07:35,,https://morningconsult.com/form/2020-u-s-election-tracker/,general,6292,Graham,13458,Lindsey Graham,REP,45.0
738,134232,71647,2020,Texas,1189,Morning Consult,,,Morning Consult,218,Morning Consult,B,3347,lv,lv,Online,U.S. Senate,2,Class II,10/11/20,10/20/20,11/3/20,,0,,1,0,0,10/22/20 07:35,,https://morningconsult.com/form/2020-u-s-election-tracker/,general,6295,Hegar,13459,Mary Jennings Hegar,DEM,41.0
739,134232,71647,2020,Texas,1189,Morning Consult,,,Morning Consult,218,Morning Consult,B,3347,lv,lv,Online,U.S. Senate,2,Class II,10/11/20,10/20/20,11/3/20,,0,,1,0,0,10/22/20 07:35,,https://morningconsult.com/form/2020-u-s-election-tracker/,general,6295,Cornyn,13444,John Cornyn,REP,46.0
740,133839,71458,2020,Texas,1347,Cygnal,1479,Ready Education Network,Cygnal,67,Cygnal,B+,600,lv,lv,IVR/Live Phone/Text,U.S. Senate,2,Class II,10/18/20,10/19/20,11/3/20,,0,,,0,0,10/20/20 13:39,,https://www.cygn.al/cygnal-poll-cornyn-leads-hegar-by-eight-points/,general,6295,Hegar,13459,Mary Jennings Hegar,DEM,40.8
741,133839,71458,2020,Texas,1347,Cygnal,1479,Ready Education Network,Cygnal,67,Cygnal,B+,600,lv,lv,IVR/Live Phone/Text,U.S. Senate,2,Class II,10/18/20,10/19/20,11/3/20,,0,,,0,0,10/20/20 13:39,,https://www.cygn.al/cygnal-poll-cornyn-leads-hegar-by-eight-points/,general,6295,Cornyn,13444,John Cornyn,REP,48.9
742,133839,71458,2020,Texas,1347,Cygnal,1479,Ready Education Network,Cygnal,67,Cygnal,B+,600,lv,lv,IVR/Live Phone/Text,U.S. Senate,2,Class II,10/18/20,10/19/20,11/3/20,,0,,,0,0,10/20/20 13:39,,https://www.cygn.al/cygnal-poll-cornyn-leads-hegar-by-eight-points/,general,6295,McKennon,15835,Kerry Douglas McKennon,LIB,2.8
743,133839,71458,2020,Texas,1347,Cygnal,1479,Ready Education Network,Cygnal,67,Cygnal,B+,600,lv,lv,IVR/Live Phone/Text,U.S. Senate,2,Class II,10/18/20,10/19/20,11/3/20,,0,,,0,0,10/20/20 13:39,,https://www.cygn.al/cygnal-poll-cornyn-leads-hegar-by-eight-points/,general,6295,Collins,15852,David B. Collins,GRE,0.6
744,133851,71465,2020,Iowa,235,Opinion Savvy/InsiderAdvantage,1457,Center for American Greatness,InsiderAdvantage,243,Opinion Savvy/InsiderAdvantage,B,400,lv,lv,IVR/Live Phone,U.S. Senate,0,Class II,10/18/20,10/19/20,11/3/20,,0,,,0,0,10/20/20 18:21,,https://overland.amgreatness.com/app/uploads/2020/10/IOWA-POLL-.pdf,general,6272,Greenfield,13466,Theresa Greenfield,DEM,48.1
745,133851,71465,2020,Iowa,235,Opinion Savvy/InsiderAdvantage,1457,Center for American Greatness,InsiderAdvantage,243,Opinion Savvy/InsiderAdvantage,B,400,lv,lv,IVR/Live Phone,U.S. Senate,0,Class II,10/18/20,10/19/20,11/3/20,,0,,,0,0,10/20/20 18:21,,https://overland.amgreatness.com/app/uploads/2020/10/IOWA-POLL-.pdf,general,6272,Ernst,13467,Joni K. Ernst,REP,43.4
746,133851,71465,2020,Iowa,235,Opinion Savvy/InsiderAdvantage,1457,Center for American Greatness,InsiderAdvantage,243,Opinion Savvy/InsiderAdvantage,B,400,lv,lv,IVR/Live Phone,U.S. Senate,0,Class II,10/18/20,10/19/20,11/3/20,,0,,,0,0,10/20/20 18:21,,https://overland.amgreatness.com/app/uploads/2020/10/IOWA-POLL-.pdf,general,6272,Stewart,15614,Rick Stewart,LIB,5.1
747,133851,71465,2020,Iowa,235,Opinion Savvy/InsiderAdvantage,1457,Center for American Greatness,InsiderAdvantage,243,Opinion Savvy/InsiderAdvantage,B,400,lv,lv,IVR/Live Phone,U.S. Senate,0,Class II,10/18/20,10/19/20,11/3/20,,0,,,0,0,10/20/20 18:21,,https://overland.amgreatness.com/app/uploads/2020/10/IOWA-POLL-.pdf,general,6272,Herzog,15642,Suzanne Herzog,IND,0.0
748,134034,71546,2020,Arizona,399,Rasmussen Reports/Pulse Opinion Research,,,Rasmussen Reports/Pulse Opinion Research,277,Rasmussen Reports/Pulse Opinion Research,B,800,lv,lv,IVR/Online,U.S. Senate,2,Class III,10/18/20,10/19/20,11/3/20,,0,,,0,0,10/21/20 12:34,,https://www.rasmussenreports.com/public_content/politics/elections/election_2020/arizona_senate_kelly_d_46_mcsally_r_44,general,6268,Kelly,13445,Mark Kelly,DEM,46.0
749,134034,71546,2020,Arizona,399,Rasmussen Reports/Pulse Opinion Research,,,Rasmussen Reports/Pulse Opinion Research,277,Rasmussen Reports/Pulse Opinion Research,B,800,lv,lv,IVR/Online,U.S. Senate,2,Class III,10/18/20,10/19/20,11/3/20,,0,,,0,0,10/21/20 12:34,,https://www.rasmussenreports.com/public_content/politics/elections/election_2020/arizona_senate_kelly_d_46_mcsally_r_44,general,6268,McSally,13446,Martha McSally,REP,44.0
750,133778,71435,2020,Georgia,1102,Emerson College,1446,NewsNation,Emerson College,88,Emerson College,A-,506,lv,lv,IVR/Online,U.S. Senate,0,Class II,10/17/20,10/19/20,11/3/20,,0,,,0,0,10/19/20 20:07,,https://emersonpolling.reportablenews.com/pr/georgia-2020-showdown-in-presidential-and-us-senate-races,general,6271,Ossoff,14567,Jon Ossoff,DEM,44.5
751,133778,71435,2020,Georgia,1102,Emerson College,1446,NewsNation,Emerson College,88,Emerson College,A-,506,lv,lv,IVR/Online,U.S. Senate,0,Class II,10/17/20,10/19/20,11/3/20,,0,,,0,0,10/19/20 20:07,,https://emersonpolling.reportablenews.com/pr/georgia-2020-showdown-in-presidential-and-us-senate-races,general,6271,Perdue,14568,David A. Perdue,REP,46.1
752,133779,71435,2020,Georgia,1102,Emerson College,1446,NewsNation,Emerson College,88,Emerson College,A-,506,lv,lv,IVR/Online,U.S. Senate,2,Class III,10/17/20,10/19/20,11/3/20,,0,,,0,0,10/19/20 20:07,,https://emersonpolling.reportablenews.com/pr/georgia-2020-showdown-in-presidential-and-us-senate-races,jungle primary,7780,Warnock,14489,Raphael Warnock,DEM,26.5
753,133779,71435,2020,Georgia,1102,Emerson College,1446,NewsNation,Emerson College,88,Emerson College,A-,506,lv,lv,IVR/Online,U.S. Senate,2,Class III,10/17/20,10/19/20,11/3/20,,0,,,0,0,10/19/20 20:07,,https://emersonpolling.reportablenews.com/pr/georgia-2020-showdown-in-presidential-and-us-senate-races,jungle primary,7780,Collins,13669,Doug Collins,REP,26.5
754,133779,71435,2020,Georgia,1102,Emerson College,1446,NewsNation,Emerson College,88,Emerson College,A-,506,lv,lv,IVR/Online,U.S. Senate,2,Class III,10/17/20,10/19/20,11/3/20,,0,,,0,0,10/19/20 20:07,,https://emersonpolling.reportablenews.com/pr/georgia-2020-showdown-in-presidential-and-us-senate-races,jungle primary,7780,Loeffler,13671,Kelly Loeffler,REP,19.9
755,133779,71435,2020,Georgia,1102,Emerson College,1446,NewsNation,Emerson College,88,Emerson College,A-,506,lv,lv,IVR/Online,U.S. Senate,2,Class III,10/17/20,10/19/20,11/3/20,,0,,,0,0,10/19/20 20:07,,https://emersonpolling.reportablenews.com/pr/georgia-2020-showdown-in-presidential-and-us-senate-races,jungle primary,7780,Lieberman,13670,Matthew Lieberman,DEM,12.1
756,133779,71435,2020,Georgia,1102,Emerson College,1446,NewsNation,Emerson College,88,Emerson College,A-,506,lv,lv,IVR/Online,U.S. Senate,2,Class III,10/17/20,10/19/20,11/3/20,,0,,,0,0,10/19/20 20:07,,https://emersonpolling.reportablenews.com/pr/georgia-2020-showdown-in-presidential-and-us-senate-races,jungle primary,7780,Tarver,14490,Ed Tarver,DEM,1.8
757,133780,71435,2020,Georgia,1102,Emerson College,1446,NewsNation,Emerson College,88,Emerson College,A-,506,lv,lv,IVR/Online,U.S. Senate,2,Class III,10/17/20,10/19/20,1/5/21,,0,,,0,0,10/19/20 20:09,,https://emersonpolling.reportablenews.com/pr/georgia-2020-showdown-in-presidential-and-us-senate-races,runoff,7781,Warnock,14489,Raphael Warnock,DEM,47.9
758,133780,71435,2020,Georgia,1102,Emerson College,1446,NewsNation,Emerson College,88,Emerson College,A-,506,lv,lv,IVR/Online,U.S. Senate,2,Class III,10/17/20,10/19/20,1/5/21,,0,,,0,0,10/19/20 20:09,,https://emersonpolling.reportablenews.com/pr/georgia-2020-showdown-in-presidential-and-us-senate-races,runoff,7781,Collins,13669,Doug Collins,REP,46.5
759,133781,71435,2020,Georgia,1102,Emerson College,1446,NewsNation,Emerson College,88,Emerson College,A-,506,lv,lv,IVR/Online,U.S. Senate,2,Class III,10/17/20,10/19/20,1/5/21,,0,,,0,0,10/19/20 20:09,,https://emersonpolling.reportablenews.com/pr/georgia-2020-showdown-in-presidential-and-us-senate-races,runoff,7781,Warnock,14489,Raphael Warnock,DEM,46.6
760,133781,71435,2020,Georgia,1102,Emerson College,1446,NewsNation,Emerson College,88,Emerson College,A-,506,lv,lv,IVR/Online,U.S. Senate,2,Class III,10/17/20,10/19/20,1/5/21,,0,,,0,0,10/19/20 20:09,,https://emersonpolling.reportablenews.com/pr/georgia-2020-showdown-in-presidential-and-us-senate-races,runoff,7781,Loeffler,13671,Kelly Loeffler,REP,41.7
761,133963,71519,2020,Arizona,1365,Change Research,576,CNBC,Change Research,48,Change Research,B-,232,lv,lv,Online/Text,U.S. Senate,2,Class III,10/16/20,10/19/20,11/3/20,,0,,,0,0,10/20/20 20:42,,https://www.cnbc.com/2020/10/20/voters-want-senate-to-choose-coronavirus-stimulus-over-supreme-court.html,general,6268,Kelly,13445,Mark Kelly,DEM,54.0
762,133963,71519,2020,Arizona,1365,Change Research,576,CNBC,Change Research,48,Change Research,B-,232,lv,lv,Online/Text,U.S. Senate,2,Class III,10/16/20,10/19/20,11/3/20,,0,,,0,0,10/20/20 20:42,,https://www.cnbc.com/2020/10/20/voters-want-senate-to-choose-coronavirus-stimulus-over-supreme-court.html,general,6268,McSally,13446,Martha McSally,REP,43.0
763,133964,71521,2020,Michigan,1365,Change Research,576,CNBC,Change Research,48,Change Research,B-,718,lv,lv,Online/Text,U.S. Senate,2,Class II,10/16/20,10/19/20,11/3/20,,0,,,0,0,10/20/20 20:42,,https://www.cnbc.com/2020/10/20/voters-want-senate-to-choose-coronavirus-stimulus-over-supreme-court.html,general,6280,Peters,13453,Gary C. Peters,DEM,51.0
764,133964,71521,2020,Michigan,1365,Change Research,576,CNBC,Change Research,48,Change Research,B-,718,lv,lv,Online/Text,U.S. Senate,2,Class II,10/16/20,10/19/20,11/3/20,,0,,,0,0,10/20/20 20:42,,https://www.cnbc.com/2020/10/20/voters-want-senate-to-choose-coronavirus-stimulus-over-supreme-court.html,general,6280,James,13454,John James,REP,46.0
765,133965,71522,2020,North Carolina,1365,Change Research,576,CNBC,Change Research,48,Change Research,B-,521,lv,lv,Online/Text,U.S. Senate,0,Class II,10/16/20,10/19/20,11/3/20,,0,,,0,0,10/20/20 20:42,,https://www.cnbc.com/2020/10/20/voters-want-senate-to-choose-coronavirus-stimulus-over-supreme-court.html,general,6284,Cunningham,13468,Cal Cunningham,DEM,51.0
766,133965,71522,2020,North Carolina,1365,Change Research,576,CNBC,Change Research,48,Change Research,B-,521,lv,lv,Online/Text,U.S. Senate,0,Class II,10/16/20,10/19/20,11/3/20,,0,,,0,0,10/20/20 20:42,,https://www.cnbc.com/2020/10/20/voters-want-senate-to-choose-coronavirus-stimulus-over-supreme-court.html,general,6284,Tillis,13461,Thom Tillis,REP,45.0
767,134044,71556,2020,Texas,396,Quinnipiac University,,,Quinnipiac University,267,Quinnipiac University,A-,1145,lv,lv,Live Phone,U.S. Senate,2,Class II,10/16/20,10/19/20,11/3/20,,0,,,0,0,10/21/20 14:02,,https://poll.qu.edu/pennsylvania/release-detail?ReleaseID=3680,general,6295,Hegar,13459,Mary Jennings Hegar,DEM,43.0
768,134044,71556,2020,Texas,396,Quinnipiac University,,,Quinnipiac University,267,Quinnipiac University,A-,1145,lv,lv,Live Phone,U.S. Senate,2,Class II,10/16/20,10/19/20,11/3/20,,0,,,0,0,10/21/20 14:02,,https://poll.qu.edu/pennsylvania/release-detail?ReleaseID=3680,general,6295,Cornyn,13444,John Cornyn,REP,49.0
769,134398,71735,2020,Alaska,1365,Change Research,,,Change Research,48,Change Research,B-,1076,lv,lv,Online/Text,U.S. Senate,0,Class II,10/16/20,10/19/20,11/3/20,Al Gross,1,DEM,,0,0,10/22/20 22:41,,https://twitter.com/ChangePolls/status/1319445788272005120,general,6265,Gross,14697,Al Gross,DEM,44.0
770,134398,71735,2020,Alaska,1365,Change Research,,,Change Research,48,Change Research,B-,1076,lv,lv,Online/Text,U.S. Senate,0,Class II,10/16/20,10/19/20,11/3/20,Al Gross,1,DEM,,0,0,10/22/20 22:41,,https://twitter.com/ChangePolls/status/1319445788272005120,general,6265,Sullivan,13462,Dan Sullivan,REP,47.0
771,134398,71735,2020,Alaska,1365,Change Research,,,Change Research,48,Change Research,B-,1076,lv,lv,Online/Text,U.S. Senate,0,Class II,10/16/20,10/19/20,11/3/20,Al Gross,1,DEM,,0,0,10/22/20 22:41,,https://twitter.com/ChangePolls/status/1319445788272005120,general,6265,Howe,16040,John Wayne Howe,AKI,3.0
772,134428,71746,2020,North Carolina,1327,Meredith College,,,Meredith College,423,Meredith College,B/C,732,lv,lv,Online,U.S. Senate,0,Class II,10/16/20,10/19/20,11/3/20,,0,,,0,0,10/23/20 13:00,,https://www.meredith.edu/assets/images/content/Meredith_College_Poll_Report_October_2020.pdf,general,6284,Cunningham,13468,Cal Cunningham,DEM,43.3
773,134428,71746,2020,North Carolina,1327,Meredith College,,,Meredith College,423,Meredith College,B/C,732,lv,lv,Online,U.S. Senate,0,Class II,10/16/20,10/19/20,11/3/20,,0,,,0,0,10/23/20 13:00,,https://www.meredith.edu/assets/images/content/Meredith_College_Poll_Report_October_2020.pdf,general,6284,Tillis,13461,Thom Tillis,REP,38.2
774,134428,71746,2020,North Carolina,1327,Meredith College,,,Meredith College,423,Meredith College,B/C,732,lv,lv,Online,U.S. Senate,0,Class II,10/16/20,10/19/20,11/3/20,,0,,,0,0,10/23/20 13:00,,https://www.meredith.edu/assets/images/content/Meredith_College_Poll_Report_October_2020.pdf,general,6284,Bray,14557,Shannon Wilson Bray,LIB,3.8
775,134428,71746,2020,North Carolina,1327,Meredith College,,,Meredith College,423,Meredith College,B/C,732,lv,lv,Online,U.S. Senate,0,Class II,10/16/20,10/19/20,11/3/20,,0,,,0,0,10/23/20 13:00,,https://www.meredith.edu/assets/images/content/Meredith_College_Poll_Report_October_2020.pdf,general,6284,Hayes,14558,Kevin Eugene Hayes,CON,0.6
776,134029,71548,2020,Iowa,320,Monmouth University,,,Monmouth University,215,Monmouth University,A,501,rv,rv,Live Phone,U.S. Senate,0,Class II,10/15/20,10/19/20,11/3/20,,0,,,0,0,10/21/20 11:04,,https://www.monmouth.edu/polling-institute/documents/monmouthpoll_ia_102120.pdf/,general,6272,Greenfield,13466,Theresa Greenfield,DEM,47.0
777,134029,71548,2020,Iowa,320,Monmouth University,,,Monmouth University,215,Monmouth University,A,501,rv,rv,Live Phone,U.S. Senate,0,Class II,10/15/20,10/19/20,11/3/20,,0,,,0,0,10/21/20 11:04,,https://www.monmouth.edu/polling-institute/documents/monmouthpoll_ia_102120.pdf/,general,6272,Ernst,13467,Joni K. Ernst,REP,47.0
778,134029,71548,2020,Iowa,320,Monmouth University,,,Monmouth University,215,Monmouth University,A,501,rv,rv,Live Phone,U.S. Senate,0,Class II,10/15/20,10/19/20,11/3/20,,0,,,0,0,10/21/20 11:04,,https://www.monmouth.edu/polling-institute/documents/monmouthpoll_ia_102120.pdf/,general,6272,Stewart,15614,Rick Stewart,LIB,1.0
779,134029,71548,2020,Iowa,320,Monmouth University,,,Monmouth University,215,Monmouth University,A,501,rv,rv,Live Phone,U.S. Senate,0,Class II,10/15/20,10/19/20,11/3/20,,0,,,0,0,10/21/20 11:04,,https://www.monmouth.edu/polling-institute/documents/monmouthpoll_ia_102120.pdf/,general,6272,Herzog,15642,Suzanne Herzog,IND,1.0
780,134030,71548,2020,Iowa,320,Monmouth University,,,Monmouth University,215,Monmouth University,A,501,lv,lv,Live Phone,U.S. Senate,0,Class II,10/15/20,10/19/20,11/3/20,,0,,,0,0,10/21/20 11:04,higher turnout model,https://www.monmouth.edu/polling-institute/documents/monmouthpoll_ia_102120.pdf/,general,6272,Greenfield,13466,Theresa Greenfield,DEM,49.0
781,134030,71548,2020,Iowa,320,Monmouth University,,,Monmouth University,215,Monmouth University,A,501,lv,lv,Live Phone,U.S. Senate,0,Class II,10/15/20,10/19/20,11/3/20,,0,,,0,0,10/21/20 11:04,higher turnout model,https://www.monmouth.edu/polling-institute/documents/monmouthpoll_ia_102120.pdf/,general,6272,Ernst,13467,Joni K. Ernst,REP,47.0
782,134031,71548,2020,Iowa,320,Monmouth University,,,Monmouth University,215,Monmouth University,A,501,lv,lv,Live Phone,U.S. Senate,0,Class II,10/15/20,10/19/20,11/3/20,,0,,,0,0,10/21/20 11:04,lower turnout model,https://www.monmouth.edu/polling-institute/documents/monmouthpoll_ia_102120.pdf/,general,6272,Greenfield,13466,Theresa Greenfield,DEM,51.0
783,134031,71548,2020,Iowa,320,Monmouth University,,,Monmouth University,215,Monmouth University,A,501,lv,lv,Live Phone,U.S. Senate,0,Class II,10/15/20,10/19/20,11/3/20,,0,,,0,0,10/21/20 11:04,lower turnout model,https://www.monmouth.edu/polling-institute/documents/monmouthpoll_ia_102120.pdf/,general,6272,Ernst,13467,Joni K. Ernst,REP,45.0
784,134409,71738,2020,Michigan,143,EPIC-MRA,683,WLNS TV 6,EPIC-MRA,84,EPIC-MRA,B,600,lv,lv,Live Phone,U.S. Senate,2,Class II,10/15/20,10/19/20,11/3/20,,0,,,0,0,10/23/20 07:51,,https://www.woodtv.com/wp-content/uploads/sites/51/2020/10/2020-EPICMRA-Omnibus-Statewide-Oct-Poll-102320.pdf,general,6280,Peters,13453,Gary C. Peters,DEM,45.0
785,134409,71738,2020,Michigan,143,EPIC-MRA,683,WLNS TV 6,EPIC-MRA,84,EPIC-MRA,B,600,lv,lv,Live Phone,U.S. Senate,2,Class II,10/15/20,10/19/20,11/3/20,,0,,,0,0,10/23/20 07:51,,https://www.woodtv.com/wp-content/uploads/sites/51/2020/10/2020-EPICMRA-Omnibus-Statewide-Oct-Poll-102320.pdf,general,6280,James,13454,John James,REP,39.0
786,134023,71461,2020,Arizona,1554,RMG Research,1475,PoliticalIQ,RMG Research,555,RMG Research,B-,800,lv,lv,Text,U.S. Senate,2,Class III,10/14/20,10/19/20,11/3/20,,0,,,0,0,10/21/20 10:09,,http://politicaliq.com/2020/10/21/az-senate-race-kelly-d-46-mcsally-r-39/,general,6268,Kelly,13445,Mark Kelly,DEM,46.0
787,134023,71461,2020,Arizona,1554,RMG Research,1475,PoliticalIQ,RMG Research,555,RMG Research,B-,800,lv,lv,Text,U.S. Senate,2,Class III,10/14/20,10/19/20,11/3/20,,0,,,0,0,10/21/20 10:09,,http://politicaliq.com/2020/10/21/az-senate-race-kelly-d-46-mcsally-r-39/,general,6268,McSally,13446,Martha McSally,REP,39.0
788,133827,71454,2020,Georgia,1424,Siena College/The New York Times Upshot,,,Siena College/The New York Times Upshot,448,Siena College/The New York Times Upshot,A+,759,lv,lv,Live Phone,U.S. Senate,0,Class II,10/13/20,10/19/20,11/3/20,,0,,,0,0,10/20/20 13:05,,https://int.nyt.com/data/documenttools/ga101320-crosstabs/96723fae2a9846ed/full.pdf,general,6271,Ossoff,14567,Jon Ossoff,DEM,43.0
789,133827,71454,2020,Georgia,1424,Siena College/The New York Times Upshot,,,Siena College/The New York Times Upshot,448,Siena College/The New York Times Upshot,A+,759,lv,lv,Live Phone,U.S. Senate,0,Class II,10/13/20,10/19/20,11/3/20,,0,,,0,0,10/20/20 13:05,,https://int.nyt.com/data/documenttools/ga101320-crosstabs/96723fae2a9846ed/full.pdf,general,6271,Perdue,14568,David A. Perdue,REP,43.0
790,133827,71454,2020,Georgia,1424,Siena College/The New York Times Upshot,,,Siena College/The New York Times Upshot,448,Siena College/The New York Times Upshot,A+,759,lv,lv,Live Phone,U.S. Senate,0,Class II,10/13/20,10/19/20,11/3/20,,0,,,0,0,10/20/20 13:05,,https://int.nyt.com/data/documenttools/ga101320-crosstabs/96723fae2a9846ed/full.pdf,general,6271,Hazel,14572,Shane Hazel,LIB,4.0
791,133828,71454,2020,Georgia,1424,Siena College/The New York Times Upshot,,,Siena College/The New York Times Upshot,448,Siena College/The New York Times Upshot,A+,759,lv,lv,Live Phone,U.S. Senate,2,Class III,10/13/20,10/19/20,11/3/20,,0,,,0,0,10/20/20 13:05,,https://int.nyt.com/data/documenttools/ga101320-crosstabs/96723fae2a9846ed/full.pdf,jungle primary,7780,Warnock,14489,Raphael Warnock,DEM,32.0
792,133828,71454,2020,Georgia,1424,Siena College/The New York Times Upshot,,,Siena College/The New York Times Upshot,448,Siena College/The New York Times Upshot,A+,759,lv,lv,Live Phone,U.S. Senate,2,Class III,10/13/20,10/19/20,11/3/20,,0,,,0,0,10/20/20 13:05,,https://int.nyt.com/data/documenttools/ga101320-crosstabs/96723fae2a9846ed/full.pdf,jungle primary,7780,Loeffler,13671,Kelly Loeffler,REP,23.0
793,133828,71454,2020,Georgia,1424,Siena College/The New York Times Upshot,,,Siena College/The New York Times Upshot,448,Siena College/The New York Times Upshot,A+,759,lv,lv,Live Phone,U.S. Senate,2,Class III,10/13/20,10/19/20,11/3/20,,0,,,0,0,10/20/20 13:05,,https://int.nyt.com/data/documenttools/ga101320-crosstabs/96723fae2a9846ed/full.pdf,jungle primary,7780,Collins,13669,Doug Collins,REP,17.0
794,133828,71454,2020,Georgia,1424,Siena College/The New York Times Upshot,,,Siena College/The New York Times Upshot,448,Siena College/The New York Times Upshot,A+,759,lv,lv,Live Phone,U.S. Senate,2,Class III,10/13/20,10/19/20,11/3/20,,0,,,0,0,10/20/20 13:05,,https://int.nyt.com/data/documenttools/ga101320-crosstabs/96723fae2a9846ed/full.pdf,jungle primary,7780,Lieberman,13670,Matthew Lieberman,DEM,7.0
795,133828,71454,2020,Georgia,1424,Siena College/The New York Times Upshot,,,Siena College/The New York Times Upshot,448,Siena College/The New York Times Upshot,A+,759,lv,lv,Live Phone,U.S. Senate,2,Class III,10/13/20,10/19/20,11/3/20,,0,,,0,0,10/20/20 13:05,,https://int.nyt.com/data/documenttools/ga101320-crosstabs/96723fae2a9846ed/full.pdf,jungle primary,7780,Tarver,14490,Ed Tarver,DEM,2.0
796,133829,71454,2020,Georgia,1424,Siena College/The New York Times Upshot,,,Siena College/The New York Times Upshot,448,Siena College/The New York Times Upshot,A+,759,lv,lv,Live Phone,U.S. Senate,2,Class III,10/13/20,10/19/20,1/5/21,,0,,,0,0,10/20/20 13:05,,https://int.nyt.com/data/documenttools/ga101320-crosstabs/96723fae2a9846ed/full.pdf,runoff,7781,Warnock,14489,Raphael Warnock,DEM,45.0
797,133829,71454,2020,Georgia,1424,Siena College/The New York Times Upshot,,,Siena College/The New York Times Upshot,448,Siena College/The New York Times Upshot,A+,759,lv,lv,Live Phone,U.S. Senate,2,Class III,10/13/20,10/19/20,1/5/21,,0,,,0,0,10/20/20 13:05,,https://int.nyt.com/data/documenttools/ga101320-crosstabs/96723fae2a9846ed/full.pdf,runoff,7781,Collins,13669,Doug Collins,REP,41.0
798,133830,71454,2020,Georgia,1424,Siena College/The New York Times Upshot,,,Siena College/The New York Times Upshot,448,Siena College/The New York Times Upshot,A+,759,lv,lv,Live Phone,U.S. Senate,2,Class III,10/13/20,10/19/20,1/5/21,,0,,,0,0,10/20/20 13:05,,https://int.nyt.com/data/documenttools/ga101320-crosstabs/96723fae2a9846ed/full.pdf,runoff,7781,Warnock,14489,Raphael Warnock,DEM,45.0
799,133830,71454,2020,Georgia,1424,Siena College/The New York Times Upshot,,,Siena College/The New York Times Upshot,448,Siena College/The New York Times Upshot,A+,759,lv,lv,Live Phone,U.S. Senate,2,Class III,10/13/20,10/19/20,1/5/21,,0,,,0,0,10/20/20 13:05,,https://int.nyt.com/data/documenttools/ga101320-crosstabs/96723fae2a9846ed/full.pdf,runoff,7781,Loeffler,13671,Kelly Loeffler,REP,41.0
800,134246,71659,2020,Virginia,1460,ABC News/The Washington Post,,,The Washington Post/George Mason University,3,ABC News/The Washington Post,A+,908,lv,lv,Live Phone,U.S. Senate,2,Class II,10/13/20,10/19/20,11/3/20,,0,,,0,0,10/22/20 10:13,,https://www.washingtonpost.com/context/oct-13-19-2020-washington-post-schar-school-poll-of-virginia-voters/2be60bb5-dff2-4440-a7c4-af4e42a86c88/?tid=a_inl_manual,general,6296,Warner,14760,Mark R. Warner,DEM,57.0
801,134246,71659,2020,Virginia,1460,ABC News/The Washington Post,,,The Washington Post/George Mason University,3,ABC News/The Washington Post,A+,908,lv,lv,Live Phone,U.S. Senate,2,Class II,10/13/20,10/19/20,11/3/20,,0,,,0,0,10/22/20 10:13,,https://www.washingtonpost.com/context/oct-13-19-2020-washington-post-schar-school-poll-of-virginia-voters/2be60bb5-dff2-4440-a7c4-af4e42a86c88/?tid=a_inl_manual,general,6296,Gade,15688,Daniel M. Gade,REP,39.0
802,133645,71367,2020,Michigan,317,Mitchell Research & Communications,801,MIRS News Service,Mitchell Research & Communications,213,Mitchell Research & Communications,C-,900,lv,lv,IVR/Live Phone,U.S. Senate,2,Class II,10/18/20,10/18/20,11/3/20,,0,,,0,0,10/19/20 13:11,,https://projects.fivethirtyeight.com/polls/20201019_MI_Mitchell.pdf,general,6280,Peters,13453,Gary C. Peters,DEM,49.0
803,133645,71367,2020,Michigan,317,Mitchell Research & Communications,801,MIRS News Service,Mitchell Research & Communications,213,Mitchell Research & Communications,C-,900,lv,lv,IVR/Live Phone,U.S. Senate,2,Class II,10/18/20,10/18/20,11/3/20,,0,,,0,0,10/19/20 13:11,,https://projects.fivethirtyeight.com/polls/20201019_MI_Mitchell.pdf,general,6280,James,13454,John James,REP,43.0
804,133818,71451,2020,Arizona,1308,Data Orbital,,,Data Orbital,73,Data Orbital,A/B,550,lv,lv,Live Phone,U.S. Senate,2,Class III,10/16/20,10/18/20,11/3/20,,0,,,0,0,10/20/20 10:35,,https://www.dataorbital.com/the-blog/breaking-in-arizona-presidential-and-us-races-still-tight-two-weeks-out-from-election-day,general,6268,Kelly,13445,Mark Kelly,DEM,48.1
805,133818,71451,2020,Arizona,1308,Data Orbital,,,Data Orbital,73,Data Orbital,A/B,550,lv,lv,Live Phone,U.S. Senate,2,Class III,10/16/20,10/18/20,11/3/20,,0,,,0,0,10/20/20 10:35,,https://www.dataorbital.com/the-blog/breaking-in-arizona-presidential-and-us-races-still-tight-two-weeks-out-from-election-day,general,6268,McSally,13446,Martha McSally,REP,41.9
806,133637,71363,2020,Montana,1554,RMG Research,1475,PoliticalIQ,RMG Research,555,RMG Research,B-,800,lv,lv,IVR/Text,U.S. Senate,2,Class II,10/15/20,10/18/20,11/3/20,,0,,,0,0,10/19/20 10:07,,http://politicaliq.com/2020/10/19/montana-senate-race-daines-r-49-bullock-d-47/,general,6283,Bullock,14517,Steve Bullock,DEM,47.0
807,133637,71363,2020,Montana,1554,RMG Research,1475,PoliticalIQ,RMG Research,555,RMG Research,B-,800,lv,lv,IVR/Text,U.S. Senate,2,Class II,10/15/20,10/18/20,11/3/20,,0,,,0,0,10/19/20 10:07,,http://politicaliq.com/2020/10/19/montana-senate-race-daines-r-49-bullock-d-47/,general,6283,Daines,14518,Steve Daines,REP,49.0
808,133786,71437,2020,Texas,1515,Data for Progress,"1155,1452",Crooked Media | Indivisible,Data for Progress,522,Data for Progress,B,933,lv,lv,Online/Text,U.S. Senate,2,Class II,10/15/20,10/18/20,11/3/20,,0,DEM,,0,0,10/19/20 21:53,,https://filesforprogress.org/memos/2020-senate-project/week-5/toplines/tx.pdf,general,6295,Hegar,13459,Mary Jennings Hegar,DEM,41.0
809,133786,71437,2020,Texas,1515,Data for Progress,"1155,1452",Crooked Media | Indivisible,Data for Progress,522,Data for Progress,B,933,lv,lv,Online/Text,U.S. Senate,2,Class II,10/15/20,10/18/20,11/3/20,,0,DEM,,0,0,10/19/20 21:53,,https://filesforprogress.org/memos/2020-senate-project/week-5/toplines/tx.pdf,general,6295,Cornyn,13444,John Cornyn,REP,44.0
810,133786,71437,2020,Texas,1515,Data for Progress,"1155,1452",Crooked Media | Indivisible,Data for Progress,522,Data for Progress,B,933,lv,lv,Online/Text,U.S. Senate,2,Class II,10/15/20,10/18/20,11/3/20,,0,DEM,,0,0,10/19/20 21:53,,https://filesforprogress.org/memos/2020-senate-project/week-5/toplines/tx.pdf,general,6295,Turullols-Bonilla,15683,Ricardo Turullols-Bonilla,IND,1.0
811,133786,71437,2020,Texas,1515,Data for Progress,"1155,1452",Crooked Media | Indivisible,Data for Progress,522,Data for Progress,B,933,lv,lv,Online/Text,U.S. Senate,2,Class II,10/15/20,10/18/20,11/3/20,,0,DEM,,0,0,10/19/20 21:53,,https://filesforprogress.org/memos/2020-senate-project/week-5/toplines/tx.pdf,general,6295,McKennon,15835,Kerry Douglas McKennon,LIB,2.0
812,133824,71452,2020,North Carolina,1516,East Carolina University,,,East Carolina University,523,East Carolina University,B/C,1155,lv,lv,IVR/Online,U.S. Senate,0,Class II,10/15/20,10/18/20,11/3/20,,0,,,0,0,10/20/20 12:47,,https://surveyresearch-ecu.reportablenews.com/pr/ecu-poll-biden-leads-trump-by-three-points-among-likely-voters-in-north-carolina-senate-election-remains-a-toss-up-cooper-ahead-of-forest-by-nine-points-other-statewide-contests-show-small-leads-for-robinson-stein-and-folwell,general,6284,Cunningham,13468,Cal Cunningham,DEM,48.6
813,133824,71452,2020,North Carolina,1516,East Carolina University,,,East Carolina University,523,East Carolina University,B/C,1155,lv,lv,IVR/Online,U.S. Senate,0,Class II,10/15/20,10/18/20,11/3/20,,0,,,0,0,10/20/20 12:47,,https://surveyresearch-ecu.reportablenews.com/pr/ecu-poll-biden-leads-trump-by-three-points-among-likely-voters-in-north-carolina-senate-election-remains-a-toss-up-cooper-ahead-of-forest-by-nine-points-other-statewide-contests-show-small-leads-for-robinson-stein-and-folwell,general,6284,Tillis,13461,Thom Tillis,REP,47.2
814,134182,71623,2020,Michigan,1515,Data for Progress,"1155,1452",Crooked Media | Indivisible,Data for Progress,522,Data for Progress,B,830,lv,lv,Online/Text,U.S. Senate,2,Class II,10/15/20,10/18/20,11/3/20,,0,DEM,,0,0,10/21/20 18:06,,https://filesforprogress.org/memos/2020-senate-project/week-5/toplines/dfp_psp_mi_10.21.2020.pdf,general,6280,Peters,13453,Gary C. Peters,DEM,48.0
815,134182,71623,2020,Michigan,1515,Data for Progress,"1155,1452",Crooked Media | Indivisible,Data for Progress,522,Data for Progress,B,830,lv,lv,Online/Text,U.S. Senate,2,Class II,10/15/20,10/18/20,11/3/20,,0,DEM,,0,0,10/21/20 18:06,,https://filesforprogress.org/memos/2020-senate-project/week-5/toplines/dfp_psp_mi_10.21.2020.pdf,general,6280,James,13454,John James,REP,43.0
816,134234,71649,2020,Michigan,1250,Trafalgar Group,1251,Restoration PAC,Trafalgar Group,338,Trafalgar Group,A-,1034,lv,lv,IVR/Online/Text,U.S. Senate,2,Class II,10/15/20,10/18/20,11/3/20,,0,REP,,0,0,10/22/20 07:53,,https://d3n8a8pro7vhmx.cloudfront.net/restoration/pages/1001/attachments/original/1603307463/RSTP_MI_'20_Oct_Press_Report.pdf,general,6280,Peters,13453,Gary C. Peters,DEM,47.5
817,134234,71649,2020,Michigan,1250,Trafalgar Group,1251,Restoration PAC,Trafalgar Group,338,Trafalgar Group,A-,1034,lv,lv,IVR/Online/Text,U.S. Senate,2,Class II,10/15/20,10/18/20,11/3/20,,0,REP,,0,0,10/22/20 07:53,,https://d3n8a8pro7vhmx.cloudfront.net/restoration/pages/1001/attachments/original/1603307463/RSTP_MI_'20_Oct_Press_Report.pdf,general,6280,James,13454,John James,REP,49.7
818,134443,71752,2020,North Carolina,1515,Data for Progress,"1155,1452",Crooked Media | Indivisible,Data for Progress,522,Data for Progress,B,929,lv,lv,Online,U.S. Senate,0,Class II,10/15/20,10/18/20,11/3/20,,0,DEM,,0,0,10/23/20 14:56,,https://filesforprogress.org/memos/2020%20Senate%20project/Week%205/Toplines/dfp_psp_nc_10.23.pdf,general,6284,Cunningham,13468,Cal Cunningham,DEM,46.0
819,134443,71752,2020,North Carolina,1515,Data for Progress,"1155,1452",Crooked Media | Indivisible,Data for Progress,522,Data for Progress,B,929,lv,lv,Online,U.S. Senate,0,Class II,10/15/20,10/18/20,11/3/20,,0,DEM,,0,0,10/23/20 14:56,,https://filesforprogress.org/memos/2020%20Senate%20project/Week%205/Toplines/dfp_psp_nc_10.23.pdf,general,6284,Tillis,13461,Thom Tillis,REP,42.0
820,134443,71752,2020,North Carolina,1515,Data for Progress,"1155,1452",Crooked Media | Indivisible,Data for Progress,522,Data for Progress,B,929,lv,lv,Online,U.S. Senate,0,Class II,10/15/20,10/18/20,11/3/20,,0,DEM,,0,0,10/23/20 14:56,,https://filesforprogress.org/memos/2020%20Senate%20project/Week%205/Toplines/dfp_psp_nc_10.23.pdf,general,6284,Hayes,14558,Kevin Eugene Hayes,CON,1.0
821,134443,71752,2020,North Carolina,1515,Data for Progress,"1155,1452",Crooked Media | Indivisible,Data for Progress,522,Data for Progress,B,929,lv,lv,Online,U.S. Senate,0,Class II,10/15/20,10/18/20,11/3/20,,0,DEM,,0,0,10/23/20 14:56,,https://filesforprogress.org/memos/2020%20Senate%20project/Week%205/Toplines/dfp_psp_nc_10.23.pdf,general,6284,Bray,14557,Shannon Wilson Bray,LIB,1.0
822,133973,71528,2020,New Mexico,907,GBAO,,,GBAO,109,GBAO,B/C,600,lv,lv,Live Phone,U.S. Senate,2,Class II,10/14/20,10/17/20,11/3/20,Ben Ray Luján,1,DEM,,0,0,10/20/20 21:31,,https://benraylujan.com/wp-content/uploads/2020/10/Lujan-Poll-Memo-102020.pdf,general,6288,Lujan,13626,Ben Ray Luján,DEM,52.0
823,133973,71528,2020,New Mexico,907,GBAO,,,GBAO,109,GBAO,B/C,600,lv,lv,Live Phone,U.S. Senate,2,Class II,10/14/20,10/17/20,11/3/20,Ben Ray Luján,1,DEM,,0,0,10/20/20 21:31,,https://benraylujan.com/wp-content/uploads/2020/10/Lujan-Poll-Memo-102020.pdf,general,6288,Ronchetti,14622,Mark V. Ronchetti,REP,41.0
824,133973,71528,2020,New Mexico,907,GBAO,,,GBAO,109,GBAO,B/C,600,lv,lv,Live Phone,U.S. Senate,2,Class II,10/14/20,10/17/20,11/3/20,Ben Ray Luján,1,DEM,,0,0,10/20/20 21:31,,https://benraylujan.com/wp-content/uploads/2020/10/Lujan-Poll-Memo-102020.pdf,general,6288,Walsh,15617,Robert M. Walsh,LIB,5.0
825,133974,71528,2020,New Mexico,907,GBAO,,,GBAO,109,GBAO,B/C,600,lv,lv,Live Phone,U.S. Senate,2,Class II,10/14/20,10/17/20,11/3/20,Ben Ray Luján,1,DEM,,0,0,10/20/20 21:31,,https://benraylujan.com/wp-content/uploads/2020/10/Lujan-Poll-Memo-102020.pdf,general,6288,Lujan,13626,Ben Ray Luján,DEM,54.0
826,133974,71528,2020,New Mexico,907,GBAO,,,GBAO,109,GBAO,B/C,600,lv,lv,Live Phone,U.S. Senate,2,Class II,10/14/20,10/17/20,11/3/20,Ben Ray Luján,1,DEM,,0,0,10/20/20 21:31,,https://benraylujan.com/wp-content/uploads/2020/10/Lujan-Poll-Memo-102020.pdf,general,6288,Ronchetti,14622,Mark V. Ronchetti,REP,43.0
827,133801,71441,2020,North Carolina,11,ABC News/The Washington Post,378,The Washington Post,ABC News/The Washington Post,3,ABC News/The Washington Post,A+,706,rv,rv,Live Phone,U.S. Senate,0,Class II,10/12/20,10/17/20,11/3/20,,0,,,0,0,10/20/20 07:24,,https://www.washingtonpost.com/context/oct-12-17-2020-post-abc-poll-north-carolina/5bed58ac-8dc1-4018-857b-ab7aedeb3d2e/?tid=a_inl_manual&tidloc=8,general,6284,Cunningham,13468,Cal Cunningham,DEM,49.0
828,133801,71441,2020,North Carolina,11,ABC News/The Washington Post,378,The Washington Post,ABC News/The Washington Post,3,ABC News/The Washington Post,A+,706,rv,rv,Live Phone,U.S. Senate,0,Class II,10/12/20,10/17/20,11/3/20,,0,,,0,0,10/20/20 07:24,,https://www.washingtonpost.com/context/oct-12-17-2020-post-abc-poll-north-carolina/5bed58ac-8dc1-4018-857b-ab7aedeb3d2e/?tid=a_inl_manual&tidloc=8,general,6284,Tillis,13461,Thom Tillis,REP,46.0
829,133802,71441,2020,North Carolina,11,ABC News/The Washington Post,378,The Washington Post,ABC News/The Washington Post,3,ABC News/The Washington Post,A+,646,lv,lv,Live Phone,U.S. Senate,0,Class II,10/12/20,10/17/20,11/3/20,,0,,,0,0,10/20/20 07:24,,https://www.washingtonpost.com/context/oct-12-17-2020-post-abc-poll-north-carolina/5bed58ac-8dc1-4018-857b-ab7aedeb3d2e/?tid=a_inl_manual&tidloc=8,general,6284,Cunningham,13468,Cal Cunningham,DEM,49.0
830,133802,71441,2020,North Carolina,11,ABC News/The Washington Post,378,The Washington Post,ABC News/The Washington Post,3,ABC News/The Washington Post,A+,646,lv,lv,Live Phone,U.S. Senate,0,Class II,10/12/20,10/17/20,11/3/20,,0,,,0,0,10/20/20 07:24,,https://www.washingtonpost.com/context/oct-12-17-2020-post-abc-poll-north-carolina/5bed58ac-8dc1-4018-857b-ab7aedeb3d2e/?tid=a_inl_manual&tidloc=8,general,6284,Tillis,13461,Thom Tillis,REP,47.0
831,133502,71295,2020,Arizona,568,YouGov,133,CBS News,YouGov,391,YouGov,B+,1065,lv,lv,Online,U.S. Senate,2,Class III,10/13/20,10/16/20,11/3/20,,0,,,0,0,10/18/20 11:04,,https://drive.google.com/file/d/1j9uJnxfT1x8spYhW2QmAq6OkSMd06wJG/view,general,6268,Kelly,13445,Mark Kelly,DEM,52.0
832,133502,71295,2020,Arizona,568,YouGov,133,CBS News,YouGov,391,YouGov,B+,1065,lv,lv,Online,U.S. Senate,2,Class III,10/13/20,10/16/20,11/3/20,,0,,,0,0,10/18/20 11:04,,https://drive.google.com/file/d/1j9uJnxfT1x8spYhW2QmAq6OkSMd06wJG/view,general,6268,McSally,13446,Martha McSally,REP,41.0
833,133614,71352,2020,Colorado,400,RBI Strategies & Research,,,RBI Strategies & Research,271,RBI Strategies & Research,B/C,502,lv,lv,Live Phone,U.S. Senate,0,Class II,10/12/20,10/16/20,11/3/20,,0,,,0,0,10/18/20 21:08,,http://www.rbistrategies.com/wp-content/uploads/2020/10/Statewide-Polling-Memo-October-2020.pdf,general,6269,Hickenlooper,13474,John Wright Hickenlooper,DEM,53.0
834,133614,71352,2020,Colorado,400,RBI Strategies & Research,,,RBI Strategies & Research,271,RBI Strategies & Research,B/C,502,lv,lv,Live Phone,U.S. Senate,0,Class II,10/12/20,10/16/20,11/3/20,,0,,,0,0,10/18/20 21:08,,http://www.rbistrategies.com/wp-content/uploads/2020/10/Statewide-Polling-Memo-October-2020.pdf,general,6269,Gardner,13475,Cory Gardner,REP,39.0
835,133614,71352,2020,Colorado,400,RBI Strategies & Research,,,RBI Strategies & Research,271,RBI Strategies & Research,B/C,502,lv,lv,Live Phone,U.S. Senate,0,Class II,10/12/20,10/16/20,11/3/20,,0,,,0,0,10/18/20 21:08,,http://www.rbistrategies.com/wp-content/uploads/2020/10/Statewide-Polling-Memo-October-2020.pdf,general,6269,Evans,15629,Stephen Dale Evans,OTH,1.0
836,133614,71352,2020,Colorado,400,RBI Strategies & Research,,,RBI Strategies & Research,271,RBI Strategies & Research,B/C,502,lv,lv,Live Phone,U.S. Senate,0,Class II,10/12/20,10/16/20,11/3/20,,0,,,0,0,10/18/20 21:08,,http://www.rbistrategies.com/wp-content/uploads/2020/10/Statewide-Polling-Memo-October-2020.pdf,general,6269,Doane,15627,Raymon Anthony Doane,LIB,2.0
837,133369,71233,2020,South Carolina,1557,brilliant corners Research & Strategies,,,brilliant corners Research & Strategies,564,brilliant corners Research & Strategies,B/C,525,lv,lv,Live Phone,U.S. Senate,0,Class II,10/11/20,10/16/20,11/3/20,Jaime Harrison,1,DEM,,0,0,10/16/20 17:20,,https://jaimeharrison.com/wp-content/uploads/2020/10/10.16-Poll.pdf,general,6292,Harrison,13457,Jaime Harrison,DEM,47.0
838,133369,71233,2020,South Carolina,1557,brilliant corners Research & Strategies,,,brilliant corners Research & Strategies,564,brilliant corners Research & Strategies,B/C,525,lv,lv,Live Phone,U.S. Senate,0,Class II,10/11/20,10/16/20,11/3/20,Jaime Harrison,1,DEM,,0,0,10/16/20 17:20,,https://jaimeharrison.com/wp-content/uploads/2020/10/10.16-Poll.pdf,general,6292,Graham,13458,Lindsey Graham,REP,45.0
839,133369,71233,2020,South Carolina,1557,brilliant corners Research & Strategies,,,brilliant corners Research & Strategies,564,brilliant corners Research & Strategies,B/C,525,lv,lv,Live Phone,U.S. Senate,0,Class II,10/11/20,10/16/20,11/3/20,Jaime Harrison,1,DEM,,0,0,10/16/20 17:20,,https://jaimeharrison.com/wp-content/uploads/2020/10/10.16-Poll.pdf,general,6292,Bledsoe,14749,Bill Bledsoe,CON,3.0
840,133244,71169,2020,Texas,383,Public Policy Polling,,,Public Policy Polling,263,Public Policy Polling,A-,712,v,v,IVR/Text,U.S. Senate,2,Class II,10/14/20,10/15/20,11/3/20,,0,,,0,0,10/16/20 09:20,,https://www.publicpolicypolling.com/wp-content/uploads/2020/10/TexasSenatePollOctober2020-1.pdf,general,6295,Hegar,13459,Mary Jennings Hegar,DEM,46.0
841,133244,71169,2020,Texas,383,Public Policy Polling,,,Public Policy Polling,263,Public Policy Polling,A-,712,v,v,IVR/Text,U.S. Senate,2,Class II,10/14/20,10/15/20,11/3/20,,0,,,0,0,10/16/20 09:20,,https://www.publicpolicypolling.com/wp-content/uploads/2020/10/TexasSenatePollOctober2020-1.pdf,general,6295,Cornyn,13444,John Cornyn,REP,49.0
842,133262,71178,2020,Michigan,1508,Harris Insights & Analytics,960,Hill.TV,Harris Poll,133,Harris Insights & Analytics,B+,1289,lv,lv,Online,U.S. Senate,2,Class II,10/12/20,10/15/20,11/3/20,,0,,,0,0,10/16/20 15:46,,https://thehill.com/homenews/campaign/521415-biden-holds-9-point-lead-over-in-michigan-poll,general,6280,Peters,13453,Gary C. Peters,DEM,50.0
843,133262,71178,2020,Michigan,1508,Harris Insights & Analytics,960,Hill.TV,Harris Poll,133,Harris Insights & Analytics,B+,1289,lv,lv,Online,U.S. Senate,2,Class II,10/12/20,10/15/20,11/3/20,,0,,,0,0,10/16/20 15:46,,https://thehill.com/homenews/campaign/521415-biden-holds-9-point-lead-over-in-michigan-poll,general,6280,James,13454,John James,REP,43.0
844,133987,71443,2020,Kentucky,289,Mason-Dixon Polling & Strategy,,,Mason-Dixon Polling & Strategy,197,Mason-Dixon Polling & Strategy,A-,625,lv,lv,Live Phone,U.S. Senate,0,Class II,10/12/20,10/15/20,11/3/20,,0,,,0,0,10/21/20 07:52,,https://projects.fivethirtyeight.com/polls/20201021_KY_MasonDixon.pdf,general,6276,McGrath,13470,Amy McGrath,DEM,42.0
845,133987,71443,2020,Kentucky,289,Mason-Dixon Polling & Strategy,,,Mason-Dixon Polling & Strategy,197,Mason-Dixon Polling & Strategy,A-,625,lv,lv,Live Phone,U.S. Senate,0,Class II,10/12/20,10/15/20,11/3/20,,0,,,0,0,10/21/20 07:52,,https://projects.fivethirtyeight.com/polls/20201021_KY_MasonDixon.pdf,general,6276,McConnell,13471,Mitch McConnell,REP,51.0
846,133987,71443,2020,Kentucky,289,Mason-Dixon Polling & Strategy,,,Mason-Dixon Polling & Strategy,197,Mason-Dixon Polling & Strategy,A-,625,lv,lv,Live Phone,U.S. Senate,0,Class II,10/12/20,10/15/20,11/3/20,,0,,,0,0,10/21/20 07:52,,https://projects.fivethirtyeight.com/polls/20201021_KY_MasonDixon.pdf,general,6276,Barron,14478,Brad Barron,LIB,4.0
847,133836,71455,2020,Minnesota,1365,Change Research,1478,MinnPost,Change Research,48,Change Research,B-,1021,lv,lv,Online,U.S. Senate,2,Class II,10/12/20,10/15/20,11/3/20,,0,,,0,0,10/20/20 13:18,,https://docs.google.com/spreadsheets/d/1nyeMirjcRslmU8Bz4sMcxebaGGLKAuBkvyNCWSfRIPw/edit#gid=237221557,general,6281,Smith,15691,Tina Smith,DEM,48.0
848,133836,71455,2020,Minnesota,1365,Change Research,1478,MinnPost,Change Research,48,Change Research,B-,1021,lv,lv,Online,U.S. Senate,2,Class II,10/12/20,10/15/20,11/3/20,,0,,,0,0,10/20/20 13:18,,https://docs.google.com/spreadsheets/d/1nyeMirjcRslmU8Bz4sMcxebaGGLKAuBkvyNCWSfRIPw/edit#gid=237221557,general,6281,Lewis,15692,Jason Lewis,REP,44.0
849,133836,71455,2020,Minnesota,1365,Change Research,1478,MinnPost,Change Research,48,Change Research,B-,1021,lv,lv,Online,U.S. Senate,2,Class II,10/12/20,10/15/20,11/3/20,,0,,,0,0,10/20/20 13:18,,https://docs.google.com/spreadsheets/d/1nyeMirjcRslmU8Bz4sMcxebaGGLKAuBkvyNCWSfRIPw/edit#gid=237221557,general,6281,O'Connor,15661,Kevin O'Connor,OTH,3.0
850,133836,71455,2020,Minnesota,1365,Change Research,1478,MinnPost,Change Research,48,Change Research,B-,1021,lv,lv,Online,U.S. Senate,2,Class II,10/12/20,10/15/20,11/3/20,,0,,,0,0,10/20/20 13:18,,https://docs.google.com/spreadsheets/d/1nyeMirjcRslmU8Bz4sMcxebaGGLKAuBkvyNCWSfRIPw/edit#gid=237221557,general,6281,Steinberg,15658,Oliver Steinberg,OTH,1.0
851,134461,71759,2020,Georgia,1632,National Research Inc.,1326,American Action Forum,Opinion Insight,225,National Research Inc.,A/B,800,lv,lv,Live Phone,U.S. Senate,0,Class II,10/12/20,10/15/20,11/3/20,,0,REP,,0,0,10/23/20 15:14,,https://www.americanactionforum.org/insight/georgia-policy-priorities-and-the-election-october-update/,general,6271,Ossoff,14567,Jon Ossoff,DEM,44.0
852,134461,71759,2020,Georgia,1632,National Research Inc.,1326,American Action Forum,Opinion Insight,225,National Research Inc.,A/B,800,lv,lv,Live Phone,U.S. Senate,0,Class II,10/12/20,10/15/20,11/3/20,,0,REP,,0,0,10/23/20 15:14,,https://www.americanactionforum.org/insight/georgia-policy-priorities-and-the-election-october-update/,general,6271,Perdue,14568,David A. Perdue,REP,44.0
853,134462,71759,2020,Georgia,1632,National Research Inc.,1326,American Action Forum,Opinion Insight,225,National Research Inc.,A/B,800,lv,lv,Live Phone,U.S. Senate,2,Class III,10/12/20,10/15/20,11/3/20,,0,REP,,0,0,10/23/20 15:14,,https://www.americanactionforum.org/insight/georgia-policy-priorities-and-the-election-october-update/,jungle primary,7780,Warnock,14489,Raphael Warnock,DEM,31.0
854,134462,71759,2020,Georgia,1632,National Research Inc.,1326,American Action Forum,Opinion Insight,225,National Research Inc.,A/B,800,lv,lv,Live Phone,U.S. Senate,2,Class III,10/12/20,10/15/20,11/3/20,,0,REP,,0,0,10/23/20 15:14,,https://www.americanactionforum.org/insight/georgia-policy-priorities-and-the-election-october-update/,jungle primary,7780,Loeffler,13671,Kelly Loeffler,REP,19.0
855,134462,71759,2020,Georgia,1632,National Research Inc.,1326,American Action Forum,Opinion Insight,225,National Research Inc.,A/B,800,lv,lv,Live Phone,U.S. Senate,2,Class III,10/12/20,10/15/20,11/3/20,,0,REP,,0,0,10/23/20 15:14,,https://www.americanactionforum.org/insight/georgia-policy-priorities-and-the-election-october-update/,jungle primary,7780,Johnson,14479,A. Wayne Johnson,REP,2.0
856,134462,71759,2020,Georgia,1632,National Research Inc.,1326,American Action Forum,Opinion Insight,225,National Research Inc.,A/B,800,lv,lv,Live Phone,U.S. Senate,2,Class III,10/12/20,10/15/20,11/3/20,,0,REP,,0,0,10/23/20 15:14,,https://www.americanactionforum.org/insight/georgia-policy-priorities-and-the-election-october-update/,jungle primary,7780,Johnson-Shealey,15635,Tamara Y. Johnson-Shealey,DEM,2.0
857,134462,71759,2020,Georgia,1632,National Research Inc.,1326,American Action Forum,Opinion Insight,225,National Research Inc.,A/B,800,lv,lv,Live Phone,U.S. Senate,2,Class III,10/12/20,10/15/20,11/3/20,,0,REP,,0,0,10/23/20 15:14,,https://www.americanactionforum.org/insight/georgia-policy-priorities-and-the-election-october-update/,jungle primary,7780,Lieberman,13670,Matthew Lieberman,DEM,3.0
858,134462,71759,2020,Georgia,1632,National Research Inc.,1326,American Action Forum,Opinion Insight,225,National Research Inc.,A/B,800,lv,lv,Live Phone,U.S. Senate,2,Class III,10/12/20,10/15/20,11/3/20,,0,REP,,0,0,10/23/20 15:14,,https://www.americanactionforum.org/insight/georgia-policy-priorities-and-the-election-october-update/,jungle primary,7780,Winfield,14493,Richard Dien Winfield,DEM,1.0
859,134462,71759,2020,Georgia,1632,National Research Inc.,1326,American Action Forum,Opinion Insight,225,National Research Inc.,A/B,800,lv,lv,Live Phone,U.S. Senate,2,Class III,10/12/20,10/15/20,11/3/20,,0,REP,,0,0,10/23/20 15:14,,https://www.americanactionforum.org/insight/georgia-policy-priorities-and-the-election-october-update/,jungle primary,7780,Bartell,14480,Al Bartell,IND,2.0
860,134462,71759,2020,Georgia,1632,National Research Inc.,1326,American Action Forum,Opinion Insight,225,National Research Inc.,A/B,800,lv,lv,Live Phone,U.S. Senate,2,Class III,10/12/20,10/15/20,11/3/20,,0,REP,,0,0,10/23/20 15:14,,https://www.americanactionforum.org/insight/georgia-policy-priorities-and-the-election-october-update/,jungle primary,7780,Collins,13669,Doug Collins,REP,18.0
861,134462,71759,2020,Georgia,1632,National Research Inc.,1326,American Action Forum,Opinion Insight,225,National Research Inc.,A/B,800,lv,lv,Live Phone,U.S. Senate,2,Class III,10/12/20,10/15/20,11/3/20,,0,REP,,0,0,10/23/20 15:14,,https://www.americanactionforum.org/insight/georgia-policy-priorities-and-the-election-october-update/,jungle primary,7780,Tarver,14490,Ed Tarver,DEM,1.0
862,133386,71238,2020,Michigan,1250,Trafalgar Group,,,Trafalgar Group,338,Trafalgar Group,A-,1018,lv,lv,IVR/Online/Text,U.S. Senate,2,Class II,10/11/20,10/15/20,11/3/20,,0,REP,,0,0,10/17/20 11:15,,https://www.thetrafalgargroup.org/news/mi-sen-1020/,general,6280,Peters,13453,Gary C. Peters,DEM,46.6
863,133386,71238,2020,Michigan,1250,Trafalgar Group,,,Trafalgar Group,338,Trafalgar Group,A-,1018,lv,lv,IVR/Online/Text,U.S. Senate,2,Class II,10/11/20,10/15/20,11/3/20,,0,REP,,0,0,10/17/20 11:15,,https://www.thetrafalgargroup.org/news/mi-sen-1020/,general,6280,James,13454,John James,REP,48.0
864,133840,71449,2020,Colorado,1554,RMG Research,1475,PoliticalIQ,RMG Research,555,RMG Research,B-,800,lv,lv,Online/Text,U.S. Senate,0,Class II,10/9/20,10/15/20,11/3/20,,0,,,0,0,10/20/20 13:40,,http://politicaliq.com/2020/10/20/colorado-senate-race-hickenlooper-d-51-gardner-r-42/,general,6269,Hickenlooper,13474,John Wright Hickenlooper,DEM,51.0
865,133840,71449,2020,Colorado,1554,RMG Research,1475,PoliticalIQ,RMG Research,555,RMG Research,B-,800,lv,lv,Online/Text,U.S. Senate,0,Class II,10/9/20,10/15/20,11/3/20,,0,,,0,0,10/20/20 13:40,,http://politicaliq.com/2020/10/20/colorado-senate-race-hickenlooper-d-51-gardner-r-42/,general,6269,Gardner,13475,Cory Gardner,REP,42.0
866,133225,71161,2020,North Carolina,1102,Emerson College,1446,NewsNation,Emerson College,88,Emerson College,A-,721,lv,lv,IVR/Online/Text,U.S. Senate,0,Class II,10/13/20,10/14/20,11/3/20,,0,,,0,0,10/15/20 20:24,,https://emersonpolling.reportablenews.com/pr/north-carolina-2020-biden-and-trump-neck-and-neck-as-republicans-close-gap-in-u-s-senate-and-governor-races,general,6284,Cunningham,13468,Cal Cunningham,DEM,44.6
867,133225,71161,2020,North Carolina,1102,Emerson College,1446,NewsNation,Emerson College,88,Emerson College,A-,721,lv,lv,IVR/Online/Text,U.S. Senate,0,Class II,10/13/20,10/14/20,11/3/20,,0,,,0,0,10/15/20 20:24,,https://emersonpolling.reportablenews.com/pr/north-carolina-2020-biden-and-trump-neck-and-neck-as-republicans-close-gap-in-u-s-senate-and-governor-races,general,6284,Tillis,13461,Thom Tillis,REP,43.5
868,133034,71068,2020,Virginia,1447,Civiqs,185,Daily Kos,Civiqs,471,Civiqs,B-,1231,lv,lv,Online,U.S. Senate,2,Class II,10/11/20,10/14/20,11/3/20,,0,,,0,0,10/15/20 08:36,,https://civiqs.com/documents/Civiqs_DailyKos_VA_banner_book_2020_10_48z9k2.pdf,general,6296,Warner,14760,Mark R. Warner,DEM,54.0
869,133034,71068,2020,Virginia,1447,Civiqs,185,Daily Kos,Civiqs,471,Civiqs,B-,1231,lv,lv,Online,U.S. Senate,2,Class II,10/11/20,10/14/20,11/3/20,,0,,,0,0,10/15/20 08:36,,https://civiqs.com/documents/Civiqs_DailyKos_VA_banner_book_2020_10_48z9k2.pdf,general,6296,Gade,15688,Daniel M. Gade,REP,43.0
870,133035,71069,2020,Colorado,1447,Civiqs,185,Daily Kos,Civiqs,471,Civiqs,B-,1013,lv,lv,Online,U.S. Senate,0,Class II,10/11/20,10/14/20,11/3/20,,0,,,0,0,10/15/20 08:37,,https://civiqs.com/documents/Civiqs_DailyKos_CO_banner_book_2020_10_mk0d15.pdf,general,6269,Hickenlooper,13474,John Wright Hickenlooper,DEM,53.0
871,133035,71069,2020,Colorado,1447,Civiqs,185,Daily Kos,Civiqs,471,Civiqs,B-,1013,lv,lv,Online,U.S. Senate,0,Class II,10/11/20,10/14/20,11/3/20,,0,,,0,0,10/15/20 08:37,,https://civiqs.com/documents/Civiqs_DailyKos_CO_banner_book_2020_10_mk0d15.pdf,general,6269,Gardner,13475,Cory Gardner,REP,42.0
872,133035,71069,2020,Colorado,1447,Civiqs,185,Daily Kos,Civiqs,471,Civiqs,B-,1013,lv,lv,Online,U.S. Senate,0,Class II,10/11/20,10/14/20,11/3/20,,0,,,0,0,10/15/20 08:37,,https://civiqs.com/documents/Civiqs_DailyKos_CO_banner_book_2020_10_mk0d15.pdf,general,6269,Doane,15627,Raymon Anthony Doane,LIB,2.0
873,133035,71069,2020,Colorado,1447,Civiqs,185,Daily Kos,Civiqs,471,Civiqs,B-,1013,lv,lv,Online,U.S. Senate,0,Class II,10/11/20,10/14/20,11/3/20,,0,,,0,0,10/15/20 08:37,,https://civiqs.com/documents/Civiqs_DailyKos_CO_banner_book_2020_10_mk0d15.pdf,general,6269,Doyle,16051,Daniel Doyle,OTH,0.0
874,133035,71069,2020,Colorado,1447,Civiqs,185,Daily Kos,Civiqs,471,Civiqs,B-,1013,lv,lv,Online,U.S. Senate,0,Class II,10/11/20,10/14/20,11/3/20,,0,,,0,0,10/15/20 08:37,,https://civiqs.com/documents/Civiqs_DailyKos_CO_banner_book_2020_10_mk0d15.pdf,general,6269,Evans,15629,Stephen Dale Evans,OTH,0.0
875,133036,71070,2020,North Carolina,1447,Civiqs,185,Daily Kos,Civiqs,471,Civiqs,B-,1211,lv,lv,Online,U.S. Senate,0,Class II,10/11/20,10/14/20,11/3/20,,0,,,0,0,10/15/20 08:38,,https://civiqs.com/documents/Civiqs_DailyKos_NC_banner_book_2020_10_g32na7.pdf,general,6284,Cunningham,13468,Cal Cunningham,DEM,51.0
876,133036,71070,2020,North Carolina,1447,Civiqs,185,Daily Kos,Civiqs,471,Civiqs,B-,1211,lv,lv,Online,U.S. Senate,0,Class II,10/11/20,10/14/20,11/3/20,,0,,,0,0,10/15/20 08:38,,https://civiqs.com/documents/Civiqs_DailyKos_NC_banner_book_2020_10_g32na7.pdf,general,6284,Tillis,13461,Thom Tillis,REP,45.0
877,133036,71070,2020,North Carolina,1447,Civiqs,185,Daily Kos,Civiqs,471,Civiqs,B-,1211,lv,lv,Online,U.S. Senate,0,Class II,10/11/20,10/14/20,11/3/20,,0,,,0,0,10/15/20 08:38,,https://civiqs.com/documents/Civiqs_DailyKos_NC_banner_book_2020_10_g32na7.pdf,general,6284,Bray,14557,Shannon Wilson Bray,LIB,2.0
878,133036,71070,2020,North Carolina,1447,Civiqs,185,Daily Kos,Civiqs,471,Civiqs,B-,1211,lv,lv,Online,U.S. Senate,0,Class II,10/11/20,10/14/20,11/3/20,,0,,,0,0,10/15/20 08:38,,https://civiqs.com/documents/Civiqs_DailyKos_NC_banner_book_2020_10_g32na7.pdf,general,6284,Hayes,14558,Kevin Eugene Hayes,CON,1.0
879,133379,71235,2020,Alabama,148,FM3 Research,,,FM3 Research,91,FM3 Research,C/D,801,lv,lv,Live Phone,U.S. Senate,0,Class II,10/11/20,10/14/20,11/3/20,Doug Jones,1,DEM,,0,0,10/16/20 20:46,,https://dougjones.com/sites/default/files/media_uploads/220-6003C%20Alabama%20Senate%20Survey%20Memo-F.pdf,general,6266,Jones,13612,Doug Jones,DEM,48.0
880,133379,71235,2020,Alabama,148,FM3 Research,,,FM3 Research,91,FM3 Research,C/D,801,lv,lv,Live Phone,U.S. Senate,0,Class II,10/11/20,10/14/20,11/3/20,Doug Jones,1,DEM,,0,0,10/16/20 20:46,,https://dougjones.com/sites/default/files/media_uploads/220-6003C%20Alabama%20Senate%20Survey%20Memo-F.pdf,general,6266,Tuberville,13614,Tommy Tuberville,REP,47.0
881,133775,71434,2020,Alabama,324,Moore Information,,,Moore Information,217,Moore Information,B/C,504,lv,lv,Live Phone,U.S. Senate,0,Class II,10/11/20,10/14/20,11/3/20,Tommy Tuberville,1,REP,,0,0,10/19/20 18:41,,https://www.al.com/news/2020/10/tuberville-campaign-tells-potential-donors-hes-fallen-behind-jones.html,general,6266,Jones,13612,Doug Jones,DEM,40.0
882,133775,71434,2020,Alabama,324,Moore Information,,,Moore Information,217,Moore Information,B/C,504,lv,lv,Live Phone,U.S. Senate,0,Class II,10/11/20,10/14/20,11/3/20,Tommy Tuberville,1,REP,,0,0,10/19/20 18:41,,https://www.al.com/news/2020/10/tuberville-campaign-tells-potential-donors-hes-fallen-behind-jones.html,general,6266,Tuberville,13614,Tommy Tuberville,REP,55.0
883,134062,71566,2020,Georgia,172,Garin-Hart-Yang Research Group,,,Garin-Hart-Yang Research Group,113,Garin-Hart-Yang Research Group,B-,600,lv,lv,Live Phone,U.S. Senate,0,Class II,10/11/20,10/14/20,11/3/20,Jon Ossoff,1,DEM,,0,0,10/21/20 16:58,,https://electjon.com/wp-content/uploads/2020/10/Pathway-to-Victory-memo-8.pdf,general,6271,Ossoff,14567,Jon Ossoff,DEM,50.0
884,134062,71566,2020,Georgia,172,Garin-Hart-Yang Research Group,,,Garin-Hart-Yang Research Group,113,Garin-Hart-Yang Research Group,B-,600,lv,lv,Live Phone,U.S. Senate,0,Class II,10/11/20,10/14/20,11/3/20,Jon Ossoff,1,DEM,,0,0,10/21/20 16:58,,https://electjon.com/wp-content/uploads/2020/10/Pathway-to-Victory-memo-8.pdf,general,6271,Perdue,14568,David A. Perdue,REP,45.0
885,134173,71566,2020,Georgia,172,Garin-Hart-Yang Research Group,,,Garin-Hart-Yang Research Group,113,Garin-Hart-Yang Research Group,B-,600,lv,lv,Live Phone,U.S. Senate,0,Class II,10/11/20,10/14/20,11/3/20,Jon Ossoff,1,DEM,,0,0,10/21/20 17:28,,https://www.thedailybeast.com/david-perdues-race-was-under-the-radar-then-he-opened-his-mouth?ref=scroll,general,6271,Ossoff,14567,Jon Ossoff,DEM,48.0
886,134173,71566,2020,Georgia,172,Garin-Hart-Yang Research Group,,,Garin-Hart-Yang Research Group,113,Garin-Hart-Yang Research Group,B-,600,lv,lv,Live Phone,U.S. Senate,0,Class II,10/11/20,10/14/20,11/3/20,Jon Ossoff,1,DEM,,0,0,10/21/20 17:28,,https://www.thedailybeast.com/david-perdues-race-was-under-the-radar-then-he-opened-his-mouth?ref=scroll,general,6271,Perdue,14568,David A. Perdue,REP,43.0
887,134173,71566,2020,Georgia,172,Garin-Hart-Yang Research Group,,,Garin-Hart-Yang Research Group,113,Garin-Hart-Yang Research Group,B-,600,lv,lv,Live Phone,U.S. Senate,0,Class II,10/11/20,10/14/20,11/3/20,Jon Ossoff,1,DEM,,0,0,10/21/20 17:28,,https://www.thedailybeast.com/david-perdues-race-was-under-the-radar-then-he-opened-his-mouth?ref=scroll,general,6271,Hazel,14572,Shane Hazel,LIB,6.0
888,133087,71096,2020,South Carolina,1424,Siena College/The New York Times Upshot,,,Siena College/The New York Times Upshot,448,Siena College/The New York Times Upshot,A+,605,lv,lv,Live Phone,U.S. Senate,0,Class II,10/9/20,10/14/20,11/3/20,,0,,,0,0,10/15/20 13:14,,https://int.nyt.com/data/documenttools/sc100920-crosstabs/7b3ac01b2be42e57/full.pdf,general,6292,Harrison,13457,Jaime Harrison,DEM,40.0
889,133087,71096,2020,South Carolina,1424,Siena College/The New York Times Upshot,,,Siena College/The New York Times Upshot,448,Siena College/The New York Times Upshot,A+,605,lv,lv,Live Phone,U.S. Senate,0,Class II,10/9/20,10/14/20,11/3/20,,0,,,0,0,10/15/20 13:14,,https://int.nyt.com/data/documenttools/sc100920-crosstabs/7b3ac01b2be42e57/full.pdf,general,6292,Graham,13458,Lindsey Graham,REP,46.0
890,133087,71096,2020,South Carolina,1424,Siena College/The New York Times Upshot,,,Siena College/The New York Times Upshot,448,Siena College/The New York Times Upshot,A+,605,lv,lv,Live Phone,U.S. Senate,0,Class II,10/9/20,10/14/20,11/3/20,,0,,,0,0,10/15/20 13:14,,https://int.nyt.com/data/documenttools/sc100920-crosstabs/7b3ac01b2be42e57/full.pdf,general,6292,Bledsoe,14749,Bill Bledsoe,CON,4.0
891,133252,71173,2020,Alaska,1424,Siena College/The New York Times Upshot,,,Siena College/The New York Times Upshot,448,Siena College/The New York Times Upshot,A+,423,lv,lv,Live Phone,U.S. Senate,0,Class II,10/9/20,10/14/20,11/3/20,,0,,,0,0,10/16/20 13:08,,https://int.nyt.com/data/documenttools/ak100920-crosstabs1/722c27f1f660cf21/full.pdf,general,6265,Gross,14697,Al Gross,DEM,37.0
892,133252,71173,2020,Alaska,1424,Siena College/The New York Times Upshot,,,Siena College/The New York Times Upshot,448,Siena College/The New York Times Upshot,A+,423,lv,lv,Live Phone,U.S. Senate,0,Class II,10/9/20,10/14/20,11/3/20,,0,,,0,0,10/16/20 13:08,,https://int.nyt.com/data/documenttools/ak100920-crosstabs1/722c27f1f660cf21/full.pdf,general,6265,Sullivan,13462,Dan Sullivan,REP,45.0
893,133252,71173,2020,Alaska,1424,Siena College/The New York Times Upshot,,,Siena College/The New York Times Upshot,448,Siena College/The New York Times Upshot,A+,423,lv,lv,Live Phone,U.S. Senate,0,Class II,10/9/20,10/14/20,11/3/20,,0,,,0,0,10/16/20 13:08,,https://int.nyt.com/data/documenttools/ak100920-crosstabs1/722c27f1f660cf21/full.pdf,general,6265,Howe,16040,John Wayne Howe,AKI,10.0
894,132885,71007,2020,Arizona,744,Ipsos,71,Reuters,Ipsos,154,Ipsos,B-,667,lv,lv,Online,U.S. Senate,2,Class III,10/7/20,10/14/20,11/3/20,,0,,,0,0,10/14/20 17:31,,https://www.ipsos.com/sites/default/files/ct/news/documents/2020-10/topline_reuters_arizona_state_poll_w3_10_14_2020_1.pdf,general,6268,Kelly,13445,Mark Kelly,DEM,52.0
895,132885,71007,2020,Arizona,744,Ipsos,71,Reuters,Ipsos,154,Ipsos,B-,667,lv,lv,Online,U.S. Senate,2,Class III,10/7/20,10/14/20,11/3/20,,0,,,0,0,10/14/20 17:31,,https://www.ipsos.com/sites/default/files/ct/news/documents/2020-10/topline_reuters_arizona_state_poll_w3_10_14_2020_1.pdf,general,6268,McSally,13446,Martha McSally,REP,41.0
896,133784,71160,2020,Arkansas,211,Hendrix College,1002,Talk Business & Politics,Hendrix College,138,Hendrix College,B/C,647,lv,lv,Live Phone,U.S. Senate,0,Class II,10/11/20,10/13/20,11/3/20,,0,,,0,0,10/19/20 20:48,,https://talkbusiness.net/2020/10/trump-cotton-on-cruise-control-for-re-election/,general,6267,Cotton,15607,Tom Cotton,REP,62.5
897,133784,71160,2020,Arkansas,211,Hendrix College,1002,Talk Business & Politics,Hendrix College,138,Hendrix College,B/C,647,lv,lv,Live Phone,U.S. Senate,0,Class II,10/11/20,10/13/20,11/3/20,,0,,,0,0,10/19/20 20:48,,https://talkbusiness.net/2020/10/trump-cotton-on-cruise-control-for-re-election/,general,6267,Harrington,15624,Ricky Dale Harrington,LIB,27.5
898,133226,71162,2020,Alaska,203,Harstad Strategic Research Inc.,1459,Independent Alaska,Harstad Strategic Research Inc.,134,Harstad Strategic Research Inc.,B/C,606,lv,lv,Live Phone,U.S. Senate,0,Class II,10/10/20,10/13/20,11/3/20,,0,DEM,,0,0,10/15/20 23:19,,https://drive.google.com/file/d/19_wiB30w2j7j9i0dSIBT4oZYAnr0oiGo/view,general,6265,Gross,14697,Al Gross,DEM,47.0
899,133226,71162,2020,Alaska,203,Harstad Strategic Research Inc.,1459,Independent Alaska,Harstad Strategic Research Inc.,134,Harstad Strategic Research Inc.,B/C,606,lv,lv,Live Phone,U.S. Senate,0,Class II,10/10/20,10/13/20,11/3/20,,0,DEM,,0,0,10/15/20 23:19,,https://drive.google.com/file/d/19_wiB30w2j7j9i0dSIBT4oZYAnr0oiGo/view,general,6265,Sullivan,13462,Dan Sullivan,REP,46.0
900,132863,70998,2020,North Carolina,1424,Siena College/The New York Times Upshot,,,Siena College/The New York Times Upshot,448,Siena College/The New York Times Upshot,A+,627,lv,lv,Live Phone,U.S. Senate,0,Class II,10/9/20,10/13/20,11/3/20,,0,,,0,0,10/14/20 13:15,,https://int.nyt.com/data/documenttools/nc100920-crosstabs/3bf558d7ca17e9de/full.pdf,general,6284,Cunningham,13468,Cal Cunningham,DEM,41.0
901,132863,70998,2020,North Carolina,1424,Siena College/The New York Times Upshot,,,Siena College/The New York Times Upshot,448,Siena College/The New York Times Upshot,A+,627,lv,lv,Live Phone,U.S. Senate,0,Class II,10/9/20,10/13/20,11/3/20,,0,,,0,0,10/14/20 13:15,,https://int.nyt.com/data/documenttools/nc100920-crosstabs/3bf558d7ca17e9de/full.pdf,general,6284,Tillis,13461,Thom Tillis,REP,37.0
902,132863,70998,2020,North Carolina,1424,Siena College/The New York Times Upshot,,,Siena College/The New York Times Upshot,448,Siena College/The New York Times Upshot,A+,627,lv,lv,Live Phone,U.S. Senate,0,Class II,10/9/20,10/13/20,11/3/20,,0,,,0,0,10/14/20 13:15,,https://int.nyt.com/data/documenttools/nc100920-crosstabs/3bf558d7ca17e9de/full.pdf,general,6284,Bray,14557,Shannon Wilson Bray,LIB,4.0
903,132863,70998,2020,North Carolina,1424,Siena College/The New York Times Upshot,,,Siena College/The New York Times Upshot,448,Siena College/The New York Times Upshot,A+,627,lv,lv,Live Phone,U.S. Senate,0,Class II,10/9/20,10/13/20,11/3/20,,0,,,0,0,10/14/20 13:15,,https://int.nyt.com/data/documenttools/nc100920-crosstabs/3bf558d7ca17e9de/full.pdf,general,6284,Hayes,14558,Kevin Eugene Hayes,CON,3.0
904,133068,71090,2020,Arizona,320,Monmouth University,,,Monmouth University,215,Monmouth University,A,502,rv,rv,Live Phone,U.S. Senate,2,Class III,10/9/20,10/13/20,11/3/20,,0,,,0,0,10/15/20 11:04,,https://www.monmouth.edu/polling-institute/documents/monmouthpoll_az_101520.pdf/,general,6268,Kelly,13445,Mark Kelly,DEM,52.0
905,133068,71090,2020,Arizona,320,Monmouth University,,,Monmouth University,215,Monmouth University,A,502,rv,rv,Live Phone,U.S. Senate,2,Class III,10/9/20,10/13/20,11/3/20,,0,,,0,0,10/15/20 11:04,,https://www.monmouth.edu/polling-institute/documents/monmouthpoll_az_101520.pdf/,general,6268,McSally,13446,Martha McSally,REP,42.0
906,133069,71090,2020,Arizona,320,Monmouth University,,,Monmouth University,215,Monmouth University,A,502,lv,lv,Live Phone,U.S. Senate,2,Class III,10/9/20,10/13/20,11/3/20,,0,,,0,0,10/15/20 11:05,high likely turnout,https://www.monmouth.edu/polling-institute/documents/monmouthpoll_az_101520.pdf/,general,6268,Kelly,13445,Mark Kelly,DEM,52.0
907,133069,71090,2020,Arizona,320,Monmouth University,,,Monmouth University,215,Monmouth University,A,502,lv,lv,Live Phone,U.S. Senate,2,Class III,10/9/20,10/13/20,11/3/20,,0,,,0,0,10/15/20 11:05,high likely turnout,https://www.monmouth.edu/polling-institute/documents/monmouthpoll_az_101520.pdf/,general,6268,McSally,13446,Martha McSally,REP,42.0
908,133070,71090,2020,Arizona,320,Monmouth University,,,Monmouth University,215,Monmouth University,A,502,lv,lv,Live Phone,U.S. Senate,2,Class III,10/9/20,10/13/20,11/3/20,,0,,,0,0,10/15/20 11:05,low likely turnout,https://www.monmouth.edu/polling-institute/documents/monmouthpoll_az_101520.pdf/,general,6268,Kelly,13445,Mark Kelly,DEM,51.0
909,133070,71090,2020,Arizona,320,Monmouth University,,,Monmouth University,215,Monmouth University,A,502,lv,lv,Live Phone,U.S. Senate,2,Class III,10/9/20,10/13/20,11/3/20,,0,,,0,0,10/15/20 11:05,low likely turnout,https://www.monmouth.edu/polling-institute/documents/monmouthpoll_az_101520.pdf/,general,6268,McSally,13446,Martha McSally,REP,45.0
910,133094,71098,2020,Colorado,1475,Keating Research/OnSight Public Affairs/Melanson,,,Keating Research/OnSight Public Affairs/Melanson,455,Keating Research/OnSight Public Affairs/Melanson,B/C,519,lv,lv,Online,U.S. Senate,0,Class II,10/8/20,10/13/20,11/3/20,,0,,,0,0,10/15/20 13:33,,https://www.thedenverchannel.com/news/election-2020/recent-polling-shows-leads-for-hickenlooper-biden-in-colorado-as-voters-cast-ballots,general,6269,Hickenlooper,13474,John Wright Hickenlooper,DEM,51.0
911,133094,71098,2020,Colorado,1475,Keating Research/OnSight Public Affairs/Melanson,,,Keating Research/OnSight Public Affairs/Melanson,455,Keating Research/OnSight Public Affairs/Melanson,B/C,519,lv,lv,Online,U.S. Senate,0,Class II,10/8/20,10/13/20,11/3/20,,0,,,0,0,10/15/20 13:33,,https://www.thedenverchannel.com/news/election-2020/recent-polling-shows-leads-for-hickenlooper-biden-in-colorado-as-voters-cast-ballots,general,6269,Gardner,13475,Cory Gardner,REP,41.0
912,132436,70785,2020,Michigan,744,Ipsos,71,Reuters,Ipsos,154,Ipsos,B-,620,lv,lv,Online,U.S. Senate,2,Class II,10/7/20,10/13/20,11/3/20,,0,,,0,0,10/13/20 17:39,,https://www.ipsos.com/sites/default/files/ct/news/documents/2020-10/topline_reuters_michigan_state_poll_w3_10_13_2020.pdf,general,6280,Peters,13453,Gary C. Peters,DEM,52.0
913,132436,70785,2020,Michigan,744,Ipsos,71,Reuters,Ipsos,154,Ipsos,B-,620,lv,lv,Online,U.S. Senate,2,Class II,10/7/20,10/13/20,11/3/20,,0,,,0,0,10/13/20 17:39,,https://www.ipsos.com/sites/default/files/ct/news/documents/2020-10/topline_reuters_michigan_state_poll_w3_10_13_2020.pdf,general,6280,James,13454,John James,REP,44.0
914,132437,70786,2020,North Carolina,744,Ipsos,71,Reuters,Ipsos,154,Ipsos,B-,660,lv,lv,Online,U.S. Senate,0,Class II,10/7/20,10/13/20,11/3/20,,0,,,0,0,10/13/20 17:39,,https://www.ipsos.com/sites/default/files/ct/news/documents/2020-10/topline_reuters_north_carolina_state_poll_w3_10_13_20.pdf,general,6284,Cunningham,13468,Cal Cunningham,DEM,46.0
915,132437,70786,2020,North Carolina,744,Ipsos,71,Reuters,Ipsos,154,Ipsos,B-,660,lv,lv,Online,U.S. Senate,0,Class II,10/7/20,10/13/20,11/3/20,,0,,,0,0,10/13/20 17:39,,https://www.ipsos.com/sites/default/files/ct/news/documents/2020-10/topline_reuters_north_carolina_state_poll_w3_10_13_20.pdf,general,6284,Tillis,13461,Thom Tillis,REP,42.0
916,133258,71176,2020,New Jersey,914,Stockton University,,,Stockton University,317,Stockton University,A/B,721,lv,lv,Live Phone,U.S. Senate,2,Class II,10/7/20,10/13/20,11/3/20,,0,,,0,0,10/16/20 14:02,,https://stockton.edu/hughes-center/polling/documents/2020-1016-full-poll-results.pdf,general,6287,Booker,14564,Cory A. Booker,DEM,56.6
917,133258,71176,2020,New Jersey,914,Stockton University,,,Stockton University,317,Stockton University,A/B,721,lv,lv,Live Phone,U.S. Senate,2,Class II,10/7/20,10/13/20,11/3/20,,0,,,0,0,10/16/20 14:02,,https://stockton.edu/hughes-center/polling/documents/2020-1016-full-poll-results.pdf,general,6287,Mehta,14565,Rikin Mehta,REP,31.6
918,133096,70787,2020,New Hampshire,525,University of New Hampshire,,,University of New Hampshire,357,University of New Hampshire,B-,899,lv,lv,Online,U.S. Senate,0,Class II,10/9/20,10/12/20,11/3/20,,0,,,0,0,10/15/20 13:54,,https://scholars.unh.edu/survey_center_polls/620/,general,6286,Shaheen,13448,Jeanne Shaheen,DEM,55.0
919,133096,70787,2020,New Hampshire,525,University of New Hampshire,,,University of New Hampshire,357,University of New Hampshire,B-,899,lv,lv,Online,U.S. Senate,0,Class II,10/9/20,10/12/20,11/3/20,,0,,,0,0,10/15/20 13:54,,https://scholars.unh.edu/survey_center_polls/620/,general,6286,Messner,14492,Corky Messner,REP,40.0
920,133096,70787,2020,New Hampshire,525,University of New Hampshire,,,University of New Hampshire,357,University of New Hampshire,B-,899,lv,lv,Online,U.S. Senate,0,Class II,10/9/20,10/12/20,11/3/20,,0,,,0,0,10/15/20 13:54,,https://scholars.unh.edu/survey_center_polls/620/,general,6286,O'Donnell,15620,Justin F. O'Donnell,LIB,2.0
921,132812,70978,2020,New Hampshire,458,Suffolk University,68,Boston Globe,Suffolk University,323,Suffolk University,B+,500,lv,lv,Live Phone,U.S. Senate,0,Class II,10/8/20,10/12/20,11/3/20,,0,,,0,0,10/14/20 07:38,,https://www.suffolk.edu/-/media/suffolk/documents/academics/research-at-suffolk/suprc/polls/new-hampshire/2020/10_14_2020_tables_pdftxt.pdf?la=en&hash=A14911E2705329E0118A8C1B19ECE20CFECB35CA,general,6286,Shaheen,13448,Jeanne Shaheen,DEM,50.8
922,132812,70978,2020,New Hampshire,458,Suffolk University,68,Boston Globe,Suffolk University,323,Suffolk University,B+,500,lv,lv,Live Phone,U.S. Senate,0,Class II,10/8/20,10/12/20,11/3/20,,0,,,0,0,10/14/20 07:38,,https://www.suffolk.edu/-/media/suffolk/documents/academics/research-at-suffolk/suprc/polls/new-hampshire/2020/10_14_2020_tables_pdftxt.pdf?la=en&hash=A14911E2705329E0118A8C1B19ECE20CFECB35CA,general,6286,Messner,14492,Corky Messner,REP,36.4
923,132812,70978,2020,New Hampshire,458,Suffolk University,68,Boston Globe,Suffolk University,323,Suffolk University,B+,500,lv,lv,Live Phone,U.S. Senate,0,Class II,10/8/20,10/12/20,11/3/20,,0,,,0,0,10/14/20 07:38,,https://www.suffolk.edu/-/media/suffolk/documents/academics/research-at-suffolk/suprc/polls/new-hampshire/2020/10_14_2020_tables_pdftxt.pdf?la=en&hash=A14911E2705329E0118A8C1B19ECE20CFECB35CA,general,6286,O'Donnell,15620,Justin F. O'Donnell,LIB,2.2
924,133019,70979,2020,Michigan,143,EPIC-MRA,177,Detroit Free Press,EPIC-MRA,84,EPIC-MRA,B,600,lv,lv,Live Phone,U.S. Senate,2,Class II,10/8/20,10/12/20,11/3/20,,0,,,0,0,10/15/20 07:48,,https://www.woodtv.com/wp-content/uploads/sites/51/2020/10/2020-OCTOBER-FIRST-MEDIA-THURSDAY-FREQUENCY.pdf,general,6280,Peters,13453,Gary C. Peters,DEM,45.0
925,133019,70979,2020,Michigan,143,EPIC-MRA,177,Detroit Free Press,EPIC-MRA,84,EPIC-MRA,B,600,lv,lv,Live Phone,U.S. Senate,2,Class II,10/8/20,10/12/20,11/3/20,,0,,,0,0,10/15/20 07:48,,https://www.woodtv.com/wp-content/uploads/sites/51/2020/10/2020-OCTOBER-FIRST-MEDIA-THURSDAY-FREQUENCY.pdf,general,6280,James,13454,John James,REP,39.0
926,132827,70982,2020,Georgia,460,SurveyUSA,147,WXIA-TV,SurveyUSA,325,SurveyUSA,A,677,lv,lv,Online,U.S. Senate,0,Class II,10/8/20,10/12/20,11/3/20,,0,,,0,0,10/14/20 09:29,,http://www.surveyusa.com/client/PollReport.aspx?g=b396b793-781d-4382-9ada-fc4cc50dacb6,general,6271,Ossoff,14567,Jon Ossoff,DEM,43.0
927,132827,70982,2020,Georgia,460,SurveyUSA,147,WXIA-TV,SurveyUSA,325,SurveyUSA,A,677,lv,lv,Online,U.S. Senate,0,Class II,10/8/20,10/12/20,11/3/20,,0,,,0,0,10/14/20 09:29,,http://www.surveyusa.com/client/PollReport.aspx?g=b396b793-781d-4382-9ada-fc4cc50dacb6,general,6271,Perdue,14568,David A. Perdue,REP,46.0
928,132828,70982,2020,Georgia,460,SurveyUSA,147,WXIA-TV,SurveyUSA,325,SurveyUSA,A,677,lv,lv,Online,U.S. Senate,2,Class III,10/8/20,10/12/20,11/3/20,,0,,,0,0,10/14/20 09:29,,http://www.surveyusa.com/client/PollReport.aspx?g=b396b793-781d-4382-9ada-fc4cc50dacb6,jungle primary,7780,Warnock,14489,Raphael Warnock,DEM,30.0
929,132828,70982,2020,Georgia,460,SurveyUSA,147,WXIA-TV,SurveyUSA,325,SurveyUSA,A,677,lv,lv,Online,U.S. Senate,2,Class III,10/8/20,10/12/20,11/3/20,,0,,,0,0,10/14/20 09:29,,http://www.surveyusa.com/client/PollReport.aspx?g=b396b793-781d-4382-9ada-fc4cc50dacb6,jungle primary,7780,Loeffler,13671,Kelly Loeffler,REP,26.0
930,132828,70982,2020,Georgia,460,SurveyUSA,147,WXIA-TV,SurveyUSA,325,SurveyUSA,A,677,lv,lv,Online,U.S. Senate,2,Class III,10/8/20,10/12/20,11/3/20,,0,,,0,0,10/14/20 09:29,,http://www.surveyusa.com/client/PollReport.aspx?g=b396b793-781d-4382-9ada-fc4cc50dacb6,jungle primary,7780,Collins,13669,Doug Collins,REP,20.0
931,132828,70982,2020,Georgia,460,SurveyUSA,147,WXIA-TV,SurveyUSA,325,SurveyUSA,A,677,lv,lv,Online,U.S. Senate,2,Class III,10/8/20,10/12/20,11/3/20,,0,,,0,0,10/14/20 09:29,,http://www.surveyusa.com/client/PollReport.aspx?g=b396b793-781d-4382-9ada-fc4cc50dacb6,jungle primary,7780,Lieberman,13670,Matthew Lieberman,DEM,8.0
932,132828,70982,2020,Georgia,460,SurveyUSA,147,WXIA-TV,SurveyUSA,325,SurveyUSA,A,677,lv,lv,Online,U.S. Senate,2,Class III,10/8/20,10/12/20,11/3/20,,0,,,0,0,10/14/20 09:29,,http://www.surveyusa.com/client/PollReport.aspx?g=b396b793-781d-4382-9ada-fc4cc50dacb6,jungle primary,7780,Tarver,14490,Ed Tarver,DEM,3.0
933,132868,71000,2020,Georgia,396,Quinnipiac University,,,Quinnipiac University,267,Quinnipiac University,A-,1160,lv,lv,Live Phone,U.S. Senate,0,Class II,10/8/20,10/12/20,11/3/20,,0,,,0,0,10/14/20 14:02,,https://poll.qu.edu/georgia/release-detail?ReleaseID=3679,general,6271,Ossoff,14567,Jon Ossoff,DEM,51.0
934,132868,71000,2020,Georgia,396,Quinnipiac University,,,Quinnipiac University,267,Quinnipiac University,A-,1160,lv,lv,Live Phone,U.S. Senate,0,Class II,10/8/20,10/12/20,11/3/20,,0,,,0,0,10/14/20 14:02,,https://poll.qu.edu/georgia/release-detail?ReleaseID=3679,general,6271,Perdue,14568,David A. Perdue,REP,45.0
935,132869,71000,2020,Georgia,396,Quinnipiac University,,,Quinnipiac University,267,Quinnipiac University,A-,1160,lv,lv,Live Phone,U.S. Senate,2,Class III,10/8/20,10/12/20,11/3/20,,0,,,0,0,10/14/20 14:02,,https://poll.qu.edu/georgia/release-detail?ReleaseID=3679,jungle primary,7780,Warnock,14489,Raphael Warnock,DEM,41.0
936,132869,71000,2020,Georgia,396,Quinnipiac University,,,Quinnipiac University,267,Quinnipiac University,A-,1160,lv,lv,Live Phone,U.S. Senate,2,Class III,10/8/20,10/12/20,11/3/20,,0,,,0,0,10/14/20 14:02,,https://poll.qu.edu/georgia/release-detail?ReleaseID=3679,jungle primary,7780,Loeffler,13671,Kelly Loeffler,REP,20.0
937,132869,71000,2020,Georgia,396,Quinnipiac University,,,Quinnipiac University,267,Quinnipiac University,A-,1160,lv,lv,Live Phone,U.S. Senate,2,Class III,10/8/20,10/12/20,11/3/20,,0,,,0,0,10/14/20 14:02,,https://poll.qu.edu/georgia/release-detail?ReleaseID=3679,jungle primary,7780,Collins,13669,Doug Collins,REP,22.0
938,132869,71000,2020,Georgia,396,Quinnipiac University,,,Quinnipiac University,267,Quinnipiac University,A-,1160,lv,lv,Live Phone,U.S. Senate,2,Class III,10/8/20,10/12/20,11/3/20,,0,,,0,0,10/14/20 14:02,,https://poll.qu.edu/georgia/release-detail?ReleaseID=3679,jungle primary,7780,Lieberman,13670,Matthew Lieberman,DEM,5.0
939,132869,71000,2020,Georgia,396,Quinnipiac University,,,Quinnipiac University,267,Quinnipiac University,A-,1160,lv,lv,Live Phone,U.S. Senate,2,Class III,10/8/20,10/12/20,11/3/20,,0,,,0,0,10/14/20 14:02,,https://poll.qu.edu/georgia/release-detail?ReleaseID=3679,jungle primary,7780,Tarver,14490,Ed Tarver,DEM,2.0
940,132879,71000,2020,Georgia,396,Quinnipiac University,,,Quinnipiac University,267,Quinnipiac University,A-,1160,lv,lv,Live Phone,U.S. Senate,2,Class III,10/8/20,10/12/20,1/5/21,,0,,,0,0,10/14/20 14:49,,https://poll.qu.edu/georgia/release-detail?ReleaseID=3679,runoff,7781,Warnock,14489,Raphael Warnock,DEM,52.0
941,132879,71000,2020,Georgia,396,Quinnipiac University,,,Quinnipiac University,267,Quinnipiac University,A-,1160,lv,lv,Live Phone,U.S. Senate,2,Class III,10/8/20,10/12/20,1/5/21,,0,,,0,0,10/14/20 14:49,,https://poll.qu.edu/georgia/release-detail?ReleaseID=3679,runoff,7781,Loeffler,13671,Kelly Loeffler,REP,44.0
942,132880,71000,2020,Georgia,396,Quinnipiac University,,,Quinnipiac University,267,Quinnipiac University,A-,1160,lv,lv,Live Phone,U.S. Senate,2,Class III,10/8/20,10/12/20,1/5/21,,0,,,0,0,10/14/20 14:49,,https://poll.qu.edu/georgia/release-detail?ReleaseID=3679,runoff,7781,Warnock,14489,Raphael Warnock,DEM,54.0
943,132880,71000,2020,Georgia,396,Quinnipiac University,,,Quinnipiac University,267,Quinnipiac University,A-,1160,lv,lv,Live Phone,U.S. Senate,2,Class III,10/8/20,10/12/20,1/5/21,,0,,,0,0,10/14/20 14:49,,https://poll.qu.edu/georgia/release-detail?ReleaseID=3679,runoff,7781,Collins,13669,Doug Collins,REP,42.0
944,133038,71071,2020,Virginia,1589,Reconnect Research/Roanoke College,,,Reconnect Research/Roanoke College,587,Reconnect Research/Roanoke College,,602,lv,lv,IVR,U.S. Senate,2,Class II,9/30/20,10/12/20,11/3/20,,0,,,0,0,10/15/20 08:59,,https://www.roanoke.edu/about/news/reconnect_research_roanoke_college_va_poll,general,6296,Warner,14760,Mark R. Warner,DEM,55.0
945,133038,71071,2020,Virginia,1589,Reconnect Research/Roanoke College,,,Reconnect Research/Roanoke College,587,Reconnect Research/Roanoke College,,602,lv,lv,IVR,U.S. Senate,2,Class II,9/30/20,10/12/20,11/3/20,,0,,,0,0,10/15/20 08:59,,https://www.roanoke.edu/about/news/reconnect_research_roanoke_college_va_poll,general,6296,Gade,15688,Daniel M. Gade,REP,38.0
946,133634,71359,2020,Virginia,1347,Cygnal,,,Cygnal,67,Cygnal,B+,607,lv,lv,IVR/Online/Text,U.S. Senate,2,Class II,10/9/20,10/11/20,11/3/20,Daniel M. Gade,1,REP,,0,0,10/19/20 09:40,,https://martinsvillebulletin.com/news/local/govt-and-politics/election-2020-republican-senate-candidate-daniel-gade-criticizes-mark-warner-and-the-democratic-party-during/article_62a1a626-6a8a-51cb-9c2f-562effcfa3db.html,general,6296,Warner,14760,Mark R. Warner,DEM,51.3
947,133634,71359,2020,Virginia,1347,Cygnal,,,Cygnal,67,Cygnal,B+,607,lv,lv,IVR/Online/Text,U.S. Senate,2,Class II,10/9/20,10/11/20,11/3/20,Daniel M. Gade,1,REP,,0,0,10/19/20 09:40,,https://martinsvillebulletin.com/news/local/govt-and-politics/election-2020-republican-senate-candidate-daniel-gade-criticizes-mark-warner-and-the-democratic-party-during/article_62a1a626-6a8a-51cb-9c2f-562effcfa3db.html,general,6296,Gade,15688,Daniel M. Gade,REP,44.2
948,132341,70743,2020,North Carolina,460,SurveyUSA,241,WRAL News,SurveyUSA,325,SurveyUSA,A,669,lv,lv,Live Phone,U.S. Senate,0,Class II,10/8/20,10/11/20,11/3/20,,0,,,0,0,10/12/20 17:12,,https://wwwcache.wral.com/asset/news/state/nccapitol/2020/10/12/19332468/PollPrint-DMID1-5ohw9o5y4.pdf,general,6284,Cunningham,13468,Cal Cunningham,DEM,49.0
949,132341,70743,2020,North Carolina,460,SurveyUSA,241,WRAL News,SurveyUSA,325,SurveyUSA,A,669,lv,lv,Live Phone,U.S. Senate,0,Class II,10/8/20,10/11/20,11/3/20,,0,,,0,0,10/12/20 17:12,,https://wwwcache.wral.com/asset/news/state/nccapitol/2020/10/12/19332468/PollPrint-DMID1-5ohw9o5y4.pdf,general,6284,Tillis,13461,Thom Tillis,REP,39.0
950,132419,70780,2020,North Carolina,320,Monmouth University,,,Monmouth University,215,Monmouth University,A,500,rv,rv,Live Phone,U.S. Senate,0,Class II,10/8/20,10/11/20,11/3/20,,0,,,0,0,10/13/20 11:11,,https://www.monmouth.edu/polling-institute/documents/monmouthpoll_nc_101320.pdf/,general,6284,Cunningham,13468,Cal Cunningham,DEM,48.0
951,132419,70780,2020,North Carolina,320,Monmouth University,,,Monmouth University,215,Monmouth University,A,500,rv,rv,Live Phone,U.S. Senate,0,Class II,10/8/20,10/11/20,11/3/20,,0,,,0,0,10/13/20 11:11,,https://www.monmouth.edu/polling-institute/documents/monmouthpoll_nc_101320.pdf/,general,6284,Tillis,13461,Thom Tillis,REP,44.0
952,132419,70780,2020,North Carolina,320,Monmouth University,,,Monmouth University,215,Monmouth University,A,500,rv,rv,Live Phone,U.S. Senate,0,Class II,10/8/20,10/11/20,11/3/20,,0,,,0,0,10/13/20 11:11,,https://www.monmouth.edu/polling-institute/documents/monmouthpoll_nc_101320.pdf/,general,6284,Bray,14557,Shannon Wilson Bray,LIB,3.0
953,132419,70780,2020,North Carolina,320,Monmouth University,,,Monmouth University,215,Monmouth University,A,500,rv,rv,Live Phone,U.S. Senate,0,Class II,10/8/20,10/11/20,11/3/20,,0,,,0,0,10/13/20 11:11,,https://www.monmouth.edu/polling-institute/documents/monmouthpoll_nc_101320.pdf/,general,6284,Hayes,14558,Kevin Eugene Hayes,CON,0.0
954,132420,70780,2020,North Carolina,320,Monmouth University,,,Monmouth University,215,Monmouth University,A,500,lv,lv,Live Phone,U.S. Senate,0,Class II,10/8/20,10/11/20,11/3/20,,0,,,0,0,10/13/20 11:11,high likely turnout,https://www.monmouth.edu/polling-institute/documents/monmouthpoll_nc_101320.pdf/,general,6284,Cunningham,13468,Cal Cunningham,DEM,49.0
955,132420,70780,2020,North Carolina,320,Monmouth University,,,Monmouth University,215,Monmouth University,A,500,lv,lv,Live Phone,U.S. Senate,0,Class II,10/8/20,10/11/20,11/3/20,,0,,,0,0,10/13/20 11:11,high likely turnout,https://www.monmouth.edu/polling-institute/documents/monmouthpoll_nc_101320.pdf/,general,6284,Tillis,13461,Thom Tillis,REP,44.0
956,132421,70780,2020,North Carolina,320,Monmouth University,,,Monmouth University,215,Monmouth University,A,500,lv,lv,Live Phone,U.S. Senate,0,Class II,10/8/20,10/11/20,11/3/20,,0,,,0,0,10/13/20 11:11,low likely turnout,https://www.monmouth.edu/polling-institute/documents/monmouthpoll_nc_101320.pdf/,general,6284,Cunningham,13468,Cal Cunningham,DEM,48.0
957,132421,70780,2020,North Carolina,320,Monmouth University,,,Monmouth University,215,Monmouth University,A,500,lv,lv,Live Phone,U.S. Senate,0,Class II,10/8/20,10/11/20,11/3/20,,0,,,0,0,10/13/20 11:11,low likely turnout,https://www.monmouth.edu/polling-institute/documents/monmouthpoll_nc_101320.pdf/,general,6284,Tillis,13461,Thom Tillis,REP,47.0
958,132894,71010,2020,Georgia,1515,Data for Progress,"1155,1452",Crooked Media | Indivisible,Data for Progress,522,Data for Progress,B,782,lv,lv,Online/Text,U.S. Senate,0,Class II,10/8/20,10/11/20,11/3/20,,0,DEM,,0,0,10/14/20 18:29,,https://filesforprogress.org/memos/2020-senate-project/week-4/toplines/dfp_psp_ga_week_4_toplines.pdf,general,6271,Ossoff,14567,Jon Ossoff,DEM,44.0
959,132894,71010,2020,Georgia,1515,Data for Progress,"1155,1452",Crooked Media | Indivisible,Data for Progress,522,Data for Progress,B,782,lv,lv,Online/Text,U.S. Senate,0,Class II,10/8/20,10/11/20,11/3/20,,0,DEM,,0,0,10/14/20 18:29,,https://filesforprogress.org/memos/2020-senate-project/week-4/toplines/dfp_psp_ga_week_4_toplines.pdf,general,6271,Perdue,14568,David A. Perdue,REP,43.0
960,132894,71010,2020,Georgia,1515,Data for Progress,"1155,1452",Crooked Media | Indivisible,Data for Progress,522,Data for Progress,B,782,lv,lv,Online/Text,U.S. Senate,0,Class II,10/8/20,10/11/20,11/3/20,,0,DEM,,0,0,10/14/20 18:29,,https://filesforprogress.org/memos/2020-senate-project/week-4/toplines/dfp_psp_ga_week_4_toplines.pdf,general,6271,Hazel,14572,Shane Hazel,LIB,3.0
961,132895,71010,2020,Georgia,1515,Data for Progress,"1155,1452",Crooked Media | Indivisible,Data for Progress,522,Data for Progress,B,782,lv,lv,Online/Text,U.S. Senate,2,Class III,10/8/20,10/11/20,11/3/20,,0,DEM,,0,0,10/14/20 18:29,,https://filesforprogress.org/memos/2020-senate-project/week-4/toplines/psp_ga_special_week_4_toplines.pdf,jungle primary,7780,Warnock,14489,Raphael Warnock,DEM,30.0
962,132895,71010,2020,Georgia,1515,Data for Progress,"1155,1452",Crooked Media | Indivisible,Data for Progress,522,Data for Progress,B,782,lv,lv,Online/Text,U.S. Senate,2,Class III,10/8/20,10/11/20,11/3/20,,0,DEM,,0,0,10/14/20 18:29,,https://filesforprogress.org/memos/2020-senate-project/week-4/toplines/psp_ga_special_week_4_toplines.pdf,jungle primary,7780,Collins,13669,Doug Collins,REP,22.0
963,132895,71010,2020,Georgia,1515,Data for Progress,"1155,1452",Crooked Media | Indivisible,Data for Progress,522,Data for Progress,B,782,lv,lv,Online/Text,U.S. Senate,2,Class III,10/8/20,10/11/20,11/3/20,,0,DEM,,0,0,10/14/20 18:29,,https://filesforprogress.org/memos/2020-senate-project/week-4/toplines/psp_ga_special_week_4_toplines.pdf,jungle primary,7780,Loeffler,13671,Kelly Loeffler,REP,22.0
964,132895,71010,2020,Georgia,1515,Data for Progress,"1155,1452",Crooked Media | Indivisible,Data for Progress,522,Data for Progress,B,782,lv,lv,Online/Text,U.S. Senate,2,Class III,10/8/20,10/11/20,11/3/20,,0,DEM,,0,0,10/14/20 18:29,,https://filesforprogress.org/memos/2020-senate-project/week-4/toplines/psp_ga_special_week_4_toplines.pdf,jungle primary,7780,Lieberman,13670,Matthew Lieberman,DEM,10.0
965,132895,71010,2020,Georgia,1515,Data for Progress,"1155,1452",Crooked Media | Indivisible,Data for Progress,522,Data for Progress,B,782,lv,lv,Online/Text,U.S. Senate,2,Class III,10/8/20,10/11/20,11/3/20,,0,DEM,,0,0,10/14/20 18:29,,https://filesforprogress.org/memos/2020-senate-project/week-4/toplines/psp_ga_special_week_4_toplines.pdf,jungle primary,7780,Tarver,14490,Ed Tarver,DEM,1.0
966,132897,71010,2020,Georgia,1515,Data for Progress,"1155,1452",Crooked Media | Indivisible,Data for Progress,522,Data for Progress,B,782,lv,lv,Online/Text,U.S. Senate,2,Class III,10/8/20,10/11/20,1/5/21,,0,DEM,,0,0,10/14/20 18:34,,https://filesforprogress.org/memos/2020-senate-project/week-4/toplines/psp_ga_special_week_4_toplines.pdf,runoff,7781,Warnock,14489,Raphael Warnock,DEM,44.0
967,132897,71010,2020,Georgia,1515,Data for Progress,"1155,1452",Crooked Media | Indivisible,Data for Progress,522,Data for Progress,B,782,lv,lv,Online/Text,U.S. Senate,2,Class III,10/8/20,10/11/20,1/5/21,,0,DEM,,0,0,10/14/20 18:34,,https://filesforprogress.org/memos/2020-senate-project/week-4/toplines/psp_ga_special_week_4_toplines.pdf,runoff,7781,Loeffler,13671,Kelly Loeffler,REP,40.0
968,132898,71010,2020,Georgia,1515,Data for Progress,"1155,1452",Crooked Media | Indivisible,Data for Progress,522,Data for Progress,B,782,lv,lv,Online/Text,U.S. Senate,2,Class III,10/8/20,10/11/20,1/5/21,,0,DEM,,0,0,10/14/20 18:34,,https://filesforprogress.org/memos/2020-senate-project/week-4/toplines/psp_ga_special_week_4_toplines.pdf,runoff,7781,Lieberman,13670,Matthew Lieberman,DEM,41.0
969,132898,71010,2020,Georgia,1515,Data for Progress,"1155,1452",Crooked Media | Indivisible,Data for Progress,522,Data for Progress,B,782,lv,lv,Online/Text,U.S. Senate,2,Class III,10/8/20,10/11/20,1/5/21,,0,DEM,,0,0,10/14/20 18:34,,https://filesforprogress.org/memos/2020-senate-project/week-4/toplines/psp_ga_special_week_4_toplines.pdf,runoff,7781,Loeffler,13671,Kelly Loeffler,REP,42.0
970,132896,71011,2020,South Carolina,1515,Data for Progress,"1155,1452",Crooked Media | Indivisible,Data for Progress,522,Data for Progress,B,801,lv,lv,Online/Text,U.S. Senate,0,Class II,10/8/20,10/11/20,11/3/20,,0,DEM,,0,0,10/14/20 18:34,,https://filesforprogress.org/memos/2020-senate-project/week-4/toplines/dfp_psp_sc_week_4_toplines.pdf,general,6292,Harrison,13457,Jaime Harrison,DEM,47.0
971,132896,71011,2020,South Carolina,1515,Data for Progress,"1155,1452",Crooked Media | Indivisible,Data for Progress,522,Data for Progress,B,801,lv,lv,Online/Text,U.S. Senate,0,Class II,10/8/20,10/11/20,11/3/20,,0,DEM,,0,0,10/14/20 18:34,,https://filesforprogress.org/memos/2020-senate-project/week-4/toplines/dfp_psp_sc_week_4_toplines.pdf,general,6292,Graham,13458,Lindsey Graham,REP,46.0
972,133055,71083,2020,Iowa,1515,Data for Progress,"1155,1452",Crooked Media | Indivisible,Data for Progress,522,Data for Progress,B,822,lv,lv,Online/Text,U.S. Senate,0,Class II,10/8/20,10/11/20,11/3/20,,0,DEM,,0,0,10/15/20 09:28,,https://filesforprogress.org/memos/2020-senate-project/week-4/toplines/dfp_psp_ia_week_4_toplines.pdf,general,6272,Greenfield,13466,Theresa Greenfield,DEM,47.0
973,133055,71083,2020,Iowa,1515,Data for Progress,"1155,1452",Crooked Media | Indivisible,Data for Progress,522,Data for Progress,B,822,lv,lv,Online/Text,U.S. Senate,0,Class II,10/8/20,10/11/20,11/3/20,,0,DEM,,0,0,10/15/20 09:28,,https://filesforprogress.org/memos/2020-senate-project/week-4/toplines/dfp_psp_ia_week_4_toplines.pdf,general,6272,Ernst,13467,Joni K. Ernst,REP,43.0
974,133055,71083,2020,Iowa,1515,Data for Progress,"1155,1452",Crooked Media | Indivisible,Data for Progress,522,Data for Progress,B,822,lv,lv,Online/Text,U.S. Senate,0,Class II,10/8/20,10/11/20,11/3/20,,0,DEM,,0,0,10/15/20 09:28,,https://filesforprogress.org/memos/2020-senate-project/week-4/toplines/dfp_psp_ia_week_4_toplines.pdf,general,6272,Herzog,15642,Suzanne Herzog,IND,2.0
975,133055,71083,2020,Iowa,1515,Data for Progress,"1155,1452",Crooked Media | Indivisible,Data for Progress,522,Data for Progress,B,822,lv,lv,Online/Text,U.S. Senate,0,Class II,10/8/20,10/11/20,11/3/20,,0,DEM,,0,0,10/15/20 09:28,,https://filesforprogress.org/memos/2020-senate-project/week-4/toplines/dfp_psp_ia_week_4_toplines.pdf,general,6272,Stewart,15614,Rick Stewart,LIB,1.0
976,132451,70797,2020,North Carolina,1554,RMG Research,1475,PoliticalIQ,RMG Research,555,RMG Research,B-,800,lv,lv,Online/Text,U.S. Senate,0,Class II,10/7/20,10/11/20,11/3/20,,0,,,0,0,10/13/20 22:06,,http://politicaliq.com/2020/10/13/north-carolina-biden-47-trump-45/,general,6284,Cunningham,13468,Cal Cunningham,DEM,46.0
977,132451,70797,2020,North Carolina,1554,RMG Research,1475,PoliticalIQ,RMG Research,555,RMG Research,B-,800,lv,lv,Online/Text,U.S. Senate,0,Class II,10/7/20,10/11/20,11/3/20,,0,,,0,0,10/13/20 22:06,,http://politicaliq.com/2020/10/13/north-carolina-biden-47-trump-45/,general,6284,Tillis,13461,Thom Tillis,REP,36.0
978,132451,70797,2020,North Carolina,1554,RMG Research,1475,PoliticalIQ,RMG Research,555,RMG Research,B-,800,lv,lv,Online/Text,U.S. Senate,0,Class II,10/7/20,10/11/20,11/3/20,,0,,,0,0,10/13/20 22:06,,http://politicaliq.com/2020/10/13/north-carolina-biden-47-trump-45/,general,6284,Bray,14557,Shannon Wilson Bray,LIB,4.0
979,132848,70990,2020,North Carolina,461,Susquehanna Polling & Research Inc.,1457,Center for American Greatness,Susquehanna Polling & Research Inc.,326,Susquehanna Polling & Research Inc.,B+,500,lv,lv,Live Phone,U.S. Senate,0,Class II,10/7/20,10/11/20,11/3/20,,0,,,0,0,10/14/20 10:07,,https://amgreatness.com/2020/10/14/north-carolina-race-tightens-according-to-new-poll/,general,6284,Cunningham,13468,Cal Cunningham,DEM,46.0
980,132848,70990,2020,North Carolina,461,Susquehanna Polling & Research Inc.,1457,Center for American Greatness,Susquehanna Polling & Research Inc.,326,Susquehanna Polling & Research Inc.,B+,500,lv,lv,Live Phone,U.S. Senate,0,Class II,10/7/20,10/11/20,11/3/20,,0,,,0,0,10/14/20 10:07,,https://amgreatness.com/2020/10/14/north-carolina-race-tightens-according-to-new-poll/,general,6284,Tillis,13461,Thom Tillis,REP,44.0
981,132336,70737,2020,Michigan,1424,Siena College/The New York Times Upshot,,,Siena College/The New York Times Upshot,448,Siena College/The New York Times Upshot,A+,614,lv,lv,Live Phone,U.S. Senate,2,Class II,10/6/20,10/11/20,11/3/20,,0,,,0,0,10/12/20 13:06,,https://int.nyt.com/data/documenttools/miwi1020-crosstabs/b0a09cd1cd0048df/full.pdf,general,6280,Peters,13453,Gary C. Peters,DEM,43.0
982,132336,70737,2020,Michigan,1424,Siena College/The New York Times Upshot,,,Siena College/The New York Times Upshot,448,Siena College/The New York Times Upshot,A+,614,lv,lv,Live Phone,U.S. Senate,2,Class II,10/6/20,10/11/20,11/3/20,,0,,,0,0,10/12/20 13:06,,https://int.nyt.com/data/documenttools/miwi1020-crosstabs/b0a09cd1cd0048df/full.pdf,general,6280,James,13454,John James,REP,42.0
983,132336,70737,2020,Michigan,1424,Siena College/The New York Times Upshot,,,Siena College/The New York Times Upshot,448,Siena College/The New York Times Upshot,A+,614,lv,lv,Live Phone,U.S. Senate,2,Class II,10/6/20,10/11/20,11/3/20,,0,,,0,0,10/12/20 13:06,,https://int.nyt.com/data/documenttools/miwi1020-crosstabs/b0a09cd1cd0048df/full.pdf,general,6280,Squier,15622,Marcia Squier,GRE,1.0
984,132336,70737,2020,Michigan,1424,Siena College/The New York Times Upshot,,,Siena College/The New York Times Upshot,448,Siena College/The New York Times Upshot,A+,614,lv,lv,Live Phone,U.S. Senate,2,Class II,10/6/20,10/11/20,11/3/20,,0,,,0,0,10/12/20 13:06,,https://int.nyt.com/data/documenttools/miwi1020-crosstabs/b0a09cd1cd0048df/full.pdf,general,6280,Dern,15849,Douglas P. Dern,NLP,0.0
985,132336,70737,2020,Michigan,1424,Siena College/The New York Times Upshot,,,Siena College/The New York Times Upshot,448,Siena College/The New York Times Upshot,A+,614,lv,lv,Live Phone,U.S. Senate,2,Class II,10/6/20,10/11/20,11/3/20,,0,,,0,0,10/12/20 13:06,,https://int.nyt.com/data/documenttools/miwi1020-crosstabs/b0a09cd1cd0048df/full.pdf,general,6280,Willis,15850,Valerie Willis,UST,0.0
986,132376,70752,2020,Arizona,1189,Morning Consult,,,Morning Consult,218,Morning Consult,B,1144,lv,lv,Online,U.S. Senate,2,Class III,10/2/20,10/11/20,11/3/20,,0,,1,0,0,10/13/20 07:47,,https://morningconsult.com/form/2020-u-s-election-tracker/,general,6268,Kelly,13445,Mark Kelly,DEM,49.0
987,132376,70752,2020,Arizona,1189,Morning Consult,,,Morning Consult,218,Morning Consult,B,1144,lv,lv,Online,U.S. Senate,2,Class III,10/2/20,10/11/20,11/3/20,,0,,1,0,0,10/13/20 07:47,,https://morningconsult.com/form/2020-u-s-election-tracker/,general,6268,McSally,13446,Martha McSally,REP,41.0
988,132377,70753,2020,Colorado,1189,Morning Consult,,,Morning Consult,218,Morning Consult,B,837,lv,lv,Online,U.S. Senate,0,Class II,10/2/20,10/11/20,11/3/20,,0,,1,0,0,10/13/20 07:47,,https://morningconsult.com/form/2020-u-s-election-tracker/,general,6269,Hickenlooper,13474,John Wright Hickenlooper,DEM,50.0
989,132377,70753,2020,Colorado,1189,Morning Consult,,,Morning Consult,218,Morning Consult,B,837,lv,lv,Online,U.S. Senate,0,Class II,10/2/20,10/11/20,11/3/20,,0,,1,0,0,10/13/20 07:47,,https://morningconsult.com/form/2020-u-s-election-tracker/,general,6269,Gardner,13475,Cory Gardner,REP,40.0
990,132378,70755,2020,Georgia,1189,Morning Consult,,,Morning Consult,218,Morning Consult,B,1837,lv,lv,Online,U.S. Senate,0,Class II,10/2/20,10/11/20,11/3/20,,0,,1,0,0,10/13/20 07:47,,https://morningconsult.com/form/2020-u-s-election-tracker/,general,6271,Ossoff,14567,Jon Ossoff,DEM,42.0
991,132378,70755,2020,Georgia,1189,Morning Consult,,,Morning Consult,218,Morning Consult,B,1837,lv,lv,Online,U.S. Senate,0,Class II,10/2/20,10/11/20,11/3/20,,0,,1,0,0,10/13/20 07:47,,https://morningconsult.com/form/2020-u-s-election-tracker/,general,6271,Perdue,14568,David A. Perdue,REP,46.0
992,132379,70756,2020,Michigan,1189,Morning Consult,,,Morning Consult,218,Morning Consult,B,1710,lv,lv,Online,U.S. Senate,2,Class II,10/2/20,10/11/20,11/3/20,,0,,1,0,0,10/13/20 07:47,,https://morningconsult.com/form/2020-u-s-election-tracker/,general,6280,Peters,13453,Gary C. Peters,DEM,49.0
993,132379,70756,2020,Michigan,1189,Morning Consult,,,Morning Consult,218,Morning Consult,B,1710,lv,lv,Online,U.S. Senate,2,Class II,10/2/20,10/11/20,11/3/20,,0,,1,0,0,10/13/20 07:47,,https://morningconsult.com/form/2020-u-s-election-tracker/,general,6280,James,13454,John James,REP,40.0
994,132380,70758,2020,North Carolina,1189,Morning Consult,,,Morning Consult,218,Morning Consult,B,1993,lv,lv,Online,U.S. Senate,0,Class II,10/2/20,10/11/20,11/3/20,,0,,1,0,0,10/13/20 07:47,,https://morningconsult.com/form/2020-u-s-election-tracker/,general,6284,Cunningham,13468,Cal Cunningham,DEM,47.0
995,132380,70758,2020,North Carolina,1189,Morning Consult,,,Morning Consult,218,Morning Consult,B,1993,lv,lv,Online,U.S. Senate,0,Class II,10/2/20,10/11/20,11/3/20,,0,,1,0,0,10/13/20 07:47,,https://morningconsult.com/form/2020-u-s-election-tracker/,general,6284,Tillis,13461,Thom Tillis,REP,41.0
996,132381,70761,2020,South Carolina,1189,Morning Consult,,,Morning Consult,218,Morning Consult,B,903,lv,lv,Online,U.S. Senate,0,Class II,10/2/20,10/11/20,11/3/20,,0,,1,0,0,10/13/20 07:47,,https://morningconsult.com/form/2020-u-s-election-tracker/,general,6292,Harrison,13457,Jaime Harrison,DEM,42.0
997,132381,70761,2020,South Carolina,1189,Morning Consult,,,Morning Consult,218,Morning Consult,B,903,lv,lv,Online,U.S. Senate,0,Class II,10/2/20,10/11/20,11/3/20,,0,,1,0,0,10/13/20 07:47,,https://morningconsult.com/form/2020-u-s-election-tracker/,general,6292,Graham,13458,Lindsey Graham,REP,48.0
998,132382,70762,2020,Texas,1189,Morning Consult,,,Morning Consult,218,Morning Consult,B,3455,lv,lv,Online,U.S. Senate,2,Class II,10/2/20,10/11/20,11/3/20,,0,,1,0,0,10/13/20 07:47,,https://morningconsult.com/form/2020-u-s-election-tracker/,general,6295,Hegar,13459,Mary Jennings Hegar,DEM,38.0
999,132382,70762,2020,Texas,1189,Morning Consult,,,Morning Consult,218,Morning Consult,B,3455,lv,lv,Online,U.S. Senate,2,Class II,10/2/20,10/11/20,11/3/20,,0,,1,0,0,10/13/20 07:47,,https://morningconsult.com/form/2020-u-s-election-tracker/,general,6295,Cornyn,13444,John Cornyn,REP,47.0
1000,132323,70732,2020,Montana,383,Public Policy Polling,,,Public Policy Polling,263,Public Policy Polling,A-,798,v,v,IVR/Text,U.S. Senate,2,Class II,10/9/20,10/10/20,11/3/20,,0,,,0,0,10/12/20 08:44,,https://www.publicpolicypolling.com/wp-content/uploads/2020/10/MontanaOctober2020Poll.pdf,general,6283,Bullock,14517,Steve Bullock,DEM,48.0
