poll_id,study_id,release_version,pollster_id,sponsor_id,source_url,raw_hash,field_start,field_end,published_at,corrected_at,retrieved_at,valid_from,valid_to,available_at,event_time,election_id,office,state,race_id,population,sample_size,mode,dem_share,rep_share,undecided,other_share,two_party_margin,partisan,exclusion_status,exclusion_reason,parser_version,normalized_at,supersedes,geography_version_id,candidate_set_version,question_id,frame,recruitment,language,design_effect,leaners_included,multiway,questionnaire_hash,dem_candidate_id,dem_candidate_name,rep_candidate_id,rep_candidate_name,matchup_id,hypothetical,modeled_candidate_id,modeled_candidate_name,modeled_ballot_party,opposing_candidate_id,opposing_candidate_name,opposing_ballot_party,modeled_share,opposing_share,modeled_margin,modeled_candidate_margin,margin_definition,contest_kind,seat_name,election_stage,quality_weight,house_effect_prior,extra_sd_prior,pollster_grade,rating_source,dem_candidate,rep_candidate,region,candidate_level_shares,candidate_level_undecided,derived_binary_view
vh-us-202vicec5afb5c,vh-study-us-202vicec5afb5c,1,Victory Insights,none,https://irp.cdn-website.com/07e08705/files/uploaded/PollSummary_NC-US-Senate_07-31-2025.pdf,1c01eceaa46ad8c675eaab423330b366dcf4af35774991b3d78c84c7f21a794c,2025-07-28,2025-07-30,2026-02-17,,2026-10-10T16:41:48.336232+00:00,2026-02-17,,2026-02-17,2025-07-30,senate-2026,US_SENATE,NC,senate-2026-NC,LV,600.0,,50.512,49.488,0.0,0.0,1.024,False,include,,votehub-ingest-v3-race-scoped-candidate-level,2026-10-10T16:41:48.336232+00:00,,state-usps-v1,votehub-candidate-matchup-v3-race-scoped,generic_two_way,,,en,1.0,True,False,,senate-2026-NC:roy-cooper,Roy Cooper,senate-2026-NC:michael-whatley,Michael Whatley,senate-2026:NC:senate-2026-NC:roy-cooper|senate-2026-NC:michael-whatley,False,senate-2026-NC:roy-cooper,Roy Cooper,D,senate-2026-NC:michael-whatley,Michael Whatley,R,50.512,49.488,1.024,1.024,dem_minus_rep_two_party,,,,0.43333333333333335,0.0,1.0,1.3,fivethirtyeight_pollster_ratings,Roy Cooper,Michael Whatley,South,"[{'poll_id': 'vh-us-202vicec5afb5c', 'study_id': 'vh-study-us-202vicec5afb5c', 'race_id': 'senate-2026-NC', 'question_id': 'vh-us-202vicec5afb5c:q0', 'candidate_id': 'senate-2026-NC:roy-cooper', 'candidate_name': 'Roy Cooper', 'ballot_party': 'D', 'caucus': 'D', 'raw_share': 44.4, 'undecided': None, 'other': None, 'candidate_set_version': 'race-scoped-candidate-set-v1', 'field_start': '2025-07-28', 'field_end': '2025-07-30', 'available_at': '2026-02-17', 'source_lineage': 'votehub-poll-lineage-v3', 'resolution_status': 'race_scoped'}, {'poll_id': 'vh-us-202vicec5afb5c', 'study_id': 'vh-study-us-202vicec5afb5c', 'race_id': 'senate-2026-NC', 'question_id': 'vh-us-202vicec5afb5c:q0', 'candidate_id': 'senate-2026-NC:michael-whatley', 'candidate_name': 'Michael Whatley', 'ballot_party': 'R', 'caucus': 'R', 'raw_share': 43.5, 'undecided': None, 'other': None, 'candidate_set_version': 'race-scoped-candidate-set-v1', 'field_start': '2025-07-28', 'field_end': '2025-07-30', 'available_at': '2026-02-17', 'source_lineage': 'votehub-poll-lineage-v3', 'resolution_status': 'race_scoped'}]",0.0,True
vh-us-202harc083001c,vh-study-us-202harc083001c,1,Harper Polling,Carolina Journal,https://www.carolinajournal.com/wp-content/uploads/2025/08/H23232-CJ-NC-Aug25-Toplines.pdf,b1da70a0803ea8954b6497209d54e26243779f9416163ca395d54b328a6ef64d,2025-08-11,2025-08-12,2026-02-17,,2026-10-10T16:41:48.336232+00:00,2026-02-17,,2026-02-17,2025-08-12,senate-2026,US_SENATE,NC,senate-2026-NC,LV,600.0,,54.745,45.255,0.0,0.0,9.491,False,include,,votehub-ingest-v3-race-scoped-candidate-level,2026-10-10T16:41:48.336232+00:00,,state-usps-v1,votehub-candidate-matchup-v3-race-scoped,generic_two_way,,,en,1.0,True,False,,senate-2026-NC:roy-cooper,Roy Cooper,senate-2026-NC:michael-whatley,Michael Whatley,senate-2026:NC:senate-2026-NC:roy-cooper|senate-2026-NC:michael-whatley,False,senate-2026-NC:roy-cooper,Roy Cooper,D,senate-2026-NC:michael-whatley,Michael Whatley,R,54.745,45.255,9.491,9.491,dem_minus_rep_two_party,,,,0.55,0.0,2.2,,fivethirtyeight_pollster_ratings,Roy Cooper,Michael Whatley,South,"[{'poll_id': 'vh-us-202harc083001c', 'study_id': 'vh-study-us-202harc083001c', 'race_id': 'senate-2026-NC', 'question_id': 'vh-us-202harc083001c:q0', 'candidate_id': 'senate-2026-NC:roy-cooper', 'candidate_name': 'Roy Cooper', 'ballot_party': 'D', 'caucus': 'D', 'raw_share': 47.3, 'undecided': None, 'other': None, 'candidate_set_version': 'race-scoped-candidate-set-v1', 'field_start': '2025-08-11', 'field_end': '2025-08-12', 'available_at': '2026-02-17', 'source_lineage': 'votehub-poll-lineage-v3', 'resolution_status': 'race_scoped'}, {'poll_id': 'vh-us-202harc083001c', 'study_id': 'vh-study-us-202harc083001c', 'race_id': 'senate-2026-NC', 'question_id': 'vh-us-202harc083001c:q0', 'candidate_id': 'senate-2026-NC:michael-whatley', 'candidate_name': 'Michael Whatley', 'ballot_party': 'R', 'caucus': 'R', 'raw_share': 39.1, 'undecided': None, 'other': None, 'candidate_set_version': 'race-scoped-candidate-set-v1', 'field_start': '2025-08-11', 'field_end': '2025-08-12', 'available_at': '2026-02-17', 'source_lineage': 'votehub-poll-lineage-v3', 'resolution_status': 'race_scoped'}]",0.0,True
vh-us-202chab6c27b91,vh-study-us-202chab6c27b91,1,Change Research,Carolina Forward,https://docs.google.com/spreadsheets/d/1fTOAqF7rZ9ugyF1ZFqInJpQ1LgXEu1rnG1Js0y-1YSo/edit?nvep=&hmac=&emci=b910b780-d290-f011-b484-6045bdeb7413&emdi=ea000000-0000-0000-0000-000000000001&ceid=&gid=0#gid=0,dbf41f30c970751038016780b5ee12dbf86a48f96a3b64106a701ce9d60cfafb,2025-09-02,2025-09-08,2026-02-17,,2026-10-10T16:41:48.336232+00:00,2026-02-17,,2026-02-17,2025-09-08,senate-2026,US_SENATE,NC,senate-2026-NC,LV,855.0,,53.933,46.067,0.0,0.0,7.865,True,include,,votehub-ingest-v3-race-scoped-candidate-level,2026-10-10T16:41:48.336232+00:00,,state-usps-v1,votehub-candidate-matchup-v3-race-scoped,generic_two_way,,,en,1.0,True,False,,senate-2026-NC:roy-cooper,Roy Cooper,senate-2026-NC:michael-whatley,Michael Whatley,senate-2026:NC:senate-2026-NC:roy-cooper|senate-2026-NC:michael-whatley,False,senate-2026-NC:roy-cooper,Roy Cooper,D,senate-2026-NC:michael-whatley,Michael Whatley,R,53.933,46.067,7.865,7.865,dem_minus_rep_two_party,,,,0.52,1.31,2.239,C,votehub_pollster_scorecards,Roy Cooper,Michael Whatley,South,"[{'poll_id': 'vh-us-202chab6c27b91', 'study_id': 'vh-study-us-202chab6c27b91', 'race_id': 'senate-2026-NC', 'question_id': 'vh-us-202chab6c27b91:q0', 'candidate_id': 'senate-2026-NC:roy-cooper', 'candidate_name': 'Roy Cooper', 'ballot_party': 'D', 'caucus': 'D', 'raw_share': 48.0, 'undecided': None, 'other': None, 'candidate_set_version': 'race-scoped-candidate-set-v1', 'field_start': '2025-09-02', 'field_end': '2025-09-08', 'available_at': '2026-02-17', 'source_lineage': 'votehub-poll-lineage-v3', 'resolution_status': 'race_scoped'}, {'poll_id': 'vh-us-202chab6c27b91', 'study_id': 'vh-study-us-202chab6c27b91', 'race_id': 'senate-2026-NC', 'question_id': 'vh-us-202chab6c27b91:q0', 'candidate_id': 'senate-2026-NC:michael-whatley', 'candidate_name': 'Michael Whatley', 'ballot_party': 'R', 'caucus': 'R', 'raw_share': 41.0, 'undecided': None, 'other': None, 'candidate_set_version': 'race-scoped-candidate-set-v1', 'field_start': '2025-09-02', 'field_end': '2025-09-08', 'available_at': '2026-02-17', 'source_lineage': 'votehub-poll-lineage-v3', 'resolution_status': 'race_scoped'}]",0.0,True
vh-us-202har2b123ce0,vh-study-us-202har2b123ce0,1,Harper Polling,Carolina Journal,https://www.carolinajournal.com/wp-content/uploads/2025/09/H23315-CJ-NC-Sept25-Toplines.pdf,08ee7878c42e03a2985eb4fb92606d1b4e09183ef967191ef53e2ec532b5e0b1,2025-09-14,2025-09-15,2026-02-17,,2026-10-10T16:41:48.336232+00:00,2026-02-17,,2026-02-17,2025-09-15,senate-2026,US_SENATE,NC,senate-2026-NC,LV,600.0,,52.273,47.727,0.0,0.0,4.545,False,include,,votehub-ingest-v3-race-scoped-candidate-level,2026-10-10T16:41:48.336232+00:00,,state-usps-v1,votehub-candidate-matchup-v3-race-scoped,generic_two_way,,,en,1.0,True,False,,senate-2026-NC:roy-cooper,Roy Cooper,senate-2026-NC:michael-whatley,Michael Whatley,senate-2026:NC:senate-2026-NC:roy-cooper|senate-2026-NC:michael-whatley,False,senate-2026-NC:roy-cooper,Roy Cooper,D,senate-2026-NC:michael-whatley,Michael Whatley,R,52.273,47.727,4.545,4.545,dem_minus_rep_two_party,,,,0.55,0.0,2.2,,fivethirtyeight_pollster_ratings,Roy Cooper,Michael Whatley,South,"[{'poll_id': 'vh-us-202har2b123ce0', 'study_id': 'vh-study-us-202har2b123ce0', 'race_id': 'senate-2026-NC', 'question_id': 'vh-us-202har2b123ce0:q0', 'candidate_id': 'senate-2026-NC:roy-cooper', 'candidate_name': 'Roy Cooper', 'ballot_party': 'D', 'caucus': 'D', 'raw_share': 46.0, 'undecided': None, 'other': None, 'candidate_set_version': 'race-scoped-candidate-set-v1', 'field_start': '2025-09-14', 'field_end': '2025-09-15', 'available_at': '2026-02-17', 'source_lineage': 'votehub-poll-lineage-v3', 'resolution_status': 'race_scoped'}, {'poll_id': 'vh-us-202har2b123ce0', 'study_id': 'vh-study-us-202har2b123ce0', 'race_id': 'senate-2026-NC', 'question_id': 'vh-us-202har2b123ce0:q0', 'candidate_id': 'senate-2026-NC:michael-whatley', 'candidate_name': 'Michael Whatley', 'ballot_party': 'R', 'caucus': 'R', 'raw_share': 42.0, 'undecided': None, 'other': None, 'candidate_set_version': 'race-scoped-candidate-set-v1', 'field_start': '2025-09-14', 'field_end': '2025-09-15', 'available_at': '2026-02-17', 'source_lineage': 'votehub-poll-lineage-v3', 'resolution_status': 'race_scoped'}]",0.0,True
vh-us-202har1bdb30c5,vh-study-us-202har1bdb30c5,1,Harper Polling,Carolina Journal,https://www.carolinajournal.com/polls/november-2025-cooper-maintains-lead-in-senate-race,f11d30b942d8a56f72a315352040cb8e6ab52980091ef857cb863e3215f4c326,2025-11-09,2025-11-10,2026-02-17,,2026-10-10T16:41:48.336232+00:00,2026-02-17,,2026-02-17,2025-11-10,senate-2026,US_SENATE,NC,senate-2026-NC,LV,600.0,,54.651,45.349,0.0,0.0,9.302,False,include,,votehub-ingest-v3-race-scoped-candidate-level,2026-10-10T16:41:48.336232+00:00,,state-usps-v1,votehub-candidate-matchup-v3-race-scoped,generic_two_way,,,en,1.0,True,False,,senate-2026-NC:roy-cooper,Roy Cooper,senate-2026-NC:michael-whatley,Michael Whatley,senate-2026:NC:senate-2026-NC:roy-cooper|senate-2026-NC:michael-whatley,False,senate-2026-NC:roy-cooper,Roy Cooper,D,senate-2026-NC:michael-whatley,Michael Whatley,R,54.651,45.349,9.302,9.302,dem_minus_rep_two_party,,,,0.55,0.0,2.2,,fivethirtyeight_pollster_ratings,Roy Cooper,Michael Whatley,South,"[{'poll_id': 'vh-us-202har1bdb30c5', 'study_id': 'vh-study-us-202har1bdb30c5', 'race_id': 'senate-2026-NC', 'question_id': 'vh-us-202har1bdb30c5:q0', 'candidate_id': 'senate-2026-NC:roy-cooper', 'candidate_name': 'Roy Cooper', 'ballot_party': 'D', 'caucus': 'D', 'raw_share': 47.0, 'undecided': None, 'other': None, 'candidate_set_version': 'race-scoped-candidate-set-v1', 'field_start': '2025-11-09', 'field_end': '2025-11-10', 'available_at': '2026-02-17', 'source_lineage': 'votehub-poll-lineage-v3', 'resolution_status': 'race_scoped'}, {'poll_id': 'vh-us-202har1bdb30c5', 'study_id': 'vh-study-us-202har1bdb30c5', 'race_id': 'senate-2026-NC', 'question_id': 'vh-us-202har1bdb30c5:q0', 'candidate_id': 'senate-2026-NC:michael-whatley', 'candidate_name': 'Michael Whatley', 'ballot_party': 'R', 'caucus': 'R', 'raw_share': 39.0, 'undecided': None, 'other': None, 'candidate_set_version': 'race-scoped-candidate-set-v1', 'field_start': '2025-11-09', 'field_end': '2025-11-10', 'available_at': '2026-02-17', 'source_lineage': 'votehub-poll-lineage-v3', 'resolution_status': 'race_scoped'}]",0.0,True
vh-us-202eme013c2ece,vh-study-us-202eme013c2ece,1,Emerson,none,https://docs.google.com/spreadsheets/d/15z1ND9R9K0UklZgcXV7Wf1Qotwsj7kb7/edit?gid=455076038#gid=455076038,74995fa1d6a75e1a3fbda580a48e320f5dafacff3075897b2459c7d456d02b1a,2025-07-28,2025-07-30,2026-02-17,,2026-10-10T16:41:48.336232+00:00,2026-02-17,,2026-02-17,2025-07-30,senate-2026,US_SENATE,NC,senate-2026-NC,RV,1000.0,,53.008,46.992,0.0,0.0,6.016,False,include,,votehub-ingest-v3-race-scoped-candidate-level,2026-10-10T16:41:48.336232+00:00,,state-usps-v1,votehub-candidate-matchup-v3-race-scoped,generic_two_way,,,en,1.0,True,False,,senate-2026-NC:roy-cooper,Roy Cooper,senate-2026-NC:michael-whatley,Michael Whatley,senate-2026:NC:senate-2026-NC:roy-cooper|senate-2026-NC:michael-whatley,False,senate-2026-NC:roy-cooper,Roy Cooper,D,senate-2026-NC:michael-whatley,Michael Whatley,R,53.008,46.992,6.016,6.016,dem_minus_rep_two_party,,,,0.72,-0.29,2.217,B,votehub_pollster_scorecards,Roy Cooper,Michael Whatley,South,"[{'poll_id': 'vh-us-202eme013c2ece', 'study_id': 'vh-study-us-202eme013c2ece', 'race_id': 'senate-2026-NC', 'question_id': 'vh-us-202eme013c2ece:q0', 'candidate_id': 'senate-2026-NC:michael-whatley', 'candidate_name': 'Michael Whatley', 'ballot_party': 'R', 'caucus': 'R', 'raw_share': 41.4, 'undecided': None, 'other': None, 'candidate_set_version': 'race-scoped-candidate-set-v1', 'field_start': '2025-07-28', 'field_end': '2025-07-30', 'available_at': '2026-02-17', 'source_lineage': 'votehub-poll-lineage-v3', 'resolution_status': 'race_scoped'}, {'poll_id': 'vh-us-202eme013c2ece', 'study_id': 'vh-study-us-202eme013c2ece', 'race_id': 'senate-2026-NC', 'question_id': 'vh-us-202eme013c2ece:q0', 'candidate_id': 'senate-2026-NC:roy-cooper', 'candidate_name': 'Roy Cooper', 'ballot_party': 'D', 'caucus': 'D', 'raw_share': 46.7, 'undecided': None, 'other': None, 'candidate_set_version': 'race-scoped-candidate-set-v1', 'field_start': '2025-07-28', 'field_end': '2025-07-30', 'available_at': '2026-02-17', 'source_lineage': 'votehub-poll-lineage-v3', 'resolution_status': 'race_scoped'}]",0.0,True
vh-us-202cha2976f667,vh-study-us-202cha2976f667,1,Change Research,none,https://docs.google.com/spreadsheets/d/1_I2lZN7nOAANajydNZPjm_jaPVK_CVWO9FDuX0kReVQ/edit,53f67c575f587f6d4864ad72efed61de5408f29623dd25ffa7dcf77b570e5c63,2026-01-05,2026-01-07,2026-02-17,,2026-10-10T16:41:48.336232+00:00,2026-02-17,,2026-02-17,2026-01-07,senate-2026,US_SENATE,NC,senate-2026-NC,LV,1105.0,,52.809,47.191,0.0,0.0,5.618,True,include,,votehub-ingest-v3-race-scoped-candidate-level,2026-10-10T16:41:48.336232+00:00,,state-usps-v1,votehub-candidate-matchup-v3-race-scoped,generic_two_way,,,en,1.0,True,False,,senate-2026-NC:roy-cooper,Roy Cooper,senate-2026-NC:michael-whatley,Michael Whatley,senate-2026:NC:senate-2026-NC:roy-cooper|senate-2026-NC:michael-whatley,False,senate-2026-NC:roy-cooper,Roy Cooper,D,senate-2026-NC:michael-whatley,Michael Whatley,R,52.809,47.191,5.618,5.618,dem_minus_rep_two_party,,,,0.52,1.31,2.239,C,votehub_pollster_scorecards,Roy Cooper,Michael Whatley,South,"[{'poll_id': 'vh-us-202cha2976f667', 'study_id': 'vh-study-us-202cha2976f667', 'race_id': 'senate-2026-NC', 'question_id': 'vh-us-202cha2976f667:q0', 'candidate_id': 'senate-2026-NC:roy-cooper', 'candidate_name': 'Roy Cooper', 'ballot_party': 'D', 'caucus': 'D', 'raw_share': 47.0, 'undecided': None, 'other': None, 'candidate_set_version': 'race-scoped-candidate-set-v1', 'field_start': '2026-01-05', 'field_end': '2026-01-07', 'available_at': '2026-02-17', 'source_lineage': 'votehub-poll-lineage-v3', 'resolution_status': 'race_scoped'}, {'poll_id': 'vh-us-202cha2976f667', 'study_id': 'vh-study-us-202cha2976f667', 'race_id': 'senate-2026-NC', 'question_id': 'vh-us-202cha2976f667:q0', 'candidate_id': 'senate-2026-NC:michael-whatley', 'candidate_name': 'Michael Whatley', 'ballot_party': 'R', 'caucus': 'R', 'raw_share': 42.0, 'undecided': None, 'other': None, 'candidate_set_version': 'race-scoped-candidate-set-v1', 'field_start': '2026-01-05', 'field_end': '2026-01-07', 'available_at': '2026-02-17', 'source_lineage': 'votehub-poll-lineage-v3', 'resolution_status': 'race_scoped'}]",0.0,True
vh-us-202tipab84b110,vh-study-us-202tipab84b110,1,TIPP,League of American Workers,https://www.dailysignal.com/2026/01/19/exclusive-economy-remains-gops-biggest-vulnerability-in-north-carolina-new-poll-shows,cb383453f895abfc99dada3396a43ed51bd061a0383df9b9840034b2c7d26308,2026-01-12,2026-01-15,2026-02-17,,2026-10-10T16:41:48.336232+00:00,2026-02-17,,2026-02-17,2026-01-15,senate-2026,US_SENATE,NC,senate-2026-NC,RV,1512.0,,66.667,33.333,0.0,0.0,33.333,True,include,,votehub-ingest-v3-race-scoped-candidate-level,2026-10-10T16:41:48.336232+00:00,,state-usps-v1,votehub-candidate-matchup-v3-race-scoped,generic_two_way,,,en,1.0,True,False,,senate-2026-NC:roy-cooper,Roy Cooper,senate-2026-NC:michael-whatley,Michael Whatley,senate-2026:NC:senate-2026-NC:roy-cooper|senate-2026-NC:michael-whatley,False,senate-2026-NC:roy-cooper,Roy Cooper,D,senate-2026-NC:michael-whatley,Michael Whatley,R,66.667,33.333,33.333,33.333,dem_minus_rep_two_party,,,,0.52,0.24,2.448,C,votehub_pollster_scorecards,Roy Cooper,Michael Whatley,South,"[{'poll_id': 'vh-us-202tipab84b110', 'study_id': 'vh-study-us-202tipab84b110', 'race_id': 'senate-2026-NC', 'question_id': 'vh-us-202tipab84b110:q0', 'candidate_id': 'senate-2026-NC:roy-cooper', 'candidate_name': 'Roy Cooper', 'ballot_party': 'D', 'caucus': 'D', 'raw_share': 48.0, 'undecided': None, 'other': None, 'candidate_set_version': 'race-scoped-candidate-set-v1', 'field_start': '2026-01-12', 'field_end': '2026-01-15', 'available_at': '2026-02-17', 'source_lineage': 'votehub-poll-lineage-v3', 'resolution_status': 'race_scoped'}, {'poll_id': 'vh-us-202tipab84b110', 'study_id': 'vh-study-us-202tipab84b110', 'race_id': 'senate-2026-NC', 'question_id': 'vh-us-202tipab84b110:q0', 'candidate_id': 'senate-2026-NC:michael-whatley', 'candidate_name': 'Michael Whatley', 'ballot_party': 'R', 'caucus': 'R', 'raw_share': 24.0, 'undecided': None, 'other': None, 'candidate_set_version': 'race-scoped-candidate-set-v1', 'field_start': '2026-01-12', 'field_end': '2026-01-15', 'available_at': '2026-02-17', 'source_lineage': 'votehub-poll-lineage-v3', 'resolution_status': 'race_scoped'}]",0.0,True
vh-us-202cha2111afda,vh-study-us-202cha2111afda,1,Change Research,none,https://docs.google.com/spreadsheets/d/1Onaf6YlsprPfjSMODM7ibvwEXs082o7-jNMCML7lGGo/edit?gid=0#gid=0,91cb9681a64c95720f938fb76c73482f6509bc9eabf6307e7f8b72976cafcb3e,2026-01-31,2026-02-04,2026-02-20,,2026-10-10T16:41:48.336232+00:00,2026-02-20,,2026-02-20,2026-02-04,senate-2026,US_SENATE,NC,senate-2026-NC,RV,1069.0,,55.556,44.444,0.0,0.0,11.111,False,include,,votehub-ingest-v3-race-scoped-candidate-level,2026-10-10T16:41:48.336232+00:00,,state-usps-v1,votehub-candidate-matchup-v3-race-scoped,generic_two_way,,,en,1.0,True,False,,senate-2026-NC:roy-cooper,Roy Cooper,senate-2026-NC:michael-whatley,Michael Whatley,senate-2026:NC:senate-2026-NC:roy-cooper|senate-2026-NC:michael-whatley,False,senate-2026-NC:roy-cooper,Roy Cooper,D,senate-2026-NC:michael-whatley,Michael Whatley,R,55.556,44.444,11.111,11.111,dem_minus_rep_two_party,,,,0.52,1.31,2.239,C,votehub_pollster_scorecards,Roy Cooper,Michael Whatley,South,"[{'poll_id': 'vh-us-202cha2111afda', 'study_id': 'vh-study-us-202cha2111afda', 'race_id': 'senate-2026-NC', 'question_id': 'vh-us-202cha2111afda:q0', 'candidate_id': 'senate-2026-NC:roy-cooper', 'candidate_name': 'Roy Cooper', 'ballot_party': 'D', 'caucus': 'D', 'raw_share': 50.0, 'undecided': None, 'other': None, 'candidate_set_version': 'race-scoped-candidate-set-v1', 'field_start': '2026-01-31', 'field_end': '2026-02-04', 'available_at': '2026-02-20', 'source_lineage': 'votehub-poll-lineage-v3', 'resolution_status': 'race_scoped'}, {'poll_id': 'vh-us-202cha2111afda', 'study_id': 'vh-study-us-202cha2111afda', 'race_id': 'senate-2026-NC', 'question_id': 'vh-us-202cha2111afda:q0', 'candidate_id': 'senate-2026-NC:michael-whatley', 'candidate_name': 'Michael Whatley', 'ballot_party': 'R', 'caucus': 'R', 'raw_share': 40.0, 'undecided': None, 'other': None, 'candidate_set_version': 'race-scoped-candidate-set-v1', 'field_start': '2026-01-31', 'field_end': '2026-02-04', 'available_at': '2026-02-20', 'source_lineage': 'votehub-poll-lineage-v3', 'resolution_status': 'race_scoped'}]",0.0,True
vh-us-202onm04028dcb,vh-study-us-202onm04028dcb,1,OnMessage,Insurance Watchdog Coalition,https://www.nbc4i.com/news/your-local-election-hq/brown-leads-husted-in-new-ohio-senate-race-poll-with-healthcare-costs-a-top-concern,335e33cac1e338cf153f8a3ae7048c76743b1cd73c84a2ca7aad5417f081ad97,2026-03-03,2026-03-08,2026-03-12,,2026-10-10T16:41:48.336232+00:00,2026-03-12,,2026-03-12,2026-03-08,senate-2026,US_SENATE,OH,senate-2026-OH,LV,600.0,,51.087,48.913,0.0,0.0,2.174,False,include,,votehub-ingest-v3-race-scoped-candidate-level,2026-10-10T16:41:48.336232+00:00,,state-usps-v1,votehub-candidate-matchup-v3-race-scoped,generic_two_way,,,en,1.0,True,False,,senate-2026-OH:sherrod-brown,Sherrod Brown,senate-2026-OH:jon-husted,Jon Husted,senate-2026:OH:senate-2026-OH:sherrod-brown|senate-2026-OH:jon-husted,False,senate-2026-OH:sherrod-brown,Sherrod Brown,D,senate-2026-OH:jon-husted,Jon Husted,R,51.087,48.913,2.174,2.174,dem_minus_rep_two_party,,,,0.55,0.0,2.2,,prior_default,Sherrod Brown,Jon Husted,Midwest,"[{'poll_id': 'vh-us-202onm04028dcb', 'study_id': 'vh-study-us-202onm04028dcb', 'race_id': 'senate-2026-OH', 'question_id': 'vh-us-202onm04028dcb:q0', 'candidate_id': 'senate-2026-OH:sherrod-brown', 'candidate_name': 'Sherrod Brown', 'ballot_party': 'D', 'caucus': 'D', 'raw_share': 47.0, 'undecided': None, 'other': None, 'candidate_set_version': 'race-scoped-candidate-set-v1', 'field_start': '2026-03-03', 'field_end': '2026-03-08', 'available_at': '2026-03-12', 'source_lineage': 'votehub-poll-lineage-v3', 'resolution_status': 'race_scoped'}, {'poll_id': 'vh-us-202onm04028dcb', 'study_id': 'vh-study-us-202onm04028dcb', 'race_id': 'senate-2026-OH', 'question_id': 'vh-us-202onm04028dcb:q0', 'candidate_id': 'senate-2026-OH:jon-husted', 'candidate_name': 'Jon Husted', 'ballot_party': 'R', 'caucus': 'R', 'raw_share': 45.0, 'undecided': None, 'other': None, 'candidate_set_version': 'race-scoped-candidate-set-v1', 'field_start': '2026-03-03', 'field_end': '2026-03-08', 'available_at': '2026-03-12', 'source_lineage': 'votehub-poll-lineage-v3', 'resolution_status': 'race_scoped'}]",0.0,True
vh-us-202emeea9b3350,vh-study-us-202emeea9b3350,1,Emerson,none,https://docs.google.com/spreadsheets/d/1XC3hL0rFXCZ_vYDiaq7J1ZLBJXdkvfPT/edit?gid=1877557151#gid=1877557151,7a245240b68f3bdf5264834708d1c678d5e2e8353438c224d27834a316beeed2,2025-12-06,2025-12-08,2026-03-12,,2026-10-10T16:41:48.336232+00:00,2026-03-12,,2026-03-12,2025-12-08,senate-2026,US_SENATE,OH,senate-2026-OH,RV,850.0,,48.686,51.314,0.0,0.0,-2.629,False,include,,votehub-ingest-v3-race-scoped-candidate-level,2026-10-10T16:41:48.336232+00:00,,state-usps-v1,votehub-candidate-matchup-v3-race-scoped,generic_two_way,,,en,1.0,True,False,,senate-2026-OH:sherrod-brown,Sherrod Brown,senate-2026-OH:jon-husted,Jon Husted,senate-2026:OH:senate-2026-OH:sherrod-brown|senate-2026-OH:jon-husted,False,senate-2026-OH:sherrod-brown,Sherrod Brown,D,senate-2026-OH:jon-husted,Jon Husted,R,48.686,51.314,-2.629,-2.629,dem_minus_rep_two_party,,,,0.72,-0.29,2.217,B,votehub_pollster_scorecards,Sherrod Brown,Jon Husted,Midwest,"[{'poll_id': 'vh-us-202emeea9b3350', 'study_id': 'vh-study-us-202emeea9b3350', 'race_id': 'senate-2026-OH', 'question_id': 'vh-us-202emeea9b3350:q0', 'candidate_id': 'senate-2026-OH:sherrod-brown', 'candidate_name': 'Sherrod Brown', 'ballot_party': 'D', 'caucus': 'D', 'raw_share': 46.3, 'undecided': None, 'other': None, 'candidate_set_version': 'race-scoped-candidate-set-v1', 'field_start': '2025-12-06', 'field_end': '2025-12-08', 'available_at': '2026-03-12', 'source_lineage': 'votehub-poll-lineage-v3', 'resolution_status': 'race_scoped'}, {'poll_id': 'vh-us-202emeea9b3350', 'study_id': 'vh-study-us-202emeea9b3350', 'race_id': 'senate-2026-OH', 'question_id': 'vh-us-202emeea9b3350:q0', 'candidate_id': 'senate-2026-OH:jon-husted', 'candidate_name': 'Jon Husted', 'ballot_party': 'R', 'caucus': 'R', 'raw_share': 48.8, 'undecided': None, 'other': None, 'candidate_set_version': 'race-scoped-candidate-set-v1', 'field_start': '2025-12-06', 'field_end': '2025-12-08', 'available_at': '2026-03-12', 'source_lineage': 'votehub-poll-lineage-v3', 'resolution_status': 'race_scoped'}]",0.0,True
vh-us-202bow288ac89a,vh-study-us-202bow288ac89a,1,Bowling Green State University/YouGov,none,https://scholarworks.bgsu.edu/cgi/viewcontent.cgi?article=1013&context=depo,8fd7a169304e383b4fca9e277c0be7c4db8344e10c3f5930ed5e35475531e002,2025-10-02,2025-10-14,2026-03-12,,2026-10-10T16:41:48.336232+00:00,2026-03-12,,2026-03-12,2025-10-14,senate-2026,US_SENATE,OH,senate-2026-OH,RV,800.0,,50.515,49.485,0.0,0.0,1.031,False,include,,votehub-ingest-v3-race-scoped-candidate-level,2026-10-10T16:41:48.336232+00:00,,state-usps-v1,votehub-candidate-matchup-v3-race-scoped,generic_two_way,,,en,1.0,True,False,,senate-2026-OH:sherrod-brown,Sherrod Brown,senate-2026-OH:jon-husted,Jon Husted,senate-2026:OH:senate-2026-OH:sherrod-brown|senate-2026-OH:jon-husted,False,senate-2026-OH:sherrod-brown,Sherrod Brown,D,senate-2026-OH:jon-husted,Jon Husted,R,50.515,49.485,1.031,1.031,dem_minus_rep_two_party,,,,0.55,0.0,2.2,,prior_default,Sherrod Brown,Jon Husted,Midwest,"[{'poll_id': 'vh-us-202bow288ac89a', 'study_id': 'vh-study-us-202bow288ac89a', 'race_id': 'senate-2026-OH', 'question_id': 'vh-us-202bow288ac89a:q0', 'candidate_id': 'senate-2026-OH:sherrod-brown', 'candidate_name': 'Sherrod Brown', 'ballot_party': 'D', 'caucus': 'D', 'raw_share': 49.0, 'undecided': None, 'other': None, 'candidate_set_version': 'race-scoped-candidate-set-v1', 'field_start': '2025-10-02', 'field_end': '2025-10-14', 'available_at': '2026-03-12', 'source_lineage': 'votehub-poll-lineage-v3', 'resolution_status': 'race_scoped'}, {'poll_id': 'vh-us-202bow288ac89a', 'study_id': 'vh-study-us-202bow288ac89a', 'race_id': 'senate-2026-OH', 'question_id': 'vh-us-202bow288ac89a:q0', 'candidate_id': 'senate-2026-OH:jon-husted', 'candidate_name': 'Jon Husted', 'ballot_party': 'R', 'caucus': 'R', 'raw_share': 48.0, 'undecided': None, 'other': None, 'candidate_set_version': 'race-scoped-candidate-set-v1', 'field_start': '2025-10-02', 'field_end': '2025-10-14', 'available_at': '2026-03-12', 'source_lineage': 'votehub-poll-lineage-v3', 'resolution_status': 'race_scoped'}]",0.0,True
vh-us-202eme8f806411,vh-study-us-202eme8f806411,1,Emerson,none,https://docs.google.com/spreadsheets/d/1jc0ia3Tt5qFUIPqOeRNCrHzVIMJmawJO/edit?gid=533243968#gid=533243968,dd9542249ae9d56931584bf9b73fda3cc3a516f5b82fd680ce4898c37461ef71,2025-08-18,2025-08-19,2026-03-12,,2026-10-10T16:41:48.336232+00:00,2026-03-12,,2026-03-12,2025-08-19,senate-2026,US_SENATE,OH,senate-2026-OH,RV,1000.0,,46.888,53.112,0.0,0.0,-6.223,False,include,,votehub-ingest-v3-race-scoped-candidate-level,2026-10-10T16:41:48.336232+00:00,,state-usps-v1,votehub-candidate-matchup-v3-race-scoped,generic_two_way,,,en,1.0,True,False,,senate-2026-OH:sherrod-brown,Sherrod Brown,senate-2026-OH:jon-husted,Jon Husted,senate-2026:OH:senate-2026-OH:sherrod-brown|senate-2026-OH:jon-husted,False,senate-2026-OH:sherrod-brown,Sherrod Brown,D,senate-2026-OH:jon-husted,Jon Husted,R,46.888,53.112,-6.223,-6.223,dem_minus_rep_two_party,,,,0.72,-0.29,2.217,B,votehub_pollster_scorecards,Sherrod Brown,Jon Husted,Midwest,"[{'poll_id': 'vh-us-202eme8f806411', 'study_id': 'vh-study-us-202eme8f806411', 'race_id': 'senate-2026-OH', 'question_id': 'vh-us-202eme8f806411:q0', 'candidate_id': 'senate-2026-OH:sherrod-brown', 'candidate_name': 'Sherrod Brown', 'ballot_party': 'D', 'caucus': 'D', 'raw_share': 43.7, 'undecided': None, 'other': None, 'candidate_set_version': 'race-scoped-candidate-set-v1', 'field_start': '2025-08-18', 'field_end': '2025-08-19', 'available_at': '2026-03-12', 'source_lineage': 'votehub-poll-lineage-v3', 'resolution_status': 'race_scoped'}, {'poll_id': 'vh-us-202eme8f806411', 'study_id': 'vh-study-us-202eme8f806411', 'race_id': 'senate-2026-OH', 'question_id': 'vh-us-202eme8f806411:q0', 'candidate_id': 'senate-2026-OH:jon-husted', 'candidate_name': 'Jon Husted', 'ballot_party': 'R', 'caucus': 'R', 'raw_share': 49.5, 'undecided': None, 'other': None, 'candidate_set_version': 'race-scoped-candidate-set-v1', 'field_start': '2025-08-18', 'field_end': '2025-08-19', 'available_at': '2026-03-12', 'source_lineage': 'votehub-poll-lineage-v3', 'resolution_status': 'race_scoped'}]",0.0,True
vh-us-202bowabd25f95,vh-study-us-202bowabd25f95,1,Bowling Green State University/YouGov,none,https://scholarworks.bgsu.edu/cgi/viewcontent.cgi?article=1009&context=depo,b03cd21ec857c312f49b67a7367e917df19e8c41b96d9a96289c10756285c7e3,2025-04-18,2025-04-24,2026-03-12,,2026-10-10T16:41:48.336232+00:00,2026-03-12,,2026-03-12,2025-04-24,senate-2026,US_SENATE,OH,senate-2026-OH,RV,800.0,,48.421,51.579,0.0,0.0,-3.158,False,include,,votehub-ingest-v3-race-scoped-candidate-level,2026-10-10T16:41:48.336232+00:00,,state-usps-v1,votehub-candidate-matchup-v3-race-scoped,generic_two_way,,,en,1.0,True,False,,senate-2026-OH:sherrod-brown,Sherrod Brown,senate-2026-OH:jon-husted,Jon Husted,senate-2026:OH:senate-2026-OH:sherrod-brown|senate-2026-OH:jon-husted,False,senate-2026-OH:sherrod-brown,Sherrod Brown,D,senate-2026-OH:jon-husted,Jon Husted,R,48.421,51.579,-3.158,-3.158,dem_minus_rep_two_party,,,,0.55,0.0,2.2,,prior_default,Sherrod Brown,Jon Husted,Midwest,"[{'poll_id': 'vh-us-202bowabd25f95', 'study_id': 'vh-study-us-202bowabd25f95', 'race_id': 'senate-2026-OH', 'question_id': 'vh-us-202bowabd25f95:q0', 'candidate_id': 'senate-2026-OH:sherrod-brown', 'candidate_name': 'Sherrod Brown', 'ballot_party': 'D', 'caucus': 'D', 'raw_share': 46.0, 'undecided': None, 'other': None, 'candidate_set_version': 'race-scoped-candidate-set-v1', 'field_start': '2025-04-18', 'field_end': '2025-04-24', 'available_at': '2026-03-12', 'source_lineage': 'votehub-poll-lineage-v3', 'resolution_status': 'race_scoped'}, {'poll_id': 'vh-us-202bowabd25f95', 'study_id': 'vh-study-us-202bowabd25f95', 'race_id': 'senate-2026-OH', 'question_id': 'vh-us-202bowabd25f95:q0', 'candidate_id': 'senate-2026-OH:jon-husted', 'candidate_name': 'Jon Husted', 'ballot_party': 'R', 'caucus': 'R', 'raw_share': 49.0, 'undecided': None, 'other': None, 'candidate_set_version': 'race-scoped-candidate-set-v1', 'field_start': '2025-04-18', 'field_end': '2025-04-24', 'available_at': '2026-03-12', 'source_lineage': 'votehub-poll-lineage-v3', 'resolution_status': 'race_scoped'}]",0.0,True
vh-us-202bowefe05ca7,vh-study-us-202bowefe05ca7,1,Bowling Green State University/YouGov,none,https://scholarworks.bgsu.edu/cgi/viewcontent.cgi?article=1007&context=depo,135578135f345ff2f9168da61e57aa30f0ddb278e1891d1176f60bb0249034b4,2025-02-14,2025-02-21,2026-03-12,,2026-10-10T16:41:48.336232+00:00,2026-03-12,,2026-03-12,2025-02-21,senate-2026,US_SENATE,OH,senate-2026-OH,RV,800.0,,46.591,53.409,0.0,0.0,-6.818,False,include,,votehub-ingest-v3-race-scoped-candidate-level,2026-10-10T16:41:48.336232+00:00,,state-usps-v1,votehub-candidate-matchup-v3-race-scoped,generic_two_way,,,en,1.0,True,False,,senate-2026-OH:sherrod-brown,Sherrod Brown,senate-2026-OH:jon-husted,Jon Husted,senate-2026:OH:senate-2026-OH:sherrod-brown|senate-2026-OH:jon-husted,False,senate-2026-OH:sherrod-brown,Sherrod Brown,D,senate-2026-OH:jon-husted,Jon Husted,R,46.591,53.409,-6.818,-6.818,dem_minus_rep_two_party,,,,0.55,0.0,2.2,,prior_default,Sherrod Brown,Jon Husted,Midwest,"[{'poll_id': 'vh-us-202bowefe05ca7', 'study_id': 'vh-study-us-202bowefe05ca7', 'race_id': 'senate-2026-OH', 'question_id': 'vh-us-202bowefe05ca7:q0', 'candidate_id': 'senate-2026-OH:sherrod-brown', 'candidate_name': 'Sherrod Brown', 'ballot_party': 'D', 'caucus': 'D', 'raw_share': 41.0, 'undecided': None, 'other': None, 'candidate_set_version': 'race-scoped-candidate-set-v1', 'field_start': '2025-02-14', 'field_end': '2025-02-21', 'available_at': '2026-03-12', 'source_lineage': 'votehub-poll-lineage-v3', 'resolution_status': 'race_scoped'}, {'poll_id': 'vh-us-202bowefe05ca7', 'study_id': 'vh-study-us-202bowefe05ca7', 'race_id': 'senate-2026-OH', 'question_id': 'vh-us-202bowefe05ca7:q0', 'candidate_id': 'senate-2026-OH:jon-husted', 'candidate_name': 'Jon Husted', 'ballot_party': 'R', 'caucus': 'R', 'raw_share': 47.0, 'undecided': None, 'other': None, 'candidate_set_version': 'race-scoped-candidate-set-v1', 'field_start': '2025-02-14', 'field_end': '2025-02-21', 'available_at': '2026-03-12', 'source_lineage': 'votehub-poll-lineage-v3', 'resolution_status': 'race_scoped'}]",0.0,True
vh-us-202emc72b76be3,vh-study-us-202emc72b76be3,1,EMC Research,Ohio Environmental Council,https://theoec.org/wp-content/uploads/2026/03/OEC-Ohio-Survey-Results-2026.pdf,d1d714b41f37fd1c0ebba676510a45a4a839a85fb698222a80b7832b6534d3bd,2026-02-10,2026-02-22,2026-03-12,,2026-10-10T16:41:48.336232+00:00,2026-03-12,,2026-03-12,2026-02-22,senate-2026,US_SENATE,OH,senate-2026-OH,LV,1343.0,,52.041,47.959,0.0,0.0,4.082,False,include,,votehub-ingest-v3-race-scoped-candidate-level,2026-10-10T16:41:48.336232+00:00,,state-usps-v1,votehub-candidate-matchup-v3-race-scoped,generic_two_way,,,en,1.0,True,False,,senate-2026-OH:sherrod-brown,Sherrod Brown,senate-2026-OH:jon-husted,Jon Husted,senate-2026:OH:senate-2026-OH:sherrod-brown|senate-2026-OH:jon-husted,False,senate-2026-OH:sherrod-brown,Sherrod Brown,D,senate-2026-OH:jon-husted,Jon Husted,R,52.041,47.959,4.082,4.082,dem_minus_rep_two_party,,,,0.3,0.0,1.0,0.9,fivethirtyeight_pollster_ratings,Sherrod Brown,Jon Husted,Midwest,"[{'poll_id': 'vh-us-202emc72b76be3', 'study_id': 'vh-study-us-202emc72b76be3', 'race_id': 'senate-2026-OH', 'question_id': 'vh-us-202emc72b76be3:q0', 'candidate_id': 'senate-2026-OH:sherrod-brown', 'candidate_name': 'Sherrod Brown', 'ballot_party': 'D', 'caucus': 'D', 'raw_share': 51.0, 'undecided': None, 'other': None, 'candidate_set_version': 'race-scoped-candidate-set-v1', 'field_start': '2026-02-10', 'field_end': '2026-02-22', 'available_at': '2026-03-12', 'source_lineage': 'votehub-poll-lineage-v3', 'resolution_status': 'race_scoped'}, {'poll_id': 'vh-us-202emc72b76be3', 'study_id': 'vh-study-us-202emc72b76be3', 'race_id': 'senate-2026-OH', 'question_id': 'vh-us-202emc72b76be3:q0', 'candidate_id': 'senate-2026-OH:jon-husted', 'candidate_name': 'Jon Husted', 'ballot_party': 'R', 'caucus': 'R', 'raw_share': 47.0, 'undecided': None, 'other': None, 'candidate_set_version': 'race-scoped-candidate-set-v1', 'field_start': '2026-02-10', 'field_end': '2026-02-22', 'available_at': '2026-03-12', 'source_lineage': 'votehub-poll-lineage-v3', 'resolution_status': 'race_scoped'}]",0.0,True
vh-us-202pub85665d25,vh-study-us-202pub85665d25,1,Public Policy Polling,none,https://e1.nmcdn.io/assets/ppp/wp-content/uploads/2026/03/NorthCarolinaResults31626.pdf,e7b1edbb3820af1b7e346d67cba8676b95569571ca615e986d2e4d91e897b6f9,2026-03-13,2026-03-14,2026-03-16,,2026-10-10T16:41:48.336232+00:00,2026-03-16,,2026-03-16,2026-03-14,senate-2026,US_SENATE,NC,senate-2026-NC,RV,556.0,,51.648,48.352,0.0,0.0,3.297,False,include,,votehub-ingest-v3-race-scoped-candidate-level,2026-10-10T16:41:48.336232+00:00,,state-usps-v1,votehub-candidate-matchup-v3-race-scoped,generic_two_way,,,en,1.0,True,False,,senate-2026-NC:roy-cooper,Roy Cooper,senate-2026-NC:michael-whatley,Michael Whatley,senate-2026:NC:senate-2026-NC:roy-cooper|senate-2026-NC:michael-whatley,False,senate-2026-NC:roy-cooper,Roy Cooper,D,senate-2026-NC:michael-whatley,Michael Whatley,R,51.648,48.352,3.297,3.297,dem_minus_rep_two_party,,,,0.4666666666666666,0.0,1.0,1.4,fivethirtyeight_pollster_ratings,Roy Cooper,Michael Whatley,South,"[{'poll_id': 'vh-us-202pub85665d25', 'study_id': 'vh-study-us-202pub85665d25', 'race_id': 'senate-2026-NC', 'question_id': 'vh-us-202pub85665d25:q0', 'candidate_id': 'senate-2026-NC:roy-cooper', 'candidate_name': 'Roy Cooper', 'ballot_party': 'D', 'caucus': 'D', 'raw_share': 47.0, 'undecided': None, 'other': None, 'candidate_set_version': 'race-scoped-candidate-set-v1', 'field_start': '2026-03-13', 'field_end': '2026-03-14', 'available_at': '2026-03-16', 'source_lineage': 'votehub-poll-lineage-v3', 'resolution_status': 'race_scoped'}, {'poll_id': 'vh-us-202pub85665d25', 'study_id': 'vh-study-us-202pub85665d25', 'race_id': 'senate-2026-NC', 'question_id': 'vh-us-202pub85665d25:q0', 'candidate_id': 'senate-2026-NC:michael-whatley', 'candidate_name': 'Michael Whatley', 'ballot_party': 'R', 'caucus': 'R', 'raw_share': 44.0, 'undecided': None, 'other': None, 'candidate_set_version': 'race-scoped-candidate-set-v1', 'field_start': '2026-03-13', 'field_end': '2026-03-14', 'available_at': '2026-03-16', 'source_lineage': 'votehub-poll-lineage-v3', 'resolution_status': 'race_scoped'}]",0.0,True
vh-us-202quad6aba264,vh-study-us-202quad6aba264,1,Quantus Insights,none,https://docs.google.com/spreadsheets/d/1ybme6RFR0Gz0WDhEeTLTeIQkeWU6vyqB/edit?rtpof=true&sd=true,183abcab806d37be54753fb30129dfe2237ca7ad62e7deab3438ffee844c09d1,2026-03-13,2026-03-14,2026-03-16,,2026-10-10T16:41:48.336232+00:00,2026-03-16,,2026-03-16,2026-03-14,senate-2026,US_SENATE,OH,senate-2026-OH,LV,925.0,,48.889,51.111,0.0,0.0,-2.222,False,include,,votehub-ingest-v3-race-scoped-candidate-level,2026-10-10T16:41:48.336232+00:00,,state-usps-v1,votehub-candidate-matchup-v3-race-scoped,generic_two_way,,,en,1.0,True,False,,senate-2026-OH:sherrod-brown,Sherrod Brown,senate-2026-OH:jon-husted,Jon Husted,senate-2026:OH:senate-2026-OH:sherrod-brown|senate-2026-OH:jon-husted,False,senate-2026-OH:sherrod-brown,Sherrod Brown,D,senate-2026-OH:jon-husted,Jon Husted,R,48.889,51.111,-2.222,-2.222,dem_minus_rep_two_party,,,,0.72,-0.96,2.184,B,votehub_pollster_scorecards,Sherrod Brown,Jon Husted,Midwest,"[{'poll_id': 'vh-us-202quad6aba264', 'study_id': 'vh-study-us-202quad6aba264', 'race_id': 'senate-2026-OH', 'question_id': 'vh-us-202quad6aba264:q0', 'candidate_id': 'senate-2026-OH:sherrod-brown', 'candidate_name': 'Sherrod Brown', 'ballot_party': 'D', 'caucus': 'D', 'raw_share': 44.0, 'undecided': None, 'other': None, 'candidate_set_version': 'race-scoped-candidate-set-v1', 'field_start': '2026-03-13', 'field_end': '2026-03-14', 'available_at': '2026-03-16', 'source_lineage': 'votehub-poll-lineage-v3', 'resolution_status': 'race_scoped'}, {'poll_id': 'vh-us-202quad6aba264', 'study_id': 'vh-study-us-202quad6aba264', 'race_id': 'senate-2026-OH', 'question_id': 'vh-us-202quad6aba264:q0', 'candidate_id': 'senate-2026-OH:jon-husted', 'candidate_name': 'Jon Husted', 'ballot_party': 'R', 'caucus': 'R', 'raw_share': 46.0, 'undecided': None, 'other': None, 'candidate_set_version': 'race-scoped-candidate-set-v1', 'field_start': '2026-03-13', 'field_end': '2026-03-14', 'available_at': '2026-03-16', 'source_lineage': 'votehub-poll-lineage-v3', 'resolution_status': 'race_scoped'}]",0.0,True
vh-us-202ala6fd3746f,vh-study-us-202ala6fd3746f,1,Alaska Survey Research,none,https://bsky.app/profile/alaskasurvey.bsky.social/post/3mi5sviz72222,04134846823c5ae7d9f7488c61cc1a96312dbfe2eec0bec2548f5eb18604958d,2026-03-19,2026-03-22,2026-03-29,,2026-10-10T16:41:48.336232+00:00,2026-03-29,,2026-03-29,2026-03-22,senate-2026,US_SENATE,AK,senate-2026-AK,LV,1283.0,,52.4,47.6,0.0,0.0,4.8,False,include,,votehub-ingest-v3-race-scoped-candidate-level,2026-10-10T16:41:48.336232+00:00,,state-usps-v1,votehub-candidate-matchup-v3-race-scoped,generic_two_way,,,en,1.0,True,False,,senate-2026-AK:mary-peltola,Mary Peltola,senate-2026-AK:dan-s-sullivan,Dan Sullivan,senate-2026:AK:senate-2026-AK:mary-peltola|senate-2026-AK:dan-s-sullivan,False,senate-2026-AK:mary-peltola,Mary Peltola,D,senate-2026-AK:dan-s-sullivan,Dan Sullivan,R,52.4,47.6,4.8,4.8,dem_minus_rep_two_party,,,,0.6333333333333333,0.0,2.2,1.9,fivethirtyeight_pollster_ratings,Mary Peltola,Dan Sullivan,West,"[{'poll_id': 'vh-us-202ala6fd3746f', 'study_id': 'vh-study-us-202ala6fd3746f', 'race_id': 'senate-2026-AK', 'question_id': 'vh-us-202ala6fd3746f:q0', 'candidate_id': 'senate-2026-AK:mary-peltola', 'candidate_name': 'Mary Peltola', 'ballot_party': 'D', 'caucus': 'D', 'raw_share': 52.4, 'undecided': None, 'other': None, 'candidate_set_version': 'race-scoped-candidate-set-v1', 'field_start': '2026-03-19', 'field_end': '2026-03-22', 'available_at': '2026-03-29', 'source_lineage': 'votehub-poll-lineage-v3', 'resolution_status': 'race_scoped'}, {'poll_id': 'vh-us-202ala6fd3746f', 'study_id': 'vh-study-us-202ala6fd3746f', 'race_id': 'senate-2026-AK', 'question_id': 'vh-us-202ala6fd3746f:q0', 'candidate_id': 'senate-2026-AK:dan-s-sullivan', 'candidate_name': 'Dan Sullivan', 'ballot_party': 'R', 'caucus': 'R', 'raw_share': 47.6, 'undecided': None, 'other': None, 'candidate_set_version': 'race-scoped-candidate-set-v1', 'field_start': '2026-03-19', 'field_end': '2026-03-22', 'available_at': '2026-03-29', 'source_lineage': 'votehub-poll-lineage-v3', 'resolution_status': 'race_scoped'}]",0.0,True
vh-us-202pub023ecafb,vh-study-us-202pub023ecafb,1,Public Policy Polling,Democratic Senatorial Campaign Committee,https://www.politico.com/newsletters/playbook/2026/01/21/what-davos-really-thinks-of-trump-00738555?nname=playbook&nid=0000014f-1646-d88f-a1cf-5f46b7bd0000&nrid=4d735b47-a8a7-41f4-9c35-277919f359ed,996a61c70b096aba2cf5bfc10cae451bf70fb243956836810e70095dc029c512,2026-01-16,2026-01-17,2026-03-29,,2026-10-10T16:41:48.336232+00:00,2026-03-29,,2026-03-29,2026-01-17,senate-2026,US_SENATE,AK,senate-2026-AK,RV,611.0,,51.042,48.958,0.0,0.0,2.083,True,include,,votehub-ingest-v3-race-scoped-candidate-level,2026-10-10T16:41:48.336232+00:00,,state-usps-v1,votehub-candidate-matchup-v3-race-scoped,generic_two_way,,,en,1.0,True,False,,senate-2026-AK:mary-peltola,Mary Peltola,senate-2026-AK:dan-s-sullivan,Dan Sullivan,senate-2026:AK:senate-2026-AK:mary-peltola|senate-2026-AK:dan-s-sullivan,False,senate-2026-AK:mary-peltola,Mary Peltola,D,senate-2026-AK:dan-s-sullivan,Dan Sullivan,R,51.042,48.958,2.083,2.083,dem_minus_rep_two_party,,,,0.4666666666666666,0.0,1.0,1.4,fivethirtyeight_pollster_ratings,Mary Peltola,Dan Sullivan,West,"[{'poll_id': 'vh-us-202pub023ecafb', 'study_id': 'vh-study-us-202pub023ecafb', 'race_id': 'senate-2026-AK', 'question_id': 'vh-us-202pub023ecafb:q0', 'candidate_id': 'senate-2026-AK:mary-peltola', 'candidate_name': 'Mary Peltola', 'ballot_party': 'D', 'caucus': 'D', 'raw_share': 49.0, 'undecided': None, 'other': None, 'candidate_set_version': 'race-scoped-candidate-set-v1', 'field_start': '2026-01-16', 'field_end': '2026-01-17', 'available_at': '2026-03-29', 'source_lineage': 'votehub-poll-lineage-v3', 'resolution_status': 'race_scoped'}, {'poll_id': 'vh-us-202pub023ecafb', 'study_id': 'vh-study-us-202pub023ecafb', 'race_id': 'senate-2026-AK', 'question_id': 'vh-us-202pub023ecafb:q0', 'candidate_id': 'senate-2026-AK:dan-s-sullivan', 'candidate_name': 'Dan Sullivan', 'ballot_party': 'R', 'caucus': 'R', 'raw_share': 47.0, 'undecided': None, 'other': None, 'candidate_set_version': 'race-scoped-candidate-set-v1', 'field_start': '2026-01-16', 'field_end': '2026-01-17', 'available_at': '2026-03-29', 'source_lineage': 'votehub-poll-lineage-v3', 'resolution_status': 'race_scoped'}]",0.0,True
vh-us-202ala3b65f6ef,vh-study-us-202ala3b65f6ef,1,Alaska Survey Research,none,https://x.com/The_Real_ASR/status/2011266752693616932,d38a99b57fbbc7b293edda9309d4a03c068dc392d8a87c970c9933765f6bfb4d,2026-01-08,2026-01-11,2026-03-29,,2026-10-10T16:41:48.336232+00:00,2026-03-29,,2026-03-29,2026-01-11,senate-2026,US_SENATE,AK,senate-2026-AK,LV,1681.0,,50.847,49.153,0.0,0.0,1.695,False,include,,votehub-ingest-v3-race-scoped-candidate-level,2026-10-10T16:41:48.336232+00:00,,state-usps-v1,votehub-candidate-matchup-v3-race-scoped,generic_two_way,,,en,1.0,True,False,,senate-2026-AK:mary-peltola,Mary Peltola,senate-2026-AK:dan-s-sullivan,Dan Sullivan,senate-2026:AK:senate-2026-AK:mary-peltola|senate-2026-AK:dan-s-sullivan,False,senate-2026-AK:mary-peltola,Mary Peltola,D,senate-2026-AK:dan-s-sullivan,Dan Sullivan,R,50.847,49.153,1.695,1.695,dem_minus_rep_two_party,,,,0.6333333333333333,0.0,2.2,1.9,fivethirtyeight_pollster_ratings,Mary Peltola,Dan Sullivan,West,"[{'poll_id': 'vh-us-202ala3b65f6ef', 'study_id': 'vh-study-us-202ala3b65f6ef', 'race_id': 'senate-2026-AK', 'question_id': 'vh-us-202ala3b65f6ef:q0', 'candidate_id': 'senate-2026-AK:mary-peltola', 'candidate_name': 'Mary Peltola', 'ballot_party': 'D', 'caucus': 'D', 'raw_share': 48.0, 'undecided': None, 'other': None, 'candidate_set_version': 'race-scoped-candidate-set-v1', 'field_start': '2026-01-08', 'field_end': '2026-01-11', 'available_at': '2026-03-29', 'source_lineage': 'votehub-poll-lineage-v3', 'resolution_status': 'race_scoped'}, {'poll_id': 'vh-us-202ala3b65f6ef', 'study_id': 'vh-study-us-202ala3b65f6ef', 'race_id': 'senate-2026-AK', 'question_id': 'vh-us-202ala3b65f6ef:q0', 'candidate_id': 'senate-2026-AK:dan-s-sullivan', 'candidate_name': 'Dan Sullivan', 'ballot_party': 'R', 'caucus': 'R', 'raw_share': 46.4, 'undecided': None, 'other': None, 'candidate_set_version': 'race-scoped-candidate-set-v1', 'field_start': '2026-01-08', 'field_end': '2026-01-11', 'available_at': '2026-03-29', 'source_lineage': 'votehub-poll-lineage-v3', 'resolution_status': 'race_scoped'}]",0.0,True
vh-us-202eme1bcacacc,vh-study-us-202eme1bcacacc,1,Emerson,Nexstar Media/WGN-TV,https://docs.google.com/spreadsheets/d/1WMIkxH0hZRhWe0dbY6wtuuqshJGChuhv/edit?gid=1306158051#gid=1306158051,d93e3cb751919ececc03fd260870e036ebaf25221b9295c1d135b8e86b174252,2026-02-28,2026-03-02,2026-03-30,,2026-10-10T16:41:48.336232+00:00,2026-03-30,,2026-03-30,2026-03-02,senate-2026,US_SENATE,GA,senate-2026-GA,LV,1000.0,,52.418,47.582,0.0,0.0,4.835,False,include,,votehub-ingest-v3-race-scoped-candidate-level,2026-10-10T16:41:48.336232+00:00,,state-usps-v1,votehub-candidate-matchup-v3-race-scoped,generic_two_way,,,en,1.0,True,False,,senate-2026-GA:jon-ossoff,Jon Ossoff,senate-2026-GA:mike-collins,Mike Collins,senate-2026:GA:senate-2026-GA:jon-ossoff|senate-2026-GA:mike-collins,False,senate-2026-GA:jon-ossoff,Jon Ossoff,D,senate-2026-GA:mike-collins,Mike Collins,R,52.418,47.582,4.835,4.835,dem_minus_rep_two_party,,,,0.72,-0.29,2.217,B,votehub_pollster_scorecards,Jon Ossoff,Mike Collins,South,"[{'poll_id': 'vh-us-202eme1bcacacc', 'study_id': 'vh-study-us-202eme1bcacacc', 'race_id': 'senate-2026-GA', 'question_id': 'vh-us-202eme1bcacacc:q0', 'candidate_id': 'senate-2026-GA:jon-ossoff', 'candidate_name': 'Jon Ossoff', 'ballot_party': 'D', 'caucus': 'D', 'raw_share': 47.7, 'undecided': None, 'other': None, 'candidate_set_version': 'race-scoped-candidate-set-v1', 'field_start': '2026-02-28', 'field_end': '2026-03-02', 'available_at': '2026-03-30', 'source_lineage': 'votehub-poll-lineage-v3', 'resolution_status': 'race_scoped'}, {'poll_id': 'vh-us-202eme1bcacacc', 'study_id': 'vh-study-us-202eme1bcacacc', 'race_id': 'senate-2026-GA', 'question_id': 'vh-us-202eme1bcacacc:q0', 'candidate_id': 'senate-2026-GA:mike-collins', 'candidate_name': 'Mike Collins', 'ballot_party': 'R', 'caucus': 'R', 'raw_share': 43.3, 'undecided': None, 'other': None, 'candidate_set_version': 'race-scoped-candidate-set-v1', 'field_start': '2026-02-28', 'field_end': '2026-03-02', 'available_at': '2026-03-30', 'source_lineage': 'votehub-poll-lineage-v3', 'resolution_status': 'race_scoped'}]",0.0,True
vh-us-202qua80fe18a7,vh-study-us-202qua80fe18a7,1,Quantus Insights,none,https://drive.google.com/file/d/1s_XyIo0Rre1TGtVisHKu9hW3S4yEvxRl/view,aafc12852f2f37785aeb227228c0244fa9feeb62911e0650f113c05c3c9944cb,2025-09-09,2025-09-12,2026-03-30,,2026-10-10T16:41:48.336232+00:00,2026-03-30,,2026-03-30,2025-09-12,senate-2026,US_SENATE,GA,senate-2026-GA,RV,624.0,,50.066,49.934,0.0,0.0,0.132,False,include,,votehub-ingest-v3-race-scoped-candidate-level,2026-10-10T16:41:48.336232+00:00,,state-usps-v1,votehub-candidate-matchup-v3-race-scoped,generic_two_way,,,en,1.0,True,False,,senate-2026-GA:jon-ossoff,Jon Ossoff,senate-2026-GA:mike-collins,Mike Collins,senate-2026:GA:senate-2026-GA:jon-ossoff|senate-2026-GA:mike-collins,False,senate-2026-GA:jon-ossoff,Jon Ossoff,D,senate-2026-GA:mike-collins,Mike Collins,R,50.066,49.934,0.132,0.132,dem_minus_rep_two_party,,,,0.72,-0.96,2.184,B,votehub_pollster_scorecards,Jon Ossoff,Mike Collins,South,"[{'poll_id': 'vh-us-202qua80fe18a7', 'study_id': 'vh-study-us-202qua80fe18a7', 'race_id': 'senate-2026-GA', 'question_id': 'vh-us-202qua80fe18a7:q0', 'candidate_id': 'senate-2026-GA:jon-ossoff', 'candidate_name': 'Jon Ossoff', 'ballot_party': 'D', 'caucus': 'D', 'raw_share': 37.8, 'undecided': None, 'other': None, 'candidate_set_version': 'race-scoped-candidate-set-v1', 'field_start': '2025-09-09', 'field_end': '2025-09-12', 'available_at': '2026-03-30', 'source_lineage': 'votehub-poll-lineage-v3', 'resolution_status': 'race_scoped'}, {'poll_id': 'vh-us-202qua80fe18a7', 'study_id': 'vh-study-us-202qua80fe18a7', 'race_id': 'senate-2026-GA', 'question_id': 'vh-us-202qua80fe18a7:q0', 'candidate_id': 'senate-2026-GA:mike-collins', 'candidate_name': 'Mike Collins', 'ballot_party': 'R', 'caucus': 'R', 'raw_share': 37.7, 'undecided': None, 'other': None, 'candidate_set_version': 'race-scoped-candidate-set-v1', 'field_start': '2025-09-09', 'field_end': '2025-09-12', 'available_at': '2026-03-30', 'source_lineage': 'votehub-poll-lineage-v3', 'resolution_status': 'race_scoped'}]",0.0,True
vh-us-202tip0382be0d,vh-study-us-202tip0382be0d,1,TIPP,League of American Workers,https://dailycaller.com/2025/08/07/mike-collins-georgia-senate-poll,73e341beabd4e0c7e3d5de67ee8517e5f2fdcd643e43f674c8587fe688fe8b3e,2025-07-28,2025-08-01,2026-03-30,,2026-10-10T16:41:48.336232+00:00,2026-03-30,,2026-03-30,2025-08-01,senate-2026,US_SENATE,GA,senate-2026-GA,LV,2395.0,,50.562,49.438,0.0,0.0,1.124,True,include,,votehub-ingest-v3-race-scoped-candidate-level,2026-10-10T16:41:48.336232+00:00,,state-usps-v1,votehub-candidate-matchup-v3-race-scoped,generic_two_way,,,en,1.0,True,False,,senate-2026-GA:jon-ossoff,Jon Ossoff,senate-2026-GA:mike-collins,Mike Collins,senate-2026:GA:senate-2026-GA:jon-ossoff|senate-2026-GA:mike-collins,False,senate-2026-GA:jon-ossoff,Jon Ossoff,D,senate-2026-GA:mike-collins,Mike Collins,R,50.562,49.438,1.124,1.124,dem_minus_rep_two_party,,,,0.52,0.24,2.448,C,votehub_pollster_scorecards,Jon Ossoff,Mike Collins,South,"[{'poll_id': 'vh-us-202tip0382be0d', 'study_id': 'vh-study-us-202tip0382be0d', 'race_id': 'senate-2026-GA', 'question_id': 'vh-us-202tip0382be0d:q0', 'candidate_id': 'senate-2026-GA:jon-ossoff', 'candidate_name': 'Jon Ossoff', 'ballot_party': 'D', 'caucus': 'D', 'raw_share': 45.0, 'undecided': None, 'other': None, 'candidate_set_version': 'race-scoped-candidate-set-v1', 'field_start': '2025-07-28', 'field_end': '2025-08-01', 'available_at': '2026-03-30', 'source_lineage': 'votehub-poll-lineage-v3', 'resolution_status': 'race_scoped'}, {'poll_id': 'vh-us-202tip0382be0d', 'study_id': 'vh-study-us-202tip0382be0d', 'race_id': 'senate-2026-GA', 'question_id': 'vh-us-202tip0382be0d:q0', 'candidate_id': 'senate-2026-GA:mike-collins', 'candidate_name': 'Mike Collins', 'ballot_party': 'R', 'caucus': 'R', 'raw_share': 44.0, 'undecided': None, 'other': None, 'candidate_set_version': 'race-scoped-candidate-set-v1', 'field_start': '2025-07-28', 'field_end': '2025-08-01', 'available_at': '2026-03-30', 'source_lineage': 'votehub-poll-lineage-v3', 'resolution_status': 'race_scoped'}]",0.0,True
vh-us-202cyg167b9abc,vh-study-us-202cyg167b9abc,1,Cygnal,Democracy Defense Project,https://www.ajc.com/politics/2025/05/brad-raffensperger-for-senate-poll-shows-dead-heat-with-jon-ossoff/,c9651d02c6e6dc6fcd12c56e156a8edca334c5f73f67283372d8417298981bc1,2025-05-15,2025-05-17,2026-03-30,,2026-10-10T16:41:48.336232+00:00,2026-03-30,,2026-03-30,2025-05-17,senate-2026,US_SENATE,GA,senate-2026-GA,RV,800.0,,51.685,48.315,0.0,0.0,3.371,True,include,,votehub-ingest-v3-race-scoped-candidate-level,2026-10-10T16:41:48.336232+00:00,,state-usps-v1,votehub-candidate-matchup-v3-race-scoped,generic_two_way,,,en,1.0,True,False,,senate-2026-GA:jon-ossoff,Jon Ossoff,senate-2026-GA:mike-collins,Mike Collins,senate-2026:GA:senate-2026-GA:jon-ossoff|senate-2026-GA:mike-collins,False,senate-2026-GA:jon-ossoff,Jon Ossoff,D,senate-2026-GA:mike-collins,Mike Collins,R,51.685,48.315,3.371,3.371,dem_minus_rep_two_party,,,,0.32,-0.2,2.415,D,votehub_pollster_scorecards,Jon Ossoff,Mike Collins,South,"[{'poll_id': 'vh-us-202cyg167b9abc', 'study_id': 'vh-study-us-202cyg167b9abc', 'race_id': 'senate-2026-GA', 'question_id': 'vh-us-202cyg167b9abc:q0', 'candidate_id': 'senate-2026-GA:jon-ossoff', 'candidate_name': 'Jon Ossoff', 'ballot_party': 'D', 'caucus': 'D', 'raw_share': 46.0, 'undecided': None, 'other': None, 'candidate_set_version': 'race-scoped-candidate-set-v1', 'field_start': '2025-05-15', 'field_end': '2025-05-17', 'available_at': '2026-03-30', 'source_lineage': 'votehub-poll-lineage-v3', 'resolution_status': 'race_scoped'}, {'poll_id': 'vh-us-202cyg167b9abc', 'study_id': 'vh-study-us-202cyg167b9abc', 'race_id': 'senate-2026-GA', 'question_id': 'vh-us-202cyg167b9abc:q0', 'candidate_id': 'senate-2026-GA:mike-collins', 'candidate_name': 'Mike Collins', 'ballot_party': 'R', 'caucus': 'R', 'raw_share': 43.0, 'undecided': None, 'other': None, 'candidate_set_version': 'race-scoped-candidate-set-v1', 'field_start': '2025-05-15', 'field_end': '2025-05-17', 'available_at': '2026-03-30', 'source_lineage': 'votehub-poll-lineage-v3', 'resolution_status': 'race_scoped'}]",0.0,True
vh-us-202traba6abade,vh-study-us-202traba6abade,1,Trafalgar Group,none,https://www.thetrafalgargroup.org/wp-content/uploads/2025/04/GA-26-US-Senate-0428_Full-Report.pdf,25a27590e4c64a9a3623fccd8b03005db42cd7551ce7d5b7d52d3bdf6059327f,2025-04-24,2025-04-27,2026-03-30,,2026-10-10T16:41:48.336232+00:00,2026-03-30,,2026-03-30,2025-04-27,senate-2026,US_SENATE,GA,senate-2026-GA,LV,1426.0,,52.602,47.398,0.0,0.0,5.205,True,include,,votehub-ingest-v3-race-scoped-candidate-level,2026-10-10T16:41:48.336232+00:00,,state-usps-v1,votehub-candidate-matchup-v3-race-scoped,generic_two_way,,,en,1.0,True,False,,senate-2026-GA:jon-ossoff,Jon Ossoff,senate-2026-GA:mike-collins,Mike Collins,senate-2026:GA:senate-2026-GA:jon-ossoff|senate-2026-GA:mike-collins,False,senate-2026-GA:jon-ossoff,Jon Ossoff,D,senate-2026-GA:mike-collins,Mike Collins,R,52.602,47.398,5.205,5.205,dem_minus_rep_two_party,,,,0.32,-1.38,2.701,D,votehub_pollster_scorecards,Jon Ossoff,Mike Collins,South,"[{'poll_id': 'vh-us-202traba6abade', 'study_id': 'vh-study-us-202traba6abade', 'race_id': 'senate-2026-GA', 'question_id': 'vh-us-202traba6abade:q0', 'candidate_id': 'senate-2026-GA:jon-ossoff', 'candidate_name': 'Jon Ossoff', 'ballot_party': 'D', 'caucus': 'D', 'raw_share': 47.5, 'undecided': None, 'other': None, 'candidate_set_version': 'race-scoped-candidate-set-v1', 'field_start': '2025-04-24', 'field_end': '2025-04-27', 'available_at': '2026-03-30', 'source_lineage': 'votehub-poll-lineage-v3', 'resolution_status': 'race_scoped'}, {'poll_id': 'vh-us-202traba6abade', 'study_id': 'vh-study-us-202traba6abade', 'race_id': 'senate-2026-GA', 'question_id': 'vh-us-202traba6abade:q0', 'candidate_id': 'senate-2026-GA:mike-collins', 'candidate_name': 'Mike Collins', 'ballot_party': 'R', 'caucus': 'R', 'raw_share': 42.8, 'undecided': None, 'other': None, 'candidate_set_version': 'race-scoped-candidate-set-v1', 'field_start': '2025-04-24', 'field_end': '2025-04-27', 'available_at': '2026-03-30', 'source_lineage': 'votehub-poll-lineage-v3', 'resolution_status': 'race_scoped'}]",0.0,True
vh-us-202wpa60d3da4e,vh-study-us-202wpa60d3da4e,1,WPA Intelligence,Club for Growth,https://www.politico.com/news/2025/01/16/kemp-ossoff-poll-georgia-senate-00198719,3f972ea6acfdf7b0ce584f6275036222fc76917c29f9efbccf4c441c7fdc6a8f,2025-01-14,2025-01-15,2026-03-30,,2026-10-10T16:41:48.336232+00:00,2026-03-30,,2026-03-30,2025-01-15,senate-2026,US_SENATE,GA,senate-2026-GA,LV,500.0,,56.41,43.59,0.0,0.0,12.821,True,include,,votehub-ingest-v3-race-scoped-candidate-level,2026-10-10T16:41:48.336232+00:00,,state-usps-v1,votehub-candidate-matchup-v3-race-scoped,generic_two_way,,,en,1.0,True,False,,senate-2026-GA:jon-ossoff,Jon Ossoff,senate-2026-GA:mike-collins,Mike Collins,senate-2026:GA:senate-2026-GA:jon-ossoff|senate-2026-GA:mike-collins,False,senate-2026-GA:jon-ossoff,Jon Ossoff,D,senate-2026-GA:mike-collins,Mike Collins,R,56.41,43.59,12.821,12.821,dem_minus_rep_two_party,,,,0.5666666666666667,0.0,2.2,1.7,fivethirtyeight_pollster_ratings,Jon Ossoff,Mike Collins,South,"[{'poll_id': 'vh-us-202wpa60d3da4e', 'study_id': 'vh-study-us-202wpa60d3da4e', 'race_id': 'senate-2026-GA', 'question_id': 'vh-us-202wpa60d3da4e:q0', 'candidate_id': 'senate-2026-GA:jon-ossoff', 'candidate_name': 'Jon Ossoff', 'ballot_party': 'D', 'caucus': 'D', 'raw_share': 44.0, 'undecided': None, 'other': None, 'candidate_set_version': 'race-scoped-candidate-set-v1', 'field_start': '2025-01-14', 'field_end': '2025-01-15', 'available_at': '2026-03-30', 'source_lineage': 'votehub-poll-lineage-v3', 'resolution_status': 'race_scoped'}, {'poll_id': 'vh-us-202wpa60d3da4e', 'study_id': 'vh-study-us-202wpa60d3da4e', 'race_id': 'senate-2026-GA', 'question_id': 'vh-us-202wpa60d3da4e:q0', 'candidate_id': 'senate-2026-GA:mike-collins', 'candidate_name': 'Mike Collins', 'ballot_party': 'R', 'caucus': 'R', 'raw_share': 34.0, 'undecided': None, 'other': None, 'candidate_set_version': 'race-scoped-candidate-set-v1', 'field_start': '2025-01-14', 'field_end': '2025-01-15', 'available_at': '2026-03-30', 'source_lineage': 'votehub-poll-lineage-v3', 'resolution_status': 'race_scoped'}]",0.0,True
vh-us-202nex3971aa3a,vh-study-us-202nex3971aa3a,1,Nexus Strategies/Strategic Partners Solutions,Healthier United Fund,https://www.healthierunited.org/media/disagree-healthier-launch-j6kn8-4rbfc,7ecb0a515b41107c243e3c58ccfb7cb8874fea4120b8c107a03d601fa43420be,2026-03-08,2026-03-09,2026-03-30,,2026-10-10T16:41:48.336232+00:00,2026-03-30,,2026-03-30,2026-03-09,senate-2026,US_SENATE,NC,senate-2026-NC,LV,800.0,,60.976,39.024,0.0,0.0,21.951,False,include,,votehub-ingest-v3-race-scoped-candidate-level,2026-10-10T16:41:48.336232+00:00,,state-usps-v1,votehub-candidate-matchup-v3-race-scoped,generic_two_way,,,en,1.0,True,False,,senate-2026-NC:roy-cooper,Roy Cooper,senate-2026-NC:michael-whatley,Michael Whatley,senate-2026:NC:senate-2026-NC:roy-cooper|senate-2026-NC:michael-whatley,False,senate-2026-NC:roy-cooper,Roy Cooper,D,senate-2026-NC:michael-whatley,Michael Whatley,R,60.976,39.024,21.951,21.951,dem_minus_rep_two_party,,,,0.55,0.0,2.2,,prior_default,Roy Cooper,Michael Whatley,South,"[{'poll_id': 'vh-us-202nex3971aa3a', 'study_id': 'vh-study-us-202nex3971aa3a', 'race_id': 'senate-2026-NC', 'question_id': 'vh-us-202nex3971aa3a:q0', 'candidate_id': 'senate-2026-NC:roy-cooper', 'candidate_name': 'Roy Cooper', 'ballot_party': 'D', 'caucus': 'D', 'raw_share': 50.0, 'undecided': None, 'other': None, 'candidate_set_version': 'race-scoped-candidate-set-v1', 'field_start': '2026-03-08', 'field_end': '2026-03-09', 'available_at': '2026-03-30', 'source_lineage': 'votehub-poll-lineage-v3', 'resolution_status': 'race_scoped'}, {'poll_id': 'vh-us-202nex3971aa3a', 'study_id': 'vh-study-us-202nex3971aa3a', 'race_id': 'senate-2026-NC', 'question_id': 'vh-us-202nex3971aa3a:q0', 'candidate_id': 'senate-2026-NC:michael-whatley', 'candidate_name': 'Michael Whatley', 'ballot_party': 'R', 'caucus': 'R', 'raw_share': 32.0, 'undecided': None, 'other': None, 'candidate_set_version': 'race-scoped-candidate-set-v1', 'field_start': '2026-03-08', 'field_end': '2026-03-09', 'available_at': '2026-03-30', 'source_lineage': 'votehub-poll-lineage-v3', 'resolution_status': 'race_scoped'}]",0.0,True
vh-us-202you2133db87,vh-study-us-202you2133db87,1,University of Massachusetts Lowell-YouGov,Catawba College Center for North Carolina Politics & Public Service,https://www.catawba.edu/news/all-news/2026/yougov-24,82df9f7506cfa5d9fc80b3182ef540b4c0f4afa95532c48c189f00ea71590832,2026-03-09,2026-03-18,2026-04-01,,2026-10-10T16:41:48.336232+00:00,2026-04-01,,2026-04-01,2026-03-18,senate-2026,US_SENATE,NC,senate-2026-NC,LV,871.0,,58.537,41.463,0.0,0.0,17.073,False,include,,votehub-ingest-v3-race-scoped-candidate-level,2026-10-10T16:41:48.336232+00:00,,state-usps-v1,votehub-candidate-matchup-v3-race-scoped,generic_two_way,,,en,1.0,True,False,,senate-2026-NC:roy-cooper,Roy Cooper,senate-2026-NC:michael-whatley,Michael Whatley,senate-2026:NC:senate-2026-NC:roy-cooper|senate-2026-NC:michael-whatley,False,senate-2026-NC:roy-cooper,Roy Cooper,D,senate-2026-NC:michael-whatley,Michael Whatley,R,58.537,41.463,17.073,17.073,dem_minus_rep_two_party,,,,0.32,1.7,2.547,D,votehub_pollster_scorecards,Roy Cooper,Michael Whatley,South,"[{'poll_id': 'vh-us-202you2133db87', 'study_id': 'vh-study-us-202you2133db87', 'race_id': 'senate-2026-NC', 'question_id': 'vh-us-202you2133db87:q0', 'candidate_id': 'senate-2026-NC:roy-cooper', 'candidate_name': 'Roy Cooper', 'ballot_party': 'D', 'caucus': 'D', 'raw_share': 48.0, 'undecided': None, 'other': None, 'candidate_set_version': 'race-scoped-candidate-set-v1', 'field_start': '2026-03-09', 'field_end': '2026-03-18', 'available_at': '2026-04-01', 'source_lineage': 'votehub-poll-lineage-v3', 'resolution_status': 'race_scoped'}, {'poll_id': 'vh-us-202you2133db87', 'study_id': 'vh-study-us-202you2133db87', 'race_id': 'senate-2026-NC', 'question_id': 'vh-us-202you2133db87:q0', 'candidate_id': 'senate-2026-NC:michael-whatley', 'candidate_name': 'Michael Whatley', 'ballot_party': 'R', 'caucus': 'R', 'raw_share': 34.0, 'undecided': None, 'other': None, 'candidate_set_version': 'race-scoped-candidate-set-v1', 'field_start': '2026-03-09', 'field_end': '2026-03-18', 'available_at': '2026-04-01', 'source_lineage': 'votehub-poll-lineage-v3', 'resolution_status': 'race_scoped'}]",0.0,True
vh-us-202eme9a6a68f5,vh-study-us-202eme9a6a68f5,1,Emerson,none,https://docs.google.com/spreadsheets/d/1-Q3fMv-ldmBe4xdMzd0q49PpV7xncHZL/edit?gid=744018967#gid=744018967,9703f3cbd18cd3d467f9c6f815c52c03c51606c10ac523a8781500e39f8def4d,2026-03-21,2026-03-23,2026-04-14,,2026-10-10T16:41:48.336232+00:00,2026-04-14,,2026-04-14,2026-03-23,senate-2026,US_SENATE,NH,senate-2026-NH,LV,1100.0,,50.899,49.101,0.0,0.0,1.798,False,include,,votehub-ingest-v3-race-scoped-candidate-level,2026-10-10T16:41:48.336232+00:00,,state-usps-v1,votehub-candidate-matchup-v3-race-scoped,generic_two_way,,,en,1.0,True,False,,senate-2026-NH:chris-pappas,Chris Pappas,senate-2026-NH:john-sununu,John Sununu,senate-2026:NH:senate-2026-NH:chris-pappas|senate-2026-NH:john-sununu,False,senate-2026-NH:chris-pappas,Chris Pappas,D,senate-2026-NH:john-sununu,John Sununu,R,50.899,49.101,1.798,1.798,dem_minus_rep_two_party,,,,0.72,-0.29,2.217,B,votehub_pollster_scorecards,Chris Pappas,John Sununu,Northeast,"[{'poll_id': 'vh-us-202eme9a6a68f5', 'study_id': 'vh-study-us-202eme9a6a68f5', 'race_id': 'senate-2026-NH', 'question_id': 'vh-us-202eme9a6a68f5:q0', 'candidate_id': 'senate-2026-NH:chris-pappas', 'candidate_name': 'Chris Pappas', 'ballot_party': 'D', 'caucus': 'D', 'raw_share': 45.3, 'undecided': None, 'other': None, 'candidate_set_version': 'race-scoped-candidate-set-v1', 'field_start': '2026-03-21', 'field_end': '2026-03-23', 'available_at': '2026-04-14', 'source_lineage': 'votehub-poll-lineage-v3', 'resolution_status': 'race_scoped'}, {'poll_id': 'vh-us-202eme9a6a68f5', 'study_id': 'vh-study-us-202eme9a6a68f5', 'race_id': 'senate-2026-NH', 'question_id': 'vh-us-202eme9a6a68f5:q0', 'candidate_id': 'senate-2026-NH:john-sununu', 'candidate_name': 'John Sununu', 'ballot_party': 'R', 'caucus': 'R', 'raw_share': 43.7, 'undecided': None, 'other': None, 'candidate_set_version': 'race-scoped-candidate-set-v1', 'field_start': '2026-03-21', 'field_end': '2026-03-23', 'available_at': '2026-04-14', 'source_lineage': 'votehub-poll-lineage-v3', 'resolution_status': 'race_scoped'}]",0.0,True
vh-us-202saica770502,vh-study-us-202saica770502,1,Saint Anselm,none,https://www.anselm.edu/about/anselmian-hub/news/new-poll-saint-anselm-college-survey-shows-democrats-gaining-ground-republicans-face-political-headwinds,7830bd576e2fda116f139b0ddd07486029c62c392bc86c8f73b08890cd36819d,2026-03-16,2026-03-18,2026-04-14,,2026-10-10T16:41:48.336232+00:00,2026-04-14,,2026-04-14,2026-03-18,senate-2026,US_SENATE,NH,senate-2026-NH,RV,1491.0,,51.685,48.315,0.0,0.0,3.371,False,include,,votehub-ingest-v3-race-scoped-candidate-level,2026-10-10T16:41:48.336232+00:00,,state-usps-v1,votehub-candidate-matchup-v3-race-scoped,generic_two_way,,,en,1.0,True,False,,senate-2026-NH:chris-pappas,Chris Pappas,senate-2026-NH:john-sununu,John Sununu,senate-2026:NH:senate-2026-NH:chris-pappas|senate-2026-NH:john-sununu,False,senate-2026-NH:chris-pappas,Chris Pappas,D,senate-2026-NH:john-sununu,John Sununu,R,51.685,48.315,3.371,3.371,dem_minus_rep_two_party,,,,0.55,0.0,2.2,,prior_default,Chris Pappas,John Sununu,Northeast,"[{'poll_id': 'vh-us-202saica770502', 'study_id': 'vh-study-us-202saica770502', 'race_id': 'senate-2026-NH', 'question_id': 'vh-us-202saica770502:q0', 'candidate_id': 'senate-2026-NH:chris-pappas', 'candidate_name': 'Chris Pappas', 'ballot_party': 'D', 'caucus': 'D', 'raw_share': 46.0, 'undecided': None, 'other': None, 'candidate_set_version': 'race-scoped-candidate-set-v1', 'field_start': '2026-03-16', 'field_end': '2026-03-18', 'available_at': '2026-04-14', 'source_lineage': 'votehub-poll-lineage-v3', 'resolution_status': 'race_scoped'}, {'poll_id': 'vh-us-202saica770502', 'study_id': 'vh-study-us-202saica770502', 'race_id': 'senate-2026-NH', 'question_id': 'vh-us-202saica770502:q0', 'candidate_id': 'senate-2026-NH:john-sununu', 'candidate_name': 'John Sununu', 'ballot_party': 'R', 'caucus': 'R', 'raw_share': 43.0, 'undecided': None, 'other': None, 'candidate_set_version': 'race-scoped-candidate-set-v1', 'field_start': '2026-03-16', 'field_end': '2026-03-18', 'available_at': '2026-04-14', 'source_lineage': 'votehub-poll-lineage-v3', 'resolution_status': 'race_scoped'}]",0.0,True
vh-us-202yese8051e85,vh-study-us-202yese8051e85,1,yes. every kid.,none,https://yeseverykid.com/new-hampshire-voters-support-expanded-public-school-access/,d58434e4525e6f8e164f8dfa03bc1dd43260e4d9a048ae0ee01cbb2e31332ec0,2026-01-28,2026-01-29,2026-04-14,,2026-10-10T16:41:48.336232+00:00,2026-04-14,,2026-04-14,2026-01-29,senate-2026,US_SENATE,NH,senate-2026-NH,LV,563.0,,52.326,47.674,0.0,0.0,4.651,False,include,,votehub-ingest-v3-race-scoped-candidate-level,2026-10-10T16:41:48.336232+00:00,,state-usps-v1,votehub-candidate-matchup-v3-race-scoped,generic_two_way,,,en,1.0,True,False,,senate-2026-NH:chris-pappas,Chris Pappas,senate-2026-NH:john-sununu,John Sununu,senate-2026:NH:senate-2026-NH:chris-pappas|senate-2026-NH:john-sununu,False,senate-2026-NH:chris-pappas,Chris Pappas,D,senate-2026-NH:john-sununu,John Sununu,R,52.326,47.674,4.651,4.651,dem_minus_rep_two_party,,,,0.55,0.0,2.2,,prior_default,Chris Pappas,John Sununu,Northeast,"[{'poll_id': 'vh-us-202yese8051e85', 'study_id': 'vh-study-us-202yese8051e85', 'race_id': 'senate-2026-NH', 'question_id': 'vh-us-202yese8051e85:q0', 'candidate_id': 'senate-2026-NH:chris-pappas', 'candidate_name': 'Chris Pappas', 'ballot_party': 'D', 'caucus': 'D', 'raw_share': 45.0, 'undecided': None, 'other': None, 'candidate_set_version': 'race-scoped-candidate-set-v1', 'field_start': '2026-01-28', 'field_end': '2026-01-29', 'available_at': '2026-04-14', 'source_lineage': 'votehub-poll-lineage-v3', 'resolution_status': 'race_scoped'}, {'poll_id': 'vh-us-202yese8051e85', 'study_id': 'vh-study-us-202yese8051e85', 'race_id': 'senate-2026-NH', 'question_id': 'vh-us-202yese8051e85:q0', 'candidate_id': 'senate-2026-NH:john-sununu', 'candidate_name': 'John Sununu', 'ballot_party': 'R', 'caucus': 'R', 'raw_share': 41.0, 'undecided': None, 'other': None, 'candidate_set_version': 'race-scoped-candidate-set-v1', 'field_start': '2026-01-28', 'field_end': '2026-01-29', 'available_at': '2026-04-14', 'source_lineage': 'votehub-poll-lineage-v3', 'resolution_status': 'race_scoped'}]",0.0,True
vh-us-202uni1250e038,vh-study-us-202uni1250e038,1,University of New Hampshire,none,https://scholars.unh.edu/survey_center_polls/922/,8f03225df15ecef7f1eb52e5c56269557f86476fb250461869c58767249bcc06,2026-01-15,2026-01-19,2026-04-14,,2026-10-10T16:41:48.336232+00:00,2026-04-14,,2026-04-14,2026-01-19,senate-2026,US_SENATE,NH,senate-2026-NH,LV,2038.0,,52.632,47.368,0.0,0.0,5.263,False,include,,votehub-ingest-v3-race-scoped-candidate-level,2026-10-10T16:41:48.336232+00:00,,state-usps-v1,votehub-candidate-matchup-v3-race-scoped,generic_two_way,,,en,1.0,True,False,,senate-2026-NH:chris-pappas,Chris Pappas,senate-2026-NH:john-sununu,John Sununu,senate-2026:NH:senate-2026-NH:chris-pappas|senate-2026-NH:john-sununu,False,senate-2026-NH:chris-pappas,Chris Pappas,D,senate-2026-NH:john-sununu,John Sununu,R,52.632,47.368,5.263,5.263,dem_minus_rep_two_party,,,,0.55,0.0,2.2,,prior_default,Chris Pappas,John Sununu,Northeast,"[{'poll_id': 'vh-us-202uni1250e038', 'study_id': 'vh-study-us-202uni1250e038', 'race_id': 'senate-2026-NH', 'question_id': 'vh-us-202uni1250e038:q0', 'candidate_id': 'senate-2026-NH:chris-pappas', 'candidate_name': 'Chris Pappas', 'ballot_party': 'D', 'caucus': 'D', 'raw_share': 50.0, 'undecided': None, 'other': None, 'candidate_set_version': 'race-scoped-candidate-set-v1', 'field_start': '2026-01-15', 'field_end': '2026-01-19', 'available_at': '2026-04-14', 'source_lineage': 'votehub-poll-lineage-v3', 'resolution_status': 'race_scoped'}, {'poll_id': 'vh-us-202uni1250e038', 'study_id': 'vh-study-us-202uni1250e038', 'race_id': 'senate-2026-NH', 'question_id': 'vh-us-202uni1250e038:q0', 'candidate_id': 'senate-2026-NH:john-sununu', 'candidate_name': 'John Sununu', 'ballot_party': 'R', 'caucus': 'R', 'raw_share': 45.0, 'undecided': None, 'other': None, 'candidate_set_version': 'race-scoped-candidate-set-v1', 'field_start': '2026-01-15', 'field_end': '2026-01-19', 'available_at': '2026-04-14', 'source_lineage': 'votehub-poll-lineage-v3', 'resolution_status': 'race_scoped'}]",0.0,True
vh-us-202prad23da08c,vh-study-us-202prad23da08c,1,Praecones Analytica,New Hampshire Journal,https://acrobat.adobe.com/id/urn:aaid:sc:US:bd0b0e63-78b9-426d-b30f-1696edd951f6,75f0f7fb8ca358fa4ad80c83dcb250d03b03c54973b972161ce0ed3d93579987,2025-12-26,2025-12-28,2026-04-14,,2026-10-10T16:41:48.336232+00:00,2026-04-14,,2026-04-14,2025-12-28,senate-2026,US_SENATE,NH,senate-2026-NH,RV,603.0,,54.3,45.7,0.0,0.0,8.601,False,include,,votehub-ingest-v3-race-scoped-candidate-level,2026-10-10T16:41:48.336232+00:00,,state-usps-v1,votehub-candidate-matchup-v3-race-scoped,generic_two_way,,,en,1.0,True,False,,senate-2026-NH:chris-pappas,Chris Pappas,senate-2026-NH:john-sununu,John Sununu,senate-2026:NH:senate-2026-NH:chris-pappas|senate-2026-NH:john-sununu,False,senate-2026-NH:chris-pappas,Chris Pappas,D,senate-2026-NH:john-sununu,John Sununu,R,54.3,45.7,8.601,8.601,dem_minus_rep_two_party,,,,0.6666666666666666,0.0,2.2,2.0,fivethirtyeight_pollster_ratings,Chris Pappas,John Sununu,Northeast,"[{'poll_id': 'vh-us-202prad23da08c', 'study_id': 'vh-study-us-202prad23da08c', 'race_id': 'senate-2026-NH', 'question_id': 'vh-us-202prad23da08c:q0', 'candidate_id': 'senate-2026-NH:chris-pappas', 'candidate_name': 'Chris Pappas', 'ballot_party': 'D', 'caucus': 'D', 'raw_share': 42.3, 'undecided': None, 'other': None, 'candidate_set_version': 'race-scoped-candidate-set-v1', 'field_start': '2025-12-26', 'field_end': '2025-12-28', 'available_at': '2026-04-14', 'source_lineage': 'votehub-poll-lineage-v3', 'resolution_status': 'race_scoped'}, {'poll_id': 'vh-us-202prad23da08c', 'study_id': 'vh-study-us-202prad23da08c', 'race_id': 'senate-2026-NH', 'question_id': 'vh-us-202prad23da08c:q0', 'candidate_id': 'senate-2026-NH:john-sununu', 'candidate_name': 'John Sununu', 'ballot_party': 'R', 'caucus': 'R', 'raw_share': 35.6, 'undecided': None, 'other': None, 'candidate_set_version': 'race-scoped-candidate-set-v1', 'field_start': '2025-12-26', 'field_end': '2025-12-28', 'available_at': '2026-04-14', 'source_lineage': 'votehub-poll-lineage-v3', 'resolution_status': 'race_scoped'}]",0.0,True
vh-us-202saia99778cd,vh-study-us-202saia99778cd,1,Saint Anselm,none,https://www.anselm.edu/about/anselmian-hub/news/new-poll-saint-anselm-college-survey-shows-declining-optimism-democracy-dominant-issue-and-early-partisan-divides-ahead-2026,4ef817a7bf8077383c35547b1312a527e9fab3f5dd378a0d56045322000551d5,2025-11-18,2025-11-19,2026-04-14,,2026-10-10T16:41:48.336232+00:00,2026-04-14,,2026-04-14,2025-11-19,senate-2026,US_SENATE,NH,senate-2026-NH,RV,2112.0,,51.765,48.235,0.0,0.0,3.529,False,include,,votehub-ingest-v3-race-scoped-candidate-level,2026-10-10T16:41:48.336232+00:00,,state-usps-v1,votehub-candidate-matchup-v3-race-scoped,generic_two_way,,,en,1.0,True,False,,senate-2026-NH:chris-pappas,Chris Pappas,senate-2026-NH:john-sununu,John Sununu,senate-2026:NH:senate-2026-NH:chris-pappas|senate-2026-NH:john-sununu,False,senate-2026-NH:chris-pappas,Chris Pappas,D,senate-2026-NH:john-sununu,John Sununu,R,51.765,48.235,3.529,3.529,dem_minus_rep_two_party,,,,0.55,0.0,2.2,,prior_default,Chris Pappas,John Sununu,Northeast,"[{'poll_id': 'vh-us-202saia99778cd', 'study_id': 'vh-study-us-202saia99778cd', 'race_id': 'senate-2026-NH', 'question_id': 'vh-us-202saia99778cd:q0', 'candidate_id': 'senate-2026-NH:chris-pappas', 'candidate_name': 'Chris Pappas', 'ballot_party': 'D', 'caucus': 'D', 'raw_share': 44.0, 'undecided': None, 'other': None, 'candidate_set_version': 'race-scoped-candidate-set-v1', 'field_start': '2025-11-18', 'field_end': '2025-11-19', 'available_at': '2026-04-14', 'source_lineage': 'votehub-poll-lineage-v3', 'resolution_status': 'race_scoped'}, {'poll_id': 'vh-us-202saia99778cd', 'study_id': 'vh-study-us-202saia99778cd', 'race_id': 'senate-2026-NH', 'question_id': 'vh-us-202saia99778cd:q0', 'candidate_id': 'senate-2026-NH:john-sununu', 'candidate_name': 'John Sununu', 'ballot_party': 'R', 'caucus': 'R', 'raw_share': 41.0, 'undecided': None, 'other': None, 'candidate_set_version': 'race-scoped-candidate-set-v1', 'field_start': '2025-11-18', 'field_end': '2025-11-19', 'available_at': '2026-04-14', 'source_lineage': 'votehub-poll-lineage-v3', 'resolution_status': 'race_scoped'}]",0.0,True
vh-us-202co/0b672f7f,vh-study-us-202co/0b672f7f,1,co/efficient,none,https://coefficient.org/our-work/new-hampshire-us-senate-oct-2025/,22eba3a0a36042586a38dce03b768b16e6017d18cdc3fd7ee53e2cef90d80bae,2025-10-09,2025-10-13,2026-04-14,,2026-10-10T16:41:48.336232+00:00,2026-04-14,,2026-04-14,2025-10-13,senate-2026,US_SENATE,NH,senate-2026-NH,LV,1034.0,,51.724,48.276,0.0,0.0,3.448,False,include,,votehub-ingest-v3-race-scoped-candidate-level,2026-10-10T16:41:48.336232+00:00,,state-usps-v1,votehub-candidate-matchup-v3-race-scoped,generic_two_way,,,en,1.0,True,False,,senate-2026-NH:chris-pappas,Chris Pappas,senate-2026-NH:john-sununu,John Sununu,senate-2026:NH:senate-2026-NH:chris-pappas|senate-2026-NH:john-sununu,False,senate-2026-NH:chris-pappas,Chris Pappas,D,senate-2026-NH:john-sununu,John Sununu,R,51.724,48.276,3.448,3.448,dem_minus_rep_two_party,,,,0.3666666666666667,0.0,1.0,1.1,fivethirtyeight_pollster_ratings,Chris Pappas,John Sununu,Northeast,"[{'poll_id': 'vh-us-202co/0b672f7f', 'study_id': 'vh-study-us-202co/0b672f7f', 'race_id': 'senate-2026-NH', 'question_id': 'vh-us-202co/0b672f7f:q0', 'candidate_id': 'senate-2026-NH:chris-pappas', 'candidate_name': 'Chris Pappas', 'ballot_party': 'D', 'caucus': 'D', 'raw_share': 45.0, 'undecided': None, 'other': None, 'candidate_set_version': 'race-scoped-candidate-set-v1', 'field_start': '2025-10-09', 'field_end': '2025-10-13', 'available_at': '2026-04-14', 'source_lineage': 'votehub-poll-lineage-v3', 'resolution_status': 'race_scoped'}, {'poll_id': 'vh-us-202co/0b672f7f', 'study_id': 'vh-study-us-202co/0b672f7f', 'race_id': 'senate-2026-NH', 'question_id': 'vh-us-202co/0b672f7f:q0', 'candidate_id': 'senate-2026-NH:john-sununu', 'candidate_name': 'John Sununu', 'ballot_party': 'R', 'caucus': 'R', 'raw_share': 42.0, 'undecided': None, 'other': None, 'candidate_set_version': 'race-scoped-candidate-set-v1', 'field_start': '2025-10-09', 'field_end': '2025-10-13', 'available_at': '2026-04-14', 'source_lineage': 'votehub-poll-lineage-v3', 'resolution_status': 'race_scoped'}]",0.0,True
vh-us-202uni0401d0f4,vh-study-us-202uni0401d0f4,1,University of New Hampshire,none,https://scholars.unh.edu/survey_center_polls/888/,168c25a9e12c2f73d927505629ce5795864cb3ff9b6002f4a1f0cc611906b4c4,2025-09-17,2025-09-23,2026-04-14,,2026-10-10T16:41:48.336232+00:00,2026-04-14,,2026-04-14,2025-09-23,senate-2026,US_SENATE,NH,senate-2026-NH,LV,1225.0,,53.261,46.739,0.0,0.0,6.522,False,include,,votehub-ingest-v3-race-scoped-candidate-level,2026-10-10T16:41:48.336232+00:00,,state-usps-v1,votehub-candidate-matchup-v3-race-scoped,generic_two_way,,,en,1.0,True,False,,senate-2026-NH:chris-pappas,Chris Pappas,senate-2026-NH:john-sununu,John Sununu,senate-2026:NH:senate-2026-NH:chris-pappas|senate-2026-NH:john-sununu,False,senate-2026-NH:chris-pappas,Chris Pappas,D,senate-2026-NH:john-sununu,John Sununu,R,53.261,46.739,6.522,6.522,dem_minus_rep_two_party,,,,0.55,0.0,2.2,,prior_default,Chris Pappas,John Sununu,Northeast,"[{'poll_id': 'vh-us-202uni0401d0f4', 'study_id': 'vh-study-us-202uni0401d0f4', 'race_id': 'senate-2026-NH', 'question_id': 'vh-us-202uni0401d0f4:q0', 'candidate_id': 'senate-2026-NH:chris-pappas', 'candidate_name': 'Chris Pappas', 'ballot_party': 'D', 'caucus': 'D', 'raw_share': 49.0, 'undecided': None, 'other': None, 'candidate_set_version': 'race-scoped-candidate-set-v1', 'field_start': '2025-09-17', 'field_end': '2025-09-23', 'available_at': '2026-04-14', 'source_lineage': 'votehub-poll-lineage-v3', 'resolution_status': 'race_scoped'}, {'poll_id': 'vh-us-202uni0401d0f4', 'study_id': 'vh-study-us-202uni0401d0f4', 'race_id': 'senate-2026-NH', 'question_id': 'vh-us-202uni0401d0f4:q0', 'candidate_id': 'senate-2026-NH:john-sununu', 'candidate_name': 'John Sununu', 'ballot_party': 'R', 'caucus': 'R', 'raw_share': 43.0, 'undecided': None, 'other': None, 'candidate_set_version': 'race-scoped-candidate-set-v1', 'field_start': '2025-09-17', 'field_end': '2025-09-23', 'available_at': '2026-04-14', 'source_lineage': 'votehub-poll-lineage-v3', 'resolution_status': 'race_scoped'}]",0.0,True
vh-us-202co/465a61ff,vh-study-us-202co/465a61ff,1,co/efficient,none,https://coefficient.org/wp-content/uploads/2025/09/NH-U.S.-Senate-General-Election-2026.pdf,41be25a1c1b5854b92ffcb1babc34608de0a4f72fe2b2c8a4f2c1b9681806cb9,2025-09-10,2025-09-12,2026-04-14,,2026-10-10T16:41:48.336232+00:00,2026-04-14,,2026-04-14,2025-09-12,senate-2026,US_SENATE,NH,senate-2026-NH,LV,904.0,,51.685,48.315,0.0,0.0,3.371,False,include,,votehub-ingest-v3-race-scoped-candidate-level,2026-10-10T16:41:48.336232+00:00,,state-usps-v1,votehub-candidate-matchup-v3-race-scoped,generic_two_way,,,en,1.0,True,False,,senate-2026-NH:chris-pappas,Chris Pappas,senate-2026-NH:john-sununu,John Sununu,senate-2026:NH:senate-2026-NH:chris-pappas|senate-2026-NH:john-sununu,False,senate-2026-NH:chris-pappas,Chris Pappas,D,senate-2026-NH:john-sununu,John Sununu,R,51.685,48.315,3.371,3.371,dem_minus_rep_two_party,,,,0.3666666666666667,0.0,1.0,1.1,fivethirtyeight_pollster_ratings,Chris Pappas,John Sununu,Northeast,"[{'poll_id': 'vh-us-202co/465a61ff', 'study_id': 'vh-study-us-202co/465a61ff', 'race_id': 'senate-2026-NH', 'question_id': 'vh-us-202co/465a61ff:q0', 'candidate_id': 'senate-2026-NH:chris-pappas', 'candidate_name': 'Chris Pappas', 'ballot_party': 'D', 'caucus': 'D', 'raw_share': 46.0, 'undecided': None, 'other': None, 'candidate_set_version': 'race-scoped-candidate-set-v1', 'field_start': '2025-09-10', 'field_end': '2025-09-12', 'available_at': '2026-04-14', 'source_lineage': 'votehub-poll-lineage-v3', 'resolution_status': 'race_scoped'}, {'poll_id': 'vh-us-202co/465a61ff', 'study_id': 'vh-study-us-202co/465a61ff', 'race_id': 'senate-2026-NH', 'question_id': 'vh-us-202co/465a61ff:q0', 'candidate_id': 'senate-2026-NH:john-sununu', 'candidate_name': 'John Sununu', 'ballot_party': 'R', 'caucus': 'R', 'raw_share': 43.0, 'undecided': None, 'other': None, 'candidate_set_version': 'race-scoped-candidate-set-v1', 'field_start': '2025-09-10', 'field_end': '2025-09-12', 'available_at': '2026-04-14', 'source_lineage': 'votehub-poll-lineage-v3', 'resolution_status': 'race_scoped'}]",0.0,True
vh-us-202189327ac2c7,vh-study-us-202189327ac2c7,1,1892 Polling,One Nation,https://punchbowl.news/nhsen_poll2memo_d2b_090625/,f5141825ba6052bf5ed0213fdfcce5fa4d574f3c049022b718b70396673713ff,2025-09-02,2025-09-04,2026-04-14,,2026-10-10T16:41:48.336232+00:00,2026-04-14,,2026-04-14,2025-09-04,senate-2026,US_SENATE,NH,senate-2026-NH,LV,500.0,,51.136,48.864,0.0,0.0,2.273,False,include,,votehub-ingest-v3-race-scoped-candidate-level,2026-10-10T16:41:48.336232+00:00,,state-usps-v1,votehub-candidate-matchup-v3-race-scoped,generic_two_way,,,en,1.0,True,False,,senate-2026-NH:chris-pappas,Chris Pappas,senate-2026-NH:john-sununu,John Sununu,senate-2026:NH:senate-2026-NH:chris-pappas|senate-2026-NH:john-sununu,False,senate-2026-NH:chris-pappas,Chris Pappas,D,senate-2026-NH:john-sununu,John Sununu,R,51.136,48.864,2.273,2.273,dem_minus_rep_two_party,,,,0.43333333333333335,0.0,2.2,1.3,fivethirtyeight_pollster_ratings,Chris Pappas,John Sununu,Northeast,"[{'poll_id': 'vh-us-202189327ac2c7', 'study_id': 'vh-study-us-202189327ac2c7', 'race_id': 'senate-2026-NH', 'question_id': 'vh-us-202189327ac2c7:q0', 'candidate_id': 'senate-2026-NH:chris-pappas', 'candidate_name': 'Chris Pappas', 'ballot_party': 'D', 'caucus': 'D', 'raw_share': 45.0, 'undecided': None, 'other': None, 'candidate_set_version': 'race-scoped-candidate-set-v1', 'field_start': '2025-09-02', 'field_end': '2025-09-04', 'available_at': '2026-04-14', 'source_lineage': 'votehub-poll-lineage-v3', 'resolution_status': 'race_scoped'}, {'poll_id': 'vh-us-202189327ac2c7', 'study_id': 'vh-study-us-202189327ac2c7', 'race_id': 'senate-2026-NH', 'question_id': 'vh-us-202189327ac2c7:q0', 'candidate_id': 'senate-2026-NH:john-sununu', 'candidate_name': 'John Sununu', 'ballot_party': 'R', 'caucus': 'R', 'raw_share': 43.0, 'undecided': None, 'other': None, 'candidate_set_version': 'race-scoped-candidate-set-v1', 'field_start': '2025-09-02', 'field_end': '2025-09-04', 'available_at': '2026-04-14', 'source_lineage': 'votehub-poll-lineage-v3', 'resolution_status': 'race_scoped'}]",0.0,True
vh-us-202qua5256989f,vh-study-us-202qua5256989f,1,Quantus Insights,TrendingPolitics,https://drive.google.com/file/d/1pTEGFZakFzekwP2SUbeB7W1cU0InW8EI/view?usp=sharing,887826e2901a78ba3629b28a39fab9733e647df04b372e24cce6e32b2d61f933,2025-03-17,2025-03-19,2026-04-14,,2026-10-10T16:41:48.336232+00:00,2026-04-14,,2026-04-14,2025-03-19,senate-2026,US_SENATE,NH,senate-2026-NH,RV,650.0,,45.361,54.639,0.0,0.0,-9.278,True,include,,votehub-ingest-v3-race-scoped-candidate-level,2026-10-10T16:41:48.336232+00:00,,state-usps-v1,votehub-candidate-matchup-v3-race-scoped,generic_two_way,,,en,1.0,True,False,,senate-2026-NH:chris-pappas,Chris Pappas,senate-2026-NH:john-sununu,John Sununu,senate-2026:NH:senate-2026-NH:chris-pappas|senate-2026-NH:john-sununu,False,senate-2026-NH:chris-pappas,Chris Pappas,D,senate-2026-NH:john-sununu,John Sununu,R,45.361,54.639,-9.278,-9.278,dem_minus_rep_two_party,,,,0.72,-0.96,2.184,B,votehub_pollster_scorecards,Chris Pappas,John Sununu,Northeast,"[{'poll_id': 'vh-us-202qua5256989f', 'study_id': 'vh-study-us-202qua5256989f', 'race_id': 'senate-2026-NH', 'question_id': 'vh-us-202qua5256989f:q0', 'candidate_id': 'senate-2026-NH:chris-pappas', 'candidate_name': 'Chris Pappas', 'ballot_party': 'D', 'caucus': 'D', 'raw_share': 44.0, 'undecided': None, 'other': None, 'candidate_set_version': 'race-scoped-candidate-set-v1', 'field_start': '2025-03-17', 'field_end': '2025-03-19', 'available_at': '2026-04-14', 'source_lineage': 'votehub-poll-lineage-v3', 'resolution_status': 'race_scoped'}, {'poll_id': 'vh-us-202qua5256989f', 'study_id': 'vh-study-us-202qua5256989f', 'race_id': 'senate-2026-NH', 'question_id': 'vh-us-202qua5256989f:q0', 'candidate_id': 'senate-2026-NH:john-sununu', 'candidate_name': 'John Sununu', 'ballot_party': 'R', 'caucus': 'R', 'raw_share': 53.0, 'undecided': None, 'other': None, 'candidate_set_version': 'race-scoped-candidate-set-v1', 'field_start': '2025-03-17', 'field_end': '2025-03-19', 'available_at': '2026-04-14', 'source_lineage': 'votehub-poll-lineage-v3', 'resolution_status': 'race_scoped'}]",0.0,True
vh-us-202higf04011a1,vh-study-us-202higf04011a1,1,High Point University Survey Research Center/YouGov,none,https://www.highpoint.edu/src/files/2023/08/HPU-Poll-120-Memo-1.pdf,b589302b913b0fbbd1fcba308ce75348cf73497cc8a8cf4c9bed6a6188e6a89a,2026-03-26,2026-04-06,2026-04-16,,2026-10-10T16:41:48.336232+00:00,2026-04-16,,2026-04-16,2026-04-06,senate-2026,US_SENATE,NC,senate-2026-NC,LV,703.0,,54.348,45.652,0.0,0.0,8.696,False,include,,votehub-ingest-v3-race-scoped-candidate-level,2026-10-10T16:41:48.336232+00:00,,state-usps-v1,votehub-candidate-matchup-v3-race-scoped,generic_two_way,,,en,1.0,True,False,,senate-2026-NC:roy-cooper,Roy Cooper,senate-2026-NC:michael-whatley,Michael Whatley,senate-2026:NC:senate-2026-NC:roy-cooper|senate-2026-NC:michael-whatley,False,senate-2026-NC:roy-cooper,Roy Cooper,D,senate-2026-NC:michael-whatley,Michael Whatley,R,54.348,45.652,8.696,8.696,dem_minus_rep_two_party,,,,0.55,0.0,2.2,,prior_default,Roy Cooper,Michael Whatley,South,"[{'poll_id': 'vh-us-202higf04011a1', 'study_id': 'vh-study-us-202higf04011a1', 'race_id': 'senate-2026-NC', 'question_id': 'vh-us-202higf04011a1:q0', 'candidate_id': 'senate-2026-NC:roy-cooper', 'candidate_name': 'Roy Cooper', 'ballot_party': 'D', 'caucus': 'D', 'raw_share': 50.0, 'undecided': None, 'other': None, 'candidate_set_version': 'race-scoped-candidate-set-v1', 'field_start': '2026-03-26', 'field_end': '2026-04-06', 'available_at': '2026-04-16', 'source_lineage': 'votehub-poll-lineage-v3', 'resolution_status': 'race_scoped'}, {'poll_id': 'vh-us-202higf04011a1', 'study_id': 'vh-study-us-202higf04011a1', 'race_id': 'senate-2026-NC', 'question_id': 'vh-us-202higf04011a1:q0', 'candidate_id': 'senate-2026-NC:michael-whatley', 'candidate_name': 'Michael Whatley', 'ballot_party': 'R', 'caucus': 'R', 'raw_share': 42.0, 'undecided': None, 'other': None, 'candidate_set_version': 'race-scoped-candidate-set-v1', 'field_start': '2026-03-26', 'field_end': '2026-04-06', 'available_at': '2026-04-16', 'source_lineage': 'votehub-poll-lineage-v3', 'resolution_status': 'race_scoped'}]",0.0,True
vh-us-202hig7de64e7d,vh-study-us-202hig7de64e7d,1,High Point University Survey Research Center/YouGov,none,https://www.highpoint.edu/src/files/2023/08/HPU-Poll-120-Memo-1.pdf,b61f2983520e2184f6851c07013bb102f748dda1c2a459d795e7284a976fd706,2026-03-26,2026-04-06,2026-04-16,,2026-10-10T16:41:48.336232+00:00,2026-04-16,,2026-04-16,2026-04-06,senate-2026,US_SENATE,NC,senate-2026-NC,RV,800.0,,55.682,44.318,0.0,0.0,11.364,False,include,,votehub-ingest-v3-race-scoped-candidate-level,2026-10-10T16:41:48.336232+00:00,,state-usps-v1,votehub-candidate-matchup-v3-race-scoped,generic_two_way,,,en,1.0,True,False,,senate-2026-NC:roy-cooper,Roy Cooper,senate-2026-NC:michael-whatley,Michael Whatley,senate-2026:NC:senate-2026-NC:roy-cooper|senate-2026-NC:michael-whatley,False,senate-2026-NC:roy-cooper,Roy Cooper,D,senate-2026-NC:michael-whatley,Michael Whatley,R,55.682,44.318,11.364,11.364,dem_minus_rep_two_party,,,,0.55,0.0,2.2,,prior_default,Roy Cooper,Michael Whatley,South,"[{'poll_id': 'vh-us-202hig7de64e7d', 'study_id': 'vh-study-us-202hig7de64e7d', 'race_id': 'senate-2026-NC', 'question_id': 'vh-us-202hig7de64e7d:q0', 'candidate_id': 'senate-2026-NC:roy-cooper', 'candidate_name': 'Roy Cooper', 'ballot_party': 'D', 'caucus': 'D', 'raw_share': 49.0, 'undecided': None, 'other': None, 'candidate_set_version': 'race-scoped-candidate-set-v1', 'field_start': '2026-03-26', 'field_end': '2026-04-06', 'available_at': '2026-04-16', 'source_lineage': 'votehub-poll-lineage-v3', 'resolution_status': 'race_scoped'}, {'poll_id': 'vh-us-202hig7de64e7d', 'study_id': 'vh-study-us-202hig7de64e7d', 'race_id': 'senate-2026-NC', 'question_id': 'vh-us-202hig7de64e7d:q0', 'candidate_id': 'senate-2026-NC:michael-whatley', 'candidate_name': 'Michael Whatley', 'ballot_party': 'R', 'caucus': 'R', 'raw_share': 39.0, 'undecided': None, 'other': None, 'candidate_set_version': 'race-scoped-candidate-set-v1', 'field_start': '2026-03-26', 'field_end': '2026-04-06', 'available_at': '2026-04-16', 'source_lineage': 'votehub-poll-lineage-v3', 'resolution_status': 'race_scoped'}]",0.0,True
vh-us-202gbab93d5de3,vh-study-us-202gbab93d5de3,1,GBAO,ModSquad,https://www.politico.com/f/?id=0000019d-8400-d182-a9fd-b63c76ae0000,f6bc37b5aaafb05e30566e4817d33e5adfefe25530c748f0c8f243b5652a75db,2026-03-10,2026-03-16,2026-04-21,,2026-10-10T16:41:48.336232+00:00,2026-04-21,,2026-04-21,2026-03-16,senate-2026,US_SENATE,IA,senate-2026-IA,LV,1200.0,,47.778,52.222,0.0,0.0,-4.444,True,include,,votehub-ingest-v3-race-scoped-candidate-level,2026-10-10T16:41:48.336232+00:00,,state-usps-v1,votehub-candidate-matchup-v3-race-scoped,generic_two_way,,,en,1.0,True,False,,senate-2026-IA:josh-turek,Josh Turek,senate-2026-IA:ashley-hinson,Ashley Hinson,senate-2026:IA:senate-2026-IA:josh-turek|senate-2026-IA:ashley-hinson,False,senate-2026-IA:josh-turek,Josh Turek,D,senate-2026-IA:ashley-hinson,Ashley Hinson,R,47.778,52.222,-4.444,-4.444,dem_minus_rep_two_party,,,,0.39999999999999997,0.0,2.2,1.2,fivethirtyeight_pollster_ratings,Josh Turek,Ashley Hinson,Midwest,"[{'poll_id': 'vh-us-202gbab93d5de3', 'study_id': 'vh-study-us-202gbab93d5de3', 'race_id': 'senate-2026-IA', 'question_id': 'vh-us-202gbab93d5de3:q0', 'candidate_id': 'senate-2026-IA:ashley-hinson', 'candidate_name': 'Ashley Hinson', 'ballot_party': 'R', 'caucus': 'R', 'raw_share': 47.0, 'undecided': None, 'other': None, 'candidate_set_version': 'race-scoped-candidate-set-v1', 'field_start': '2026-03-10', 'field_end': '2026-03-16', 'available_at': '2026-04-21', 'source_lineage': 'votehub-poll-lineage-v3', 'resolution_status': 'race_scoped'}, {'poll_id': 'vh-us-202gbab93d5de3', 'study_id': 'vh-study-us-202gbab93d5de3', 'race_id': 'senate-2026-IA', 'question_id': 'vh-us-202gbab93d5de3:q0', 'candidate_id': 'senate-2026-IA:josh-turek', 'candidate_name': 'Josh Turek', 'ballot_party': 'D', 'caucus': 'D', 'raw_share': 43.0, 'undecided': None, 'other': None, 'candidate_set_version': 'race-scoped-candidate-set-v1', 'field_start': '2026-03-10', 'field_end': '2026-03-16', 'available_at': '2026-04-21', 'source_lineage': 'votehub-poll-lineage-v3', 'resolution_status': 'race_scoped'}]",0.0,True
vh-us-202cha781abe34,vh-study-us-202cha781abe34,1,Change Research,none,https://x.com/Bencjacobs/status/2020894441196663099,1572601377f27777febd4fb003e4ab48466f251d8a7d613c35c8a051931d222c,2026-01-08,2026-01-11,2026-04-21,,2026-10-10T16:41:48.336232+00:00,2026-04-21,,2026-04-21,2026-01-11,senate-2026,US_SENATE,IA,senate-2026-IA,LV,1108.0,,48.235,51.765,0.0,0.0,-3.529,False,include,,votehub-ingest-v3-race-scoped-candidate-level,2026-10-10T16:41:48.336232+00:00,,state-usps-v1,votehub-candidate-matchup-v3-race-scoped,generic_two_way,,,en,1.0,True,False,,senate-2026-IA:josh-turek,Josh Turek,senate-2026-IA:ashley-hinson,Ashley Hinson,senate-2026:IA:senate-2026-IA:josh-turek|senate-2026-IA:ashley-hinson,False,senate-2026-IA:josh-turek,Josh Turek,D,senate-2026-IA:ashley-hinson,Ashley Hinson,R,48.235,51.765,-3.529,-3.529,dem_minus_rep_two_party,,,,0.52,1.31,2.239,C,votehub_pollster_scorecards,Josh Turek,Ashley Hinson,Midwest,"[{'poll_id': 'vh-us-202cha781abe34', 'study_id': 'vh-study-us-202cha781abe34', 'race_id': 'senate-2026-IA', 'question_id': 'vh-us-202cha781abe34:q0', 'candidate_id': 'senate-2026-IA:ashley-hinson', 'candidate_name': 'Ashley Hinson', 'ballot_party': 'R', 'caucus': 'R', 'raw_share': 44.0, 'undecided': None, 'other': None, 'candidate_set_version': 'race-scoped-candidate-set-v1', 'field_start': '2026-01-08', 'field_end': '2026-01-11', 'available_at': '2026-04-21', 'source_lineage': 'votehub-poll-lineage-v3', 'resolution_status': 'race_scoped'}, {'poll_id': 'vh-us-202cha781abe34', 'study_id': 'vh-study-us-202cha781abe34', 'race_id': 'senate-2026-IA', 'question_id': 'vh-us-202cha781abe34:q0', 'candidate_id': 'senate-2026-IA:josh-turek', 'candidate_name': 'Josh Turek', 'ballot_party': 'D', 'caucus': 'D', 'raw_share': 41.0, 'undecided': None, 'other': None, 'candidate_set_version': 'race-scoped-candidate-set-v1', 'field_start': '2026-01-08', 'field_end': '2026-01-11', 'available_at': '2026-04-21', 'source_lineage': 'votehub-poll-lineage-v3', 'resolution_status': 'race_scoped'}]",0.0,True
vh-us-202imp28c38a71,vh-study-us-202imp28c38a71,1,Fabrizio-Impact,SPLC Action Fund,https://www.splcactionfund.org/wp-content/uploads/sites/2/2026/04/2026-04-IMPACT-Baseline-MS-Statewide-Senate-GE-Bench-Apr-2026.pdf,6eac001b9e4292195c2984fbd50d1d75185cb0721d9443e5f9cc9aa1817af01f,2026-04-08,2026-04-12,2026-04-21,,2026-10-10T16:41:48.336232+00:00,2026-04-21,,2026-04-21,2026-04-12,senate-2026,US_SENATE,MS,senate-2026-MS,LV,500.0,,48.352,51.648,0.0,0.0,-3.297,True,include,,votehub-ingest-v3-race-scoped-candidate-level,2026-10-10T16:41:48.336232+00:00,,state-usps-v1,votehub-candidate-matchup-v3-race-scoped,generic_two_way,,,en,1.0,True,False,,senate-2026-MS:scott-colom,Scott Colom,senate-2026-MS:cindy-hyde-smith,Cindy Hyde-Smith,senate-2026:MS:senate-2026-MS:scott-colom|senate-2026-MS:cindy-hyde-smith,False,senate-2026-MS:scott-colom,Scott Colom,D,senate-2026-MS:cindy-hyde-smith,Cindy Hyde-Smith,R,48.352,51.648,-3.297,-3.297,dem_minus_rep_two_party,,,,1.0,-0.02,1.6230000000000002,A+,votehub_pollster_scorecards,Scott Colom,Cindy Hyde-Smith,South,"[{'poll_id': 'vh-us-202imp28c38a71', 'study_id': 'vh-study-us-202imp28c38a71', 'race_id': 'senate-2026-MS', 'question_id': 'vh-us-202imp28c38a71:q0', 'candidate_id': 'senate-2026-MS:scott-colom', 'candidate_name': 'Scott Colom', 'ballot_party': 'D', 'caucus': 'D', 'raw_share': 44.0, 'undecided': None, 'other': None, 'candidate_set_version': 'race-scoped-candidate-set-v1', 'field_start': '2026-04-08', 'field_end': '2026-04-12', 'available_at': '2026-04-21', 'source_lineage': 'votehub-poll-lineage-v3', 'resolution_status': 'race_scoped'}, {'poll_id': 'vh-us-202imp28c38a71', 'study_id': 'vh-study-us-202imp28c38a71', 'race_id': 'senate-2026-MS', 'question_id': 'vh-us-202imp28c38a71:q0', 'candidate_id': 'senate-2026-MS:cindy-hyde-smith', 'candidate_name': 'Cindy Hyde-Smith', 'ballot_party': 'R', 'caucus': 'R', 'raw_share': 47.0, 'undecided': None, 'other': None, 'candidate_set_version': 'race-scoped-candidate-set-v1', 'field_start': '2026-04-08', 'field_end': '2026-04-12', 'available_at': '2026-04-21', 'source_lineage': 'votehub-poll-lineage-v3', 'resolution_status': 'race_scoped'}]",0.0,True
vh-us-202bow8a765810,vh-study-us-202bow8a765810,1,Bowling Green State University/YouGov,none,https://scholarworks.bgsu.edu/cgi/viewcontent.cgi?article=1021&context=depo,e2e2a15f32ad7cafb02e2326b04d93c26795b6fa25a7a76389a3364cb2d72d42,2026-04-07,2026-04-14,2026-04-21,,2026-10-10T16:41:48.336232+00:00,2026-04-21,,2026-04-21,2026-04-14,senate-2026,US_SENATE,OH,senate-2026-OH,RV,1000.0,,48.454,51.546,0.0,0.0,-3.093,False,include,,votehub-ingest-v3-race-scoped-candidate-level,2026-10-10T16:41:48.336232+00:00,,state-usps-v1,votehub-candidate-matchup-v3-race-scoped,generic_two_way,,,en,1.0,True,False,,senate-2026-OH:sherrod-brown,Sherrod Brown,senate-2026-OH:jon-husted,Jon Husted,senate-2026:OH:senate-2026-OH:sherrod-brown|senate-2026-OH:jon-husted,False,senate-2026-OH:sherrod-brown,Sherrod Brown,D,senate-2026-OH:jon-husted,Jon Husted,R,48.454,51.546,-3.093,-3.093,dem_minus_rep_two_party,,,,0.55,0.0,2.2,,prior_default,Sherrod Brown,Jon Husted,Midwest,"[{'poll_id': 'vh-us-202bow8a765810', 'study_id': 'vh-study-us-202bow8a765810', 'race_id': 'senate-2026-OH', 'question_id': 'vh-us-202bow8a765810:q0', 'candidate_id': 'senate-2026-OH:sherrod-brown', 'candidate_name': 'Sherrod Brown', 'ballot_party': 'D', 'caucus': 'D', 'raw_share': 47.0, 'undecided': None, 'other': None, 'candidate_set_version': 'race-scoped-candidate-set-v1', 'field_start': '2026-04-07', 'field_end': '2026-04-14', 'available_at': '2026-04-21', 'source_lineage': 'votehub-poll-lineage-v3', 'resolution_status': 'race_scoped'}, {'poll_id': 'vh-us-202bow8a765810', 'study_id': 'vh-study-us-202bow8a765810', 'race_id': 'senate-2026-OH', 'question_id': 'vh-us-202bow8a765810:q0', 'candidate_id': 'senate-2026-OH:jon-husted', 'candidate_name': 'Jon Husted', 'ballot_party': 'R', 'caucus': 'R', 'raw_share': 50.0, 'undecided': None, 'other': None, 'candidate_set_version': 'race-scoped-candidate-set-v1', 'field_start': '2026-04-07', 'field_end': '2026-04-14', 'available_at': '2026-04-21', 'source_lineage': 'votehub-poll-lineage-v3', 'resolution_status': 'race_scoped'}]",0.0,True
vh-us-202echf4929c57,vh-study-us-202echf4929c57,1,Echelon Insights,NetChoice,https://netchoice.org/wp-content/uploads/2026/04/NetChoice-Apr-2026-National-Antitrust-Survey-Topline.pdf,7df19faa428ca1a8cb1b9b8b1239191be0ad6f42224037fbf3f720c677dd2764,2026-04-03,2026-04-09,2026-04-21,,2026-10-10T16:41:48.336232+00:00,2026-04-21,,2026-04-21,2026-04-09,senate-2026,US_SENATE,IA,senate-2026-IA,LV,377.0,,50.549,49.451,0.0,0.0,1.099,False,include,,votehub-ingest-v3-race-scoped-candidate-level,2026-10-10T16:41:48.336232+00:00,,state-usps-v1,votehub-candidate-matchup-v3-race-scoped,generic_two_way,,,en,1.0,True,False,,senate-2026-IA:josh-turek,Josh Turek,senate-2026-IA:ashley-hinson,Ashley Hinson,senate-2026:IA:senate-2026-IA:josh-turek|senate-2026-IA:ashley-hinson,False,senate-2026-IA:josh-turek,Josh Turek,D,senate-2026-IA:ashley-hinson,Ashley Hinson,R,50.549,49.451,1.099,1.099,dem_minus_rep_two_party,,,,0.88,0.57,1.9970000000000003,A,votehub_pollster_scorecards,Josh Turek,Ashley Hinson,Midwest,"[{'poll_id': 'vh-us-202echf4929c57', 'study_id': 'vh-study-us-202echf4929c57', 'race_id': 'senate-2026-IA', 'question_id': 'vh-us-202echf4929c57:q0', 'candidate_id': 'senate-2026-IA:ashley-hinson', 'candidate_name': 'Ashley Hinson', 'ballot_party': 'R', 'caucus': 'R', 'raw_share': 45.0, 'undecided': None, 'other': None, 'candidate_set_version': 'race-scoped-candidate-set-v1', 'field_start': '2026-04-03', 'field_end': '2026-04-09', 'available_at': '2026-04-21', 'source_lineage': 'votehub-poll-lineage-v3', 'resolution_status': 'race_scoped'}, {'poll_id': 'vh-us-202echf4929c57', 'study_id': 'vh-study-us-202echf4929c57', 'race_id': 'senate-2026-IA', 'question_id': 'vh-us-202echf4929c57:q0', 'candidate_id': 'senate-2026-IA:josh-turek', 'candidate_name': 'Josh Turek', 'ballot_party': 'D', 'caucus': 'D', 'raw_share': 46.0, 'undecided': None, 'other': None, 'candidate_set_version': 'race-scoped-candidate-set-v1', 'field_start': '2026-04-03', 'field_end': '2026-04-09', 'available_at': '2026-04-21', 'source_lineage': 'votehub-poll-lineage-v3', 'resolution_status': 'race_scoped'}]",0.0,True
vh-us-202ech1a9afcfb,vh-study-us-202ech1a9afcfb,1,Echelon Insights,NetChoice,https://netchoice.org/wp-content/uploads/2026/04/NetChoice-Apr-2026-National-Antitrust-Survey-Topline.pdf,72a39d9ae176c11af659b340d2bc3790ddd1dca9d610da880245590c9f1bc6c3,2026-04-03,2026-04-09,2026-04-21,,2026-10-10T16:41:48.336232+00:00,2026-04-21,,2026-04-21,2026-04-09,senate-2026,US_SENATE,GA,senate-2026-GA,LV,407.0,,53.684,46.316,0.0,0.0,7.368,False,include,,votehub-ingest-v3-race-scoped-candidate-level,2026-10-10T16:41:48.336232+00:00,,state-usps-v1,votehub-candidate-matchup-v3-race-scoped,generic_two_way,,,en,1.0,True,False,,senate-2026-GA:jon-ossoff,Jon Ossoff,senate-2026-GA:mike-collins,Mike Collins,senate-2026:GA:senate-2026-GA:jon-ossoff|senate-2026-GA:mike-collins,False,senate-2026-GA:jon-ossoff,Jon Ossoff,D,senate-2026-GA:mike-collins,Mike Collins,R,53.684,46.316,7.368,7.368,dem_minus_rep_two_party,,,,0.88,0.57,1.9970000000000003,A,votehub_pollster_scorecards,Jon Ossoff,Mike Collins,South,"[{'poll_id': 'vh-us-202ech1a9afcfb', 'study_id': 'vh-study-us-202ech1a9afcfb', 'race_id': 'senate-2026-GA', 'question_id': 'vh-us-202ech1a9afcfb:q0', 'candidate_id': 'senate-2026-GA:jon-ossoff', 'candidate_name': 'Jon Ossoff', 'ballot_party': 'D', 'caucus': 'D', 'raw_share': 51.0, 'undecided': None, 'other': None, 'candidate_set_version': 'race-scoped-candidate-set-v1', 'field_start': '2026-04-03', 'field_end': '2026-04-09', 'available_at': '2026-04-21', 'source_lineage': 'votehub-poll-lineage-v3', 'resolution_status': 'race_scoped'}, {'poll_id': 'vh-us-202ech1a9afcfb', 'study_id': 'vh-study-us-202ech1a9afcfb', 'race_id': 'senate-2026-GA', 'question_id': 'vh-us-202ech1a9afcfb:q0', 'candidate_id': 'senate-2026-GA:mike-collins', 'candidate_name': 'Mike Collins', 'ballot_party': 'R', 'caucus': 'R', 'raw_share': 44.0, 'undecided': None, 'other': None, 'candidate_set_version': 'race-scoped-candidate-set-v1', 'field_start': '2026-04-03', 'field_end': '2026-04-09', 'available_at': '2026-04-21', 'source_lineage': 'votehub-poll-lineage-v3', 'resolution_status': 'race_scoped'}]",0.0,True
vh-us-202echefadd030,vh-study-us-202echefadd030,1,Echelon Insights,NetChoice,https://netchoice.org/wp-content/uploads/2026/04/NetChoice-Apr-2026-National-Antitrust-Survey-Topline.pdf,126f015b439e4fe4b733765b413de092de25eda90d2d5a2dc3099b8fb5292517,2026-04-03,2026-04-09,2026-04-21,,2026-10-10T16:41:48.336232+00:00,2026-04-21,,2026-04-21,2026-04-09,senate-2026,US_SENATE,OH,senate-2026-OH,LV,,,46.875,53.125,0.0,0.0,-6.25,False,include,,votehub-ingest-v3-race-scoped-candidate-level,2026-10-10T16:41:48.336232+00:00,,state-usps-v1,votehub-candidate-matchup-v3-race-scoped,generic_two_way,,,en,1.0,True,False,,senate-2026-OH:sherrod-brown,Sherrod Brown,senate-2026-OH:jon-husted,Jon Husted,senate-2026:OH:senate-2026-OH:sherrod-brown|senate-2026-OH:jon-husted,False,senate-2026-OH:sherrod-brown,Sherrod Brown,D,senate-2026-OH:jon-husted,Jon Husted,R,46.875,53.125,-6.25,-6.25,dem_minus_rep_two_party,,,,0.88,0.57,1.9970000000000003,A,votehub_pollster_scorecards,Sherrod Brown,Jon Husted,Midwest,"[{'poll_id': 'vh-us-202echefadd030', 'study_id': 'vh-study-us-202echefadd030', 'race_id': 'senate-2026-OH', 'question_id': 'vh-us-202echefadd030:q0', 'candidate_id': 'senate-2026-OH:sherrod-brown', 'candidate_name': 'Sherrod Brown', 'ballot_party': 'D', 'caucus': 'D', 'raw_share': 45.0, 'undecided': None, 'other': None, 'candidate_set_version': 'race-scoped-candidate-set-v1', 'field_start': '2026-04-03', 'field_end': '2026-04-09', 'available_at': '2026-04-21', 'source_lineage': 'votehub-poll-lineage-v3', 'resolution_status': 'race_scoped'}, {'poll_id': 'vh-us-202echefadd030', 'study_id': 'vh-study-us-202echefadd030', 'race_id': 'senate-2026-OH', 'question_id': 'vh-us-202echefadd030:q0', 'candidate_id': 'senate-2026-OH:jon-husted', 'candidate_name': 'Jon Husted', 'ballot_party': 'R', 'caucus': 'R', 'raw_share': 51.0, 'undecided': None, 'other': None, 'candidate_set_version': 'race-scoped-candidate-set-v1', 'field_start': '2026-04-03', 'field_end': '2026-04-09', 'available_at': '2026-04-21', 'source_lineage': 'votehub-poll-lineage-v3', 'resolution_status': 'race_scoped'}]",0.0,True
vh-us-202alabcabdd28,vh-study-us-202alabcabdd28,1,Alaska Survey Research,none,https://bsky.app/profile/alaskasurvey.bsky.social/post/3mk6ej2v5yv27,f8713d8ec0e5c6c8dc1151bbb1aa5a4ffa9fa22e0d54700d0be7ceb4ea0eaefc,2026-04-16,2026-04-19,2026-04-23,,2026-10-10T16:41:48.336232+00:00,2026-04-23,,2026-04-23,2026-04-19,senate-2026,US_SENATE,AK,senate-2026-AK,LV,1946.0,,52.0,48.0,0.0,0.0,4.0,False,include,,votehub-ingest-v3-race-scoped-candidate-level,2026-10-10T16:41:48.336232+00:00,,state-usps-v1,votehub-candidate-matchup-v3-race-scoped,generic_two_way,,,en,1.0,True,False,,senate-2026-AK:mary-peltola,Mary Peltola,senate-2026-AK:dan-s-sullivan,Dan Sullivan,senate-2026:AK:senate-2026-AK:mary-peltola|senate-2026-AK:dan-s-sullivan,False,senate-2026-AK:mary-peltola,Mary Peltola,D,senate-2026-AK:dan-s-sullivan,Dan Sullivan,R,52.0,48.0,4.0,4.0,dem_minus_rep_two_party,,,,0.6333333333333333,0.0,2.2,1.9,fivethirtyeight_pollster_ratings,Mary Peltola,Dan Sullivan,West,"[{'poll_id': 'vh-us-202alabcabdd28', 'study_id': 'vh-study-us-202alabcabdd28', 'race_id': 'senate-2026-AK', 'question_id': 'vh-us-202alabcabdd28:q0', 'candidate_id': 'senate-2026-AK:mary-peltola', 'candidate_name': 'Mary Peltola', 'ballot_party': 'D', 'caucus': 'D', 'raw_share': 52.0, 'undecided': None, 'other': None, 'candidate_set_version': 'race-scoped-candidate-set-v1', 'field_start': '2026-04-16', 'field_end': '2026-04-19', 'available_at': '2026-04-23', 'source_lineage': 'votehub-poll-lineage-v3', 'resolution_status': 'race_scoped'}, {'poll_id': 'vh-us-202alabcabdd28', 'study_id': 'vh-study-us-202alabcabdd28', 'race_id': 'senate-2026-AK', 'question_id': 'vh-us-202alabcabdd28:q0', 'candidate_id': 'senate-2026-AK:dan-s-sullivan', 'candidate_name': 'Dan Sullivan', 'ballot_party': 'R', 'caucus': 'R', 'raw_share': 48.0, 'undecided': None, 'other': None, 'candidate_set_version': 'race-scoped-candidate-set-v1', 'field_start': '2026-04-16', 'field_end': '2026-04-19', 'available_at': '2026-04-23', 'source_lineage': 'votehub-poll-lineage-v3', 'resolution_status': 'race_scoped'}]",0.0,True
vh-us-202ste198f7a4a,vh-study-us-202ste198f7a4a,1,Stetson University,none,https://t.co/dtCsadTWtf,7e2d0322383a2781b2a1c15f4349d90dfe6e2fcd8db31f6359bb9b05cc736560,2026-03-25,2026-04-13,2026-04-27,,2026-10-10T16:41:48.336232+00:00,2026-04-27,,2026-04-27,2026-04-13,senate-2026,US_SENATE,FL,senate-2026-FL,LV,848.0,,42.697,57.303,0.0,0.0,-14.607,False,include,,votehub-ingest-v3-race-scoped-candidate-level,2026-10-10T16:41:48.336232+00:00,,state-usps-v1,votehub-candidate-matchup-v3-race-scoped,generic_two_way,,,en,1.0,True,False,,senate-2026-FL:angie-nixon,Angie Nixon,senate-2026-FL:ashley-moody,Ashley Moody,senate-2026:FL:senate-2026-FL:angie-nixon|senate-2026-FL:ashley-moody,False,senate-2026-FL:angie-nixon,Angie Nixon,D,senate-2026-FL:ashley-moody,Ashley Moody,R,42.697,57.303,-14.607,-14.607,dem_minus_rep_two_party,,,,0.55,0.0,2.2,,prior_default,Angie Nixon,Ashley Moody,South,"[{'poll_id': 'vh-us-202ste198f7a4a', 'study_id': 'vh-study-us-202ste198f7a4a', 'race_id': 'senate-2026-FL', 'question_id': 'vh-us-202ste198f7a4a:q0', 'candidate_id': 'senate-2026-FL:ashley-moody', 'candidate_name': 'Ashley Moody', 'ballot_party': 'R', 'caucus': 'R', 'raw_share': 51.0, 'undecided': None, 'other': None, 'candidate_set_version': 'race-scoped-candidate-set-v1', 'field_start': '2026-03-25', 'field_end': '2026-04-13', 'available_at': '2026-04-27', 'source_lineage': 'votehub-poll-lineage-v3', 'resolution_status': 'race_scoped'}, {'poll_id': 'vh-us-202ste198f7a4a', 'study_id': 'vh-study-us-202ste198f7a4a', 'race_id': 'senate-2026-FL', 'question_id': 'vh-us-202ste198f7a4a:q0', 'candidate_id': 'senate-2026-FL:angie-nixon', 'candidate_name': 'Angie Nixon', 'ballot_party': 'D', 'caucus': 'D', 'raw_share': 38.0, 'undecided': None, 'other': None, 'candidate_set_version': 'race-scoped-candidate-set-v1', 'field_start': '2026-03-25', 'field_end': '2026-04-13', 'available_at': '2026-04-27', 'source_lineage': 'votehub-poll-lineage-v3', 'resolution_status': 'race_scoped'}]",0.0,True
vh-us-202unie89cc6b4,vh-study-us-202unie89cc6b4,1,University of Texas at Tyler,none,https://www.uttyler.edu/academics/colleges-schools/arts-sciences/departments/political-science/files/topline-report-of-texas-voters-revised-september-2025.pdf,1e71223312fc322c81c7dd4fd4bc5c0fc396bb35a5c168388b5b266ca1e2fc14,2025-09-17,2025-09-24,2026-04-28,,2026-10-10T16:41:48.336232+00:00,2026-04-28,,2026-04-28,2025-09-24,senate-2026,US_SENATE,TX,senate-2026-TX,RV,1032.0,,49.333,50.667,0.0,0.0,-1.333,False,include,,votehub-ingest-v3-race-scoped-candidate-level,2026-10-10T16:41:48.336232+00:00,,state-usps-v1,votehub-candidate-matchup-v3-race-scoped,generic_two_way,,,en,1.0,True,False,,senate-2026-TX:james-talarico,James Talarico,senate-2026-TX:ken-paxton,Ken Paxton,senate-2026:TX:senate-2026-TX:james-talarico|senate-2026-TX:ken-paxton,False,senate-2026-TX:james-talarico,James Talarico,D,senate-2026-TX:ken-paxton,Ken Paxton,R,49.333,50.667,-1.333,-1.333,dem_minus_rep_two_party,,,,0.55,0.0,2.2,,prior_default,James Talarico,Ken Paxton,South,"[{'poll_id': 'vh-us-202unie89cc6b4', 'study_id': 'vh-study-us-202unie89cc6b4', 'race_id': 'senate-2026-TX', 'question_id': 'vh-us-202unie89cc6b4:q0', 'candidate_id': 'senate-2026-TX:ken-paxton', 'candidate_name': 'Ken Paxton', 'ballot_party': 'R', 'caucus': 'R', 'raw_share': 38.0, 'undecided': None, 'other': None, 'candidate_set_version': 'race-scoped-candidate-set-v1', 'field_start': '2025-09-17', 'field_end': '2025-09-24', 'available_at': '2026-04-28', 'source_lineage': 'votehub-poll-lineage-v3', 'resolution_status': 'race_scoped'}, {'poll_id': 'vh-us-202unie89cc6b4', 'study_id': 'vh-study-us-202unie89cc6b4', 'race_id': 'senate-2026-TX', 'question_id': 'vh-us-202unie89cc6b4:q0', 'candidate_id': 'senate-2026-TX:james-talarico', 'candidate_name': 'James Talarico', 'ballot_party': 'D', 'caucus': 'D', 'raw_share': 37.0, 'undecided': None, 'other': None, 'candidate_set_version': 'race-scoped-candidate-set-v1', 'field_start': '2025-09-17', 'field_end': '2025-09-24', 'available_at': '2026-04-28', 'source_lineage': 'votehub-poll-lineage-v3', 'resolution_status': 'race_scoped'}]",0.0,True
vh-us-202uni8225dcc0,vh-study-us-202uni8225dcc0,1,University of Houston/Texas Southern University,none,https://www.documentcloud.org/documents/26183203-election2026/,9470c375dfb57e136568030fcb9c121a29de35f57a38fd3cdbe94fb84a4a4dae,2025-09-19,2025-10-01,2026-04-28,,2026-10-10T16:41:48.336232+00:00,2026-04-28,,2026-04-28,2025-10-01,senate-2026,US_SENATE,TX,senate-2026-TX,RV,1650.0,,48.421,51.579,0.0,0.0,-3.158,False,include,,votehub-ingest-v3-race-scoped-candidate-level,2026-10-10T16:41:48.336232+00:00,,state-usps-v1,votehub-candidate-matchup-v3-race-scoped,generic_two_way,,,en,1.0,True,False,,senate-2026-TX:james-talarico,James Talarico,senate-2026-TX:ken-paxton,Ken Paxton,senate-2026:TX:senate-2026-TX:james-talarico|senate-2026-TX:ken-paxton,False,senate-2026-TX:james-talarico,James Talarico,D,senate-2026-TX:ken-paxton,Ken Paxton,R,48.421,51.579,-3.158,-3.158,dem_minus_rep_two_party,,,,0.55,0.0,2.2,,prior_default,James Talarico,Ken Paxton,South,"[{'poll_id': 'vh-us-202uni8225dcc0', 'study_id': 'vh-study-us-202uni8225dcc0', 'race_id': 'senate-2026-TX', 'question_id': 'vh-us-202uni8225dcc0:q0', 'candidate_id': 'senate-2026-TX:ken-paxton', 'candidate_name': 'Ken Paxton', 'ballot_party': 'R', 'caucus': 'R', 'raw_share': 49.0, 'undecided': None, 'other': None, 'candidate_set_version': 'race-scoped-candidate-set-v1', 'field_start': '2025-09-19', 'field_end': '2025-10-01', 'available_at': '2026-04-28', 'source_lineage': 'votehub-poll-lineage-v3', 'resolution_status': 'race_scoped'}, {'poll_id': 'vh-us-202uni8225dcc0', 'study_id': 'vh-study-us-202uni8225dcc0', 'race_id': 'senate-2026-TX', 'question_id': 'vh-us-202uni8225dcc0:q0', 'candidate_id': 'senate-2026-TX:james-talarico', 'candidate_name': 'James Talarico', 'ballot_party': 'D', 'caucus': 'D', 'raw_share': 46.0, 'undecided': None, 'other': None, 'candidate_set_version': 'race-scoped-candidate-set-v1', 'field_start': '2025-09-19', 'field_end': '2025-10-01', 'available_at': '2026-04-28', 'source_lineage': 'votehub-poll-lineage-v3', 'resolution_status': 'race_scoped'}]",0.0,True
vh-us-202rag0c28bfd3,vh-study-us-202rag0c28bfd3,1,Ragnar Research Partners,none,https://www.politico.com/f/?id=0000019a-9d57-df0f-abfa-fd7fac900000,15c698716b51124ef6c5d8fdf84354d3b5e98ce6995c8cbb182f099dd29532bf,2025-11-12,2025-11-17,2026-04-28,,2026-10-10T16:41:48.336232+00:00,2026-04-28,,2026-04-28,2025-11-17,senate-2026,US_SENATE,TX,senate-2026-TX,LV,1000.0,,50.0,50.0,0.0,0.0,0.0,True,include,,votehub-ingest-v3-race-scoped-candidate-level,2026-10-10T16:41:48.336232+00:00,,state-usps-v1,votehub-candidate-matchup-v3-race-scoped,generic_two_way,,,en,1.0,True,False,,senate-2026-TX:james-talarico,James Talarico,senate-2026-TX:ken-paxton,Ken Paxton,senate-2026:TX:senate-2026-TX:james-talarico|senate-2026-TX:ken-paxton,False,senate-2026-TX:james-talarico,James Talarico,D,senate-2026-TX:ken-paxton,Ken Paxton,R,50.0,50.0,0.0,0.0,dem_minus_rep_two_party,,,,0.43333333333333335,0.0,2.2,1.3,fivethirtyeight_pollster_ratings,James Talarico,Ken Paxton,South,"[{'poll_id': 'vh-us-202rag0c28bfd3', 'study_id': 'vh-study-us-202rag0c28bfd3', 'race_id': 'senate-2026-TX', 'question_id': 'vh-us-202rag0c28bfd3:q0', 'candidate_id': 'senate-2026-TX:ken-paxton', 'candidate_name': 'Ken Paxton', 'ballot_party': 'R', 'caucus': 'R', 'raw_share': 44.0, 'undecided': None, 'other': None, 'candidate_set_version': 'race-scoped-candidate-set-v1', 'field_start': '2025-11-12', 'field_end': '2025-11-17', 'available_at': '2026-04-28', 'source_lineage': 'votehub-poll-lineage-v3', 'resolution_status': 'race_scoped'}, {'poll_id': 'vh-us-202rag0c28bfd3', 'study_id': 'vh-study-us-202rag0c28bfd3', 'race_id': 'senate-2026-TX', 'question_id': 'vh-us-202rag0c28bfd3:q0', 'candidate_id': 'senate-2026-TX:james-talarico', 'candidate_name': 'James Talarico', 'ballot_party': 'D', 'caucus': 'D', 'raw_share': 44.0, 'undecided': None, 'other': None, 'candidate_set_version': 'race-scoped-candidate-set-v1', 'field_start': '2025-11-12', 'field_end': '2025-11-17', 'available_at': '2026-04-28', 'source_lineage': 'votehub-poll-lineage-v3', 'resolution_status': 'race_scoped'}]",0.0,True
vh-us-202uni0dc518c7,vh-study-us-202uni0dc518c7,1,University of Houston/YouGov,none,https://www.uh.edu/hobby/primary2026/senate.pdf,82c5c5962c5aa3afe439ca8a3d77419b576823f29247221f22bfdc61ea5c4e9e,2026-01-20,2026-01-31,2026-04-28,,2026-10-10T16:41:48.336232+00:00,2026-04-28,,2026-04-28,2026-01-31,senate-2026,US_SENATE,TX,senate-2026-TX,LV,1502.0,,48.889,51.111,0.0,0.0,-2.222,False,include,,votehub-ingest-v3-race-scoped-candidate-level,2026-10-10T16:41:48.336232+00:00,,state-usps-v1,votehub-candidate-matchup-v3-race-scoped,generic_two_way,,,en,1.0,True,False,,senate-2026-TX:james-talarico,James Talarico,senate-2026-TX:ken-paxton,Ken Paxton,senate-2026:TX:senate-2026-TX:james-talarico|senate-2026-TX:ken-paxton,False,senate-2026-TX:james-talarico,James Talarico,D,senate-2026-TX:ken-paxton,Ken Paxton,R,48.889,51.111,-2.222,-2.222,dem_minus_rep_two_party,,,,0.55,0.0,2.2,,prior_default,James Talarico,Ken Paxton,South,"[{'poll_id': 'vh-us-202uni0dc518c7', 'study_id': 'vh-study-us-202uni0dc518c7', 'race_id': 'senate-2026-TX', 'question_id': 'vh-us-202uni0dc518c7:q0', 'candidate_id': 'senate-2026-TX:ken-paxton', 'candidate_name': 'Ken Paxton', 'ballot_party': 'R', 'caucus': 'R', 'raw_share': 46.0, 'undecided': None, 'other': None, 'candidate_set_version': 'race-scoped-candidate-set-v1', 'field_start': '2026-01-20', 'field_end': '2026-01-31', 'available_at': '2026-04-28', 'source_lineage': 'votehub-poll-lineage-v3', 'resolution_status': 'race_scoped'}, {'poll_id': 'vh-us-202uni0dc518c7', 'study_id': 'vh-study-us-202uni0dc518c7', 'race_id': 'senate-2026-TX', 'question_id': 'vh-us-202uni0dc518c7:q0', 'candidate_id': 'senate-2026-TX:james-talarico', 'candidate_name': 'James Talarico', 'ballot_party': 'D', 'caucus': 'D', 'raw_share': 44.0, 'undecided': None, 'other': None, 'candidate_set_version': 'race-scoped-candidate-set-v1', 'field_start': '2026-01-20', 'field_end': '2026-01-31', 'available_at': '2026-04-28', 'source_lineage': 'votehub-poll-lineage-v3', 'resolution_status': 'race_scoped'}]",0.0,True
vh-us-202pub7e233927,vh-study-us-202pub7e233927,1,Public Policy Polling,Senate Majority PAC,https://punchbowl.news/article/campaigns/paxton-cornyn-poll/,15c6d49ad45f6e68880244bad079333b9a72286eb0dce51f403726db14a300ca,2026-03-04,2026-03-05,2026-04-28,,2026-10-10T16:41:48.336232+00:00,2026-04-28,,2026-04-28,2026-03-05,senate-2026,US_SENATE,TX,senate-2026-TX,A,576.0,,51.087,48.913,0.0,0.0,2.174,True,include,,votehub-ingest-v3-race-scoped-candidate-level,2026-10-10T16:41:48.336232+00:00,,state-usps-v1,votehub-candidate-matchup-v3-race-scoped,generic_two_way,,,en,1.0,True,False,,senate-2026-TX:james-talarico,James Talarico,senate-2026-TX:ken-paxton,Ken Paxton,senate-2026:TX:senate-2026-TX:james-talarico|senate-2026-TX:ken-paxton,False,senate-2026-TX:james-talarico,James Talarico,D,senate-2026-TX:ken-paxton,Ken Paxton,R,51.087,48.913,2.174,2.174,dem_minus_rep_two_party,,,,0.4666666666666666,0.0,1.0,1.4,fivethirtyeight_pollster_ratings,James Talarico,Ken Paxton,South,"[{'poll_id': 'vh-us-202pub7e233927', 'study_id': 'vh-study-us-202pub7e233927', 'race_id': 'senate-2026-TX', 'question_id': 'vh-us-202pub7e233927:q0', 'candidate_id': 'senate-2026-TX:ken-paxton', 'candidate_name': 'Ken Paxton', 'ballot_party': 'R', 'caucus': 'R', 'raw_share': 45.0, 'undecided': None, 'other': None, 'candidate_set_version': 'race-scoped-candidate-set-v1', 'field_start': '2026-03-04', 'field_end': '2026-03-05', 'available_at': '2026-04-28', 'source_lineage': 'votehub-poll-lineage-v3', 'resolution_status': 'race_scoped'}, {'poll_id': 'vh-us-202pub7e233927', 'study_id': 'vh-study-us-202pub7e233927', 'race_id': 'senate-2026-TX', 'question_id': 'vh-us-202pub7e233927:q0', 'candidate_id': 'senate-2026-TX:james-talarico', 'candidate_name': 'James Talarico', 'ballot_party': 'D', 'caucus': 'D', 'raw_share': 47.0, 'undecided': None, 'other': None, 'candidate_set_version': 'race-scoped-candidate-set-v1', 'field_start': '2026-03-04', 'field_end': '2026-03-05', 'available_at': '2026-04-28', 'source_lineage': 'votehub-poll-lineage-v3', 'resolution_status': 'race_scoped'}]",0.0,True
vh-us-202imp50137db2,vh-study-us-202imp50137db2,1,Fabrizio-Impact,James Talarico,https://www.politico.com/live-updates/2026/03/20/congress/texas-senate-talarico-cornyn-paxton-poll-00837336,7a6c7edc2891cf5db283dad39ab183fff439865aa2f9f3fd1ee60cb310804618,2026-03-12,2026-03-17,2026-04-28,,2026-10-10T16:41:48.336232+00:00,2026-04-28,,2026-04-28,2026-03-17,senate-2026,US_SENATE,TX,senate-2026-TX,LV,900.0,,50.575,49.425,0.0,0.0,1.149,False,include,,votehub-ingest-v3-race-scoped-candidate-level,2026-10-10T16:41:48.336232+00:00,,state-usps-v1,votehub-candidate-matchup-v3-race-scoped,generic_two_way,,,en,1.0,True,False,,senate-2026-TX:james-talarico,James Talarico,senate-2026-TX:ken-paxton,Ken Paxton,senate-2026:TX:senate-2026-TX:james-talarico|senate-2026-TX:ken-paxton,False,senate-2026-TX:james-talarico,James Talarico,D,senate-2026-TX:ken-paxton,Ken Paxton,R,50.575,49.425,1.149,1.149,dem_minus_rep_two_party,,,,1.0,-0.02,1.6230000000000002,A+,votehub_pollster_scorecards,James Talarico,Ken Paxton,South,"[{'poll_id': 'vh-us-202imp50137db2', 'study_id': 'vh-study-us-202imp50137db2', 'race_id': 'senate-2026-TX', 'question_id': 'vh-us-202imp50137db2:q0', 'candidate_id': 'senate-2026-TX:ken-paxton', 'candidate_name': 'Ken Paxton', 'ballot_party': 'R', 'caucus': 'R', 'raw_share': 43.0, 'undecided': None, 'other': None, 'candidate_set_version': 'race-scoped-candidate-set-v1', 'field_start': '2026-03-12', 'field_end': '2026-03-17', 'available_at': '2026-04-28', 'source_lineage': 'votehub-poll-lineage-v3', 'resolution_status': 'race_scoped'}, {'poll_id': 'vh-us-202imp50137db2', 'study_id': 'vh-study-us-202imp50137db2', 'race_id': 'senate-2026-TX', 'question_id': 'vh-us-202imp50137db2:q0', 'candidate_id': 'senate-2026-TX:james-talarico', 'candidate_name': 'James Talarico', 'ballot_party': 'D', 'caucus': 'D', 'raw_share': 44.0, 'undecided': None, 'other': None, 'candidate_set_version': 'race-scoped-candidate-set-v1', 'field_start': '2026-03-12', 'field_end': '2026-03-17', 'available_at': '2026-04-28', 'source_lineage': 'votehub-poll-lineage-v3', 'resolution_status': 'race_scoped'}]",0.0,True
vh-us-202texe500a6d5,vh-study-us-202texe500a6d5,1,Texas Public Opinion Research,none,https://www.texastribune.org/wp-content/uploads/2026/04/TPOR-April-2026-TXSEN-poll.pdf,ba8229910c4499c3148e0a7d7609872e1ce8afc94612c99138f772238c7ae5b4,2026-04-17,2026-04-20,2026-04-28,,2026-10-10T16:41:48.336232+00:00,2026-04-28,,2026-04-28,2026-04-20,senate-2026,US_SENATE,TX,senate-2026-TX,LV,1018.0,,52.874,47.126,0.0,0.0,5.747,False,include,,votehub-ingest-v3-race-scoped-candidate-level,2026-10-10T16:41:48.336232+00:00,,state-usps-v1,votehub-candidate-matchup-v3-race-scoped,generic_two_way,,,en,1.0,True,False,,senate-2026-TX:james-talarico,James Talarico,senate-2026-TX:ken-paxton,Ken Paxton,senate-2026:TX:senate-2026-TX:james-talarico|senate-2026-TX:ken-paxton,False,senate-2026-TX:james-talarico,James Talarico,D,senate-2026-TX:ken-paxton,Ken Paxton,R,52.874,47.126,5.747,5.747,dem_minus_rep_two_party,,,,0.55,0.0,2.2,,prior_default,James Talarico,Ken Paxton,South,"[{'poll_id': 'vh-us-202texe500a6d5', 'study_id': 'vh-study-us-202texe500a6d5', 'race_id': 'senate-2026-TX', 'question_id': 'vh-us-202texe500a6d5:q0', 'candidate_id': 'senate-2026-TX:ken-paxton', 'candidate_name': 'Ken Paxton', 'ballot_party': 'R', 'caucus': 'R', 'raw_share': 41.0, 'undecided': None, 'other': None, 'candidate_set_version': 'race-scoped-candidate-set-v1', 'field_start': '2026-04-17', 'field_end': '2026-04-20', 'available_at': '2026-04-28', 'source_lineage': 'votehub-poll-lineage-v3', 'resolution_status': 'race_scoped'}, {'poll_id': 'vh-us-202texe500a6d5', 'study_id': 'vh-study-us-202texe500a6d5', 'race_id': 'senate-2026-TX', 'question_id': 'vh-us-202texe500a6d5:q0', 'candidate_id': 'senate-2026-TX:james-talarico', 'candidate_name': 'James Talarico', 'ballot_party': 'D', 'caucus': 'D', 'raw_share': 46.0, 'undecided': None, 'other': None, 'candidate_set_version': 'race-scoped-candidate-set-v1', 'field_start': '2026-04-17', 'field_end': '2026-04-20', 'available_at': '2026-04-28', 'source_lineage': 'votehub-poll-lineage-v3', 'resolution_status': 'race_scoped'}]",0.0,True
vh-us-202emeef7cbc1d,vh-study-us-202emeef7cbc1d,1,Emerson,none,https://docs.google.com/spreadsheets/d/15YGRzDC0lKpxKWzRswm-jVakVutZLJc7/edit?usp=sharing&ouid=111479937799022047482&rtpof=true&sd=true,c38f497fa639f628020156a06427785249f69d64c3cd64cd0cd7ab2688c6117f,2026-01-10,2026-01-12,2026-04-28,,2026-10-10T16:41:48.336232+00:00,2026-04-28,,2026-04-28,2026-01-12,senate-2026,US_SENATE,TX,senate-2026-TX,RV,1165.0,,50.0,50.0,0.0,0.0,0.0,False,include,,votehub-ingest-v3-race-scoped-candidate-level,2026-10-10T16:41:48.336232+00:00,,state-usps-v1,votehub-candidate-matchup-v3-race-scoped,generic_two_way,,,en,1.0,True,False,,senate-2026-TX:james-talarico,James Talarico,senate-2026-TX:ken-paxton,Ken Paxton,senate-2026:TX:senate-2026-TX:james-talarico|senate-2026-TX:ken-paxton,False,senate-2026-TX:james-talarico,James Talarico,D,senate-2026-TX:ken-paxton,Ken Paxton,R,50.0,50.0,0.0,0.0,dem_minus_rep_two_party,,,,0.72,-0.29,2.217,B,votehub_pollster_scorecards,James Talarico,Ken Paxton,South,"[{'poll_id': 'vh-us-202emeef7cbc1d', 'study_id': 'vh-study-us-202emeef7cbc1d', 'race_id': 'senate-2026-TX', 'question_id': 'vh-us-202emeef7cbc1d:q0', 'candidate_id': 'senate-2026-TX:ken-paxton', 'candidate_name': 'Ken Paxton', 'ballot_party': 'R', 'caucus': 'R', 'raw_share': 45.6, 'undecided': None, 'other': None, 'candidate_set_version': 'race-scoped-candidate-set-v1', 'field_start': '2026-01-10', 'field_end': '2026-01-12', 'available_at': '2026-04-28', 'source_lineage': 'votehub-poll-lineage-v3', 'resolution_status': 'race_scoped'}, {'poll_id': 'vh-us-202emeef7cbc1d', 'study_id': 'vh-study-us-202emeef7cbc1d', 'race_id': 'senate-2026-TX', 'question_id': 'vh-us-202emeef7cbc1d:q0', 'candidate_id': 'senate-2026-TX:james-talarico', 'candidate_name': 'James Talarico', 'ballot_party': 'D', 'caucus': 'D', 'raw_share': 45.6, 'undecided': None, 'other': None, 'candidate_set_version': 'race-scoped-candidate-set-v1', 'field_start': '2026-01-10', 'field_end': '2026-01-12', 'available_at': '2026-04-28', 'source_lineage': 'votehub-poll-lineage-v3', 'resolution_status': 'race_scoped'}]",0.0,True
vh-us-202opi5a64ca39,vh-study-us-202opi5a64ca39,1,Opinion Diagnostics,none,https://x.com/iapolls2022/status/2049576363175096384?s=46,87f892018820f32eefb1f44f2dea112e634189f2fc3abd3a2044da06b991a1ee,2026-04-21,2026-04-24,2026-04-30,,2026-10-10T16:41:48.336232+00:00,2026-04-30,,2026-04-30,2026-04-24,senate-2026,US_SENATE,NC,senate-2026-NC,LV,830.0,,54.902,45.098,0.0,0.0,9.804,True,include,,votehub-ingest-v3-race-scoped-candidate-level,2026-10-10T16:41:48.336232+00:00,,state-usps-v1,votehub-candidate-matchup-v3-race-scoped,generic_two_way,,,en,1.0,True,False,,senate-2026-NC:roy-cooper,Roy Cooper,senate-2026-NC:michael-whatley,Michael Whatley,senate-2026:NC:senate-2026-NC:roy-cooper|senate-2026-NC:michael-whatley,False,senate-2026-NC:roy-cooper,Roy Cooper,D,senate-2026-NC:michael-whatley,Michael Whatley,R,54.902,45.098,9.804,9.804,dem_minus_rep_two_party,,,,0.55,0.0,2.2,,prior_default,Roy Cooper,Michael Whatley,South,"[{'poll_id': 'vh-us-202opi5a64ca39', 'study_id': 'vh-study-us-202opi5a64ca39', 'race_id': 'senate-2026-NC', 'question_id': 'vh-us-202opi5a64ca39:q0', 'candidate_id': 'senate-2026-NC:roy-cooper', 'candidate_name': 'Roy Cooper', 'ballot_party': 'D', 'caucus': 'D', 'raw_share': 50.4, 'undecided': None, 'other': None, 'candidate_set_version': 'race-scoped-candidate-set-v1', 'field_start': '2026-04-21', 'field_end': '2026-04-24', 'available_at': '2026-04-30', 'source_lineage': 'votehub-poll-lineage-v3', 'resolution_status': 'race_scoped'}, {'poll_id': 'vh-us-202opi5a64ca39', 'study_id': 'vh-study-us-202opi5a64ca39', 'race_id': 'senate-2026-NC', 'question_id': 'vh-us-202opi5a64ca39:q0', 'candidate_id': 'senate-2026-NC:michael-whatley', 'candidate_name': 'Michael Whatley', 'ballot_party': 'R', 'caucus': 'R', 'raw_share': 41.4, 'undecided': None, 'other': None, 'candidate_set_version': 'race-scoped-candidate-set-v1', 'field_start': '2026-04-21', 'field_end': '2026-04-24', 'available_at': '2026-04-30', 'source_lineage': 'votehub-poll-lineage-v3', 'resolution_status': 'race_scoped'}]",0.0,True
vh-us-202you9dee520f,vh-study-us-202you9dee520f,1,University of Massachusetts Lowell-YouGov,University of Texas,https://texaspolitics.utexas.edu/blog/april-polling-war-and-surging-gas-prices-fuel-another-negative-turn-in-texans-views-of-the-economy-2,0b81bdf09e7ad3a65b8167b0cf70be35edc11a4b885f176f85822daced362c87,2026-04-10,2026-04-20,2026-04-30,,2026-10-10T16:41:48.336232+00:00,2026-04-30,,2026-04-30,2026-04-20,senate-2026,US_SENATE,TX,senate-2026-TX,RV,1200.0,,55.263,44.737,0.0,0.0,10.526,False,include,,votehub-ingest-v3-race-scoped-candidate-level,2026-10-10T16:41:48.336232+00:00,,state-usps-v1,votehub-candidate-matchup-v3-race-scoped,generic_two_way,,,en,1.0,True,False,,senate-2026-TX:james-talarico,James Talarico,senate-2026-TX:ken-paxton,Ken Paxton,senate-2026:TX:senate-2026-TX:james-talarico|senate-2026-TX:ken-paxton,False,senate-2026-TX:james-talarico,James Talarico,D,senate-2026-TX:ken-paxton,Ken Paxton,R,55.263,44.737,10.526,10.526,dem_minus_rep_two_party,,,,0.32,1.7,2.547,D,votehub_pollster_scorecards,James Talarico,Ken Paxton,South,"[{'poll_id': 'vh-us-202you9dee520f', 'study_id': 'vh-study-us-202you9dee520f', 'race_id': 'senate-2026-TX', 'question_id': 'vh-us-202you9dee520f:q0', 'candidate_id': 'senate-2026-TX:ken-paxton', 'candidate_name': 'Ken Paxton', 'ballot_party': 'R', 'caucus': 'R', 'raw_share': 34.0, 'undecided': None, 'other': None, 'candidate_set_version': 'race-scoped-candidate-set-v1', 'field_start': '2026-04-10', 'field_end': '2026-04-20', 'available_at': '2026-04-30', 'source_lineage': 'votehub-poll-lineage-v3', 'resolution_status': 'race_scoped'}, {'poll_id': 'vh-us-202you9dee520f', 'study_id': 'vh-study-us-202you9dee520f', 'race_id': 'senate-2026-TX', 'question_id': 'vh-us-202you9dee520f:q0', 'candidate_id': 'senate-2026-TX:james-talarico', 'candidate_name': 'James Talarico', 'ballot_party': 'D', 'caucus': 'D', 'raw_share': 42.0, 'undecided': None, 'other': None, 'candidate_set_version': 'race-scoped-candidate-set-v1', 'field_start': '2026-04-10', 'field_end': '2026-04-20', 'available_at': '2026-04-30', 'source_lineage': 'votehub-poll-lineage-v3', 'resolution_status': 'race_scoped'}]",0.0,True
vh-us-202tav22537272,vh-study-us-202tav22537272,1,Tavern Research,none,https://sunflowerstatejournal.com/wp-content/uploads/2026/04/Toplines-KS-surv-20260125_195205.pdf,ab27b16121ab94ad0550d686d6dca88c1d3636de7ad28c786db2607101c8df41,2026-01-26,2026-01-28,2026-05-01,,2026-10-10T16:41:48.336232+00:00,2026-05-01,,2026-05-01,2026-01-28,senate-2026,US_SENATE,KS,senate-2026-KS,LV,1013.0,,46.0,54.0,0.0,0.0,-8.0,False,include,,votehub-ingest-v3-race-scoped-candidate-level,2026-10-10T16:41:48.336232+00:00,,state-usps-v1,votehub-candidate-matchup-v3-race-scoped,generic_two_way,,,en,1.0,True,False,,senate-2026-KS:adam-hamilton,Adam Hamilton,senate-2026-KS:roger-marshall,Roger Marshall,senate-2026:KS:senate-2026-KS:adam-hamilton|senate-2026-KS:roger-marshall,False,senate-2026-KS:adam-hamilton,Adam Hamilton,D,senate-2026-KS:roger-marshall,Roger Marshall,R,46.0,54.0,-8.0,-8.0,dem_minus_rep_two_party,,,,0.55,0.0,2.2,,prior_default,Adam Hamilton,Roger Marshall,Midwest,"[{'poll_id': 'vh-us-202tav22537272', 'study_id': 'vh-study-us-202tav22537272', 'race_id': 'senate-2026-KS', 'question_id': 'vh-us-202tav22537272:q0', 'candidate_id': 'senate-2026-KS:roger-marshall', 'candidate_name': 'Roger Marshall', 'ballot_party': 'R', 'caucus': 'R', 'raw_share': 54.0, 'undecided': None, 'other': None, 'candidate_set_version': 'race-scoped-candidate-set-v1', 'field_start': '2026-01-26', 'field_end': '2026-01-28', 'available_at': '2026-05-01', 'source_lineage': 'votehub-poll-lineage-v3', 'resolution_status': 'race_scoped'}, {'poll_id': 'vh-us-202tav22537272', 'study_id': 'vh-study-us-202tav22537272', 'race_id': 'senate-2026-KS', 'question_id': 'vh-us-202tav22537272:q0', 'candidate_id': 'senate-2026-KS:adam-hamilton', 'candidate_name': 'Adam Hamilton', 'ballot_party': 'D', 'caucus': 'D', 'raw_share': 46.0, 'undecided': None, 'other': None, 'candidate_set_version': 'race-scoped-candidate-set-v1', 'field_start': '2026-01-26', 'field_end': '2026-01-28', 'available_at': '2026-05-01', 'source_lineage': 'votehub-poll-lineage-v3', 'resolution_status': 'race_scoped'}]",0.0,True
vh-us-202alabbd6655e,vh-study-us-202alabbd6655e,1,Alaska Survey Research,none,https://x.com/polltracker2024/status/2050660840278229202,e1386a328d1ce55e74a9f34f9a4d07eda334c21b586bb2a3de7fb35592ab12a5,2026-04-16,2026-04-19,2026-05-03,,2026-10-10T16:41:48.336232+00:00,2026-05-03,,2026-05-03,2026-04-19,senate-2026,US_SENATE,AK,senate-2026-AK,LV,,,51.784,48.216,0.0,0.0,3.568,False,include,,votehub-ingest-v3-race-scoped-candidate-level,2026-10-10T16:41:48.336232+00:00,,state-usps-v1,votehub-candidate-matchup-v3-race-scoped,generic_two_way,,,en,1.0,True,False,,senate-2026-AK:mary-peltola,Mary Peltola,senate-2026-AK:dan-s-sullivan,Dan Sullivan,senate-2026:AK:senate-2026-AK:mary-peltola|senate-2026-AK:dan-s-sullivan,False,senate-2026-AK:mary-peltola,Mary Peltola,D,senate-2026-AK:dan-s-sullivan,Dan Sullivan,R,51.784,48.216,3.568,3.568,dem_minus_rep_two_party,,,,0.6333333333333333,0.0,2.2,1.9,fivethirtyeight_pollster_ratings,Mary Peltola,Dan Sullivan,West,"[{'poll_id': 'vh-us-202alabbd6655e', 'study_id': 'vh-study-us-202alabbd6655e', 'race_id': 'senate-2026-AK', 'question_id': 'vh-us-202alabbd6655e:q0', 'candidate_id': 'senate-2026-AK:mary-peltola', 'candidate_name': 'Mary Peltola', 'ballot_party': 'D', 'caucus': 'D', 'raw_share': 50.8, 'undecided': None, 'other': None, 'candidate_set_version': 'race-scoped-candidate-set-v1', 'field_start': '2026-04-16', 'field_end': '2026-04-19', 'available_at': '2026-05-03', 'source_lineage': 'votehub-poll-lineage-v3', 'resolution_status': 'race_scoped'}, {'poll_id': 'vh-us-202alabbd6655e', 'study_id': 'vh-study-us-202alabbd6655e', 'race_id': 'senate-2026-AK', 'question_id': 'vh-us-202alabbd6655e:q0', 'candidate_id': 'senate-2026-AK:dan-s-sullivan', 'candidate_name': 'Dan Sullivan', 'ballot_party': 'R', 'caucus': 'R', 'raw_share': 47.3, 'undecided': None, 'other': None, 'candidate_set_version': 'race-scoped-candidate-set-v1', 'field_start': '2026-04-16', 'field_end': '2026-04-19', 'available_at': '2026-05-03', 'source_lineage': 'votehub-poll-lineage-v3', 'resolution_status': 'race_scoped'}]",0.0,True
vh-us-202harb00382e0,vh-study-us-202harb00382e0,1,Harper Polling,Carolina Journal,https://www.carolinajournal.com/wp-content/uploads/2026/05/H23893-CJ-NC-May26-Toplines-Revised.pdf,4436a3c38fa49a78fa3cdabbd5e2f435f101072e4813fbdb12d7ada3faf017a5,2026-05-10,2026-05-11,2026-05-15,,2026-10-10T16:41:48.336232+00:00,2026-05-15,,2026-05-15,2026-05-11,senate-2026,US_SENATE,NC,senate-2026-NC,LV,600.0,,56.271,43.729,0.0,0.0,12.542,False,include,,votehub-ingest-v3-race-scoped-candidate-level,2026-10-10T16:41:48.336232+00:00,,state-usps-v1,votehub-candidate-matchup-v3-race-scoped,generic_two_way,,,en,1.0,True,False,,senate-2026-NC:roy-cooper,Roy Cooper,senate-2026-NC:michael-whatley,Michael Whatley,senate-2026:NC:senate-2026-NC:roy-cooper|senate-2026-NC:michael-whatley,False,senate-2026-NC:roy-cooper,Roy Cooper,D,senate-2026-NC:michael-whatley,Michael Whatley,R,56.271,43.729,12.542,12.542,dem_minus_rep_two_party,,,,0.55,0.0,2.2,,fivethirtyeight_pollster_ratings,Roy Cooper,Michael Whatley,South,"[{'poll_id': 'vh-us-202harb00382e0', 'study_id': 'vh-study-us-202harb00382e0', 'race_id': 'senate-2026-NC', 'question_id': 'vh-us-202harb00382e0:q0', 'candidate_id': 'senate-2026-NC:roy-cooper', 'candidate_name': 'Roy Cooper', 'ballot_party': 'D', 'caucus': 'D', 'raw_share': 49.8, 'undecided': None, 'other': None, 'candidate_set_version': 'race-scoped-candidate-set-v1', 'field_start': '2026-05-10', 'field_end': '2026-05-11', 'available_at': '2026-05-15', 'source_lineage': 'votehub-poll-lineage-v3', 'resolution_status': 'race_scoped'}, {'poll_id': 'vh-us-202harb00382e0', 'study_id': 'vh-study-us-202harb00382e0', 'race_id': 'senate-2026-NC', 'question_id': 'vh-us-202harb00382e0:q0', 'candidate_id': 'senate-2026-NC:michael-whatley', 'candidate_name': 'Michael Whatley', 'ballot_party': 'R', 'caucus': 'R', 'raw_share': 38.7, 'undecided': None, 'other': None, 'candidate_set_version': 'race-scoped-candidate-set-v1', 'field_start': '2026-05-10', 'field_end': '2026-05-11', 'available_at': '2026-05-15', 'source_lineage': 'votehub-poll-lineage-v3', 'resolution_status': 'race_scoped'}]",0.0,True
vh-us-202texc28cf835,vh-study-us-202texc28cf835,1,Texas Southern University Barbara Jordan Public Policy Research and Survey Center,none,https://drive.google.com/file/d/1_iPARgG4ScAjPXaqXfHse9R9hnvGS6If/view,853ad11f1d365358700478283bb796601b18c6a729146c7541866808e10e0c2e,2026-04-22,2026-05-06,2026-05-18,,2026-10-10T16:41:48.336232+00:00,2026-05-18,,2026-05-18,2026-05-06,senate-2026,US_SENATE,TX,senate-2026-TX,LV,1223.0,,50.0,50.0,0.0,0.0,0.0,False,include,,votehub-ingest-v3-race-scoped-candidate-level,2026-10-10T16:41:48.336232+00:00,,state-usps-v1,votehub-candidate-matchup-v3-race-scoped,generic_two_way,,,en,1.0,True,False,,senate-2026-TX:james-talarico,James Talarico,senate-2026-TX:ken-paxton,Ken Paxton,senate-2026:TX:senate-2026-TX:james-talarico|senate-2026-TX:ken-paxton,False,senate-2026-TX:james-talarico,James Talarico,D,senate-2026-TX:ken-paxton,Ken Paxton,R,50.0,50.0,0.0,0.0,dem_minus_rep_two_party,,,,0.55,0.0,2.2,,prior_default,James Talarico,Ken Paxton,South,"[{'poll_id': 'vh-us-202texc28cf835', 'study_id': 'vh-study-us-202texc28cf835', 'race_id': 'senate-2026-TX', 'question_id': 'vh-us-202texc28cf835:q0', 'candidate_id': 'senate-2026-TX:james-talarico', 'candidate_name': 'James Talarico', 'ballot_party': 'D', 'caucus': 'D', 'raw_share': 45.0, 'undecided': None, 'other': None, 'candidate_set_version': 'race-scoped-candidate-set-v1', 'field_start': '2026-04-22', 'field_end': '2026-05-06', 'available_at': '2026-05-18', 'source_lineage': 'votehub-poll-lineage-v3', 'resolution_status': 'race_scoped'}, {'poll_id': 'vh-us-202texc28cf835', 'study_id': 'vh-study-us-202texc28cf835', 'race_id': 'senate-2026-TX', 'question_id': 'vh-us-202texc28cf835:q0', 'candidate_id': 'senate-2026-TX:ken-paxton', 'candidate_name': 'Ken Paxton', 'ballot_party': 'R', 'caucus': 'R', 'raw_share': 45.0, 'undecided': None, 'other': None, 'candidate_set_version': 'race-scoped-candidate-set-v1', 'field_start': '2026-04-22', 'field_end': '2026-05-06', 'available_at': '2026-05-18', 'source_lineage': 'votehub-poll-lineage-v3', 'resolution_status': 'race_scoped'}]",0.0,True
vh-us-202chab31a8a6e,vh-study-us-202chab31a8a6e,1,Change Research,Carolina Forward,https://carolinaforward.org/blog/the-may-2026-carolina-forward-poll,764c87ac9a74b9301d3575177edc00fb0c02115bec4d27618672143f562c6a5d,2026-05-04,2026-05-08,2026-05-18,,2026-10-10T16:41:48.336232+00:00,2026-05-18,,2026-05-18,2026-05-08,senate-2026,US_SENATE,NC,senate-2026-NC,LV,957.0,,53.846,46.154,0.0,0.0,7.692,True,include,,votehub-ingest-v3-race-scoped-candidate-level,2026-10-10T16:41:48.336232+00:00,,state-usps-v1,votehub-candidate-matchup-v3-race-scoped,generic_two_way,,,en,1.0,True,False,,senate-2026-NC:roy-cooper,Roy Cooper,senate-2026-NC:michael-whatley,Michael Whatley,senate-2026:NC:senate-2026-NC:roy-cooper|senate-2026-NC:michael-whatley,False,senate-2026-NC:roy-cooper,Roy Cooper,D,senate-2026-NC:michael-whatley,Michael Whatley,R,53.846,46.154,7.692,7.692,dem_minus_rep_two_party,,,,0.52,1.31,2.239,C,votehub_pollster_scorecards,Roy Cooper,Michael Whatley,South,"[{'poll_id': 'vh-us-202chab31a8a6e', 'study_id': 'vh-study-us-202chab31a8a6e', 'race_id': 'senate-2026-NC', 'question_id': 'vh-us-202chab31a8a6e:q0', 'candidate_id': 'senate-2026-NC:roy-cooper', 'candidate_name': 'Roy Cooper', 'ballot_party': 'D', 'caucus': 'D', 'raw_share': 49.0, 'undecided': None, 'other': None, 'candidate_set_version': 'race-scoped-candidate-set-v1', 'field_start': '2026-05-04', 'field_end': '2026-05-08', 'available_at': '2026-05-18', 'source_lineage': 'votehub-poll-lineage-v3', 'resolution_status': 'race_scoped'}, {'poll_id': 'vh-us-202chab31a8a6e', 'study_id': 'vh-study-us-202chab31a8a6e', 'race_id': 'senate-2026-NC', 'question_id': 'vh-us-202chab31a8a6e:q0', 'candidate_id': 'senate-2026-NC:michael-whatley', 'candidate_name': 'Michael Whatley', 'ballot_party': 'R', 'caucus': 'R', 'raw_share': 42.0, 'undecided': None, 'other': None, 'candidate_set_version': 'race-scoped-candidate-set-v1', 'field_start': '2026-05-04', 'field_end': '2026-05-08', 'available_at': '2026-05-18', 'source_lineage': 'votehub-poll-lineage-v3', 'resolution_status': 'race_scoped'}]",0.0,True
vh-us-202tav507e89fe,vh-study-us-202tav507e89fe,1,Tavern Research,Contours Inc.,https://242750075.fs1.hubspotusercontent-na2.net/hubfs/242750075/MT%20Senate%20Toplines%20-%20Contours%20-%20Tavern.pdf,cb38271421f5621014744ff9001a9d9672e99d0e008221b0cfd693b711623d16,2026-05-13,2026-05-18,2026-05-19,,2026-10-10T16:41:48.336232+00:00,2026-05-19,,2026-05-19,2026-05-18,senate-2026,US_SENATE,MT,senate-2026-MT,LV,607.0,,,,0.0,0.0,,False,include,,votehub-ingest-v3-race-scoped-candidate-level,2026-10-10T16:41:48.336232+00:00,,state-usps-v1,votehub-candidate-matchup-v3-race-scoped,generic_two_way,,,en,1.0,True,False,,,,senate-2026-MT:kurt-alme,Kurt Alme,senate-2026:MT:senate-2026-MT:seth-bodnar|senate-2026-MT:kurt-alme,False,senate-2026-MT:seth-bodnar,Seth Bodnar,I,senate-2026-MT:kurt-alme,Kurt Alme,R,50.0,50.0,0.0,0.0,modeled_minus_opposing_two_candidate,,,,0.55,0.0,2.2,,prior_default,,Kurt Alme,West,"[{'poll_id': 'vh-us-202tav507e89fe', 'study_id': 'vh-study-us-202tav507e89fe', 'race_id': 'senate-2026-MT', 'question_id': 'vh-us-202tav507e89fe:q0', 'candidate_id': 'senate-2026-MT:seth-bodnar', 'candidate_name': 'Seth Bodnar', 'ballot_party': 'I', 'caucus': 'D', 'raw_share': 50.0, 'undecided': None, 'other': None, 'candidate_set_version': 'race-scoped-candidate-set-v1', 'field_start': '2026-05-13', 'field_end': '2026-05-18', 'available_at': '2026-05-19', 'source_lineage': 'votehub-poll-lineage-v3', 'resolution_status': 'race_scoped'}, {'poll_id': 'vh-us-202tav507e89fe', 'study_id': 'vh-study-us-202tav507e89fe', 'race_id': 'senate-2026-MT', 'question_id': 'vh-us-202tav507e89fe:q0', 'candidate_id': 'senate-2026-MT:kurt-alme', 'candidate_name': 'Kurt Alme', 'ballot_party': 'R', 'caucus': 'R', 'raw_share': 50.0, 'undecided': None, 'other': None, 'candidate_set_version': 'race-scoped-candidate-set-v1', 'field_start': '2026-05-13', 'field_end': '2026-05-18', 'available_at': '2026-05-19', 'source_lineage': 'votehub-poll-lineage-v3', 'resolution_status': 'race_scoped'}]",0.0,True
vh-us-202tav65f6005d,vh-study-us-202tav65f6005d,1,Tavern Research,Contours Inc.,https://242750075.fs1.hubspotusercontent-na2.net/hubfs/242750075/MT%20Senate%20Toplines%20-%20Contours%20-%20Tavern.pdf,b453f1e846e5773a5936494ec05275a07fe11635c10e2368c1cb54d32aa5f3e7,2026-05-13,2026-05-18,2026-05-19,,2026-10-10T16:41:48.336232+00:00,2026-05-19,,2026-05-19,2026-05-18,senate-2026,US_SENATE,MT,senate-2026-MT,LV,607.0,,,,0.0,27.0,,False,include,,votehub-ingest-v3-race-scoped-candidate-level,2026-10-10T16:41:48.336232+00:00,,state-usps-v1,votehub-candidate-matchup-v3-race-scoped,generic_two_way,,,en,1.0,True,True,,,,senate-2026-MT:kurt-alme,Kurt Alme,senate-2026:MT:senate-2026-MT:seth-bodnar|senate-2026-MT:kurt-alme,False,senate-2026-MT:seth-bodnar,Seth Bodnar,I,senate-2026-MT:kurt-alme,Kurt Alme,R,36.111,63.889,-27.778,-27.778,modeled_minus_opposing_two_candidate,,,,0.55,0.0,2.2,,prior_default,,Kurt Alme,West,"[{'poll_id': 'vh-us-202tav65f6005d', 'study_id': 'vh-study-us-202tav65f6005d', 'race_id': 'senate-2026-MT', 'question_id': 'vh-us-202tav65f6005d:q0', 'candidate_id': None, 'candidate_name': 'Reilly Neill', 'ballot_party': None, 'caucus': None, 'raw_share': 24.0, 'undecided': None, 'other': None, 'candidate_set_version': 'race-scoped-candidate-set-v1', 'field_start': '2026-05-13', 'field_end': '2026-05-18', 'available_at': '2026-05-19', 'source_lineage': 'votehub-poll-lineage-v3', 'resolution_status': 'unresolved_fail_closed'}, {'poll_id': 'vh-us-202tav65f6005d', 'study_id': 'vh-study-us-202tav65f6005d', 'race_id': 'senate-2026-MT', 'question_id': 'vh-us-202tav65f6005d:q0', 'candidate_id': 'senate-2026-MT:seth-bodnar', 'candidate_name': 'Seth Bodnar', 'ballot_party': 'I', 'caucus': 'D', 'raw_share': 26.0, 'undecided': None, 'other': None, 'candidate_set_version': 'race-scoped-candidate-set-v1', 'field_start': '2026-05-13', 'field_end': '2026-05-18', 'available_at': '2026-05-19', 'source_lineage': 'votehub-poll-lineage-v3', 'resolution_status': 'race_scoped'}, {'poll_id': 'vh-us-202tav65f6005d', 'study_id': 'vh-study-us-202tav65f6005d', 'race_id': 'senate-2026-MT', 'question_id': 'vh-us-202tav65f6005d:q0', 'candidate_id': None, 'candidate_name': 'Tom Jandron', 'ballot_party': None, 'caucus': None, 'raw_share': 3.0, 'undecided': None, 'other': None, 'candidate_set_version': 'race-scoped-candidate-set-v1', 'field_start': '2026-05-13', 'field_end': '2026-05-18', 'available_at': '2026-05-19', 'source_lineage': 'votehub-poll-lineage-v3', 'resolution_status': 'unresolved_fail_closed'}, {'poll_id': 'vh-us-202tav65f6005d', 'study_id': 'vh-study-us-202tav65f6005d', 'race_id': 'senate-2026-MT', 'question_id': 'vh-us-202tav65f6005d:q0', 'candidate_id': 'senate-2026-MT:kurt-alme', 'candidate_name': 'Kurt Alme', 'ballot_party': 'R', 'caucus': 'R', 'raw_share': 46.0, 'undecided': None, 'other': None, 'candidate_set_version': 'race-scoped-candidate-set-v1', 'field_start': '2026-05-13', 'field_end': '2026-05-18', 'available_at': '2026-05-19', 'source_lineage': 'votehub-poll-lineage-v3', 'resolution_status': 'race_scoped'}]",0.0,True
vh-us-202mit9a5c32a0,vh-study-us-202mit9a5c32a0,1,Mitchell Research & Communications,MIRS,https://www.dropbox.com/scl/fi/852uovvc2zfsqrnphdn9q/MIRS-MITCHELL-DEM-Primary-Press-Release-5-11-26-150PM_A.docx?rlkey=v522wmle6zvzlajt6m6nfoj78&st=zhm55ihc&dl=0,f8fe8e684c54e41dd0e0a4f073d64722a848eb1ef55687a24cb3c7d40d5a48ee,2026-05-01,2026-05-07,2026-05-20,,2026-10-10T16:41:48.336232+00:00,2026-05-20,,2026-05-20,2026-05-07,senate-2026,US_SENATE,MI,senate-2026-MI,LV,607.0,,50.602,49.398,0.0,0.0,1.205,False,include,,votehub-ingest-v3-race-scoped-candidate-level,2026-10-10T16:41:48.336232+00:00,,state-usps-v1,votehub-candidate-matchup-v3-race-scoped,generic_two_way,,,en,1.0,True,False,,senate-2026-MI:abdul-el-sayed,Abdul El-Sayed,senate-2026-MI:mike-rogers,Mike Rogers,senate-2026:MI:senate-2026-MI:abdul-el-sayed|senate-2026-MI:mike-rogers,False,senate-2026-MI:abdul-el-sayed,Abdul El-Sayed,D,senate-2026-MI:mike-rogers,Mike Rogers,R,50.602,49.398,1.205,1.205,dem_minus_rep_two_party,,,,0.7999999999999999,0.0,1.0,2.4,fivethirtyeight_pollster_ratings,Abdul El-Sayed,Mike Rogers,Midwest,"[{'poll_id': 'vh-us-202mit9a5c32a0', 'study_id': 'vh-study-us-202mit9a5c32a0', 'race_id': 'senate-2026-MI', 'question_id': 'vh-us-202mit9a5c32a0:q0', 'candidate_id': 'senate-2026-MI:abdul-el-sayed', 'candidate_name': 'Abdul El-Sayed', 'ballot_party': 'D', 'caucus': 'D', 'raw_share': 42.0, 'undecided': None, 'other': None, 'candidate_set_version': 'race-scoped-candidate-set-v1', 'field_start': '2026-05-01', 'field_end': '2026-05-07', 'available_at': '2026-05-20', 'source_lineage': 'votehub-poll-lineage-v3', 'resolution_status': 'race_scoped'}, {'poll_id': 'vh-us-202mit9a5c32a0', 'study_id': 'vh-study-us-202mit9a5c32a0', 'race_id': 'senate-2026-MI', 'question_id': 'vh-us-202mit9a5c32a0:q0', 'candidate_id': 'senate-2026-MI:mike-rogers', 'candidate_name': 'Mike Rogers', 'ballot_party': 'R', 'caucus': 'R', 'raw_share': 41.0, 'undecided': None, 'other': None, 'candidate_set_version': 'race-scoped-candidate-set-v1', 'field_start': '2026-05-01', 'field_end': '2026-05-07', 'available_at': '2026-05-20', 'source_lineage': 'votehub-poll-lineage-v3', 'resolution_status': 'race_scoped'}]",0.0,True
vh-us-202gle0133b0b3,vh-study-us-202gle0133b0b3,1,"Glengariff Group, Inc.",Detroit Regional Chamber,https://www.detroitchamber.com/wp-content/uploads/2026/05/DRC_Glengariff-Group_2026-Mackinac-Policy-Conference_POLITICAL-REPORT.pdf,88bb426776080cebcc76310fc5d1a7776df7d6131515f8bd603ad495c69439b4,2026-04-28,2026-05-01,2026-05-20,,2026-10-10T16:41:48.336232+00:00,2026-05-20,,2026-05-20,2026-05-01,senate-2026,US_SENATE,MI,senate-2026-MI,LV,600.0,,47.059,52.941,0.0,0.0,-5.882,False,include,,votehub-ingest-v3-race-scoped-candidate-level,2026-10-10T16:41:48.336232+00:00,,state-usps-v1,votehub-candidate-matchup-v3-race-scoped,generic_two_way,,,en,1.0,True,False,,senate-2026-MI:abdul-el-sayed,Abdul El-Sayed,senate-2026-MI:mike-rogers,Mike Rogers,senate-2026:MI:senate-2026-MI:abdul-el-sayed|senate-2026-MI:mike-rogers,False,senate-2026-MI:abdul-el-sayed,Abdul El-Sayed,D,senate-2026-MI:mike-rogers,Mike Rogers,R,47.059,52.941,-5.882,-5.882,dem_minus_rep_two_party,,,,0.55,0.0,2.2,,prior_default,Abdul El-Sayed,Mike Rogers,Midwest,"[{'poll_id': 'vh-us-202gle0133b0b3', 'study_id': 'vh-study-us-202gle0133b0b3', 'race_id': 'senate-2026-MI', 'question_id': 'vh-us-202gle0133b0b3:q0', 'candidate_id': 'senate-2026-MI:abdul-el-sayed', 'candidate_name': 'Abdul El-Sayed', 'ballot_party': 'D', 'caucus': 'D', 'raw_share': 40.0, 'undecided': None, 'other': None, 'candidate_set_version': 'race-scoped-candidate-set-v1', 'field_start': '2026-04-28', 'field_end': '2026-05-01', 'available_at': '2026-05-20', 'source_lineage': 'votehub-poll-lineage-v3', 'resolution_status': 'race_scoped'}, {'poll_id': 'vh-us-202gle0133b0b3', 'study_id': 'vh-study-us-202gle0133b0b3', 'race_id': 'senate-2026-MI', 'question_id': 'vh-us-202gle0133b0b3:q0', 'candidate_id': 'senate-2026-MI:mike-rogers', 'candidate_name': 'Mike Rogers', 'ballot_party': 'R', 'caucus': 'R', 'raw_share': 45.0, 'undecided': None, 'other': None, 'candidate_set_version': 'race-scoped-candidate-set-v1', 'field_start': '2026-04-28', 'field_end': '2026-05-01', 'available_at': '2026-05-20', 'source_lineage': 'votehub-poll-lineage-v3', 'resolution_status': 'race_scoped'}]",0.0,True
vh-us-202eme5bdd236b,vh-study-us-202eme5bdd236b,1,Emerson,Nexstar,https://docs.google.com/spreadsheets/d/1AtLJcs2z9R_NRY7eZqvKS256qHiVSUx0/edit?usp=sharing&ouid=111479937799022047482&rtpof=true&sd=true,989b7815853c67ee6837b0bfc6177b00b3d374e2d43ca28561d1ab48a45722ae,2026-01-24,2026-01-25,2026-05-20,,2026-10-10T16:41:48.336232+00:00,2026-05-20,,2026-05-20,2026-01-25,senate-2026,US_SENATE,MI,senate-2026-MI,LV,1000.0,,49.824,50.176,0.0,0.0,-0.352,False,include,,votehub-ingest-v3-race-scoped-candidate-level,2026-10-10T16:41:48.336232+00:00,,state-usps-v1,votehub-candidate-matchup-v3-race-scoped,generic_two_way,,,en,1.0,True,False,,senate-2026-MI:abdul-el-sayed,Abdul El-Sayed,senate-2026-MI:mike-rogers,Mike Rogers,senate-2026:MI:senate-2026-MI:abdul-el-sayed|senate-2026-MI:mike-rogers,False,senate-2026-MI:abdul-el-sayed,Abdul El-Sayed,D,senate-2026-MI:mike-rogers,Mike Rogers,R,49.824,50.176,-0.352,-0.352,dem_minus_rep_two_party,,,,0.72,-0.29,2.217,B,votehub_pollster_scorecards,Abdul El-Sayed,Mike Rogers,Midwest,"[{'poll_id': 'vh-us-202eme5bdd236b', 'study_id': 'vh-study-us-202eme5bdd236b', 'race_id': 'senate-2026-MI', 'question_id': 'vh-us-202eme5bdd236b:q0', 'candidate_id': 'senate-2026-MI:abdul-el-sayed', 'candidate_name': 'Abdul El-Sayed', 'ballot_party': 'D', 'caucus': 'D', 'raw_share': 42.5, 'undecided': None, 'other': None, 'candidate_set_version': 'race-scoped-candidate-set-v1', 'field_start': '2026-01-24', 'field_end': '2026-01-25', 'available_at': '2026-05-20', 'source_lineage': 'votehub-poll-lineage-v3', 'resolution_status': 'race_scoped'}, {'poll_id': 'vh-us-202eme5bdd236b', 'study_id': 'vh-study-us-202eme5bdd236b', 'race_id': 'senate-2026-MI', 'question_id': 'vh-us-202eme5bdd236b:q0', 'candidate_id': 'senate-2026-MI:mike-rogers', 'candidate_name': 'Mike Rogers', 'ballot_party': 'R', 'caucus': 'R', 'raw_share': 42.8, 'undecided': None, 'other': None, 'candidate_set_version': 'race-scoped-candidate-set-v1', 'field_start': '2026-01-24', 'field_end': '2026-01-25', 'available_at': '2026-05-20', 'source_lineage': 'votehub-poll-lineage-v3', 'resolution_status': 'race_scoped'}]",0.0,True
vh-us-202glef7ac134b,vh-study-us-202glef7ac134b,1,"Glengariff Group, Inc.","Detroit News,WDIV-TV",https://www.detroitnews.com/story/news/politics/2026/01/13/michigan-race-for-governor-polling-john-james-jocelyn-benson-mike-duggan/88134923007/?gnt-cfr=1&gca-cat=p&gca-uir=false&gca-epti=undefined&gca-ft=0&gca-ds=sophi,99d261f70ce4d6d952eea8822183f8821f08476849bafc5366da329760f542ef,2026-01-02,2026-01-06,2026-05-20,,2026-10-10T16:41:48.336232+00:00,2026-05-20,,2026-05-20,2026-01-06,senate-2026,US_SENATE,MI,senate-2026-MI,LV,600.0,,46.667,53.333,0.0,0.0,-6.667,False,include,,votehub-ingest-v3-race-scoped-candidate-level,2026-10-10T16:41:48.336232+00:00,,state-usps-v1,votehub-candidate-matchup-v3-race-scoped,generic_two_way,,,en,1.0,True,False,,senate-2026-MI:abdul-el-sayed,Abdul El-Sayed,senate-2026-MI:mike-rogers,Mike Rogers,senate-2026:MI:senate-2026-MI:abdul-el-sayed|senate-2026-MI:mike-rogers,False,senate-2026-MI:abdul-el-sayed,Abdul El-Sayed,D,senate-2026-MI:mike-rogers,Mike Rogers,R,46.667,53.333,-6.667,-6.667,dem_minus_rep_two_party,,,,0.55,0.0,2.2,,prior_default,Abdul El-Sayed,Mike Rogers,Midwest,"[{'poll_id': 'vh-us-202glef7ac134b', 'study_id': 'vh-study-us-202glef7ac134b', 'race_id': 'senate-2026-MI', 'question_id': 'vh-us-202glef7ac134b:q0', 'candidate_id': 'senate-2026-MI:mike-rogers', 'candidate_name': 'Mike Rogers', 'ballot_party': 'R', 'caucus': 'R', 'raw_share': 48.0, 'undecided': None, 'other': None, 'candidate_set_version': 'race-scoped-candidate-set-v1', 'field_start': '2026-01-02', 'field_end': '2026-01-06', 'available_at': '2026-05-20', 'source_lineage': 'votehub-poll-lineage-v3', 'resolution_status': 'race_scoped'}, {'poll_id': 'vh-us-202glef7ac134b', 'study_id': 'vh-study-us-202glef7ac134b', 'race_id': 'senate-2026-MI', 'question_id': 'vh-us-202glef7ac134b:q0', 'candidate_id': 'senate-2026-MI:abdul-el-sayed', 'candidate_name': 'Abdul El-Sayed', 'ballot_party': 'D', 'caucus': 'D', 'raw_share': 42.0, 'undecided': None, 'other': None, 'candidate_set_version': 'race-scoped-candidate-set-v1', 'field_start': '2026-01-02', 'field_end': '2026-01-06', 'available_at': '2026-05-20', 'source_lineage': 'votehub-poll-lineage-v3', 'resolution_status': 'race_scoped'}]",0.0,True
vh-us-202mit590c99af,vh-study-us-202mit590c99af,1,Mitchell Research & Communications,MIRS News Service,https://mirs-polls.s3.us-east-2.amazonaws.com/c7ba70f28c3812c553cbf07db509f469.pdf,d96e2ff91b058e673c404b5dbc79a07ec8fbbed72954935b7d1b5391859c0514,2025-11-18,2025-11-21,2026-05-20,,2026-10-10T16:41:48.336232+00:00,2026-05-20,,2026-05-20,2025-11-21,senate-2026,US_SENATE,MI,senate-2026-MI,LV,616.0,,48.101,51.899,0.0,0.0,-3.797,False,include,,votehub-ingest-v3-race-scoped-candidate-level,2026-10-10T16:41:48.336232+00:00,,state-usps-v1,votehub-candidate-matchup-v3-race-scoped,generic_two_way,,,en,1.0,True,False,,senate-2026-MI:abdul-el-sayed,Abdul El-Sayed,senate-2026-MI:mike-rogers,Mike Rogers,senate-2026:MI:senate-2026-MI:abdul-el-sayed|senate-2026-MI:mike-rogers,False,senate-2026-MI:abdul-el-sayed,Abdul El-Sayed,D,senate-2026-MI:mike-rogers,Mike Rogers,R,48.101,51.899,-3.797,-3.797,dem_minus_rep_two_party,,,,0.7999999999999999,0.0,1.0,2.4,fivethirtyeight_pollster_ratings,Abdul El-Sayed,Mike Rogers,Midwest,"[{'poll_id': 'vh-us-202mit590c99af', 'study_id': 'vh-study-us-202mit590c99af', 'race_id': 'senate-2026-MI', 'question_id': 'vh-us-202mit590c99af:q0', 'candidate_id': 'senate-2026-MI:mike-rogers', 'candidate_name': 'Mike Rogers', 'ballot_party': 'R', 'caucus': 'R', 'raw_share': 41.0, 'undecided': None, 'other': None, 'candidate_set_version': 'race-scoped-candidate-set-v1', 'field_start': '2025-11-18', 'field_end': '2025-11-21', 'available_at': '2026-05-20', 'source_lineage': 'votehub-poll-lineage-v3', 'resolution_status': 'race_scoped'}, {'poll_id': 'vh-us-202mit590c99af', 'study_id': 'vh-study-us-202mit590c99af', 'race_id': 'senate-2026-MI', 'question_id': 'vh-us-202mit590c99af:q0', 'candidate_id': 'senate-2026-MI:abdul-el-sayed', 'candidate_name': 'Abdul El-Sayed', 'ballot_party': 'D', 'caucus': 'D', 'raw_share': 38.0, 'undecided': None, 'other': None, 'candidate_set_version': 'race-scoped-candidate-set-v1', 'field_start': '2025-11-18', 'field_end': '2025-11-21', 'available_at': '2026-05-20', 'source_lineage': 'votehub-poll-lineage-v3', 'resolution_status': 'race_scoped'}]",0.0,True
vh-us-202ros410812c7,vh-study-us-202ros410812c7,1,Rosetta Stone,none,https://x.com/IAPolls2022/status/1986533537747472500,8535125c0b0ce2fef431455158f4daba7ff730aeb3cc0d578a4a0d1d197c560d,2025-10-23,2025-10-25,2026-05-20,,2026-10-10T16:41:48.336232+00:00,2026-05-20,,2026-05-20,2025-10-25,senate-2026,US_SENATE,MI,senate-2026-MI,LV,637.0,,40.789,59.211,0.0,0.0,-18.421,False,include,,votehub-ingest-v3-race-scoped-candidate-level,2026-10-10T16:41:48.336232+00:00,,state-usps-v1,votehub-candidate-matchup-v3-race-scoped,generic_two_way,,,en,1.0,True,False,,senate-2026-MI:abdul-el-sayed,Abdul El-Sayed,senate-2026-MI:mike-rogers,Mike Rogers,senate-2026:MI:senate-2026-MI:abdul-el-sayed|senate-2026-MI:mike-rogers,False,senate-2026-MI:abdul-el-sayed,Abdul El-Sayed,D,senate-2026-MI:mike-rogers,Mike Rogers,R,40.789,59.211,-18.421,-18.421,dem_minus_rep_two_party,,,,0.55,0.0,2.2,,prior_default,Abdul El-Sayed,Mike Rogers,Midwest,"[{'poll_id': 'vh-us-202ros410812c7', 'study_id': 'vh-study-us-202ros410812c7', 'race_id': 'senate-2026-MI', 'question_id': 'vh-us-202ros410812c7:q0', 'candidate_id': 'senate-2026-MI:mike-rogers', 'candidate_name': 'Mike Rogers', 'ballot_party': 'R', 'caucus': 'R', 'raw_share': 45.0, 'undecided': None, 'other': None, 'candidate_set_version': 'race-scoped-candidate-set-v1', 'field_start': '2025-10-23', 'field_end': '2025-10-25', 'available_at': '2026-05-20', 'source_lineage': 'votehub-poll-lineage-v3', 'resolution_status': 'race_scoped'}, {'poll_id': 'vh-us-202ros410812c7', 'study_id': 'vh-study-us-202ros410812c7', 'race_id': 'senate-2026-MI', 'question_id': 'vh-us-202ros410812c7:q0', 'candidate_id': 'senate-2026-MI:abdul-el-sayed', 'candidate_name': 'Abdul El-Sayed', 'ballot_party': 'D', 'caucus': 'D', 'raw_share': 31.0, 'undecided': None, 'other': None, 'candidate_set_version': 'race-scoped-candidate-set-v1', 'field_start': '2025-10-23', 'field_end': '2025-10-25', 'available_at': '2026-05-20', 'source_lineage': 'votehub-poll-lineage-v3', 'resolution_status': 'race_scoped'}]",0.0,True
vh-us-202gledaa7038f,vh-study-us-202gledaa7038f,1,"Glengariff Group, Inc.",Detroit Regional Chamber,https://www.detroitchamber.com/wp-content/uploads/2025/05/Detroit-Regional-Chamber_Glengariff-Group_May-2025-Political-Survey-Report.pdf,996859f26aeb74bb8578189497ae7fb6cda5a01d3fd3704e6745b37c54f8fa32,2025-05-05,2025-05-08,2026-05-20,,2026-10-10T16:41:48.336232+00:00,2026-05-20,,2026-05-20,2025-05-08,senate-2026,US_SENATE,MI,senate-2026-MI,RV,600.0,,46.591,53.409,0.0,0.0,-6.818,False,include,,votehub-ingest-v3-race-scoped-candidate-level,2026-10-10T16:41:48.336232+00:00,,state-usps-v1,votehub-candidate-matchup-v3-race-scoped,generic_two_way,,,en,1.0,True,False,,senate-2026-MI:abdul-el-sayed,Abdul El-Sayed,senate-2026-MI:mike-rogers,Mike Rogers,senate-2026:MI:senate-2026-MI:abdul-el-sayed|senate-2026-MI:mike-rogers,False,senate-2026-MI:abdul-el-sayed,Abdul El-Sayed,D,senate-2026-MI:mike-rogers,Mike Rogers,R,46.591,53.409,-6.818,-6.818,dem_minus_rep_two_party,,,,0.55,0.0,2.2,,prior_default,Abdul El-Sayed,Mike Rogers,Midwest,"[{'poll_id': 'vh-us-202gledaa7038f', 'study_id': 'vh-study-us-202gledaa7038f', 'race_id': 'senate-2026-MI', 'question_id': 'vh-us-202gledaa7038f:q0', 'candidate_id': 'senate-2026-MI:mike-rogers', 'candidate_name': 'Mike Rogers', 'ballot_party': 'R', 'caucus': 'R', 'raw_share': 47.0, 'undecided': None, 'other': None, 'candidate_set_version': 'race-scoped-candidate-set-v1', 'field_start': '2025-05-05', 'field_end': '2025-05-08', 'available_at': '2026-05-20', 'source_lineage': 'votehub-poll-lineage-v3', 'resolution_status': 'race_scoped'}, {'poll_id': 'vh-us-202gledaa7038f', 'study_id': 'vh-study-us-202gledaa7038f', 'race_id': 'senate-2026-MI', 'question_id': 'vh-us-202gledaa7038f:q0', 'candidate_id': 'senate-2026-MI:abdul-el-sayed', 'candidate_name': 'Abdul El-Sayed', 'ballot_party': 'D', 'caucus': 'D', 'raw_share': 41.0, 'undecided': None, 'other': None, 'candidate_set_version': 'race-scoped-candidate-set-v1', 'field_start': '2025-05-05', 'field_end': '2025-05-08', 'available_at': '2026-05-20', 'source_lineage': 'votehub-poll-lineage-v3', 'resolution_status': 'race_scoped'}]",0.0,True
vh-us-202pub121c904c,vh-study-us-202pub121c904c,1,Public Policy Polling,Lone Star Rising PAC,https://static.politico.com/c0/7c/2c2db3c14c74946fa393d9e485cc/texas-gen-results-ppp-5-26-1.pdf?nname=playbook&nid=0000014f-1646-d88f-a1cf-5f46b7bd0000&nrid=4f4d3aeb-621a-47b9-a66d-d9944fed5257,bb3556641839fae82897a8942fa3bf868d18bf31e4a15dbc6be7d03b889b0011,2026-05-22,2026-05-23,2026-05-28,,2026-10-10T16:41:48.336232+00:00,2026-05-28,,2026-05-28,2026-05-23,senate-2026,US_SENATE,TX,senate-2026-TX,LV,643.0,,54.217,45.783,0.0,3.0,8.434,True,include,,votehub-ingest-v3-race-scoped-candidate-level,2026-10-10T16:41:48.336232+00:00,,state-usps-v1,votehub-candidate-matchup-v3-race-scoped,generic_two_way,,,en,1.0,True,True,,senate-2026-TX:james-talarico,James Talarico,senate-2026-TX:ken-paxton,Ken Paxton,senate-2026:TX:senate-2026-TX:james-talarico|senate-2026-TX:ken-paxton,False,senate-2026-TX:james-talarico,James Talarico,D,senate-2026-TX:ken-paxton,Ken Paxton,R,54.217,45.783,8.434,8.434,dem_minus_rep_two_party,,,,0.4666666666666666,0.0,1.0,1.4,fivethirtyeight_pollster_ratings,James Talarico,Ken Paxton,South,"[{'poll_id': 'vh-us-202pub121c904c', 'study_id': 'vh-study-us-202pub121c904c', 'race_id': 'senate-2026-TX', 'question_id': 'vh-us-202pub121c904c:q0', 'candidate_id': 'senate-2026-TX:james-talarico', 'candidate_name': 'James Talarico', 'ballot_party': 'D', 'caucus': 'D', 'raw_share': 45.0, 'undecided': None, 'other': None, 'candidate_set_version': 'race-scoped-candidate-set-v1', 'field_start': '2026-05-22', 'field_end': '2026-05-23', 'available_at': '2026-05-28', 'source_lineage': 'votehub-poll-lineage-v3', 'resolution_status': 'race_scoped'}, {'poll_id': 'vh-us-202pub121c904c', 'study_id': 'vh-study-us-202pub121c904c', 'race_id': 'senate-2026-TX', 'question_id': 'vh-us-202pub121c904c:q0', 'candidate_id': 'senate-2026-TX:ken-paxton', 'candidate_name': 'Ken Paxton', 'ballot_party': 'R', 'caucus': 'R', 'raw_share': 38.0, 'undecided': None, 'other': None, 'candidate_set_version': 'race-scoped-candidate-set-v1', 'field_start': '2026-05-22', 'field_end': '2026-05-23', 'available_at': '2026-05-28', 'source_lineage': 'votehub-poll-lineage-v3', 'resolution_status': 'race_scoped'}, {'poll_id': 'vh-us-202pub121c904c', 'study_id': 'vh-study-us-202pub121c904c', 'race_id': 'senate-2026-TX', 'question_id': 'vh-us-202pub121c904c:q0', 'candidate_id': None, 'candidate_name': 'Ted Brown', 'ballot_party': None, 'caucus': None, 'raw_share': 3.0, 'undecided': None, 'other': None, 'candidate_set_version': 'race-scoped-candidate-set-v1', 'field_start': '2026-05-22', 'field_end': '2026-05-23', 'available_at': '2026-05-28', 'source_lineage': 'votehub-poll-lineage-v3', 'resolution_status': 'unresolved_fail_closed'}]",0.0,True
vh-us-202eme46470152,vh-study-us-202eme46470152,1,Emerson,none,https://docs.google.com/spreadsheets/d/1JA1bJWjrfS2kJbvUpGC8cGy7c0UiK7Qr/edit?usp=sharing&ouid=111479937799022047482&rtpof=true&sd=true,58c88c93c5e00fb2727016ad8f074b3f308a92476505a901344ba5460b35ab96,2026-02-06,2026-02-08,2026-05-28,,2026-10-10T16:41:48.336232+00:00,2026-05-28,,2026-05-28,2026-02-08,senate-2026,US_SENATE,MN,senate-2026-MN,LV,1000.0,,53.706,46.294,0.0,0.0,7.412,False,include,,votehub-ingest-v3-race-scoped-candidate-level,2026-10-10T16:41:48.336232+00:00,,state-usps-v1,votehub-candidate-matchup-v3-race-scoped,generic_two_way,,,en,1.0,True,False,,senate-2026-MN:peggy-flanagan,Peggy Flanagan,senate-2026-MN:michele-tafoya,Michele Tafoya,senate-2026:MN:senate-2026-MN:peggy-flanagan|senate-2026-MN:michele-tafoya,False,senate-2026-MN:peggy-flanagan,Peggy Flanagan,D,senate-2026-MN:michele-tafoya,Michele Tafoya,R,53.706,46.294,7.412,7.412,dem_minus_rep_two_party,,,,0.72,-0.29,2.217,B,votehub_pollster_scorecards,Peggy Flanagan,Michele Tafoya,Midwest,"[{'poll_id': 'vh-us-202eme46470152', 'study_id': 'vh-study-us-202eme46470152', 'race_id': 'senate-2026-MN', 'question_id': 'vh-us-202eme46470152:q0', 'candidate_id': 'senate-2026-MN:peggy-flanagan', 'candidate_name': 'Peggy Flanagan', 'ballot_party': 'D', 'caucus': 'D', 'raw_share': 47.1, 'undecided': None, 'other': None, 'candidate_set_version': 'race-scoped-candidate-set-v1', 'field_start': '2026-02-06', 'field_end': '2026-02-08', 'available_at': '2026-05-28', 'source_lineage': 'votehub-poll-lineage-v3', 'resolution_status': 'race_scoped'}, {'poll_id': 'vh-us-202eme46470152', 'study_id': 'vh-study-us-202eme46470152', 'race_id': 'senate-2026-MN', 'question_id': 'vh-us-202eme46470152:q0', 'candidate_id': 'senate-2026-MN:michele-tafoya', 'candidate_name': 'Michele Tafoya', 'ballot_party': 'R', 'caucus': 'R', 'raw_share': 40.6, 'undecided': None, 'other': None, 'candidate_set_version': 'race-scoped-candidate-set-v1', 'field_start': '2026-02-06', 'field_end': '2026-02-08', 'available_at': '2026-05-28', 'source_lineage': 'votehub-poll-lineage-v3', 'resolution_status': 'race_scoped'}]",0.0,True
vh-us-202sur62cbc236,vh-study-us-202sur62cbc236,1,SurveyUSA,MA Responsible Alliance,https://www.surveyusa.com/client/PollReport.aspx?g=adc70fa6-00da-4a97-9b1a-7eb4844e0302,22b7613bfa7f9392f4d10b3833716d6273b104789547b308053b38f70213f13f,2025-02-28,2025-03-04,2026-05-28,,2026-10-10T16:41:48.336232+00:00,2026-05-28,,2026-05-28,2025-03-04,senate-2026,US_SENATE,MA,senate-2026-MA,RV,775.0,,63.38,36.62,0.0,0.0,26.761,False,include,,votehub-ingest-v3-race-scoped-candidate-level,2026-10-10T16:41:48.336232+00:00,,state-usps-v1,votehub-candidate-matchup-v3-race-scoped,generic_two_way,,,en,1.0,True,False,,senate-2026-MA:ed-markey,Ed Markey,senate-2026-MA:john-deaton,John Deaton,senate-2026:MA:senate-2026-MA:ed-markey|senate-2026-MA:john-deaton,False,senate-2026-MA:ed-markey,Ed Markey,D,senate-2026-MA:john-deaton,John Deaton,R,63.38,36.62,26.761,26.761,dem_minus_rep_two_party,,,,0.32,2.29,2.5690000000000004,D,votehub_pollster_scorecards,Ed Markey,John Deaton,Northeast,"[{'poll_id': 'vh-us-202sur62cbc236', 'study_id': 'vh-study-us-202sur62cbc236', 'race_id': 'senate-2026-MA', 'question_id': 'vh-us-202sur62cbc236:q0', 'candidate_id': 'senate-2026-MA:ed-markey', 'candidate_name': 'Ed Markey', 'ballot_party': 'D', 'caucus': 'D', 'raw_share': 45.0, 'undecided': None, 'other': None, 'candidate_set_version': 'race-scoped-candidate-set-v1', 'field_start': '2025-02-28', 'field_end': '2025-03-04', 'available_at': '2026-05-28', 'source_lineage': 'votehub-poll-lineage-v3', 'resolution_status': 'race_scoped'}, {'poll_id': 'vh-us-202sur62cbc236', 'study_id': 'vh-study-us-202sur62cbc236', 'race_id': 'senate-2026-MA', 'question_id': 'vh-us-202sur62cbc236:q0', 'candidate_id': 'senate-2026-MA:john-deaton', 'candidate_name': 'John Deaton', 'ballot_party': 'R', 'caucus': 'R', 'raw_share': 26.0, 'undecided': None, 'other': None, 'candidate_set_version': 'race-scoped-candidate-set-v1', 'field_start': '2025-02-28', 'field_end': '2025-03-04', 'available_at': '2026-05-28', 'source_lineage': 'votehub-poll-lineage-v3', 'resolution_status': 'race_scoped'}]",0.0,True
vh-us-202suf91850a3d,vh-study-us-202suf91850a3d,1,Suffolk,Boston Globe,https://www.suffolk.edu/academics/research-at-suffolk/political-research-center/polls/massachusetts#collapse-November-25-2025-Massachusetts-Statewide-Issues-with-The-Boston-Globe,ab9bbd797df42cf73f0f82da44db03076bfd5a3a29d742c36e3523b097b0290b,2025-11-19,2025-11-23,2026-05-28,,2026-10-10T16:41:48.336232+00:00,2026-05-28,,2026-05-28,2025-11-23,senate-2026,US_SENATE,MA,senate-2026-MA,RV,500.0,,63.529,36.471,0.0,0.0,27.059,False,include,,votehub-ingest-v3-race-scoped-candidate-level,2026-10-10T16:41:48.336232+00:00,,state-usps-v1,votehub-candidate-matchup-v3-race-scoped,generic_two_way,,,en,1.0,True,False,,senate-2026-MA:ed-markey,Ed Markey,senate-2026-MA:john-deaton,John Deaton,senate-2026:MA:senate-2026-MA:ed-markey|senate-2026-MA:john-deaton,False,senate-2026-MA:ed-markey,Ed Markey,D,senate-2026-MA:john-deaton,John Deaton,R,63.529,36.471,27.059,27.059,dem_minus_rep_two_party,,,,0.72,-0.19,2.25,B,votehub_pollster_scorecards,Ed Markey,John Deaton,Northeast,"[{'poll_id': 'vh-us-202suf91850a3d', 'study_id': 'vh-study-us-202suf91850a3d', 'race_id': 'senate-2026-MA', 'question_id': 'vh-us-202suf91850a3d:q0', 'candidate_id': 'senate-2026-MA:ed-markey', 'candidate_name': 'Ed Markey', 'ballot_party': 'D', 'caucus': 'D', 'raw_share': 54.0, 'undecided': None, 'other': None, 'candidate_set_version': 'race-scoped-candidate-set-v1', 'field_start': '2025-11-19', 'field_end': '2025-11-23', 'available_at': '2026-05-28', 'source_lineage': 'votehub-poll-lineage-v3', 'resolution_status': 'race_scoped'}, {'poll_id': 'vh-us-202suf91850a3d', 'study_id': 'vh-study-us-202suf91850a3d', 'race_id': 'senate-2026-MA', 'question_id': 'vh-us-202suf91850a3d:q0', 'candidate_id': 'senate-2026-MA:john-deaton', 'candidate_name': 'John Deaton', 'ballot_party': 'R', 'caucus': 'R', 'raw_share': 31.0, 'undecided': None, 'other': None, 'candidate_set_version': 'race-scoped-candidate-set-v1', 'field_start': '2025-11-19', 'field_end': '2025-11-23', 'available_at': '2026-05-28', 'source_lineage': 'votehub-poll-lineage-v3', 'resolution_status': 'race_scoped'}]",0.0,True
vh-us-202uni06038789,vh-study-us-202uni06038789,1,University of New Hampshire,none,https://scholars.unh.edu/survey_center_polls/931/,1d60c22bc40a7b826255396d1a12fef135e48e3b204e198592cb4c739b6634f1,2026-02-12,2026-02-16,2026-05-28,,2026-10-10T16:41:48.336232+00:00,2026-05-28,,2026-05-28,2026-02-16,senate-2026,US_SENATE,MA,senate-2026-MA,LV,616.0,,67.47,32.53,0.0,0.0,34.94,False,include,,votehub-ingest-v3-race-scoped-candidate-level,2026-10-10T16:41:48.336232+00:00,,state-usps-v1,votehub-candidate-matchup-v3-race-scoped,generic_two_way,,,en,1.0,True,False,,senate-2026-MA:ed-markey,Ed Markey,senate-2026-MA:john-deaton,John Deaton,senate-2026:MA:senate-2026-MA:ed-markey|senate-2026-MA:john-deaton,False,senate-2026-MA:ed-markey,Ed Markey,D,senate-2026-MA:john-deaton,John Deaton,R,67.47,32.53,34.94,34.94,dem_minus_rep_two_party,,,,0.55,0.0,2.2,,prior_default,Ed Markey,John Deaton,Northeast,"[{'poll_id': 'vh-us-202uni06038789', 'study_id': 'vh-study-us-202uni06038789', 'race_id': 'senate-2026-MA', 'question_id': 'vh-us-202uni06038789:q0', 'candidate_id': 'senate-2026-MA:ed-markey', 'candidate_name': 'Ed Markey', 'ballot_party': 'D', 'caucus': 'D', 'raw_share': 56.0, 'undecided': None, 'other': None, 'candidate_set_version': 'race-scoped-candidate-set-v1', 'field_start': '2026-02-12', 'field_end': '2026-02-16', 'available_at': '2026-05-28', 'source_lineage': 'votehub-poll-lineage-v3', 'resolution_status': 'race_scoped'}, {'poll_id': 'vh-us-202uni06038789', 'study_id': 'vh-study-us-202uni06038789', 'race_id': 'senate-2026-MA', 'question_id': 'vh-us-202uni06038789:q0', 'candidate_id': 'senate-2026-MA:john-deaton', 'candidate_name': 'John Deaton', 'ballot_party': 'R', 'caucus': 'R', 'raw_share': 27.0, 'undecided': None, 'other': None, 'candidate_set_version': 'race-scoped-candidate-set-v1', 'field_start': '2026-02-12', 'field_end': '2026-02-16', 'available_at': '2026-05-28', 'source_lineage': 'votehub-poll-lineage-v3', 'resolution_status': 'race_scoped'}]",0.0,True
vh-us-202unide9784b7,vh-study-us-202unide9784b7,1,University of New Hampshire,none,https://scholars.unh.edu/survey_center_polls/945/,302566f11f240729185797e33a5339892902d57ba07fca7837b6923c872f67fd,2026-04-16,2026-04-20,2026-05-28,,2026-10-10T16:41:48.336232+00:00,2026-05-28,,2026-05-28,2026-04-20,senate-2026,US_SENATE,MA,senate-2026-MA,LV,603.0,,63.218,36.782,0.0,0.0,26.437,False,include,,votehub-ingest-v3-race-scoped-candidate-level,2026-10-10T16:41:48.336232+00:00,,state-usps-v1,votehub-candidate-matchup-v3-race-scoped,generic_two_way,,,en,1.0,True,False,,senate-2026-MA:ed-markey,Ed Markey,senate-2026-MA:john-deaton,John Deaton,senate-2026:MA:senate-2026-MA:ed-markey|senate-2026-MA:john-deaton,False,senate-2026-MA:ed-markey,Ed Markey,D,senate-2026-MA:john-deaton,John Deaton,R,63.218,36.782,26.437,26.437,dem_minus_rep_two_party,,,,0.55,0.0,2.2,,prior_default,Ed Markey,John Deaton,Northeast,"[{'poll_id': 'vh-us-202unide9784b7', 'study_id': 'vh-study-us-202unide9784b7', 'race_id': 'senate-2026-MA', 'question_id': 'vh-us-202unide9784b7:q0', 'candidate_id': 'senate-2026-MA:ed-markey', 'candidate_name': 'Ed Markey', 'ballot_party': 'D', 'caucus': 'D', 'raw_share': 55.0, 'undecided': None, 'other': None, 'candidate_set_version': 'race-scoped-candidate-set-v1', 'field_start': '2026-04-16', 'field_end': '2026-04-20', 'available_at': '2026-05-28', 'source_lineage': 'votehub-poll-lineage-v3', 'resolution_status': 'race_scoped'}, {'poll_id': 'vh-us-202unide9784b7', 'study_id': 'vh-study-us-202unide9784b7', 'race_id': 'senate-2026-MA', 'question_id': 'vh-us-202unide9784b7:q0', 'candidate_id': 'senate-2026-MA:john-deaton', 'candidate_name': 'John Deaton', 'ballot_party': 'R', 'caucus': 'R', 'raw_share': 32.0, 'undecided': None, 'other': None, 'candidate_set_version': 'race-scoped-candidate-set-v1', 'field_start': '2026-04-16', 'field_end': '2026-04-20', 'available_at': '2026-05-28', 'source_lineage': 'votehub-poll-lineage-v3', 'resolution_status': 'race_scoped'}]",0.0,True
vh-us-202grae15a8aed,vh-study-us-202grae15a8aed,1,GrayHouse,America One Policies,https://www.grayhouse.com/post/ar-senate,78c29b6b151716d1ce8aa8f9cad24695e71113cab147782f76efa482987deaaf,2026-02-07,2026-02-09,2026-05-28,,2026-10-10T16:41:48.336232+00:00,2026-05-28,,2026-05-28,2026-02-09,senate-2026,US_SENATE,AR,senate-2026-AR,LV,550.0,,38.298,61.702,0.0,0.0,-23.404,True,include,,votehub-ingest-v3-race-scoped-candidate-level,2026-10-10T16:41:48.336232+00:00,,state-usps-v1,votehub-candidate-matchup-v3-race-scoped,generic_two_way,,,en,1.0,True,False,,senate-2026-AR:hallie-shoffner,Hallie Shoffner,senate-2026-AR:tom-cotton,Tom Cotton,senate-2026:AR:senate-2026-AR:hallie-shoffner|senate-2026-AR:tom-cotton,False,senate-2026-AR:hallie-shoffner,Hallie Shoffner,D,senate-2026-AR:tom-cotton,Tom Cotton,R,38.298,61.702,-23.404,-23.404,dem_minus_rep_two_party,,,,0.55,0.0,2.2,,prior_default,Hallie Shoffner,Tom Cotton,South,"[{'poll_id': 'vh-us-202grae15a8aed', 'study_id': 'vh-study-us-202grae15a8aed', 'race_id': 'senate-2026-AR', 'question_id': 'vh-us-202grae15a8aed:q0', 'candidate_id': 'senate-2026-AR:tom-cotton', 'candidate_name': 'Tom Cotton', 'ballot_party': 'R', 'caucus': 'R', 'raw_share': 58.0, 'undecided': None, 'other': None, 'candidate_set_version': 'race-scoped-candidate-set-v1', 'field_start': '2026-02-07', 'field_end': '2026-02-09', 'available_at': '2026-05-28', 'source_lineage': 'votehub-poll-lineage-v3', 'resolution_status': 'race_scoped'}, {'poll_id': 'vh-us-202grae15a8aed', 'study_id': 'vh-study-us-202grae15a8aed', 'race_id': 'senate-2026-AR', 'question_id': 'vh-us-202grae15a8aed:q0', 'candidate_id': 'senate-2026-AR:hallie-shoffner', 'candidate_name': 'Hallie Shoffner', 'ballot_party': 'D', 'caucus': 'D', 'raw_share': 36.0, 'undecided': None, 'other': None, 'candidate_set_version': 'race-scoped-candidate-set-v1', 'field_start': '2026-02-07', 'field_end': '2026-02-09', 'available_at': '2026-05-28', 'source_lineage': 'votehub-poll-lineage-v3', 'resolution_status': 'race_scoped'}]",0.0,True
vh-us-202sli9f75fb57,vh-study-us-202sli9f75fb57,1,Slingshot Strategies,Texas Public Opinion Research,https://drive.google.com/file/d/1lCiaC7xw4VTmc2I4aHRZ-Pi3McLOwsrI/view,c1074c7c2edff0bffd2302af01c1590b396b16a2209b0cc456e09d1e86121612,2026-05-27,2026-05-28,2026-05-29,,2026-10-10T16:41:48.336232+00:00,2026-05-29,,2026-05-29,2026-05-28,senate-2026,US_SENATE,TX,senate-2026-TX,LV,1670.0,,51.613,48.387,0.0,0.0,3.226,True,include,,votehub-ingest-v3-race-scoped-candidate-level,2026-10-10T16:41:48.336232+00:00,,state-usps-v1,votehub-candidate-matchup-v3-race-scoped,generic_two_way,,,en,1.0,True,False,,senate-2026-TX:james-talarico,James Talarico,senate-2026-TX:ken-paxton,Ken Paxton,senate-2026:TX:senate-2026-TX:james-talarico|senate-2026-TX:ken-paxton,False,senate-2026-TX:james-talarico,James Talarico,D,senate-2026-TX:ken-paxton,Ken Paxton,R,51.613,48.387,3.226,3.226,dem_minus_rep_two_party,,,,0.4666666666666666,0.0,1.0,1.4,fivethirtyeight_pollster_ratings,James Talarico,Ken Paxton,South,"[{'poll_id': 'vh-us-202sli9f75fb57', 'study_id': 'vh-study-us-202sli9f75fb57', 'race_id': 'senate-2026-TX', 'question_id': 'vh-us-202sli9f75fb57:q0', 'candidate_id': 'senate-2026-TX:james-talarico', 'candidate_name': 'James Talarico', 'ballot_party': 'D', 'caucus': 'D', 'raw_share': 48.0, 'undecided': None, 'other': None, 'candidate_set_version': 'race-scoped-candidate-set-v1', 'field_start': '2026-05-27', 'field_end': '2026-05-28', 'available_at': '2026-05-29', 'source_lineage': 'votehub-poll-lineage-v3', 'resolution_status': 'race_scoped'}, {'poll_id': 'vh-us-202sli9f75fb57', 'study_id': 'vh-study-us-202sli9f75fb57', 'race_id': 'senate-2026-TX', 'question_id': 'vh-us-202sli9f75fb57:q0', 'candidate_id': 'senate-2026-TX:ken-paxton', 'candidate_name': 'Ken Paxton', 'ballot_party': 'R', 'caucus': 'R', 'raw_share': 45.0, 'undecided': None, 'other': None, 'candidate_set_version': 'race-scoped-candidate-set-v1', 'field_start': '2026-05-27', 'field_end': '2026-05-28', 'available_at': '2026-05-29', 'source_lineage': 'votehub-poll-lineage-v3', 'resolution_status': 'race_scoped'}]",0.0,True
vh-us-202bea6ef5bd7d,vh-study-us-202bea6ef5bd7d,1,Beacon-Shaw,Fox News,https://static.foxnews.com/foxnews.com/content/uploads/2026/06/fox_may-28-june-1-2026_complete_ohio_topline_june-3-release.pdf,612dd5ba79f36b62b7095314955395bfe1c555ee9b3ab49f10ae1b4941c77801,2026-05-28,2026-06-01,2026-06-03,,2026-10-10T16:41:48.336232+00:00,2026-06-03,,2026-06-03,2026-06-01,senate-2026,US_SENATE,OH,senate-2026-OH,RV,1015.0,,54.082,45.918,0.0,0.0,8.163,False,include,,votehub-ingest-v3-race-scoped-candidate-level,2026-10-10T16:41:48.336232+00:00,,state-usps-v1,votehub-candidate-matchup-v3-race-scoped,generic_two_way,,,en,1.0,True,False,,senate-2026-OH:sherrod-brown,Sherrod Brown,senate-2026-OH:jon-husted,Jon Husted,senate-2026:OH:senate-2026-OH:sherrod-brown|senate-2026-OH:jon-husted,False,senate-2026-OH:sherrod-brown,Sherrod Brown,D,senate-2026-OH:jon-husted,Jon Husted,R,54.082,45.918,8.163,8.163,dem_minus_rep_two_party,,,,0.88,0.62,2.0410000000000004,A,votehub_pollster_scorecards,Sherrod Brown,Jon Husted,Midwest,"[{'poll_id': 'vh-us-202bea6ef5bd7d', 'study_id': 'vh-study-us-202bea6ef5bd7d', 'race_id': 'senate-2026-OH', 'question_id': 'vh-us-202bea6ef5bd7d:q0', 'candidate_id': 'senate-2026-OH:sherrod-brown', 'candidate_name': 'Sherrod Brown', 'ballot_party': 'D', 'caucus': 'D', 'raw_share': 53.0, 'undecided': None, 'other': None, 'candidate_set_version': 'race-scoped-candidate-set-v1', 'field_start': '2026-05-28', 'field_end': '2026-06-01', 'available_at': '2026-06-03', 'source_lineage': 'votehub-poll-lineage-v3', 'resolution_status': 'race_scoped'}, {'poll_id': 'vh-us-202bea6ef5bd7d', 'study_id': 'vh-study-us-202bea6ef5bd7d', 'race_id': 'senate-2026-OH', 'question_id': 'vh-us-202bea6ef5bd7d:q0', 'candidate_id': 'senate-2026-OH:jon-husted', 'candidate_name': 'Jon Husted', 'ballot_party': 'R', 'caucus': 'R', 'raw_share': 45.0, 'undecided': None, 'other': None, 'candidate_set_version': 'race-scoped-candidate-set-v1', 'field_start': '2026-05-28', 'field_end': '2026-06-01', 'available_at': '2026-06-03', 'source_lineage': 'votehub-poll-lineage-v3', 'resolution_status': 'race_scoped'}]",0.0,True
vh-us-202tip59dfdfa0,vh-study-us-202tip59dfdfa0,1,TIPP,League of American Workers,https://tippinsights.com/league-of-american-workers-survey-michigan,cf59f4f564fc09324363aeacf2647a92cc89dbe99d88ebc04c46c976c8969824,2026-05-20,2026-05-23,2026-06-01,,2026-10-10T16:41:48.336232+00:00,2026-06-01,,2026-06-01,2026-05-23,senate-2026,US_SENATE,MI,senate-2026-MI,LV,1163.0,,50.588,49.412,0.0,0.0,1.176,True,include,,votehub-ingest-v3-race-scoped-candidate-level,2026-10-10T16:41:48.336232+00:00,,state-usps-v1,votehub-candidate-matchup-v3-race-scoped,generic_two_way,,,en,1.0,True,False,,senate-2026-MI:abdul-el-sayed,Abdul El-Sayed,senate-2026-MI:mike-rogers,Mike Rogers,senate-2026:MI:senate-2026-MI:abdul-el-sayed|senate-2026-MI:mike-rogers,False,senate-2026-MI:abdul-el-sayed,Abdul El-Sayed,D,senate-2026-MI:mike-rogers,Mike Rogers,R,50.588,49.412,1.176,1.176,dem_minus_rep_two_party,,,,0.52,0.24,2.448,C,votehub_pollster_scorecards,Abdul El-Sayed,Mike Rogers,Midwest,"[{'poll_id': 'vh-us-202tip59dfdfa0', 'study_id': 'vh-study-us-202tip59dfdfa0', 'race_id': 'senate-2026-MI', 'question_id': 'vh-us-202tip59dfdfa0:q0', 'candidate_id': 'senate-2026-MI:abdul-el-sayed', 'candidate_name': 'Abdul El-Sayed', 'ballot_party': 'D', 'caucus': 'D', 'raw_share': 43.0, 'undecided': None, 'other': None, 'candidate_set_version': 'race-scoped-candidate-set-v1', 'field_start': '2026-05-20', 'field_end': '2026-05-23', 'available_at': '2026-06-01', 'source_lineage': 'votehub-poll-lineage-v3', 'resolution_status': 'race_scoped'}, {'poll_id': 'vh-us-202tip59dfdfa0', 'study_id': 'vh-study-us-202tip59dfdfa0', 'race_id': 'senate-2026-MI', 'question_id': 'vh-us-202tip59dfdfa0:q0', 'candidate_id': 'senate-2026-MI:mike-rogers', 'candidate_name': 'Mike Rogers', 'ballot_party': 'R', 'caucus': 'R', 'raw_share': 42.0, 'undecided': None, 'other': None, 'candidate_set_version': 'race-scoped-candidate-set-v1', 'field_start': '2026-05-20', 'field_end': '2026-05-23', 'available_at': '2026-06-01', 'source_lineage': 'votehub-poll-lineage-v3', 'resolution_status': 'race_scoped'}]",0.0,True
vh-us-202tip6d4d41d9,vh-study-us-202tip6d4d41d9,1,TIPP,League of American Workers,https://tippinsights.com/league-of-american-workers-survey-michigan,cc574409b4b95071f5e6331d5aa1e852dc858e8b8f8e1ce97278a6ad9005692b,2026-05-20,2026-05-23,2026-06-01,,2026-10-10T16:41:48.336232+00:00,2026-06-01,,2026-06-01,2026-05-23,senate-2026,US_SENATE,MI,senate-2026-MI,RV,1456.0,,50.0,50.0,0.0,0.0,0.0,True,include,,votehub-ingest-v3-race-scoped-candidate-level,2026-10-10T16:41:48.336232+00:00,,state-usps-v1,votehub-candidate-matchup-v3-race-scoped,generic_two_way,,,en,1.0,True,False,,senate-2026-MI:abdul-el-sayed,Abdul El-Sayed,senate-2026-MI:mike-rogers,Mike Rogers,senate-2026:MI:senate-2026-MI:abdul-el-sayed|senate-2026-MI:mike-rogers,False,senate-2026-MI:abdul-el-sayed,Abdul El-Sayed,D,senate-2026-MI:mike-rogers,Mike Rogers,R,50.0,50.0,0.0,0.0,dem_minus_rep_two_party,,,,0.52,0.24,2.448,C,votehub_pollster_scorecards,Abdul El-Sayed,Mike Rogers,Midwest,"[{'poll_id': 'vh-us-202tip6d4d41d9', 'study_id': 'vh-study-us-202tip6d4d41d9', 'race_id': 'senate-2026-MI', 'question_id': 'vh-us-202tip6d4d41d9:q0', 'candidate_id': 'senate-2026-MI:abdul-el-sayed', 'candidate_name': 'Abdul El-Sayed', 'ballot_party': 'D', 'caucus': 'D', 'raw_share': 40.0, 'undecided': None, 'other': None, 'candidate_set_version': 'race-scoped-candidate-set-v1', 'field_start': '2026-05-20', 'field_end': '2026-05-23', 'available_at': '2026-06-01', 'source_lineage': 'votehub-poll-lineage-v3', 'resolution_status': 'race_scoped'}, {'poll_id': 'vh-us-202tip6d4d41d9', 'study_id': 'vh-study-us-202tip6d4d41d9', 'race_id': 'senate-2026-MI', 'question_id': 'vh-us-202tip6d4d41d9:q0', 'candidate_id': 'senate-2026-MI:mike-rogers', 'candidate_name': 'Mike Rogers', 'ballot_party': 'R', 'caucus': 'R', 'raw_share': 40.0, 'undecided': None, 'other': None, 'candidate_set_version': 'race-scoped-candidate-set-v1', 'field_start': '2026-05-20', 'field_end': '2026-05-23', 'available_at': '2026-06-01', 'source_lineage': 'votehub-poll-lineage-v3', 'resolution_status': 'race_scoped'}]",0.0,True
vh-us-202qua6b878295,vh-study-us-202qua6b878295,1,Quantus Insights,none,https://drive.google.com/file/d/1U-DMOuPcsD0P-B5F_m-rfw3Bv1yXSeS7/view?usp=sharing,ce2e44dc38f5f432df39c22d675cf987d6725929244cd63b1a92c303ccb069d5,2026-06-03,2026-06-04,2026-06-06,,2026-10-10T16:41:48.336232+00:00,2026-06-06,,2026-06-06,2026-06-04,senate-2026,US_SENATE,TX,senate-2026-TX,LV,800.0,,48.864,51.136,0.0,0.0,-2.273,False,include,,votehub-ingest-v3-race-scoped-candidate-level,2026-10-10T16:41:48.336232+00:00,,state-usps-v1,votehub-candidate-matchup-v3-race-scoped,generic_two_way,,,en,1.0,True,False,,senate-2026-TX:james-talarico,James Talarico,senate-2026-TX:ken-paxton,Ken Paxton,senate-2026:TX:senate-2026-TX:james-talarico|senate-2026-TX:ken-paxton,False,senate-2026-TX:james-talarico,James Talarico,D,senate-2026-TX:ken-paxton,Ken Paxton,R,48.864,51.136,-2.273,-2.273,dem_minus_rep_two_party,,,,0.72,-0.96,2.184,B,votehub_pollster_scorecards,James Talarico,Ken Paxton,South,"[{'poll_id': 'vh-us-202qua6b878295', 'study_id': 'vh-study-us-202qua6b878295', 'race_id': 'senate-2026-TX', 'question_id': 'vh-us-202qua6b878295:q0', 'candidate_id': 'senate-2026-TX:james-talarico', 'candidate_name': 'James Talarico', 'ballot_party': 'D', 'caucus': 'D', 'raw_share': 43.0, 'undecided': None, 'other': None, 'candidate_set_version': 'race-scoped-candidate-set-v1', 'field_start': '2026-06-03', 'field_end': '2026-06-04', 'available_at': '2026-06-06', 'source_lineage': 'votehub-poll-lineage-v3', 'resolution_status': 'race_scoped'}, {'poll_id': 'vh-us-202qua6b878295', 'study_id': 'vh-study-us-202qua6b878295', 'race_id': 'senate-2026-TX', 'question_id': 'vh-us-202qua6b878295:q0', 'candidate_id': 'senate-2026-TX:ken-paxton', 'candidate_name': 'Ken Paxton', 'ballot_party': 'R', 'caucus': 'R', 'raw_share': 45.0, 'undecided': None, 'other': None, 'candidate_set_version': 'race-scoped-candidate-set-v1', 'field_start': '2026-06-03', 'field_end': '2026-06-04', 'available_at': '2026-06-06', 'source_lineage': 'votehub-poll-lineage-v3', 'resolution_status': 'race_scoped'}]",0.0,True
vh-us-202rec22b1c62b,vh-study-us-202rec22b1c62b,1,Siena-NYT,Texas A&M University Bush School of Government & Public Service,https://reconmr.com/wp-content/uploads/2026/06/TXPLV-Crosstabs-1.pdf,1ee8b96b835039271acdd656b99969cb864510f2af41953e7e41e57a0c67bb7c,2026-06-01,2026-06-04,2026-06-09,,2026-10-10T16:41:48.336232+00:00,2026-06-09,,2026-06-09,2026-06-04,senate-2026,US_SENATE,TX,senate-2026-TX,LV,807.0,,51.648,48.352,0.0,0.0,3.297,False,include,,votehub-ingest-v3-race-scoped-candidate-level,2026-10-10T16:41:48.336232+00:00,,state-usps-v1,votehub-candidate-matchup-v3-race-scoped,generic_two_way,,,en,1.0,True,False,,senate-2026-TX:james-talarico,James Talarico,senate-2026-TX:ken-paxton,Ken Paxton,senate-2026:TX:senate-2026-TX:james-talarico|senate-2026-TX:ken-paxton,False,senate-2026-TX:james-talarico,James Talarico,D,senate-2026-TX:ken-paxton,Ken Paxton,R,51.648,48.352,3.297,3.297,dem_minus_rep_two_party,,,,0.88,0.44,2.14,A,votehub_pollster_scorecards,James Talarico,Ken Paxton,South,"[{'poll_id': 'vh-us-202rec22b1c62b', 'study_id': 'vh-study-us-202rec22b1c62b', 'race_id': 'senate-2026-TX', 'question_id': 'vh-us-202rec22b1c62b:q0', 'candidate_id': 'senate-2026-TX:james-talarico', 'candidate_name': 'James Talarico', 'ballot_party': 'D', 'caucus': 'D', 'raw_share': 47.0, 'undecided': None, 'other': None, 'candidate_set_version': 'race-scoped-candidate-set-v1', 'field_start': '2026-06-01', 'field_end': '2026-06-04', 'available_at': '2026-06-09', 'source_lineage': 'votehub-poll-lineage-v3', 'resolution_status': 'race_scoped'}, {'poll_id': 'vh-us-202rec22b1c62b', 'study_id': 'vh-study-us-202rec22b1c62b', 'race_id': 'senate-2026-TX', 'question_id': 'vh-us-202rec22b1c62b:q0', 'candidate_id': 'senate-2026-TX:ken-paxton', 'candidate_name': 'Ken Paxton', 'ballot_party': 'R', 'caucus': 'R', 'raw_share': 44.0, 'undecided': None, 'other': None, 'candidate_set_version': 'race-scoped-candidate-set-v1', 'field_start': '2026-06-01', 'field_end': '2026-06-04', 'available_at': '2026-06-09', 'source_lineage': 'votehub-poll-lineage-v3', 'resolution_status': 'race_scoped'}]",0.0,True
vh-us-202pub957d3bcc,vh-study-us-202pub957d3bcc,1,Public Policy Polling,Democratic Senatorial Campaign Committee,https://www.politico.com/newsletters/playbook/2026/06/08/ron-klain-picks-his-2028-horse-00953194,d323b0645904b733607a8a7ac5c556fee8b46d756095e12dd4a0464b439404d8,2026-06-03,2026-06-04,2026-06-09,,2026-10-10T16:41:48.336232+00:00,2026-06-09,,2026-06-09,2026-06-04,senate-2026,US_SENATE,IA,senate-2026-IA,RV,557.0,,50.0,50.0,0.0,0.0,0.0,True,include,,votehub-ingest-v3-race-scoped-candidate-level,2026-10-10T16:41:48.336232+00:00,,state-usps-v1,votehub-candidate-matchup-v3-race-scoped,generic_two_way,,,en,1.0,True,False,,senate-2026-IA:josh-turek,Josh Turek,senate-2026-IA:ashley-hinson,Ashley Hinson,senate-2026:IA:senate-2026-IA:josh-turek|senate-2026-IA:ashley-hinson,False,senate-2026-IA:josh-turek,Josh Turek,D,senate-2026-IA:ashley-hinson,Ashley Hinson,R,50.0,50.0,0.0,0.0,dem_minus_rep_two_party,,,,0.4666666666666666,0.0,1.0,1.4,fivethirtyeight_pollster_ratings,Josh Turek,Ashley Hinson,Midwest,"[{'poll_id': 'vh-us-202pub957d3bcc', 'study_id': 'vh-study-us-202pub957d3bcc', 'race_id': 'senate-2026-IA', 'question_id': 'vh-us-202pub957d3bcc:q0', 'candidate_id': 'senate-2026-IA:josh-turek', 'candidate_name': 'Josh Turek', 'ballot_party': 'D', 'caucus': 'D', 'raw_share': 46.0, 'undecided': None, 'other': None, 'candidate_set_version': 'race-scoped-candidate-set-v1', 'field_start': '2026-06-03', 'field_end': '2026-06-04', 'available_at': '2026-06-09', 'source_lineage': 'votehub-poll-lineage-v3', 'resolution_status': 'race_scoped'}, {'poll_id': 'vh-us-202pub957d3bcc', 'study_id': 'vh-study-us-202pub957d3bcc', 'race_id': 'senate-2026-IA', 'question_id': 'vh-us-202pub957d3bcc:q0', 'candidate_id': 'senate-2026-IA:ashley-hinson', 'candidate_name': 'Ashley Hinson', 'ballot_party': 'R', 'caucus': 'R', 'raw_share': 46.0, 'undecided': None, 'other': None, 'candidate_set_version': 'race-scoped-candidate-set-v1', 'field_start': '2026-06-03', 'field_end': '2026-06-04', 'available_at': '2026-06-09', 'source_lineage': 'votehub-poll-lineage-v3', 'resolution_status': 'race_scoped'}]",0.0,True
vh-us-202tul3efe64f6,vh-study-us-202tul3efe64f6,1,Tulchin Research,Fighting for Michigan PAC,https://drive.google.com/file/d/15KbOIW_L4iGdkgIbMWDr2m80N0ZUr3d3/view,09c2c364f4f8963a4cdef48acc7f2f8bf4f91af4cc8ecb5377f26b114ed4e31f,2026-06-02,2026-06-04,2026-06-12,,2026-10-10T16:41:48.336232+00:00,2026-06-12,,2026-06-12,2026-06-04,senate-2026,US_SENATE,MI,senate-2026-MI,LV,500.0,,52.874,47.126,0.0,0.0,5.747,True,include,,votehub-ingest-v3-race-scoped-candidate-level,2026-10-10T16:41:48.336232+00:00,,state-usps-v1,votehub-candidate-matchup-v3-race-scoped,generic_two_way,,,en,1.0,True,False,,senate-2026-MI:abdul-el-sayed,Abdul El-Sayed,senate-2026-MI:mike-rogers,Mike Rogers,senate-2026:MI:senate-2026-MI:abdul-el-sayed|senate-2026-MI:mike-rogers,False,senate-2026-MI:abdul-el-sayed,Abdul El-Sayed,D,senate-2026-MI:mike-rogers,Mike Rogers,R,52.874,47.126,5.747,5.747,dem_minus_rep_two_party,,,,0.3,0.0,2.2,0.9,fivethirtyeight_pollster_ratings,Abdul El-Sayed,Mike Rogers,Midwest,"[{'poll_id': 'vh-us-202tul3efe64f6', 'study_id': 'vh-study-us-202tul3efe64f6', 'race_id': 'senate-2026-MI', 'question_id': 'vh-us-202tul3efe64f6:q0', 'candidate_id': 'senate-2026-MI:abdul-el-sayed', 'candidate_name': 'Abdul El-Sayed', 'ballot_party': 'D', 'caucus': 'D', 'raw_share': 46.0, 'undecided': None, 'other': None, 'candidate_set_version': 'race-scoped-candidate-set-v1', 'field_start': '2026-06-02', 'field_end': '2026-06-04', 'available_at': '2026-06-12', 'source_lineage': 'votehub-poll-lineage-v3', 'resolution_status': 'race_scoped'}, {'poll_id': 'vh-us-202tul3efe64f6', 'study_id': 'vh-study-us-202tul3efe64f6', 'race_id': 'senate-2026-MI', 'question_id': 'vh-us-202tul3efe64f6:q0', 'candidate_id': 'senate-2026-MI:mike-rogers', 'candidate_name': 'Mike Rogers', 'ballot_party': 'R', 'caucus': 'R', 'raw_share': 41.0, 'undecided': None, 'other': None, 'candidate_set_version': 'race-scoped-candidate-set-v1', 'field_start': '2026-06-02', 'field_end': '2026-06-04', 'available_at': '2026-06-12', 'source_lineage': 'votehub-poll-lineage-v3', 'resolution_status': 'race_scoped'}]",0.0,True
vh-us-202uni64743a1f,vh-study-us-202uni64743a1f,1,University of New Hampshire,none,https://scholars.unh.edu/survey_center_polls/944/,62dd085b525d327a758ebb5ed6dcc405c30929a0199e30a8f56b93b41a36913f,2026-04-17,2026-04-21,2026-06-12,,2026-10-10T16:41:48.336232+00:00,2026-06-12,,2026-06-12,2026-04-21,senate-2026,US_SENATE,NH,senate-2026-NH,LV,1295.0,,53.846,46.154,0.0,0.0,7.692,False,include,,votehub-ingest-v3-race-scoped-candidate-level,2026-10-10T16:41:48.336232+00:00,,state-usps-v1,votehub-candidate-matchup-v3-race-scoped,generic_two_way,,,en,1.0,True,False,,senate-2026-NH:chris-pappas,Chris Pappas,senate-2026-NH:john-sununu,John Sununu,senate-2026:NH:senate-2026-NH:chris-pappas|senate-2026-NH:john-sununu,False,senate-2026-NH:chris-pappas,Chris Pappas,D,senate-2026-NH:john-sununu,John Sununu,R,53.846,46.154,7.692,7.692,dem_minus_rep_two_party,,,,0.55,0.0,2.2,,prior_default,Chris Pappas,John Sununu,Northeast,"[{'poll_id': 'vh-us-202uni64743a1f', 'study_id': 'vh-study-us-202uni64743a1f', 'race_id': 'senate-2026-NH', 'question_id': 'vh-us-202uni64743a1f:q0', 'candidate_id': 'senate-2026-NH:chris-pappas', 'candidate_name': 'Chris Pappas', 'ballot_party': 'D', 'caucus': 'D', 'raw_share': 49.0, 'undecided': None, 'other': None, 'candidate_set_version': 'race-scoped-candidate-set-v1', 'field_start': '2026-04-17', 'field_end': '2026-04-21', 'available_at': '2026-06-12', 'source_lineage': 'votehub-poll-lineage-v3', 'resolution_status': 'race_scoped'}, {'poll_id': 'vh-us-202uni64743a1f', 'study_id': 'vh-study-us-202uni64743a1f', 'race_id': 'senate-2026-NH', 'question_id': 'vh-us-202uni64743a1f:q0', 'candidate_id': 'senate-2026-NH:john-sununu', 'candidate_name': 'John Sununu', 'ballot_party': 'R', 'caucus': 'R', 'raw_share': 42.0, 'undecided': None, 'other': None, 'candidate_set_version': 'race-scoped-candidate-set-v1', 'field_start': '2026-04-17', 'field_end': '2026-04-21', 'available_at': '2026-06-12', 'source_lineage': 'votehub-poll-lineage-v3', 'resolution_status': 'race_scoped'}]",0.0,True
vh-us-202harca09238f,vh-study-us-202harca09238f,1,Harper Polling,Carolina Journal,https://www.carolinajournal.com/wp-content/uploads/2026/03/H23758-CJ-NC-Mar26-Toplines.pdf,ee6856c9632983944b4d32fd386d767de55bf76f139cfecfe83839b12b4b7114,2026-03-22,2026-03-23,2026-06-15,,2026-10-10T16:41:48.336232+00:00,2026-06-15,,2026-06-15,2026-03-23,senate-2026,US_SENATE,NC,senate-2026-NC,LV,600.0,,54.333,45.667,0.0,0.0,8.667,False,include,,votehub-ingest-v3-race-scoped-candidate-level,2026-10-10T16:41:48.336232+00:00,,state-usps-v1,votehub-candidate-matchup-v3-race-scoped,generic_two_way,,,en,1.0,True,False,,senate-2026-NC:roy-cooper,Roy Cooper,senate-2026-NC:michael-whatley,Michael Whatley,senate-2026:NC:senate-2026-NC:roy-cooper|senate-2026-NC:michael-whatley,False,senate-2026-NC:roy-cooper,Roy Cooper,D,senate-2026-NC:michael-whatley,Michael Whatley,R,54.333,45.667,8.667,8.667,dem_minus_rep_two_party,,,,0.55,0.0,2.2,,fivethirtyeight_pollster_ratings,Roy Cooper,Michael Whatley,South,"[{'poll_id': 'vh-us-202harca09238f', 'study_id': 'vh-study-us-202harca09238f', 'race_id': 'senate-2026-NC', 'question_id': 'vh-us-202harca09238f:q0', 'candidate_id': 'senate-2026-NC:roy-cooper', 'candidate_name': 'Roy Cooper', 'ballot_party': 'D', 'caucus': 'D', 'raw_share': 48.9, 'undecided': None, 'other': None, 'candidate_set_version': 'race-scoped-candidate-set-v1', 'field_start': '2026-03-22', 'field_end': '2026-03-23', 'available_at': '2026-06-15', 'source_lineage': 'votehub-poll-lineage-v3', 'resolution_status': 'race_scoped'}, {'poll_id': 'vh-us-202harca09238f', 'study_id': 'vh-study-us-202harca09238f', 'race_id': 'senate-2026-NC', 'question_id': 'vh-us-202harca09238f:q0', 'candidate_id': 'senate-2026-NC:michael-whatley', 'candidate_name': 'Michael Whatley', 'ballot_party': 'R', 'caucus': 'R', 'raw_share': 41.1, 'undecided': None, 'other': None, 'candidate_set_version': 'race-scoped-candidate-set-v1', 'field_start': '2026-03-22', 'field_end': '2026-03-23', 'available_at': '2026-06-15', 'source_lineage': 'votehub-poll-lineage-v3', 'resolution_status': 'race_scoped'}]",0.0,True
vh-us-202ala3352af00,vh-study-us-202ala3352af00,1,Alaska Survey Research,none,https://bsky.app/profile/alaskasurvey.bsky.social/post/3mo4ifkz3tc25,676badf6e8108aa3c50ad3a96c8c8a834c8a5bd60366daf19c4ed261ce14e2ce,2026-06-04,2026-06-07,2026-06-15,,2026-10-10T16:41:48.336232+00:00,2026-06-15,,2026-06-15,2026-06-07,senate-2026,US_SENATE,AK,senate-2026-AK,LV,1393.0,,52.778,47.222,0.0,6.4,5.556,False,include,,votehub-ingest-v3-race-scoped-candidate-level,2026-10-10T16:41:48.336232+00:00,,state-usps-v1,votehub-candidate-matchup-v3-race-scoped,generic_two_way,,,en,1.0,True,True,,senate-2026-AK:mary-peltola,Mary Peltola,senate-2026-AK:dan-s-sullivan,Dan Sullivan,senate-2026:AK:senate-2026-AK:mary-peltola|senate-2026-AK:dan-s-sullivan,False,senate-2026-AK:mary-peltola,Mary Peltola,D,senate-2026-AK:dan-s-sullivan,Dan Sullivan,R,52.778,47.222,5.556,5.556,dem_minus_rep_two_party,,,,0.6333333333333333,0.0,2.2,1.9,fivethirtyeight_pollster_ratings,Mary Peltola,Dan Sullivan,West,"[{'poll_id': 'vh-us-202ala3352af00', 'study_id': 'vh-study-us-202ala3352af00', 'race_id': 'senate-2026-AK', 'question_id': 'vh-us-202ala3352af00:q0', 'candidate_id': 'senate-2026-AK:mary-peltola', 'candidate_name': 'Mary Peltola', 'ballot_party': 'D', 'caucus': 'D', 'raw_share': 49.4, 'undecided': None, 'other': None, 'candidate_set_version': 'race-scoped-candidate-set-v1', 'field_start': '2026-06-04', 'field_end': '2026-06-07', 'available_at': '2026-06-15', 'source_lineage': 'votehub-poll-lineage-v3', 'resolution_status': 'race_scoped'}, {'poll_id': 'vh-us-202ala3352af00', 'study_id': 'vh-study-us-202ala3352af00', 'race_id': 'senate-2026-AK', 'question_id': 'vh-us-202ala3352af00:q0', 'candidate_id': 'senate-2026-AK:dan-s-sullivan', 'candidate_name': 'Dan Sullivan', 'ballot_party': 'R', 'caucus': 'R', 'raw_share': 44.2, 'undecided': None, 'other': None, 'candidate_set_version': 'race-scoped-candidate-set-v1', 'field_start': '2026-06-04', 'field_end': '2026-06-07', 'available_at': '2026-06-15', 'source_lineage': 'votehub-poll-lineage-v3', 'resolution_status': 'race_scoped'}, {'poll_id': 'vh-us-202ala3352af00', 'study_id': 'vh-study-us-202ala3352af00', 'race_id': 'senate-2026-AK', 'question_id': 'vh-us-202ala3352af00:q0', 'candidate_id': None, 'candidate_name': 'Gerald Heikes', 'ballot_party': None, 'caucus': None, 'raw_share': 3.7, 'undecided': None, 'other': None, 'candidate_set_version': 'race-scoped-candidate-set-v1', 'field_start': '2026-06-04', 'field_end': '2026-06-07', 'available_at': '2026-06-15', 'source_lineage': 'votehub-poll-lineage-v3', 'resolution_status': 'unresolved_fail_closed'}, {'poll_id': 'vh-us-202ala3352af00', 'study_id': 'vh-study-us-202ala3352af00', 'race_id': 'senate-2026-AK', 'question_id': 'vh-us-202ala3352af00:q0', 'candidate_id': None, 'candidate_name': 'Dustin Darden', 'ballot_party': None, 'caucus': None, 'raw_share': 2.7, 'undecided': None, 'other': None, 'candidate_set_version': 'race-scoped-candidate-set-v1', 'field_start': '2026-06-04', 'field_end': '2026-06-07', 'available_at': '2026-06-15', 'source_lineage': 'votehub-poll-lineage-v3', 'resolution_status': 'unresolved_fail_closed'}]",0.0,True
vh-us-202datff65423b,vh-study-us-202datff65423b,1,Data for Progress,none,https://www.dataforprogress.org/blog/2025/10/31/in-the-midst-of-a-health-care-and-affordability-crisis-in-alaska-peltola-and-begich-lead-their-races,812195e2866d5906a518772fdd49af430e990e87e862760deee81a7a63c57979,2025-10-17,2025-10-23,2026-06-15,,2026-10-10T16:41:48.336232+00:00,2026-06-15,,2026-06-15,2025-10-23,senate-2026,US_SENATE,AK,senate-2026-AK,LV,823.0,,50.549,49.451,0.0,0.0,1.099,True,include,,votehub-ingest-v3-race-scoped-candidate-level,2026-10-10T16:41:48.336232+00:00,,state-usps-v1,votehub-candidate-matchup-v3-race-scoped,generic_two_way,,,en,1.0,True,False,,senate-2026-AK:mary-peltola,Mary Peltola,senate-2026-AK:dan-s-sullivan,Dan Sullivan,senate-2026:AK:senate-2026-AK:mary-peltola|senate-2026-AK:dan-s-sullivan,False,senate-2026-AK:mary-peltola,Mary Peltola,D,senate-2026-AK:dan-s-sullivan,Dan Sullivan,R,50.549,49.451,1.099,1.099,dem_minus_rep_two_party,,,,0.72,-0.04,2.14,B,votehub_pollster_scorecards,Mary Peltola,Dan Sullivan,West,"[{'poll_id': 'vh-us-202datff65423b', 'study_id': 'vh-study-us-202datff65423b', 'race_id': 'senate-2026-AK', 'question_id': 'vh-us-202datff65423b:q0', 'candidate_id': 'senate-2026-AK:mary-peltola', 'candidate_name': 'Mary Peltola', 'ballot_party': 'D', 'caucus': 'D', 'raw_share': 46.0, 'undecided': None, 'other': None, 'candidate_set_version': 'race-scoped-candidate-set-v1', 'field_start': '2025-10-17', 'field_end': '2025-10-23', 'available_at': '2026-06-15', 'source_lineage': 'votehub-poll-lineage-v3', 'resolution_status': 'race_scoped'}, {'poll_id': 'vh-us-202datff65423b', 'study_id': 'vh-study-us-202datff65423b', 'race_id': 'senate-2026-AK', 'question_id': 'vh-us-202datff65423b:q0', 'candidate_id': 'senate-2026-AK:dan-s-sullivan', 'candidate_name': 'Dan Sullivan', 'ballot_party': 'R', 'caucus': 'R', 'raw_share': 45.0, 'undecided': None, 'other': None, 'candidate_set_version': 'race-scoped-candidate-set-v1', 'field_start': '2025-10-17', 'field_end': '2025-10-23', 'available_at': '2026-06-15', 'source_lineage': 'votehub-poll-lineage-v3', 'resolution_status': 'race_scoped'}]",0.0,True
vh-us-202alab987738a,vh-study-us-202alab987738a,1,Alaska Survey Research,none,https://x.com/PollTracker2024/status/2059342641041473797,87639c2d7c83d16407c9a34e7ad12059d1f2f17ac7a70251087533786c052235,2026-05-14,2026-05-17,2026-06-15,,2026-10-10T16:41:48.336232+00:00,2026-06-15,,2026-06-15,2026-05-17,senate-2026,US_SENATE,AK,senate-2026-AK,LV,1401.0,,52.495,47.505,0.0,7.8,4.989,False,include,,votehub-ingest-v3-race-scoped-candidate-level,2026-10-10T16:41:48.336232+00:00,,state-usps-v1,votehub-candidate-matchup-v3-race-scoped,generic_two_way,,,en,1.0,True,True,,senate-2026-AK:mary-peltola,Mary Peltola,senate-2026-AK:dan-s-sullivan,Dan Sullivan,senate-2026:AK:senate-2026-AK:mary-peltola|senate-2026-AK:dan-s-sullivan,False,senate-2026-AK:mary-peltola,Mary Peltola,D,senate-2026-AK:dan-s-sullivan,Dan Sullivan,R,52.495,47.505,4.989,4.989,dem_minus_rep_two_party,,,,0.6333333333333333,0.0,2.2,1.9,fivethirtyeight_pollster_ratings,Mary Peltola,Dan Sullivan,West,"[{'poll_id': 'vh-us-202alab987738a', 'study_id': 'vh-study-us-202alab987738a', 'race_id': 'senate-2026-AK', 'question_id': 'vh-us-202alab987738a:q0', 'candidate_id': 'senate-2026-AK:mary-peltola', 'candidate_name': 'Mary Peltola', 'ballot_party': 'D', 'caucus': 'D', 'raw_share': 48.4, 'undecided': None, 'other': None, 'candidate_set_version': 'race-scoped-candidate-set-v1', 'field_start': '2026-05-14', 'field_end': '2026-05-17', 'available_at': '2026-06-15', 'source_lineage': 'votehub-poll-lineage-v3', 'resolution_status': 'race_scoped'}, {'poll_id': 'vh-us-202alab987738a', 'study_id': 'vh-study-us-202alab987738a', 'race_id': 'senate-2026-AK', 'question_id': 'vh-us-202alab987738a:q0', 'candidate_id': 'senate-2026-AK:dan-s-sullivan', 'candidate_name': 'Dan Sullivan', 'ballot_party': 'R', 'caucus': 'R', 'raw_share': 43.8, 'undecided': None, 'other': None, 'candidate_set_version': 'race-scoped-candidate-set-v1', 'field_start': '2026-05-14', 'field_end': '2026-05-17', 'available_at': '2026-06-15', 'source_lineage': 'votehub-poll-lineage-v3', 'resolution_status': 'race_scoped'}, {'poll_id': 'vh-us-202alab987738a', 'study_id': 'vh-study-us-202alab987738a', 'race_id': 'senate-2026-AK', 'question_id': 'vh-us-202alab987738a:q0', 'candidate_id': None, 'candidate_name': 'Dustin Darden', 'ballot_party': None, 'caucus': None, 'raw_share': 5.1, 'undecided': None, 'other': None, 'candidate_set_version': 'race-scoped-candidate-set-v1', 'field_start': '2026-05-14', 'field_end': '2026-05-17', 'available_at': '2026-06-15', 'source_lineage': 'votehub-poll-lineage-v3', 'resolution_status': 'unresolved_fail_closed'}, {'poll_id': 'vh-us-202alab987738a', 'study_id': 'vh-study-us-202alab987738a', 'race_id': 'senate-2026-AK', 'question_id': 'vh-us-202alab987738a:q0', 'candidate_id': None, 'candidate_name': 'Gerald Heikes', 'ballot_party': None, 'caucus': None, 'raw_share': 2.7, 'undecided': None, 'other': None, 'candidate_set_version': 'race-scoped-candidate-set-v1', 'field_start': '2026-05-14', 'field_end': '2026-05-17', 'available_at': '2026-06-15', 'source_lineage': 'votehub-poll-lineage-v3', 'resolution_status': 'unresolved_fail_closed'}]",0.0,True
vh-us-202alaaac6776a,vh-study-us-202alaaac6776a,1,Alaska Survey Research,none,https://www.documentcloud.org/documents/26071481-ak-sen-alaska-survey-research-d/,47bb17c3a312b1aa306780f432f8d3310d879b1839cdbdfc364b6ddabfb06d45,2025-07-29,2025-08-01,2026-06-15,,2026-10-10T16:41:48.336232+00:00,2026-06-15,,2026-06-15,2025-08-01,senate-2026,US_SENATE,AK,senate-2026-AK,LV,1613.0,,47.646,52.354,0.0,0.0,-4.709,False,include,,votehub-ingest-v3-race-scoped-candidate-level,2026-10-10T16:41:48.336232+00:00,,state-usps-v1,votehub-candidate-matchup-v3-race-scoped,generic_two_way,,,en,1.0,True,False,,senate-2026-AK:mary-peltola,Mary Peltola,senate-2026-AK:dan-s-sullivan,Dan Sullivan,senate-2026:AK:senate-2026-AK:mary-peltola|senate-2026-AK:dan-s-sullivan,False,senate-2026-AK:mary-peltola,Mary Peltola,D,senate-2026-AK:dan-s-sullivan,Dan Sullivan,R,47.646,52.354,-4.709,-4.709,dem_minus_rep_two_party,,,,0.6333333333333333,0.0,2.2,1.9,fivethirtyeight_pollster_ratings,Mary Peltola,Dan Sullivan,West,"[{'poll_id': 'vh-us-202alaaac6776a', 'study_id': 'vh-study-us-202alaaac6776a', 'race_id': 'senate-2026-AK', 'question_id': 'vh-us-202alaaac6776a:q0', 'candidate_id': 'senate-2026-AK:dan-s-sullivan', 'candidate_name': 'Dan Sullivan', 'ballot_party': 'R', 'caucus': 'R', 'raw_share': 46.7, 'undecided': None, 'other': None, 'candidate_set_version': 'race-scoped-candidate-set-v1', 'field_start': '2025-07-29', 'field_end': '2025-08-01', 'available_at': '2026-06-15', 'source_lineage': 'votehub-poll-lineage-v3', 'resolution_status': 'race_scoped'}, {'poll_id': 'vh-us-202alaaac6776a', 'study_id': 'vh-study-us-202alaaac6776a', 'race_id': 'senate-2026-AK', 'question_id': 'vh-us-202alaaac6776a:q0', 'candidate_id': 'senate-2026-AK:mary-peltola', 'candidate_name': 'Mary Peltola', 'ballot_party': 'D', 'caucus': 'D', 'raw_share': 42.5, 'undecided': None, 'other': None, 'candidate_set_version': 'race-scoped-candidate-set-v1', 'field_start': '2025-07-29', 'field_end': '2025-08-01', 'available_at': '2026-06-15', 'source_lineage': 'votehub-poll-lineage-v3', 'resolution_status': 'race_scoped'}]",0.0,True
vh-us-202datde291215,vh-study-us-202datde291215,1,Data for Progress,none,https://www.dataforprogress.org/blog/2025/8/8/mary-peltola-would-be-front-runner-for-alaska-governor,bc31bdd16c5acdff7a9339ad68cdc3ee8542bc22b6a2adff54321d7f6717e939,2025-07-21,2025-07-27,2026-06-15,,2026-10-10T16:41:48.336232+00:00,2026-06-15,,2026-06-15,2025-07-27,senate-2026,US_SENATE,AK,senate-2026-AK,LV,678.0,,49.451,50.549,0.0,0.0,-1.099,False,include,,votehub-ingest-v3-race-scoped-candidate-level,2026-10-10T16:41:48.336232+00:00,,state-usps-v1,votehub-candidate-matchup-v3-race-scoped,generic_two_way,,,en,1.0,True,False,,senate-2026-AK:mary-peltola,Mary Peltola,senate-2026-AK:dan-s-sullivan,Dan Sullivan,senate-2026:AK:senate-2026-AK:mary-peltola|senate-2026-AK:dan-s-sullivan,False,senate-2026-AK:mary-peltola,Mary Peltola,D,senate-2026-AK:dan-s-sullivan,Dan Sullivan,R,49.451,50.549,-1.099,-1.099,dem_minus_rep_two_party,,,,0.72,-0.04,2.14,B,votehub_pollster_scorecards,Mary Peltola,Dan Sullivan,West,"[{'poll_id': 'vh-us-202datde291215', 'study_id': 'vh-study-us-202datde291215', 'race_id': 'senate-2026-AK', 'question_id': 'vh-us-202datde291215:q0', 'candidate_id': 'senate-2026-AK:mary-peltola', 'candidate_name': 'Mary Peltola', 'ballot_party': 'D', 'caucus': 'D', 'raw_share': 45.0, 'undecided': None, 'other': None, 'candidate_set_version': 'race-scoped-candidate-set-v1', 'field_start': '2025-07-21', 'field_end': '2025-07-27', 'available_at': '2026-06-15', 'source_lineage': 'votehub-poll-lineage-v3', 'resolution_status': 'race_scoped'}, {'poll_id': 'vh-us-202datde291215', 'study_id': 'vh-study-us-202datde291215', 'race_id': 'senate-2026-AK', 'question_id': 'vh-us-202datde291215:q0', 'candidate_id': 'senate-2026-AK:dan-s-sullivan', 'candidate_name': 'Dan Sullivan', 'ballot_party': 'R', 'caucus': 'R', 'raw_share': 46.0, 'undecided': None, 'other': None, 'candidate_set_version': 'race-scoped-candidate-set-v1', 'field_start': '2025-07-21', 'field_end': '2025-07-27', 'available_at': '2026-06-15', 'source_lineage': 'votehub-poll-lineage-v3', 'resolution_status': 'race_scoped'}]",0.0,True
vh-us-202suf43021e00,vh-study-us-202suf43021e00,1,Suffolk,The Boston Globe,https://www.bostonglobe.com/2026/06/16/metro/healey-voter-suffolk-poll-2026-midterm,ae83b6c323bf1f8a8f347f3497cffb1c0444787deaa98706673ea5a3c87a7515,2026-06-08,2026-06-12,2026-06-17,,2026-10-10T16:41:48.336232+00:00,2026-06-17,,2026-06-17,2026-06-12,senate-2026,US_SENATE,MA,senate-2026-MA,RV,500.0,,64.706,35.294,0.0,0.0,29.412,False,include,,votehub-ingest-v3-race-scoped-candidate-level,2026-10-10T16:41:48.336232+00:00,,state-usps-v1,votehub-candidate-matchup-v3-race-scoped,generic_two_way,,,en,1.0,True,False,,senate-2026-MA:ed-markey,Ed Markey,senate-2026-MA:john-deaton,John Deaton,senate-2026:MA:senate-2026-MA:ed-markey|senate-2026-MA:john-deaton,False,senate-2026-MA:ed-markey,Ed Markey,D,senate-2026-MA:john-deaton,John Deaton,R,64.706,35.294,29.412,29.412,dem_minus_rep_two_party,,,,0.72,-0.19,2.25,B,votehub_pollster_scorecards,Ed Markey,John Deaton,Northeast,"[{'poll_id': 'vh-us-202suf43021e00', 'study_id': 'vh-study-us-202suf43021e00', 'race_id': 'senate-2026-MA', 'question_id': 'vh-us-202suf43021e00:q0', 'candidate_id': 'senate-2026-MA:ed-markey', 'candidate_name': 'Ed Markey', 'ballot_party': 'D', 'caucus': 'D', 'raw_share': 55.0, 'undecided': None, 'other': None, 'candidate_set_version': 'race-scoped-candidate-set-v1', 'field_start': '2026-06-08', 'field_end': '2026-06-12', 'available_at': '2026-06-17', 'source_lineage': 'votehub-poll-lineage-v3', 'resolution_status': 'race_scoped'}, {'poll_id': 'vh-us-202suf43021e00', 'study_id': 'vh-study-us-202suf43021e00', 'race_id': 'senate-2026-MA', 'question_id': 'vh-us-202suf43021e00:q0', 'candidate_id': 'senate-2026-MA:john-deaton', 'candidate_name': 'John Deaton', 'ballot_party': 'R', 'caucus': 'R', 'raw_share': 30.0, 'undecided': None, 'other': None, 'candidate_set_version': 'race-scoped-candidate-set-v1', 'field_start': '2026-06-08', 'field_end': '2026-06-12', 'available_at': '2026-06-17', 'source_lineage': 'votehub-poll-lineage-v3', 'resolution_status': 'race_scoped'}]",0.0,True
vh-us-202zen354a92cf,vh-study-us-202zen354a92cf,1,Zenith Research,Common Defense,https://x.com/admcrlsn/status/2067419019544555546,d4e084b1fbe705b66abe64c2cf21858449e4d47508f9d9175b164eea0981d805,2026-06-11,2026-06-14,2026-06-18,,2026-10-10T16:41:48.336232+00:00,2026-06-18,,2026-06-18,2026-06-14,senate-2026,US_SENATE,MI,senate-2026-MI,LV,602.0,,51.724,48.276,0.0,0.0,3.448,True,include,,votehub-ingest-v3-race-scoped-candidate-level,2026-10-10T16:41:48.336232+00:00,,state-usps-v1,votehub-candidate-matchup-v3-race-scoped,generic_two_way,,,en,1.0,True,False,,senate-2026-MI:abdul-el-sayed,Abdul El-Sayed,senate-2026-MI:mike-rogers,Mike Rogers,senate-2026:MI:senate-2026-MI:abdul-el-sayed|senate-2026-MI:mike-rogers,False,senate-2026-MI:abdul-el-sayed,Abdul El-Sayed,D,senate-2026-MI:mike-rogers,Mike Rogers,R,51.724,48.276,3.448,3.448,dem_minus_rep_two_party,,,,0.55,0.0,2.2,,prior_default,Abdul El-Sayed,Mike Rogers,Midwest,"[{'poll_id': 'vh-us-202zen354a92cf', 'study_id': 'vh-study-us-202zen354a92cf', 'race_id': 'senate-2026-MI', 'question_id': 'vh-us-202zen354a92cf:q0', 'candidate_id': 'senate-2026-MI:abdul-el-sayed', 'candidate_name': 'Abdul El-Sayed', 'ballot_party': 'D', 'caucus': 'D', 'raw_share': 45.0, 'undecided': None, 'other': None, 'candidate_set_version': 'race-scoped-candidate-set-v1', 'field_start': '2026-06-11', 'field_end': '2026-06-14', 'available_at': '2026-06-18', 'source_lineage': 'votehub-poll-lineage-v3', 'resolution_status': 'race_scoped'}, {'poll_id': 'vh-us-202zen354a92cf', 'study_id': 'vh-study-us-202zen354a92cf', 'race_id': 'senate-2026-MI', 'question_id': 'vh-us-202zen354a92cf:q0', 'candidate_id': 'senate-2026-MI:mike-rogers', 'candidate_name': 'Mike Rogers', 'ballot_party': 'R', 'caucus': 'R', 'raw_share': 42.0, 'undecided': None, 'other': None, 'candidate_set_version': 'race-scoped-candidate-set-v1', 'field_start': '2026-06-11', 'field_end': '2026-06-14', 'available_at': '2026-06-18', 'source_lineage': 'votehub-poll-lineage-v3', 'resolution_status': 'race_scoped'}]",0.0,True
vh-us-202pubfd67a5f3,vh-study-us-202pubfd67a5f3,1,Public Opinion Strategies,The Political Company,https://www.semafor.com/article/06/18/2026/divided-montana-senate-field-helps-republicans,b14ff6249c64eb1c377f53a7bc019d3a90da4469d747f44df851550b27b12047,2026-06-08,2026-06-11,2026-06-18,,2026-10-10T16:41:48.336232+00:00,2026-06-18,,2026-06-18,2026-06-11,senate-2026,US_SENATE,MT,senate-2026-MT,LV,500.0,,,,0.0,29.0,,True,include,,votehub-ingest-v3-race-scoped-candidate-level,2026-10-10T16:41:48.336232+00:00,,state-usps-v1,votehub-candidate-matchup-v3-race-scoped,generic_two_way,,,en,1.0,True,True,,,,senate-2026-MT:kurt-alme,Kurt Alme,senate-2026:MT:senate-2026-MT:seth-bodnar|senate-2026-MT:kurt-alme,False,senate-2026-MT:seth-bodnar,Seth Bodnar,I,senate-2026-MT:kurt-alme,Kurt Alme,R,31.25,68.75,-37.5,-37.5,modeled_minus_opposing_two_candidate,,,,0.5333333333333333,0.0,1.0,1.6,fivethirtyeight_pollster_ratings,,Kurt Alme,West,"[{'poll_id': 'vh-us-202pubfd67a5f3', 'study_id': 'vh-study-us-202pubfd67a5f3', 'race_id': 'senate-2026-MT', 'question_id': 'vh-us-202pubfd67a5f3:q0', 'candidate_id': 'senate-2026-MT:alani-bankhead', 'candidate_name': 'Alani Bankhead', 'ballot_party': 'D', 'caucus': 'D', 'raw_share': 25.0, 'undecided': None, 'other': None, 'candidate_set_version': 'race-scoped-candidate-set-v1', 'field_start': '2026-06-08', 'field_end': '2026-06-11', 'available_at': '2026-06-18', 'source_lineage': 'votehub-poll-lineage-v3', 'resolution_status': 'race_scoped'}, {'poll_id': 'vh-us-202pubfd67a5f3', 'study_id': 'vh-study-us-202pubfd67a5f3', 'race_id': 'senate-2026-MT', 'question_id': 'vh-us-202pubfd67a5f3:q0', 'candidate_id': 'senate-2026-MT:kurt-alme', 'candidate_name': 'Kurt Alme', 'ballot_party': 'R', 'caucus': 'R', 'raw_share': 44.0, 'undecided': None, 'other': None, 'candidate_set_version': 'race-scoped-candidate-set-v1', 'field_start': '2026-06-08', 'field_end': '2026-06-11', 'available_at': '2026-06-18', 'source_lineage': 'votehub-poll-lineage-v3', 'resolution_status': 'race_scoped'}, {'poll_id': 'vh-us-202pubfd67a5f3', 'study_id': 'vh-study-us-202pubfd67a5f3', 'race_id': 'senate-2026-MT', 'question_id': 'vh-us-202pubfd67a5f3:q0', 'candidate_id': 'senate-2026-MT:seth-bodnar', 'candidate_name': 'Seth Bodnar', 'ballot_party': 'I', 'caucus': 'D', 'raw_share': 20.0, 'undecided': None, 'other': None, 'candidate_set_version': 'race-scoped-candidate-set-v1', 'field_start': '2026-06-08', 'field_end': '2026-06-11', 'available_at': '2026-06-18', 'source_lineage': 'votehub-poll-lineage-v3', 'resolution_status': 'race_scoped'}, {'poll_id': 'vh-us-202pubfd67a5f3', 'study_id': 'vh-study-us-202pubfd67a5f3', 'race_id': 'senate-2026-MT', 'question_id': 'vh-us-202pubfd67a5f3:q0', 'candidate_id': 'senate-2026-MT:kyle-austin', 'candidate_name': 'Kyle Austin', 'ballot_party': 'L', 'caucus': None, 'raw_share': 4.0, 'undecided': None, 'other': None, 'candidate_set_version': 'race-scoped-candidate-set-v1', 'field_start': '2026-06-08', 'field_end': '2026-06-11', 'available_at': '2026-06-18', 'source_lineage': 'votehub-poll-lineage-v3', 'resolution_status': 'race_scoped'}]",0.0,True
vh-us-202the5a104154,vh-study-us-202the5a104154,1,The Public Sentiment Institute,none,https://tpsiofficial.substack.com/p/tpsi-new-tpsi-senate-poll-confirms,9096416aa382226689a7dfe2e707e5809e13c11c840a4122f7954036ba308fc1,2026-06-12,2026-06-16,2026-06-18,,2026-10-10T16:41:48.336232+00:00,2026-06-18,,2026-06-18,2026-06-16,senate-2026,US_SENATE,VA,senate-2026-VA,RV,996.0,,60.0,40.0,0.0,4.0,20.0,False,include,,votehub-ingest-v3-race-scoped-candidate-level,2026-10-10T16:41:48.336232+00:00,,state-usps-v1,votehub-candidate-matchup-v3-race-scoped,generic_two_way,,,en,1.0,True,True,,senate-2026-VA:mark-warner,Mark Warner,senate-2026-VA:bert-mizusawa,Bert Mizusawa,senate-2026:VA:senate-2026-VA:mark-warner|senate-2026-VA:bert-mizusawa,False,senate-2026-VA:mark-warner,Mark Warner,D,senate-2026-VA:bert-mizusawa,Bert Mizusawa,R,60.0,40.0,20.0,20.0,dem_minus_rep_two_party,,,,0.55,0.0,2.2,,prior_default,Mark Warner,Bert Mizusawa,South,"[{'poll_id': 'vh-us-202the5a104154', 'study_id': 'vh-study-us-202the5a104154', 'race_id': 'senate-2026-VA', 'question_id': 'vh-us-202the5a104154:q0', 'candidate_id': 'senate-2026-VA:mark-warner', 'candidate_name': 'Mark Warner', 'ballot_party': 'D', 'caucus': 'D', 'raw_share': 48.0, 'undecided': None, 'other': None, 'candidate_set_version': 'race-scoped-candidate-set-v1', 'field_start': '2026-06-12', 'field_end': '2026-06-16', 'available_at': '2026-06-18', 'source_lineage': 'votehub-poll-lineage-v3', 'resolution_status': 'race_scoped'}, {'poll_id': 'vh-us-202the5a104154', 'study_id': 'vh-study-us-202the5a104154', 'race_id': 'senate-2026-VA', 'question_id': 'vh-us-202the5a104154:q0', 'candidate_id': 'senate-2026-VA:bert-mizusawa', 'candidate_name': 'Bert Mizusawa', 'ballot_party': 'R', 'caucus': 'R', 'raw_share': 32.0, 'undecided': None, 'other': None, 'candidate_set_version': 'race-scoped-candidate-set-v1', 'field_start': '2026-06-12', 'field_end': '2026-06-16', 'available_at': '2026-06-18', 'source_lineage': 'votehub-poll-lineage-v3', 'resolution_status': 'race_scoped'}, {'poll_id': 'vh-us-202the5a104154', 'study_id': 'vh-study-us-202the5a104154', 'race_id': 'senate-2026-VA', 'question_id': 'vh-us-202the5a104154:q0', 'candidate_id': None, 'candidate_name': 'Mark Moran', 'ballot_party': None, 'caucus': None, 'raw_share': 4.0, 'undecided': None, 'other': None, 'candidate_set_version': 'race-scoped-candidate-set-v1', 'field_start': '2026-06-12', 'field_end': '2026-06-16', 'available_at': '2026-06-18', 'source_lineage': 'votehub-poll-lineage-v3', 'resolution_status': 'unresolved_fail_closed'}]",0.0,True
vh-us-202the592aeef5,vh-study-us-202the592aeef5,1,The Public Sentiment Institute,none,https://tpsiofficial.substack.com/p/tpsi-new-tpsi-senate-poll-confirms,6bd7d4fd3170f515d7287e0f4d18c495ae5e7981482b488ecf17ce48920ef963,2026-06-12,2026-06-16,2026-06-18,,2026-10-10T16:41:48.336232+00:00,2026-06-18,,2026-06-18,2026-06-16,senate-2026,US_SENATE,VA,senate-2026-VA,LV,,,60.241,39.759,0.0,3.0,20.482,False,include,,votehub-ingest-v3-race-scoped-candidate-level,2026-10-10T16:41:48.336232+00:00,,state-usps-v1,votehub-candidate-matchup-v3-race-scoped,generic_two_way,,,en,1.0,True,True,,senate-2026-VA:mark-warner,Mark Warner,senate-2026-VA:bert-mizusawa,Bert Mizusawa,senate-2026:VA:senate-2026-VA:mark-warner|senate-2026-VA:bert-mizusawa,False,senate-2026-VA:mark-warner,Mark Warner,D,senate-2026-VA:bert-mizusawa,Bert Mizusawa,R,60.241,39.759,20.482,20.482,dem_minus_rep_two_party,,,,0.55,0.0,2.2,,prior_default,Mark Warner,Bert Mizusawa,South,"[{'poll_id': 'vh-us-202the592aeef5', 'study_id': 'vh-study-us-202the592aeef5', 'race_id': 'senate-2026-VA', 'question_id': 'vh-us-202the592aeef5:q0', 'candidate_id': 'senate-2026-VA:mark-warner', 'candidate_name': 'Mark Warner', 'ballot_party': 'D', 'caucus': 'D', 'raw_share': 50.0, 'undecided': None, 'other': None, 'candidate_set_version': 'race-scoped-candidate-set-v1', 'field_start': '2026-06-12', 'field_end': '2026-06-16', 'available_at': '2026-06-18', 'source_lineage': 'votehub-poll-lineage-v3', 'resolution_status': 'race_scoped'}, {'poll_id': 'vh-us-202the592aeef5', 'study_id': 'vh-study-us-202the592aeef5', 'race_id': 'senate-2026-VA', 'question_id': 'vh-us-202the592aeef5:q0', 'candidate_id': 'senate-2026-VA:bert-mizusawa', 'candidate_name': 'Bert Mizusawa', 'ballot_party': 'R', 'caucus': 'R', 'raw_share': 33.0, 'undecided': None, 'other': None, 'candidate_set_version': 'race-scoped-candidate-set-v1', 'field_start': '2026-06-12', 'field_end': '2026-06-16', 'available_at': '2026-06-18', 'source_lineage': 'votehub-poll-lineage-v3', 'resolution_status': 'race_scoped'}, {'poll_id': 'vh-us-202the592aeef5', 'study_id': 'vh-study-us-202the592aeef5', 'race_id': 'senate-2026-VA', 'question_id': 'vh-us-202the592aeef5:q0', 'candidate_id': None, 'candidate_name': 'Mark Moran', 'ballot_party': None, 'caucus': None, 'raw_share': 3.0, 'undecided': None, 'other': None, 'candidate_set_version': 'race-scoped-candidate-set-v1', 'field_start': '2026-06-12', 'field_end': '2026-06-16', 'available_at': '2026-06-18', 'source_lineage': 'votehub-poll-lineage-v3', 'resolution_status': 'unresolved_fail_closed'}]",0.0,True
vh-us-202texc8fd4814,vh-study-us-202texc8fd4814,1,Texas Politics Project at the University of Texas/YouGov,none,https://texaspolitics.utexas.edu/blog/june-poll-finds-a-competitive-u-s-senate-race-in-texas-amid-continuing-economic-concerns-data-center-backlash,628391edd91fc13154b47c9c3ac19dcca5297e39ee572d6c22418ff3f7c501db,2026-06-05,2026-06-12,2026-06-23,,2026-10-10T16:41:48.336232+00:00,2026-06-23,,2026-06-23,2026-06-12,senate-2026,US_SENATE,TX,senate-2026-TX,RV,1200.0,,49.412,50.588,0.0,0.0,-1.176,False,include,,votehub-ingest-v3-race-scoped-candidate-level,2026-10-10T16:41:48.336232+00:00,,state-usps-v1,votehub-candidate-matchup-v3-race-scoped,generic_two_way,,,en,1.0,True,False,,senate-2026-TX:james-talarico,James Talarico,senate-2026-TX:ken-paxton,Ken Paxton,senate-2026:TX:senate-2026-TX:james-talarico|senate-2026-TX:ken-paxton,False,senate-2026-TX:james-talarico,James Talarico,D,senate-2026-TX:ken-paxton,Ken Paxton,R,49.412,50.588,-1.176,-1.176,dem_minus_rep_two_party,,,,0.55,0.0,2.2,,prior_default,James Talarico,Ken Paxton,South,"[{'poll_id': 'vh-us-202texc8fd4814', 'study_id': 'vh-study-us-202texc8fd4814', 'race_id': 'senate-2026-TX', 'question_id': 'vh-us-202texc8fd4814:q0', 'candidate_id': 'senate-2026-TX:ken-paxton', 'candidate_name': 'Ken Paxton', 'ballot_party': 'R', 'caucus': 'R', 'raw_share': 43.0, 'undecided': None, 'other': None, 'candidate_set_version': 'race-scoped-candidate-set-v1', 'field_start': '2026-06-05', 'field_end': '2026-06-12', 'available_at': '2026-06-23', 'source_lineage': 'votehub-poll-lineage-v3', 'resolution_status': 'race_scoped'}, {'poll_id': 'vh-us-202texc8fd4814', 'study_id': 'vh-study-us-202texc8fd4814', 'race_id': 'senate-2026-TX', 'question_id': 'vh-us-202texc8fd4814:q0', 'candidate_id': 'senate-2026-TX:james-talarico', 'candidate_name': 'James Talarico', 'ballot_party': 'D', 'caucus': 'D', 'raw_share': 42.0, 'undecided': None, 'other': None, 'candidate_set_version': 'race-scoped-candidate-set-v1', 'field_start': '2026-06-05', 'field_end': '2026-06-12', 'available_at': '2026-06-23', 'source_lineage': 'votehub-poll-lineage-v3', 'resolution_status': 'race_scoped'}]",0.0,True
vh-us-202socb918e088,vh-study-us-202socb918e088,1,SoCal Strategies,Red Eagle Politics,https://socalstrategies.substack.com/p/ken-paxton-leads-narrow-texas-senate,7d24ccf02f46e72d7116a6b7583740b02b49692633ed48540e6af565cce20338,2026-06-21,2026-06-21,2026-06-23,,2026-10-10T16:41:48.336232+00:00,2026-06-23,,2026-06-23,2026-06-21,senate-2026,US_SENATE,TX,senate-2026-TX,LV,800.0,,49.268,50.732,0.0,0.0,-1.464,True,include,,votehub-ingest-v3-race-scoped-candidate-level,2026-10-10T16:41:48.336232+00:00,,state-usps-v1,votehub-candidate-matchup-v3-race-scoped,generic_two_way,,,en,1.0,True,False,,senate-2026-TX:james-talarico,James Talarico,senate-2026-TX:ken-paxton,Ken Paxton,senate-2026:TX:senate-2026-TX:james-talarico|senate-2026-TX:ken-paxton,False,senate-2026-TX:james-talarico,James Talarico,D,senate-2026-TX:ken-paxton,Ken Paxton,R,49.268,50.732,-1.464,-1.464,dem_minus_rep_two_party,,,,0.72,-0.03,2.151,B,votehub_pollster_scorecards,James Talarico,Ken Paxton,South,"[{'poll_id': 'vh-us-202socb918e088', 'study_id': 'vh-study-us-202socb918e088', 'race_id': 'senate-2026-TX', 'question_id': 'vh-us-202socb918e088:q0', 'candidate_id': 'senate-2026-TX:ken-paxton', 'candidate_name': 'Ken Paxton', 'ballot_party': 'R', 'caucus': 'R', 'raw_share': 48.5, 'undecided': None, 'other': None, 'candidate_set_version': 'race-scoped-candidate-set-v1', 'field_start': '2026-06-21', 'field_end': '2026-06-21', 'available_at': '2026-06-23', 'source_lineage': 'votehub-poll-lineage-v3', 'resolution_status': 'race_scoped'}, {'poll_id': 'vh-us-202socb918e088', 'study_id': 'vh-study-us-202socb918e088', 'race_id': 'senate-2026-TX', 'question_id': 'vh-us-202socb918e088:q0', 'candidate_id': 'senate-2026-TX:james-talarico', 'candidate_name': 'James Talarico', 'ballot_party': 'D', 'caucus': 'D', 'raw_share': 47.1, 'undecided': None, 'other': None, 'candidate_set_version': 'race-scoped-candidate-set-v1', 'field_start': '2026-06-21', 'field_end': '2026-06-21', 'available_at': '2026-06-23', 'source_lineage': 'votehub-poll-lineage-v3', 'resolution_status': 'race_scoped'}]",0.0,True
vh-us-202youca5f07f2,vh-study-us-202youca5f07f2,1,University of Massachusetts Lowell-YouGov,Catawba College Center for North Carolina Politics & Public Service,https://www.catawba.edu/news/all-news/2026/yougovsurvey27/,7c58906340878b3b8adf1803d2ec513e5c8286a346c9ceabab9ea753173ebd85,2026-06-01,2026-06-10,2026-06-23,,2026-10-10T16:41:48.336232+00:00,2026-06-23,,2026-06-23,2026-06-10,senate-2026,US_SENATE,NC,senate-2026-NC,LV,905.0,,58.537,41.463,0.0,0.0,17.073,False,include,,votehub-ingest-v3-race-scoped-candidate-level,2026-10-10T16:41:48.336232+00:00,,state-usps-v1,votehub-candidate-matchup-v3-race-scoped,generic_two_way,,,en,1.0,True,False,,senate-2026-NC:roy-cooper,Roy Cooper,senate-2026-NC:michael-whatley,Michael Whatley,senate-2026:NC:senate-2026-NC:roy-cooper|senate-2026-NC:michael-whatley,False,senate-2026-NC:roy-cooper,Roy Cooper,D,senate-2026-NC:michael-whatley,Michael Whatley,R,58.537,41.463,17.073,17.073,dem_minus_rep_two_party,,,,0.32,1.7,2.547,D,votehub_pollster_scorecards,Roy Cooper,Michael Whatley,South,"[{'poll_id': 'vh-us-202youca5f07f2', 'study_id': 'vh-study-us-202youca5f07f2', 'race_id': 'senate-2026-NC', 'question_id': 'vh-us-202youca5f07f2:q0', 'candidate_id': 'senate-2026-NC:roy-cooper', 'candidate_name': 'Roy Cooper', 'ballot_party': 'D', 'caucus': 'D', 'raw_share': 48.0, 'undecided': None, 'other': None, 'candidate_set_version': 'race-scoped-candidate-set-v1', 'field_start': '2026-06-01', 'field_end': '2026-06-10', 'available_at': '2026-06-23', 'source_lineage': 'votehub-poll-lineage-v3', 'resolution_status': 'race_scoped'}, {'poll_id': 'vh-us-202youca5f07f2', 'study_id': 'vh-study-us-202youca5f07f2', 'race_id': 'senate-2026-NC', 'question_id': 'vh-us-202youca5f07f2:q0', 'candidate_id': 'senate-2026-NC:michael-whatley', 'candidate_name': 'Michael Whatley', 'ballot_party': 'R', 'caucus': 'R', 'raw_share': 34.0, 'undecided': None, 'other': None, 'candidate_set_version': 'race-scoped-candidate-set-v1', 'field_start': '2026-06-01', 'field_end': '2026-06-10', 'available_at': '2026-06-23', 'source_lineage': 'votehub-poll-lineage-v3', 'resolution_status': 'race_scoped'}]",0.0,True
vh-us-202fabc4750dc3,vh-study-us-202fabc4750dc3,1,Fabrizio-Impact,AARP,https://www.aarp.org/pri/topics/voter-research/politics/2026-midterm-election-poll-ohio/?CMP=RDRCT-PRI-POLT,d58c8d2c65a2b6631711f51c621582197b14f1c24140138d62a6266245ae0fe4,2026-06-14,2026-06-16,2026-06-25,,2026-10-10T16:41:48.336232+00:00,2026-06-25,,2026-06-25,2026-06-16,senate-2026,US_SENATE,OH,senate-2026-OH,LV,800.0,,51.613,48.387,0.0,0.0,3.226,False,include,,votehub-ingest-v3-race-scoped-candidate-level,2026-10-10T16:41:48.336232+00:00,,state-usps-v1,votehub-candidate-matchup-v3-race-scoped,generic_two_way,,,en,1.0,True,False,,senate-2026-OH:sherrod-brown,Sherrod Brown,senate-2026-OH:jon-husted,Jon Husted,senate-2026:OH:senate-2026-OH:sherrod-brown|senate-2026-OH:jon-husted,False,senate-2026-OH:sherrod-brown,Sherrod Brown,D,senate-2026-OH:jon-husted,Jon Husted,R,51.613,48.387,3.226,3.226,dem_minus_rep_two_party,,,,1.0,-0.02,1.6230000000000002,A+,votehub_pollster_scorecards,Sherrod Brown,Jon Husted,Midwest,"[{'poll_id': 'vh-us-202fabc4750dc3', 'study_id': 'vh-study-us-202fabc4750dc3', 'race_id': 'senate-2026-OH', 'question_id': 'vh-us-202fabc4750dc3:q0', 'candidate_id': 'senate-2026-OH:sherrod-brown', 'candidate_name': 'Sherrod Brown', 'ballot_party': 'D', 'caucus': 'D', 'raw_share': 48.0, 'undecided': None, 'other': None, 'candidate_set_version': 'race-scoped-candidate-set-v1', 'field_start': '2026-06-14', 'field_end': '2026-06-16', 'available_at': '2026-06-25', 'source_lineage': 'votehub-poll-lineage-v3', 'resolution_status': 'race_scoped'}, {'poll_id': 'vh-us-202fabc4750dc3', 'study_id': 'vh-study-us-202fabc4750dc3', 'race_id': 'senate-2026-OH', 'question_id': 'vh-us-202fabc4750dc3:q0', 'candidate_id': 'senate-2026-OH:jon-husted', 'candidate_name': 'Jon Husted', 'ballot_party': 'R', 'caucus': 'R', 'raw_share': 45.0, 'undecided': None, 'other': None, 'candidate_set_version': 'race-scoped-candidate-set-v1', 'field_start': '2026-06-14', 'field_end': '2026-06-16', 'available_at': '2026-06-25', 'source_lineage': 'votehub-poll-lineage-v3', 'resolution_status': 'race_scoped'}]",0.0,True
vh-us-202cyg40c776c5,vh-study-us-202cyg40c776c5,1,Cygnal,Iowans for Tax Relief,https://taxrelief.org/itr-foundation-poll-shows-iowans-want-taxpayer-protection/,53e6ec279be77386df45b6f4d19b04986019516c6edd0029e1022586083f12ec,2026-06-16,2026-06-19,2026-06-28,,2026-10-10T16:41:48.336232+00:00,2026-06-28,,2026-06-28,2026-06-19,senate-2026,US_SENATE,IA,senate-2026-IA,LV,600.0,,49.002,50.998,0.0,0.0,-1.996,True,include,,votehub-ingest-v3-race-scoped-candidate-level,2026-10-10T16:41:48.336232+00:00,,state-usps-v1,votehub-candidate-matchup-v3-race-scoped,generic_two_way,,,en,1.0,True,False,,senate-2026-IA:josh-turek,Josh Turek,senate-2026-IA:ashley-hinson,Ashley Hinson,senate-2026:IA:senate-2026-IA:josh-turek|senate-2026-IA:ashley-hinson,False,senate-2026-IA:josh-turek,Josh Turek,D,senate-2026-IA:ashley-hinson,Ashley Hinson,R,49.002,50.998,-1.996,-1.996,dem_minus_rep_two_party,,,,0.32,-0.2,2.415,D,votehub_pollster_scorecards,Josh Turek,Ashley Hinson,Midwest,"[{'poll_id': 'vh-us-202cyg40c776c5', 'study_id': 'vh-study-us-202cyg40c776c5', 'race_id': 'senate-2026-IA', 'question_id': 'vh-us-202cyg40c776c5:q0', 'candidate_id': 'senate-2026-IA:ashley-hinson', 'candidate_name': 'Ashley Hinson', 'ballot_party': 'R', 'caucus': 'R', 'raw_share': 46.0, 'undecided': None, 'other': None, 'candidate_set_version': 'race-scoped-candidate-set-v1', 'field_start': '2026-06-16', 'field_end': '2026-06-19', 'available_at': '2026-06-28', 'source_lineage': 'votehub-poll-lineage-v3', 'resolution_status': 'race_scoped'}, {'poll_id': 'vh-us-202cyg40c776c5', 'study_id': 'vh-study-us-202cyg40c776c5', 'race_id': 'senate-2026-IA', 'question_id': 'vh-us-202cyg40c776c5:q0', 'candidate_id': 'senate-2026-IA:josh-turek', 'candidate_name': 'Josh Turek', 'ballot_party': 'D', 'caucus': 'D', 'raw_share': 44.2, 'undecided': None, 'other': None, 'candidate_set_version': 'race-scoped-candidate-set-v1', 'field_start': '2026-06-16', 'field_end': '2026-06-19', 'available_at': '2026-06-28', 'source_lineage': 'votehub-poll-lineage-v3', 'resolution_status': 'race_scoped'}]",0.0,True
vh-us-202thee89c7bce,vh-study-us-202thee89c7bce,1,Siena-NYT,none,https://www.nytimes.com/interactive/2026/06/30/polls/times-siena-texas-poll-crosstabs.html#composition-of-the-sample,0c3b68dec8a7f45179c516c055b20b4583f9526bca0d4904a2b0a08606e8f3cd,2026-06-19,2026-06-27,2026-06-30,,2026-10-10T16:41:48.336232+00:00,2026-06-30,,2026-06-30,2026-06-27,senate-2026,US_SENATE,TX,senate-2026-TX,LV,656.0,,50.0,50.0,0.0,0.0,0.0,False,include,,votehub-ingest-v3-race-scoped-candidate-level,2026-10-10T16:41:48.336232+00:00,,state-usps-v1,votehub-candidate-matchup-v3-race-scoped,generic_two_way,,,en,1.0,True,False,,senate-2026-TX:james-talarico,James Talarico,senate-2026-TX:ken-paxton,Ken Paxton,senate-2026:TX:senate-2026-TX:james-talarico|senate-2026-TX:ken-paxton,False,senate-2026-TX:james-talarico,James Talarico,D,senate-2026-TX:ken-paxton,Ken Paxton,R,50.0,50.0,0.0,0.0,dem_minus_rep_two_party,,,,0.88,0.44,2.14,A,votehub_pollster_scorecards,James Talarico,Ken Paxton,South,"[{'poll_id': 'vh-us-202thee89c7bce', 'study_id': 'vh-study-us-202thee89c7bce', 'race_id': 'senate-2026-TX', 'question_id': 'vh-us-202thee89c7bce:q0', 'candidate_id': 'senate-2026-TX:james-talarico', 'candidate_name': 'James Talarico', 'ballot_party': 'D', 'caucus': 'D', 'raw_share': 47.0, 'undecided': None, 'other': None, 'candidate_set_version': 'race-scoped-candidate-set-v1', 'field_start': '2026-06-19', 'field_end': '2026-06-27', 'available_at': '2026-06-30', 'source_lineage': 'votehub-poll-lineage-v3', 'resolution_status': 'race_scoped'}, {'poll_id': 'vh-us-202thee89c7bce', 'study_id': 'vh-study-us-202thee89c7bce', 'race_id': 'senate-2026-TX', 'question_id': 'vh-us-202thee89c7bce:q0', 'candidate_id': 'senate-2026-TX:ken-paxton', 'candidate_name': 'Ken Paxton', 'ballot_party': 'R', 'caucus': 'R', 'raw_share': 47.0, 'undecided': None, 'other': None, 'candidate_set_version': 'race-scoped-candidate-set-v1', 'field_start': '2026-06-19', 'field_end': '2026-06-27', 'available_at': '2026-06-30', 'source_lineage': 'votehub-poll-lineage-v3', 'resolution_status': 'race_scoped'}]",0.0,True
vh-us-202the85ab5fb4,vh-study-us-202the85ab5fb4,1,Siena-NYT,none,https://www.nytimes.com/interactive/2026/07/01/polls/times-siena-ohio-poll-crosstabs.html,38b8ae0130fce2f17bcaa10fab1e222963543ec92818606dd93191c60fa2a11c,2026-06-15,2026-06-28,2026-07-01,,2026-10-10T16:41:48.336232+00:00,2026-07-01,,2026-07-01,2026-06-28,senate-2026,US_SENATE,OH,senate-2026-OH,LV,601.0,,48.454,51.546,0.0,0.0,-3.093,False,include,,votehub-ingest-v3-race-scoped-candidate-level,2026-10-10T16:41:48.336232+00:00,,state-usps-v1,votehub-candidate-matchup-v3-race-scoped,generic_two_way,,,en,1.0,True,False,,senate-2026-OH:sherrod-brown,Sherrod Brown,senate-2026-OH:jon-husted,Jon Husted,senate-2026:OH:senate-2026-OH:sherrod-brown|senate-2026-OH:jon-husted,False,senate-2026-OH:sherrod-brown,Sherrod Brown,D,senate-2026-OH:jon-husted,Jon Husted,R,48.454,51.546,-3.093,-3.093,dem_minus_rep_two_party,,,,0.88,0.44,2.14,A,votehub_pollster_scorecards,Sherrod Brown,Jon Husted,Midwest,"[{'poll_id': 'vh-us-202the85ab5fb4', 'study_id': 'vh-study-us-202the85ab5fb4', 'race_id': 'senate-2026-OH', 'question_id': 'vh-us-202the85ab5fb4:q0', 'candidate_id': 'senate-2026-OH:jon-husted', 'candidate_name': 'Jon Husted', 'ballot_party': 'R', 'caucus': 'R', 'raw_share': 50.0, 'undecided': None, 'other': None, 'candidate_set_version': 'race-scoped-candidate-set-v1', 'field_start': '2026-06-15', 'field_end': '2026-06-28', 'available_at': '2026-07-01', 'source_lineage': 'votehub-poll-lineage-v3', 'resolution_status': 'race_scoped'}, {'poll_id': 'vh-us-202the85ab5fb4', 'study_id': 'vh-study-us-202the85ab5fb4', 'race_id': 'senate-2026-OH', 'question_id': 'vh-us-202the85ab5fb4:q0', 'candidate_id': 'senate-2026-OH:sherrod-brown', 'candidate_name': 'Sherrod Brown', 'ballot_party': 'D', 'caucus': 'D', 'raw_share': 47.0, 'undecided': None, 'other': None, 'candidate_set_version': 'race-scoped-candidate-set-v1', 'field_start': '2026-06-15', 'field_end': '2026-06-28', 'available_at': '2026-07-01', 'source_lineage': 'votehub-poll-lineage-v3', 'resolution_status': 'race_scoped'}]",0.0,True
vh-us-202the011805d2,vh-study-us-202the011805d2,1,Siena-NYT,none,https://www.nytimes.com/interactive/2026/07/01/polls/times-siena-alaska-poll-crosstabs.html,1dab3685517dc3e1995f2ad6dabd438b10f417057cc6bbdabe3275e4efd25b25,2026-06-15,2026-06-29,2026-07-01,,2026-10-10T16:41:48.336232+00:00,2026-07-01,,2026-07-01,2026-06-29,senate-2026,US_SENATE,AK,senate-2026-AK,LV,593.0,,48.913,51.087,0.0,0.0,-2.174,False,include,,votehub-ingest-v3-race-scoped-candidate-level,2026-10-10T16:41:48.336232+00:00,,state-usps-v1,votehub-candidate-matchup-v3-race-scoped,generic_two_way,,,en,1.0,True,False,,senate-2026-AK:mary-peltola,Mary Peltola,senate-2026-AK:dan-s-sullivan,Dan Sullivan,senate-2026:AK:senate-2026-AK:mary-peltola|senate-2026-AK:dan-s-sullivan,False,senate-2026-AK:mary-peltola,Mary Peltola,D,senate-2026-AK:dan-s-sullivan,Dan Sullivan,R,48.913,51.087,-2.174,-2.174,dem_minus_rep_two_party,,,,0.88,0.44,2.14,A,votehub_pollster_scorecards,Mary Peltola,Dan Sullivan,West,"[{'poll_id': 'vh-us-202the011805d2', 'study_id': 'vh-study-us-202the011805d2', 'race_id': 'senate-2026-AK', 'question_id': 'vh-us-202the011805d2:q0', 'candidate_id': 'senate-2026-AK:mary-peltola', 'candidate_name': 'Mary Peltola', 'ballot_party': 'D', 'caucus': 'D', 'raw_share': 45.0, 'undecided': None, 'other': None, 'candidate_set_version': 'race-scoped-candidate-set-v1', 'field_start': '2026-06-15', 'field_end': '2026-06-29', 'available_at': '2026-07-01', 'source_lineage': 'votehub-poll-lineage-v3', 'resolution_status': 'race_scoped'}, {'poll_id': 'vh-us-202the011805d2', 'study_id': 'vh-study-us-202the011805d2', 'race_id': 'senate-2026-AK', 'question_id': 'vh-us-202the011805d2:q0', 'candidate_id': 'senate-2026-AK:dan-s-sullivan', 'candidate_name': 'Dan Sullivan', 'ballot_party': 'R', 'caucus': 'R', 'raw_share': 47.0, 'undecided': None, 'other': None, 'candidate_set_version': 'race-scoped-candidate-set-v1', 'field_start': '2026-06-15', 'field_end': '2026-06-29', 'available_at': '2026-07-01', 'source_lineage': 'votehub-poll-lineage-v3', 'resolution_status': 'race_scoped'}]",0.0,True
vh-us-202the52e3337f,vh-study-us-202the52e3337f,1,Siena-NYT,none,https://www.nytimes.com/interactive/2026/07/01/polls/times-siena-iowa-poll-crosstabs.html,03b1dce24343e9e3ac284408c857a860a0ceffeb3e26b73d55cdd622bfd9bceb,2026-06-15,2026-06-27,2026-07-01,,2026-10-10T16:41:48.336232+00:00,2026-07-01,,2026-07-01,2026-06-27,senate-2026,US_SENATE,IA,senate-2026-IA,LV,600.0,,48.936,51.064,0.0,0.0,-2.128,False,include,,votehub-ingest-v3-race-scoped-candidate-level,2026-10-10T16:41:48.336232+00:00,,state-usps-v1,votehub-candidate-matchup-v3-race-scoped,generic_two_way,,,en,1.0,True,False,,senate-2026-IA:josh-turek,Josh Turek,senate-2026-IA:ashley-hinson,Ashley Hinson,senate-2026:IA:senate-2026-IA:josh-turek|senate-2026-IA:ashley-hinson,False,senate-2026-IA:josh-turek,Josh Turek,D,senate-2026-IA:ashley-hinson,Ashley Hinson,R,48.936,51.064,-2.128,-2.128,dem_minus_rep_two_party,,,,0.88,0.44,2.14,A,votehub_pollster_scorecards,Josh Turek,Ashley Hinson,Midwest,"[{'poll_id': 'vh-us-202the52e3337f', 'study_id': 'vh-study-us-202the52e3337f', 'race_id': 'senate-2026-IA', 'question_id': 'vh-us-202the52e3337f:q0', 'candidate_id': 'senate-2026-IA:ashley-hinson', 'candidate_name': 'Ashley Hinson', 'ballot_party': 'R', 'caucus': 'R', 'raw_share': 48.0, 'undecided': None, 'other': None, 'candidate_set_version': 'race-scoped-candidate-set-v1', 'field_start': '2026-06-15', 'field_end': '2026-06-27', 'available_at': '2026-07-01', 'source_lineage': 'votehub-poll-lineage-v3', 'resolution_status': 'race_scoped'}, {'poll_id': 'vh-us-202the52e3337f', 'study_id': 'vh-study-us-202the52e3337f', 'race_id': 'senate-2026-IA', 'question_id': 'vh-us-202the52e3337f:q0', 'candidate_id': 'senate-2026-IA:josh-turek', 'candidate_name': 'Josh Turek', 'ballot_party': 'D', 'caucus': 'D', 'raw_share': 46.0, 'undecided': None, 'other': None, 'candidate_set_version': 'race-scoped-candidate-set-v1', 'field_start': '2026-06-15', 'field_end': '2026-06-27', 'available_at': '2026-07-01', 'source_lineage': 'votehub-poll-lineage-v3', 'resolution_status': 'race_scoped'}]",0.0,True
vh-us-202thef5594fea,vh-study-us-202thef5594fea,1,Siena-NYT,none,https://www.nytimes.com/interactive/2026/07/01/polls/times-siena-north-carolina-poll-crosstabs.html,8c5fba26a56196f5a494c1f8a1a9dfad43e1ed0934443135b672c86948fec132,2026-06-15,2026-06-27,2026-07-01,,2026-10-10T16:41:48.336232+00:00,2026-07-01,,2026-07-01,2026-06-27,senate-2026,US_SENATE,NC,senate-2026-NC,LV,601.0,,53.763,46.237,0.0,0.0,7.527,False,include,,votehub-ingest-v3-race-scoped-candidate-level,2026-10-10T16:41:48.336232+00:00,,state-usps-v1,votehub-candidate-matchup-v3-race-scoped,generic_two_way,,,en,1.0,True,False,,senate-2026-NC:roy-cooper,Roy Cooper,senate-2026-NC:michael-whatley,Michael Whatley,senate-2026:NC:senate-2026-NC:roy-cooper|senate-2026-NC:michael-whatley,False,senate-2026-NC:roy-cooper,Roy Cooper,D,senate-2026-NC:michael-whatley,Michael Whatley,R,53.763,46.237,7.527,7.527,dem_minus_rep_two_party,,,,0.88,0.44,2.14,A,votehub_pollster_scorecards,Roy Cooper,Michael Whatley,South,"[{'poll_id': 'vh-us-202thef5594fea', 'study_id': 'vh-study-us-202thef5594fea', 'race_id': 'senate-2026-NC', 'question_id': 'vh-us-202thef5594fea:q0', 'candidate_id': 'senate-2026-NC:roy-cooper', 'candidate_name': 'Roy Cooper', 'ballot_party': 'D', 'caucus': 'D', 'raw_share': 50.0, 'undecided': None, 'other': None, 'candidate_set_version': 'race-scoped-candidate-set-v1', 'field_start': '2026-06-15', 'field_end': '2026-06-27', 'available_at': '2026-07-01', 'source_lineage': 'votehub-poll-lineage-v3', 'resolution_status': 'race_scoped'}, {'poll_id': 'vh-us-202thef5594fea', 'study_id': 'vh-study-us-202thef5594fea', 'race_id': 'senate-2026-NC', 'question_id': 'vh-us-202thef5594fea:q0', 'candidate_id': 'senate-2026-NC:michael-whatley', 'candidate_name': 'Michael Whatley', 'ballot_party': 'R', 'caucus': 'R', 'raw_share': 43.0, 'undecided': None, 'other': None, 'candidate_set_version': 'race-scoped-candidate-set-v1', 'field_start': '2026-06-15', 'field_end': '2026-06-27', 'available_at': '2026-07-01', 'source_lineage': 'votehub-poll-lineage-v3', 'resolution_status': 'race_scoped'}]",0.0,True
vh-us-202uni7ffc2e9d,vh-study-us-202uni7ffc2e9d,1,University of New Hampshire,none,https://scholars.unh.edu/survey_center_polls/973/,752de8b7d709a4f2599c6daca8b4f5c67c7280f9fa7c4ecf19bd7a42600fa705,2026-06-18,2026-06-23,2026-07-01,,2026-10-10T16:41:48.336232+00:00,2026-07-01,,2026-07-01,2026-06-23,senate-2026,US_SENATE,MA,senate-2026-MA,LV,623.0,,59.524,40.476,0.0,0.0,19.048,False,include,,votehub-ingest-v3-race-scoped-candidate-level,2026-10-10T16:41:48.336232+00:00,,state-usps-v1,votehub-candidate-matchup-v3-race-scoped,generic_two_way,,,en,1.0,True,False,,senate-2026-MA:ed-markey,Ed Markey,senate-2026-MA:john-deaton,John Deaton,senate-2026:MA:senate-2026-MA:ed-markey|senate-2026-MA:john-deaton,False,senate-2026-MA:ed-markey,Ed Markey,D,senate-2026-MA:john-deaton,John Deaton,R,59.524,40.476,19.048,19.048,dem_minus_rep_two_party,,,,0.55,0.0,2.2,,prior_default,Ed Markey,John Deaton,Northeast,"[{'poll_id': 'vh-us-202uni7ffc2e9d', 'study_id': 'vh-study-us-202uni7ffc2e9d', 'race_id': 'senate-2026-MA', 'question_id': 'vh-us-202uni7ffc2e9d:q0', 'candidate_id': 'senate-2026-MA:ed-markey', 'candidate_name': 'Ed Markey', 'ballot_party': 'D', 'caucus': 'D', 'raw_share': 50.0, 'undecided': None, 'other': None, 'candidate_set_version': 'race-scoped-candidate-set-v1', 'field_start': '2026-06-18', 'field_end': '2026-06-23', 'available_at': '2026-07-01', 'source_lineage': 'votehub-poll-lineage-v3', 'resolution_status': 'race_scoped'}, {'poll_id': 'vh-us-202uni7ffc2e9d', 'study_id': 'vh-study-us-202uni7ffc2e9d', 'race_id': 'senate-2026-MA', 'question_id': 'vh-us-202uni7ffc2e9d:q0', 'candidate_id': 'senate-2026-MA:john-deaton', 'candidate_name': 'John Deaton', 'ballot_party': 'R', 'caucus': 'R', 'raw_share': 34.0, 'undecided': None, 'other': None, 'candidate_set_version': 'race-scoped-candidate-set-v1', 'field_start': '2026-06-18', 'field_end': '2026-06-23', 'available_at': '2026-07-01', 'source_lineage': 'votehub-poll-lineage-v3', 'resolution_status': 'race_scoped'}]",0.0,True
vh-us-202unib186ef52,vh-study-us-202unib186ef52,1,University of New Hampshire,none,https://scholars.unh.edu/survey_center_polls/974/,75acf087f2be08539aec2fbebcce8a2071333ef8ac455b65ed793f595f0e584f,2026-06-18,2026-06-23,2026-07-01,,2026-10-10T16:41:48.336232+00:00,2026-07-01,,2026-07-01,2026-06-23,senate-2026,US_SENATE,NH,senate-2026-NH,LV,2232.0,,51.648,48.352,0.0,0.0,3.297,False,include,,votehub-ingest-v3-race-scoped-candidate-level,2026-10-10T16:41:48.336232+00:00,,state-usps-v1,votehub-candidate-matchup-v3-race-scoped,generic_two_way,,,en,1.0,True,False,,senate-2026-NH:chris-pappas,Chris Pappas,senate-2026-NH:john-sununu,John Sununu,senate-2026:NH:senate-2026-NH:chris-pappas|senate-2026-NH:john-sununu,False,senate-2026-NH:chris-pappas,Chris Pappas,D,senate-2026-NH:john-sununu,John Sununu,R,51.648,48.352,3.297,3.297,dem_minus_rep_two_party,,,,0.55,0.0,2.2,,prior_default,Chris Pappas,John Sununu,Northeast,"[{'poll_id': 'vh-us-202unib186ef52', 'study_id': 'vh-study-us-202unib186ef52', 'race_id': 'senate-2026-NH', 'question_id': 'vh-us-202unib186ef52:q0', 'candidate_id': 'senate-2026-NH:chris-pappas', 'candidate_name': 'Chris Pappas', 'ballot_party': 'D', 'caucus': 'D', 'raw_share': 47.0, 'undecided': None, 'other': None, 'candidate_set_version': 'race-scoped-candidate-set-v1', 'field_start': '2026-06-18', 'field_end': '2026-06-23', 'available_at': '2026-07-01', 'source_lineage': 'votehub-poll-lineage-v3', 'resolution_status': 'race_scoped'}, {'poll_id': 'vh-us-202unib186ef52', 'study_id': 'vh-study-us-202unib186ef52', 'race_id': 'senate-2026-NH', 'question_id': 'vh-us-202unib186ef52:q0', 'candidate_id': 'senate-2026-NH:john-sununu', 'candidate_name': 'John Sununu', 'ballot_party': 'R', 'caucus': 'R', 'raw_share': 44.0, 'undecided': None, 'other': None, 'candidate_set_version': 'race-scoped-candidate-set-v1', 'field_start': '2026-06-18', 'field_end': '2026-06-23', 'available_at': '2026-07-01', 'source_lineage': 'votehub-poll-lineage-v3', 'resolution_status': 'race_scoped'}]",0.0,True
vh-us-202sai3a119d63,vh-study-us-202sai3a119d63,1,Saint Anselm,none,https://www.anselm.edu/about/anselmian-hub/news/saint-anselm-college-survey-center-june-poll-finds-democrats-expand-generic-ballot-lead,61debe7313d478d3ecaaa6fdcd83f1027d11f3afa98edffbcb6b0c7ad78b3a14,2026-06-24,2026-06-25,2026-07-01,,2026-10-10T16:41:48.336232+00:00,2026-07-01,,2026-07-01,2026-06-25,senate-2026,US_SENATE,NH,senate-2026-NH,RV,1614.0,,53.409,46.591,0.0,0.0,6.818,False,include,,votehub-ingest-v3-race-scoped-candidate-level,2026-10-10T16:41:48.336232+00:00,,state-usps-v1,votehub-candidate-matchup-v3-race-scoped,generic_two_way,,,en,1.0,True,False,,senate-2026-NH:chris-pappas,Chris Pappas,senate-2026-NH:john-sununu,John Sununu,senate-2026:NH:senate-2026-NH:chris-pappas|senate-2026-NH:john-sununu,False,senate-2026-NH:chris-pappas,Chris Pappas,D,senate-2026-NH:john-sununu,John Sununu,R,53.409,46.591,6.818,6.818,dem_minus_rep_two_party,,,,0.55,0.0,2.2,,prior_default,Chris Pappas,John Sununu,Northeast,"[{'poll_id': 'vh-us-202sai3a119d63', 'study_id': 'vh-study-us-202sai3a119d63', 'race_id': 'senate-2026-NH', 'question_id': 'vh-us-202sai3a119d63:q0', 'candidate_id': 'senate-2026-NH:chris-pappas', 'candidate_name': 'Chris Pappas', 'ballot_party': 'D', 'caucus': 'D', 'raw_share': 47.0, 'undecided': None, 'other': None, 'candidate_set_version': 'race-scoped-candidate-set-v1', 'field_start': '2026-06-24', 'field_end': '2026-06-25', 'available_at': '2026-07-01', 'source_lineage': 'votehub-poll-lineage-v3', 'resolution_status': 'race_scoped'}, {'poll_id': 'vh-us-202sai3a119d63', 'study_id': 'vh-study-us-202sai3a119d63', 'race_id': 'senate-2026-NH', 'question_id': 'vh-us-202sai3a119d63:q0', 'candidate_id': 'senate-2026-NH:john-sununu', 'candidate_name': 'John Sununu', 'ballot_party': 'R', 'caucus': 'R', 'raw_share': 41.0, 'undecided': None, 'other': None, 'candidate_set_version': 'race-scoped-candidate-set-v1', 'field_start': '2026-06-24', 'field_end': '2026-06-25', 'available_at': '2026-07-01', 'source_lineage': 'votehub-poll-lineage-v3', 'resolution_status': 'race_scoped'}]",0.0,True
vh-us-202uni56d3ce46,vh-study-us-202uni56d3ce46,1,University of New Hampshire,none,https://scholars.unh.edu/survey_center_polls/971/,5a0165c14d25a1e87780154eddfd0c2537c6522b0aef9cfa3895fb21bd2f6995,2026-06-18,2026-06-23,2026-07-01,,2026-10-10T16:41:48.336232+00:00,2026-07-01,,2026-07-01,2026-06-23,senate-2026,US_SENATE,RI,senate-2026-RI,LV,664.0,,60.465,39.535,0.0,0.0,20.93,False,include,,votehub-ingest-v3-race-scoped-candidate-level,2026-10-10T16:41:48.336232+00:00,,state-usps-v1,votehub-candidate-matchup-v3-race-scoped,generic_two_way,,,en,1.0,True,False,,senate-2026-RI:jack-reed,Jack Reed,senate-2026-RI:raymond-mckay,Raymond McKay,senate-2026:RI:senate-2026-RI:jack-reed|senate-2026-RI:raymond-mckay,False,senate-2026-RI:jack-reed,Jack Reed,D,senate-2026-RI:raymond-mckay,Raymond McKay,R,60.465,39.535,20.93,20.93,dem_minus_rep_two_party,,,,0.55,0.0,2.2,,prior_default,Jack Reed,Raymond McKay,Northeast,"[{'poll_id': 'vh-us-202uni56d3ce46', 'study_id': 'vh-study-us-202uni56d3ce46', 'race_id': 'senate-2026-RI', 'question_id': 'vh-us-202uni56d3ce46:q0', 'candidate_id': 'senate-2026-RI:jack-reed', 'candidate_name': 'Jack Reed', 'ballot_party': 'D', 'caucus': 'D', 'raw_share': 52.0, 'undecided': None, 'other': None, 'candidate_set_version': 'race-scoped-candidate-set-v1', 'field_start': '2026-06-18', 'field_end': '2026-06-23', 'available_at': '2026-07-01', 'source_lineage': 'votehub-poll-lineage-v3', 'resolution_status': 'race_scoped'}, {'poll_id': 'vh-us-202uni56d3ce46', 'study_id': 'vh-study-us-202uni56d3ce46', 'race_id': 'senate-2026-RI', 'question_id': 'vh-us-202uni56d3ce46:q0', 'candidate_id': 'senate-2026-RI:raymond-mckay', 'candidate_name': 'Raymond McKay', 'ballot_party': 'R', 'caucus': 'R', 'raw_share': 34.0, 'undecided': None, 'other': None, 'candidate_set_version': 'race-scoped-candidate-set-v1', 'field_start': '2026-06-18', 'field_end': '2026-06-23', 'available_at': '2026-07-01', 'source_lineage': 'votehub-poll-lineage-v3', 'resolution_status': 'race_scoped'}]",0.0,True
vh-us-202gra7bd23a76,vh-study-us-202gra7bd23a76,1,GrayHouse,none,https://www.insideelections.com/news/article/montana-senate-new-poll-confirms-gop-edge,28a17b17005877026a0e38b3757e958122095038233545ef0c7e924358f35cee,2026-06-23,2026-06-24,2026-07-01,,2026-10-10T16:41:48.336232+00:00,2026-07-01,,2026-07-01,2026-06-24,senate-2026,US_SENATE,MT,senate-2026-MT,LV,500.0,,,,0.0,28.0,,True,include,,votehub-ingest-v3-race-scoped-candidate-level,2026-10-10T16:41:48.336232+00:00,,state-usps-v1,votehub-candidate-matchup-v3-race-scoped,generic_two_way,,,en,1.0,True,True,,,,senate-2026-MT:kurt-alme,Kurt Alme,senate-2026:MT:senate-2026-MT:seth-bodnar|senate-2026-MT:kurt-alme,False,senate-2026-MT:seth-bodnar,Seth Bodnar,I,senate-2026-MT:kurt-alme,Kurt Alme,R,29.31,70.69,-41.379,-41.379,modeled_minus_opposing_two_candidate,,,,0.55,0.0,2.2,,prior_default,,Kurt Alme,West,"[{'poll_id': 'vh-us-202gra7bd23a76', 'study_id': 'vh-study-us-202gra7bd23a76', 'race_id': 'senate-2026-MT', 'question_id': 'vh-us-202gra7bd23a76:q0', 'candidate_id': 'senate-2026-MT:kurt-alme', 'candidate_name': 'Kurt Alme', 'ballot_party': 'R', 'caucus': 'R', 'raw_share': 41.0, 'undecided': None, 'other': None, 'candidate_set_version': 'race-scoped-candidate-set-v1', 'field_start': '2026-06-23', 'field_end': '2026-06-24', 'available_at': '2026-07-01', 'source_lineage': 'votehub-poll-lineage-v3', 'resolution_status': 'race_scoped'}, {'poll_id': 'vh-us-202gra7bd23a76', 'study_id': 'vh-study-us-202gra7bd23a76', 'race_id': 'senate-2026-MT', 'question_id': 'vh-us-202gra7bd23a76:q0', 'candidate_id': 'senate-2026-MT:alani-bankhead', 'candidate_name': 'Alani Bankhead', 'ballot_party': 'D', 'caucus': 'D', 'raw_share': 25.0, 'undecided': None, 'other': None, 'candidate_set_version': 'race-scoped-candidate-set-v1', 'field_start': '2026-06-23', 'field_end': '2026-06-24', 'available_at': '2026-07-01', 'source_lineage': 'votehub-poll-lineage-v3', 'resolution_status': 'race_scoped'}, {'poll_id': 'vh-us-202gra7bd23a76', 'study_id': 'vh-study-us-202gra7bd23a76', 'race_id': 'senate-2026-MT', 'question_id': 'vh-us-202gra7bd23a76:q0', 'candidate_id': 'senate-2026-MT:seth-bodnar', 'candidate_name': 'Seth Bodnar', 'ballot_party': 'I', 'caucus': 'D', 'raw_share': 17.0, 'undecided': None, 'other': None, 'candidate_set_version': 'race-scoped-candidate-set-v1', 'field_start': '2026-06-23', 'field_end': '2026-06-24', 'available_at': '2026-07-01', 'source_lineage': 'votehub-poll-lineage-v3', 'resolution_status': 'race_scoped'}, {'poll_id': 'vh-us-202gra7bd23a76', 'study_id': 'vh-study-us-202gra7bd23a76', 'race_id': 'senate-2026-MT', 'question_id': 'vh-us-202gra7bd23a76:q0', 'candidate_id': 'senate-2026-MT:kyle-austin', 'candidate_name': 'Kyle Austin', 'ballot_party': 'L', 'caucus': None, 'raw_share': 3.0, 'undecided': None, 'other': None, 'candidate_set_version': 'race-scoped-candidate-set-v1', 'field_start': '2026-06-23', 'field_end': '2026-06-24', 'available_at': '2026-07-01', 'source_lineage': 'votehub-poll-lineage-v3', 'resolution_status': 'race_scoped'}]",0.0,True
vh-us-202a2 1a5590cb,vh-study-us-202a2 1a5590cb,1,A2 Insights,none,https://substack.com/@a2insights/note/c-285306220,aa7617386821791b483489f91cf0df0d6c1ba3a3a7aba5a6c4825a056acf4fcd,2026-06-23,2026-06-28,2026-07-01,,2026-10-10T16:41:48.336232+00:00,2026-07-01,,2026-07-01,2026-06-28,senate-2026,US_SENATE,TX,senate-2026-TX,LV,618.0,,51.217,48.783,0.0,0.0,2.434,False,include,,votehub-ingest-v3-race-scoped-candidate-level,2026-10-10T16:41:48.336232+00:00,,state-usps-v1,votehub-candidate-matchup-v3-race-scoped,generic_two_way,,,en,1.0,True,False,,senate-2026-TX:james-talarico,James Talarico,senate-2026-TX:ken-paxton,Ken Paxton,senate-2026:TX:senate-2026-TX:james-talarico|senate-2026-TX:ken-paxton,False,senate-2026-TX:james-talarico,James Talarico,D,senate-2026-TX:ken-paxton,Ken Paxton,R,51.217,48.783,2.434,2.434,dem_minus_rep_two_party,,,,0.55,0.0,2.2,,prior_default,James Talarico,Ken Paxton,South,"[{'poll_id': 'vh-us-202a2 1a5590cb', 'study_id': 'vh-study-us-202a2 1a5590cb', 'race_id': 'senate-2026-TX', 'question_id': 'vh-us-202a2 1a5590cb:q0', 'candidate_id': 'senate-2026-TX:james-talarico', 'candidate_name': 'James Talarico', 'ballot_party': 'D', 'caucus': 'D', 'raw_share': 48.4, 'undecided': None, 'other': None, 'candidate_set_version': 'race-scoped-candidate-set-v1', 'field_start': '2026-06-23', 'field_end': '2026-06-28', 'available_at': '2026-07-01', 'source_lineage': 'votehub-poll-lineage-v3', 'resolution_status': 'race_scoped'}, {'poll_id': 'vh-us-202a2 1a5590cb', 'study_id': 'vh-study-us-202a2 1a5590cb', 'race_id': 'senate-2026-TX', 'question_id': 'vh-us-202a2 1a5590cb:q0', 'candidate_id': 'senate-2026-TX:ken-paxton', 'candidate_name': 'Ken Paxton', 'ballot_party': 'R', 'caucus': 'R', 'raw_share': 46.1, 'undecided': None, 'other': None, 'candidate_set_version': 'race-scoped-candidate-set-v1', 'field_start': '2026-06-23', 'field_end': '2026-06-28', 'available_at': '2026-07-01', 'source_lineage': 'votehub-poll-lineage-v3', 'resolution_status': 'race_scoped'}]",0.0,True
vh-us-202tav5bb1680a,vh-study-us-202tav5bb1680a,1,Tavern Research,none,https://242750075.fs1.hubspotusercontent-na2.net/hubfs/242750075/Toplines%20-%20Montana%20Senate%20General%20Election%2020260616_161028%20(1).pdf,4f0085cf1b5636c4dd0a74ec4905f6055b6cc59178b5b55c28476d1ea4cc9a58,2026-06-16,2026-06-19,2026-07-01,,2026-10-10T16:41:48.336232+00:00,2026-07-01,,2026-07-01,2026-06-19,senate-2026,US_SENATE,MT,senate-2026-MT,LV,400.0,,,,0.0,27.0,,False,include,,votehub-ingest-v3-race-scoped-candidate-level,2026-10-10T16:41:48.336232+00:00,,state-usps-v1,votehub-candidate-matchup-v3-race-scoped,generic_two_way,,,en,1.0,True,True,,,,senate-2026-MT:kurt-alme,Kurt Alme,senate-2026:MT:senate-2026-MT:seth-bodnar|senate-2026-MT:kurt-alme,False,senate-2026-MT:seth-bodnar,Seth Bodnar,I,senate-2026-MT:kurt-alme,Kurt Alme,R,33.784,66.216,-32.432,-32.432,modeled_minus_opposing_two_candidate,,,,0.55,0.0,2.2,,prior_default,,Kurt Alme,West,"[{'poll_id': 'vh-us-202tav5bb1680a', 'study_id': 'vh-study-us-202tav5bb1680a', 'race_id': 'senate-2026-MT', 'question_id': 'vh-us-202tav5bb1680a:q0', 'candidate_id': 'senate-2026-MT:kurt-alme', 'candidate_name': 'Kurt Alme', 'ballot_party': 'R', 'caucus': 'R', 'raw_share': 49.0, 'undecided': None, 'other': None, 'candidate_set_version': 'race-scoped-candidate-set-v1', 'field_start': '2026-06-16', 'field_end': '2026-06-19', 'available_at': '2026-07-01', 'source_lineage': 'votehub-poll-lineage-v3', 'resolution_status': 'race_scoped'}, {'poll_id': 'vh-us-202tav5bb1680a', 'study_id': 'vh-study-us-202tav5bb1680a', 'race_id': 'senate-2026-MT', 'question_id': 'vh-us-202tav5bb1680a:q0', 'candidate_id': 'senate-2026-MT:alani-bankhead', 'candidate_name': 'Alani Bankhead', 'ballot_party': 'D', 'caucus': 'D', 'raw_share': 27.0, 'undecided': None, 'other': None, 'candidate_set_version': 'race-scoped-candidate-set-v1', 'field_start': '2026-06-16', 'field_end': '2026-06-19', 'available_at': '2026-07-01', 'source_lineage': 'votehub-poll-lineage-v3', 'resolution_status': 'race_scoped'}, {'poll_id': 'vh-us-202tav5bb1680a', 'study_id': 'vh-study-us-202tav5bb1680a', 'race_id': 'senate-2026-MT', 'question_id': 'vh-us-202tav5bb1680a:q0', 'candidate_id': 'senate-2026-MT:seth-bodnar', 'candidate_name': 'Seth Bodnar', 'ballot_party': 'I', 'caucus': 'D', 'raw_share': 25.0, 'undecided': None, 'other': None, 'candidate_set_version': 'race-scoped-candidate-set-v1', 'field_start': '2026-06-16', 'field_end': '2026-06-19', 'available_at': '2026-07-01', 'source_lineage': 'votehub-poll-lineage-v3', 'resolution_status': 'race_scoped'}]",0.0,True
vh-us-202tavf29ef95a,vh-study-us-202tavf29ef95a,1,Tavern Research,none,https://242750075.fs1.hubspotusercontent-na2.net/hubfs/242750075/Toplines%20-%20Montana%20Senate%20General%20Election%2020260616_161028%20(1).pdf,ef61844a0732277f6b0dbbb9fcc8128f9360d44f8ad9450a693155af3c560393,2026-06-16,2026-06-19,2026-07-01,,2026-10-10T16:41:48.336232+00:00,2026-07-01,,2026-07-01,2026-06-19,senate-2026,US_SENATE,MT,senate-2026-MT,LV,400.0,,,,0.0,0.0,,True,include,,votehub-ingest-v3-race-scoped-candidate-level,2026-10-10T16:41:48.336232+00:00,,state-usps-v1,votehub-candidate-matchup-v3-race-scoped,generic_two_way,,,en,1.0,True,False,,,,senate-2026-MT:kurt-alme,Kurt Alme,senate-2026:MT:senate-2026-MT:seth-bodnar|senate-2026-MT:kurt-alme,False,senate-2026-MT:seth-bodnar,Seth Bodnar,I,senate-2026-MT:kurt-alme,Kurt Alme,R,50.0,50.0,0.0,0.0,modeled_minus_opposing_two_candidate,,,,0.55,0.0,2.2,,prior_default,,Kurt Alme,West,"[{'poll_id': 'vh-us-202tavf29ef95a', 'study_id': 'vh-study-us-202tavf29ef95a', 'race_id': 'senate-2026-MT', 'question_id': 'vh-us-202tavf29ef95a:q0', 'candidate_id': 'senate-2026-MT:kurt-alme', 'candidate_name': 'Kurt Alme', 'ballot_party': 'R', 'caucus': 'R', 'raw_share': 50.0, 'undecided': None, 'other': None, 'candidate_set_version': 'race-scoped-candidate-set-v1', 'field_start': '2026-06-16', 'field_end': '2026-06-19', 'available_at': '2026-07-01', 'source_lineage': 'votehub-poll-lineage-v3', 'resolution_status': 'race_scoped'}, {'poll_id': 'vh-us-202tavf29ef95a', 'study_id': 'vh-study-us-202tavf29ef95a', 'race_id': 'senate-2026-MT', 'question_id': 'vh-us-202tavf29ef95a:q0', 'candidate_id': 'senate-2026-MT:seth-bodnar', 'candidate_name': 'Seth Bodnar', 'ballot_party': 'I', 'caucus': 'D', 'raw_share': 50.0, 'undecided': None, 'other': None, 'candidate_set_version': 'race-scoped-candidate-set-v1', 'field_start': '2026-06-16', 'field_end': '2026-06-19', 'available_at': '2026-07-01', 'source_lineage': 'votehub-poll-lineage-v3', 'resolution_status': 'race_scoped'}]",0.0,True
vh-us-202tav16c902e1,vh-study-us-202tav16c902e1,1,Tavern Research,none,https://242750075.fs1.hubspotusercontent-na2.net/hubfs/242750075/Toplines%20-%20Montana%20Senate%20General%20Election%2020260616_161028%20(1).pdf,c555d4e2f2c8a0bb2d00f43e05961c123ecf59b576b5e054340d3296366172eb,2026-06-16,2026-06-19,2026-07-01,,2026-10-10T16:41:48.336232+00:00,2026-07-01,,2026-07-01,2026-06-19,senate-2026,US_SENATE,MT,senate-2026-MT,LV,400.0,,44.0,56.0,0.0,0.0,-12.0,True,include,,votehub-ingest-v3-race-scoped-candidate-level,2026-10-10T16:41:48.336232+00:00,,state-usps-v1,votehub-candidate-matchup-v3-race-scoped,generic_two_way,,,en,1.0,True,False,,senate-2026-MT:alani-bankhead,Alani Bankhead,senate-2026-MT:kurt-alme,Kurt Alme,senate-2026:MT:senate-2026-MT:alani-bankhead|senate-2026-MT:kurt-alme,False,senate-2026-MT:alani-bankhead,Alani Bankhead,D,senate-2026-MT:kurt-alme,Kurt Alme,R,44.0,56.0,-12.0,-12.0,dem_minus_rep_two_party,,,,0.55,0.0,2.2,,prior_default,Alani Bankhead,Kurt Alme,West,"[{'poll_id': 'vh-us-202tav16c902e1', 'study_id': 'vh-study-us-202tav16c902e1', 'race_id': 'senate-2026-MT', 'question_id': 'vh-us-202tav16c902e1:q0', 'candidate_id': 'senate-2026-MT:kurt-alme', 'candidate_name': 'Kurt Alme', 'ballot_party': 'R', 'caucus': 'R', 'raw_share': 56.0, 'undecided': None, 'other': None, 'candidate_set_version': 'race-scoped-candidate-set-v1', 'field_start': '2026-06-16', 'field_end': '2026-06-19', 'available_at': '2026-07-01', 'source_lineage': 'votehub-poll-lineage-v3', 'resolution_status': 'race_scoped'}, {'poll_id': 'vh-us-202tav16c902e1', 'study_id': 'vh-study-us-202tav16c902e1', 'race_id': 'senate-2026-MT', 'question_id': 'vh-us-202tav16c902e1:q0', 'candidate_id': 'senate-2026-MT:alani-bankhead', 'candidate_name': 'Alani Bankhead', 'ballot_party': 'D', 'caucus': 'D', 'raw_share': 44.0, 'undecided': None, 'other': None, 'candidate_set_version': 'race-scoped-candidate-set-v1', 'field_start': '2026-06-16', 'field_end': '2026-06-19', 'available_at': '2026-07-01', 'source_lineage': 'votehub-poll-lineage-v3', 'resolution_status': 'race_scoped'}]",0.0,True
vh-us-202qua3b4e634a,vh-study-us-202qua3b4e634a,1,Quantus Insights,none,https://quantusinsights.org/f/michigan-senate-el-sayed-leads-primary-fall-race-remains-tight,ee3ddb18ee0acbf3d2d3652a1bd7e4588a4f46cb93f9ceb2b34a7994a899c2e1,2026-06-29,2026-06-30,2026-07-02,,2026-10-10T16:41:48.336232+00:00,2026-07-02,,2026-07-02,2026-06-30,senate-2026,US_SENATE,MI,senate-2026-MI,LV,947.0,,50.616,49.384,0.0,0.0,1.232,False,include,,votehub-ingest-v3-race-scoped-candidate-level,2026-10-10T16:41:48.336232+00:00,,state-usps-v1,votehub-candidate-matchup-v3-race-scoped,generic_two_way,,,en,1.0,True,False,,senate-2026-MI:abdul-el-sayed,Abdul El-Sayed,senate-2026-MI:mike-rogers,Mike Rogers,senate-2026:MI:senate-2026-MI:abdul-el-sayed|senate-2026-MI:mike-rogers,False,senate-2026-MI:abdul-el-sayed,Abdul El-Sayed,D,senate-2026-MI:mike-rogers,Mike Rogers,R,50.616,49.384,1.232,1.232,dem_minus_rep_two_party,,,,0.72,-0.96,2.184,B,votehub_pollster_scorecards,Abdul El-Sayed,Mike Rogers,Midwest,"[{'poll_id': 'vh-us-202qua3b4e634a', 'study_id': 'vh-study-us-202qua3b4e634a', 'race_id': 'senate-2026-MI', 'question_id': 'vh-us-202qua3b4e634a:q0', 'candidate_id': 'senate-2026-MI:abdul-el-sayed', 'candidate_name': 'Abdul El-Sayed', 'ballot_party': 'D', 'caucus': 'D', 'raw_share': 45.2, 'undecided': None, 'other': None, 'candidate_set_version': 'race-scoped-candidate-set-v1', 'field_start': '2026-06-29', 'field_end': '2026-06-30', 'available_at': '2026-07-02', 'source_lineage': 'votehub-poll-lineage-v3', 'resolution_status': 'race_scoped'}, {'poll_id': 'vh-us-202qua3b4e634a', 'study_id': 'vh-study-us-202qua3b4e634a', 'race_id': 'senate-2026-MI', 'question_id': 'vh-us-202qua3b4e634a:q0', 'candidate_id': 'senate-2026-MI:mike-rogers', 'candidate_name': 'Mike Rogers', 'ballot_party': 'R', 'caucus': 'R', 'raw_share': 44.1, 'undecided': None, 'other': None, 'candidate_set_version': 'race-scoped-candidate-set-v1', 'field_start': '2026-06-29', 'field_end': '2026-06-30', 'available_at': '2026-07-02', 'source_lineage': 'votehub-poll-lineage-v3', 'resolution_status': 'race_scoped'}]",0.0,True
vh-us-202bea8e2b79ff,vh-study-us-202bea8e2b79ff,1,Beacon-Shaw,Fox News,https://www.foxnews.com/politics/fox-news-poll-early-look-georgia-senate-race,5a2b4cb0f28739427316a023fec442d19851bf3aabd63282fd0065c9b467a184,2026-06-23,2026-06-27,2026-07-02,,2026-10-10T16:41:48.336232+00:00,2026-07-02,,2026-07-02,2026-06-27,senate-2026,US_SENATE,GA,senate-2026-GA,RV,1002.0,,56.566,43.434,0.0,0.0,13.131,False,include,,votehub-ingest-v3-race-scoped-candidate-level,2026-10-10T16:41:48.336232+00:00,,state-usps-v1,votehub-candidate-matchup-v3-race-scoped,generic_two_way,,,en,1.0,True,False,,senate-2026-GA:jon-ossoff,Jon Ossoff,senate-2026-GA:mike-collins,Mike Collins,senate-2026:GA:senate-2026-GA:jon-ossoff|senate-2026-GA:mike-collins,False,senate-2026-GA:jon-ossoff,Jon Ossoff,D,senate-2026-GA:mike-collins,Mike Collins,R,56.566,43.434,13.131,13.131,dem_minus_rep_two_party,,,,0.88,0.62,2.0410000000000004,A,votehub_pollster_scorecards,Jon Ossoff,Mike Collins,South,"[{'poll_id': 'vh-us-202bea8e2b79ff', 'study_id': 'vh-study-us-202bea8e2b79ff', 'race_id': 'senate-2026-GA', 'question_id': 'vh-us-202bea8e2b79ff:q0', 'candidate_id': 'senate-2026-GA:jon-ossoff', 'candidate_name': 'Jon Ossoff', 'ballot_party': 'D', 'caucus': 'D', 'raw_share': 56.0, 'undecided': None, 'other': None, 'candidate_set_version': 'race-scoped-candidate-set-v1', 'field_start': '2026-06-23', 'field_end': '2026-06-27', 'available_at': '2026-07-02', 'source_lineage': 'votehub-poll-lineage-v3', 'resolution_status': 'race_scoped'}, {'poll_id': 'vh-us-202bea8e2b79ff', 'study_id': 'vh-study-us-202bea8e2b79ff', 'race_id': 'senate-2026-GA', 'question_id': 'vh-us-202bea8e2b79ff:q0', 'candidate_id': 'senate-2026-GA:mike-collins', 'candidate_name': 'Mike Collins', 'ballot_party': 'R', 'caucus': 'R', 'raw_share': 43.0, 'undecided': None, 'other': None, 'candidate_set_version': 'race-scoped-candidate-set-v1', 'field_start': '2026-06-23', 'field_end': '2026-06-27', 'available_at': '2026-07-02', 'source_lineage': 'votehub-poll-lineage-v3', 'resolution_status': 'race_scoped'}]",0.0,True
vh-us-202bea93a2c09c,vh-study-us-202bea93a2c09c,1,Beacon-Shaw,Fox News,https://www.foxnews.com/politics/fox-news-poll-close-senate-contest-brewing-iowa,7b6dfa089f629a7d4fe8ca69a3222b0be5f5529427d7c51cd8e8f46030d042bf,2026-06-23,2026-06-27,2026-07-02,,2026-10-10T16:41:48.336232+00:00,2026-07-02,,2026-07-02,2026-06-27,senate-2026,US_SENATE,IA,senate-2026-IA,RV,1003.0,,52.083,47.917,0.0,0.0,4.167,False,include,,votehub-ingest-v3-race-scoped-candidate-level,2026-10-10T16:41:48.336232+00:00,,state-usps-v1,votehub-candidate-matchup-v3-race-scoped,generic_two_way,,,en,1.0,True,False,,senate-2026-IA:josh-turek,Josh Turek,senate-2026-IA:ashley-hinson,Ashley Hinson,senate-2026:IA:senate-2026-IA:josh-turek|senate-2026-IA:ashley-hinson,False,senate-2026-IA:josh-turek,Josh Turek,D,senate-2026-IA:ashley-hinson,Ashley Hinson,R,52.083,47.917,4.167,4.167,dem_minus_rep_two_party,,,,0.88,0.62,2.0410000000000004,A,votehub_pollster_scorecards,Josh Turek,Ashley Hinson,Midwest,"[{'poll_id': 'vh-us-202bea93a2c09c', 'study_id': 'vh-study-us-202bea93a2c09c', 'race_id': 'senate-2026-IA', 'question_id': 'vh-us-202bea93a2c09c:q0', 'candidate_id': 'senate-2026-IA:josh-turek', 'candidate_name': 'Josh Turek', 'ballot_party': 'D', 'caucus': 'D', 'raw_share': 50.0, 'undecided': None, 'other': None, 'candidate_set_version': 'race-scoped-candidate-set-v1', 'field_start': '2026-06-23', 'field_end': '2026-06-27', 'available_at': '2026-07-02', 'source_lineage': 'votehub-poll-lineage-v3', 'resolution_status': 'race_scoped'}, {'poll_id': 'vh-us-202bea93a2c09c', 'study_id': 'vh-study-us-202bea93a2c09c', 'race_id': 'senate-2026-IA', 'question_id': 'vh-us-202bea93a2c09c:q0', 'candidate_id': 'senate-2026-IA:ashley-hinson', 'candidate_name': 'Ashley Hinson', 'ballot_party': 'R', 'caucus': 'R', 'raw_share': 46.0, 'undecided': None, 'other': None, 'candidate_set_version': 'race-scoped-candidate-set-v1', 'field_start': '2026-06-23', 'field_end': '2026-06-27', 'available_at': '2026-07-02', 'source_lineage': 'votehub-poll-lineage-v3', 'resolution_status': 'race_scoped'}]",0.0,True
vh-us-202wic6dd1649c,vh-study-us-202wic6dd1649c,1,Wick,none,https://wick.io/research-georgia-election-survey-june-2026,88d7f9ad47e29759ae4feb829a554e82768c83379fc4ce76272713266a0d56da,2026-06-27,2026-06-30,2026-07-09,,2026-10-10T16:41:48.336232+00:00,2026-07-09,,2026-07-09,2026-06-30,senate-2026,US_SENATE,GA,senate-2026-GA,LV,1175.0,,52.121,47.879,0.0,0.0,4.241,False,include,,votehub-ingest-v3-race-scoped-candidate-level,2026-10-10T16:41:48.336232+00:00,,state-usps-v1,votehub-candidate-matchup-v3-race-scoped,generic_two_way,,,en,1.0,True,False,,senate-2026-GA:jon-ossoff,Jon Ossoff,senate-2026-GA:mike-collins,Mike Collins,senate-2026:GA:senate-2026-GA:jon-ossoff|senate-2026-GA:mike-collins,False,senate-2026-GA:jon-ossoff,Jon Ossoff,D,senate-2026-GA:mike-collins,Mike Collins,R,52.121,47.879,4.241,4.241,dem_minus_rep_two_party,,,,0.4666666666666666,0.0,1.0,1.4,fivethirtyeight_pollster_ratings,Jon Ossoff,Mike Collins,South,"[{'poll_id': 'vh-us-202wic6dd1649c', 'study_id': 'vh-study-us-202wic6dd1649c', 'race_id': 'senate-2026-GA', 'question_id': 'vh-us-202wic6dd1649c:q0', 'candidate_id': 'senate-2026-GA:jon-ossoff', 'candidate_name': 'Jon Ossoff', 'ballot_party': 'D', 'caucus': 'D', 'raw_share': 46.7, 'undecided': None, 'other': None, 'candidate_set_version': 'race-scoped-candidate-set-v1', 'field_start': '2026-06-27', 'field_end': '2026-06-30', 'available_at': '2026-07-09', 'source_lineage': 'votehub-poll-lineage-v3', 'resolution_status': 'race_scoped'}, {'poll_id': 'vh-us-202wic6dd1649c', 'study_id': 'vh-study-us-202wic6dd1649c', 'race_id': 'senate-2026-GA', 'question_id': 'vh-us-202wic6dd1649c:q0', 'candidate_id': 'senate-2026-GA:mike-collins', 'candidate_name': 'Mike Collins', 'ballot_party': 'R', 'caucus': 'R', 'raw_share': 42.9, 'undecided': None, 'other': None, 'candidate_set_version': 'race-scoped-candidate-set-v1', 'field_start': '2026-06-27', 'field_end': '2026-06-30', 'available_at': '2026-07-09', 'source_lineage': 'votehub-poll-lineage-v3', 'resolution_status': 'race_scoped'}]",0.0,True
vh-us-202pub96a42a3f,vh-study-us-202pub96a42a3f,1,Public Policy Polling,none,https://www.publicpolicypolling.com/polls/cooper-leads-but-whatley-has-a-path/,8d9fad3ff2baca2b95f401f68934d50d5cc3eaf1be01e510b7ddca77305ba60a,2026-07-10,2026-07-11,2026-07-13,,2026-10-10T16:41:48.336232+00:00,2026-07-13,,2026-07-13,2026-07-11,senate-2026,US_SENATE,NC,senate-2026-NC,LV,759.0,,52.174,47.826,0.0,0.0,4.348,False,include,,votehub-ingest-v3-race-scoped-candidate-level,2026-10-10T16:41:48.336232+00:00,,state-usps-v1,votehub-candidate-matchup-v3-race-scoped,generic_two_way,,,en,1.0,True,False,,senate-2026-NC:roy-cooper,Roy Cooper,senate-2026-NC:michael-whatley,Michael Whatley,senate-2026:NC:senate-2026-NC:roy-cooper|senate-2026-NC:michael-whatley,False,senate-2026-NC:roy-cooper,Roy Cooper,D,senate-2026-NC:michael-whatley,Michael Whatley,R,52.174,47.826,4.348,4.348,dem_minus_rep_two_party,,,,0.4666666666666666,0.0,1.0,1.4,fivethirtyeight_pollster_ratings,Roy Cooper,Michael Whatley,South,"[{'poll_id': 'vh-us-202pub96a42a3f', 'study_id': 'vh-study-us-202pub96a42a3f', 'race_id': 'senate-2026-NC', 'question_id': 'vh-us-202pub96a42a3f:q0', 'candidate_id': 'senate-2026-NC:roy-cooper', 'candidate_name': 'Roy Cooper', 'ballot_party': 'D', 'caucus': 'D', 'raw_share': 48.0, 'undecided': None, 'other': None, 'candidate_set_version': 'race-scoped-candidate-set-v1', 'field_start': '2026-07-10', 'field_end': '2026-07-11', 'available_at': '2026-07-13', 'source_lineage': 'votehub-poll-lineage-v3', 'resolution_status': 'race_scoped'}, {'poll_id': 'vh-us-202pub96a42a3f', 'study_id': 'vh-study-us-202pub96a42a3f', 'race_id': 'senate-2026-NC', 'question_id': 'vh-us-202pub96a42a3f:q0', 'candidate_id': 'senate-2026-NC:michael-whatley', 'candidate_name': 'Michael Whatley', 'ballot_party': 'R', 'caucus': 'R', 'raw_share': 44.0, 'undecided': None, 'other': None, 'candidate_set_version': 'race-scoped-candidate-set-v1', 'field_start': '2026-07-10', 'field_end': '2026-07-11', 'available_at': '2026-07-13', 'source_lineage': 'votehub-poll-lineage-v3', 'resolution_status': 'race_scoped'}]",0.0,True
vh-us-202unia65b1e02,vh-study-us-202unia65b1e02,1,University of New Hampshire,none,https://scholars.unh.edu/survey_center_polls/981/,46582d2c20a4714b94cc9f936f3c33a864197cf30756d25a59cf5ab683cf9cdf,2026-07-15,2026-07-20,2026-07-22,,2026-10-10T16:41:48.336232+00:00,2026-07-22,,2026-07-22,2026-07-20,senate-2026,US_SENATE,ME,senate-2026-ME,LV,1178.0,,51.579,48.421,0.0,0.0,3.158,False,include,,votehub-ingest-v3-race-scoped-candidate-level,2026-10-10T16:41:48.336232+00:00,,state-usps-v1,votehub-candidate-matchup-v3-race-scoped,generic_two_way,,,en,1.0,True,False,,senate-2026-ME:troy-jackson,Troy Jackson,senate-2026-ME:susan-collins,Susan Collins,senate-2026:ME:senate-2026-ME:troy-jackson|senate-2026-ME:susan-collins,False,senate-2026-ME:troy-jackson,Troy Jackson,D,senate-2026-ME:susan-collins,Susan Collins,R,51.579,48.421,3.158,3.158,dem_minus_rep_two_party,,,,0.55,0.0,2.2,,prior_default,Troy Jackson,Susan Collins,Northeast,"[{'poll_id': 'vh-us-202unia65b1e02', 'study_id': 'vh-study-us-202unia65b1e02', 'race_id': 'senate-2026-ME', 'question_id': 'vh-us-202unia65b1e02:q0', 'candidate_id': 'senate-2026-ME:troy-jackson', 'candidate_name': 'Troy Jackson', 'ballot_party': 'D', 'caucus': 'D', 'raw_share': 49.0, 'undecided': None, 'other': None, 'candidate_set_version': 'race-scoped-candidate-set-v1', 'field_start': '2026-07-15', 'field_end': '2026-07-20', 'available_at': '2026-07-22', 'source_lineage': 'votehub-poll-lineage-v3', 'resolution_status': 'race_scoped'}, {'poll_id': 'vh-us-202unia65b1e02', 'study_id': 'vh-study-us-202unia65b1e02', 'race_id': 'senate-2026-ME', 'question_id': 'vh-us-202unia65b1e02:q0', 'candidate_id': 'senate-2026-ME:susan-collins', 'candidate_name': 'Susan Collins', 'ballot_party': 'R', 'caucus': 'R', 'raw_share': 46.0, 'undecided': None, 'other': None, 'candidate_set_version': 'race-scoped-candidate-set-v1', 'field_start': '2026-07-15', 'field_end': '2026-07-20', 'available_at': '2026-07-22', 'source_lineage': 'votehub-poll-lineage-v3', 'resolution_status': 'race_scoped'}]",0.0,True
vh-us-202fab389395b2,vh-study-us-202fab389395b2,1,"Fabrizio, Lee & Associates/Impact Research",AARP,https://www.aarp.org/pri/topics/voter-research/politics/2026-midterm-election-poll-georgia/,5b9f5e204a9ee255824c1d617c1fe0fb44f961b5c5a966084642bbc44067099b,2026-07-13,2026-07-16,2026-07-23,,2026-10-10T16:41:48.336232+00:00,2026-07-23,,2026-07-23,2026-07-16,senate-2026,US_SENATE,GA,senate-2026-GA,LV,1060.0,,54.737,45.263,0.0,0.0,9.474,False,include,,votehub-ingest-v3-race-scoped-candidate-level,2026-10-10T16:41:48.336232+00:00,,state-usps-v1,votehub-candidate-matchup-v3-race-scoped,generic_two_way,,,en,1.0,True,False,,senate-2026-GA:jon-ossoff,Jon Ossoff,senate-2026-GA:mike-collins,Mike Collins,senate-2026:GA:senate-2026-GA:jon-ossoff|senate-2026-GA:mike-collins,False,senate-2026-GA:jon-ossoff,Jon Ossoff,D,senate-2026-GA:mike-collins,Mike Collins,R,54.737,45.263,9.474,9.474,dem_minus_rep_two_party,,,,0.55,0.0,2.2,,prior_default,Jon Ossoff,Mike Collins,South,"[{'poll_id': 'vh-us-202fab389395b2', 'study_id': 'vh-study-us-202fab389395b2', 'race_id': 'senate-2026-GA', 'question_id': 'vh-us-202fab389395b2:q0', 'candidate_id': 'senate-2026-GA:jon-ossoff', 'candidate_name': 'Jon Ossoff', 'ballot_party': 'D', 'caucus': 'D', 'raw_share': 52.0, 'undecided': None, 'other': None, 'candidate_set_version': 'race-scoped-candidate-set-v1', 'field_start': '2026-07-13', 'field_end': '2026-07-16', 'available_at': '2026-07-23', 'source_lineage': 'votehub-poll-lineage-v3', 'resolution_status': 'race_scoped'}, {'poll_id': 'vh-us-202fab389395b2', 'study_id': 'vh-study-us-202fab389395b2', 'race_id': 'senate-2026-GA', 'question_id': 'vh-us-202fab389395b2:q0', 'candidate_id': 'senate-2026-GA:mike-collins', 'candidate_name': 'Mike Collins', 'ballot_party': 'R', 'caucus': 'R', 'raw_share': 43.0, 'undecided': None, 'other': None, 'candidate_set_version': 'race-scoped-candidate-set-v1', 'field_start': '2026-07-13', 'field_end': '2026-07-16', 'available_at': '2026-07-23', 'source_lineage': 'votehub-poll-lineage-v3', 'resolution_status': 'race_scoped'}]",0.0,True
vh-us-202har44ddb49c,vh-study-us-202har44ddb49c,1,Hart Research Associates,The Majority Institute,https://static1.squarespace.com/static/69cec30fc730d61da1000228/t/6a6151119a2cae2aa534d293/1784762641928/07222026.pdf,7db9b680c20491de38977c6e384fc6eb4021d949966b717c94df9b50b8c83c47,2026-06-18,2026-06-24,2026-07-23,,2026-10-10T16:41:48.336232+00:00,2026-07-23,,2026-07-23,2026-06-24,senate-2026,US_SENATE,MT,senate-2026-MT,LV,800.0,,46.739,53.261,0.0,0.0,-6.522,True,include,,votehub-ingest-v3-race-scoped-candidate-level,2026-10-10T16:41:48.336232+00:00,,state-usps-v1,votehub-candidate-matchup-v3-race-scoped,generic_two_way,,,en,1.0,True,False,,senate-2026-MT:alani-bankhead,Alani Bankhead,senate-2026-MT:kurt-alme,Kurt Alme,senate-2026:MT:senate-2026-MT:alani-bankhead|senate-2026-MT:kurt-alme,False,senate-2026-MT:alani-bankhead,Alani Bankhead,D,senate-2026-MT:kurt-alme,Kurt Alme,R,46.739,53.261,-6.522,-6.522,dem_minus_rep_two_party,,,,0.55,0.0,2.2,,prior_default,Alani Bankhead,Kurt Alme,West,"[{'poll_id': 'vh-us-202har44ddb49c', 'study_id': 'vh-study-us-202har44ddb49c', 'race_id': 'senate-2026-MT', 'question_id': 'vh-us-202har44ddb49c:q0', 'candidate_id': 'senate-2026-MT:kurt-alme', 'candidate_name': 'Kurt Alme', 'ballot_party': 'R', 'caucus': 'R', 'raw_share': 49.0, 'undecided': None, 'other': None, 'candidate_set_version': 'race-scoped-candidate-set-v1', 'field_start': '2026-06-18', 'field_end': '2026-06-24', 'available_at': '2026-07-23', 'source_lineage': 'votehub-poll-lineage-v3', 'resolution_status': 'race_scoped'}, {'poll_id': 'vh-us-202har44ddb49c', 'study_id': 'vh-study-us-202har44ddb49c', 'race_id': 'senate-2026-MT', 'question_id': 'vh-us-202har44ddb49c:q0', 'candidate_id': 'senate-2026-MT:alani-bankhead', 'candidate_name': 'Alani Bankhead', 'ballot_party': 'D', 'caucus': 'D', 'raw_share': 43.0, 'undecided': None, 'other': None, 'candidate_set_version': 'race-scoped-candidate-set-v1', 'field_start': '2026-06-18', 'field_end': '2026-06-24', 'available_at': '2026-07-23', 'source_lineage': 'votehub-poll-lineage-v3', 'resolution_status': 'race_scoped'}]",0.0,True
vh-us-202tav913179a0,vh-study-us-202tav913179a0,1,Tavern Research,none,https://242750075.fs1.hubspotusercontent-na2.net/hubfs/242750075/Toplines%20-%20Montana%20Senate%20late%20July%2020260723_143910%20(2).pdf,00be58d9afc319f2751e7554fd405913ffd487f51ff6a0b9e33a7225f8f5851e,2026-07-23,2026-07-27,2026-07-28,,2026-10-10T16:41:48.336232+00:00,2026-07-28,,2026-07-28,2026-07-27,senate-2026,US_SENATE,MT,senate-2026-MT,LV,517.0,,,,0.0,0.0,,False,include,,votehub-ingest-v3-race-scoped-candidate-level,2026-10-10T16:41:48.336232+00:00,,state-usps-v1,votehub-candidate-matchup-v3-race-scoped,generic_two_way,,,en,1.0,True,False,,,,senate-2026-MT:kurt-alme,Kurt Alme,senate-2026:MT:senate-2026-MT:seth-bodnar|senate-2026-MT:kurt-alme,False,senate-2026-MT:seth-bodnar,Seth Bodnar,I,senate-2026-MT:kurt-alme,Kurt Alme,R,49.0,51.0,-2.0,-2.0,modeled_minus_opposing_two_candidate,,,,0.55,0.0,2.2,,prior_default,,Kurt Alme,West,"[{'poll_id': 'vh-us-202tav913179a0', 'study_id': 'vh-study-us-202tav913179a0', 'race_id': 'senate-2026-MT', 'question_id': 'vh-us-202tav913179a0:q0', 'candidate_id': 'senate-2026-MT:kurt-alme', 'candidate_name': 'Kurt Alme', 'ballot_party': 'R', 'caucus': 'R', 'raw_share': 51.0, 'undecided': None, 'other': None, 'candidate_set_version': 'race-scoped-candidate-set-v1', 'field_start': '2026-07-23', 'field_end': '2026-07-27', 'available_at': '2026-07-28', 'source_lineage': 'votehub-poll-lineage-v3', 'resolution_status': 'race_scoped'}, {'poll_id': 'vh-us-202tav913179a0', 'study_id': 'vh-study-us-202tav913179a0', 'race_id': 'senate-2026-MT', 'question_id': 'vh-us-202tav913179a0:q0', 'candidate_id': 'senate-2026-MT:seth-bodnar', 'candidate_name': 'Seth Bodnar', 'ballot_party': 'I', 'caucus': 'D', 'raw_share': 49.0, 'undecided': None, 'other': None, 'candidate_set_version': 'race-scoped-candidate-set-v1', 'field_start': '2026-07-23', 'field_end': '2026-07-27', 'available_at': '2026-07-28', 'source_lineage': 'votehub-poll-lineage-v3', 'resolution_status': 'race_scoped'}]",0.0,True
vh-us-202tav1d399417,vh-study-us-202tav1d399417,1,Tavern Research,none,https://242750075.fs1.hubspotusercontent-na2.net/hubfs/242750075/Toplines%20-%20Montana%20Senate%20late%20July%2020260723_143910%20(2).pdf,5a5bc5e933caed08540895abd17705d98691730ac676adc56acdd2122af5b863,2026-07-23,2026-07-27,2026-07-28,,2026-10-10T16:41:48.336232+00:00,2026-07-28,,2026-07-28,2026-07-27,senate-2026,US_SENATE,MT,senate-2026-MT,LV,517.0,,41.0,59.0,0.0,0.0,-18.0,False,include,,votehub-ingest-v3-race-scoped-candidate-level,2026-10-10T16:41:48.336232+00:00,,state-usps-v1,votehub-candidate-matchup-v3-race-scoped,generic_two_way,,,en,1.0,True,False,,senate-2026-MT:alani-bankhead,Alani Bankhead,senate-2026-MT:kurt-alme,Kurt Alme,senate-2026:MT:senate-2026-MT:alani-bankhead|senate-2026-MT:kurt-alme,False,senate-2026-MT:alani-bankhead,Alani Bankhead,D,senate-2026-MT:kurt-alme,Kurt Alme,R,41.0,59.0,-18.0,-18.0,dem_minus_rep_two_party,,,,0.55,0.0,2.2,,prior_default,Alani Bankhead,Kurt Alme,West,"[{'poll_id': 'vh-us-202tav1d399417', 'study_id': 'vh-study-us-202tav1d399417', 'race_id': 'senate-2026-MT', 'question_id': 'vh-us-202tav1d399417:q0', 'candidate_id': 'senate-2026-MT:kurt-alme', 'candidate_name': 'Kurt Alme', 'ballot_party': 'R', 'caucus': 'R', 'raw_share': 59.0, 'undecided': None, 'other': None, 'candidate_set_version': 'race-scoped-candidate-set-v1', 'field_start': '2026-07-23', 'field_end': '2026-07-27', 'available_at': '2026-07-28', 'source_lineage': 'votehub-poll-lineage-v3', 'resolution_status': 'race_scoped'}, {'poll_id': 'vh-us-202tav1d399417', 'study_id': 'vh-study-us-202tav1d399417', 'race_id': 'senate-2026-MT', 'question_id': 'vh-us-202tav1d399417:q0', 'candidate_id': 'senate-2026-MT:alani-bankhead', 'candidate_name': 'Alani Bankhead', 'ballot_party': 'D', 'caucus': 'D', 'raw_share': 41.0, 'undecided': None, 'other': None, 'candidate_set_version': 'race-scoped-candidate-set-v1', 'field_start': '2026-07-23', 'field_end': '2026-07-27', 'available_at': '2026-07-28', 'source_lineage': 'votehub-poll-lineage-v3', 'resolution_status': 'race_scoped'}]",0.0,True
vh-us-202tav5960dbe5,vh-study-us-202tav5960dbe5,1,Tavern Research,none,https://242750075.fs1.hubspotusercontent-na2.net/hubfs/242750075/Toplines%20-%20Montana%20Senate%20late%20July%2020260723_143910%20(2).pdf,19ba94e5e1fafc6f5226cf806b69a3b4128020d98f408aef9de9f4a4123b7e16,2026-07-23,2026-07-27,2026-07-28,,2026-10-10T16:41:48.336232+00:00,2026-07-28,,2026-07-28,2026-07-27,senate-2026,US_SENATE,MT,senate-2026-MT,LV,517.0,,,,0.0,22.0,,False,include,,votehub-ingest-v3-race-scoped-candidate-level,2026-10-10T16:41:48.336232+00:00,,state-usps-v1,votehub-candidate-matchup-v3-race-scoped,generic_two_way,,,en,1.0,True,True,,,,senate-2026-MT:kurt-alme,Kurt Alme,senate-2026:MT:senate-2026-MT:seth-bodnar|senate-2026-MT:kurt-alme,False,senate-2026-MT:seth-bodnar,Seth Bodnar,I,senate-2026-MT:kurt-alme,Kurt Alme,R,35.526,64.474,-28.947,-28.947,modeled_minus_opposing_two_candidate,,,,0.55,0.0,2.2,,prior_default,,Kurt Alme,West,"[{'poll_id': 'vh-us-202tav5960dbe5', 'study_id': 'vh-study-us-202tav5960dbe5', 'race_id': 'senate-2026-MT', 'question_id': 'vh-us-202tav5960dbe5:q0', 'candidate_id': 'senate-2026-MT:kurt-alme', 'candidate_name': 'Kurt Alme', 'ballot_party': 'R', 'caucus': 'R', 'raw_share': 49.0, 'undecided': None, 'other': None, 'candidate_set_version': 'race-scoped-candidate-set-v1', 'field_start': '2026-07-23', 'field_end': '2026-07-27', 'available_at': '2026-07-28', 'source_lineage': 'votehub-poll-lineage-v3', 'resolution_status': 'race_scoped'}, {'poll_id': 'vh-us-202tav5960dbe5', 'study_id': 'vh-study-us-202tav5960dbe5', 'race_id': 'senate-2026-MT', 'question_id': 'vh-us-202tav5960dbe5:q0', 'candidate_id': 'senate-2026-MT:alani-bankhead', 'candidate_name': 'Alani Bankhead', 'ballot_party': 'D', 'caucus': 'D', 'raw_share': 22.0, 'undecided': None, 'other': None, 'candidate_set_version': 'race-scoped-candidate-set-v1', 'field_start': '2026-07-23', 'field_end': '2026-07-27', 'available_at': '2026-07-28', 'source_lineage': 'votehub-poll-lineage-v3', 'resolution_status': 'race_scoped'}, {'poll_id': 'vh-us-202tav5960dbe5', 'study_id': 'vh-study-us-202tav5960dbe5', 'race_id': 'senate-2026-MT', 'question_id': 'vh-us-202tav5960dbe5:q0', 'candidate_id': 'senate-2026-MT:seth-bodnar', 'candidate_name': 'Seth Bodnar', 'ballot_party': 'I', 'caucus': 'D', 'raw_share': 27.0, 'undecided': None, 'other': None, 'candidate_set_version': 'race-scoped-candidate-set-v1', 'field_start': '2026-07-23', 'field_end': '2026-07-27', 'available_at': '2026-07-28', 'source_lineage': 'votehub-poll-lineage-v3', 'resolution_status': 'race_scoped'}]",0.0,True
vh-us-202tav83ffdf29,vh-study-us-202tav83ffdf29,1,Tavern Research,none,https://242750075.fs1.hubspotusercontent-na2.net/hubfs/242750075/Toplines%20-%20Montana%20Senate%20late%20July%2020260723_143910%20(2).pdf,0b7d9f3775a8240ea672771e538cf71c0e12b0660175766ae6d649bd20a0d6e8,2026-07-23,2026-07-27,2026-07-28,,2026-10-10T16:41:48.336232+00:00,2026-07-28,,2026-07-28,2026-07-27,senate-2026,US_SENATE,MT,senate-2026-MT,LV,517.0,,,,0.0,26.0,,False,include,,votehub-ingest-v3-race-scoped-candidate-level,2026-10-10T16:41:48.336232+00:00,,state-usps-v1,votehub-candidate-matchup-v3-race-scoped,generic_two_way,,,en,1.0,True,True,,,,senate-2026-MT:kurt-alme,Kurt Alme,senate-2026:MT:senate-2026-MT:seth-bodnar|senate-2026-MT:kurt-alme,False,senate-2026-MT:seth-bodnar,Seth Bodnar,I,senate-2026-MT:kurt-alme,Kurt Alme,R,33.784,66.216,-32.432,-32.432,modeled_minus_opposing_two_candidate,,,,0.55,0.0,2.2,,prior_default,,Kurt Alme,West,"[{'poll_id': 'vh-us-202tav83ffdf29', 'study_id': 'vh-study-us-202tav83ffdf29', 'race_id': 'senate-2026-MT', 'question_id': 'vh-us-202tav83ffdf29:q0', 'candidate_id': 'senate-2026-MT:kurt-alme', 'candidate_name': 'Kurt Alme', 'ballot_party': 'R', 'caucus': 'R', 'raw_share': 49.0, 'undecided': None, 'other': None, 'candidate_set_version': 'race-scoped-candidate-set-v1', 'field_start': '2026-07-23', 'field_end': '2026-07-27', 'available_at': '2026-07-28', 'source_lineage': 'votehub-poll-lineage-v3', 'resolution_status': 'race_scoped'}, {'poll_id': 'vh-us-202tav83ffdf29', 'study_id': 'vh-study-us-202tav83ffdf29', 'race_id': 'senate-2026-MT', 'question_id': 'vh-us-202tav83ffdf29:q0', 'candidate_id': 'senate-2026-MT:alani-bankhead', 'candidate_name': 'Alani Bankhead', 'ballot_party': 'D', 'caucus': 'D', 'raw_share': 24.0, 'undecided': None, 'other': None, 'candidate_set_version': 'race-scoped-candidate-set-v1', 'field_start': '2026-07-23', 'field_end': '2026-07-27', 'available_at': '2026-07-28', 'source_lineage': 'votehub-poll-lineage-v3', 'resolution_status': 'race_scoped'}, {'poll_id': 'vh-us-202tav83ffdf29', 'study_id': 'vh-study-us-202tav83ffdf29', 'race_id': 'senate-2026-MT', 'question_id': 'vh-us-202tav83ffdf29:q0', 'candidate_id': 'senate-2026-MT:seth-bodnar', 'candidate_name': 'Seth Bodnar', 'ballot_party': 'I', 'caucus': 'D', 'raw_share': 25.0, 'undecided': None, 'other': None, 'candidate_set_version': 'race-scoped-candidate-set-v1', 'field_start': '2026-07-23', 'field_end': '2026-07-27', 'available_at': '2026-07-28', 'source_lineage': 'votehub-poll-lineage-v3', 'resolution_status': 'race_scoped'}, {'poll_id': 'vh-us-202tav83ffdf29', 'study_id': 'vh-study-us-202tav83ffdf29', 'race_id': 'senate-2026-MT', 'question_id': 'vh-us-202tav83ffdf29:q0', 'candidate_id': 'senate-2026-MT:kyle-austin', 'candidate_name': 'Kyle Austin', 'ballot_party': 'L', 'caucus': None, 'raw_share': 2.0, 'undecided': None, 'other': None, 'candidate_set_version': 'race-scoped-candidate-set-v1', 'field_start': '2026-07-23', 'field_end': '2026-07-27', 'available_at': '2026-07-28', 'source_lineage': 'votehub-poll-lineage-v3', 'resolution_status': 'race_scoped'}]",0.0,True
vh-us-202tav8cd1705b,vh-study-us-202tav8cd1705b,1,Tavern Research,none,https://242750075.fs1.hubspotusercontent-na2.net/hubfs/242750075/Toplines%20-%20Montana%20Senate%20late%20July%2020260723_143910%20(2).pdf,6516624745d95ada98d1d3c42cfaf63bd54fdaec616a228d5e60895d571cf2f6,2026-07-23,2026-07-27,2026-07-28,,2026-10-10T16:41:48.336232+00:00,2026-07-28,,2026-07-28,2026-07-27,senate-2026,US_SENATE,MT,senate-2026-MT,LV,517.0,,39.13,60.87,0.0,8.0,-21.739,False,include,,votehub-ingest-v3-race-scoped-candidate-level,2026-10-10T16:41:48.336232+00:00,,state-usps-v1,votehub-candidate-matchup-v3-race-scoped,generic_two_way,,,en,1.0,True,True,,senate-2026-MT:alani-bankhead,Alani Bankhead,senate-2026-MT:kurt-alme,Kurt Alme,senate-2026:MT:senate-2026-MT:alani-bankhead|senate-2026-MT:kurt-alme,False,senate-2026-MT:alani-bankhead,Alani Bankhead,D,senate-2026-MT:kurt-alme,Kurt Alme,R,39.13,60.87,-21.739,-21.739,dem_minus_rep_two_party,,,,0.55,0.0,2.2,,prior_default,Alani Bankhead,Kurt Alme,West,"[{'poll_id': 'vh-us-202tav8cd1705b', 'study_id': 'vh-study-us-202tav8cd1705b', 'race_id': 'senate-2026-MT', 'question_id': 'vh-us-202tav8cd1705b:q0', 'candidate_id': 'senate-2026-MT:kurt-alme', 'candidate_name': 'Kurt Alme', 'ballot_party': 'R', 'caucus': 'R', 'raw_share': 56.0, 'undecided': None, 'other': None, 'candidate_set_version': 'race-scoped-candidate-set-v1', 'field_start': '2026-07-23', 'field_end': '2026-07-27', 'available_at': '2026-07-28', 'source_lineage': 'votehub-poll-lineage-v3', 'resolution_status': 'race_scoped'}, {'poll_id': 'vh-us-202tav8cd1705b', 'study_id': 'vh-study-us-202tav8cd1705b', 'race_id': 'senate-2026-MT', 'question_id': 'vh-us-202tav8cd1705b:q0', 'candidate_id': 'senate-2026-MT:alani-bankhead', 'candidate_name': 'Alani Bankhead', 'ballot_party': 'D', 'caucus': 'D', 'raw_share': 36.0, 'undecided': None, 'other': None, 'candidate_set_version': 'race-scoped-candidate-set-v1', 'field_start': '2026-07-23', 'field_end': '2026-07-27', 'available_at': '2026-07-28', 'source_lineage': 'votehub-poll-lineage-v3', 'resolution_status': 'race_scoped'}, {'poll_id': 'vh-us-202tav8cd1705b', 'study_id': 'vh-study-us-202tav8cd1705b', 'race_id': 'senate-2026-MT', 'question_id': 'vh-us-202tav8cd1705b:q0', 'candidate_id': 'senate-2026-MT:kyle-austin', 'candidate_name': 'Kyle Austin', 'ballot_party': 'L', 'caucus': None, 'raw_share': 8.0, 'undecided': None, 'other': None, 'candidate_set_version': 'race-scoped-candidate-set-v1', 'field_start': '2026-07-23', 'field_end': '2026-07-27', 'available_at': '2026-07-28', 'source_lineage': 'votehub-poll-lineage-v3', 'resolution_status': 'race_scoped'}]",0.0,True
vh-us-202tavbdc1a03d,vh-study-us-202tavbdc1a03d,1,Tavern Research,none,https://242750075.fs1.hubspotusercontent-na2.net/hubfs/242750075/Toplines%20-%20Montana%20Senate%20late%20July%2020260723_143910%20(2).pdf,ceb5d1e77fd3a468b8b830830408be9a53f3bbb74a2000163c848baea670b8fd,2026-07-23,2026-07-27,2026-07-28,,2026-10-10T16:41:48.336232+00:00,2026-07-28,,2026-07-28,2026-07-27,senate-2026,US_SENATE,MT,senate-2026-MT,LV,517.0,,,,0.0,5.0,,False,include,,votehub-ingest-v3-race-scoped-candidate-level,2026-10-10T16:41:48.336232+00:00,,state-usps-v1,votehub-candidate-matchup-v3-race-scoped,generic_two_way,,,en,1.0,True,True,,,,senate-2026-MT:kurt-alme,Kurt Alme,senate-2026:MT:senate-2026-MT:seth-bodnar|senate-2026-MT:kurt-alme,False,senate-2026-MT:seth-bodnar,Seth Bodnar,I,senate-2026-MT:kurt-alme,Kurt Alme,R,47.368,52.632,-5.263,-5.263,modeled_minus_opposing_two_candidate,,,,0.55,0.0,2.2,,prior_default,,Kurt Alme,West,"[{'poll_id': 'vh-us-202tavbdc1a03d', 'study_id': 'vh-study-us-202tavbdc1a03d', 'race_id': 'senate-2026-MT', 'question_id': 'vh-us-202tavbdc1a03d:q0', 'candidate_id': 'senate-2026-MT:kurt-alme', 'candidate_name': 'Kurt Alme', 'ballot_party': 'R', 'caucus': 'R', 'raw_share': 50.0, 'undecided': None, 'other': None, 'candidate_set_version': 'race-scoped-candidate-set-v1', 'field_start': '2026-07-23', 'field_end': '2026-07-27', 'available_at': '2026-07-28', 'source_lineage': 'votehub-poll-lineage-v3', 'resolution_status': 'race_scoped'}, {'poll_id': 'vh-us-202tavbdc1a03d', 'study_id': 'vh-study-us-202tavbdc1a03d', 'race_id': 'senate-2026-MT', 'question_id': 'vh-us-202tavbdc1a03d:q0', 'candidate_id': 'senate-2026-MT:seth-bodnar', 'candidate_name': 'Seth Bodnar', 'ballot_party': 'I', 'caucus': 'D', 'raw_share': 45.0, 'undecided': None, 'other': None, 'candidate_set_version': 'race-scoped-candidate-set-v1', 'field_start': '2026-07-23', 'field_end': '2026-07-27', 'available_at': '2026-07-28', 'source_lineage': 'votehub-poll-lineage-v3', 'resolution_status': 'race_scoped'}, {'poll_id': 'vh-us-202tavbdc1a03d', 'study_id': 'vh-study-us-202tavbdc1a03d', 'race_id': 'senate-2026-MT', 'question_id': 'vh-us-202tavbdc1a03d:q0', 'candidate_id': 'senate-2026-MT:kyle-austin', 'candidate_name': 'Kyle Austin', 'ballot_party': 'L', 'caucus': None, 'raw_share': 5.0, 'undecided': None, 'other': None, 'candidate_set_version': 'race-scoped-candidate-set-v1', 'field_start': '2026-07-23', 'field_end': '2026-07-27', 'available_at': '2026-07-28', 'source_lineage': 'votehub-poll-lineage-v3', 'resolution_status': 'race_scoped'}]",0.0,True
vh-us-202gqr6f3c3766,vh-study-us-202gqr6f3c3766,1,GQR,Contours Inc.,https://www.gelliottmorris.com/p/2026-07-28-exclusive-independent-leads-democrat-against-republican-montana,16fb587be9d77dc720a406e3c1945960b07686a1b04ef88aa0dfee6303947963,2026-07-23,2026-07-26,2026-07-28,,2026-10-10T16:41:48.336232+00:00,2026-07-28,,2026-07-28,2026-07-26,senate-2026,US_SENATE,MT,senate-2026-MT,LV,500.0,,,,0.0,28.0,,False,include,,votehub-ingest-v3-race-scoped-candidate-level,2026-10-10T16:41:48.336232+00:00,,state-usps-v1,votehub-candidate-matchup-v3-race-scoped,generic_two_way,,,en,1.0,True,True,,,,senate-2026-MT:kurt-alme,Kurt Alme,senate-2026:MT:senate-2026-MT:seth-bodnar|senate-2026-MT:kurt-alme,False,senate-2026-MT:seth-bodnar,Seth Bodnar,I,senate-2026-MT:kurt-alme,Kurt Alme,R,39.706,60.294,-20.588,-20.588,modeled_minus_opposing_two_candidate,,,,0.6666666666666666,0.0,2.2,2.0,fivethirtyeight_pollster_ratings,,Kurt Alme,West,"[{'poll_id': 'vh-us-202gqr6f3c3766', 'study_id': 'vh-study-us-202gqr6f3c3766', 'race_id': 'senate-2026-MT', 'question_id': 'vh-us-202gqr6f3c3766:q0', 'candidate_id': 'senate-2026-MT:kurt-alme', 'candidate_name': 'Kurt Alme', 'ballot_party': 'R', 'caucus': 'R', 'raw_share': 41.0, 'undecided': None, 'other': None, 'candidate_set_version': 'race-scoped-candidate-set-v1', 'field_start': '2026-07-23', 'field_end': '2026-07-26', 'available_at': '2026-07-28', 'source_lineage': 'votehub-poll-lineage-v3', 'resolution_status': 'race_scoped'}, {'poll_id': 'vh-us-202gqr6f3c3766', 'study_id': 'vh-study-us-202gqr6f3c3766', 'race_id': 'senate-2026-MT', 'question_id': 'vh-us-202gqr6f3c3766:q0', 'candidate_id': 'senate-2026-MT:alani-bankhead', 'candidate_name': 'Alani Bankhead', 'ballot_party': 'D', 'caucus': 'D', 'raw_share': 22.0, 'undecided': None, 'other': None, 'candidate_set_version': 'race-scoped-candidate-set-v1', 'field_start': '2026-07-23', 'field_end': '2026-07-26', 'available_at': '2026-07-28', 'source_lineage': 'votehub-poll-lineage-v3', 'resolution_status': 'race_scoped'}, {'poll_id': 'vh-us-202gqr6f3c3766', 'study_id': 'vh-study-us-202gqr6f3c3766', 'race_id': 'senate-2026-MT', 'question_id': 'vh-us-202gqr6f3c3766:q0', 'candidate_id': 'senate-2026-MT:seth-bodnar', 'candidate_name': 'Seth Bodnar', 'ballot_party': 'I', 'caucus': 'D', 'raw_share': 27.0, 'undecided': None, 'other': None, 'candidate_set_version': 'race-scoped-candidate-set-v1', 'field_start': '2026-07-23', 'field_end': '2026-07-26', 'available_at': '2026-07-28', 'source_lineage': 'votehub-poll-lineage-v3', 'resolution_status': 'race_scoped'}, {'poll_id': 'vh-us-202gqr6f3c3766', 'study_id': 'vh-study-us-202gqr6f3c3766', 'race_id': 'senate-2026-MT', 'question_id': 'vh-us-202gqr6f3c3766:q0', 'candidate_id': 'senate-2026-MT:kyle-austin', 'candidate_name': 'Kyle Austin', 'ballot_party': 'L', 'caucus': None, 'raw_share': 6.0, 'undecided': None, 'other': None, 'candidate_set_version': 'race-scoped-candidate-set-v1', 'field_start': '2026-07-23', 'field_end': '2026-07-26', 'available_at': '2026-07-28', 'source_lineage': 'votehub-poll-lineage-v3', 'resolution_status': 'race_scoped'}]",0.0,True
vh-us-202gqre6dc037c,vh-study-us-202gqre6dc037c,1,GQR,Contours Inc.,https://www.gelliottmorris.com/p/2026-07-28-exclusive-independent-leads-democrat-against-republican-montana,39eb08c81ca8cc495869b6456e335058fea5046dfb52cc9f02af1125d8de5795,2026-07-23,2026-07-26,2026-07-28,,2026-10-10T16:41:48.336232+00:00,2026-07-28,,2026-07-28,2026-07-26,senate-2026,US_SENATE,MT,senate-2026-MT,LV,500.0,,47.619,52.381,0.0,13.0,-4.762,False,include,,votehub-ingest-v3-race-scoped-candidate-level,2026-10-10T16:41:48.336232+00:00,,state-usps-v1,votehub-candidate-matchup-v3-race-scoped,generic_two_way,,,en,1.0,True,True,,senate-2026-MT:alani-bankhead,Alani Bankhead,senate-2026-MT:kurt-alme,Kurt Alme,senate-2026:MT:senate-2026-MT:alani-bankhead|senate-2026-MT:kurt-alme,False,senate-2026-MT:alani-bankhead,Alani Bankhead,D,senate-2026-MT:kurt-alme,Kurt Alme,R,47.619,52.381,-4.762,-4.762,dem_minus_rep_two_party,,,,0.6666666666666666,0.0,2.2,2.0,fivethirtyeight_pollster_ratings,Alani Bankhead,Kurt Alme,West,"[{'poll_id': 'vh-us-202gqre6dc037c', 'study_id': 'vh-study-us-202gqre6dc037c', 'race_id': 'senate-2026-MT', 'question_id': 'vh-us-202gqre6dc037c:q0', 'candidate_id': 'senate-2026-MT:kurt-alme', 'candidate_name': 'Kurt Alme', 'ballot_party': 'R', 'caucus': 'R', 'raw_share': 44.0, 'undecided': None, 'other': None, 'candidate_set_version': 'race-scoped-candidate-set-v1', 'field_start': '2026-07-23', 'field_end': '2026-07-26', 'available_at': '2026-07-28', 'source_lineage': 'votehub-poll-lineage-v3', 'resolution_status': 'race_scoped'}, {'poll_id': 'vh-us-202gqre6dc037c', 'study_id': 'vh-study-us-202gqre6dc037c', 'race_id': 'senate-2026-MT', 'question_id': 'vh-us-202gqre6dc037c:q0', 'candidate_id': 'senate-2026-MT:alani-bankhead', 'candidate_name': 'Alani Bankhead', 'ballot_party': 'D', 'caucus': 'D', 'raw_share': 40.0, 'undecided': None, 'other': None, 'candidate_set_version': 'race-scoped-candidate-set-v1', 'field_start': '2026-07-23', 'field_end': '2026-07-26', 'available_at': '2026-07-28', 'source_lineage': 'votehub-poll-lineage-v3', 'resolution_status': 'race_scoped'}, {'poll_id': 'vh-us-202gqre6dc037c', 'study_id': 'vh-study-us-202gqre6dc037c', 'race_id': 'senate-2026-MT', 'question_id': 'vh-us-202gqre6dc037c:q0', 'candidate_id': 'senate-2026-MT:kyle-austin', 'candidate_name': 'Kyle Austin', 'ballot_party': 'L', 'caucus': None, 'raw_share': 13.0, 'undecided': None, 'other': None, 'candidate_set_version': 'race-scoped-candidate-set-v1', 'field_start': '2026-07-23', 'field_end': '2026-07-26', 'available_at': '2026-07-28', 'source_lineage': 'votehub-poll-lineage-v3', 'resolution_status': 'race_scoped'}]",0.0,True
vh-us-202gqr10c806ef,vh-study-us-202gqr10c806ef,1,GQR,Contours Inc.,https://www.gelliottmorris.com/p/2026-07-28-exclusive-independent-leads-democrat-against-republican-montana,a8627e29b39cc7d20bd11097a91462a2319c5023d2d45e43507628157ce18920,2026-07-23,2026-07-26,2026-07-28,,2026-10-10T16:41:48.336232+00:00,2026-07-28,,2026-07-28,2026-07-26,senate-2026,US_SENATE,MT,senate-2026-MT,LV,500.0,,45.833,54.167,0.0,0.0,-8.333,False,include,,votehub-ingest-v3-race-scoped-candidate-level,2026-10-10T16:41:48.336232+00:00,,state-usps-v1,votehub-candidate-matchup-v3-race-scoped,generic_two_way,,,en,1.0,True,False,,senate-2026-MT:alani-bankhead,Alani Bankhead,senate-2026-MT:kurt-alme,Kurt Alme,senate-2026:MT:senate-2026-MT:alani-bankhead|senate-2026-MT:kurt-alme,False,senate-2026-MT:alani-bankhead,Alani Bankhead,D,senate-2026-MT:kurt-alme,Kurt Alme,R,45.833,54.167,-8.333,-8.333,dem_minus_rep_two_party,,,,0.6666666666666666,0.0,2.2,2.0,fivethirtyeight_pollster_ratings,Alani Bankhead,Kurt Alme,West,"[{'poll_id': 'vh-us-202gqr10c806ef', 'study_id': 'vh-study-us-202gqr10c806ef', 'race_id': 'senate-2026-MT', 'question_id': 'vh-us-202gqr10c806ef:q0', 'candidate_id': 'senate-2026-MT:kurt-alme', 'candidate_name': 'Kurt Alme', 'ballot_party': 'R', 'caucus': 'R', 'raw_share': 52.0, 'undecided': None, 'other': None, 'candidate_set_version': 'race-scoped-candidate-set-v1', 'field_start': '2026-07-23', 'field_end': '2026-07-26', 'available_at': '2026-07-28', 'source_lineage': 'votehub-poll-lineage-v3', 'resolution_status': 'race_scoped'}, {'poll_id': 'vh-us-202gqr10c806ef', 'study_id': 'vh-study-us-202gqr10c806ef', 'race_id': 'senate-2026-MT', 'question_id': 'vh-us-202gqr10c806ef:q0', 'candidate_id': 'senate-2026-MT:alani-bankhead', 'candidate_name': 'Alani Bankhead', 'ballot_party': 'D', 'caucus': 'D', 'raw_share': 44.0, 'undecided': None, 'other': None, 'candidate_set_version': 'race-scoped-candidate-set-v1', 'field_start': '2026-07-23', 'field_end': '2026-07-26', 'available_at': '2026-07-28', 'source_lineage': 'votehub-poll-lineage-v3', 'resolution_status': 'race_scoped'}]",0.0,True
vh-us-202gqr0fc65d4b,vh-study-us-202gqr0fc65d4b,1,GQR,Contours Inc.,https://www.gelliottmorris.com/p/2026-07-28-exclusive-independent-leads-democrat-against-republican-montana,9b1471287045ea76275f2b863e2a8405d8ecef1943a89bd34d8a945fc076cc4c,2026-07-23,2026-07-26,2026-07-28,,2026-10-10T16:41:48.336232+00:00,2026-07-28,,2026-07-28,2026-07-26,senate-2026,US_SENATE,MT,senate-2026-MT,LV,500.0,,,,0.0,11.0,,False,include,,votehub-ingest-v3-race-scoped-candidate-level,2026-10-10T16:41:48.336232+00:00,,state-usps-v1,votehub-candidate-matchup-v3-race-scoped,generic_two_way,,,en,1.0,True,True,,,,senate-2026-MT:kurt-alme,Kurt Alme,senate-2026:MT:senate-2026-MT:seth-bodnar|senate-2026-MT:kurt-alme,False,senate-2026-MT:seth-bodnar,Seth Bodnar,I,senate-2026-MT:kurt-alme,Kurt Alme,R,52.381,47.619,4.762,4.762,modeled_minus_opposing_two_candidate,,,,0.6666666666666666,0.0,2.2,2.0,fivethirtyeight_pollster_ratings,,Kurt Alme,West,"[{'poll_id': 'vh-us-202gqr0fc65d4b', 'study_id': 'vh-study-us-202gqr0fc65d4b', 'race_id': 'senate-2026-MT', 'question_id': 'vh-us-202gqr0fc65d4b:q0', 'candidate_id': 'senate-2026-MT:kurt-alme', 'candidate_name': 'Kurt Alme', 'ballot_party': 'R', 'caucus': 'R', 'raw_share': 40.0, 'undecided': None, 'other': None, 'candidate_set_version': 'race-scoped-candidate-set-v1', 'field_start': '2026-07-23', 'field_end': '2026-07-26', 'available_at': '2026-07-28', 'source_lineage': 'votehub-poll-lineage-v3', 'resolution_status': 'race_scoped'}, {'poll_id': 'vh-us-202gqr0fc65d4b', 'study_id': 'vh-study-us-202gqr0fc65d4b', 'race_id': 'senate-2026-MT', 'question_id': 'vh-us-202gqr0fc65d4b:q0', 'candidate_id': 'senate-2026-MT:seth-bodnar', 'candidate_name': 'Seth Bodnar', 'ballot_party': 'I', 'caucus': 'D', 'raw_share': 44.0, 'undecided': None, 'other': None, 'candidate_set_version': 'race-scoped-candidate-set-v1', 'field_start': '2026-07-23', 'field_end': '2026-07-26', 'available_at': '2026-07-28', 'source_lineage': 'votehub-poll-lineage-v3', 'resolution_status': 'race_scoped'}, {'poll_id': 'vh-us-202gqr0fc65d4b', 'study_id': 'vh-study-us-202gqr0fc65d4b', 'race_id': 'senate-2026-MT', 'question_id': 'vh-us-202gqr0fc65d4b:q0', 'candidate_id': 'senate-2026-MT:kyle-austin', 'candidate_name': 'Kyle Austin', 'ballot_party': 'L', 'caucus': None, 'raw_share': 11.0, 'undecided': None, 'other': None, 'candidate_set_version': 'race-scoped-candidate-set-v1', 'field_start': '2026-07-23', 'field_end': '2026-07-26', 'available_at': '2026-07-28', 'source_lineage': 'votehub-poll-lineage-v3', 'resolution_status': 'race_scoped'}]",0.0,True
vh-us-202gqrcac76706,vh-study-us-202gqrcac76706,1,GQR,Contours Inc.,https://www.gelliottmorris.com/p/2026-07-28-exclusive-independent-leads-democrat-against-republican-montana,55ccc961a32b9b37e9005ac02ca2c54a6f733d2a187e4a12f87f60d97f820bdd,2026-07-23,2026-07-26,2026-07-28,,2026-10-10T16:41:48.336232+00:00,2026-07-28,,2026-07-28,2026-07-26,senate-2026,US_SENATE,MT,senate-2026-MT,LV,500.0,,,,0.0,0.0,,False,include,,votehub-ingest-v3-race-scoped-candidate-level,2026-10-10T16:41:48.336232+00:00,,state-usps-v1,votehub-candidate-matchup-v3-race-scoped,generic_two_way,,,en,1.0,True,False,,,,senate-2026-MT:kurt-alme,Kurt Alme,senate-2026:MT:senate-2026-MT:seth-bodnar|senate-2026-MT:kurt-alme,False,senate-2026-MT:seth-bodnar,Seth Bodnar,I,senate-2026-MT:kurt-alme,Kurt Alme,R,53.191,46.809,6.383,6.383,modeled_minus_opposing_two_candidate,,,,0.6666666666666666,0.0,2.2,2.0,fivethirtyeight_pollster_ratings,,Kurt Alme,West,"[{'poll_id': 'vh-us-202gqrcac76706', 'study_id': 'vh-study-us-202gqrcac76706', 'race_id': 'senate-2026-MT', 'question_id': 'vh-us-202gqrcac76706:q0', 'candidate_id': 'senate-2026-MT:kurt-alme', 'candidate_name': 'Kurt Alme', 'ballot_party': 'R', 'caucus': 'R', 'raw_share': 44.0, 'undecided': None, 'other': None, 'candidate_set_version': 'race-scoped-candidate-set-v1', 'field_start': '2026-07-23', 'field_end': '2026-07-26', 'available_at': '2026-07-28', 'source_lineage': 'votehub-poll-lineage-v3', 'resolution_status': 'race_scoped'}, {'poll_id': 'vh-us-202gqrcac76706', 'study_id': 'vh-study-us-202gqrcac76706', 'race_id': 'senate-2026-MT', 'question_id': 'vh-us-202gqrcac76706:q0', 'candidate_id': 'senate-2026-MT:seth-bodnar', 'candidate_name': 'Seth Bodnar', 'ballot_party': 'I', 'caucus': 'D', 'raw_share': 50.0, 'undecided': None, 'other': None, 'candidate_set_version': 'race-scoped-candidate-set-v1', 'field_start': '2026-07-23', 'field_end': '2026-07-26', 'available_at': '2026-07-28', 'source_lineage': 'votehub-poll-lineage-v3', 'resolution_status': 'race_scoped'}]",0.0,True
vh-us-202sli6204659f,vh-study-us-202sli6204659f,1,Slingshot Strategies,Texas Public Opinion Research,https://texaspublicopinionresearch.substack.com/p/new-poll-james-talaricos-lead-over,d80710778f1d3e6dde41d914fecf33ce22abd29611763b31125b6c003dd51904,2026-07-15,2026-07-17,2026-07-28,,2026-10-10T16:41:48.336232+00:00,2026-07-28,,2026-07-28,2026-07-17,senate-2026,US_SENATE,TX,senate-2026-TX,LV,1048.0,,52.941,47.059,0.0,1.0,5.882,False,include,,votehub-ingest-v3-race-scoped-candidate-level,2026-10-10T16:41:48.336232+00:00,,state-usps-v1,votehub-candidate-matchup-v3-race-scoped,generic_two_way,,,en,1.0,True,True,,senate-2026-TX:james-talarico,James Talarico,senate-2026-TX:ken-paxton,Ken Paxton,senate-2026:TX:senate-2026-TX:james-talarico|senate-2026-TX:ken-paxton,False,senate-2026-TX:james-talarico,James Talarico,D,senate-2026-TX:ken-paxton,Ken Paxton,R,52.941,47.059,5.882,5.882,dem_minus_rep_two_party,,,,0.4666666666666666,0.0,1.0,1.4,fivethirtyeight_pollster_ratings,James Talarico,Ken Paxton,South,"[{'poll_id': 'vh-us-202sli6204659f', 'study_id': 'vh-study-us-202sli6204659f', 'race_id': 'senate-2026-TX', 'question_id': 'vh-us-202sli6204659f:q0', 'candidate_id': 'senate-2026-TX:james-talarico', 'candidate_name': 'James Talarico', 'ballot_party': 'D', 'caucus': 'D', 'raw_share': 45.0, 'undecided': None, 'other': None, 'candidate_set_version': 'race-scoped-candidate-set-v1', 'field_start': '2026-07-15', 'field_end': '2026-07-17', 'available_at': '2026-07-28', 'source_lineage': 'votehub-poll-lineage-v3', 'resolution_status': 'race_scoped'}, {'poll_id': 'vh-us-202sli6204659f', 'study_id': 'vh-study-us-202sli6204659f', 'race_id': 'senate-2026-TX', 'question_id': 'vh-us-202sli6204659f:q0', 'candidate_id': 'senate-2026-TX:ken-paxton', 'candidate_name': 'Ken Paxton', 'ballot_party': 'R', 'caucus': 'R', 'raw_share': 40.0, 'undecided': None, 'other': None, 'candidate_set_version': 'race-scoped-candidate-set-v1', 'field_start': '2026-07-15', 'field_end': '2026-07-17', 'available_at': '2026-07-28', 'source_lineage': 'votehub-poll-lineage-v3', 'resolution_status': 'race_scoped'}, {'poll_id': 'vh-us-202sli6204659f', 'study_id': 'vh-study-us-202sli6204659f', 'race_id': 'senate-2026-TX', 'question_id': 'vh-us-202sli6204659f:q0', 'candidate_id': None, 'candidate_name': 'Ted Brown', 'ballot_party': None, 'caucus': None, 'raw_share': 1.0, 'undecided': None, 'other': None, 'candidate_set_version': 'race-scoped-candidate-set-v1', 'field_start': '2026-07-15', 'field_end': '2026-07-17', 'available_at': '2026-07-28', 'source_lineage': 'votehub-poll-lineage-v3', 'resolution_status': 'unresolved_fail_closed'}]",0.0,True
vh-us-202theb6b894ea,vh-study-us-202theb6b894ea,1,The Bullfinch Group,The Independent Center,https://www.semafor.com/article/07/28/2026/independent-group-eyes-delbenes-seat,c9c9a33b0afc8b68e9361f6561d86c68cfabe2e82b3e5b924bd8ad553ab9ad40,2026-07-13,2026-07-16,2026-07-28,,2026-10-10T16:41:48.336232+00:00,2026-07-28,,2026-07-28,2026-07-16,senate-2026,US_SENATE,MT,senate-2026-MT,LV,793.0,,,,0.0,22.0,,False,include,,votehub-ingest-v3-race-scoped-candidate-level,2026-10-10T16:41:48.336232+00:00,,state-usps-v1,votehub-candidate-matchup-v3-race-scoped,generic_two_way,,,en,1.0,True,True,,,,senate-2026-MT:kurt-alme,Kurt Alme,senate-2026:MT:senate-2026-MT:seth-bodnar|senate-2026-MT:kurt-alme,False,senate-2026-MT:seth-bodnar,Seth Bodnar,I,senate-2026-MT:kurt-alme,Kurt Alme,R,40.0,60.0,-20.0,-20.0,modeled_minus_opposing_two_candidate,,,,0.55,0.0,2.2,,prior_default,,Kurt Alme,West,"[{'poll_id': 'vh-us-202theb6b894ea', 'study_id': 'vh-study-us-202theb6b894ea', 'race_id': 'senate-2026-MT', 'question_id': 'vh-us-202theb6b894ea:q0', 'candidate_id': 'senate-2026-MT:kurt-alme', 'candidate_name': 'Kurt Alme', 'ballot_party': 'R', 'caucus': 'R', 'raw_share': 36.0, 'undecided': None, 'other': None, 'candidate_set_version': 'race-scoped-candidate-set-v1', 'field_start': '2026-07-13', 'field_end': '2026-07-16', 'available_at': '2026-07-28', 'source_lineage': 'votehub-poll-lineage-v3', 'resolution_status': 'race_scoped'}, {'poll_id': 'vh-us-202theb6b894ea', 'study_id': 'vh-study-us-202theb6b894ea', 'race_id': 'senate-2026-MT', 'question_id': 'vh-us-202theb6b894ea:q0', 'candidate_id': 'senate-2026-MT:alani-bankhead', 'candidate_name': 'Alani Bankhead', 'ballot_party': 'D', 'caucus': 'D', 'raw_share': 22.0, 'undecided': None, 'other': None, 'candidate_set_version': 'race-scoped-candidate-set-v1', 'field_start': '2026-07-13', 'field_end': '2026-07-16', 'available_at': '2026-07-28', 'source_lineage': 'votehub-poll-lineage-v3', 'resolution_status': 'race_scoped'}, {'poll_id': 'vh-us-202theb6b894ea', 'study_id': 'vh-study-us-202theb6b894ea', 'race_id': 'senate-2026-MT', 'question_id': 'vh-us-202theb6b894ea:q0', 'candidate_id': 'senate-2026-MT:seth-bodnar', 'candidate_name': 'Seth Bodnar', 'ballot_party': 'I', 'caucus': 'D', 'raw_share': 24.0, 'undecided': None, 'other': None, 'candidate_set_version': 'race-scoped-candidate-set-v1', 'field_start': '2026-07-13', 'field_end': '2026-07-16', 'available_at': '2026-07-28', 'source_lineage': 'votehub-poll-lineage-v3', 'resolution_status': 'race_scoped'}]",0.0,True
vh-us-202gle7fc79cd5,vh-study-us-202gle7fc79cd5,1,"Glengariff Group, Inc.","Michigan Education Association,Business Leaders For Michigan",https://mea.org/wp-content/uploads/2026/07/MICHIGAN-EDUCATION-SURVEY-REPORT-FINAL54.pdf,cd35d6d90092032e717e275785da9846491fd713b98fbe6519f7395d50b03ce1,2026-07-22,2026-07-24,2026-07-28,,2026-10-10T16:41:48.336232+00:00,2026-07-28,,2026-07-28,2026-07-24,senate-2026,US_SENATE,MI,senate-2026-MI,LV,600.0,,44.128,55.872,0.0,0.0,-11.745,False,include,,votehub-ingest-v3-race-scoped-candidate-level,2026-10-10T16:41:48.336232+00:00,,state-usps-v1,votehub-candidate-matchup-v3-race-scoped,generic_two_way,,,en,1.0,True,False,,senate-2026-MI:abdul-el-sayed,Abdul El-Sayed,senate-2026-MI:mike-rogers,Mike Rogers,senate-2026:MI:senate-2026-MI:abdul-el-sayed|senate-2026-MI:mike-rogers,False,senate-2026-MI:abdul-el-sayed,Abdul El-Sayed,D,senate-2026-MI:mike-rogers,Mike Rogers,R,44.128,55.872,-11.745,-11.745,dem_minus_rep_two_party,,,,0.55,0.0,2.2,,prior_default,Abdul El-Sayed,Mike Rogers,Midwest,"[{'poll_id': 'vh-us-202gle7fc79cd5', 'study_id': 'vh-study-us-202gle7fc79cd5', 'race_id': 'senate-2026-MI', 'question_id': 'vh-us-202gle7fc79cd5:q0', 'candidate_id': 'senate-2026-MI:abdul-el-sayed', 'candidate_name': 'Abdul El-Sayed', 'ballot_party': 'D', 'caucus': 'D', 'raw_share': 38.7, 'undecided': None, 'other': None, 'candidate_set_version': 'race-scoped-candidate-set-v1', 'field_start': '2026-07-22', 'field_end': '2026-07-24', 'available_at': '2026-07-28', 'source_lineage': 'votehub-poll-lineage-v3', 'resolution_status': 'race_scoped'}, {'poll_id': 'vh-us-202gle7fc79cd5', 'study_id': 'vh-study-us-202gle7fc79cd5', 'race_id': 'senate-2026-MI', 'question_id': 'vh-us-202gle7fc79cd5:q0', 'candidate_id': 'senate-2026-MI:mike-rogers', 'candidate_name': 'Mike Rogers', 'ballot_party': 'R', 'caucus': 'R', 'raw_share': 49.0, 'undecided': None, 'other': None, 'candidate_set_version': 'race-scoped-candidate-set-v1', 'field_start': '2026-07-22', 'field_end': '2026-07-24', 'available_at': '2026-07-28', 'source_lineage': 'votehub-poll-lineage-v3', 'resolution_status': 'race_scoped'}]",0.0,True
vh-us-202beacaddacc4,vh-study-us-202beacaddacc4,1,Beacon-Shaw,Fox News,https://www.foxnews.com/politics/fox-news-poll-democratic-enthusiasm-shapes-north-carolina-senate-race,be7f6b5f6a9d46072cbc2613323d5d28bcf72000ffc0b1711d795ceaaffef856,2026-07-23,2026-07-27,2026-07-30,,2026-10-10T16:41:48.336232+00:00,2026-07-30,,2026-07-30,2026-07-27,senate-2026,US_SENATE,NC,senate-2026-NC,RV,1005.0,,54.639,45.361,0.0,0.0,9.278,False,include,,votehub-ingest-v3-race-scoped-candidate-level,2026-10-10T16:41:48.336232+00:00,,state-usps-v1,votehub-candidate-matchup-v3-race-scoped,generic_two_way,,,en,1.0,True,False,,senate-2026-NC:roy-cooper,Roy Cooper,senate-2026-NC:michael-whatley,Michael Whatley,senate-2026:NC:senate-2026-NC:roy-cooper|senate-2026-NC:michael-whatley,False,senate-2026-NC:roy-cooper,Roy Cooper,D,senate-2026-NC:michael-whatley,Michael Whatley,R,54.639,45.361,9.278,9.278,dem_minus_rep_two_party,,,,0.88,0.62,2.0410000000000004,A,votehub_pollster_scorecards,Roy Cooper,Michael Whatley,South,"[{'poll_id': 'vh-us-202beacaddacc4', 'study_id': 'vh-study-us-202beacaddacc4', 'race_id': 'senate-2026-NC', 'question_id': 'vh-us-202beacaddacc4:q0', 'candidate_id': 'senate-2026-NC:roy-cooper', 'candidate_name': 'Roy Cooper', 'ballot_party': 'D', 'caucus': 'D', 'raw_share': 53.0, 'undecided': None, 'other': None, 'candidate_set_version': 'race-scoped-candidate-set-v1', 'field_start': '2026-07-23', 'field_end': '2026-07-27', 'available_at': '2026-07-30', 'source_lineage': 'votehub-poll-lineage-v3', 'resolution_status': 'race_scoped'}, {'poll_id': 'vh-us-202beacaddacc4', 'study_id': 'vh-study-us-202beacaddacc4', 'race_id': 'senate-2026-NC', 'question_id': 'vh-us-202beacaddacc4:q0', 'candidate_id': 'senate-2026-NC:michael-whatley', 'candidate_name': 'Michael Whatley', 'ballot_party': 'R', 'caucus': 'R', 'raw_share': 44.0, 'undecided': None, 'other': None, 'candidate_set_version': 'race-scoped-candidate-set-v1', 'field_start': '2026-07-23', 'field_end': '2026-07-27', 'available_at': '2026-07-30', 'source_lineage': 'votehub-poll-lineage-v3', 'resolution_status': 'race_scoped'}]",0.0,True
vh-us-202bea54820d8d,vh-study-us-202bea54820d8d,1,Beacon-Shaw,Fox News,https://www.foxnews.com/politics/fox-news-poll-gop-divisions-shape-texas-senate-race,6032ee09987134c01a62d19b1966d3c607d3b021854966e395816037c1a2bac6,2026-07-23,2026-07-27,2026-07-30,,2026-10-10T16:41:48.336232+00:00,2026-07-30,,2026-07-30,2026-07-27,senate-2026,US_SENATE,TX,senate-2026-TX,RV,1006.0,,51.515,48.485,0.0,0.0,3.03,False,include,,votehub-ingest-v3-race-scoped-candidate-level,2026-10-10T16:41:48.336232+00:00,,state-usps-v1,votehub-candidate-matchup-v3-race-scoped,generic_two_way,,,en,1.0,True,False,,senate-2026-TX:james-talarico,James Talarico,senate-2026-TX:ken-paxton,Ken Paxton,senate-2026:TX:senate-2026-TX:james-talarico|senate-2026-TX:ken-paxton,False,senate-2026-TX:james-talarico,James Talarico,D,senate-2026-TX:ken-paxton,Ken Paxton,R,51.515,48.485,3.03,3.03,dem_minus_rep_two_party,,,,0.88,0.62,2.0410000000000004,A,votehub_pollster_scorecards,James Talarico,Ken Paxton,South,"[{'poll_id': 'vh-us-202bea54820d8d', 'study_id': 'vh-study-us-202bea54820d8d', 'race_id': 'senate-2026-TX', 'question_id': 'vh-us-202bea54820d8d:q0', 'candidate_id': 'senate-2026-TX:james-talarico', 'candidate_name': 'James Talarico', 'ballot_party': 'D', 'caucus': 'D', 'raw_share': 51.0, 'undecided': None, 'other': None, 'candidate_set_version': 'race-scoped-candidate-set-v1', 'field_start': '2026-07-23', 'field_end': '2026-07-27', 'available_at': '2026-07-30', 'source_lineage': 'votehub-poll-lineage-v3', 'resolution_status': 'race_scoped'}, {'poll_id': 'vh-us-202bea54820d8d', 'study_id': 'vh-study-us-202bea54820d8d', 'race_id': 'senate-2026-TX', 'question_id': 'vh-us-202bea54820d8d:q0', 'candidate_id': 'senate-2026-TX:ken-paxton', 'candidate_name': 'Ken Paxton', 'ballot_party': 'R', 'caucus': 'R', 'raw_share': 48.0, 'undecided': None, 'other': None, 'candidate_set_version': 'race-scoped-candidate-set-v1', 'field_start': '2026-07-23', 'field_end': '2026-07-27', 'available_at': '2026-07-30', 'source_lineage': 'votehub-poll-lineage-v3', 'resolution_status': 'race_scoped'}]",0.0,True
vh-us-202soc6e865068,vh-study-us-202soc6e865068,1,SoCal Strategies,Red Eagle Politics,https://socalstrategies.substack.com/p/abdul-el-sayed-holds-17-point-primary,c3c91e7fc38ae5e1d90c8d16511d7f88c14326ead4faf85e933c3b0a23bc2570,2026-07-28,2026-07-30,2026-07-31,,2026-10-10T16:41:48.336232+00:00,2026-07-31,,2026-07-31,2026-07-30,senate-2026,US_SENATE,MI,senate-2026-MI,LV,640.0,,49.398,50.602,0.0,0.0,-1.205,True,include,,votehub-ingest-v3-race-scoped-candidate-level,2026-10-10T16:41:48.336232+00:00,,state-usps-v1,votehub-candidate-matchup-v3-race-scoped,generic_two_way,,,en,1.0,True,False,,senate-2026-MI:abdul-el-sayed,Abdul El-Sayed,senate-2026-MI:mike-rogers,Mike Rogers,senate-2026:MI:senate-2026-MI:abdul-el-sayed|senate-2026-MI:mike-rogers,False,senate-2026-MI:abdul-el-sayed,Abdul El-Sayed,D,senate-2026-MI:mike-rogers,Mike Rogers,R,49.398,50.602,-1.205,-1.205,dem_minus_rep_two_party,,,,0.72,-0.03,2.151,B,votehub_pollster_scorecards,Abdul El-Sayed,Mike Rogers,Midwest,"[{'poll_id': 'vh-us-202soc6e865068', 'study_id': 'vh-study-us-202soc6e865068', 'race_id': 'senate-2026-MI', 'question_id': 'vh-us-202soc6e865068:q0', 'candidate_id': 'senate-2026-MI:abdul-el-sayed', 'candidate_name': 'Abdul El-Sayed', 'ballot_party': 'D', 'caucus': 'D', 'raw_share': 41.0, 'undecided': None, 'other': None, 'candidate_set_version': 'race-scoped-candidate-set-v1', 'field_start': '2026-07-28', 'field_end': '2026-07-30', 'available_at': '2026-07-31', 'source_lineage': 'votehub-poll-lineage-v3', 'resolution_status': 'race_scoped'}, {'poll_id': 'vh-us-202soc6e865068', 'study_id': 'vh-study-us-202soc6e865068', 'race_id': 'senate-2026-MI', 'question_id': 'vh-us-202soc6e865068:q0', 'candidate_id': 'senate-2026-MI:mike-rogers', 'candidate_name': 'Mike Rogers', 'ballot_party': 'R', 'caucus': 'R', 'raw_share': 42.0, 'undecided': None, 'other': None, 'candidate_set_version': 'race-scoped-candidate-set-v1', 'field_start': '2026-07-28', 'field_end': '2026-07-30', 'available_at': '2026-07-31', 'source_lineage': 'votehub-poll-lineage-v3', 'resolution_status': 'race_scoped'}]",0.0,True
vh-us-202epife4108d8,vh-study-us-202epife4108d8,1,EPIC-MRA,MIRS,https://api.votehub.com/polls/us-202epife4108d8,de7799314e7a55ea88a7cb7c004e40eb67dfe4af50d0d7393ce725b92d3f6370,2026-07-24,2026-07-31,2026-08-02,,2026-10-10T16:41:48.336232+00:00,2026-08-02,,2026-08-02,2026-07-31,senate-2026,US_SENATE,MI,senate-2026-MI,LV,600.0,,48.315,51.685,0.0,0.0,-3.371,False,include,,votehub-ingest-v3-race-scoped-candidate-level,2026-10-10T16:41:48.336232+00:00,,state-usps-v1,votehub-candidate-matchup-v3-race-scoped,generic_two_way,,,en,1.0,True,False,,senate-2026-MI:abdul-el-sayed,Abdul El-Sayed,senate-2026-MI:mike-rogers,Mike Rogers,senate-2026:MI:senate-2026-MI:abdul-el-sayed|senate-2026-MI:mike-rogers,False,senate-2026-MI:abdul-el-sayed,Abdul El-Sayed,D,senate-2026-MI:mike-rogers,Mike Rogers,R,48.315,51.685,-3.371,-3.371,dem_minus_rep_two_party,,,,0.6333333333333333,0.0,2.2,1.9,fivethirtyeight_pollster_ratings,Abdul El-Sayed,Mike Rogers,Midwest,"[{'poll_id': 'vh-us-202epife4108d8', 'study_id': 'vh-study-us-202epife4108d8', 'race_id': 'senate-2026-MI', 'question_id': 'vh-us-202epife4108d8:q0', 'candidate_id': 'senate-2026-MI:mike-rogers', 'candidate_name': 'Mike Rogers', 'ballot_party': 'R', 'caucus': 'R', 'raw_share': 46.0, 'undecided': None, 'other': None, 'candidate_set_version': 'race-scoped-candidate-set-v1', 'field_start': '2026-07-24', 'field_end': '2026-07-31', 'available_at': '2026-08-02', 'source_lineage': 'votehub-poll-lineage-v3', 'resolution_status': 'race_scoped'}, {'poll_id': 'vh-us-202epife4108d8', 'study_id': 'vh-study-us-202epife4108d8', 'race_id': 'senate-2026-MI', 'question_id': 'vh-us-202epife4108d8:q0', 'candidate_id': 'senate-2026-MI:abdul-el-sayed', 'candidate_name': 'Abdul El-Sayed', 'ballot_party': 'D', 'caucus': 'D', 'raw_share': 43.0, 'undecided': None, 'other': None, 'candidate_set_version': 'race-scoped-candidate-set-v1', 'field_start': '2026-07-24', 'field_end': '2026-07-31', 'available_at': '2026-08-02', 'source_lineage': 'votehub-poll-lineage-v3', 'resolution_status': 'race_scoped'}]",0.0,True
vh-us-202mit1e6a5692,vh-study-us-202mit1e6a5692,1,Mitchell Research & Communications,none,https://static1.squarespace.com/static/5f14ae6fb2a20e01e9c6d608/t/6a6d26262f442f133d15fa49/1785538087149/MITCHELL+MI+Poll+Nov+Electio+Press+Release+7-31-2026+305PM_A.pdf,5ce4cb57184b057d5b2af8da74b5abc7c74cad3a152b8015b543c936354704cc,2026-07-28,2026-07-29,2026-08-03,,2026-10-10T16:41:48.336232+00:00,2026-08-03,,2026-08-03,2026-07-29,senate-2026,US_SENATE,MI,senate-2026-MI,LV,672.0,,50.0,50.0,0.0,0.0,0.0,False,include,,votehub-ingest-v3-race-scoped-candidate-level,2026-10-10T16:41:48.336232+00:00,,state-usps-v1,votehub-candidate-matchup-v3-race-scoped,generic_two_way,,,en,1.0,True,False,,senate-2026-MI:abdul-el-sayed,Abdul El-Sayed,senate-2026-MI:mike-rogers,Mike Rogers,senate-2026:MI:senate-2026-MI:abdul-el-sayed|senate-2026-MI:mike-rogers,False,senate-2026-MI:abdul-el-sayed,Abdul El-Sayed,D,senate-2026-MI:mike-rogers,Mike Rogers,R,50.0,50.0,0.0,0.0,dem_minus_rep_two_party,,,,0.7999999999999999,0.0,1.0,2.4,fivethirtyeight_pollster_ratings,Abdul El-Sayed,Mike Rogers,Midwest,"[{'poll_id': 'vh-us-202mit1e6a5692', 'study_id': 'vh-study-us-202mit1e6a5692', 'race_id': 'senate-2026-MI', 'question_id': 'vh-us-202mit1e6a5692:q0', 'candidate_id': 'senate-2026-MI:abdul-el-sayed', 'candidate_name': 'Abdul El-Sayed', 'ballot_party': 'D', 'caucus': 'D', 'raw_share': 45.0, 'undecided': None, 'other': None, 'candidate_set_version': 'race-scoped-candidate-set-v1', 'field_start': '2026-07-28', 'field_end': '2026-07-29', 'available_at': '2026-08-03', 'source_lineage': 'votehub-poll-lineage-v3', 'resolution_status': 'race_scoped'}, {'poll_id': 'vh-us-202mit1e6a5692', 'study_id': 'vh-study-us-202mit1e6a5692', 'race_id': 'senate-2026-MI', 'question_id': 'vh-us-202mit1e6a5692:q0', 'candidate_id': 'senate-2026-MI:mike-rogers', 'candidate_name': 'Mike Rogers', 'ballot_party': 'R', 'caucus': 'R', 'raw_share': 45.0, 'undecided': None, 'other': None, 'candidate_set_version': 'race-scoped-candidate-set-v1', 'field_start': '2026-07-28', 'field_end': '2026-07-29', 'available_at': '2026-08-03', 'source_lineage': 'votehub-poll-lineage-v3', 'resolution_status': 'race_scoped'}]",0.0,True
vh-us-202wed4dcf8c6b,vh-study-us-202wed4dcf8c6b,1,Wedgewood Polls,none,https://drive.google.com/file/u/1/d/1t2mC4MFActxiBdx4ef_5crisXjD9xH7a/view,86520e18d4ecf8e8377ac2f7bda5fd10b20f12d50ad6bb935264c72c650b06b6,2026-07-30,2026-07-31,2026-08-03,,2026-10-10T16:41:48.336232+00:00,2026-08-03,,2026-08-03,2026-07-31,senate-2026,US_SENATE,TX,senate-2026-TX,LV,800.0,,51.064,48.936,0.0,0.0,2.128,False,include,,votehub-ingest-v3-race-scoped-candidate-level,2026-10-10T16:41:48.336232+00:00,,state-usps-v1,votehub-candidate-matchup-v3-race-scoped,generic_two_way,,,en,1.0,True,False,,senate-2026-TX:james-talarico,James Talarico,senate-2026-TX:ken-paxton,Ken Paxton,senate-2026:TX:senate-2026-TX:james-talarico|senate-2026-TX:ken-paxton,False,senate-2026-TX:james-talarico,James Talarico,D,senate-2026-TX:ken-paxton,Ken Paxton,R,51.064,48.936,2.128,2.128,dem_minus_rep_two_party,,,,0.55,0.0,2.2,,prior_default,James Talarico,Ken Paxton,South,"[{'poll_id': 'vh-us-202wed4dcf8c6b', 'study_id': 'vh-study-us-202wed4dcf8c6b', 'race_id': 'senate-2026-TX', 'question_id': 'vh-us-202wed4dcf8c6b:q0', 'candidate_id': 'senate-2026-TX:james-talarico', 'candidate_name': 'James Talarico', 'ballot_party': 'D', 'caucus': 'D', 'raw_share': 48.0, 'undecided': None, 'other': None, 'candidate_set_version': 'race-scoped-candidate-set-v1', 'field_start': '2026-07-30', 'field_end': '2026-07-31', 'available_at': '2026-08-03', 'source_lineage': 'votehub-poll-lineage-v3', 'resolution_status': 'race_scoped'}, {'poll_id': 'vh-us-202wed4dcf8c6b', 'study_id': 'vh-study-us-202wed4dcf8c6b', 'race_id': 'senate-2026-TX', 'question_id': 'vh-us-202wed4dcf8c6b:q0', 'candidate_id': 'senate-2026-TX:ken-paxton', 'candidate_name': 'Ken Paxton', 'ballot_party': 'R', 'caucus': 'R', 'raw_share': 46.0, 'undecided': None, 'other': None, 'candidate_set_version': 'race-scoped-candidate-set-v1', 'field_start': '2026-07-30', 'field_end': '2026-07-31', 'available_at': '2026-08-03', 'source_lineage': 'votehub-poll-lineage-v3', 'resolution_status': 'race_scoped'}]",0.0,True
vh-us-202texee0a6ae6,vh-study-us-202texee0a6ae6,1,Texas Southern University Barbara Jordan Public Policy Research and Survey Center,none,https://static1.squarespace.com/static/67aa7aa3e284b002cd6a420e/t/6a713767d4ed824b91ea090d/1785804647961/Texas+Statewide+August2026.pdf,25c88060fb2e96779205075c47420e2f0fc3b9c6950c5ac0536e40bbc4d50281,2026-07-27,2026-07-30,2026-08-04,,2026-10-10T16:41:48.336232+00:00,2026-08-04,,2026-08-04,2026-07-30,senate-2026,US_SENATE,TX,senate-2026-TX,LV,1200.0,,51.087,48.913,0.0,2.0,2.174,False,include,,votehub-ingest-v3-race-scoped-candidate-level,2026-10-10T16:41:48.336232+00:00,,state-usps-v1,votehub-candidate-matchup-v3-race-scoped,generic_two_way,,,en,1.0,True,True,,senate-2026-TX:james-talarico,James Talarico,senate-2026-TX:ken-paxton,Ken Paxton,senate-2026:TX:senate-2026-TX:james-talarico|senate-2026-TX:ken-paxton,False,senate-2026-TX:james-talarico,James Talarico,D,senate-2026-TX:ken-paxton,Ken Paxton,R,51.087,48.913,2.174,2.174,dem_minus_rep_two_party,,,,0.55,0.0,2.2,,prior_default,James Talarico,Ken Paxton,South,"[{'poll_id': 'vh-us-202texee0a6ae6', 'study_id': 'vh-study-us-202texee0a6ae6', 'race_id': 'senate-2026-TX', 'question_id': 'vh-us-202texee0a6ae6:q0', 'candidate_id': 'senate-2026-TX:james-talarico', 'candidate_name': 'James Talarico', 'ballot_party': 'D', 'caucus': 'D', 'raw_share': 47.0, 'undecided': None, 'other': None, 'candidate_set_version': 'race-scoped-candidate-set-v1', 'field_start': '2026-07-27', 'field_end': '2026-07-30', 'available_at': '2026-08-04', 'source_lineage': 'votehub-poll-lineage-v3', 'resolution_status': 'race_scoped'}, {'poll_id': 'vh-us-202texee0a6ae6', 'study_id': 'vh-study-us-202texee0a6ae6', 'race_id': 'senate-2026-TX', 'question_id': 'vh-us-202texee0a6ae6:q0', 'candidate_id': 'senate-2026-TX:ken-paxton', 'candidate_name': 'Ken Paxton', 'ballot_party': 'R', 'caucus': 'R', 'raw_share': 45.0, 'undecided': None, 'other': None, 'candidate_set_version': 'race-scoped-candidate-set-v1', 'field_start': '2026-07-27', 'field_end': '2026-07-30', 'available_at': '2026-08-04', 'source_lineage': 'votehub-poll-lineage-v3', 'resolution_status': 'race_scoped'}, {'poll_id': 'vh-us-202texee0a6ae6', 'study_id': 'vh-study-us-202texee0a6ae6', 'race_id': 'senate-2026-TX', 'question_id': 'vh-us-202texee0a6ae6:q0', 'candidate_id': None, 'candidate_name': 'Ted Brown', 'ballot_party': None, 'caucus': None, 'raw_share': 2.0, 'undecided': None, 'other': None, 'candidate_set_version': 'race-scoped-candidate-set-v1', 'field_start': '2026-07-27', 'field_end': '2026-07-30', 'available_at': '2026-08-04', 'source_lineage': 'votehub-poll-lineage-v3', 'resolution_status': 'unresolved_fail_closed'}]",0.0,True
vh-us-202yes4308b337,vh-study-us-202yes4308b337,1,yes. every kid.,none,https://yeseverykidfoundation.org/alabama-likely-voters-support-fully-funding-the-choose-act/,a3bd6b56aaae8023d87bcc4db8e9e9bcbc2879f3dd9208c07d684acf5cd145b8,2026-07-08,2026-07-11,2026-08-04,,2026-10-10T16:41:48.336232+00:00,2026-08-04,,2026-08-04,2026-07-11,senate-2026,US_SENATE,AL,senate-2026-AL,LV,601.0,,40.506,59.494,0.0,0.0,-18.987,False,include,,votehub-ingest-v3-race-scoped-candidate-level,2026-10-10T16:41:48.336232+00:00,,state-usps-v1,votehub-candidate-matchup-v3-race-scoped,generic_two_way,,,en,1.0,True,False,,senate-2026-AL:everett-wess,Everett Wess,senate-2026-AL:barry-moore,Barry Moore,senate-2026:AL:senate-2026-AL:everett-wess|senate-2026-AL:barry-moore,False,senate-2026-AL:everett-wess,Everett Wess,D,senate-2026-AL:barry-moore,Barry Moore,R,40.506,59.494,-18.987,-18.987,dem_minus_rep_two_party,,,,0.55,0.0,2.2,,prior_default,Everett Wess,Barry Moore,South,"[{'poll_id': 'vh-us-202yes4308b337', 'study_id': 'vh-study-us-202yes4308b337', 'race_id': 'senate-2026-AL', 'question_id': 'vh-us-202yes4308b337:q0', 'candidate_id': 'senate-2026-AL:barry-moore', 'candidate_name': 'Barry Moore', 'ballot_party': 'R', 'caucus': 'R', 'raw_share': 47.0, 'undecided': None, 'other': None, 'candidate_set_version': 'race-scoped-candidate-set-v1', 'field_start': '2026-07-08', 'field_end': '2026-07-11', 'available_at': '2026-08-04', 'source_lineage': 'votehub-poll-lineage-v3', 'resolution_status': 'race_scoped'}, {'poll_id': 'vh-us-202yes4308b337', 'study_id': 'vh-study-us-202yes4308b337', 'race_id': 'senate-2026-AL', 'question_id': 'vh-us-202yes4308b337:q0', 'candidate_id': 'senate-2026-AL:everett-wess', 'candidate_name': 'Everett Wess', 'ballot_party': 'D', 'caucus': 'D', 'raw_share': 32.0, 'undecided': None, 'other': None, 'candidate_set_version': 'race-scoped-candidate-set-v1', 'field_start': '2026-07-08', 'field_end': '2026-07-11', 'available_at': '2026-08-04', 'source_lineage': 'votehub-poll-lineage-v3', 'resolution_status': 'race_scoped'}]",0.0,True
vh-us-202harfe4afc0e,vh-study-us-202harfe4afc0e,1,Hart Research Associates,Senate Majority PAC,https://drive.google.com/file/d/1c_Oz7n375ncOkmMWPs8DJTKcBD3Gke4-/view,cb357832e11a5c91f694b2f01a82ef88bb5c9121da34f8074b3f4d79db9886d4,2026-07-27,2026-08-01,2026-08-06,,2026-10-10T16:41:48.336232+00:00,2026-08-06,,2026-08-06,2026-08-01,senate-2026,US_SENATE,ME,senate-2026-ME,LV,802.0,,52.128,47.872,0.0,0.0,4.255,True,include,,votehub-ingest-v3-race-scoped-candidate-level,2026-10-10T16:41:48.336232+00:00,,state-usps-v1,votehub-candidate-matchup-v3-race-scoped,generic_two_way,,,en,1.0,True,False,,senate-2026-ME:troy-jackson,Troy Jackson,senate-2026-ME:susan-collins,Susan Collins,senate-2026:ME:senate-2026-ME:troy-jackson|senate-2026-ME:susan-collins,False,senate-2026-ME:troy-jackson,Troy Jackson,D,senate-2026-ME:susan-collins,Susan Collins,R,52.128,47.872,4.255,4.255,dem_minus_rep_two_party,,,,0.55,0.0,2.2,,prior_default,Troy Jackson,Susan Collins,Northeast,"[{'poll_id': 'vh-us-202harfe4afc0e', 'study_id': 'vh-study-us-202harfe4afc0e', 'race_id': 'senate-2026-ME', 'question_id': 'vh-us-202harfe4afc0e:q0', 'candidate_id': 'senate-2026-ME:troy-jackson', 'candidate_name': 'Troy Jackson', 'ballot_party': 'D', 'caucus': 'D', 'raw_share': 49.0, 'undecided': None, 'other': None, 'candidate_set_version': 'race-scoped-candidate-set-v1', 'field_start': '2026-07-27', 'field_end': '2026-08-01', 'available_at': '2026-08-06', 'source_lineage': 'votehub-poll-lineage-v3', 'resolution_status': 'race_scoped'}, {'poll_id': 'vh-us-202harfe4afc0e', 'study_id': 'vh-study-us-202harfe4afc0e', 'race_id': 'senate-2026-ME', 'question_id': 'vh-us-202harfe4afc0e:q0', 'candidate_id': 'senate-2026-ME:susan-collins', 'candidate_name': 'Susan Collins', 'ballot_party': 'R', 'caucus': 'R', 'raw_share': 45.0, 'undecided': None, 'other': None, 'candidate_set_version': 'race-scoped-candidate-set-v1', 'field_start': '2026-07-27', 'field_end': '2026-08-01', 'available_at': '2026-08-06', 'source_lineage': 'votehub-poll-lineage-v3', 'resolution_status': 'race_scoped'}]",0.0,True
vh-us-202eme4923d9f5,vh-study-us-202eme4923d9f5,1,Emerson,Nexstar Media,https://emersoncollegepolling.com/iowa-2026-poll/,e545ba6003f2613ade9db2cf969102788926529572570fe0cb51aea1b11e1c60,2026-08-02,2026-08-04,2026-08-06,,2026-10-10T16:41:48.336232+00:00,2026-08-06,,2026-08-06,2026-08-04,senate-2026,US_SENATE,IA,senate-2026-IA,LV,712.0,,48.387,51.613,0.0,0.0,-3.226,False,include,,votehub-ingest-v3-race-scoped-candidate-level,2026-10-10T16:41:48.336232+00:00,,state-usps-v1,votehub-candidate-matchup-v3-race-scoped,generic_two_way,,,en,1.0,True,False,,senate-2026-IA:josh-turek,Josh Turek,senate-2026-IA:ashley-hinson,Ashley Hinson,senate-2026:IA:senate-2026-IA:josh-turek|senate-2026-IA:ashley-hinson,False,senate-2026-IA:josh-turek,Josh Turek,D,senate-2026-IA:ashley-hinson,Ashley Hinson,R,48.387,51.613,-3.226,-3.226,dem_minus_rep_two_party,,,,0.72,-0.29,2.217,B,votehub_pollster_scorecards,Josh Turek,Ashley Hinson,Midwest,"[{'poll_id': 'vh-us-202eme4923d9f5', 'study_id': 'vh-study-us-202eme4923d9f5', 'race_id': 'senate-2026-IA', 'question_id': 'vh-us-202eme4923d9f5:q0', 'candidate_id': 'senate-2026-IA:ashley-hinson', 'candidate_name': 'Ashley Hinson', 'ballot_party': 'R', 'caucus': 'R', 'raw_share': 48.0, 'undecided': None, 'other': None, 'candidate_set_version': 'race-scoped-candidate-set-v1', 'field_start': '2026-08-02', 'field_end': '2026-08-04', 'available_at': '2026-08-06', 'source_lineage': 'votehub-poll-lineage-v3', 'resolution_status': 'race_scoped'}, {'poll_id': 'vh-us-202eme4923d9f5', 'study_id': 'vh-study-us-202eme4923d9f5', 'race_id': 'senate-2026-IA', 'question_id': 'vh-us-202eme4923d9f5:q0', 'candidate_id': 'senate-2026-IA:josh-turek', 'candidate_name': 'Josh Turek', 'ballot_party': 'D', 'caucus': 'D', 'raw_share': 45.0, 'undecided': None, 'other': None, 'candidate_set_version': 'race-scoped-candidate-set-v1', 'field_start': '2026-08-02', 'field_end': '2026-08-04', 'available_at': '2026-08-06', 'source_lineage': 'votehub-poll-lineage-v3', 'resolution_status': 'race_scoped'}]",0.0,True
vh-us-202you3c4a4a9f,vh-study-us-202you3c4a4a9f,1,YouGov Blue,254 Labs,https://254labs.io/news/2026-07-txsen,b0eec4ffdbedba33325564a51fcf1b635dbf672e0ba1221f6d45dab43f914c07,2026-07-15,2026-07-31,2026-08-07,,2026-10-10T16:41:48.336232+00:00,2026-08-07,,2026-08-07,2026-07-31,senate-2026,US_SENATE,TX,senate-2026-TX,RV,1001.0,,51.613,48.387,0.0,0.0,3.226,True,include,,votehub-ingest-v3-race-scoped-candidate-level,2026-10-10T16:41:48.336232+00:00,,state-usps-v1,votehub-candidate-matchup-v3-race-scoped,generic_two_way,,,en,1.0,True,False,,senate-2026-TX:james-talarico,James Talarico,senate-2026-TX:ken-paxton,Ken Paxton,senate-2026:TX:senate-2026-TX:james-talarico|senate-2026-TX:ken-paxton,False,senate-2026-TX:james-talarico,James Talarico,D,senate-2026-TX:ken-paxton,Ken Paxton,R,51.613,48.387,3.226,3.226,dem_minus_rep_two_party,,,,0.55,0.0,2.2,,prior_default,James Talarico,Ken Paxton,South,"[{'poll_id': 'vh-us-202you3c4a4a9f', 'study_id': 'vh-study-us-202you3c4a4a9f', 'race_id': 'senate-2026-TX', 'question_id': 'vh-us-202you3c4a4a9f:q0', 'candidate_id': 'senate-2026-TX:james-talarico', 'candidate_name': 'James Talarico', 'ballot_party': 'D', 'caucus': 'D', 'raw_share': 48.0, 'undecided': None, 'other': None, 'candidate_set_version': 'race-scoped-candidate-set-v1', 'field_start': '2026-07-15', 'field_end': '2026-07-31', 'available_at': '2026-08-07', 'source_lineage': 'votehub-poll-lineage-v3', 'resolution_status': 'race_scoped'}, {'poll_id': 'vh-us-202you3c4a4a9f', 'study_id': 'vh-study-us-202you3c4a4a9f', 'race_id': 'senate-2026-TX', 'question_id': 'vh-us-202you3c4a4a9f:q0', 'candidate_id': 'senate-2026-TX:ken-paxton', 'candidate_name': 'Ken Paxton', 'ballot_party': 'R', 'caucus': 'R', 'raw_share': 45.0, 'undecided': None, 'other': None, 'candidate_set_version': 'race-scoped-candidate-set-v1', 'field_start': '2026-07-15', 'field_end': '2026-07-31', 'available_at': '2026-08-07', 'source_lineage': 'votehub-poll-lineage-v3', 'resolution_status': 'race_scoped'}]",0.0,True
vh-us-202chad53b9fb6,vh-study-us-202chad53b9fb6,1,Change Research,Talking About Politics,https://garypearcenc.substack.com/p/cooper-up-by-9-trump-still-slumps,84d7d8963087803df7336be59b748f2cc9a525a64bdf1c0d79b1501a5984fbbf,2026-07-29,2026-08-01,2026-08-07,,2026-10-10T16:41:48.336232+00:00,2026-08-07,,2026-08-07,2026-08-01,senate-2026,US_SENATE,NC,senate-2026-NC,LV,967.0,,54.945,45.055,0.0,0.0,9.89,False,include,,votehub-ingest-v3-race-scoped-candidate-level,2026-10-10T16:41:48.336232+00:00,,state-usps-v1,votehub-candidate-matchup-v3-race-scoped,generic_two_way,,,en,1.0,True,False,,senate-2026-NC:roy-cooper,Roy Cooper,senate-2026-NC:michael-whatley,Michael Whatley,senate-2026:NC:senate-2026-NC:roy-cooper|senate-2026-NC:michael-whatley,False,senate-2026-NC:roy-cooper,Roy Cooper,D,senate-2026-NC:michael-whatley,Michael Whatley,R,54.945,45.055,9.89,9.89,dem_minus_rep_two_party,,,,0.52,1.31,2.239,C,votehub_pollster_scorecards,Roy Cooper,Michael Whatley,South,"[{'poll_id': 'vh-us-202chad53b9fb6', 'study_id': 'vh-study-us-202chad53b9fb6', 'race_id': 'senate-2026-NC', 'question_id': 'vh-us-202chad53b9fb6:q0', 'candidate_id': 'senate-2026-NC:roy-cooper', 'candidate_name': 'Roy Cooper', 'ballot_party': 'D', 'caucus': 'D', 'raw_share': 50.0, 'undecided': None, 'other': None, 'candidate_set_version': 'race-scoped-candidate-set-v1', 'field_start': '2026-07-29', 'field_end': '2026-08-01', 'available_at': '2026-08-07', 'source_lineage': 'votehub-poll-lineage-v3', 'resolution_status': 'race_scoped'}, {'poll_id': 'vh-us-202chad53b9fb6', 'study_id': 'vh-study-us-202chad53b9fb6', 'race_id': 'senate-2026-NC', 'question_id': 'vh-us-202chad53b9fb6:q0', 'candidate_id': 'senate-2026-NC:michael-whatley', 'candidate_name': 'Michael Whatley', 'ballot_party': 'R', 'caucus': 'R', 'raw_share': 41.0, 'undecided': None, 'other': None, 'candidate_set_version': 'race-scoped-candidate-set-v1', 'field_start': '2026-07-29', 'field_end': '2026-08-01', 'available_at': '2026-08-07', 'source_lineage': 'votehub-poll-lineage-v3', 'resolution_status': 'race_scoped'}]",0.0,True
vh-us-202rec773da2d7,vh-study-us-202rec773da2d7,1,Siena-NYT,Texas A&M University Bush School of Government & Public Service,https://reconmr.com/wp-content/uploads/2026/08/Texas-Pulse-August-Release-August-7-2026-Final.pdf,e60f5fecfdcbba790ae05a4f89a8afa411ed21dc36d16ca1e36b027da754525e,2026-07-27,2026-07-30,2026-08-07,,2026-10-10T16:41:48.336232+00:00,2026-08-07,,2026-08-07,2026-07-30,senate-2026,US_SENATE,TX,senate-2026-TX,LV,619.0,,52.222,47.778,0.0,0.0,4.444,False,include,,votehub-ingest-v3-race-scoped-candidate-level,2026-10-10T16:41:48.336232+00:00,,state-usps-v1,votehub-candidate-matchup-v3-race-scoped,generic_two_way,,,en,1.0,True,False,,senate-2026-TX:james-talarico,James Talarico,senate-2026-TX:ken-paxton,Ken Paxton,senate-2026:TX:senate-2026-TX:james-talarico|senate-2026-TX:ken-paxton,False,senate-2026-TX:james-talarico,James Talarico,D,senate-2026-TX:ken-paxton,Ken Paxton,R,52.222,47.778,4.444,4.444,dem_minus_rep_two_party,,,,0.88,0.44,2.14,A,votehub_pollster_scorecards,James Talarico,Ken Paxton,South,"[{'poll_id': 'vh-us-202rec773da2d7', 'study_id': 'vh-study-us-202rec773da2d7', 'race_id': 'senate-2026-TX', 'question_id': 'vh-us-202rec773da2d7:q0', 'candidate_id': 'senate-2026-TX:james-talarico', 'candidate_name': 'James Talarico', 'ballot_party': 'D', 'caucus': 'D', 'raw_share': 47.0, 'undecided': None, 'other': None, 'candidate_set_version': 'race-scoped-candidate-set-v1', 'field_start': '2026-07-27', 'field_end': '2026-07-30', 'available_at': '2026-08-07', 'source_lineage': 'votehub-poll-lineage-v3', 'resolution_status': 'race_scoped'}, {'poll_id': 'vh-us-202rec773da2d7', 'study_id': 'vh-study-us-202rec773da2d7', 'race_id': 'senate-2026-TX', 'question_id': 'vh-us-202rec773da2d7:q0', 'candidate_id': 'senate-2026-TX:ken-paxton', 'candidate_name': 'Ken Paxton', 'ballot_party': 'R', 'caucus': 'R', 'raw_share': 43.0, 'undecided': None, 'other': None, 'candidate_set_version': 'race-scoped-candidate-set-v1', 'field_start': '2026-07-27', 'field_end': '2026-07-30', 'available_at': '2026-08-07', 'source_lineage': 'votehub-poll-lineage-v3', 'resolution_status': 'race_scoped'}]",0.0,True
vh-us-202chaf0ea6e94,vh-study-us-202chaf0ea6e94,1,Change Research,Carolina Forward,https://carolinaforward.org/news/the-august-2026-carolina-forward-poll/,7b1e573dc9df1aa13b0b3435899765c7672d706c29ab8dfc72ae7b4d6ca1e756,2026-08-03,2026-08-06,2026-08-10,,2026-10-10T16:41:48.336232+00:00,2026-08-10,,2026-08-10,2026-08-06,senate-2026,US_SENATE,NC,senate-2026-NC,LV,915.0,,53.763,46.237,0.0,0.0,7.527,True,include,,votehub-ingest-v3-race-scoped-candidate-level,2026-10-10T16:41:48.336232+00:00,,state-usps-v1,votehub-candidate-matchup-v3-race-scoped,generic_two_way,,,en,1.0,True,False,,senate-2026-NC:roy-cooper,Roy Cooper,senate-2026-NC:michael-whatley,Michael Whatley,senate-2026:NC:senate-2026-NC:roy-cooper|senate-2026-NC:michael-whatley,False,senate-2026-NC:roy-cooper,Roy Cooper,D,senate-2026-NC:michael-whatley,Michael Whatley,R,53.763,46.237,7.527,7.527,dem_minus_rep_two_party,,,,0.52,1.31,2.239,C,votehub_pollster_scorecards,Roy Cooper,Michael Whatley,South,"[{'poll_id': 'vh-us-202chaf0ea6e94', 'study_id': 'vh-study-us-202chaf0ea6e94', 'race_id': 'senate-2026-NC', 'question_id': 'vh-us-202chaf0ea6e94:q0', 'candidate_id': 'senate-2026-NC:roy-cooper', 'candidate_name': 'Roy Cooper', 'ballot_party': 'D', 'caucus': 'D', 'raw_share': 50.0, 'undecided': None, 'other': None, 'candidate_set_version': 'race-scoped-candidate-set-v1', 'field_start': '2026-08-03', 'field_end': '2026-08-06', 'available_at': '2026-08-10', 'source_lineage': 'votehub-poll-lineage-v3', 'resolution_status': 'race_scoped'}, {'poll_id': 'vh-us-202chaf0ea6e94', 'study_id': 'vh-study-us-202chaf0ea6e94', 'race_id': 'senate-2026-NC', 'question_id': 'vh-us-202chaf0ea6e94:q0', 'candidate_id': 'senate-2026-NC:michael-whatley', 'candidate_name': 'Michael Whatley', 'ballot_party': 'R', 'caucus': 'R', 'raw_share': 43.0, 'undecided': None, 'other': None, 'candidate_set_version': 'race-scoped-candidate-set-v1', 'field_start': '2026-08-03', 'field_end': '2026-08-06', 'available_at': '2026-08-10', 'source_lineage': 'votehub-poll-lineage-v3', 'resolution_status': 'race_scoped'}]",0.0,True
vh-us-202alaaa70f06a,vh-study-us-202alaaa70f06a,1,Alaska Survey Research,none,https://x.com/The_Real_ASR/status/2087253230548107640?s=20,4c3442c4267286a8ed7e6d1d9c4afd48459ba1161c98a5abf07c8c484a6b1519,2026-08-02,2026-08-05,2026-08-12,,2026-10-10T16:41:48.336232+00:00,2026-08-12,,2026-08-12,2026-08-05,senate-2026,US_SENATE,AK,senate-2026-AK,LV,1371.0,,50.8,49.2,0.0,0.0,1.6,False,include,,votehub-ingest-v3-race-scoped-candidate-level,2026-10-10T16:41:48.336232+00:00,,state-usps-v1,votehub-candidate-matchup-v3-race-scoped,generic_two_way,,,en,1.0,True,False,,senate-2026-AK:mary-peltola,Mary Peltola,senate-2026-AK:dan-s-sullivan,Dan Sullivan,senate-2026:AK:senate-2026-AK:mary-peltola|senate-2026-AK:dan-s-sullivan,False,senate-2026-AK:mary-peltola,Mary Peltola,D,senate-2026-AK:dan-s-sullivan,Dan Sullivan,R,50.8,49.2,1.6,1.6,dem_minus_rep_two_party,,,,0.6333333333333333,0.0,2.2,1.9,fivethirtyeight_pollster_ratings,Mary Peltola,Dan Sullivan,West,"[{'poll_id': 'vh-us-202alaaa70f06a', 'study_id': 'vh-study-us-202alaaa70f06a', 'race_id': 'senate-2026-AK', 'question_id': 'vh-us-202alaaa70f06a:q0', 'candidate_id': 'senate-2026-AK:mary-peltola', 'candidate_name': 'Mary Peltola', 'ballot_party': 'D', 'caucus': 'D', 'raw_share': 50.8, 'undecided': None, 'other': None, 'candidate_set_version': 'race-scoped-candidate-set-v1', 'field_start': '2026-08-02', 'field_end': '2026-08-05', 'available_at': '2026-08-12', 'source_lineage': 'votehub-poll-lineage-v3', 'resolution_status': 'race_scoped'}, {'poll_id': 'vh-us-202alaaa70f06a', 'study_id': 'vh-study-us-202alaaa70f06a', 'race_id': 'senate-2026-AK', 'question_id': 'vh-us-202alaaa70f06a:q0', 'candidate_id': 'senate-2026-AK:dan-s-sullivan', 'candidate_name': 'Dan Sullivan', 'ballot_party': 'R', 'caucus': 'R', 'raw_share': 49.2, 'undecided': None, 'other': None, 'candidate_set_version': 'race-scoped-candidate-set-v1', 'field_start': '2026-08-02', 'field_end': '2026-08-05', 'available_at': '2026-08-12', 'source_lineage': 'votehub-poll-lineage-v3', 'resolution_status': 'race_scoped'}]",0.0,True
vh-us-202elodaa5cffa,vh-study-us-202elodaa5cffa,1,Elon University/YouGov,none,https://eloncdn.blob.core.windows.net/eu3/sites/819/2026/08/Elon-University-Poll-Topline-8-12-26.pdf,39161a713a6e456315fa9d85d9aa02380bed8140de63618c51c96b42ba535d4a,2026-07-21,2026-07-23,2026-08-12,,2026-10-10T16:41:48.336232+00:00,2026-08-12,,2026-08-12,2026-07-23,senate-2026,US_SENATE,NC,senate-2026-NC,RV,717.0,,59.302,40.698,0.0,3.0,18.605,False,include,,votehub-ingest-v3-race-scoped-candidate-level,2026-10-10T16:41:48.336232+00:00,,state-usps-v1,votehub-candidate-matchup-v3-race-scoped,generic_two_way,,,en,1.0,True,True,,senate-2026-NC:roy-cooper,Roy Cooper,senate-2026-NC:michael-whatley,Michael Whatley,senate-2026:NC:senate-2026-NC:roy-cooper|senate-2026-NC:michael-whatley,False,senate-2026-NC:roy-cooper,Roy Cooper,D,senate-2026-NC:michael-whatley,Michael Whatley,R,59.302,40.698,18.605,18.605,dem_minus_rep_two_party,,,,0.55,0.0,2.2,,prior_default,Roy Cooper,Michael Whatley,South,"[{'poll_id': 'vh-us-202elodaa5cffa', 'study_id': 'vh-study-us-202elodaa5cffa', 'race_id': 'senate-2026-NC', 'question_id': 'vh-us-202elodaa5cffa:q0', 'candidate_id': 'senate-2026-NC:roy-cooper', 'candidate_name': 'Roy Cooper', 'ballot_party': 'D', 'caucus': 'D', 'raw_share': 51.0, 'undecided': None, 'other': None, 'candidate_set_version': 'race-scoped-candidate-set-v1', 'field_start': '2026-07-21', 'field_end': '2026-07-23', 'available_at': '2026-08-12', 'source_lineage': 'votehub-poll-lineage-v3', 'resolution_status': 'race_scoped'}, {'poll_id': 'vh-us-202elodaa5cffa', 'study_id': 'vh-study-us-202elodaa5cffa', 'race_id': 'senate-2026-NC', 'question_id': 'vh-us-202elodaa5cffa:q0', 'candidate_id': 'senate-2026-NC:michael-whatley', 'candidate_name': 'Michael Whatley', 'ballot_party': 'R', 'caucus': 'R', 'raw_share': 35.0, 'undecided': None, 'other': None, 'candidate_set_version': 'race-scoped-candidate-set-v1', 'field_start': '2026-07-21', 'field_end': '2026-07-23', 'available_at': '2026-08-12', 'source_lineage': 'votehub-poll-lineage-v3', 'resolution_status': 'race_scoped'}, {'poll_id': 'vh-us-202elodaa5cffa', 'study_id': 'vh-study-us-202elodaa5cffa', 'race_id': 'senate-2026-NC', 'question_id': 'vh-us-202elodaa5cffa:q0', 'candidate_id': None, 'candidate_name': 'Shannon Bray', 'ballot_party': None, 'caucus': None, 'raw_share': 1.0, 'undecided': None, 'other': None, 'candidate_set_version': 'race-scoped-candidate-set-v1', 'field_start': '2026-07-21', 'field_end': '2026-07-23', 'available_at': '2026-08-12', 'source_lineage': 'votehub-poll-lineage-v3', 'resolution_status': 'unresolved_fail_closed'}, {'poll_id': 'vh-us-202elodaa5cffa', 'study_id': 'vh-study-us-202elodaa5cffa', 'race_id': 'senate-2026-NC', 'question_id': 'vh-us-202elodaa5cffa:q0', 'candidate_id': None, 'candidate_name': 'Michael Dublin', 'ballot_party': None, 'caucus': None, 'raw_share': 2.0, 'undecided': None, 'other': None, 'candidate_set_version': 'race-scoped-candidate-set-v1', 'field_start': '2026-07-21', 'field_end': '2026-07-23', 'available_at': '2026-08-12', 'source_lineage': 'votehub-poll-lineage-v3', 'resolution_status': 'unresolved_fail_closed'}]",0.0,True
vh-us-202elo069243f3,vh-study-us-202elo069243f3,1,Elon University/YouGov,none,https://eloncdn.blob.core.windows.net/eu3/sites/819/2026/08/Elon-University-Poll-Topline-8-12-26.pdf,ec515cfb8d10523062104bd7db48fddab8352d5f1ae2993a6ebb4440ea9c3882,2026-07-21,2026-07-23,2026-08-12,,2026-10-10T16:41:48.336232+00:00,2026-08-12,,2026-08-12,2026-07-23,senate-2026,US_SENATE,NC,senate-2026-NC,LV,466.0,,55.789,44.211,0.0,3.0,11.579,False,include,,votehub-ingest-v3-race-scoped-candidate-level,2026-10-10T16:41:48.336232+00:00,,state-usps-v1,votehub-candidate-matchup-v3-race-scoped,generic_two_way,,,en,1.0,True,True,,senate-2026-NC:roy-cooper,Roy Cooper,senate-2026-NC:michael-whatley,Michael Whatley,senate-2026:NC:senate-2026-NC:roy-cooper|senate-2026-NC:michael-whatley,False,senate-2026-NC:roy-cooper,Roy Cooper,D,senate-2026-NC:michael-whatley,Michael Whatley,R,55.789,44.211,11.579,11.579,dem_minus_rep_two_party,,,,0.55,0.0,2.2,,prior_default,Roy Cooper,Michael Whatley,South,"[{'poll_id': 'vh-us-202elo069243f3', 'study_id': 'vh-study-us-202elo069243f3', 'race_id': 'senate-2026-NC', 'question_id': 'vh-us-202elo069243f3:q0', 'candidate_id': 'senate-2026-NC:roy-cooper', 'candidate_name': 'Roy Cooper', 'ballot_party': 'D', 'caucus': 'D', 'raw_share': 53.0, 'undecided': None, 'other': None, 'candidate_set_version': 'race-scoped-candidate-set-v1', 'field_start': '2026-07-21', 'field_end': '2026-07-23', 'available_at': '2026-08-12', 'source_lineage': 'votehub-poll-lineage-v3', 'resolution_status': 'race_scoped'}, {'poll_id': 'vh-us-202elo069243f3', 'study_id': 'vh-study-us-202elo069243f3', 'race_id': 'senate-2026-NC', 'question_id': 'vh-us-202elo069243f3:q0', 'candidate_id': 'senate-2026-NC:michael-whatley', 'candidate_name': 'Michael Whatley', 'ballot_party': 'R', 'caucus': 'R', 'raw_share': 42.0, 'undecided': None, 'other': None, 'candidate_set_version': 'race-scoped-candidate-set-v1', 'field_start': '2026-07-21', 'field_end': '2026-07-23', 'available_at': '2026-08-12', 'source_lineage': 'votehub-poll-lineage-v3', 'resolution_status': 'race_scoped'}, {'poll_id': 'vh-us-202elo069243f3', 'study_id': 'vh-study-us-202elo069243f3', 'race_id': 'senate-2026-NC', 'question_id': 'vh-us-202elo069243f3:q0', 'candidate_id': None, 'candidate_name': 'Shannon Bray', 'ballot_party': None, 'caucus': None, 'raw_share': 2.0, 'undecided': None, 'other': None, 'candidate_set_version': 'race-scoped-candidate-set-v1', 'field_start': '2026-07-21', 'field_end': '2026-07-23', 'available_at': '2026-08-12', 'source_lineage': 'votehub-poll-lineage-v3', 'resolution_status': 'unresolved_fail_closed'}, {'poll_id': 'vh-us-202elo069243f3', 'study_id': 'vh-study-us-202elo069243f3', 'race_id': 'senate-2026-NC', 'question_id': 'vh-us-202elo069243f3:q0', 'candidate_id': None, 'candidate_name': 'Michael Dublin', 'ballot_party': None, 'caucus': None, 'raw_share': 1.0, 'undecided': None, 'other': None, 'candidate_set_version': 'race-scoped-candidate-set-v1', 'field_start': '2026-07-21', 'field_end': '2026-07-23', 'available_at': '2026-08-12', 'source_lineage': 'votehub-poll-lineage-v3', 'resolution_status': 'unresolved_fail_closed'}]",0.0,True
vh-us-202har82b4bcdc,vh-study-us-202har82b4bcdc,1,Hart Research Associates,Forward Montana,https://forwardmontana.org/results-of-new-polling-on-the-montana-u-s-senate-election/,3cbd1ef8e752750672ddfb98e79ef218e77cfd298eb86989f20886bc445a2100,2026-08-01,2026-08-04,2026-08-13,,2026-10-10T16:41:48.336232+00:00,2026-08-13,,2026-08-13,2026-08-04,senate-2026,US_SENATE,MT,senate-2026-MT,LV,800.0,,,,0.0,21.0,,False,include,,votehub-ingest-v3-race-scoped-candidate-level,2026-10-10T16:41:48.336232+00:00,,state-usps-v1,votehub-candidate-matchup-v3-race-scoped,generic_two_way,,,en,1.0,True,True,,,,senate-2026-MT:kurt-alme,Kurt Alme,senate-2026:MT:senate-2026-MT:seth-bodnar|senate-2026-MT:kurt-alme,False,senate-2026-MT:seth-bodnar,Seth Bodnar,I,senate-2026-MT:kurt-alme,Kurt Alme,R,40.0,60.0,-20.0,-20.0,modeled_minus_opposing_two_candidate,,,,0.55,0.0,2.2,,prior_default,,Kurt Alme,West,"[{'poll_id': 'vh-us-202har82b4bcdc', 'study_id': 'vh-study-us-202har82b4bcdc', 'race_id': 'senate-2026-MT', 'question_id': 'vh-us-202har82b4bcdc:q0', 'candidate_id': 'senate-2026-MT:kurt-alme', 'candidate_name': 'Kurt Alme', 'ballot_party': 'R', 'caucus': 'R', 'raw_share': 45.0, 'undecided': None, 'other': None, 'candidate_set_version': 'race-scoped-candidate-set-v1', 'field_start': '2026-08-01', 'field_end': '2026-08-04', 'available_at': '2026-08-13', 'source_lineage': 'votehub-poll-lineage-v3', 'resolution_status': 'race_scoped'}, {'poll_id': 'vh-us-202har82b4bcdc', 'study_id': 'vh-study-us-202har82b4bcdc', 'race_id': 'senate-2026-MT', 'question_id': 'vh-us-202har82b4bcdc:q0', 'candidate_id': 'senate-2026-MT:alani-bankhead', 'candidate_name': 'Alani Bankhead', 'ballot_party': 'D', 'caucus': 'D', 'raw_share': 15.0, 'undecided': None, 'other': None, 'candidate_set_version': 'race-scoped-candidate-set-v1', 'field_start': '2026-08-01', 'field_end': '2026-08-04', 'available_at': '2026-08-13', 'source_lineage': 'votehub-poll-lineage-v3', 'resolution_status': 'race_scoped'}, {'poll_id': 'vh-us-202har82b4bcdc', 'study_id': 'vh-study-us-202har82b4bcdc', 'race_id': 'senate-2026-MT', 'question_id': 'vh-us-202har82b4bcdc:q0', 'candidate_id': 'senate-2026-MT:seth-bodnar', 'candidate_name': 'Seth Bodnar', 'ballot_party': 'I', 'caucus': 'D', 'raw_share': 30.0, 'undecided': None, 'other': None, 'candidate_set_version': 'race-scoped-candidate-set-v1', 'field_start': '2026-08-01', 'field_end': '2026-08-04', 'available_at': '2026-08-13', 'source_lineage': 'votehub-poll-lineage-v3', 'resolution_status': 'race_scoped'}, {'poll_id': 'vh-us-202har82b4bcdc', 'study_id': 'vh-study-us-202har82b4bcdc', 'race_id': 'senate-2026-MT', 'question_id': 'vh-us-202har82b4bcdc:q0', 'candidate_id': 'senate-2026-MT:kyle-austin', 'candidate_name': 'Kyle Austin', 'ballot_party': 'L', 'caucus': None, 'raw_share': 6.0, 'undecided': None, 'other': None, 'candidate_set_version': 'race-scoped-candidate-set-v1', 'field_start': '2026-08-01', 'field_end': '2026-08-04', 'available_at': '2026-08-13', 'source_lineage': 'votehub-poll-lineage-v3', 'resolution_status': 'race_scoped'}]",0.0,True
vh-us-202bea347c91b0,vh-study-us-202bea347c91b0,1,Beacon-Shaw,Fox News,https://www.foxnews.com/politics/fox-news-poll-new-matchup-same-result-maine-senate-race-stays-locked,d469a28cf84993277dfc9ab7a701cba3d6d2a0e18fc98fa8b8b9aa3a893ca3da,2026-08-06,2026-08-10,2026-08-13,,2026-10-10T16:41:48.336232+00:00,2026-08-13,,2026-08-13,2026-08-10,senate-2026,US_SENATE,ME,senate-2026-ME,RV,1000.0,,51.064,48.936,0.0,0.0,2.128,False,include,,votehub-ingest-v3-race-scoped-candidate-level,2026-10-10T16:41:48.336232+00:00,,state-usps-v1,votehub-candidate-matchup-v3-race-scoped,generic_two_way,,,en,1.0,True,False,,senate-2026-ME:troy-jackson,Troy Jackson,senate-2026-ME:susan-collins,Susan Collins,senate-2026:ME:senate-2026-ME:troy-jackson|senate-2026-ME:susan-collins,False,senate-2026-ME:troy-jackson,Troy Jackson,D,senate-2026-ME:susan-collins,Susan Collins,R,51.064,48.936,2.128,2.128,dem_minus_rep_two_party,,,,0.88,0.62,2.0410000000000004,A,votehub_pollster_scorecards,Troy Jackson,Susan Collins,Northeast,"[{'poll_id': 'vh-us-202bea347c91b0', 'study_id': 'vh-study-us-202bea347c91b0', 'race_id': 'senate-2026-ME', 'question_id': 'vh-us-202bea347c91b0:q0', 'candidate_id': 'senate-2026-ME:troy-jackson', 'candidate_name': 'Troy Jackson', 'ballot_party': 'D', 'caucus': 'D', 'raw_share': 48.0, 'undecided': None, 'other': None, 'candidate_set_version': 'race-scoped-candidate-set-v1', 'field_start': '2026-08-06', 'field_end': '2026-08-10', 'available_at': '2026-08-13', 'source_lineage': 'votehub-poll-lineage-v3', 'resolution_status': 'race_scoped'}, {'poll_id': 'vh-us-202bea347c91b0', 'study_id': 'vh-study-us-202bea347c91b0', 'race_id': 'senate-2026-ME', 'question_id': 'vh-us-202bea347c91b0:q0', 'candidate_id': 'senate-2026-ME:susan-collins', 'candidate_name': 'Susan Collins', 'ballot_party': 'R', 'caucus': 'R', 'raw_share': 46.0, 'undecided': None, 'other': None, 'candidate_set_version': 'race-scoped-candidate-set-v1', 'field_start': '2026-08-06', 'field_end': '2026-08-10', 'available_at': '2026-08-13', 'source_lineage': 'votehub-poll-lineage-v3', 'resolution_status': 'race_scoped'}]",0.0,True
vh-us-202eme5bcac049,vh-study-us-202eme5bcac049,1,Emerson,Nexstar Media,https://emersoncollegepolling.com/texas-2026-poll-paxton-and-talarico/,8fd5d6809573883fa74558b1377ca3988e68ab34453570027f1310723ef5a248,2026-08-09,2026-08-10,2026-08-13,,2026-10-10T16:41:48.336232+00:00,2026-08-13,,2026-08-13,2026-08-10,senate-2026,US_SENATE,TX,senate-2026-TX,LV,1000.0,,49.462,50.538,0.0,0.0,-1.075,False,include,,votehub-ingest-v3-race-scoped-candidate-level,2026-10-10T16:41:48.336232+00:00,,state-usps-v1,votehub-candidate-matchup-v3-race-scoped,generic_two_way,,,en,1.0,True,False,,senate-2026-TX:james-talarico,James Talarico,senate-2026-TX:ken-paxton,Ken Paxton,senate-2026:TX:senate-2026-TX:james-talarico|senate-2026-TX:ken-paxton,False,senate-2026-TX:james-talarico,James Talarico,D,senate-2026-TX:ken-paxton,Ken Paxton,R,49.462,50.538,-1.075,-1.075,dem_minus_rep_two_party,,,,0.72,-0.29,2.217,B,votehub_pollster_scorecards,James Talarico,Ken Paxton,South,"[{'poll_id': 'vh-us-202eme5bcac049', 'study_id': 'vh-study-us-202eme5bcac049', 'race_id': 'senate-2026-TX', 'question_id': 'vh-us-202eme5bcac049:q0', 'candidate_id': 'senate-2026-TX:james-talarico', 'candidate_name': 'James Talarico', 'ballot_party': 'D', 'caucus': 'D', 'raw_share': 46.0, 'undecided': None, 'other': None, 'candidate_set_version': 'race-scoped-candidate-set-v1', 'field_start': '2026-08-09', 'field_end': '2026-08-10', 'available_at': '2026-08-13', 'source_lineage': 'votehub-poll-lineage-v3', 'resolution_status': 'race_scoped'}, {'poll_id': 'vh-us-202eme5bcac049', 'study_id': 'vh-study-us-202eme5bcac049', 'race_id': 'senate-2026-TX', 'question_id': 'vh-us-202eme5bcac049:q0', 'candidate_id': 'senate-2026-TX:ken-paxton', 'candidate_name': 'Ken Paxton', 'ballot_party': 'R', 'caucus': 'R', 'raw_share': 47.0, 'undecided': None, 'other': None, 'candidate_set_version': 'race-scoped-candidate-set-v1', 'field_start': '2026-08-09', 'field_end': '2026-08-10', 'available_at': '2026-08-13', 'source_lineage': 'votehub-poll-lineage-v3', 'resolution_status': 'race_scoped'}]",0.0,True
vh-us-202har1cef6d8a,vh-study-us-202har1cef6d8a,1,Harper Polling,The Carolina Journal,https://www.carolinajournal.com/polls/august-2026-coopers-lead-over-whatley-grows-to-12-5-points/,4c5afb80a9b717abf17e7da036ac9828d1869d4627b8de3a2236b0c3d664e705,2026-08-09,2026-08-10,2026-08-14,,2026-10-10T16:41:48.336232+00:00,2026-08-14,,2026-08-14,2026-08-10,senate-2026,US_SENATE,NC,senate-2026-NC,LV,600.0,,56.906,43.094,0.0,0.0,13.812,False,include,,votehub-ingest-v3-race-scoped-candidate-level,2026-10-10T16:41:48.336232+00:00,,state-usps-v1,votehub-candidate-matchup-v3-race-scoped,generic_two_way,,,en,1.0,True,False,,senate-2026-NC:roy-cooper,Roy Cooper,senate-2026-NC:michael-whatley,Michael Whatley,senate-2026:NC:senate-2026-NC:roy-cooper|senate-2026-NC:michael-whatley,False,senate-2026-NC:roy-cooper,Roy Cooper,D,senate-2026-NC:michael-whatley,Michael Whatley,R,56.906,43.094,13.812,13.812,dem_minus_rep_two_party,,,,0.55,0.0,2.2,,fivethirtyeight_pollster_ratings,Roy Cooper,Michael Whatley,South,"[{'poll_id': 'vh-us-202har1cef6d8a', 'study_id': 'vh-study-us-202har1cef6d8a', 'race_id': 'senate-2026-NC', 'question_id': 'vh-us-202har1cef6d8a:q0', 'candidate_id': 'senate-2026-NC:roy-cooper', 'candidate_name': 'Roy Cooper', 'ballot_party': 'D', 'caucus': 'D', 'raw_share': 51.5, 'undecided': None, 'other': None, 'candidate_set_version': 'race-scoped-candidate-set-v1', 'field_start': '2026-08-09', 'field_end': '2026-08-10', 'available_at': '2026-08-14', 'source_lineage': 'votehub-poll-lineage-v3', 'resolution_status': 'race_scoped'}, {'poll_id': 'vh-us-202har1cef6d8a', 'study_id': 'vh-study-us-202har1cef6d8a', 'race_id': 'senate-2026-NC', 'question_id': 'vh-us-202har1cef6d8a:q0', 'candidate_id': 'senate-2026-NC:michael-whatley', 'candidate_name': 'Michael Whatley', 'ballot_party': 'R', 'caucus': 'R', 'raw_share': 39.0, 'undecided': None, 'other': None, 'candidate_set_version': 'race-scoped-candidate-set-v1', 'field_start': '2026-08-09', 'field_end': '2026-08-10', 'available_at': '2026-08-14', 'source_lineage': 'votehub-poll-lineage-v3', 'resolution_status': 'race_scoped'}]",0.0,True
vh-us-202the39a65ca5,vh-study-us-202the39a65ca5,1,The Bullfinch Group,none,https://www.thebullfinchgroup.com/post/for-immediate-release-independent-todd-achilles-within-4-points-among-likely-voters,de3fc1365e6bd93d6ce2f285ad6b705db1170f526a4925957f3987cae5a688a9,2026-08-04,2026-08-07,2026-08-14,,2026-10-10T16:41:48.336232+00:00,2026-08-14,,2026-08-14,2026-08-07,senate-2026,US_SENATE,ID,senate-2026-ID,LV,608.0,,,,0.0,4.0,,False,include,,votehub-ingest-v3-race-scoped-candidate-level,2026-10-10T16:41:48.336232+00:00,,state-usps-v1,votehub-candidate-matchup-v3-race-scoped,generic_two_way,,,en,1.0,True,True,,,,senate-2026-ID:jim-risch,Jim Risch,senate-2026:ID:senate-2026-ID:todd-achilles|senate-2026-ID:jim-risch,False,senate-2026-ID:todd-achilles,Todd Achilles,I,senate-2026-ID:jim-risch,Jim Risch,R,46.875,53.125,-6.25,-6.25,modeled_minus_opposing_two_candidate,,,,0.55,0.0,2.2,,prior_default,,Jim Risch,West,"[{'poll_id': 'vh-us-202the39a65ca5', 'study_id': 'vh-study-us-202the39a65ca5', 'race_id': 'senate-2026-ID', 'question_id': 'vh-us-202the39a65ca5:q0', 'candidate_id': 'senate-2026-ID:jim-risch', 'candidate_name': 'Jim Risch', 'ballot_party': 'R', 'caucus': 'R', 'raw_share': 34.0, 'undecided': None, 'other': None, 'candidate_set_version': 'race-scoped-candidate-set-v1', 'field_start': '2026-08-04', 'field_end': '2026-08-07', 'available_at': '2026-08-14', 'source_lineage': 'votehub-poll-lineage-v3', 'resolution_status': 'race_scoped'}, {'poll_id': 'vh-us-202the39a65ca5', 'study_id': 'vh-study-us-202the39a65ca5', 'race_id': 'senate-2026-ID', 'question_id': 'vh-us-202the39a65ca5:q0', 'candidate_id': 'senate-2026-ID:todd-achilles', 'candidate_name': 'Todd Achilles', 'ballot_party': 'I', 'caucus': 'D', 'raw_share': 30.0, 'undecided': None, 'other': None, 'candidate_set_version': 'race-scoped-candidate-set-v1', 'field_start': '2026-08-04', 'field_end': '2026-08-07', 'available_at': '2026-08-14', 'source_lineage': 'votehub-poll-lineage-v3', 'resolution_status': 'race_scoped'}, {'poll_id': 'vh-us-202the39a65ca5', 'study_id': 'vh-study-us-202the39a65ca5', 'race_id': 'senate-2026-ID', 'question_id': 'vh-us-202the39a65ca5:q0', 'candidate_id': 'senate-2026-ID:matt-loesby', 'candidate_name': 'Matt Loesby', 'ballot_party': 'L', 'caucus': None, 'raw_share': 4.0, 'undecided': None, 'other': None, 'candidate_set_version': 'race-scoped-candidate-set-v1', 'field_start': '2026-08-04', 'field_end': '2026-08-07', 'available_at': '2026-08-14', 'source_lineage': 'votehub-poll-lineage-v3', 'resolution_status': 'race_scoped'}]",0.0,True
vh-us-202bea58e907c0,vh-study-us-202bea58e907c0,1,Beacon-Shaw,Fox News,https://www.foxnews.com/politics/fox-news-poll-economic-anxiety-candidate-concerns-define-ohio-senate-race,a45c09186efc681c2490f7c7f8ffaef8bd921e38288a92c47e34c4824477ceac,2026-08-06,2026-08-10,2026-08-14,,2026-10-10T16:41:48.336232+00:00,2026-08-14,,2026-08-14,2026-08-10,senate-2026,US_SENATE,OH,senate-2026-OH,RV,1008.0,,54.082,45.918,0.0,0.0,8.163,False,include,,votehub-ingest-v3-race-scoped-candidate-level,2026-10-10T16:41:48.336232+00:00,,state-usps-v1,votehub-candidate-matchup-v3-race-scoped,generic_two_way,,,en,1.0,True,False,,senate-2026-OH:sherrod-brown,Sherrod Brown,senate-2026-OH:jon-husted,Jon Husted,senate-2026:OH:senate-2026-OH:sherrod-brown|senate-2026-OH:jon-husted,False,senate-2026-OH:sherrod-brown,Sherrod Brown,D,senate-2026-OH:jon-husted,Jon Husted,R,54.082,45.918,8.163,8.163,dem_minus_rep_two_party,,,,0.88,0.62,2.0410000000000004,A,votehub_pollster_scorecards,Sherrod Brown,Jon Husted,Midwest,"[{'poll_id': 'vh-us-202bea58e907c0', 'study_id': 'vh-study-us-202bea58e907c0', 'race_id': 'senate-2026-OH', 'question_id': 'vh-us-202bea58e907c0:q0', 'candidate_id': 'senate-2026-OH:sherrod-brown', 'candidate_name': 'Sherrod Brown', 'ballot_party': 'D', 'caucus': 'D', 'raw_share': 53.0, 'undecided': None, 'other': None, 'candidate_set_version': 'race-scoped-candidate-set-v1', 'field_start': '2026-08-06', 'field_end': '2026-08-10', 'available_at': '2026-08-14', 'source_lineage': 'votehub-poll-lineage-v3', 'resolution_status': 'race_scoped'}, {'poll_id': 'vh-us-202bea58e907c0', 'study_id': 'vh-study-us-202bea58e907c0', 'race_id': 'senate-2026-OH', 'question_id': 'vh-us-202bea58e907c0:q0', 'candidate_id': 'senate-2026-OH:jon-husted', 'candidate_name': 'Jon Husted', 'ballot_party': 'R', 'caucus': 'R', 'raw_share': 45.0, 'undecided': None, 'other': None, 'candidate_set_version': 'race-scoped-candidate-set-v1', 'field_start': '2026-08-06', 'field_end': '2026-08-10', 'available_at': '2026-08-14', 'source_lineage': 'votehub-poll-lineage-v3', 'resolution_status': 'race_scoped'}]",0.0,True
vh-us-202bea6ed87549,vh-study-us-202bea6ed87549,1,Beacon-Shaw,Fox News,https://www.foxnews.com/politics/fox-news-poll-senate-battle-looms-michigan,51b2432c4f6039a48051a93246fc8730b996bd53893012068d8728d48e76f21c,2026-08-06,2026-08-10,2026-08-14,,2026-10-10T16:41:48.336232+00:00,2026-08-14,,2026-08-14,2026-08-10,senate-2026,US_SENATE,MI,senate-2026-MI,RV,1006.0,,47.959,52.041,0.0,0.0,-4.082,False,include,,votehub-ingest-v3-race-scoped-candidate-level,2026-10-10T16:41:48.336232+00:00,,state-usps-v1,votehub-candidate-matchup-v3-race-scoped,generic_two_way,,,en,1.0,True,False,,senate-2026-MI:abdul-el-sayed,Abdul El-Sayed,senate-2026-MI:mike-rogers,Mike Rogers,senate-2026:MI:senate-2026-MI:abdul-el-sayed|senate-2026-MI:mike-rogers,False,senate-2026-MI:abdul-el-sayed,Abdul El-Sayed,D,senate-2026-MI:mike-rogers,Mike Rogers,R,47.959,52.041,-4.082,-4.082,dem_minus_rep_two_party,,,,0.88,0.62,2.0410000000000004,A,votehub_pollster_scorecards,Abdul El-Sayed,Mike Rogers,Midwest,"[{'poll_id': 'vh-us-202bea6ed87549', 'study_id': 'vh-study-us-202bea6ed87549', 'race_id': 'senate-2026-MI', 'question_id': 'vh-us-202bea6ed87549:q0', 'candidate_id': 'senate-2026-MI:abdul-el-sayed', 'candidate_name': 'Abdul El-Sayed', 'ballot_party': 'D', 'caucus': 'D', 'raw_share': 47.0, 'undecided': None, 'other': None, 'candidate_set_version': 'race-scoped-candidate-set-v1', 'field_start': '2026-08-06', 'field_end': '2026-08-10', 'available_at': '2026-08-14', 'source_lineage': 'votehub-poll-lineage-v3', 'resolution_status': 'race_scoped'}, {'poll_id': 'vh-us-202bea6ed87549', 'study_id': 'vh-study-us-202bea6ed87549', 'race_id': 'senate-2026-MI', 'question_id': 'vh-us-202bea6ed87549:q0', 'candidate_id': 'senate-2026-MI:mike-rogers', 'candidate_name': 'Mike Rogers', 'ballot_party': 'R', 'caucus': 'R', 'raw_share': 51.0, 'undecided': None, 'other': None, 'candidate_set_version': 'race-scoped-candidate-set-v1', 'field_start': '2026-08-06', 'field_end': '2026-08-10', 'available_at': '2026-08-14', 'source_lineage': 'votehub-poll-lineage-v3', 'resolution_status': 'race_scoped'}]",0.0,True
vh-us-202wedb13225b0,vh-study-us-202wedb13225b0,1,Wedgewood Polls,none,https://drive.google.com/file/u/1/d/1rP-26-yqNx9jy_gRqoLDmgJgzm5X8a4O/view,228e7a49d3a979030a63ad956b894aa1a011c244706d4651a1214f9d50437718,2026-08-11,2026-08-13,2026-08-15,,2026-10-10T16:41:48.336232+00:00,2026-08-15,,2026-08-15,2026-08-13,senate-2026,US_SENATE,OH,senate-2026-OH,LV,800.0,,52.174,47.826,0.0,0.0,4.348,False,include,,votehub-ingest-v3-race-scoped-candidate-level,2026-10-10T16:41:48.336232+00:00,,state-usps-v1,votehub-candidate-matchup-v3-race-scoped,generic_two_way,,,en,1.0,True,False,,senate-2026-OH:sherrod-brown,Sherrod Brown,senate-2026-OH:jon-husted,Jon Husted,senate-2026:OH:senate-2026-OH:sherrod-brown|senate-2026-OH:jon-husted,False,senate-2026-OH:sherrod-brown,Sherrod Brown,D,senate-2026-OH:jon-husted,Jon Husted,R,52.174,47.826,4.348,4.348,dem_minus_rep_two_party,,,,0.55,0.0,2.2,,prior_default,Sherrod Brown,Jon Husted,Midwest,"[{'poll_id': 'vh-us-202wedb13225b0', 'study_id': 'vh-study-us-202wedb13225b0', 'race_id': 'senate-2026-OH', 'question_id': 'vh-us-202wedb13225b0:q0', 'candidate_id': 'senate-2026-OH:sherrod-brown', 'candidate_name': 'Sherrod Brown', 'ballot_party': 'D', 'caucus': 'D', 'raw_share': 48.0, 'undecided': None, 'other': None, 'candidate_set_version': 'race-scoped-candidate-set-v1', 'field_start': '2026-08-11', 'field_end': '2026-08-13', 'available_at': '2026-08-15', 'source_lineage': 'votehub-poll-lineage-v3', 'resolution_status': 'race_scoped'}, {'poll_id': 'vh-us-202wedb13225b0', 'study_id': 'vh-study-us-202wedb13225b0', 'race_id': 'senate-2026-OH', 'question_id': 'vh-us-202wedb13225b0:q0', 'candidate_id': 'senate-2026-OH:jon-husted', 'candidate_name': 'Jon Husted', 'ballot_party': 'R', 'caucus': 'R', 'raw_share': 44.0, 'undecided': None, 'other': None, 'candidate_set_version': 'race-scoped-candidate-set-v1', 'field_start': '2026-08-11', 'field_end': '2026-08-13', 'available_at': '2026-08-15', 'source_lineage': 'votehub-poll-lineage-v3', 'resolution_status': 'race_scoped'}]",0.0,True
vh-us-202gba7596c230,vh-study-us-202gba7596c230,1,GBAO Strategies,Senate Majority PAC,https://www.politico.com/newsletters/playbook/2026/08/15/what-burritos-tell-us-about-capitalism-01038859,eae31c55c783983e8c3eaf53287d6a88d534319d1b4eb8f47f35b0d866db5697,2026-08-06,2026-08-10,2026-08-17,,2026-10-10T16:41:48.336232+00:00,2026-08-17,,2026-08-17,2026-08-10,senate-2026,US_SENATE,MI,senate-2026-MI,LV,800.0,,53.191,46.809,0.0,0.0,6.383,True,include,,votehub-ingest-v3-race-scoped-candidate-level,2026-10-10T16:41:48.336232+00:00,,state-usps-v1,votehub-candidate-matchup-v3-race-scoped,generic_two_way,,,en,1.0,True,False,,senate-2026-MI:abdul-el-sayed,Abdul El-Sayed,senate-2026-MI:mike-rogers,Mike Rogers,senate-2026:MI:senate-2026-MI:abdul-el-sayed|senate-2026-MI:mike-rogers,False,senate-2026-MI:abdul-el-sayed,Abdul El-Sayed,D,senate-2026-MI:mike-rogers,Mike Rogers,R,53.191,46.809,6.383,6.383,dem_minus_rep_two_party,,,,0.55,0.0,2.2,,prior_default,Abdul El-Sayed,Mike Rogers,Midwest,"[{'poll_id': 'vh-us-202gba7596c230', 'study_id': 'vh-study-us-202gba7596c230', 'race_id': 'senate-2026-MI', 'question_id': 'vh-us-202gba7596c230:q0', 'candidate_id': 'senate-2026-MI:abdul-el-sayed', 'candidate_name': 'Abdul El-Sayed', 'ballot_party': 'D', 'caucus': 'D', 'raw_share': 50.0, 'undecided': None, 'other': None, 'candidate_set_version': 'race-scoped-candidate-set-v1', 'field_start': '2026-08-06', 'field_end': '2026-08-10', 'available_at': '2026-08-17', 'source_lineage': 'votehub-poll-lineage-v3', 'resolution_status': 'race_scoped'}, {'poll_id': 'vh-us-202gba7596c230', 'study_id': 'vh-study-us-202gba7596c230', 'race_id': 'senate-2026-MI', 'question_id': 'vh-us-202gba7596c230:q0', 'candidate_id': 'senate-2026-MI:mike-rogers', 'candidate_name': 'Mike Rogers', 'ballot_party': 'R', 'caucus': 'R', 'raw_share': 44.0, 'undecided': None, 'other': None, 'candidate_set_version': 'race-scoped-candidate-set-v1', 'field_start': '2026-08-06', 'field_end': '2026-08-10', 'available_at': '2026-08-17', 'source_lineage': 'votehub-poll-lineage-v3', 'resolution_status': 'race_scoped'}]",0.0,True
vh-us-202uni86a7074d,vh-study-us-202uni86a7074d,1,University of Massachusetts Department of Political Science/YouGov,WCVB-TV,https://www.wcvb.com/article/markey-moulton-umass-poll-aug-17/73437119,e6246741d582c55acd5f71e3693fc6b836a4c29565384a79ad2fd75901e77fc1,2026-08-05,2026-08-12,2026-08-17,,2026-10-10T16:41:48.336232+00:00,2026-08-17,,2026-08-17,2026-08-12,senate-2026,US_SENATE,MA,senate-2026-MA,RV,800.0,,62.963,37.037,0.0,0.0,25.926,False,include,,votehub-ingest-v3-race-scoped-candidate-level,2026-10-10T16:41:48.336232+00:00,,state-usps-v1,votehub-candidate-matchup-v3-race-scoped,generic_two_way,,,en,1.0,True,False,,senate-2026-MA:ed-markey,Ed Markey,senate-2026-MA:john-deaton,John Deaton,senate-2026:MA:senate-2026-MA:ed-markey|senate-2026-MA:john-deaton,False,senate-2026-MA:ed-markey,Ed Markey,D,senate-2026-MA:john-deaton,John Deaton,R,62.963,37.037,25.926,25.926,dem_minus_rep_two_party,,,,0.7999999999999999,0.0,2.2,2.4,fivethirtyeight_pollster_ratings,Ed Markey,John Deaton,Northeast,"[{'poll_id': 'vh-us-202uni86a7074d', 'study_id': 'vh-study-us-202uni86a7074d', 'race_id': 'senate-2026-MA', 'question_id': 'vh-us-202uni86a7074d:q0', 'candidate_id': 'senate-2026-MA:ed-markey', 'candidate_name': 'Ed Markey', 'ballot_party': 'D', 'caucus': 'D', 'raw_share': 51.0, 'undecided': None, 'other': None, 'candidate_set_version': 'race-scoped-candidate-set-v1', 'field_start': '2026-08-05', 'field_end': '2026-08-12', 'available_at': '2026-08-17', 'source_lineage': 'votehub-poll-lineage-v3', 'resolution_status': 'race_scoped'}, {'poll_id': 'vh-us-202uni86a7074d', 'study_id': 'vh-study-us-202uni86a7074d', 'race_id': 'senate-2026-MA', 'question_id': 'vh-us-202uni86a7074d:q0', 'candidate_id': 'senate-2026-MA:john-deaton', 'candidate_name': 'John Deaton', 'ballot_party': 'R', 'caucus': 'R', 'raw_share': 30.0, 'undecided': None, 'other': None, 'candidate_set_version': 'race-scoped-candidate-set-v1', 'field_start': '2026-08-05', 'field_end': '2026-08-12', 'available_at': '2026-08-17', 'source_lineage': 'votehub-poll-lineage-v3', 'resolution_status': 'race_scoped'}]",0.0,True
vh-us-202susb1d73b8b,vh-study-us-202susb1d73b8b,1,Susquehanna Polling & Research,none,https://static01.nyt.com/newsgraphics/documenttools/43c767b477fe30ae/4748b92f-full.pdf,3d5ce1ab353b773a32ce55c189a7c79a0a8e9a2efba39ec34229dbb7ed8fcf05,2026-08-11,2026-08-17,2026-08-19,,2026-10-10T16:41:48.336232+00:00,2026-08-19,,2026-08-19,2026-08-17,senate-2026,US_SENATE,MI,senate-2026-MI,RV,800.0,,54.118,45.882,0.0,0.0,8.235,False,include,,votehub-ingest-v3-race-scoped-candidate-level,2026-10-10T16:41:48.336232+00:00,,state-usps-v1,votehub-candidate-matchup-v3-race-scoped,generic_two_way,,,en,1.0,True,False,,senate-2026-MI:abdul-el-sayed,Abdul El-Sayed,senate-2026-MI:mike-rogers,Mike Rogers,senate-2026:MI:senate-2026-MI:abdul-el-sayed|senate-2026-MI:mike-rogers,False,senate-2026-MI:abdul-el-sayed,Abdul El-Sayed,D,senate-2026-MI:mike-rogers,Mike Rogers,R,54.118,45.882,8.235,8.235,dem_minus_rep_two_party,,,,0.55,0.0,2.2,,prior_default,Abdul El-Sayed,Mike Rogers,Midwest,"[{'poll_id': 'vh-us-202susb1d73b8b', 'study_id': 'vh-study-us-202susb1d73b8b', 'race_id': 'senate-2026-MI', 'question_id': 'vh-us-202susb1d73b8b:q0', 'candidate_id': 'senate-2026-MI:abdul-el-sayed', 'candidate_name': 'Abdul El-Sayed', 'ballot_party': 'D', 'caucus': 'D', 'raw_share': 46.0, 'undecided': None, 'other': None, 'candidate_set_version': 'race-scoped-candidate-set-v1', 'field_start': '2026-08-11', 'field_end': '2026-08-17', 'available_at': '2026-08-19', 'source_lineage': 'votehub-poll-lineage-v3', 'resolution_status': 'race_scoped'}, {'poll_id': 'vh-us-202susb1d73b8b', 'study_id': 'vh-study-us-202susb1d73b8b', 'race_id': 'senate-2026-MI', 'question_id': 'vh-us-202susb1d73b8b:q0', 'candidate_id': 'senate-2026-MI:mike-rogers', 'candidate_name': 'Mike Rogers', 'ballot_party': 'R', 'caucus': 'R', 'raw_share': 39.0, 'undecided': None, 'other': None, 'candidate_set_version': 'race-scoped-candidate-set-v1', 'field_start': '2026-08-11', 'field_end': '2026-08-17', 'available_at': '2026-08-19', 'source_lineage': 'votehub-poll-lineage-v3', 'resolution_status': 'race_scoped'}]",0.0,True
vh-us-202tip8915c085,vh-study-us-202tip8915c085,1,TIPP,League of American Workers,https://tippinsights.com/league-of-american-workers-survey-michigan-2/,2b41d5200fcbfd0c107c83c9d8ed41b552ec11ff4f1bb0357fa675ef5568aa28,2026-08-06,2026-08-10,2026-08-19,,2026-10-10T16:41:48.336232+00:00,2026-08-19,,2026-08-19,2026-08-10,senate-2026,US_SENATE,MI,senate-2026-MI,RV,1528.0,,51.724,48.276,0.0,0.0,3.448,True,include,,votehub-ingest-v3-race-scoped-candidate-level,2026-10-10T16:41:48.336232+00:00,,state-usps-v1,votehub-candidate-matchup-v3-race-scoped,generic_two_way,,,en,1.0,True,False,,senate-2026-MI:abdul-el-sayed,Abdul El-Sayed,senate-2026-MI:mike-rogers,Mike Rogers,senate-2026:MI:senate-2026-MI:abdul-el-sayed|senate-2026-MI:mike-rogers,False,senate-2026-MI:abdul-el-sayed,Abdul El-Sayed,D,senate-2026-MI:mike-rogers,Mike Rogers,R,51.724,48.276,3.448,3.448,dem_minus_rep_two_party,,,,0.52,0.24,2.448,C,votehub_pollster_scorecards,Abdul El-Sayed,Mike Rogers,Midwest,"[{'poll_id': 'vh-us-202tip8915c085', 'study_id': 'vh-study-us-202tip8915c085', 'race_id': 'senate-2026-MI', 'question_id': 'vh-us-202tip8915c085:q0', 'candidate_id': 'senate-2026-MI:abdul-el-sayed', 'candidate_name': 'Abdul El-Sayed', 'ballot_party': 'D', 'caucus': 'D', 'raw_share': 45.0, 'undecided': None, 'other': None, 'candidate_set_version': 'race-scoped-candidate-set-v1', 'field_start': '2026-08-06', 'field_end': '2026-08-10', 'available_at': '2026-08-19', 'source_lineage': 'votehub-poll-lineage-v3', 'resolution_status': 'race_scoped'}, {'poll_id': 'vh-us-202tip8915c085', 'study_id': 'vh-study-us-202tip8915c085', 'race_id': 'senate-2026-MI', 'question_id': 'vh-us-202tip8915c085:q0', 'candidate_id': 'senate-2026-MI:mike-rogers', 'candidate_name': 'Mike Rogers', 'ballot_party': 'R', 'caucus': 'R', 'raw_share': 42.0, 'undecided': None, 'other': None, 'candidate_set_version': 'race-scoped-candidate-set-v1', 'field_start': '2026-08-06', 'field_end': '2026-08-10', 'available_at': '2026-08-19', 'source_lineage': 'votehub-poll-lineage-v3', 'resolution_status': 'race_scoped'}]",0.0,True
vh-us-202uni979cabda,vh-study-us-202uni979cabda,1,University of North Florida,none,https://floridapolitics.com/archives/783199-desantis-more-popular-trump-poll/,d808c7dc8e1100970b99b070212e1d964aa27f21ab542bcee22f9e9c2fb3b50c,2026-02-21,2026-03-02,2026-08-19,,2026-10-10T16:41:48.336232+00:00,2026-08-19,,2026-08-19,2026-03-02,senate-2026,US_SENATE,FL,senate-2026-FL,LV,768.0,,45.238,54.762,0.0,0.0,-9.524,False,include,,votehub-ingest-v3-race-scoped-candidate-level,2026-10-10T16:41:48.336232+00:00,,state-usps-v1,votehub-candidate-matchup-v3-race-scoped,generic_two_way,,,en,1.0,True,False,,senate-2026-FL:angie-nixon,Angie Nixon,senate-2026-FL:ashley-moody,Ashley Moody,senate-2026:FL:senate-2026-FL:angie-nixon|senate-2026-FL:ashley-moody,False,senate-2026-FL:angie-nixon,Angie Nixon,D,senate-2026-FL:ashley-moody,Ashley Moody,R,45.238,54.762,-9.524,-9.524,dem_minus_rep_two_party,,,,0.55,0.0,2.2,,prior_default,Angie Nixon,Ashley Moody,South,"[{'poll_id': 'vh-us-202uni979cabda', 'study_id': 'vh-study-us-202uni979cabda', 'race_id': 'senate-2026-FL', 'question_id': 'vh-us-202uni979cabda:q0', 'candidate_id': 'senate-2026-FL:angie-nixon', 'candidate_name': 'Angie Nixon', 'ballot_party': 'D', 'caucus': 'D', 'raw_share': 38.0, 'undecided': None, 'other': None, 'candidate_set_version': 'race-scoped-candidate-set-v1', 'field_start': '2026-02-21', 'field_end': '2026-03-02', 'available_at': '2026-08-19', 'source_lineage': 'votehub-poll-lineage-v3', 'resolution_status': 'race_scoped'}, {'poll_id': 'vh-us-202uni979cabda', 'study_id': 'vh-study-us-202uni979cabda', 'race_id': 'senate-2026-FL', 'question_id': 'vh-us-202uni979cabda:q0', 'candidate_id': 'senate-2026-FL:ashley-moody', 'candidate_name': 'Ashley Moody', 'ballot_party': 'R', 'caucus': 'R', 'raw_share': 46.0, 'undecided': None, 'other': None, 'candidate_set_version': 'race-scoped-candidate-set-v1', 'field_start': '2026-02-21', 'field_end': '2026-03-02', 'available_at': '2026-08-19', 'source_lineage': 'votehub-poll-lineage-v3', 'resolution_status': 'race_scoped'}]",0.0,True
vh-us-202emed67d42c8,vh-study-us-202emed67d42c8,1,Emerson,none,https://emersoncollegepolling.com/florida-2026-poll-donalds-leads-gop-primary-for-governor-republicans-outpace-democrats-in-florida-elections/,b708dfb14387756236d0efb325074526233d63ad39292637c739d8713011e94e,2026-03-29,2026-03-31,2026-08-19,,2026-10-10T16:41:48.336232+00:00,2026-08-19,,2026-08-19,2026-03-31,senate-2026,US_SENATE,FL,senate-2026-FL,LV,1125.0,,43.373,56.627,0.0,0.0,-13.253,False,include,,votehub-ingest-v3-race-scoped-candidate-level,2026-10-10T16:41:48.336232+00:00,,state-usps-v1,votehub-candidate-matchup-v3-race-scoped,generic_two_way,,,en,1.0,True,False,,senate-2026-FL:angie-nixon,Angie Nixon,senate-2026-FL:ashley-moody,Ashley Moody,senate-2026:FL:senate-2026-FL:angie-nixon|senate-2026-FL:ashley-moody,False,senate-2026-FL:angie-nixon,Angie Nixon,D,senate-2026-FL:ashley-moody,Ashley Moody,R,43.373,56.627,-13.253,-13.253,dem_minus_rep_two_party,,,,0.72,-0.29,2.217,B,votehub_pollster_scorecards,Angie Nixon,Ashley Moody,South,"[{'poll_id': 'vh-us-202emed67d42c8', 'study_id': 'vh-study-us-202emed67d42c8', 'race_id': 'senate-2026-FL', 'question_id': 'vh-us-202emed67d42c8:q0', 'candidate_id': 'senate-2026-FL:angie-nixon', 'candidate_name': 'Angie Nixon', 'ballot_party': 'D', 'caucus': 'D', 'raw_share': 36.0, 'undecided': None, 'other': None, 'candidate_set_version': 'race-scoped-candidate-set-v1', 'field_start': '2026-03-29', 'field_end': '2026-03-31', 'available_at': '2026-08-19', 'source_lineage': 'votehub-poll-lineage-v3', 'resolution_status': 'race_scoped'}, {'poll_id': 'vh-us-202emed67d42c8', 'study_id': 'vh-study-us-202emed67d42c8', 'race_id': 'senate-2026-FL', 'question_id': 'vh-us-202emed67d42c8:q0', 'candidate_id': 'senate-2026-FL:ashley-moody', 'candidate_name': 'Ashley Moody', 'ballot_party': 'R', 'caucus': 'R', 'raw_share': 47.0, 'undecided': None, 'other': None, 'candidate_set_version': 'race-scoped-candidate-set-v1', 'field_start': '2026-03-29', 'field_end': '2026-03-31', 'available_at': '2026-08-19', 'source_lineage': 'votehub-poll-lineage-v3', 'resolution_status': 'race_scoped'}]",0.0,True
vh-us-202unic788577e,vh-study-us-202unic788577e,1,University of North Florida,none,https://floridapolitics.com/archives/808426-unf-poll-jolly-donalds/,46e324c227930b1664415fb87d609c50e5138e8851c7d7af11a9005a485038b6,2026-07-08,2026-07-17,2026-08-19,,2026-10-10T16:41:48.336232+00:00,2026-08-19,,2026-08-19,2026-07-17,senate-2026,US_SENATE,FL,senate-2026-FL,LV,848.0,,45.652,54.348,0.0,0.0,-8.696,False,include,,votehub-ingest-v3-race-scoped-candidate-level,2026-10-10T16:41:48.336232+00:00,,state-usps-v1,votehub-candidate-matchup-v3-race-scoped,generic_two_way,,,en,1.0,True,False,,senate-2026-FL:angie-nixon,Angie Nixon,senate-2026-FL:ashley-moody,Ashley Moody,senate-2026:FL:senate-2026-FL:angie-nixon|senate-2026-FL:ashley-moody,False,senate-2026-FL:angie-nixon,Angie Nixon,D,senate-2026-FL:ashley-moody,Ashley Moody,R,45.652,54.348,-8.696,-8.696,dem_minus_rep_two_party,,,,0.55,0.0,2.2,,prior_default,Angie Nixon,Ashley Moody,South,"[{'poll_id': 'vh-us-202unic788577e', 'study_id': 'vh-study-us-202unic788577e', 'race_id': 'senate-2026-FL', 'question_id': 'vh-us-202unic788577e:q0', 'candidate_id': 'senate-2026-FL:angie-nixon', 'candidate_name': 'Angie Nixon', 'ballot_party': 'D', 'caucus': 'D', 'raw_share': 42.0, 'undecided': None, 'other': None, 'candidate_set_version': 'race-scoped-candidate-set-v1', 'field_start': '2026-07-08', 'field_end': '2026-07-17', 'available_at': '2026-08-19', 'source_lineage': 'votehub-poll-lineage-v3', 'resolution_status': 'race_scoped'}, {'poll_id': 'vh-us-202unic788577e', 'study_id': 'vh-study-us-202unic788577e', 'race_id': 'senate-2026-FL', 'question_id': 'vh-us-202unic788577e:q0', 'candidate_id': 'senate-2026-FL:ashley-moody', 'candidate_name': 'Ashley Moody', 'ballot_party': 'R', 'caucus': 'R', 'raw_share': 50.0, 'undecided': None, 'other': None, 'candidate_set_version': 'race-scoped-candidate-set-v1', 'field_start': '2026-07-08', 'field_end': '2026-07-17', 'available_at': '2026-08-19', 'source_lineage': 'votehub-poll-lineage-v3', 'resolution_status': 'race_scoped'}]",0.0,True
vh-us-202ins63791cfb,vh-study-us-202ins63791cfb,1,InsiderAdvantage,James Magazine,https://jamesmagazinega.com/2026/08/18/exclusive-jmo-insideradvantage-georgia-survey-ossoff-leads-jackson-lance-bottoms-tied/,198e8e2c567c483485a6128ba6573b0562b4258a81fea1a26bb69bf2878ac64e,2026-08-16,2026-08-17,2026-08-20,,2026-10-10T16:41:48.336232+00:00,2026-08-20,,2026-08-20,2026-08-17,senate-2026,US_SENATE,GA,senate-2026-GA,LV,800.0,,54.045,45.955,0.0,0.0,8.091,False,include,,votehub-ingest-v3-race-scoped-candidate-level,2026-10-10T16:41:48.336232+00:00,,state-usps-v1,votehub-candidate-matchup-v3-race-scoped,generic_two_way,,,en,1.0,True,False,,senate-2026-GA:jon-ossoff,Jon Ossoff,senate-2026-GA:mike-collins,Mike Collins,senate-2026:GA:senate-2026-GA:jon-ossoff|senate-2026-GA:mike-collins,False,senate-2026-GA:jon-ossoff,Jon Ossoff,D,senate-2026-GA:mike-collins,Mike Collins,R,54.045,45.955,8.091,8.091,dem_minus_rep_two_party,,,,0.88,-0.62,2.129,A,votehub_pollster_scorecards,Jon Ossoff,Mike Collins,South,"[{'poll_id': 'vh-us-202ins63791cfb', 'study_id': 'vh-study-us-202ins63791cfb', 'race_id': 'senate-2026-GA', 'question_id': 'vh-us-202ins63791cfb:q0', 'candidate_id': 'senate-2026-GA:jon-ossoff', 'candidate_name': 'Jon Ossoff', 'ballot_party': 'D', 'caucus': 'D', 'raw_share': 50.1, 'undecided': None, 'other': None, 'candidate_set_version': 'race-scoped-candidate-set-v1', 'field_start': '2026-08-16', 'field_end': '2026-08-17', 'available_at': '2026-08-20', 'source_lineage': 'votehub-poll-lineage-v3', 'resolution_status': 'race_scoped'}, {'poll_id': 'vh-us-202ins63791cfb', 'study_id': 'vh-study-us-202ins63791cfb', 'race_id': 'senate-2026-GA', 'question_id': 'vh-us-202ins63791cfb:q0', 'candidate_id': 'senate-2026-GA:mike-collins', 'candidate_name': 'Mike Collins', 'ballot_party': 'R', 'caucus': 'R', 'raw_share': 42.6, 'undecided': None, 'other': None, 'candidate_set_version': 'race-scoped-candidate-set-v1', 'field_start': '2026-08-16', 'field_end': '2026-08-17', 'available_at': '2026-08-20', 'source_lineage': 'votehub-poll-lineage-v3', 'resolution_status': 'race_scoped'}]",0.0,True
vh-us-202j.le2159a92,vh-study-us-202j.le2159a92,1,J.L. Partners,none,https://static1.squarespace.com/static/663253f0bc87b7070102f41f/t/6a84d771481c4817e92f0eee/1787090801301/AR+Aug+26+Polling+Memo.pdf,e383d2513ec512db36dc7777e26542a6f647e7cb9ff308579c97eb65225e61b7,2026-08-14,2026-08-18,2026-08-20,,2026-10-10T16:41:48.336232+00:00,2026-08-20,,2026-08-20,2026-08-18,senate-2026,US_SENATE,AR,senate-2026-AR,LV,803.0,,40.698,59.302,0.0,4.0,-18.605,False,include,,votehub-ingest-v3-race-scoped-candidate-level,2026-10-10T16:41:48.336232+00:00,,state-usps-v1,votehub-candidate-matchup-v3-race-scoped,generic_two_way,,,en,1.0,True,True,,senate-2026-AR:hallie-shoffner,Hallie Shoffner,senate-2026-AR:tom-cotton,Tom Cotton,senate-2026:AR:senate-2026-AR:hallie-shoffner|senate-2026-AR:tom-cotton,False,senate-2026-AR:hallie-shoffner,Hallie Shoffner,D,senate-2026-AR:tom-cotton,Tom Cotton,R,40.698,59.302,-18.605,-18.605,dem_minus_rep_two_party,,,,0.72,-1.34,2.063,B,votehub_pollster_scorecards,Hallie Shoffner,Tom Cotton,South,"[{'poll_id': 'vh-us-202j.le2159a92', 'study_id': 'vh-study-us-202j.le2159a92', 'race_id': 'senate-2026-AR', 'question_id': 'vh-us-202j.le2159a92:q0', 'candidate_id': 'senate-2026-AR:tom-cotton', 'candidate_name': 'Tom Cotton', 'ballot_party': 'R', 'caucus': 'R', 'raw_share': 51.0, 'undecided': None, 'other': None, 'candidate_set_version': 'race-scoped-candidate-set-v1', 'field_start': '2026-08-14', 'field_end': '2026-08-18', 'available_at': '2026-08-20', 'source_lineage': 'votehub-poll-lineage-v3', 'resolution_status': 'race_scoped'}, {'poll_id': 'vh-us-202j.le2159a92', 'study_id': 'vh-study-us-202j.le2159a92', 'race_id': 'senate-2026-AR', 'question_id': 'vh-us-202j.le2159a92:q0', 'candidate_id': 'senate-2026-AR:hallie-shoffner', 'candidate_name': 'Hallie Shoffner', 'ballot_party': 'D', 'caucus': 'D', 'raw_share': 35.0, 'undecided': None, 'other': None, 'candidate_set_version': 'race-scoped-candidate-set-v1', 'field_start': '2026-08-14', 'field_end': '2026-08-18', 'available_at': '2026-08-20', 'source_lineage': 'votehub-poll-lineage-v3', 'resolution_status': 'race_scoped'}, {'poll_id': 'vh-us-202j.le2159a92', 'study_id': 'vh-study-us-202j.le2159a92', 'race_id': 'senate-2026-AR', 'question_id': 'vh-us-202j.le2159a92:q0', 'candidate_id': None, 'candidate_name': 'Jeff Wadlin', 'ballot_party': None, 'caucus': None, 'raw_share': 4.0, 'undecided': None, 'other': None, 'candidate_set_version': 'race-scoped-candidate-set-v1', 'field_start': '2026-08-14', 'field_end': '2026-08-18', 'available_at': '2026-08-20', 'source_lineage': 'votehub-poll-lineage-v3', 'resolution_status': 'unresolved_fail_closed'}]",0.0,True
vh-us-202sur47670306,vh-study-us-202sur47670306,1,SurveyUSA,"KSTP-TV (St. Paul),KAAL-TV (Austin),WDIO-DT (Duluth)","KSTP-TV (St. Paul, Minn.), KAAL-TV (Austin, Minn.), WDIO-DT (Duluth, Minn.)",0282a43410dbba5d6606ffa7e710811c3ef176d2c2c9714f63c9418a2d59758f,2026-08-13,2026-08-17,2026-08-20,,2026-10-10T16:41:48.336232+00:00,2026-08-20,,2026-08-20,2026-08-17,senate-2026,US_SENATE,MN,senate-2026-MN,LV,661.0,,52.874,47.126,0.0,2.0,5.747,False,include,,votehub-ingest-v3-race-scoped-candidate-level,2026-10-10T16:41:48.336232+00:00,,state-usps-v1,votehub-candidate-matchup-v3-race-scoped,generic_two_way,,,en,1.0,True,True,,senate-2026-MN:peggy-flanagan,Peggy Flanagan,senate-2026-MN:michele-tafoya,Michele Tafoya,senate-2026:MN:senate-2026-MN:peggy-flanagan|senate-2026-MN:michele-tafoya,False,senate-2026-MN:peggy-flanagan,Peggy Flanagan,D,senate-2026-MN:michele-tafoya,Michele Tafoya,R,52.874,47.126,5.747,5.747,dem_minus_rep_two_party,,,,0.32,2.29,2.5690000000000004,D,votehub_pollster_scorecards,Peggy Flanagan,Michele Tafoya,Midwest,"[{'poll_id': 'vh-us-202sur47670306', 'study_id': 'vh-study-us-202sur47670306', 'race_id': 'senate-2026-MN', 'question_id': 'vh-us-202sur47670306:q0', 'candidate_id': 'senate-2026-MN:peggy-flanagan', 'candidate_name': 'Peggy Flanagan', 'ballot_party': 'D', 'caucus': 'D', 'raw_share': 46.0, 'undecided': None, 'other': None, 'candidate_set_version': 'race-scoped-candidate-set-v1', 'field_start': '2026-08-13', 'field_end': '2026-08-17', 'available_at': '2026-08-20', 'source_lineage': 'votehub-poll-lineage-v3', 'resolution_status': 'race_scoped'}, {'poll_id': 'vh-us-202sur47670306', 'study_id': 'vh-study-us-202sur47670306', 'race_id': 'senate-2026-MN', 'question_id': 'vh-us-202sur47670306:q0', 'candidate_id': 'senate-2026-MN:michele-tafoya', 'candidate_name': 'Michele Tafoya', 'ballot_party': 'R', 'caucus': 'R', 'raw_share': 41.0, 'undecided': None, 'other': None, 'candidate_set_version': 'race-scoped-candidate-set-v1', 'field_start': '2026-08-13', 'field_end': '2026-08-17', 'available_at': '2026-08-20', 'source_lineage': 'votehub-poll-lineage-v3', 'resolution_status': 'race_scoped'}, {'poll_id': 'vh-us-202sur47670306', 'study_id': 'vh-study-us-202sur47670306', 'race_id': 'senate-2026-MN', 'question_id': 'vh-us-202sur47670306:q0', 'candidate_id': None, 'candidate_name': 'Marisa Simonetti', 'ballot_party': None, 'caucus': None, 'raw_share': 1.0, 'undecided': None, 'other': None, 'candidate_set_version': 'race-scoped-candidate-set-v1', 'field_start': '2026-08-13', 'field_end': '2026-08-17', 'available_at': '2026-08-20', 'source_lineage': 'votehub-poll-lineage-v3', 'resolution_status': 'unresolved_fail_closed'}, {'poll_id': 'vh-us-202sur47670306', 'study_id': 'vh-study-us-202sur47670306', 'race_id': 'senate-2026-MN', 'question_id': 'vh-us-202sur47670306:q0', 'candidate_id': None, 'candidate_name': 'Rebecca Whiting', 'ballot_party': None, 'caucus': None, 'raw_share': 1.0, 'undecided': None, 'other': None, 'candidate_set_version': 'race-scoped-candidate-set-v1', 'field_start': '2026-08-13', 'field_end': '2026-08-17', 'available_at': '2026-08-20', 'source_lineage': 'votehub-poll-lineage-v3', 'resolution_status': 'unresolved_fail_closed'}]",0.0,True
vh-us-202fab12ee3caf,vh-study-us-202fab12ee3caf,1,"Fabrizio, Lee & Associates/Impact Research",AARP,https://www.aarp.org/pri/topics/voter-research/politics/2026-midterm-election-poll-michigan/,f1df3f745b0d84a898ad856333e58f0b5b87f0fd8beea49a8afe0f9ada0a1789,2026-08-09,2026-08-11,2026-08-20,,2026-10-10T16:41:48.336232+00:00,2026-08-20,,2026-08-20,2026-08-11,senate-2026,US_SENATE,MI,senate-2026-MI,LV,877.0,,50.526,49.474,0.0,0.0,1.053,False,include,,votehub-ingest-v3-race-scoped-candidate-level,2026-10-10T16:41:48.336232+00:00,,state-usps-v1,votehub-candidate-matchup-v3-race-scoped,generic_two_way,,,en,1.0,True,False,,senate-2026-MI:abdul-el-sayed,Abdul El-Sayed,senate-2026-MI:mike-rogers,Mike Rogers,senate-2026:MI:senate-2026-MI:abdul-el-sayed|senate-2026-MI:mike-rogers,False,senate-2026-MI:abdul-el-sayed,Abdul El-Sayed,D,senate-2026-MI:mike-rogers,Mike Rogers,R,50.526,49.474,1.053,1.053,dem_minus_rep_two_party,,,,0.55,0.0,2.2,,prior_default,Abdul El-Sayed,Mike Rogers,Midwest,"[{'poll_id': 'vh-us-202fab12ee3caf', 'study_id': 'vh-study-us-202fab12ee3caf', 'race_id': 'senate-2026-MI', 'question_id': 'vh-us-202fab12ee3caf:q0', 'candidate_id': 'senate-2026-MI:abdul-el-sayed', 'candidate_name': 'Abdul El-Sayed', 'ballot_party': 'D', 'caucus': 'D', 'raw_share': 48.0, 'undecided': None, 'other': None, 'candidate_set_version': 'race-scoped-candidate-set-v1', 'field_start': '2026-08-09', 'field_end': '2026-08-11', 'available_at': '2026-08-20', 'source_lineage': 'votehub-poll-lineage-v3', 'resolution_status': 'race_scoped'}, {'poll_id': 'vh-us-202fab12ee3caf', 'study_id': 'vh-study-us-202fab12ee3caf', 'race_id': 'senate-2026-MI', 'question_id': 'vh-us-202fab12ee3caf:q0', 'candidate_id': 'senate-2026-MI:mike-rogers', 'candidate_name': 'Mike Rogers', 'ballot_party': 'R', 'caucus': 'R', 'raw_share': 47.0, 'undecided': None, 'other': None, 'candidate_set_version': 'race-scoped-candidate-set-v1', 'field_start': '2026-08-09', 'field_end': '2026-08-11', 'available_at': '2026-08-20', 'source_lineage': 'votehub-poll-lineage-v3', 'resolution_status': 'race_scoped'}]",0.0,True
vh-us-202sai47715591,vh-study-us-202sai47715591,1,Saint Anselm College Survey Center,none,https://www.anselm.edu/about/anselmian-hub/news/new-saint-anselm-college-poll-finds-republicans-facing-midterm-headwinds-democratic-lead-widens,311491909a77160a5c3b18b7e3041cf7f7a89f321b0fce7c5dc13631121d8228,2026-08-17,2026-08-18,2026-08-25,,2026-10-10T16:41:48.336232+00:00,2026-08-25,,2026-08-25,2026-08-18,senate-2026,US_SENATE,NH,senate-2026-NH,LV,1411.0,,53.933,46.067,0.0,0.0,7.865,False,include,,votehub-ingest-v3-race-scoped-candidate-level,2026-10-10T16:41:48.336232+00:00,,state-usps-v1,votehub-candidate-matchup-v3-race-scoped,generic_two_way,,,en,1.0,True,False,,senate-2026-NH:chris-pappas,Chris Pappas,senate-2026-NH:john-sununu,John Sununu,senate-2026:NH:senate-2026-NH:chris-pappas|senate-2026-NH:john-sununu,False,senate-2026-NH:chris-pappas,Chris Pappas,D,senate-2026-NH:john-sununu,John Sununu,R,53.933,46.067,7.865,7.865,dem_minus_rep_two_party,,,,0.7999999999999999,0.0,2.2,2.4,fivethirtyeight_pollster_ratings,Chris Pappas,John Sununu,Northeast,"[{'poll_id': 'vh-us-202sai47715591', 'study_id': 'vh-study-us-202sai47715591', 'race_id': 'senate-2026-NH', 'question_id': 'vh-us-202sai47715591:q0', 'candidate_id': 'senate-2026-NH:chris-pappas', 'candidate_name': 'Chris Pappas', 'ballot_party': 'D', 'caucus': 'D', 'raw_share': 48.0, 'undecided': None, 'other': None, 'candidate_set_version': 'race-scoped-candidate-set-v1', 'field_start': '2026-08-17', 'field_end': '2026-08-18', 'available_at': '2026-08-25', 'source_lineage': 'votehub-poll-lineage-v3', 'resolution_status': 'race_scoped'}, {'poll_id': 'vh-us-202sai47715591', 'study_id': 'vh-study-us-202sai47715591', 'race_id': 'senate-2026-NH', 'question_id': 'vh-us-202sai47715591:q0', 'candidate_id': 'senate-2026-NH:john-sununu', 'candidate_name': 'John Sununu', 'ballot_party': 'R', 'caucus': 'R', 'raw_share': 41.0, 'undecided': None, 'other': None, 'candidate_set_version': 'race-scoped-candidate-set-v1', 'field_start': '2026-08-17', 'field_end': '2026-08-18', 'available_at': '2026-08-25', 'source_lineage': 'votehub-poll-lineage-v3', 'resolution_status': 'race_scoped'}]",0.0,True
vh-us-202hig0453aa0e,vh-study-us-202hig0453aa0e,1,High Point University Survey Research Center,none,https://www.highpoint.edu/src/files/2023/08/HPU-Poll-126-Memo-08192026.pdf,ae69d15834604798e0a0f5eabee6e388749bef70d7c2cf8ddbce857e4c961897,2026-08-03,2026-08-12,2026-08-26,,2026-10-10T16:41:48.336232+00:00,2026-08-26,,2026-08-26,2026-08-12,senate-2026,US_SENATE,NC,senate-2026-NC,LV,660.0,,52.632,47.368,0.0,0.0,5.263,False,include,,votehub-ingest-v3-race-scoped-candidate-level,2026-10-10T16:41:48.336232+00:00,,state-usps-v1,votehub-candidate-matchup-v3-race-scoped,generic_two_way,,,en,1.0,True,False,,senate-2026-NC:roy-cooper,Roy Cooper,senate-2026-NC:michael-whatley,Michael Whatley,senate-2026:NC:senate-2026-NC:roy-cooper|senate-2026-NC:michael-whatley,False,senate-2026-NC:roy-cooper,Roy Cooper,D,senate-2026-NC:michael-whatley,Michael Whatley,R,52.632,47.368,5.263,5.263,dem_minus_rep_two_party,,,,0.8333333333333334,0.0,2.2,2.5,fivethirtyeight_pollster_ratings,Roy Cooper,Michael Whatley,South,"[{'poll_id': 'vh-us-202hig0453aa0e', 'study_id': 'vh-study-us-202hig0453aa0e', 'race_id': 'senate-2026-NC', 'question_id': 'vh-us-202hig0453aa0e:q0', 'candidate_id': 'senate-2026-NC:roy-cooper', 'candidate_name': 'Roy Cooper', 'ballot_party': 'D', 'caucus': 'D', 'raw_share': 50.0, 'undecided': None, 'other': None, 'candidate_set_version': 'race-scoped-candidate-set-v1', 'field_start': '2026-08-03', 'field_end': '2026-08-12', 'available_at': '2026-08-26', 'source_lineage': 'votehub-poll-lineage-v3', 'resolution_status': 'race_scoped'}, {'poll_id': 'vh-us-202hig0453aa0e', 'study_id': 'vh-study-us-202hig0453aa0e', 'race_id': 'senate-2026-NC', 'question_id': 'vh-us-202hig0453aa0e:q0', 'candidate_id': 'senate-2026-NC:michael-whatley', 'candidate_name': 'Michael Whatley', 'ballot_party': 'R', 'caucus': 'R', 'raw_share': 45.0, 'undecided': None, 'other': None, 'candidate_set_version': 'race-scoped-candidate-set-v1', 'field_start': '2026-08-03', 'field_end': '2026-08-12', 'available_at': '2026-08-26', 'source_lineage': 'votehub-poll-lineage-v3', 'resolution_status': 'race_scoped'}]",0.0,True
vh-us-202hig8ec8c4e5,vh-study-us-202hig8ec8c4e5,1,High Point University Survey Research Center,none,https://www.highpoint.edu/src/files/2023/08/HPU-Poll-126-Memo-08192026.pdf,e5addfcc3bd811c7b7c5809bf5fe6299b37e2cd50d87de03376c46e81d1fd0f2,2026-08-03,2026-08-12,2026-08-26,,2026-10-10T16:41:48.336232+00:00,2026-08-26,,2026-08-26,2026-08-12,senate-2026,US_SENATE,NC,senate-2026-NC,RV,800.0,,53.933,46.067,0.0,0.0,7.865,False,include,,votehub-ingest-v3-race-scoped-candidate-level,2026-10-10T16:41:48.336232+00:00,,state-usps-v1,votehub-candidate-matchup-v3-race-scoped,generic_two_way,,,en,1.0,True,False,,senate-2026-NC:roy-cooper,Roy Cooper,senate-2026-NC:michael-whatley,Michael Whatley,senate-2026:NC:senate-2026-NC:roy-cooper|senate-2026-NC:michael-whatley,False,senate-2026-NC:roy-cooper,Roy Cooper,D,senate-2026-NC:michael-whatley,Michael Whatley,R,53.933,46.067,7.865,7.865,dem_minus_rep_two_party,,,,0.8333333333333334,0.0,2.2,2.5,fivethirtyeight_pollster_ratings,Roy Cooper,Michael Whatley,South,"[{'poll_id': 'vh-us-202hig8ec8c4e5', 'study_id': 'vh-study-us-202hig8ec8c4e5', 'race_id': 'senate-2026-NC', 'question_id': 'vh-us-202hig8ec8c4e5:q0', 'candidate_id': 'senate-2026-NC:roy-cooper', 'candidate_name': 'Roy Cooper', 'ballot_party': 'D', 'caucus': 'D', 'raw_share': 48.0, 'undecided': None, 'other': None, 'candidate_set_version': 'race-scoped-candidate-set-v1', 'field_start': '2026-08-03', 'field_end': '2026-08-12', 'available_at': '2026-08-26', 'source_lineage': 'votehub-poll-lineage-v3', 'resolution_status': 'race_scoped'}, {'poll_id': 'vh-us-202hig8ec8c4e5', 'study_id': 'vh-study-us-202hig8ec8c4e5', 'race_id': 'senate-2026-NC', 'question_id': 'vh-us-202hig8ec8c4e5:q0', 'candidate_id': 'senate-2026-NC:michael-whatley', 'candidate_name': 'Michael Whatley', 'ballot_party': 'R', 'caucus': 'R', 'raw_share': 41.0, 'undecided': None, 'other': None, 'candidate_set_version': 'race-scoped-candidate-set-v1', 'field_start': '2026-08-03', 'field_end': '2026-08-12', 'available_at': '2026-08-26', 'source_lineage': 'votehub-poll-lineage-v3', 'resolution_status': 'race_scoped'}]",0.0,True
vh-us-202the54ba4671,vh-study-us-202the54ba4671,1,The Texas Politics Project at the University of Texas at Austin/YouGov,none,https://texaspolitics.utexas.edu/blog/new-ut-texas-politics-project-poll-finds-talarico-leading-paxton-abbott-leading-hinojosa-continued-resistance-to-data-centers-2,7b8a68b8e127bced2e7b282488d9475664f52c1afd91220b1db710aa9c3ce3ba,2026-08-05,2026-08-13,2026-08-26,,2026-10-10T16:41:48.336232+00:00,2026-08-26,,2026-08-26,2026-08-13,senate-2026,US_SENATE,TX,senate-2026-TX,RV,1218.0,,51.852,48.148,0.0,3.0,3.704,False,include,,votehub-ingest-v3-race-scoped-candidate-level,2026-10-10T16:41:48.336232+00:00,,state-usps-v1,votehub-candidate-matchup-v3-race-scoped,generic_two_way,,,en,1.0,True,True,,senate-2026-TX:james-talarico,James Talarico,senate-2026-TX:ken-paxton,Ken Paxton,senate-2026:TX:senate-2026-TX:james-talarico|senate-2026-TX:ken-paxton,False,senate-2026-TX:james-talarico,James Talarico,D,senate-2026-TX:ken-paxton,Ken Paxton,R,51.852,48.148,3.704,3.704,dem_minus_rep_two_party,,,,0.55,0.0,2.2,,prior_default,James Talarico,Ken Paxton,South,"[{'poll_id': 'vh-us-202the54ba4671', 'study_id': 'vh-study-us-202the54ba4671', 'race_id': 'senate-2026-TX', 'question_id': 'vh-us-202the54ba4671:q0', 'candidate_id': 'senate-2026-TX:james-talarico', 'candidate_name': 'James Talarico', 'ballot_party': 'D', 'caucus': 'D', 'raw_share': 42.0, 'undecided': None, 'other': None, 'candidate_set_version': 'race-scoped-candidate-set-v1', 'field_start': '2026-08-05', 'field_end': '2026-08-13', 'available_at': '2026-08-26', 'source_lineage': 'votehub-poll-lineage-v3', 'resolution_status': 'race_scoped'}, {'poll_id': 'vh-us-202the54ba4671', 'study_id': 'vh-study-us-202the54ba4671', 'race_id': 'senate-2026-TX', 'question_id': 'vh-us-202the54ba4671:q0', 'candidate_id': 'senate-2026-TX:ken-paxton', 'candidate_name': 'Ken Paxton', 'ballot_party': 'R', 'caucus': 'R', 'raw_share': 39.0, 'undecided': None, 'other': None, 'candidate_set_version': 'race-scoped-candidate-set-v1', 'field_start': '2026-08-05', 'field_end': '2026-08-13', 'available_at': '2026-08-26', 'source_lineage': 'votehub-poll-lineage-v3', 'resolution_status': 'race_scoped'}, {'poll_id': 'vh-us-202the54ba4671', 'study_id': 'vh-study-us-202the54ba4671', 'race_id': 'senate-2026-TX', 'question_id': 'vh-us-202the54ba4671:q0', 'candidate_id': None, 'candidate_name': 'Ted Brown', 'ballot_party': None, 'caucus': None, 'raw_share': 3.0, 'undecided': None, 'other': None, 'candidate_set_version': 'race-scoped-candidate-set-v1', 'field_start': '2026-08-05', 'field_end': '2026-08-13', 'available_at': '2026-08-26', 'source_lineage': 'votehub-poll-lineage-v3', 'resolution_status': 'unresolved_fail_closed'}]",0.0,True
vh-us-202sufc2449e1f,vh-study-us-202sufc2449e1f,1,Suffolk,none,https://www.suffolk.edu/academics/research-at-suffolk/political-research-center/polls/other-states#collapse-August-26-2026-Iowa-Governor-and-US-Senate-General-Election,9c019e8b602d7ce6435122559585b84e252f0bf735d87a64b090f6945c5f6ad9,2026-08-20,2026-08-23,2026-08-26,,2026-10-10T16:41:48.336232+00:00,2026-08-26,,2026-08-26,2026-08-23,senate-2026,US_SENATE,IA,senate-2026-IA,LV,500.0,,47.332,52.668,0.0,0.0,-5.336,False,include,,votehub-ingest-v3-race-scoped-candidate-level,2026-10-10T16:41:48.336232+00:00,,state-usps-v1,votehub-candidate-matchup-v3-race-scoped,generic_two_way,,,en,1.0,True,False,,senate-2026-IA:josh-turek,Josh Turek,senate-2026-IA:ashley-hinson,Ashley Hinson,senate-2026:IA:senate-2026-IA:josh-turek|senate-2026-IA:ashley-hinson,False,senate-2026-IA:josh-turek,Josh Turek,D,senate-2026-IA:ashley-hinson,Ashley Hinson,R,47.332,52.668,-5.336,-5.336,dem_minus_rep_two_party,,,,0.72,-0.19,2.25,B,votehub_pollster_scorecards,Josh Turek,Ashley Hinson,Midwest,"[{'poll_id': 'vh-us-202sufc2449e1f', 'study_id': 'vh-study-us-202sufc2449e1f', 'race_id': 'senate-2026-IA', 'question_id': 'vh-us-202sufc2449e1f:q0', 'candidate_id': 'senate-2026-IA:ashley-hinson', 'candidate_name': 'Ashley Hinson', 'ballot_party': 'R', 'caucus': 'R', 'raw_share': 45.4, 'undecided': None, 'other': None, 'candidate_set_version': 'race-scoped-candidate-set-v1', 'field_start': '2026-08-20', 'field_end': '2026-08-23', 'available_at': '2026-08-26', 'source_lineage': 'votehub-poll-lineage-v3', 'resolution_status': 'race_scoped'}, {'poll_id': 'vh-us-202sufc2449e1f', 'study_id': 'vh-study-us-202sufc2449e1f', 'race_id': 'senate-2026-IA', 'question_id': 'vh-us-202sufc2449e1f:q0', 'candidate_id': 'senate-2026-IA:josh-turek', 'candidate_name': 'Josh Turek', 'ballot_party': 'D', 'caucus': 'D', 'raw_share': 40.8, 'undecided': None, 'other': None, 'candidate_set_version': 'race-scoped-candidate-set-v1', 'field_start': '2026-08-20', 'field_end': '2026-08-23', 'available_at': '2026-08-26', 'source_lineage': 'votehub-poll-lineage-v3', 'resolution_status': 'race_scoped'}]",0.0,True
vh-us-202unie006e257,vh-study-us-202unie006e257,1,University of New Hampshire,none,https://scholars.unh.edu/survey_center_polls/988/,c6c9df3a561799aab51c59c78c9aab52b75aa9a81a4224487035907cdb901cb5,2026-08-20,2026-08-24,2026-08-26,,2026-10-10T16:41:48.336232+00:00,2026-08-26,,2026-08-26,2026-08-24,senate-2026,US_SENATE,NH,senate-2026-NH,LV,1878.0,,48.864,51.136,0.0,0.0,-2.273,False,include,,votehub-ingest-v3-race-scoped-candidate-level,2026-10-10T16:41:48.336232+00:00,,state-usps-v1,votehub-candidate-matchup-v3-race-scoped,generic_two_way,,,en,1.0,True,False,,senate-2026-NH:chris-pappas,Chris Pappas,senate-2026-NH:john-sununu,John Sununu,senate-2026:NH:senate-2026-NH:chris-pappas|senate-2026-NH:john-sununu,False,senate-2026-NH:chris-pappas,Chris Pappas,D,senate-2026-NH:john-sununu,John Sununu,R,48.864,51.136,-2.273,-2.273,dem_minus_rep_two_party,,,,0.55,0.0,2.2,,prior_default,Chris Pappas,John Sununu,Northeast,"[{'poll_id': 'vh-us-202unie006e257', 'study_id': 'vh-study-us-202unie006e257', 'race_id': 'senate-2026-NH', 'question_id': 'vh-us-202unie006e257:q0', 'candidate_id': 'senate-2026-NH:chris-pappas', 'candidate_name': 'Chris Pappas', 'ballot_party': 'D', 'caucus': 'D', 'raw_share': 43.0, 'undecided': None, 'other': None, 'candidate_set_version': 'race-scoped-candidate-set-v1', 'field_start': '2026-08-20', 'field_end': '2026-08-24', 'available_at': '2026-08-26', 'source_lineage': 'votehub-poll-lineage-v3', 'resolution_status': 'race_scoped'}, {'poll_id': 'vh-us-202unie006e257', 'study_id': 'vh-study-us-202unie006e257', 'race_id': 'senate-2026-NH', 'question_id': 'vh-us-202unie006e257:q0', 'candidate_id': 'senate-2026-NH:john-sununu', 'candidate_name': 'John Sununu', 'ballot_party': 'R', 'caucus': 'R', 'raw_share': 45.0, 'undecided': None, 'other': None, 'candidate_set_version': 'race-scoped-candidate-set-v1', 'field_start': '2026-08-20', 'field_end': '2026-08-24', 'available_at': '2026-08-26', 'source_lineage': 'votehub-poll-lineage-v3', 'resolution_status': 'race_scoped'}]",0.0,True
vh-us-202sli394bd9a0,vh-study-us-202sli394bd9a0,1,Slingshot Strategies,Texas Public Opinion Research,https://texaspublicopinionresearch.substack.com/p/new-poll-in-texas-general-election,80022fce201450eebfcdbccf9fd50974af9e840938ca17119a243b36ac74e8db,2026-08-21,2026-08-24,2026-08-27,,2026-10-10T16:41:48.336232+00:00,2026-08-27,,2026-08-27,2026-08-24,senate-2026,US_SENATE,TX,senate-2026-TX,LV,1000.0,,53.333,46.667,0.0,1.0,6.667,False,include,,votehub-ingest-v3-race-scoped-candidate-level,2026-10-10T16:41:48.336232+00:00,,state-usps-v1,votehub-candidate-matchup-v3-race-scoped,generic_two_way,,,en,1.0,True,True,,senate-2026-TX:james-talarico,James Talarico,senate-2026-TX:ken-paxton,Ken Paxton,senate-2026:TX:senate-2026-TX:james-talarico|senate-2026-TX:ken-paxton,False,senate-2026-TX:james-talarico,James Talarico,D,senate-2026-TX:ken-paxton,Ken Paxton,R,53.333,46.667,6.667,6.667,dem_minus_rep_two_party,,,,0.4666666666666666,0.0,1.0,1.4,fivethirtyeight_pollster_ratings,James Talarico,Ken Paxton,South,"[{'poll_id': 'vh-us-202sli394bd9a0', 'study_id': 'vh-study-us-202sli394bd9a0', 'race_id': 'senate-2026-TX', 'question_id': 'vh-us-202sli394bd9a0:q0', 'candidate_id': 'senate-2026-TX:james-talarico', 'candidate_name': 'James Talarico', 'ballot_party': 'D', 'caucus': 'D', 'raw_share': 48.0, 'undecided': None, 'other': None, 'candidate_set_version': 'race-scoped-candidate-set-v1', 'field_start': '2026-08-21', 'field_end': '2026-08-24', 'available_at': '2026-08-27', 'source_lineage': 'votehub-poll-lineage-v3', 'resolution_status': 'race_scoped'}, {'poll_id': 'vh-us-202sli394bd9a0', 'study_id': 'vh-study-us-202sli394bd9a0', 'race_id': 'senate-2026-TX', 'question_id': 'vh-us-202sli394bd9a0:q0', 'candidate_id': 'senate-2026-TX:ken-paxton', 'candidate_name': 'Ken Paxton', 'ballot_party': 'R', 'caucus': 'R', 'raw_share': 42.0, 'undecided': None, 'other': None, 'candidate_set_version': 'race-scoped-candidate-set-v1', 'field_start': '2026-08-21', 'field_end': '2026-08-24', 'available_at': '2026-08-27', 'source_lineage': 'votehub-poll-lineage-v3', 'resolution_status': 'race_scoped'}, {'poll_id': 'vh-us-202sli394bd9a0', 'study_id': 'vh-study-us-202sli394bd9a0', 'race_id': 'senate-2026-TX', 'question_id': 'vh-us-202sli394bd9a0:q0', 'candidate_id': None, 'candidate_name': 'Ted Brown', 'ballot_party': None, 'caucus': None, 'raw_share': 1.0, 'undecided': None, 'other': None, 'candidate_set_version': 'race-scoped-candidate-set-v1', 'field_start': '2026-08-21', 'field_end': '2026-08-24', 'available_at': '2026-08-27', 'source_lineage': 'votehub-poll-lineage-v3', 'resolution_status': 'unresolved_fail_closed'}]",0.0,True
vh-us-202uni2c6a92aa,vh-study-us-202uni2c6a92aa,1,University of New Hampshire,none,https://scholars.unh.edu/survey_center_polls/990/,03d70f902fec2266c92ecce7fb414d6d14e56901cb51d3bbf766451dc6306aed,2026-08-20,2026-08-24,2026-08-27,,2026-10-10T16:41:48.336232+00:00,2026-08-27,,2026-08-27,2026-08-24,senate-2026,US_SENATE,RI,senate-2026-RI,LV,750.0,,62.195,37.805,0.0,2.0,24.39,False,include,,votehub-ingest-v3-race-scoped-candidate-level,2026-10-10T16:41:48.336232+00:00,,state-usps-v1,votehub-candidate-matchup-v3-race-scoped,generic_two_way,,,en,1.0,True,True,,senate-2026-RI:jack-reed,Jack Reed,senate-2026-RI:raymond-mckay,Raymond McKay,senate-2026:RI:senate-2026-RI:jack-reed|senate-2026-RI:raymond-mckay,False,senate-2026-RI:jack-reed,Jack Reed,D,senate-2026-RI:raymond-mckay,Raymond McKay,R,62.195,37.805,24.39,24.39,dem_minus_rep_two_party,,,,0.55,0.0,2.2,,prior_default,Jack Reed,Raymond McKay,Northeast,"[{'poll_id': 'vh-us-202uni2c6a92aa', 'study_id': 'vh-study-us-202uni2c6a92aa', 'race_id': 'senate-2026-RI', 'question_id': 'vh-us-202uni2c6a92aa:q0', 'candidate_id': 'senate-2026-RI:jack-reed', 'candidate_name': 'Jack Reed', 'ballot_party': 'D', 'caucus': 'D', 'raw_share': 51.0, 'undecided': None, 'other': None, 'candidate_set_version': 'race-scoped-candidate-set-v1', 'field_start': '2026-08-20', 'field_end': '2026-08-24', 'available_at': '2026-08-27', 'source_lineage': 'votehub-poll-lineage-v3', 'resolution_status': 'race_scoped'}, {'poll_id': 'vh-us-202uni2c6a92aa', 'study_id': 'vh-study-us-202uni2c6a92aa', 'race_id': 'senate-2026-RI', 'question_id': 'vh-us-202uni2c6a92aa:q0', 'candidate_id': 'senate-2026-RI:raymond-mckay', 'candidate_name': 'Raymond McKay', 'ballot_party': 'R', 'caucus': 'R', 'raw_share': 31.0, 'undecided': None, 'other': None, 'candidate_set_version': 'race-scoped-candidate-set-v1', 'field_start': '2026-08-20', 'field_end': '2026-08-24', 'available_at': '2026-08-27', 'source_lineage': 'votehub-poll-lineage-v3', 'resolution_status': 'race_scoped'}, {'poll_id': 'vh-us-202uni2c6a92aa', 'study_id': 'vh-study-us-202uni2c6a92aa', 'race_id': 'senate-2026-RI', 'question_id': 'vh-us-202uni2c6a92aa:q0', 'candidate_id': None, 'candidate_name': 'Michael Bahry', 'ballot_party': None, 'caucus': None, 'raw_share': 2.0, 'undecided': None, 'other': None, 'candidate_set_version': 'race-scoped-candidate-set-v1', 'field_start': '2026-08-20', 'field_end': '2026-08-24', 'available_at': '2026-08-27', 'source_lineage': 'votehub-poll-lineage-v3', 'resolution_status': 'unresolved_fail_closed'}]",0.0,True
vh-us-202unic67dc15d,vh-study-us-202unic67dc15d,1,University of New Hampshire,none,https://scholars.unh.edu/survey_center_polls/989/,2a40f8fa4ab41bcf188ce369f0f1e0635cd76a4be154c6ba29a4749c5d72c51c,2026-08-20,2026-08-24,2026-08-27,,2026-10-10T16:41:48.336232+00:00,2026-08-27,,2026-08-27,2026-08-24,senate-2026,US_SENATE,MA,senate-2026-MA,LV,881.0,,62.025,37.975,0.0,7.0,24.051,False,include,,votehub-ingest-v3-race-scoped-candidate-level,2026-10-10T16:41:48.336232+00:00,,state-usps-v1,votehub-candidate-matchup-v3-race-scoped,generic_two_way,,,en,1.0,True,True,,senate-2026-MA:ed-markey,Ed Markey,senate-2026-MA:john-deaton,John Deaton,senate-2026:MA:senate-2026-MA:ed-markey|senate-2026-MA:john-deaton,False,senate-2026-MA:ed-markey,Ed Markey,D,senate-2026-MA:john-deaton,John Deaton,R,62.025,37.975,24.051,24.051,dem_minus_rep_two_party,,,,0.55,0.0,2.2,,prior_default,Ed Markey,John Deaton,Northeast,"[{'poll_id': 'vh-us-202unic67dc15d', 'study_id': 'vh-study-us-202unic67dc15d', 'race_id': 'senate-2026-MA', 'question_id': 'vh-us-202unic67dc15d:q0', 'candidate_id': 'senate-2026-MA:ed-markey', 'candidate_name': 'Ed Markey', 'ballot_party': 'D', 'caucus': 'D', 'raw_share': 49.0, 'undecided': None, 'other': None, 'candidate_set_version': 'race-scoped-candidate-set-v1', 'field_start': '2026-08-20', 'field_end': '2026-08-24', 'available_at': '2026-08-27', 'source_lineage': 'votehub-poll-lineage-v3', 'resolution_status': 'race_scoped'}, {'poll_id': 'vh-us-202unic67dc15d', 'study_id': 'vh-study-us-202unic67dc15d', 'race_id': 'senate-2026-MA', 'question_id': 'vh-us-202unic67dc15d:q0', 'candidate_id': 'senate-2026-MA:john-deaton', 'candidate_name': 'John Deaton', 'ballot_party': 'R', 'caucus': 'R', 'raw_share': 30.0, 'undecided': None, 'other': None, 'candidate_set_version': 'race-scoped-candidate-set-v1', 'field_start': '2026-08-20', 'field_end': '2026-08-24', 'available_at': '2026-08-27', 'source_lineage': 'votehub-poll-lineage-v3', 'resolution_status': 'race_scoped'}, {'poll_id': 'vh-us-202unic67dc15d', 'study_id': 'vh-study-us-202unic67dc15d', 'race_id': 'senate-2026-MA', 'question_id': 'vh-us-202unic67dc15d:q0', 'candidate_id': None, 'candidate_name': 'Joe Tache', 'ballot_party': None, 'caucus': None, 'raw_share': 7.0, 'undecided': None, 'other': None, 'candidate_set_version': 'race-scoped-candidate-set-v1', 'field_start': '2026-08-20', 'field_end': '2026-08-24', 'available_at': '2026-08-27', 'source_lineage': 'votehub-poll-lineage-v3', 'resolution_status': 'unresolved_fail_closed'}]",0.0,True
vh-us-202dat084dfba9,vh-study-us-202dat084dfba9,1,Data for Progress,Way to Lead PAC,https://chartingthewayforward.substack.com/p/research-release-fresh-polling-from,9eb4bebbb5d36c2e7b49c8e1457e024e90fb56dce414054d2e51e9eae8a58d05,2026-08-05,2026-08-15,2026-08-29,,2026-10-10T16:41:48.336232+00:00,2026-08-29,,2026-08-29,2026-08-15,senate-2026,US_SENATE,MS,senate-2026-MS,LV,1018.0,,46.591,53.409,0.0,0.0,-6.818,True,include,,votehub-ingest-v3-race-scoped-candidate-level,2026-10-10T16:41:48.336232+00:00,,state-usps-v1,votehub-candidate-matchup-v3-race-scoped,generic_two_way,,,en,1.0,True,False,,senate-2026-MS:scott-colom,Scott Colom,senate-2026-MS:cindy-hyde-smith,Cindy Hyde-Smith,senate-2026:MS:senate-2026-MS:scott-colom|senate-2026-MS:cindy-hyde-smith,False,senate-2026-MS:scott-colom,Scott Colom,D,senate-2026-MS:cindy-hyde-smith,Cindy Hyde-Smith,R,46.591,53.409,-6.818,-6.818,dem_minus_rep_two_party,,,,0.72,-0.04,2.14,B,votehub_pollster_scorecards,Scott Colom,Cindy Hyde-Smith,South,"[{'poll_id': 'vh-us-202dat084dfba9', 'study_id': 'vh-study-us-202dat084dfba9', 'race_id': 'senate-2026-MS', 'question_id': 'vh-us-202dat084dfba9:q0', 'candidate_id': 'senate-2026-MS:cindy-hyde-smith', 'candidate_name': 'Cindy Hyde-Smith', 'ballot_party': 'R', 'caucus': 'R', 'raw_share': 47.0, 'undecided': None, 'other': None, 'candidate_set_version': 'race-scoped-candidate-set-v1', 'field_start': '2026-08-05', 'field_end': '2026-08-15', 'available_at': '2026-08-29', 'source_lineage': 'votehub-poll-lineage-v3', 'resolution_status': 'race_scoped'}, {'poll_id': 'vh-us-202dat084dfba9', 'study_id': 'vh-study-us-202dat084dfba9', 'race_id': 'senate-2026-MS', 'question_id': 'vh-us-202dat084dfba9:q0', 'candidate_id': 'senate-2026-MS:scott-colom', 'candidate_name': 'Scott Colom', 'ballot_party': 'D', 'caucus': 'D', 'raw_share': 41.0, 'undecided': None, 'other': None, 'candidate_set_version': 'race-scoped-candidate-set-v1', 'field_start': '2026-08-05', 'field_end': '2026-08-15', 'available_at': '2026-08-29', 'source_lineage': 'votehub-poll-lineage-v3', 'resolution_status': 'race_scoped'}]",0.0,True
vh-us-202epi5f481027,vh-study-us-202epi5f481027,1,EPIC-MRA,none,https://drive.google.com/file/d/1flmzB5xpdJ6Noa-3hAbms0vBml6KwAxy/view?usp=sharing,20652991590a35c054c4608a148db43751988679d7997fa14b0997e0523fc186,2026-08-22,2026-08-28,2026-08-29,,2026-10-10T16:41:48.336232+00:00,2026-08-29,,2026-08-29,2026-08-28,senate-2026,US_SENATE,MI,senate-2026-MI,LV,600.0,,52.222,47.778,0.0,0.0,4.444,False,include,,votehub-ingest-v3-race-scoped-candidate-level,2026-10-10T16:41:48.336232+00:00,,state-usps-v1,votehub-candidate-matchup-v3-race-scoped,generic_two_way,,,en,1.0,True,False,,senate-2026-MI:abdul-el-sayed,Abdul El-Sayed,senate-2026-MI:mike-rogers,Mike Rogers,senate-2026:MI:senate-2026-MI:abdul-el-sayed|senate-2026-MI:mike-rogers,False,senate-2026-MI:abdul-el-sayed,Abdul El-Sayed,D,senate-2026-MI:mike-rogers,Mike Rogers,R,52.222,47.778,4.444,4.444,dem_minus_rep_two_party,,,,0.6333333333333333,0.0,2.2,1.9,fivethirtyeight_pollster_ratings,Abdul El-Sayed,Mike Rogers,Midwest,"[{'poll_id': 'vh-us-202epi5f481027', 'study_id': 'vh-study-us-202epi5f481027', 'race_id': 'senate-2026-MI', 'question_id': 'vh-us-202epi5f481027:q0', 'candidate_id': 'senate-2026-MI:abdul-el-sayed', 'candidate_name': 'Abdul El-Sayed', 'ballot_party': 'D', 'caucus': 'D', 'raw_share': 47.0, 'undecided': None, 'other': None, 'candidate_set_version': 'race-scoped-candidate-set-v1', 'field_start': '2026-08-22', 'field_end': '2026-08-28', 'available_at': '2026-08-29', 'source_lineage': 'votehub-poll-lineage-v3', 'resolution_status': 'race_scoped'}, {'poll_id': 'vh-us-202epi5f481027', 'study_id': 'vh-study-us-202epi5f481027', 'race_id': 'senate-2026-MI', 'question_id': 'vh-us-202epi5f481027:q0', 'candidate_id': 'senate-2026-MI:mike-rogers', 'candidate_name': 'Mike Rogers', 'ballot_party': 'R', 'caucus': 'R', 'raw_share': 43.0, 'undecided': None, 'other': None, 'candidate_set_version': 'race-scoped-candidate-set-v1', 'field_start': '2026-08-22', 'field_end': '2026-08-28', 'available_at': '2026-08-29', 'source_lineage': 'votehub-poll-lineage-v3', 'resolution_status': 'race_scoped'}]",0.0,True
vh-us-202resf47cceea,vh-study-us-202resf47cceea,1,Research & Polling Inc.,Albuquerque Journal,https://abqjournal-nm.newsmemory.com/?token=c7c266ad2404c07e6349028f271b1c50_6a96a56c_5328_0,71d2b043ff35d125057937ece911f90343f201e28600abb9e5d4929605d7ede3,2026-08-21,2026-08-28,2026-09-01,,2026-10-10T16:41:48.336232+00:00,2026-09-01,,2026-09-01,2026-08-28,senate-2026,US_SENATE,NM,senate-2026-NM,LV,516.0,,58.242,41.758,0.0,0.0,16.484,False,include,,votehub-ingest-v3-race-scoped-candidate-level,2026-10-10T16:41:48.336232+00:00,,state-usps-v1,votehub-candidate-matchup-v3-race-scoped,generic_two_way,,,en,1.0,True,False,,senate-2026-NM:ben-ray-lujan,Ben Ray Luján,senate-2026-NM:larry-marker,Larry Marker,senate-2026:NM:senate-2026-NM:ben-ray-lujan|senate-2026-NM:larry-marker,False,senate-2026-NM:ben-ray-lujan,Ben Ray Luján,D,senate-2026-NM:larry-marker,Larry Marker,R,58.242,41.758,16.484,16.484,dem_minus_rep_two_party,,,,0.7000000000000001,0.0,2.2,2.1,fivethirtyeight_pollster_ratings,Ben Ray Luján,Larry Marker,West,"[{'poll_id': 'vh-us-202resf47cceea', 'study_id': 'vh-study-us-202resf47cceea', 'race_id': 'senate-2026-NM', 'question_id': 'vh-us-202resf47cceea:q0', 'candidate_id': 'senate-2026-NM:ben-ray-lujan', 'candidate_name': 'Ben Ray Luján', 'ballot_party': 'D', 'caucus': 'D', 'raw_share': 53.0, 'undecided': None, 'other': None, 'candidate_set_version': 'race-scoped-candidate-set-v1', 'field_start': '2026-08-21', 'field_end': '2026-08-28', 'available_at': '2026-09-01', 'source_lineage': 'votehub-poll-lineage-v3', 'resolution_status': 'race_scoped'}, {'poll_id': 'vh-us-202resf47cceea', 'study_id': 'vh-study-us-202resf47cceea', 'race_id': 'senate-2026-NM', 'question_id': 'vh-us-202resf47cceea:q0', 'candidate_id': 'senate-2026-NM:larry-marker', 'candidate_name': 'Larry Marker', 'ballot_party': 'R', 'caucus': 'R', 'raw_share': 38.0, 'undecided': None, 'other': None, 'candidate_set_version': 'race-scoped-candidate-set-v1', 'field_start': '2026-08-21', 'field_end': '2026-08-28', 'available_at': '2026-09-01', 'source_lineage': 'votehub-poll-lineage-v3', 'resolution_status': 'race_scoped'}]",0.0,True
vh-us-202micb55519f5,vh-study-us-202micb55519f5,1,Michigan State University Institute for Public Policy and Social Research/YouGov,none,https://ippsr.msu.edu/news/msu-poll-shows-democrats-lead-republicans-coalesce-behind-rogers,58028f45ceaf8f1920703d675e3bd44159bb3244fd3ac089f8d2968904a5ec7c,2026-08-10,2026-08-20,2026-09-01,,2026-10-10T16:41:48.336232+00:00,2026-09-01,,2026-09-01,2026-08-20,senate-2026,US_SENATE,MI,senate-2026-MI,LV,779.0,,52.632,47.368,0.0,0.0,5.263,False,include,,votehub-ingest-v3-race-scoped-candidate-level,2026-10-10T16:41:48.336232+00:00,,state-usps-v1,votehub-candidate-matchup-v3-race-scoped,generic_two_way,,,en,1.0,True,False,,senate-2026-MI:abdul-el-sayed,Abdul El-Sayed,senate-2026-MI:mike-rogers,Mike Rogers,senate-2026:MI:senate-2026-MI:abdul-el-sayed|senate-2026-MI:mike-rogers,False,senate-2026-MI:abdul-el-sayed,Abdul El-Sayed,D,senate-2026-MI:mike-rogers,Mike Rogers,R,52.632,47.368,5.263,5.263,dem_minus_rep_two_party,,,,0.55,0.0,2.2,,prior_default,Abdul El-Sayed,Mike Rogers,Midwest,"[{'poll_id': 'vh-us-202micb55519f5', 'study_id': 'vh-study-us-202micb55519f5', 'race_id': 'senate-2026-MI', 'question_id': 'vh-us-202micb55519f5:q0', 'candidate_id': 'senate-2026-MI:abdul-el-sayed', 'candidate_name': 'Abdul El-Sayed', 'ballot_party': 'D', 'caucus': 'D', 'raw_share': 50.0, 'undecided': None, 'other': None, 'candidate_set_version': 'race-scoped-candidate-set-v1', 'field_start': '2026-08-10', 'field_end': '2026-08-20', 'available_at': '2026-09-01', 'source_lineage': 'votehub-poll-lineage-v3', 'resolution_status': 'race_scoped'}, {'poll_id': 'vh-us-202micb55519f5', 'study_id': 'vh-study-us-202micb55519f5', 'race_id': 'senate-2026-MI', 'question_id': 'vh-us-202micb55519f5:q0', 'candidate_id': 'senate-2026-MI:mike-rogers', 'candidate_name': 'Mike Rogers', 'ballot_party': 'R', 'caucus': 'R', 'raw_share': 45.0, 'undecided': None, 'other': None, 'candidate_set_version': 'race-scoped-candidate-set-v1', 'field_start': '2026-08-10', 'field_end': '2026-08-20', 'available_at': '2026-09-01', 'source_lineage': 'votehub-poll-lineage-v3', 'resolution_status': 'race_scoped'}]",0.0,True
vh-us-202miccc27552a,vh-study-us-202miccc27552a,1,Michigan State University Institute for Public Policy and Social Research/YouGov,none,https://ippsr.msu.edu/news/msu-poll-shows-democrats-lead-republicans-coalesce-behind-rogers,d29a5ac7dcc002893a81fa514179a27559843139f38c76709183ef7c6e3d7d67,2026-08-10,2026-08-20,2026-09-01,,2026-10-10T16:41:48.336232+00:00,2026-09-01,,2026-09-01,2026-08-20,senate-2026,US_SENATE,MI,senate-2026-MI,RV,913.0,,52.174,47.826,0.0,0.0,4.348,False,include,,votehub-ingest-v3-race-scoped-candidate-level,2026-10-10T16:41:48.336232+00:00,,state-usps-v1,votehub-candidate-matchup-v3-race-scoped,generic_two_way,,,en,1.0,True,False,,senate-2026-MI:abdul-el-sayed,Abdul El-Sayed,senate-2026-MI:mike-rogers,Mike Rogers,senate-2026:MI:senate-2026-MI:abdul-el-sayed|senate-2026-MI:mike-rogers,False,senate-2026-MI:abdul-el-sayed,Abdul El-Sayed,D,senate-2026-MI:mike-rogers,Mike Rogers,R,52.174,47.826,4.348,4.348,dem_minus_rep_two_party,,,,0.55,0.0,2.2,,prior_default,Abdul El-Sayed,Mike Rogers,Midwest,"[{'poll_id': 'vh-us-202miccc27552a', 'study_id': 'vh-study-us-202miccc27552a', 'race_id': 'senate-2026-MI', 'question_id': 'vh-us-202miccc27552a:q0', 'candidate_id': 'senate-2026-MI:abdul-el-sayed', 'candidate_name': 'Abdul El-Sayed', 'ballot_party': 'D', 'caucus': 'D', 'raw_share': 48.0, 'undecided': None, 'other': None, 'candidate_set_version': 'race-scoped-candidate-set-v1', 'field_start': '2026-08-10', 'field_end': '2026-08-20', 'available_at': '2026-09-01', 'source_lineage': 'votehub-poll-lineage-v3', 'resolution_status': 'race_scoped'}, {'poll_id': 'vh-us-202miccc27552a', 'study_id': 'vh-study-us-202miccc27552a', 'race_id': 'senate-2026-MI', 'question_id': 'vh-us-202miccc27552a:q0', 'candidate_id': 'senate-2026-MI:mike-rogers', 'candidate_name': 'Mike Rogers', 'ballot_party': 'R', 'caucus': 'R', 'raw_share': 44.0, 'undecided': None, 'other': None, 'candidate_set_version': 'race-scoped-candidate-set-v1', 'field_start': '2026-08-10', 'field_end': '2026-08-20', 'available_at': '2026-09-01', 'source_lineage': 'votehub-poll-lineage-v3', 'resolution_status': 'race_scoped'}]",0.0,True
vh-us-202emec4141ca7,vh-study-us-202emec4141ca7,1,Emerson,Nexstar Media,https://emersoncollegepolling.com/iowa-2026-poll-hinson-leads-turek/,693fc2c59c0d97d132b473700760f61d812fd20034b3813eab231cd745dad709,2026-08-31,2026-09-01,2026-09-03,,2026-10-10T16:41:48.336232+00:00,2026-09-03,,2026-09-03,2026-09-01,senate-2026,US_SENATE,IA,senate-2026-IA,LV,750.0,,47.368,52.632,0.0,0.0,-5.263,False,include,,votehub-ingest-v3-race-scoped-candidate-level,2026-10-10T16:41:48.336232+00:00,,state-usps-v1,votehub-candidate-matchup-v3-race-scoped,generic_two_way,,,en,1.0,True,False,,senate-2026-IA:josh-turek,Josh Turek,senate-2026-IA:ashley-hinson,Ashley Hinson,senate-2026:IA:senate-2026-IA:josh-turek|senate-2026-IA:ashley-hinson,False,senate-2026-IA:josh-turek,Josh Turek,D,senate-2026-IA:ashley-hinson,Ashley Hinson,R,47.368,52.632,-5.263,-5.263,dem_minus_rep_two_party,,,,0.72,-0.29,2.217,B,votehub_pollster_scorecards,Josh Turek,Ashley Hinson,Midwest,"[{'poll_id': 'vh-us-202emec4141ca7', 'study_id': 'vh-study-us-202emec4141ca7', 'race_id': 'senate-2026-IA', 'question_id': 'vh-us-202emec4141ca7:q0', 'candidate_id': 'senate-2026-IA:ashley-hinson', 'candidate_name': 'Ashley Hinson', 'ballot_party': 'R', 'caucus': 'R', 'raw_share': 50.0, 'undecided': None, 'other': None, 'candidate_set_version': 'race-scoped-candidate-set-v1', 'field_start': '2026-08-31', 'field_end': '2026-09-01', 'available_at': '2026-09-03', 'source_lineage': 'votehub-poll-lineage-v3', 'resolution_status': 'race_scoped'}, {'poll_id': 'vh-us-202emec4141ca7', 'study_id': 'vh-study-us-202emec4141ca7', 'race_id': 'senate-2026-IA', 'question_id': 'vh-us-202emec4141ca7:q0', 'candidate_id': 'senate-2026-IA:josh-turek', 'candidate_name': 'Josh Turek', 'ballot_party': 'D', 'caucus': 'D', 'raw_share': 45.0, 'undecided': None, 'other': None, 'candidate_set_version': 'race-scoped-candidate-set-v1', 'field_start': '2026-08-31', 'field_end': '2026-09-01', 'available_at': '2026-09-03', 'source_lineage': 'votehub-poll-lineage-v3', 'resolution_status': 'race_scoped'}]",0.0,True
vh-us-202ala6eea5978,vh-study-us-202ala6eea5978,1,Alaska Survey Research,none,https://x.com/The_Real_ASR/status/2095186398882287632,68ab55405d6c02f1798d8802a4f7a54ba79ab0f90c24dc6043d8999c1fe32b1b,2026-08-20,2026-08-23,2026-09-03,,2026-10-10T16:41:48.336232+00:00,2026-09-03,,2026-09-03,2026-08-23,senate-2026,US_SENATE,AK,senate-2026-AK,LV,1495.0,,50.6,49.4,0.0,0.0,1.2,False,include,,votehub-ingest-v3-race-scoped-candidate-level,2026-10-10T16:41:48.336232+00:00,,state-usps-v1,votehub-candidate-matchup-v3-race-scoped,generic_two_way,,,en,1.0,True,False,,senate-2026-AK:mary-peltola,Mary Peltola,senate-2026-AK:dan-s-sullivan,Dan Sullivan,senate-2026:AK:senate-2026-AK:mary-peltola|senate-2026-AK:dan-s-sullivan,False,senate-2026-AK:mary-peltola,Mary Peltola,D,senate-2026-AK:dan-s-sullivan,Dan Sullivan,R,50.6,49.4,1.2,1.2,dem_minus_rep_two_party,,,,0.6333333333333333,0.0,2.2,1.9,fivethirtyeight_pollster_ratings,Mary Peltola,Dan Sullivan,West,"[{'poll_id': 'vh-us-202ala6eea5978', 'study_id': 'vh-study-us-202ala6eea5978', 'race_id': 'senate-2026-AK', 'question_id': 'vh-us-202ala6eea5978:q0', 'candidate_id': 'senate-2026-AK:mary-peltola', 'candidate_name': 'Mary Peltola', 'ballot_party': 'D', 'caucus': 'D', 'raw_share': 50.6, 'undecided': None, 'other': None, 'candidate_set_version': 'race-scoped-candidate-set-v1', 'field_start': '2026-08-20', 'field_end': '2026-08-23', 'available_at': '2026-09-03', 'source_lineage': 'votehub-poll-lineage-v3', 'resolution_status': 'race_scoped'}, {'poll_id': 'vh-us-202ala6eea5978', 'study_id': 'vh-study-us-202ala6eea5978', 'race_id': 'senate-2026-AK', 'question_id': 'vh-us-202ala6eea5978:q0', 'candidate_id': 'senate-2026-AK:dan-s-sullivan', 'candidate_name': 'Dan Sullivan', 'ballot_party': 'R', 'caucus': 'R', 'raw_share': 49.4, 'undecided': None, 'other': None, 'candidate_set_version': 'race-scoped-candidate-set-v1', 'field_start': '2026-08-20', 'field_end': '2026-08-23', 'available_at': '2026-09-03', 'source_lineage': 'votehub-poll-lineage-v3', 'resolution_status': 'race_scoped'}]",0.0,True
vh-us-202tara610e9e2,vh-study-us-202tara610e9e2,1,Targoz Market Research,Beacon Center of Tennessee,https://tennsight.com/polls/august-2026/,ad8b8168894c8cc9ec139866496a6d7035b7556a9210661d972d77c326df852a,2026-08-15,2026-08-26,2026-09-03,,2026-10-10T16:41:48.336232+00:00,2026-09-03,,2026-09-03,2026-08-26,senate-2026,US_SENATE,TN,senate-2026-TN,RV,1157.0,,37.805,62.195,0.0,0.0,-24.39,False,include,,votehub-ingest-v3-race-scoped-candidate-level,2026-10-10T16:41:48.336232+00:00,,state-usps-v1,votehub-candidate-matchup-v3-race-scoped,generic_two_way,,,en,1.0,True,False,,senate-2026-TN:marquita-bradshaw,Marquita Bradshaw,senate-2026-TN:bill-hagerty,Bill Hagerty,senate-2026:TN:senate-2026-TN:marquita-bradshaw|senate-2026-TN:bill-hagerty,False,senate-2026-TN:marquita-bradshaw,Marquita Bradshaw,D,senate-2026-TN:bill-hagerty,Bill Hagerty,R,37.805,62.195,-24.39,-24.39,dem_minus_rep_two_party,,,,0.6,0.0,1.0,1.8,fivethirtyeight_pollster_ratings,Marquita Bradshaw,Bill Hagerty,South,"[{'poll_id': 'vh-us-202tara610e9e2', 'study_id': 'vh-study-us-202tara610e9e2', 'race_id': 'senate-2026-TN', 'question_id': 'vh-us-202tara610e9e2:q0', 'candidate_id': 'senate-2026-TN:bill-hagerty', 'candidate_name': 'Bill Hagerty', 'ballot_party': 'R', 'caucus': 'R', 'raw_share': 51.0, 'undecided': None, 'other': None, 'candidate_set_version': 'race-scoped-candidate-set-v1', 'field_start': '2026-08-15', 'field_end': '2026-08-26', 'available_at': '2026-09-03', 'source_lineage': 'votehub-poll-lineage-v3', 'resolution_status': 'race_scoped'}, {'poll_id': 'vh-us-202tara610e9e2', 'study_id': 'vh-study-us-202tara610e9e2', 'race_id': 'senate-2026-TN', 'question_id': 'vh-us-202tara610e9e2:q0', 'candidate_id': 'senate-2026-TN:marquita-bradshaw', 'candidate_name': 'Marquita Bradshaw', 'ballot_party': 'D', 'caucus': 'D', 'raw_share': 31.0, 'undecided': None, 'other': None, 'candidate_set_version': 'race-scoped-candidate-set-v1', 'field_start': '2026-08-15', 'field_end': '2026-08-26', 'available_at': '2026-09-03', 'source_lineage': 'votehub-poll-lineage-v3', 'resolution_status': 'race_scoped'}]",0.0,True
vh-us-202youc39ac53a,vh-study-us-202youc39ac53a,1,University of Massachusetts Lowell-YouGov,Univision,https://www.univision.com/noticias/politica/poll-univision-texas-2026,ff178c5171f17305cf5bbd3ce2320309424b666f864d0b5e684f2e728a27c431,2026-08-27,2026-09-04,2026-09-10,,2026-10-10T16:41:48.336232+00:00,2026-09-10,,2026-09-10,2026-09-04,senate-2026,US_SENATE,TX,senate-2026-TX,RV,1000.0,,52.747,47.253,0.0,0.0,5.495,False,include,,votehub-ingest-v3-race-scoped-candidate-level,2026-10-10T16:41:48.336232+00:00,,state-usps-v1,votehub-candidate-matchup-v3-race-scoped,generic_two_way,,,en,1.0,True,False,,senate-2026-TX:james-talarico,James Talarico,senate-2026-TX:ken-paxton,Ken Paxton,senate-2026:TX:senate-2026-TX:james-talarico|senate-2026-TX:ken-paxton,False,senate-2026-TX:james-talarico,James Talarico,D,senate-2026-TX:ken-paxton,Ken Paxton,R,52.747,47.253,5.495,5.495,dem_minus_rep_two_party,,,,0.32,1.7,2.547,D,votehub_pollster_scorecards,James Talarico,Ken Paxton,South,"[{'poll_id': 'vh-us-202youc39ac53a', 'study_id': 'vh-study-us-202youc39ac53a', 'race_id': 'senate-2026-TX', 'question_id': 'vh-us-202youc39ac53a:q0', 'candidate_id': 'senate-2026-TX:james-talarico', 'candidate_name': 'James Talarico', 'ballot_party': 'D', 'caucus': 'D', 'raw_share': 48.0, 'undecided': None, 'other': None, 'candidate_set_version': 'race-scoped-candidate-set-v1', 'field_start': '2026-08-27', 'field_end': '2026-09-04', 'available_at': '2026-09-10', 'source_lineage': 'votehub-poll-lineage-v3', 'resolution_status': 'race_scoped'}, {'poll_id': 'vh-us-202youc39ac53a', 'study_id': 'vh-study-us-202youc39ac53a', 'race_id': 'senate-2026-TX', 'question_id': 'vh-us-202youc39ac53a:q0', 'candidate_id': 'senate-2026-TX:ken-paxton', 'candidate_name': 'Ken Paxton', 'ballot_party': 'R', 'caucus': 'R', 'raw_share': 43.0, 'undecided': None, 'other': None, 'candidate_set_version': 'race-scoped-candidate-set-v1', 'field_start': '2026-08-27', 'field_end': '2026-09-04', 'available_at': '2026-09-10', 'source_lineage': 'votehub-poll-lineage-v3', 'resolution_status': 'race_scoped'}]",0.0,True
vh-us-202elo857d928d,vh-study-us-202elo857d928d,1,Elon University/YouGov,none,https://eloncdn.blob.core.windows.net/eu3/sites/819/2026/09/Elon-University-Poll-NR-9-10-26.pdf,795f5b049e013d0c2d7988a2b530c61b5a3c376cbe4f54512fc4bf45ed5ac904,2026-08-21,2026-08-31,2026-09-10,,2026-10-10T16:41:48.336232+00:00,2026-09-10,,2026-09-10,2026-08-31,senate-2026,US_SENATE,NC,senate-2026-NC,LV,565.0,,56.322,43.678,0.0,4.0,12.644,False,include,,votehub-ingest-v3-race-scoped-candidate-level,2026-10-10T16:41:48.336232+00:00,,state-usps-v1,votehub-candidate-matchup-v3-race-scoped,generic_two_way,,,en,1.0,True,True,,senate-2026-NC:roy-cooper,Roy Cooper,senate-2026-NC:michael-whatley,Michael Whatley,senate-2026:NC:senate-2026-NC:roy-cooper|senate-2026-NC:michael-whatley,False,senate-2026-NC:roy-cooper,Roy Cooper,D,senate-2026-NC:michael-whatley,Michael Whatley,R,56.322,43.678,12.644,12.644,dem_minus_rep_two_party,,,,0.55,0.0,2.2,,prior_default,Roy Cooper,Michael Whatley,South,"[{'poll_id': 'vh-us-202elo857d928d', 'study_id': 'vh-study-us-202elo857d928d', 'race_id': 'senate-2026-NC', 'question_id': 'vh-us-202elo857d928d:q0', 'candidate_id': 'senate-2026-NC:roy-cooper', 'candidate_name': 'Roy Cooper', 'ballot_party': 'D', 'caucus': 'D', 'raw_share': 49.0, 'undecided': None, 'other': None, 'candidate_set_version': 'race-scoped-candidate-set-v1', 'field_start': '2026-08-21', 'field_end': '2026-08-31', 'available_at': '2026-09-10', 'source_lineage': 'votehub-poll-lineage-v3', 'resolution_status': 'race_scoped'}, {'poll_id': 'vh-us-202elo857d928d', 'study_id': 'vh-study-us-202elo857d928d', 'race_id': 'senate-2026-NC', 'question_id': 'vh-us-202elo857d928d:q0', 'candidate_id': 'senate-2026-NC:michael-whatley', 'candidate_name': 'Michael Whatley', 'ballot_party': 'R', 'caucus': 'R', 'raw_share': 38.0, 'undecided': None, 'other': None, 'candidate_set_version': 'race-scoped-candidate-set-v1', 'field_start': '2026-08-21', 'field_end': '2026-08-31', 'available_at': '2026-09-10', 'source_lineage': 'votehub-poll-lineage-v3', 'resolution_status': 'race_scoped'}, {'poll_id': 'vh-us-202elo857d928d', 'study_id': 'vh-study-us-202elo857d928d', 'race_id': 'senate-2026-NC', 'question_id': 'vh-us-202elo857d928d:q0', 'candidate_id': None, 'candidate_name': 'Shannon Bray', 'ballot_party': None, 'caucus': None, 'raw_share': 2.0, 'undecided': None, 'other': None, 'candidate_set_version': 'race-scoped-candidate-set-v1', 'field_start': '2026-08-21', 'field_end': '2026-08-31', 'available_at': '2026-09-10', 'source_lineage': 'votehub-poll-lineage-v3', 'resolution_status': 'unresolved_fail_closed'}, {'poll_id': 'vh-us-202elo857d928d', 'study_id': 'vh-study-us-202elo857d928d', 'race_id': 'senate-2026-NC', 'question_id': 'vh-us-202elo857d928d:q0', 'candidate_id': None, 'candidate_name': 'Michael Dublin', 'ballot_party': None, 'caucus': None, 'raw_share': 2.0, 'undecided': None, 'other': None, 'candidate_set_version': 'race-scoped-candidate-set-v1', 'field_start': '2026-08-21', 'field_end': '2026-08-31', 'available_at': '2026-09-10', 'source_lineage': 'votehub-poll-lineage-v3', 'resolution_status': 'unresolved_fail_closed'}]",0.0,True
vh-us-202you8b2f9799,vh-study-us-202you8b2f9799,1,University of Massachusetts Lowell-YouGov,none,https://d3nkl3psvxxpe9.cloudfront.net/documents/ttw_me_20260902.pdf,1b1d89bb8d778ca34c48444126de086a79207831c99d08aa08146a7b4298f39b,2026-09-02,2026-09-08,2026-09-10,,2026-10-10T16:41:48.336232+00:00,2026-09-10,,2026-09-10,2026-09-08,senate-2026,US_SENATE,ME,senate-2026-ME,LV,1335.0,,52.174,47.826,0.0,0.0,4.348,False,include,,votehub-ingest-v3-race-scoped-candidate-level,2026-10-10T16:41:48.336232+00:00,,state-usps-v1,votehub-candidate-matchup-v3-race-scoped,generic_two_way,,,en,1.0,True,False,,senate-2026-ME:troy-jackson,Troy Jackson,senate-2026-ME:susan-collins,Susan Collins,senate-2026:ME:senate-2026-ME:troy-jackson|senate-2026-ME:susan-collins,False,senate-2026-ME:troy-jackson,Troy Jackson,D,senate-2026-ME:susan-collins,Susan Collins,R,52.174,47.826,4.348,4.348,dem_minus_rep_two_party,,,,0.32,1.7,2.547,D,votehub_pollster_scorecards,Troy Jackson,Susan Collins,Northeast,"[{'poll_id': 'vh-us-202you8b2f9799', 'study_id': 'vh-study-us-202you8b2f9799', 'race_id': 'senate-2026-ME', 'question_id': 'vh-us-202you8b2f9799:q0', 'candidate_id': 'senate-2026-ME:troy-jackson', 'candidate_name': 'Troy Jackson', 'ballot_party': 'D', 'caucus': 'D', 'raw_share': 48.0, 'undecided': None, 'other': None, 'candidate_set_version': 'race-scoped-candidate-set-v1', 'field_start': '2026-09-02', 'field_end': '2026-09-08', 'available_at': '2026-09-10', 'source_lineage': 'votehub-poll-lineage-v3', 'resolution_status': 'race_scoped'}, {'poll_id': 'vh-us-202you8b2f9799', 'study_id': 'vh-study-us-202you8b2f9799', 'race_id': 'senate-2026-ME', 'question_id': 'vh-us-202you8b2f9799:q0', 'candidate_id': 'senate-2026-ME:susan-collins', 'candidate_name': 'Susan Collins', 'ballot_party': 'R', 'caucus': 'R', 'raw_share': 44.0, 'undecided': None, 'other': None, 'candidate_set_version': 'race-scoped-candidate-set-v1', 'field_start': '2026-09-02', 'field_end': '2026-09-08', 'available_at': '2026-09-10', 'source_lineage': 'votehub-poll-lineage-v3', 'resolution_status': 'race_scoped'}]",0.0,True
vh-us-202fab22efb6bc,vh-study-us-202fab22efb6bc,1,Fabrizio-Impact,none,https://www.aarp.org/pri/topics/voter-research/politics/2026-midterm-election-poll-texas,d782d93a9ecee3df34a3eb6257dcb6317f00a20433558bf1b5801bc85d04bc9d,2026-08-30,2026-09-01,2026-09-10,,2026-10-10T16:41:48.336232+00:00,2026-09-10,,2026-09-10,2026-09-01,senate-2026,US_SENATE,TX,senate-2026-TX,LV,895.0,,52.174,47.826,0.0,0.0,4.348,False,include,,votehub-ingest-v3-race-scoped-candidate-level,2026-10-10T16:41:48.336232+00:00,,state-usps-v1,votehub-candidate-matchup-v3-race-scoped,generic_two_way,,,en,1.0,True,False,,senate-2026-TX:james-talarico,James Talarico,senate-2026-TX:ken-paxton,Ken Paxton,senate-2026:TX:senate-2026-TX:james-talarico|senate-2026-TX:ken-paxton,False,senate-2026-TX:james-talarico,James Talarico,D,senate-2026-TX:ken-paxton,Ken Paxton,R,52.174,47.826,4.348,4.348,dem_minus_rep_two_party,,,,1.0,-0.02,1.6230000000000002,A+,votehub_pollster_scorecards,James Talarico,Ken Paxton,South,"[{'poll_id': 'vh-us-202fab22efb6bc', 'study_id': 'vh-study-us-202fab22efb6bc', 'race_id': 'senate-2026-TX', 'question_id': 'vh-us-202fab22efb6bc:q0', 'candidate_id': 'senate-2026-TX:james-talarico', 'candidate_name': 'James Talarico', 'ballot_party': 'D', 'caucus': 'D', 'raw_share': 48.0, 'undecided': None, 'other': None, 'candidate_set_version': 'race-scoped-candidate-set-v1', 'field_start': '2026-08-30', 'field_end': '2026-09-01', 'available_at': '2026-09-10', 'source_lineage': 'votehub-poll-lineage-v3', 'resolution_status': 'race_scoped'}, {'poll_id': 'vh-us-202fab22efb6bc', 'study_id': 'vh-study-us-202fab22efb6bc', 'race_id': 'senate-2026-TX', 'question_id': 'vh-us-202fab22efb6bc:q0', 'candidate_id': 'senate-2026-TX:ken-paxton', 'candidate_name': 'Ken Paxton', 'ballot_party': 'R', 'caucus': 'R', 'raw_share': 44.0, 'undecided': None, 'other': None, 'candidate_set_version': 'race-scoped-candidate-set-v1', 'field_start': '2026-08-30', 'field_end': '2026-09-01', 'available_at': '2026-09-10', 'source_lineage': 'votehub-poll-lineage-v3', 'resolution_status': 'race_scoped'}]",0.0,True
vh-us-202easa9c1ac17,vh-study-us-202easa9c1ac17,1,East Carolina University,none,https://surveyresearch-ecu.reportablenews.com/pr/ecu-poll-cooper-leads-whatley-by-7-points,5689f49a510cffed53825a890e779404599ccca658e9da8173210f7dcac44a3b,2026-08-31,2026-09-03,2026-09-11,,2026-10-10T16:41:48.336232+00:00,2026-09-11,,2026-09-11,2026-09-03,senate-2026,US_SENATE,NC,senate-2026-NC,LV,675.0,,54.167,45.833,0.0,4.0,8.333,False,include,,votehub-ingest-v3-race-scoped-candidate-level,2026-10-10T16:41:48.336232+00:00,,state-usps-v1,votehub-candidate-matchup-v3-race-scoped,generic_two_way,,,en,1.0,True,True,,senate-2026-NC:roy-cooper,Roy Cooper,senate-2026-NC:michael-whatley,Michael Whatley,senate-2026:NC:senate-2026-NC:roy-cooper|senate-2026-NC:michael-whatley,False,senate-2026-NC:roy-cooper,Roy Cooper,D,senate-2026-NC:michael-whatley,Michael Whatley,R,54.167,45.833,8.333,8.333,dem_minus_rep_two_party,,,,1.0,-0.56,1.392,A+,votehub_pollster_scorecards,Roy Cooper,Michael Whatley,South,"[{'poll_id': 'vh-us-202easa9c1ac17', 'study_id': 'vh-study-us-202easa9c1ac17', 'race_id': 'senate-2026-NC', 'question_id': 'vh-us-202easa9c1ac17:q0', 'candidate_id': 'senate-2026-NC:roy-cooper', 'candidate_name': 'Roy Cooper', 'ballot_party': 'D', 'caucus': 'D', 'raw_share': 52.0, 'undecided': None, 'other': None, 'candidate_set_version': 'race-scoped-candidate-set-v1', 'field_start': '2026-08-31', 'field_end': '2026-09-03', 'available_at': '2026-09-11', 'source_lineage': 'votehub-poll-lineage-v3', 'resolution_status': 'race_scoped'}, {'poll_id': 'vh-us-202easa9c1ac17', 'study_id': 'vh-study-us-202easa9c1ac17', 'race_id': 'senate-2026-NC', 'question_id': 'vh-us-202easa9c1ac17:q0', 'candidate_id': 'senate-2026-NC:michael-whatley', 'candidate_name': 'Michael Whatley', 'ballot_party': 'R', 'caucus': 'R', 'raw_share': 44.0, 'undecided': None, 'other': None, 'candidate_set_version': 'race-scoped-candidate-set-v1', 'field_start': '2026-08-31', 'field_end': '2026-09-03', 'available_at': '2026-09-11', 'source_lineage': 'votehub-poll-lineage-v3', 'resolution_status': 'race_scoped'}, {'poll_id': 'vh-us-202easa9c1ac17', 'study_id': 'vh-study-us-202easa9c1ac17', 'race_id': 'senate-2026-NC', 'question_id': 'vh-us-202easa9c1ac17:q0', 'candidate_id': None, 'candidate_name': 'Shannon Bray', 'ballot_party': None, 'caucus': None, 'raw_share': 3.0, 'undecided': None, 'other': None, 'candidate_set_version': 'race-scoped-candidate-set-v1', 'field_start': '2026-08-31', 'field_end': '2026-09-03', 'available_at': '2026-09-11', 'source_lineage': 'votehub-poll-lineage-v3', 'resolution_status': 'unresolved_fail_closed'}, {'poll_id': 'vh-us-202easa9c1ac17', 'study_id': 'vh-study-us-202easa9c1ac17', 'race_id': 'senate-2026-NC', 'question_id': 'vh-us-202easa9c1ac17:q0', 'candidate_id': None, 'candidate_name': 'Michael Dublin', 'ballot_party': None, 'caucus': None, 'raw_share': 1.0, 'undecided': None, 'other': None, 'candidate_set_version': 'race-scoped-candidate-set-v1', 'field_start': '2026-08-31', 'field_end': '2026-09-03', 'available_at': '2026-09-11', 'source_lineage': 'votehub-poll-lineage-v3', 'resolution_status': 'unresolved_fail_closed'}]",0.0,True
vh-us-202ins635442db,vh-study-us-202ins635442db,1,InsiderAdvantage,none,https://insideradvantage.com/top-line-tabs-sc/,38d6c54f6a8e4ac1216d75e49f91fa205697b467e51af802db320c9a90e40ee5,2026-09-08,2026-09-09,2026-09-11,,2026-10-10T16:41:48.336232+00:00,2026-09-11,,2026-09-11,2026-09-09,senate-2026,US_SENATE,SC,senate-2026-SC,LV,1200.0,,48.924,51.076,0.0,0.0,-2.152,False,include,,votehub-ingest-v3-race-scoped-candidate-level,2026-10-10T16:41:48.336232+00:00,,state-usps-v1,votehub-candidate-matchup-v3-race-scoped,generic_two_way,,,en,1.0,True,False,,senate-2026-SC:annie-andrews,Annie Andrews,senate-2026-SC:darline-graham,Darline Graham,senate-2026:SC:senate-2026-SC:annie-andrews|senate-2026-SC:darline-graham,False,senate-2026-SC:annie-andrews,Annie Andrews,D,senate-2026-SC:darline-graham,Darline Graham,R,48.924,51.076,-2.152,-2.152,dem_minus_rep_two_party,,,,0.88,-0.62,2.129,A,votehub_pollster_scorecards,Annie Andrews,Darline Graham,South,"[{'poll_id': 'vh-us-202ins635442db', 'study_id': 'vh-study-us-202ins635442db', 'race_id': 'senate-2026-SC', 'question_id': 'vh-us-202ins635442db:q0', 'candidate_id': 'senate-2026-SC:darline-graham', 'candidate_name': 'Darline Graham', 'ballot_party': 'R', 'caucus': 'R', 'raw_share': 45.1, 'undecided': None, 'other': None, 'candidate_set_version': 'race-scoped-candidate-set-v1', 'field_start': '2026-09-08', 'field_end': '2026-09-09', 'available_at': '2026-09-11', 'source_lineage': 'votehub-poll-lineage-v3', 'resolution_status': 'race_scoped'}, {'poll_id': 'vh-us-202ins635442db', 'study_id': 'vh-study-us-202ins635442db', 'race_id': 'senate-2026-SC', 'question_id': 'vh-us-202ins635442db:q0', 'candidate_id': 'senate-2026-SC:annie-andrews', 'candidate_name': 'Annie Andrews', 'ballot_party': 'D', 'caucus': 'D', 'raw_share': 43.2, 'undecided': None, 'other': None, 'candidate_set_version': 'race-scoped-candidate-set-v1', 'field_start': '2026-09-08', 'field_end': '2026-09-09', 'available_at': '2026-09-11', 'source_lineage': 'votehub-poll-lineage-v3', 'resolution_status': 'race_scoped'}]",0.0,True
vh-us-202ins8df69531,vh-study-us-202ins8df69531,1,InsiderAdvantage,none,https://insideradvantage.com/top-line-tabs-texas/,0addcfc5ab0123438b735b9413936749e6a6fbd3e3b878785518d478b6fcbc8e,2026-09-08,2026-09-09,2026-09-11,,2026-10-10T16:41:48.336232+00:00,2026-09-11,,2026-09-11,2026-09-09,senate-2026,US_SENATE,TX,senate-2026-TX,LV,1200.0,,50.809,49.191,0.0,2.2,1.618,False,include,,votehub-ingest-v3-race-scoped-candidate-level,2026-10-10T16:41:48.336232+00:00,,state-usps-v1,votehub-candidate-matchup-v3-race-scoped,generic_two_way,,,en,1.0,True,True,,senate-2026-TX:james-talarico,James Talarico,senate-2026-TX:ken-paxton,Ken Paxton,senate-2026:TX:senate-2026-TX:james-talarico|senate-2026-TX:ken-paxton,False,senate-2026-TX:james-talarico,James Talarico,D,senate-2026-TX:ken-paxton,Ken Paxton,R,50.809,49.191,1.618,1.618,dem_minus_rep_two_party,,,,0.88,-0.62,2.129,A,votehub_pollster_scorecards,James Talarico,Ken Paxton,South,"[{'poll_id': 'vh-us-202ins8df69531', 'study_id': 'vh-study-us-202ins8df69531', 'race_id': 'senate-2026-TX', 'question_id': 'vh-us-202ins8df69531:q0', 'candidate_id': 'senate-2026-TX:james-talarico', 'candidate_name': 'James Talarico', 'ballot_party': 'D', 'caucus': 'D', 'raw_share': 47.1, 'undecided': None, 'other': None, 'candidate_set_version': 'race-scoped-candidate-set-v1', 'field_start': '2026-09-08', 'field_end': '2026-09-09', 'available_at': '2026-09-11', 'source_lineage': 'votehub-poll-lineage-v3', 'resolution_status': 'race_scoped'}, {'poll_id': 'vh-us-202ins8df69531', 'study_id': 'vh-study-us-202ins8df69531', 'race_id': 'senate-2026-TX', 'question_id': 'vh-us-202ins8df69531:q0', 'candidate_id': 'senate-2026-TX:ken-paxton', 'candidate_name': 'Ken Paxton', 'ballot_party': 'R', 'caucus': 'R', 'raw_share': 45.6, 'undecided': None, 'other': None, 'candidate_set_version': 'race-scoped-candidate-set-v1', 'field_start': '2026-09-08', 'field_end': '2026-09-09', 'available_at': '2026-09-11', 'source_lineage': 'votehub-poll-lineage-v3', 'resolution_status': 'race_scoped'}, {'poll_id': 'vh-us-202ins8df69531', 'study_id': 'vh-study-us-202ins8df69531', 'race_id': 'senate-2026-TX', 'question_id': 'vh-us-202ins8df69531:q0', 'candidate_id': None, 'candidate_name': 'Ted Brown', 'ballot_party': None, 'caucus': None, 'raw_share': 2.2, 'undecided': None, 'other': None, 'candidate_set_version': 'race-scoped-candidate-set-v1', 'field_start': '2026-09-08', 'field_end': '2026-09-09', 'available_at': '2026-09-11', 'source_lineage': 'votehub-poll-lineage-v3', 'resolution_status': 'unresolved_fail_closed'}]",0.0,True
vh-us-202ins890b679a,vh-study-us-202ins890b679a,1,InsiderAdvantage,none,https://insideradvantage.com/top-line-tabs-ohio/,a40d73ffc2d7fa893ff63673e280099bbdd61de1f5737c7c9abfb810602d34f0,2026-09-08,2026-09-09,2026-09-11,,2026-10-10T16:41:48.336232+00:00,2026-09-11,,2026-09-11,2026-09-09,senate-2026,US_SENATE,OH,senate-2026-OH,LV,1200.0,,53.027,46.973,0.0,0.0,6.054,False,include,,votehub-ingest-v3-race-scoped-candidate-level,2026-10-10T16:41:48.336232+00:00,,state-usps-v1,votehub-candidate-matchup-v3-race-scoped,generic_two_way,,,en,1.0,True,False,,senate-2026-OH:sherrod-brown,Sherrod Brown,senate-2026-OH:jon-husted,Jon Husted,senate-2026:OH:senate-2026-OH:sherrod-brown|senate-2026-OH:jon-husted,False,senate-2026-OH:sherrod-brown,Sherrod Brown,D,senate-2026-OH:jon-husted,Jon Husted,R,53.027,46.973,6.054,6.054,dem_minus_rep_two_party,,,,0.88,-0.62,2.129,A,votehub_pollster_scorecards,Sherrod Brown,Jon Husted,Midwest,"[{'poll_id': 'vh-us-202ins890b679a', 'study_id': 'vh-study-us-202ins890b679a', 'race_id': 'senate-2026-OH', 'question_id': 'vh-us-202ins890b679a:q0', 'candidate_id': 'senate-2026-OH:sherrod-brown', 'candidate_name': 'Sherrod Brown', 'ballot_party': 'D', 'caucus': 'D', 'raw_share': 47.3, 'undecided': None, 'other': None, 'candidate_set_version': 'race-scoped-candidate-set-v1', 'field_start': '2026-09-08', 'field_end': '2026-09-09', 'available_at': '2026-09-11', 'source_lineage': 'votehub-poll-lineage-v3', 'resolution_status': 'race_scoped'}, {'poll_id': 'vh-us-202ins890b679a', 'study_id': 'vh-study-us-202ins890b679a', 'race_id': 'senate-2026-OH', 'question_id': 'vh-us-202ins890b679a:q0', 'candidate_id': 'senate-2026-OH:jon-husted', 'candidate_name': 'Jon Husted', 'ballot_party': 'R', 'caucus': 'R', 'raw_share': 41.9, 'undecided': None, 'other': None, 'candidate_set_version': 'race-scoped-candidate-set-v1', 'field_start': '2026-09-08', 'field_end': '2026-09-09', 'available_at': '2026-09-11', 'source_lineage': 'votehub-poll-lineage-v3', 'resolution_status': 'race_scoped'}]",0.0,True
vh-us-202traa454dc67,vh-study-us-202traa454dc67,1,Trafalgar Group,none,https://www.thetrafalgargroup.org/news/mi-sen-general-0910/,3b73075026dcbc256175b60ab2b82b1f0ec59f5af879bd24817313980ae1153d,2026-09-07,2026-09-09,2026-09-11,,2026-10-10T16:41:48.336232+00:00,2026-09-11,,2026-09-11,2026-09-09,senate-2026,US_SENATE,MI,senate-2026-MI,LV,1079.0,,50.823,49.177,0.0,2.1,1.647,True,include,,votehub-ingest-v3-race-scoped-candidate-level,2026-10-10T16:41:48.336232+00:00,,state-usps-v1,votehub-candidate-matchup-v3-race-scoped,generic_two_way,,,en,1.0,True,True,,senate-2026-MI:abdul-el-sayed,Abdul El-Sayed,senate-2026-MI:mike-rogers,Mike Rogers,senate-2026:MI:senate-2026-MI:abdul-el-sayed|senate-2026-MI:mike-rogers,False,senate-2026-MI:abdul-el-sayed,Abdul El-Sayed,D,senate-2026-MI:mike-rogers,Mike Rogers,R,50.823,49.177,1.647,1.647,dem_minus_rep_two_party,,,,0.32,-1.38,2.701,D,votehub_pollster_scorecards,Abdul El-Sayed,Mike Rogers,Midwest,"[{'poll_id': 'vh-us-202traa454dc67', 'study_id': 'vh-study-us-202traa454dc67', 'race_id': 'senate-2026-MI', 'question_id': 'vh-us-202traa454dc67:q0', 'candidate_id': 'senate-2026-MI:abdul-el-sayed', 'candidate_name': 'Abdul El-Sayed', 'ballot_party': 'D', 'caucus': 'D', 'raw_share': 46.3, 'undecided': None, 'other': None, 'candidate_set_version': 'race-scoped-candidate-set-v1', 'field_start': '2026-09-07', 'field_end': '2026-09-09', 'available_at': '2026-09-11', 'source_lineage': 'votehub-poll-lineage-v3', 'resolution_status': 'race_scoped'}, {'poll_id': 'vh-us-202traa454dc67', 'study_id': 'vh-study-us-202traa454dc67', 'race_id': 'senate-2026-MI', 'question_id': 'vh-us-202traa454dc67:q0', 'candidate_id': 'senate-2026-MI:mike-rogers', 'candidate_name': 'Mike Rogers', 'ballot_party': 'R', 'caucus': 'R', 'raw_share': 44.8, 'undecided': None, 'other': None, 'candidate_set_version': 'race-scoped-candidate-set-v1', 'field_start': '2026-09-07', 'field_end': '2026-09-09', 'available_at': '2026-09-11', 'source_lineage': 'votehub-poll-lineage-v3', 'resolution_status': 'race_scoped'}, {'poll_id': 'vh-us-202traa454dc67', 'study_id': 'vh-study-us-202traa454dc67', 'race_id': 'senate-2026-MI', 'question_id': 'vh-us-202traa454dc67:q0', 'candidate_id': None, 'candidate_name': 'Lydia Christensen', 'ballot_party': None, 'caucus': None, 'raw_share': 0.8, 'undecided': None, 'other': None, 'candidate_set_version': 'race-scoped-candidate-set-v1', 'field_start': '2026-09-07', 'field_end': '2026-09-09', 'available_at': '2026-09-11', 'source_lineage': 'votehub-poll-lineage-v3', 'resolution_status': 'unresolved_fail_closed'}, {'poll_id': 'vh-us-202traa454dc67', 'study_id': 'vh-study-us-202traa454dc67', 'race_id': 'senate-2026-MI', 'question_id': 'vh-us-202traa454dc67:q0', 'candidate_id': None, 'candidate_name': 'Tim Long', 'ballot_party': None, 'caucus': None, 'raw_share': 0.7, 'undecided': None, 'other': None, 'candidate_set_version': 'race-scoped-candidate-set-v1', 'field_start': '2026-09-07', 'field_end': '2026-09-09', 'available_at': '2026-09-11', 'source_lineage': 'votehub-poll-lineage-v3', 'resolution_status': 'unresolved_fail_closed'}, {'poll_id': 'vh-us-202traa454dc67', 'study_id': 'vh-study-us-202traa454dc67', 'race_id': 'senate-2026-MI', 'question_id': 'vh-us-202traa454dc67:q0', 'candidate_id': None, 'candidate_name': 'Douglas P. Marsh', 'ballot_party': None, 'caucus': None, 'raw_share': 0.4, 'undecided': None, 'other': None, 'candidate_set_version': 'race-scoped-candidate-set-v1', 'field_start': '2026-09-07', 'field_end': '2026-09-09', 'available_at': '2026-09-11', 'source_lineage': 'votehub-poll-lineage-v3', 'resolution_status': 'unresolved_fail_closed'}, {'poll_id': 'vh-us-202traa454dc67', 'study_id': 'vh-study-us-202traa454dc67', 'race_id': 'senate-2026-MI', 'question_id': 'vh-us-202traa454dc67:q0', 'candidate_id': None, 'candidate_name': 'Walter P. Kristy', 'ballot_party': None, 'caucus': None, 'raw_share': 0.2, 'undecided': None, 'other': None, 'candidate_set_version': 'race-scoped-candidate-set-v1', 'field_start': '2026-09-07', 'field_end': '2026-09-09', 'available_at': '2026-09-11', 'source_lineage': 'votehub-poll-lineage-v3', 'resolution_status': 'unresolved_fail_closed'}]",0.0,True
vh-us-202cha69e5536b,vh-study-us-202cha69e5536b,1,Change Research,Freedom Project USA,https://changeresearch.com/research/2026/2026-09-10-an-emerging-florida-blue-wave,3644147baa96c89d19729365cdb70849880546fe45624dd582399d236a184a14,2026-09-07,2026-09-09,2026-09-11,,2026-10-10T16:41:48.336232+00:00,2026-09-11,,2026-09-11,2026-09-09,senate-2026,US_SENATE,FL,senate-2026-FL,LV,1107.0,,50.0,50.0,0.0,0.0,0.0,False,include,,votehub-ingest-v3-race-scoped-candidate-level,2026-10-10T16:41:48.336232+00:00,,state-usps-v1,votehub-candidate-matchup-v3-race-scoped,generic_two_way,,,en,1.0,True,False,,senate-2026-FL:angie-nixon,Angie Nixon,senate-2026-FL:ashley-moody,Ashley Moody,senate-2026:FL:senate-2026-FL:angie-nixon|senate-2026-FL:ashley-moody,False,senate-2026-FL:angie-nixon,Angie Nixon,D,senate-2026-FL:ashley-moody,Ashley Moody,R,50.0,50.0,0.0,0.0,dem_minus_rep_two_party,,,,0.52,1.31,2.239,C,votehub_pollster_scorecards,Angie Nixon,Ashley Moody,South,"[{'poll_id': 'vh-us-202cha69e5536b', 'study_id': 'vh-study-us-202cha69e5536b', 'race_id': 'senate-2026-FL', 'question_id': 'vh-us-202cha69e5536b:q0', 'candidate_id': 'senate-2026-FL:ashley-moody', 'candidate_name': 'Ashley Moody', 'ballot_party': 'R', 'caucus': 'R', 'raw_share': 47.0, 'undecided': None, 'other': None, 'candidate_set_version': 'race-scoped-candidate-set-v1', 'field_start': '2026-09-07', 'field_end': '2026-09-09', 'available_at': '2026-09-11', 'source_lineage': 'votehub-poll-lineage-v3', 'resolution_status': 'race_scoped'}, {'poll_id': 'vh-us-202cha69e5536b', 'study_id': 'vh-study-us-202cha69e5536b', 'race_id': 'senate-2026-FL', 'question_id': 'vh-us-202cha69e5536b:q0', 'candidate_id': 'senate-2026-FL:angie-nixon', 'candidate_name': 'Angie Nixon', 'ballot_party': 'D', 'caucus': 'D', 'raw_share': 47.0, 'undecided': None, 'other': None, 'candidate_set_version': 'race-scoped-candidate-set-v1', 'field_start': '2026-09-07', 'field_end': '2026-09-09', 'available_at': '2026-09-11', 'source_lineage': 'votehub-poll-lineage-v3', 'resolution_status': 'race_scoped'}]",0.0,True
vh-us-202qua8837472c,vh-study-us-202qua8837472c,1,Quantus Insights,none,https://quantusinsights.org/f/new-quantus-polls-moody-leads-in-florida-flanagan-in-minnesota,690fce1d9d2cc4cfce39c2335b070363dc6a23f1c046a7d5329db28071853b8f,2026-09-08,2026-09-10,2026-09-11,,2026-10-10T16:41:48.336232+00:00,2026-09-11,,2026-09-11,2026-09-10,senate-2026,US_SENATE,MN,senate-2026-MN,LV,720.0,,52.052,47.948,0.0,0.0,4.104,False,include,,votehub-ingest-v3-race-scoped-candidate-level,2026-10-10T16:41:48.336232+00:00,,state-usps-v1,votehub-candidate-matchup-v3-race-scoped,generic_two_way,,,en,1.0,True,False,,senate-2026-MN:peggy-flanagan,Peggy Flanagan,senate-2026-MN:michele-tafoya,Michele Tafoya,senate-2026:MN:senate-2026-MN:peggy-flanagan|senate-2026-MN:michele-tafoya,False,senate-2026-MN:peggy-flanagan,Peggy Flanagan,D,senate-2026-MN:michele-tafoya,Michele Tafoya,R,52.052,47.948,4.104,4.104,dem_minus_rep_two_party,,,,0.72,-0.96,2.184,B,votehub_pollster_scorecards,Peggy Flanagan,Michele Tafoya,Midwest,"[{'poll_id': 'vh-us-202qua8837472c', 'study_id': 'vh-study-us-202qua8837472c', 'race_id': 'senate-2026-MN', 'question_id': 'vh-us-202qua8837472c:q0', 'candidate_id': 'senate-2026-MN:peggy-flanagan', 'candidate_name': 'Peggy Flanagan', 'ballot_party': 'D', 'caucus': 'D', 'raw_share': 48.2, 'undecided': None, 'other': None, 'candidate_set_version': 'race-scoped-candidate-set-v1', 'field_start': '2026-09-08', 'field_end': '2026-09-10', 'available_at': '2026-09-11', 'source_lineage': 'votehub-poll-lineage-v3', 'resolution_status': 'race_scoped'}, {'poll_id': 'vh-us-202qua8837472c', 'study_id': 'vh-study-us-202qua8837472c', 'race_id': 'senate-2026-MN', 'question_id': 'vh-us-202qua8837472c:q0', 'candidate_id': 'senate-2026-MN:michele-tafoya', 'candidate_name': 'Michele Tafoya', 'ballot_party': 'R', 'caucus': 'R', 'raw_share': 44.4, 'undecided': None, 'other': None, 'candidate_set_version': 'race-scoped-candidate-set-v1', 'field_start': '2026-09-08', 'field_end': '2026-09-10', 'available_at': '2026-09-11', 'source_lineage': 'votehub-poll-lineage-v3', 'resolution_status': 'race_scoped'}]",0.0,True
vh-us-202qua2b8ed3cb,vh-study-us-202qua2b8ed3cb,1,Quantus Insights,none,https://quantusinsights.org/f/new-quantus-polls-moody-leads-in-florida-flanagan-in-minnesota,ef851de52925b82ab13ecb1815a142d0888b548d68f91e46ec59341b62e3b863,2026-09-08,2026-09-10,2026-09-11,,2026-10-10T16:41:48.336232+00:00,2026-09-11,,2026-09-11,2026-09-10,senate-2026,US_SENATE,FL,senate-2026-FL,LV,733.0,,46.013,53.987,0.0,0.0,-7.974,False,include,,votehub-ingest-v3-race-scoped-candidate-level,2026-10-10T16:41:48.336232+00:00,,state-usps-v1,votehub-candidate-matchup-v3-race-scoped,generic_two_way,,,en,1.0,True,False,,senate-2026-FL:angie-nixon,Angie Nixon,senate-2026-FL:ashley-moody,Ashley Moody,senate-2026:FL:senate-2026-FL:angie-nixon|senate-2026-FL:ashley-moody,False,senate-2026-FL:angie-nixon,Angie Nixon,D,senate-2026-FL:ashley-moody,Ashley Moody,R,46.013,53.987,-7.974,-7.974,dem_minus_rep_two_party,,,,0.72,-0.96,2.184,B,votehub_pollster_scorecards,Angie Nixon,Ashley Moody,South,"[{'poll_id': 'vh-us-202qua2b8ed3cb', 'study_id': 'vh-study-us-202qua2b8ed3cb', 'race_id': 'senate-2026-FL', 'question_id': 'vh-us-202qua2b8ed3cb:q0', 'candidate_id': 'senate-2026-FL:ashley-moody', 'candidate_name': 'Ashley Moody', 'ballot_party': 'R', 'caucus': 'R', 'raw_share': 50.1, 'undecided': None, 'other': None, 'candidate_set_version': 'race-scoped-candidate-set-v1', 'field_start': '2026-09-08', 'field_end': '2026-09-10', 'available_at': '2026-09-11', 'source_lineage': 'votehub-poll-lineage-v3', 'resolution_status': 'race_scoped'}, {'poll_id': 'vh-us-202qua2b8ed3cb', 'study_id': 'vh-study-us-202qua2b8ed3cb', 'race_id': 'senate-2026-FL', 'question_id': 'vh-us-202qua2b8ed3cb:q0', 'candidate_id': 'senate-2026-FL:angie-nixon', 'candidate_name': 'Angie Nixon', 'ballot_party': 'D', 'caucus': 'D', 'raw_share': 42.7, 'undecided': None, 'other': None, 'candidate_set_version': 'race-scoped-candidate-set-v1', 'field_start': '2026-09-08', 'field_end': '2026-09-10', 'available_at': '2026-09-11', 'source_lineage': 'votehub-poll-lineage-v3', 'resolution_status': 'race_scoped'}]",0.0,True
vh-us-202youa33846f3,vh-study-us-202youa33846f3,1,University of Massachusetts Lowell-YouGov,none,https://d3nkl3psvxxpe9.cloudfront.net/documents/iowa_election_20260903.pdf,71816daefab98142afbf59e06dbd14ae1326de119bfdfbd4cb31ffb64c708e69,2026-09-03,2026-09-08,2026-09-11,,2026-10-10T16:41:48.336232+00:00,2026-09-11,,2026-09-11,2026-09-08,senate-2026,US_SENATE,IA,senate-2026-IA,RV,2166.0,,50.575,49.425,0.0,0.0,1.149,False,include,,votehub-ingest-v3-race-scoped-candidate-level,2026-10-10T16:41:48.336232+00:00,,state-usps-v1,votehub-candidate-matchup-v3-race-scoped,generic_two_way,,,en,1.0,True,False,,senate-2026-IA:josh-turek,Josh Turek,senate-2026-IA:ashley-hinson,Ashley Hinson,senate-2026:IA:senate-2026-IA:josh-turek|senate-2026-IA:ashley-hinson,False,senate-2026-IA:josh-turek,Josh Turek,D,senate-2026-IA:ashley-hinson,Ashley Hinson,R,50.575,49.425,1.149,1.149,dem_minus_rep_two_party,,,,0.32,1.7,2.547,D,votehub_pollster_scorecards,Josh Turek,Ashley Hinson,Midwest,"[{'poll_id': 'vh-us-202youa33846f3', 'study_id': 'vh-study-us-202youa33846f3', 'race_id': 'senate-2026-IA', 'question_id': 'vh-us-202youa33846f3:q0', 'candidate_id': 'senate-2026-IA:ashley-hinson', 'candidate_name': 'Ashley Hinson', 'ballot_party': 'R', 'caucus': 'R', 'raw_share': 43.0, 'undecided': None, 'other': None, 'candidate_set_version': 'race-scoped-candidate-set-v1', 'field_start': '2026-09-03', 'field_end': '2026-09-08', 'available_at': '2026-09-11', 'source_lineage': 'votehub-poll-lineage-v3', 'resolution_status': 'race_scoped'}, {'poll_id': 'vh-us-202youa33846f3', 'study_id': 'vh-study-us-202youa33846f3', 'race_id': 'senate-2026-IA', 'question_id': 'vh-us-202youa33846f3:q0', 'candidate_id': 'senate-2026-IA:josh-turek', 'candidate_name': 'Josh Turek', 'ballot_party': 'D', 'caucus': 'D', 'raw_share': 44.0, 'undecided': None, 'other': None, 'candidate_set_version': 'race-scoped-candidate-set-v1', 'field_start': '2026-09-03', 'field_end': '2026-09-08', 'available_at': '2026-09-11', 'source_lineage': 'votehub-poll-lineage-v3', 'resolution_status': 'race_scoped'}]",0.0,True
vh-us-202youe257a121,vh-study-us-202youe257a121,1,University of Massachusetts Lowell-YouGov,none,https://d3nkl3psvxxpe9.cloudfront.net/documents/iowa_election_20260903.pdf,4b58ab651946656e8d14a780ac29098622fd9a630e152a0b2fbd71a26778e06a,2026-09-03,2026-09-08,2026-09-11,,2026-10-10T16:41:48.336232+00:00,2026-09-11,,2026-09-11,2026-09-08,senate-2026,US_SENATE,IA,senate-2026-IA,LV,2041.0,,52.222,47.778,0.0,0.0,4.444,False,include,,votehub-ingest-v3-race-scoped-candidate-level,2026-10-10T16:41:48.336232+00:00,,state-usps-v1,votehub-candidate-matchup-v3-race-scoped,generic_two_way,,,en,1.0,True,False,,senate-2026-IA:josh-turek,Josh Turek,senate-2026-IA:ashley-hinson,Ashley Hinson,senate-2026:IA:senate-2026-IA:josh-turek|senate-2026-IA:ashley-hinson,False,senate-2026-IA:josh-turek,Josh Turek,D,senate-2026-IA:ashley-hinson,Ashley Hinson,R,52.222,47.778,4.444,4.444,dem_minus_rep_two_party,,,,0.32,1.7,2.547,D,votehub_pollster_scorecards,Josh Turek,Ashley Hinson,Midwest,"[{'poll_id': 'vh-us-202youe257a121', 'study_id': 'vh-study-us-202youe257a121', 'race_id': 'senate-2026-IA', 'question_id': 'vh-us-202youe257a121:q0', 'candidate_id': 'senate-2026-IA:josh-turek', 'candidate_name': 'Josh Turek', 'ballot_party': 'D', 'caucus': 'D', 'raw_share': 47.0, 'undecided': None, 'other': None, 'candidate_set_version': 'race-scoped-candidate-set-v1', 'field_start': '2026-09-03', 'field_end': '2026-09-08', 'available_at': '2026-09-11', 'source_lineage': 'votehub-poll-lineage-v3', 'resolution_status': 'race_scoped'}, {'poll_id': 'vh-us-202youe257a121', 'study_id': 'vh-study-us-202youe257a121', 'race_id': 'senate-2026-IA', 'question_id': 'vh-us-202youe257a121:q0', 'candidate_id': 'senate-2026-IA:ashley-hinson', 'candidate_name': 'Ashley Hinson', 'ballot_party': 'R', 'caucus': 'R', 'raw_share': 43.0, 'undecided': None, 'other': None, 'candidate_set_version': 'race-scoped-candidate-set-v1', 'field_start': '2026-09-03', 'field_end': '2026-09-08', 'available_at': '2026-09-11', 'source_lineage': 'votehub-poll-lineage-v3', 'resolution_status': 'race_scoped'}]",0.0,True
vh-us-202co/dc2b4681,vh-study-us-202co/dc2b4681,1,co/efficient,none,https://battlegrounds.coefficient.org/ia/,a744a048c3904fd11b180f84d412c98923e88c36bacc85bfedb0da2b0e16182a,2026-09-14,2026-09-16,2026-09-17,,2026-10-10T16:41:48.336232+00:00,2026-09-17,,2026-09-17,2026-09-16,senate-2026,US_SENATE,IA,senate-2026-IA,LV,831.0,,47.727,52.273,0.0,2.0,-4.545,True,include,,votehub-ingest-v3-race-scoped-candidate-level,2026-10-10T16:41:48.336232+00:00,,state-usps-v1,votehub-candidate-matchup-v3-race-scoped,generic_two_way,,,en,1.0,True,True,,senate-2026-IA:josh-turek,Josh Turek,senate-2026-IA:ashley-hinson,Ashley Hinson,senate-2026:IA:senate-2026-IA:josh-turek|senate-2026-IA:ashley-hinson,False,senate-2026-IA:josh-turek,Josh Turek,D,senate-2026-IA:ashley-hinson,Ashley Hinson,R,47.727,52.273,-4.545,-4.545,dem_minus_rep_two_party,,,,0.3666666666666667,0.0,1.0,1.1,fivethirtyeight_pollster_ratings,Josh Turek,Ashley Hinson,Midwest,"[{'poll_id': 'vh-us-202co/dc2b4681', 'study_id': 'vh-study-us-202co/dc2b4681', 'race_id': 'senate-2026-IA', 'question_id': 'vh-us-202co/dc2b4681:q0', 'candidate_id': 'senate-2026-IA:ashley-hinson', 'candidate_name': 'Ashley Hinson', 'ballot_party': 'R', 'caucus': 'R', 'raw_share': 46.0, 'undecided': None, 'other': None, 'candidate_set_version': 'race-scoped-candidate-set-v1', 'field_start': '2026-09-14', 'field_end': '2026-09-16', 'available_at': '2026-09-17', 'source_lineage': 'votehub-poll-lineage-v3', 'resolution_status': 'race_scoped'}, {'poll_id': 'vh-us-202co/dc2b4681', 'study_id': 'vh-study-us-202co/dc2b4681', 'race_id': 'senate-2026-IA', 'question_id': 'vh-us-202co/dc2b4681:q0', 'candidate_id': 'senate-2026-IA:josh-turek', 'candidate_name': 'Josh Turek', 'ballot_party': 'D', 'caucus': 'D', 'raw_share': 42.0, 'undecided': None, 'other': None, 'candidate_set_version': 'race-scoped-candidate-set-v1', 'field_start': '2026-09-14', 'field_end': '2026-09-16', 'available_at': '2026-09-17', 'source_lineage': 'votehub-poll-lineage-v3', 'resolution_status': 'race_scoped'}, {'poll_id': 'vh-us-202co/dc2b4681', 'study_id': 'vh-study-us-202co/dc2b4681', 'race_id': 'senate-2026-IA', 'question_id': 'vh-us-202co/dc2b4681:q0', 'candidate_id': None, 'candidate_name': 'Thomas Laehn', 'ballot_party': None, 'caucus': None, 'raw_share': 2.0, 'undecided': None, 'other': None, 'candidate_set_version': 'race-scoped-candidate-set-v1', 'field_start': '2026-09-14', 'field_end': '2026-09-16', 'available_at': '2026-09-17', 'source_lineage': 'votehub-poll-lineage-v3', 'resolution_status': 'unresolved_fail_closed'}]",0.0,True
vh-us-202sura38c6933,vh-study-us-202sura38c6933,1,SurveyUSA,"KSTP-TV (St. Paul),KAAL-TV (Austin),WDIO-DT (Duluth)",https://kstp.com/kstp-news/top-news/kstp-surveyusa-poll-governor-senate-races-tightening-days-before-early-voting-starts-in-minnesota/,a550f298ff0c0934db27d09b2074d1339ee18e6c41f5e52f5baca4932b71b442,2026-09-09,2026-09-14,2026-09-17,,2026-10-10T16:41:48.336232+00:00,2026-09-17,,2026-09-17,2026-09-14,senate-2026,US_SENATE,MN,senate-2026-MN,LV,654.0,,50.0,50.0,0.0,4.0,0.0,False,include,,votehub-ingest-v3-race-scoped-candidate-level,2026-10-10T16:41:48.336232+00:00,,state-usps-v1,votehub-candidate-matchup-v3-race-scoped,generic_two_way,,,en,1.0,True,True,,senate-2026-MN:peggy-flanagan,Peggy Flanagan,senate-2026-MN:michele-tafoya,Michele Tafoya,senate-2026:MN:senate-2026-MN:peggy-flanagan|senate-2026-MN:michele-tafoya,False,senate-2026-MN:peggy-flanagan,Peggy Flanagan,D,senate-2026-MN:michele-tafoya,Michele Tafoya,R,50.0,50.0,0.0,0.0,dem_minus_rep_two_party,,,,0.32,2.29,2.5690000000000004,D,votehub_pollster_scorecards,Peggy Flanagan,Michele Tafoya,Midwest,"[{'poll_id': 'vh-us-202sura38c6933', 'study_id': 'vh-study-us-202sura38c6933', 'race_id': 'senate-2026-MN', 'question_id': 'vh-us-202sura38c6933:q0', 'candidate_id': 'senate-2026-MN:peggy-flanagan', 'candidate_name': 'Peggy Flanagan', 'ballot_party': 'D', 'caucus': 'D', 'raw_share': 42.0, 'undecided': None, 'other': None, 'candidate_set_version': 'race-scoped-candidate-set-v1', 'field_start': '2026-09-09', 'field_end': '2026-09-14', 'available_at': '2026-09-17', 'source_lineage': 'votehub-poll-lineage-v3', 'resolution_status': 'race_scoped'}, {'poll_id': 'vh-us-202sura38c6933', 'study_id': 'vh-study-us-202sura38c6933', 'race_id': 'senate-2026-MN', 'question_id': 'vh-us-202sura38c6933:q0', 'candidate_id': 'senate-2026-MN:michele-tafoya', 'candidate_name': 'Michele Tafoya', 'ballot_party': 'R', 'caucus': 'R', 'raw_share': 42.0, 'undecided': None, 'other': None, 'candidate_set_version': 'race-scoped-candidate-set-v1', 'field_start': '2026-09-09', 'field_end': '2026-09-14', 'available_at': '2026-09-17', 'source_lineage': 'votehub-poll-lineage-v3', 'resolution_status': 'race_scoped'}, {'poll_id': 'vh-us-202sura38c6933', 'study_id': 'vh-study-us-202sura38c6933', 'race_id': 'senate-2026-MN', 'question_id': 'vh-us-202sura38c6933:q0', 'candidate_id': None, 'candidate_name': 'Marisa Simonetti', 'ballot_party': None, 'caucus': None, 'raw_share': 2.0, 'undecided': None, 'other': None, 'candidate_set_version': 'race-scoped-candidate-set-v1', 'field_start': '2026-09-09', 'field_end': '2026-09-14', 'available_at': '2026-09-17', 'source_lineage': 'votehub-poll-lineage-v3', 'resolution_status': 'unresolved_fail_closed'}, {'poll_id': 'vh-us-202sura38c6933', 'study_id': 'vh-study-us-202sura38c6933', 'race_id': 'senate-2026-MN', 'question_id': 'vh-us-202sura38c6933:q0', 'candidate_id': None, 'candidate_name': 'Rebecca Whiting', 'ballot_party': None, 'caucus': None, 'raw_share': 2.0, 'undecided': None, 'other': None, 'candidate_set_version': 'race-scoped-candidate-set-v1', 'field_start': '2026-09-09', 'field_end': '2026-09-14', 'available_at': '2026-09-17', 'source_lineage': 'votehub-poll-lineage-v3', 'resolution_status': 'unresolved_fail_closed'}]",0.0,True
vh-us-202qua5c07dc65,vh-study-us-202qua5c07dc65,1,Quantus Insights,none,https://quantusinsights.org/f/quantus-survey-collins-and-jackson-even-in-maine-senate-race,a46dc435f42ab02a29eb98505d22eeaab4fcfc0d59eb0da2853b80c7ebc56e51,2026-09-14,2026-09-15,2026-09-17,,2026-10-10T16:41:48.336232+00:00,2026-09-17,,2026-09-17,2026-09-15,senate-2026,US_SENATE,ME,senate-2026-ME,LV,621.0,,49.626,50.374,0.0,0.0,-0.749,False,include,,votehub-ingest-v3-race-scoped-candidate-level,2026-10-10T16:41:48.336232+00:00,,state-usps-v1,votehub-candidate-matchup-v3-race-scoped,generic_two_way,,,en,1.0,True,False,,senate-2026-ME:troy-jackson,Troy Jackson,senate-2026-ME:susan-collins,Susan Collins,senate-2026:ME:senate-2026-ME:troy-jackson|senate-2026-ME:susan-collins,False,senate-2026-ME:troy-jackson,Troy Jackson,D,senate-2026-ME:susan-collins,Susan Collins,R,49.626,50.374,-0.749,-0.749,dem_minus_rep_two_party,,,,0.72,-0.96,2.184,B,votehub_pollster_scorecards,Troy Jackson,Susan Collins,Northeast,"[{'poll_id': 'vh-us-202qua5c07dc65', 'study_id': 'vh-study-us-202qua5c07dc65', 'race_id': 'senate-2026-ME', 'question_id': 'vh-us-202qua5c07dc65:q0', 'candidate_id': 'senate-2026-ME:troy-jackson', 'candidate_name': 'Troy Jackson', 'ballot_party': 'D', 'caucus': 'D', 'raw_share': 46.4, 'undecided': None, 'other': None, 'candidate_set_version': 'race-scoped-candidate-set-v1', 'field_start': '2026-09-14', 'field_end': '2026-09-15', 'available_at': '2026-09-17', 'source_lineage': 'votehub-poll-lineage-v3', 'resolution_status': 'race_scoped'}, {'poll_id': 'vh-us-202qua5c07dc65', 'study_id': 'vh-study-us-202qua5c07dc65', 'race_id': 'senate-2026-ME', 'question_id': 'vh-us-202qua5c07dc65:q0', 'candidate_id': 'senate-2026-ME:susan-collins', 'candidate_name': 'Susan Collins', 'ballot_party': 'R', 'caucus': 'R', 'raw_share': 47.1, 'undecided': None, 'other': None, 'candidate_set_version': 'race-scoped-candidate-set-v1', 'field_start': '2026-09-14', 'field_end': '2026-09-15', 'available_at': '2026-09-17', 'source_lineage': 'votehub-poll-lineage-v3', 'resolution_status': 'race_scoped'}]",0.0,True
vh-us-202the9066d3a5,vh-study-us-202the9066d3a5,1,Washington Post-George Mason University,none,https://www.washingtonpost.com/documents/08fa9b5e-43ac-456c-a706-4c33ec6506dc.pdf,c27815e1d95dcba8cacb01cb2c336a1ddd7e3f9b274acea16ab7e08603bb08ac,2026-09-10,2026-09-14,2026-09-17,,2026-10-10T16:41:48.336232+00:00,2026-09-17,,2026-09-17,2026-09-14,senate-2026,US_SENATE,MI,senate-2026-MI,LV,803.0,,51.613,48.387,0.0,0.0,3.226,False,include,,votehub-ingest-v3-race-scoped-candidate-level,2026-10-10T16:41:48.336232+00:00,,state-usps-v1,votehub-candidate-matchup-v3-race-scoped,generic_two_way,,,en,1.0,True,False,,senate-2026-MI:abdul-el-sayed,Abdul El-Sayed,senate-2026-MI:mike-rogers,Mike Rogers,senate-2026:MI:senate-2026-MI:abdul-el-sayed|senate-2026-MI:mike-rogers,False,senate-2026-MI:abdul-el-sayed,Abdul El-Sayed,D,senate-2026-MI:mike-rogers,Mike Rogers,R,51.613,48.387,3.226,3.226,dem_minus_rep_two_party,,,,0.52,0.3,2.261,C,votehub_pollster_scorecards,Abdul El-Sayed,Mike Rogers,Midwest,"[{'poll_id': 'vh-us-202the9066d3a5', 'study_id': 'vh-study-us-202the9066d3a5', 'race_id': 'senate-2026-MI', 'question_id': 'vh-us-202the9066d3a5:q0', 'candidate_id': 'senate-2026-MI:abdul-el-sayed', 'candidate_name': 'Abdul El-Sayed', 'ballot_party': 'D', 'caucus': 'D', 'raw_share': 48.0, 'undecided': None, 'other': None, 'candidate_set_version': 'race-scoped-candidate-set-v1', 'field_start': '2026-09-10', 'field_end': '2026-09-14', 'available_at': '2026-09-17', 'source_lineage': 'votehub-poll-lineage-v3', 'resolution_status': 'race_scoped'}, {'poll_id': 'vh-us-202the9066d3a5', 'study_id': 'vh-study-us-202the9066d3a5', 'race_id': 'senate-2026-MI', 'question_id': 'vh-us-202the9066d3a5:q0', 'candidate_id': 'senate-2026-MI:mike-rogers', 'candidate_name': 'Mike Rogers', 'ballot_party': 'R', 'caucus': 'R', 'raw_share': 45.0, 'undecided': None, 'other': None, 'candidate_set_version': 'race-scoped-candidate-set-v1', 'field_start': '2026-09-10', 'field_end': '2026-09-14', 'available_at': '2026-09-17', 'source_lineage': 'votehub-poll-lineage-v3', 'resolution_status': 'race_scoped'}]",0.0,True
vh-us-202emee56d4394,vh-study-us-202emee56d4394,1,Emerson,Nexstar Media,https://emersoncollegepolling.com/texas-2026-poll-talarico-and-paxton-in-dead-heat-abbott-maintains-edge/,a0855d2533014435dac3786466e9b122e6ad3f5642f0012b34597504942f5ca7,2026-09-12,2026-09-14,2026-09-17,,2026-10-10T16:41:48.336232+00:00,2026-09-17,,2026-09-17,2026-09-14,senate-2026,US_SENATE,TX,senate-2026-TX,LV,1000.0,,50.538,49.462,0.0,2.0,1.075,False,include,,votehub-ingest-v3-race-scoped-candidate-level,2026-10-10T16:41:48.336232+00:00,,state-usps-v1,votehub-candidate-matchup-v3-race-scoped,generic_two_way,,,en,1.0,True,True,,senate-2026-TX:james-talarico,James Talarico,senate-2026-TX:ken-paxton,Ken Paxton,senate-2026:TX:senate-2026-TX:james-talarico|senate-2026-TX:ken-paxton,False,senate-2026-TX:james-talarico,James Talarico,D,senate-2026-TX:ken-paxton,Ken Paxton,R,50.538,49.462,1.075,1.075,dem_minus_rep_two_party,,,,0.72,-0.29,2.217,B,votehub_pollster_scorecards,James Talarico,Ken Paxton,South,"[{'poll_id': 'vh-us-202emee56d4394', 'study_id': 'vh-study-us-202emee56d4394', 'race_id': 'senate-2026-TX', 'question_id': 'vh-us-202emee56d4394:q0', 'candidate_id': 'senate-2026-TX:james-talarico', 'candidate_name': 'James Talarico', 'ballot_party': 'D', 'caucus': 'D', 'raw_share': 47.0, 'undecided': None, 'other': None, 'candidate_set_version': 'race-scoped-candidate-set-v1', 'field_start': '2026-09-12', 'field_end': '2026-09-14', 'available_at': '2026-09-17', 'source_lineage': 'votehub-poll-lineage-v3', 'resolution_status': 'race_scoped'}, {'poll_id': 'vh-us-202emee56d4394', 'study_id': 'vh-study-us-202emee56d4394', 'race_id': 'senate-2026-TX', 'question_id': 'vh-us-202emee56d4394:q0', 'candidate_id': 'senate-2026-TX:ken-paxton', 'candidate_name': 'Ken Paxton', 'ballot_party': 'R', 'caucus': 'R', 'raw_share': 46.0, 'undecided': None, 'other': None, 'candidate_set_version': 'race-scoped-candidate-set-v1', 'field_start': '2026-09-12', 'field_end': '2026-09-14', 'available_at': '2026-09-17', 'source_lineage': 'votehub-poll-lineage-v3', 'resolution_status': 'race_scoped'}, {'poll_id': 'vh-us-202emee56d4394', 'study_id': 'vh-study-us-202emee56d4394', 'race_id': 'senate-2026-TX', 'question_id': 'vh-us-202emee56d4394:q0', 'candidate_id': None, 'candidate_name': 'Ted Brown', 'ballot_party': None, 'caucus': None, 'raw_share': 2.0, 'undecided': None, 'other': None, 'candidate_set_version': 'race-scoped-candidate-set-v1', 'field_start': '2026-09-12', 'field_end': '2026-09-14', 'available_at': '2026-09-17', 'source_lineage': 'votehub-poll-lineage-v3', 'resolution_status': 'unresolved_fail_closed'}]",0.0,True
vh-us-202eme99d02ce6,vh-study-us-202eme99d02ce6,1,Emerson,Nexstar Media,https://emersoncollegepolling.com/michigan-2026-poll-el-sayed-and-rogers-locked-in-close-election/,ae03cb31740309b8c45549d96e39a6b0269141d3ae012d21e32212b74d6e400b,2026-09-12,2026-09-14,2026-09-17,,2026-10-10T16:41:48.336232+00:00,2026-09-17,,2026-09-17,2026-09-14,senate-2026,US_SENATE,MI,senate-2026-MI,LV,1000.0,,51.331,48.669,0.0,4.4,2.662,False,include,,votehub-ingest-v3-race-scoped-candidate-level,2026-10-10T16:41:48.336232+00:00,,state-usps-v1,votehub-candidate-matchup-v3-race-scoped,generic_two_way,,,en,1.0,True,True,,senate-2026-MI:abdul-el-sayed,Abdul El-Sayed,senate-2026-MI:mike-rogers,Mike Rogers,senate-2026:MI:senate-2026-MI:abdul-el-sayed|senate-2026-MI:mike-rogers,False,senate-2026-MI:abdul-el-sayed,Abdul El-Sayed,D,senate-2026-MI:mike-rogers,Mike Rogers,R,51.331,48.669,2.662,2.662,dem_minus_rep_two_party,,,,0.72,-0.29,2.217,B,votehub_pollster_scorecards,Abdul El-Sayed,Mike Rogers,Midwest,"[{'poll_id': 'vh-us-202eme99d02ce6', 'study_id': 'vh-study-us-202eme99d02ce6', 'race_id': 'senate-2026-MI', 'question_id': 'vh-us-202eme99d02ce6:q0', 'candidate_id': 'senate-2026-MI:abdul-el-sayed', 'candidate_name': 'Abdul El-Sayed', 'ballot_party': 'D', 'caucus': 'D', 'raw_share': 48.2, 'undecided': None, 'other': None, 'candidate_set_version': 'race-scoped-candidate-set-v1', 'field_start': '2026-09-12', 'field_end': '2026-09-14', 'available_at': '2026-09-17', 'source_lineage': 'votehub-poll-lineage-v3', 'resolution_status': 'race_scoped'}, {'poll_id': 'vh-us-202eme99d02ce6', 'study_id': 'vh-study-us-202eme99d02ce6', 'race_id': 'senate-2026-MI', 'question_id': 'vh-us-202eme99d02ce6:q0', 'candidate_id': 'senate-2026-MI:mike-rogers', 'candidate_name': 'Mike Rogers', 'ballot_party': 'R', 'caucus': 'R', 'raw_share': 45.7, 'undecided': None, 'other': None, 'candidate_set_version': 'race-scoped-candidate-set-v1', 'field_start': '2026-09-12', 'field_end': '2026-09-14', 'available_at': '2026-09-17', 'source_lineage': 'votehub-poll-lineage-v3', 'resolution_status': 'race_scoped'}, {'poll_id': 'vh-us-202eme99d02ce6', 'study_id': 'vh-study-us-202eme99d02ce6', 'race_id': 'senate-2026-MI', 'question_id': 'vh-us-202eme99d02ce6:q0', 'candidate_id': None, 'candidate_name': 'Lydia Christensen', 'ballot_party': None, 'caucus': None, 'raw_share': 0.5, 'undecided': None, 'other': None, 'candidate_set_version': 'race-scoped-candidate-set-v1', 'field_start': '2026-09-12', 'field_end': '2026-09-14', 'available_at': '2026-09-17', 'source_lineage': 'votehub-poll-lineage-v3', 'resolution_status': 'unresolved_fail_closed'}, {'poll_id': 'vh-us-202eme99d02ce6', 'study_id': 'vh-study-us-202eme99d02ce6', 'race_id': 'senate-2026-MI', 'question_id': 'vh-us-202eme99d02ce6:q0', 'candidate_id': None, 'candidate_name': 'Tim Long', 'ballot_party': None, 'caucus': None, 'raw_share': 0.6, 'undecided': None, 'other': None, 'candidate_set_version': 'race-scoped-candidate-set-v1', 'field_start': '2026-09-12', 'field_end': '2026-09-14', 'available_at': '2026-09-17', 'source_lineage': 'votehub-poll-lineage-v3', 'resolution_status': 'unresolved_fail_closed'}, {'poll_id': 'vh-us-202eme99d02ce6', 'study_id': 'vh-study-us-202eme99d02ce6', 'race_id': 'senate-2026-MI', 'question_id': 'vh-us-202eme99d02ce6:q0', 'candidate_id': None, 'candidate_name': 'Douglas P. Marsh', 'ballot_party': None, 'caucus': None, 'raw_share': 3.0, 'undecided': None, 'other': None, 'candidate_set_version': 'race-scoped-candidate-set-v1', 'field_start': '2026-09-12', 'field_end': '2026-09-14', 'available_at': '2026-09-17', 'source_lineage': 'votehub-poll-lineage-v3', 'resolution_status': 'unresolved_fail_closed'}, {'poll_id': 'vh-us-202eme99d02ce6', 'study_id': 'vh-study-us-202eme99d02ce6', 'race_id': 'senate-2026-MI', 'question_id': 'vh-us-202eme99d02ce6:q0', 'candidate_id': None, 'candidate_name': 'Walter P. Kristy', 'ballot_party': None, 'caucus': None, 'raw_share': 0.3, 'undecided': None, 'other': None, 'candidate_set_version': 'race-scoped-candidate-set-v1', 'field_start': '2026-09-12', 'field_end': '2026-09-14', 'available_at': '2026-09-17', 'source_lineage': 'votehub-poll-lineage-v3', 'resolution_status': 'unresolved_fail_closed'}]",0.0,True
vh-us-202rec85c5cf76,vh-study-us-202rec85c5cf76,1,Siena-NYT,none,https://sri.siena.edu/2026/09/17/hinojosa-now-leads-abbott-by-4-points-talarico-widens-lead-to-6-points/,abe87d4b382eac192f968cb1133d283b5ee318f79986c7aaf1688a6ec189daa1,2026-09-08,2026-09-11,2026-09-17,,2026-10-10T16:41:48.336232+00:00,2026-09-17,,2026-09-17,2026-09-11,senate-2026,US_SENATE,TX,senate-2026-TX,LV,614.0,,53.261,46.739,0.0,0.0,6.522,False,include,,votehub-ingest-v3-race-scoped-candidate-level,2026-10-10T16:41:48.336232+00:00,,state-usps-v1,votehub-candidate-matchup-v3-race-scoped,generic_two_way,,,en,1.0,True,False,,senate-2026-TX:james-talarico,James Talarico,senate-2026-TX:ken-paxton,Ken Paxton,senate-2026:TX:senate-2026-TX:james-talarico|senate-2026-TX:ken-paxton,False,senate-2026-TX:james-talarico,James Talarico,D,senate-2026-TX:ken-paxton,Ken Paxton,R,53.261,46.739,6.522,6.522,dem_minus_rep_two_party,,,,0.88,0.44,2.14,A,votehub_pollster_scorecards,James Talarico,Ken Paxton,South,"[{'poll_id': 'vh-us-202rec85c5cf76', 'study_id': 'vh-study-us-202rec85c5cf76', 'race_id': 'senate-2026-TX', 'question_id': 'vh-us-202rec85c5cf76:q0', 'candidate_id': 'senate-2026-TX:james-talarico', 'candidate_name': 'James Talarico', 'ballot_party': 'D', 'caucus': 'D', 'raw_share': 49.0, 'undecided': None, 'other': None, 'candidate_set_version': 'race-scoped-candidate-set-v1', 'field_start': '2026-09-08', 'field_end': '2026-09-11', 'available_at': '2026-09-17', 'source_lineage': 'votehub-poll-lineage-v3', 'resolution_status': 'race_scoped'}, {'poll_id': 'vh-us-202rec85c5cf76', 'study_id': 'vh-study-us-202rec85c5cf76', 'race_id': 'senate-2026-TX', 'question_id': 'vh-us-202rec85c5cf76:q0', 'candidate_id': 'senate-2026-TX:ken-paxton', 'candidate_name': 'Ken Paxton', 'ballot_party': 'R', 'caucus': 'R', 'raw_share': 43.0, 'undecided': None, 'other': None, 'candidate_set_version': 'race-scoped-candidate-set-v1', 'field_start': '2026-09-08', 'field_end': '2026-09-11', 'available_at': '2026-09-17', 'source_lineage': 'votehub-poll-lineage-v3', 'resolution_status': 'race_scoped'}]",0.0,True
vh-us-202fabecd2ecd9,vh-study-us-202fabecd2ecd9,1,"Fabrizio, Lee & Associates/Impact Research",AARP,https://www.aarp.org/pri/topics/voter-research/politics/2026-midterm-election-poll-alaska/,5162b0e04d795fb451d35564ee5658184495910e023c78225516d1623ada776d,2026-09-08,2026-09-11,2026-09-17,,2026-10-10T16:41:48.336232+00:00,2026-09-17,,2026-09-17,2026-09-11,senate-2026,US_SENATE,AK,senate-2026-AK,LV,800.0,,53.0,47.0,0.0,0.0,6.0,False,include,,votehub-ingest-v3-race-scoped-candidate-level,2026-10-10T16:41:48.336232+00:00,,state-usps-v1,votehub-candidate-matchup-v3-race-scoped,generic_two_way,,,en,1.0,True,False,,senate-2026-AK:mary-peltola,Mary Peltola,senate-2026-AK:dan-s-sullivan,Dan Sullivan,senate-2026:AK:senate-2026-AK:mary-peltola|senate-2026-AK:dan-s-sullivan,False,senate-2026-AK:mary-peltola,Mary Peltola,D,senate-2026-AK:dan-s-sullivan,Dan Sullivan,R,53.0,47.0,6.0,6.0,dem_minus_rep_two_party,,,,0.55,0.0,2.2,,prior_default,Mary Peltola,Dan Sullivan,West,"[{'poll_id': 'vh-us-202fabecd2ecd9', 'study_id': 'vh-study-us-202fabecd2ecd9', 'race_id': 'senate-2026-AK', 'question_id': 'vh-us-202fabecd2ecd9:q0', 'candidate_id': 'senate-2026-AK:mary-peltola', 'candidate_name': 'Mary Peltola', 'ballot_party': 'D', 'caucus': 'D', 'raw_share': 53.0, 'undecided': None, 'other': None, 'candidate_set_version': 'race-scoped-candidate-set-v1', 'field_start': '2026-09-08', 'field_end': '2026-09-11', 'available_at': '2026-09-17', 'source_lineage': 'votehub-poll-lineage-v3', 'resolution_status': 'race_scoped'}, {'poll_id': 'vh-us-202fabecd2ecd9', 'study_id': 'vh-study-us-202fabecd2ecd9', 'race_id': 'senate-2026-AK', 'question_id': 'vh-us-202fabecd2ecd9:q0', 'candidate_id': 'senate-2026-AK:dan-s-sullivan', 'candidate_name': 'Dan Sullivan', 'ballot_party': 'R', 'caucus': 'R', 'raw_share': 47.0, 'undecided': None, 'other': None, 'candidate_set_version': 'race-scoped-candidate-set-v1', 'field_start': '2026-09-08', 'field_end': '2026-09-11', 'available_at': '2026-09-17', 'source_lineage': 'votehub-poll-lineage-v3', 'resolution_status': 'race_scoped'}]",0.0,True
vh-us-202harfc1499b8,vh-study-us-202harfc1499b8,1,Harper Polling,Carolina Journal,https://www.carolinajournal.com/polls/september-2026-roy-coopers-lead-grows-to-15-points-in-nc-senate-race/,10c42b09e1b47415df284f321d1cdeaebc898c76639bfe4a2eb4603ed11be5ab,2026-09-13,2026-09-15,2026-09-18,,2026-10-10T16:41:48.336232+00:00,2026-09-18,,2026-09-18,2026-09-15,senate-2026,US_SENATE,NC,senate-2026-NC,LV,608.0,,59.036,40.964,0.0,5.0,18.072,False,include,,votehub-ingest-v3-race-scoped-candidate-level,2026-10-10T16:41:48.336232+00:00,,state-usps-v1,votehub-candidate-matchup-v3-race-scoped,generic_two_way,,,en,1.0,True,True,,senate-2026-NC:roy-cooper,Roy Cooper,senate-2026-NC:michael-whatley,Michael Whatley,senate-2026:NC:senate-2026-NC:roy-cooper|senate-2026-NC:michael-whatley,False,senate-2026-NC:roy-cooper,Roy Cooper,D,senate-2026-NC:michael-whatley,Michael Whatley,R,59.036,40.964,18.072,18.072,dem_minus_rep_two_party,,,,0.55,0.0,2.2,,fivethirtyeight_pollster_ratings,Roy Cooper,Michael Whatley,South,"[{'poll_id': 'vh-us-202harfc1499b8', 'study_id': 'vh-study-us-202harfc1499b8', 'race_id': 'senate-2026-NC', 'question_id': 'vh-us-202harfc1499b8:q0', 'candidate_id': 'senate-2026-NC:roy-cooper', 'candidate_name': 'Roy Cooper', 'ballot_party': 'D', 'caucus': 'D', 'raw_share': 49.0, 'undecided': None, 'other': None, 'candidate_set_version': 'race-scoped-candidate-set-v1', 'field_start': '2026-09-13', 'field_end': '2026-09-15', 'available_at': '2026-09-18', 'source_lineage': 'votehub-poll-lineage-v3', 'resolution_status': 'race_scoped'}, {'poll_id': 'vh-us-202harfc1499b8', 'study_id': 'vh-study-us-202harfc1499b8', 'race_id': 'senate-2026-NC', 'question_id': 'vh-us-202harfc1499b8:q0', 'candidate_id': 'senate-2026-NC:michael-whatley', 'candidate_name': 'Michael Whatley', 'ballot_party': 'R', 'caucus': 'R', 'raw_share': 34.0, 'undecided': None, 'other': None, 'candidate_set_version': 'race-scoped-candidate-set-v1', 'field_start': '2026-09-13', 'field_end': '2026-09-15', 'available_at': '2026-09-18', 'source_lineage': 'votehub-poll-lineage-v3', 'resolution_status': 'race_scoped'}, {'poll_id': 'vh-us-202harfc1499b8', 'study_id': 'vh-study-us-202harfc1499b8', 'race_id': 'senate-2026-NC', 'question_id': 'vh-us-202harfc1499b8:q0', 'candidate_id': None, 'candidate_name': 'Shannon Bray', 'ballot_party': None, 'caucus': None, 'raw_share': 3.0, 'undecided': None, 'other': None, 'candidate_set_version': 'race-scoped-candidate-set-v1', 'field_start': '2026-09-13', 'field_end': '2026-09-15', 'available_at': '2026-09-18', 'source_lineage': 'votehub-poll-lineage-v3', 'resolution_status': 'unresolved_fail_closed'}, {'poll_id': 'vh-us-202harfc1499b8', 'study_id': 'vh-study-us-202harfc1499b8', 'race_id': 'senate-2026-NC', 'question_id': 'vh-us-202harfc1499b8:q0', 'candidate_id': None, 'candidate_name': 'Michael Dublin', 'ballot_party': None, 'caucus': None, 'raw_share': 2.0, 'undecided': None, 'other': None, 'candidate_set_version': 'race-scoped-candidate-set-v1', 'field_start': '2026-09-13', 'field_end': '2026-09-15', 'available_at': '2026-09-18', 'source_lineage': 'votehub-poll-lineage-v3', 'resolution_status': 'unresolved_fail_closed'}]",0.0,True
vh-us-202co/0acc5699,vh-study-us-202co/0acc5699,1,co/efficient,none,https://battlegrounds.coefficient.org/ak/,6d2641500000e3a3f2c7616a9c1c170bdd62e2a8eae241ecf2b14116a1d98b05,2026-09-14,2026-09-17,2026-09-18,,2026-10-10T16:41:48.336232+00:00,2026-09-18,,2026-09-18,2026-09-17,senate-2026,US_SENATE,AK,senate-2026-AK,LV,799.0,,48.421,51.579,0.0,0.0,-3.158,False,include,,votehub-ingest-v3-race-scoped-candidate-level,2026-10-10T16:41:48.336232+00:00,,state-usps-v1,votehub-candidate-matchup-v3-race-scoped,generic_two_way,,,en,1.0,True,False,,senate-2026-AK:mary-peltola,Mary Peltola,senate-2026-AK:dan-s-sullivan,Dan Sullivan,senate-2026:AK:senate-2026-AK:mary-peltola|senate-2026-AK:dan-s-sullivan,False,senate-2026-AK:mary-peltola,Mary Peltola,D,senate-2026-AK:dan-s-sullivan,Dan Sullivan,R,48.421,51.579,-3.158,-3.158,dem_minus_rep_two_party,,,,0.3666666666666667,0.0,1.0,1.1,fivethirtyeight_pollster_ratings,Mary Peltola,Dan Sullivan,West,"[{'poll_id': 'vh-us-202co/0acc5699', 'study_id': 'vh-study-us-202co/0acc5699', 'race_id': 'senate-2026-AK', 'question_id': 'vh-us-202co/0acc5699:q0', 'candidate_id': 'senate-2026-AK:mary-peltola', 'candidate_name': 'Mary Peltola', 'ballot_party': 'D', 'caucus': 'D', 'raw_share': 46.0, 'undecided': None, 'other': None, 'candidate_set_version': 'race-scoped-candidate-set-v1', 'field_start': '2026-09-14', 'field_end': '2026-09-17', 'available_at': '2026-09-18', 'source_lineage': 'votehub-poll-lineage-v3', 'resolution_status': 'race_scoped'}, {'poll_id': 'vh-us-202co/0acc5699', 'study_id': 'vh-study-us-202co/0acc5699', 'race_id': 'senate-2026-AK', 'question_id': 'vh-us-202co/0acc5699:q0', 'candidate_id': 'senate-2026-AK:dan-s-sullivan', 'candidate_name': 'Dan Sullivan', 'ballot_party': 'R', 'caucus': 'R', 'raw_share': 49.0, 'undecided': None, 'other': None, 'candidate_set_version': 'race-scoped-candidate-set-v1', 'field_start': '2026-09-14', 'field_end': '2026-09-17', 'available_at': '2026-09-18', 'source_lineage': 'votehub-poll-lineage-v3', 'resolution_status': 'race_scoped'}]",0.0,True
vh-us-202st.73c64f89,vh-study-us-202st.73c64f89,1,St. Pete Polls,Florida Politics,https://floridapolitics.com/archives/820638-poll-byron-donalds-44-david-jolly-43-in-dead-heat-race-for-florida-governor/,d8b5af97789e499c1f851568f9300bc1296a632441eb0dd286bc225624ca6682,2026-09-15,2026-09-17,2026-09-18,,2026-10-10T16:41:48.336232+00:00,2026-09-18,,2026-09-18,2026-09-17,senate-2026,US_SENATE,FL,senate-2026-FL,LV,913.0,,49.778,50.222,0.0,0.0,-0.444,False,include,,votehub-ingest-v3-race-scoped-candidate-level,2026-10-10T16:41:48.336232+00:00,,state-usps-v1,votehub-candidate-matchup-v3-race-scoped,generic_two_way,,,en,1.0,True,False,,senate-2026-FL:angie-nixon,Angie Nixon,senate-2026-FL:ashley-moody,Ashley Moody,senate-2026:FL:senate-2026-FL:angie-nixon|senate-2026-FL:ashley-moody,False,senate-2026-FL:angie-nixon,Angie Nixon,D,senate-2026-FL:ashley-moody,Ashley Moody,R,49.778,50.222,-0.444,-0.444,dem_minus_rep_two_party,,,,0.7999999999999999,0.0,2.2,2.4,fivethirtyeight_pollster_ratings,Angie Nixon,Ashley Moody,South,"[{'poll_id': 'vh-us-202st.73c64f89', 'study_id': 'vh-study-us-202st.73c64f89', 'race_id': 'senate-2026-FL', 'question_id': 'vh-us-202st.73c64f89:q0', 'candidate_id': 'senate-2026-FL:ashley-moody', 'candidate_name': 'Ashley Moody', 'ballot_party': 'R', 'caucus': 'R', 'raw_share': 45.2, 'undecided': None, 'other': None, 'candidate_set_version': 'race-scoped-candidate-set-v1', 'field_start': '2026-09-15', 'field_end': '2026-09-17', 'available_at': '2026-09-18', 'source_lineage': 'votehub-poll-lineage-v3', 'resolution_status': 'race_scoped'}, {'poll_id': 'vh-us-202st.73c64f89', 'study_id': 'vh-study-us-202st.73c64f89', 'race_id': 'senate-2026-FL', 'question_id': 'vh-us-202st.73c64f89:q0', 'candidate_id': 'senate-2026-FL:angie-nixon', 'candidate_name': 'Angie Nixon', 'ballot_party': 'D', 'caucus': 'D', 'raw_share': 44.8, 'undecided': None, 'other': None, 'candidate_set_version': 'race-scoped-candidate-set-v1', 'field_start': '2026-09-15', 'field_end': '2026-09-17', 'available_at': '2026-09-18', 'source_lineage': 'votehub-poll-lineage-v3', 'resolution_status': 'race_scoped'}]",0.0,True
vh-us-202tra4f3f6f82,vh-study-us-202tra4f3f6f82,1,Trafalgar Group,none,https://www.thetrafalgargroup.org/wp-content/uploads/2026/09/OH-Midterms-Full-Report-0917.pdf,64694e739f4a3dfcfdf89ee85d2ab6834644ccc35005e33ebcb0439a2ebc3064,2026-09-14,2026-09-16,2026-09-18,,2026-10-10T16:41:48.336232+00:00,2026-09-18,,2026-09-18,2026-09-16,senate-2026,US_SENATE,OH,senate-2026-OH,LV,1085.0,,51.724,48.276,0.0,0.0,3.448,True,include,,votehub-ingest-v3-race-scoped-candidate-level,2026-10-10T16:41:48.336232+00:00,,state-usps-v1,votehub-candidate-matchup-v3-race-scoped,generic_two_way,,,en,1.0,True,False,,senate-2026-OH:sherrod-brown,Sherrod Brown,senate-2026-OH:jon-husted,Jon Husted,senate-2026:OH:senate-2026-OH:sherrod-brown|senate-2026-OH:jon-husted,False,senate-2026-OH:sherrod-brown,Sherrod Brown,D,senate-2026-OH:jon-husted,Jon Husted,R,51.724,48.276,3.448,3.448,dem_minus_rep_two_party,,,,0.32,-1.38,2.701,D,votehub_pollster_scorecards,Sherrod Brown,Jon Husted,Midwest,"[{'poll_id': 'vh-us-202tra4f3f6f82', 'study_id': 'vh-study-us-202tra4f3f6f82', 'race_id': 'senate-2026-OH', 'question_id': 'vh-us-202tra4f3f6f82:q0', 'candidate_id': 'senate-2026-OH:sherrod-brown', 'candidate_name': 'Sherrod Brown', 'ballot_party': 'D', 'caucus': 'D', 'raw_share': 45.0, 'undecided': None, 'other': None, 'candidate_set_version': 'race-scoped-candidate-set-v1', 'field_start': '2026-09-14', 'field_end': '2026-09-16', 'available_at': '2026-09-18', 'source_lineage': 'votehub-poll-lineage-v3', 'resolution_status': 'race_scoped'}, {'poll_id': 'vh-us-202tra4f3f6f82', 'study_id': 'vh-study-us-202tra4f3f6f82', 'race_id': 'senate-2026-OH', 'question_id': 'vh-us-202tra4f3f6f82:q0', 'candidate_id': 'senate-2026-OH:jon-husted', 'candidate_name': 'Jon Husted', 'ballot_party': 'R', 'caucus': 'R', 'raw_share': 42.0, 'undecided': None, 'other': None, 'candidate_set_version': 'race-scoped-candidate-set-v1', 'field_start': '2026-09-14', 'field_end': '2026-09-16', 'available_at': '2026-09-18', 'source_lineage': 'votehub-poll-lineage-v3', 'resolution_status': 'race_scoped'}]",0.0,True
vh-us-202qua7f691cd6,vh-study-us-202qua7f691cd6,1,Quantus Insights,none,https://quantusinsights.org/f/latest-survey-alme-leads-as-montana%E2%80%99s-senate-opposition-splits,231f0a82dfd4e5b60c6cef3405643a4b0e97c42e6f0f9e75ce2655c5e76308b0,2026-09-14,2026-09-15,2026-09-18,,2026-10-10T16:41:48.336232+00:00,2026-09-18,,2026-09-18,2026-09-15,senate-2026,US_SENATE,MT,senate-2026-MT,LV,625.0,,,,0.0,23.0,,False,include,,votehub-ingest-v3-race-scoped-candidate-level,2026-10-10T16:41:48.336232+00:00,,state-usps-v1,votehub-candidate-matchup-v3-race-scoped,generic_two_way,,,en,1.0,True,True,,,,senate-2026-MT:kurt-alme,Kurt Alme,senate-2026:MT:senate-2026-MT:seth-bodnar|senate-2026-MT:kurt-alme,False,senate-2026-MT:seth-bodnar,Seth Bodnar,I,senate-2026-MT:kurt-alme,Kurt Alme,R,35.294,64.706,-29.412,-29.412,modeled_minus_opposing_two_candidate,,,,0.72,-0.96,2.184,B,votehub_pollster_scorecards,,Kurt Alme,West,"[{'poll_id': 'vh-us-202qua7f691cd6', 'study_id': 'vh-study-us-202qua7f691cd6', 'race_id': 'senate-2026-MT', 'question_id': 'vh-us-202qua7f691cd6:q0', 'candidate_id': 'senate-2026-MT:kurt-alme', 'candidate_name': 'Kurt Alme', 'ballot_party': 'R', 'caucus': 'R', 'raw_share': 44.0, 'undecided': None, 'other': None, 'candidate_set_version': 'race-scoped-candidate-set-v1', 'field_start': '2026-09-14', 'field_end': '2026-09-15', 'available_at': '2026-09-18', 'source_lineage': 'votehub-poll-lineage-v3', 'resolution_status': 'race_scoped'}, {'poll_id': 'vh-us-202qua7f691cd6', 'study_id': 'vh-study-us-202qua7f691cd6', 'race_id': 'senate-2026-MT', 'question_id': 'vh-us-202qua7f691cd6:q0', 'candidate_id': 'senate-2026-MT:alani-bankhead', 'candidate_name': 'Alani Bankhead', 'ballot_party': 'D', 'caucus': 'D', 'raw_share': 23.0, 'undecided': None, 'other': None, 'candidate_set_version': 'race-scoped-candidate-set-v1', 'field_start': '2026-09-14', 'field_end': '2026-09-15', 'available_at': '2026-09-18', 'source_lineage': 'votehub-poll-lineage-v3', 'resolution_status': 'race_scoped'}, {'poll_id': 'vh-us-202qua7f691cd6', 'study_id': 'vh-study-us-202qua7f691cd6', 'race_id': 'senate-2026-MT', 'question_id': 'vh-us-202qua7f691cd6:q0', 'candidate_id': 'senate-2026-MT:seth-bodnar', 'candidate_name': 'Seth Bodnar', 'ballot_party': 'I', 'caucus': 'D', 'raw_share': 24.0, 'undecided': None, 'other': None, 'candidate_set_version': 'race-scoped-candidate-set-v1', 'field_start': '2026-09-14', 'field_end': '2026-09-15', 'available_at': '2026-09-18', 'source_lineage': 'votehub-poll-lineage-v3', 'resolution_status': 'race_scoped'}]",0.0,True
vh-us-202emeb0bb9def,vh-study-us-202emeb0bb9def,1,Emerson,Nexstar Media,https://emersoncollegepolling.com/kansas-2026/,0f554163e2200969b5672d3cc3fa9ec589d449586d9a063e4f11b6a602315830,2026-09-15,2026-09-16,2026-09-18,,2026-10-10T16:41:48.336232+00:00,2026-09-18,,2026-09-18,2026-09-16,senate-2026,US_SENATE,KS,senate-2026-KS,LV,750.0,,51.136,48.864,0.0,4.0,2.273,False,include,,votehub-ingest-v3-race-scoped-candidate-level,2026-10-10T16:41:48.336232+00:00,,state-usps-v1,votehub-candidate-matchup-v3-race-scoped,generic_two_way,,,en,1.0,True,True,,senate-2026-KS:adam-hamilton,Adam Hamilton,senate-2026-KS:roger-marshall,Roger Marshall,senate-2026:KS:senate-2026-KS:adam-hamilton|senate-2026-KS:roger-marshall,False,senate-2026-KS:adam-hamilton,Adam Hamilton,D,senate-2026-KS:roger-marshall,Roger Marshall,R,51.136,48.864,2.273,2.273,dem_minus_rep_two_party,,,,0.72,-0.29,2.217,B,votehub_pollster_scorecards,Adam Hamilton,Roger Marshall,Midwest,"[{'poll_id': 'vh-us-202emeb0bb9def', 'study_id': 'vh-study-us-202emeb0bb9def', 'race_id': 'senate-2026-KS', 'question_id': 'vh-us-202emeb0bb9def:q0', 'candidate_id': 'senate-2026-KS:roger-marshall', 'candidate_name': 'Roger Marshall', 'ballot_party': 'R', 'caucus': 'R', 'raw_share': 43.0, 'undecided': None, 'other': None, 'candidate_set_version': 'race-scoped-candidate-set-v1', 'field_start': '2026-09-15', 'field_end': '2026-09-16', 'available_at': '2026-09-18', 'source_lineage': 'votehub-poll-lineage-v3', 'resolution_status': 'race_scoped'}, {'poll_id': 'vh-us-202emeb0bb9def', 'study_id': 'vh-study-us-202emeb0bb9def', 'race_id': 'senate-2026-KS', 'question_id': 'vh-us-202emeb0bb9def:q0', 'candidate_id': 'senate-2026-KS:adam-hamilton', 'candidate_name': 'Adam Hamilton', 'ballot_party': 'D', 'caucus': 'D', 'raw_share': 45.0, 'undecided': None, 'other': None, 'candidate_set_version': 'race-scoped-candidate-set-v1', 'field_start': '2026-09-15', 'field_end': '2026-09-16', 'available_at': '2026-09-18', 'source_lineage': 'votehub-poll-lineage-v3', 'resolution_status': 'race_scoped'}, {'poll_id': 'vh-us-202emeb0bb9def', 'study_id': 'vh-study-us-202emeb0bb9def', 'race_id': 'senate-2026-KS', 'question_id': 'vh-us-202emeb0bb9def:q0', 'candidate_id': None, 'candidate_name': 'David Graham', 'ballot_party': None, 'caucus': None, 'raw_share': 4.0, 'undecided': None, 'other': None, 'candidate_set_version': 'race-scoped-candidate-set-v1', 'field_start': '2026-09-15', 'field_end': '2026-09-16', 'available_at': '2026-09-18', 'source_lineage': 'votehub-poll-lineage-v3', 'resolution_status': 'unresolved_fail_closed'}]",0.0,True
vh-us-202insf80352ad,vh-study-us-202insf80352ad,1,InsiderAdvantage,none,https://insideradvantage.com/nc-top-line-tabs,a8d1f2f3da3e19f599576b6c0eb097fc8cbdd0824f267d606f4b5fcd2c23c15a,2026-09-16,2026-09-17,2026-09-18,,2026-10-10T16:41:48.336232+00:00,2026-09-18,,2026-09-18,2026-09-17,senate-2026,US_SENATE,NC,senate-2026-NC,LV,1200.0,,53.245,46.755,0.0,2.7,6.491,False,include,,votehub-ingest-v3-race-scoped-candidate-level,2026-10-10T16:41:48.336232+00:00,,state-usps-v1,votehub-candidate-matchup-v3-race-scoped,generic_two_way,,,en,1.0,True,True,,senate-2026-NC:roy-cooper,Roy Cooper,senate-2026-NC:michael-whatley,Michael Whatley,senate-2026:NC:senate-2026-NC:roy-cooper|senate-2026-NC:michael-whatley,False,senate-2026-NC:roy-cooper,Roy Cooper,D,senate-2026-NC:michael-whatley,Michael Whatley,R,53.245,46.755,6.491,6.491,dem_minus_rep_two_party,,,,0.88,-0.62,2.129,A,votehub_pollster_scorecards,Roy Cooper,Michael Whatley,South,"[{'poll_id': 'vh-us-202insf80352ad', 'study_id': 'vh-study-us-202insf80352ad', 'race_id': 'senate-2026-NC', 'question_id': 'vh-us-202insf80352ad:q0', 'candidate_id': 'senate-2026-NC:roy-cooper', 'candidate_name': 'Roy Cooper', 'ballot_party': 'D', 'caucus': 'D', 'raw_share': 48.4, 'undecided': None, 'other': None, 'candidate_set_version': 'race-scoped-candidate-set-v1', 'field_start': '2026-09-16', 'field_end': '2026-09-17', 'available_at': '2026-09-18', 'source_lineage': 'votehub-poll-lineage-v3', 'resolution_status': 'race_scoped'}, {'poll_id': 'vh-us-202insf80352ad', 'study_id': 'vh-study-us-202insf80352ad', 'race_id': 'senate-2026-NC', 'question_id': 'vh-us-202insf80352ad:q0', 'candidate_id': 'senate-2026-NC:michael-whatley', 'candidate_name': 'Michael Whatley', 'ballot_party': 'R', 'caucus': 'R', 'raw_share': 42.5, 'undecided': None, 'other': None, 'candidate_set_version': 'race-scoped-candidate-set-v1', 'field_start': '2026-09-16', 'field_end': '2026-09-17', 'available_at': '2026-09-18', 'source_lineage': 'votehub-poll-lineage-v3', 'resolution_status': 'race_scoped'}, {'poll_id': 'vh-us-202insf80352ad', 'study_id': 'vh-study-us-202insf80352ad', 'race_id': 'senate-2026-NC', 'question_id': 'vh-us-202insf80352ad:q0', 'candidate_id': None, 'candidate_name': 'Shannon Bray', 'ballot_party': None, 'caucus': None, 'raw_share': 1.6, 'undecided': None, 'other': None, 'candidate_set_version': 'race-scoped-candidate-set-v1', 'field_start': '2026-09-16', 'field_end': '2026-09-17', 'available_at': '2026-09-18', 'source_lineage': 'votehub-poll-lineage-v3', 'resolution_status': 'unresolved_fail_closed'}, {'poll_id': 'vh-us-202insf80352ad', 'study_id': 'vh-study-us-202insf80352ad', 'race_id': 'senate-2026-NC', 'question_id': 'vh-us-202insf80352ad:q0', 'candidate_id': None, 'candidate_name': 'Michael Dublin', 'ballot_party': None, 'caucus': None, 'raw_share': 1.1, 'undecided': None, 'other': None, 'candidate_set_version': 'race-scoped-candidate-set-v1', 'field_start': '2026-09-16', 'field_end': '2026-09-17', 'available_at': '2026-09-18', 'source_lineage': 'votehub-poll-lineage-v3', 'resolution_status': 'unresolved_fail_closed'}]",0.0,True
vh-us-202insfe93ffed,vh-study-us-202insfe93ffed,1,InsiderAdvantage,none,https://insideradvantage.com/insideradvantage-national-u-s-senate-surveys-n-c-cooper-48-whatley-43-mi-elsayed-47-rogers-45-nh-pappas-48-sununu-40/,93bc26b5b5e809aceda56c5316c179a8c4b838d0b79b3c3a9405716152d1c6d4,2026-09-16,2026-09-17,2026-09-18,,2026-10-10T16:41:48.336232+00:00,2026-09-18,,2026-09-18,2026-09-17,senate-2026,US_SENATE,NH,senate-2026-NH,LV,1200.0,,54.545,45.455,0.0,0.0,9.091,False,include,,votehub-ingest-v3-race-scoped-candidate-level,2026-10-10T16:41:48.336232+00:00,,state-usps-v1,votehub-candidate-matchup-v3-race-scoped,generic_two_way,,,en,1.0,True,False,,senate-2026-NH:chris-pappas,Chris Pappas,senate-2026-NH:john-sununu,John Sununu,senate-2026:NH:senate-2026-NH:chris-pappas|senate-2026-NH:john-sununu,False,senate-2026-NH:chris-pappas,Chris Pappas,D,senate-2026-NH:john-sununu,John Sununu,R,54.545,45.455,9.091,9.091,dem_minus_rep_two_party,,,,0.88,-0.62,2.129,A,votehub_pollster_scorecards,Chris Pappas,John Sununu,Northeast,"[{'poll_id': 'vh-us-202insfe93ffed', 'study_id': 'vh-study-us-202insfe93ffed', 'race_id': 'senate-2026-NH', 'question_id': 'vh-us-202insfe93ffed:q0', 'candidate_id': 'senate-2026-NH:chris-pappas', 'candidate_name': 'Chris Pappas', 'ballot_party': 'D', 'caucus': 'D', 'raw_share': 48.0, 'undecided': None, 'other': None, 'candidate_set_version': 'race-scoped-candidate-set-v1', 'field_start': '2026-09-16', 'field_end': '2026-09-17', 'available_at': '2026-09-18', 'source_lineage': 'votehub-poll-lineage-v3', 'resolution_status': 'race_scoped'}, {'poll_id': 'vh-us-202insfe93ffed', 'study_id': 'vh-study-us-202insfe93ffed', 'race_id': 'senate-2026-NH', 'question_id': 'vh-us-202insfe93ffed:q0', 'candidate_id': 'senate-2026-NH:john-sununu', 'candidate_name': 'John Sununu', 'ballot_party': 'R', 'caucus': 'R', 'raw_share': 40.0, 'undecided': None, 'other': None, 'candidate_set_version': 'race-scoped-candidate-set-v1', 'field_start': '2026-09-16', 'field_end': '2026-09-17', 'available_at': '2026-09-18', 'source_lineage': 'votehub-poll-lineage-v3', 'resolution_status': 'race_scoped'}]",0.0,True
vh-us-202marf54f428e,vh-study-us-202marf54f428e,1,Marist University,none,https://maristpoll.marist.edu/polls/2026-midterm-elections-in-iowa-september-2026/,0b07149b36cc08e39de3eee54b93e91d2ea609f9cab5433a1a33f9e64a451e08,2026-09-17,2026-09-20,2026-09-22,,2026-10-10T16:41:48.336232+00:00,2026-09-22,,2026-09-22,2026-09-20,senate-2026,US_SENATE,IA,senate-2026-IA,RV,1050.0,,54.348,45.652,0.0,0.0,8.696,False,include,,votehub-ingest-v3-race-scoped-candidate-level,2026-10-10T16:41:48.336232+00:00,,state-usps-v1,votehub-candidate-matchup-v3-race-scoped,generic_two_way,,,en,1.0,True,False,,senate-2026-IA:josh-turek,Josh Turek,senate-2026-IA:ashley-hinson,Ashley Hinson,senate-2026:IA:senate-2026-IA:josh-turek|senate-2026-IA:ashley-hinson,False,senate-2026-IA:josh-turek,Josh Turek,D,senate-2026-IA:ashley-hinson,Ashley Hinson,R,54.348,45.652,8.696,8.696,dem_minus_rep_two_party,,,,0.55,0.0,2.2,,prior_default,Josh Turek,Ashley Hinson,Midwest,"[{'poll_id': 'vh-us-202marf54f428e', 'study_id': 'vh-study-us-202marf54f428e', 'race_id': 'senate-2026-IA', 'question_id': 'vh-us-202marf54f428e:q0', 'candidate_id': 'senate-2026-IA:ashley-hinson', 'candidate_name': 'Ashley Hinson', 'ballot_party': 'R', 'caucus': 'R', 'raw_share': 42.0, 'undecided': None, 'other': None, 'candidate_set_version': 'race-scoped-candidate-set-v1', 'field_start': '2026-09-17', 'field_end': '2026-09-20', 'available_at': '2026-09-22', 'source_lineage': 'votehub-poll-lineage-v3', 'resolution_status': 'race_scoped'}, {'poll_id': 'vh-us-202marf54f428e', 'study_id': 'vh-study-us-202marf54f428e', 'race_id': 'senate-2026-IA', 'question_id': 'vh-us-202marf54f428e:q0', 'candidate_id': 'senate-2026-IA:josh-turek', 'candidate_name': 'Josh Turek', 'ballot_party': 'D', 'caucus': 'D', 'raw_share': 50.0, 'undecided': None, 'other': None, 'candidate_set_version': 'race-scoped-candidate-set-v1', 'field_start': '2026-09-17', 'field_end': '2026-09-20', 'available_at': '2026-09-22', 'source_lineage': 'votehub-poll-lineage-v3', 'resolution_status': 'race_scoped'}]",0.0,True
vh-us-202insad41796a,vh-study-us-202insad41796a,1,InsiderAdvantage,none,https://insideradvantage.com/insideradvantage-florida-u-s-senate-survey-moody-leads-nixon-by-7/?utm_source=rss&utm_medium=rss&utm_campaign=insideradvantage-florida-u-s-senate-survey-moody-leads-nixon-by-7,366d52fd6766630a23d8b6c3e07d235f9a08ef48bfea9ed378e873a3aac8f548,2026-09-20,2026-09-21,2026-09-22,,2026-10-10T16:41:48.336232+00:00,2026-09-22,,2026-09-22,2026-09-21,senate-2026,US_SENATE,FL,senate-2026-FL,LV,600.0,,45.884,54.116,0.0,2.4,-8.233,False,include,,votehub-ingest-v3-race-scoped-candidate-level,2026-10-10T16:41:48.336232+00:00,,state-usps-v1,votehub-candidate-matchup-v3-race-scoped,generic_two_way,,,en,1.0,True,True,,senate-2026-FL:angie-nixon,Angie Nixon,senate-2026-FL:ashley-moody,Ashley Moody,senate-2026:FL:senate-2026-FL:angie-nixon|senate-2026-FL:ashley-moody,False,senate-2026-FL:angie-nixon,Angie Nixon,D,senate-2026-FL:ashley-moody,Ashley Moody,R,45.884,54.116,-8.233,-8.233,dem_minus_rep_two_party,,,,0.88,-0.62,2.129,A,votehub_pollster_scorecards,Angie Nixon,Ashley Moody,South,"[{'poll_id': 'vh-us-202insad41796a', 'study_id': 'vh-study-us-202insad41796a', 'race_id': 'senate-2026-FL', 'question_id': 'vh-us-202insad41796a:q0', 'candidate_id': 'senate-2026-FL:ashley-moody', 'candidate_name': 'Ashley Moody', 'ballot_party': 'R', 'caucus': 'R', 'raw_share': 49.3, 'undecided': None, 'other': None, 'candidate_set_version': 'race-scoped-candidate-set-v1', 'field_start': '2026-09-20', 'field_end': '2026-09-21', 'available_at': '2026-09-22', 'source_lineage': 'votehub-poll-lineage-v3', 'resolution_status': 'race_scoped'}, {'poll_id': 'vh-us-202insad41796a', 'study_id': 'vh-study-us-202insad41796a', 'race_id': 'senate-2026-FL', 'question_id': 'vh-us-202insad41796a:q0', 'candidate_id': 'senate-2026-FL:angie-nixon', 'candidate_name': 'Angie Nixon', 'ballot_party': 'D', 'caucus': 'D', 'raw_share': 41.8, 'undecided': None, 'other': None, 'candidate_set_version': 'race-scoped-candidate-set-v1', 'field_start': '2026-09-20', 'field_end': '2026-09-21', 'available_at': '2026-09-22', 'source_lineage': 'votehub-poll-lineage-v3', 'resolution_status': 'race_scoped'}, {'poll_id': 'vh-us-202insad41796a', 'study_id': 'vh-study-us-202insad41796a', 'race_id': 'senate-2026-FL', 'question_id': 'vh-us-202insad41796a:q0', 'candidate_id': None, 'candidate_name': 'Neil Gillespie', 'ballot_party': None, 'caucus': None, 'raw_share': 2.4, 'undecided': None, 'other': None, 'candidate_set_version': 'race-scoped-candidate-set-v1', 'field_start': '2026-09-20', 'field_end': '2026-09-21', 'available_at': '2026-09-22', 'source_lineage': 'votehub-poll-lineage-v3', 'resolution_status': 'unresolved_fail_closed'}]",0.0,True
vh-us-202tex6938a787,vh-study-us-202tex6938a787,1,Texas Southern University Barbara Jordan Public Policy Research and Survey Center,none,https://www.jordanresearchcenter.org/publications/tsusept2026-txsenate-governor-statewideraces,61e7912f14da91310a1302e1920e9dcb81c71a7a495bef8e8a14192ea6bc7caf,2026-09-15,2026-09-19,2026-09-22,,2026-10-10T16:41:48.336232+00:00,2026-09-22,,2026-09-22,2026-09-19,senate-2026,US_SENATE,TX,senate-2026-TX,LV,1800.0,,50.538,49.462,0.0,3.0,1.075,False,include,,votehub-ingest-v3-race-scoped-candidate-level,2026-10-10T16:41:48.336232+00:00,,state-usps-v1,votehub-candidate-matchup-v3-race-scoped,generic_two_way,,,en,1.0,True,True,,senate-2026-TX:james-talarico,James Talarico,senate-2026-TX:ken-paxton,Ken Paxton,senate-2026:TX:senate-2026-TX:james-talarico|senate-2026-TX:ken-paxton,False,senate-2026-TX:james-talarico,James Talarico,D,senate-2026-TX:ken-paxton,Ken Paxton,R,50.538,49.462,1.075,1.075,dem_minus_rep_two_party,,,,0.55,0.0,2.2,,prior_default,James Talarico,Ken Paxton,South,"[{'poll_id': 'vh-us-202tex6938a787', 'study_id': 'vh-study-us-202tex6938a787', 'race_id': 'senate-2026-TX', 'question_id': 'vh-us-202tex6938a787:q0', 'candidate_id': 'senate-2026-TX:james-talarico', 'candidate_name': 'James Talarico', 'ballot_party': 'D', 'caucus': 'D', 'raw_share': 47.0, 'undecided': None, 'other': None, 'candidate_set_version': 'race-scoped-candidate-set-v1', 'field_start': '2026-09-15', 'field_end': '2026-09-19', 'available_at': '2026-09-22', 'source_lineage': 'votehub-poll-lineage-v3', 'resolution_status': 'race_scoped'}, {'poll_id': 'vh-us-202tex6938a787', 'study_id': 'vh-study-us-202tex6938a787', 'race_id': 'senate-2026-TX', 'question_id': 'vh-us-202tex6938a787:q0', 'candidate_id': 'senate-2026-TX:ken-paxton', 'candidate_name': 'Ken Paxton', 'ballot_party': 'R', 'caucus': 'R', 'raw_share': 46.0, 'undecided': None, 'other': None, 'candidate_set_version': 'race-scoped-candidate-set-v1', 'field_start': '2026-09-15', 'field_end': '2026-09-19', 'available_at': '2026-09-22', 'source_lineage': 'votehub-poll-lineage-v3', 'resolution_status': 'race_scoped'}, {'poll_id': 'vh-us-202tex6938a787', 'study_id': 'vh-study-us-202tex6938a787', 'race_id': 'senate-2026-TX', 'question_id': 'vh-us-202tex6938a787:q0', 'candidate_id': None, 'candidate_name': 'Ted Brown', 'ballot_party': None, 'caucus': None, 'raw_share': 3.0, 'undecided': None, 'other': None, 'candidate_set_version': 'race-scoped-candidate-set-v1', 'field_start': '2026-09-15', 'field_end': '2026-09-19', 'available_at': '2026-09-22', 'source_lineage': 'votehub-poll-lineage-v3', 'resolution_status': 'unresolved_fail_closed'}]",0.0,True
vh-us-202suf59500e62,vh-study-us-202suf59500e62,1,Suffolk,none,https://www.suffolk.edu/academics/research-at-suffolk/political-research-center/polls/other-states#collapse-September-22-2026-Michigan-Governor-and-US-Senate-Statewide-and-Bellwether,636b92da850f80758d12601c2a318bcae8de5b4a5b3eb75cb0f99089b2a8431b,2026-09-16,2026-09-20,2026-09-22,,2026-10-10T16:41:48.336232+00:00,2026-09-22,,2026-09-22,2026-09-20,senate-2026,US_SENATE,MI,senate-2026-MI,LV,500.0,,54.023,45.977,0.0,2.0,8.046,False,include,,votehub-ingest-v3-race-scoped-candidate-level,2026-10-10T16:41:48.336232+00:00,,state-usps-v1,votehub-candidate-matchup-v3-race-scoped,generic_two_way,,,en,1.0,True,True,,senate-2026-MI:abdul-el-sayed,Abdul El-Sayed,senate-2026-MI:mike-rogers,Mike Rogers,senate-2026:MI:senate-2026-MI:abdul-el-sayed|senate-2026-MI:mike-rogers,False,senate-2026-MI:abdul-el-sayed,Abdul El-Sayed,D,senate-2026-MI:mike-rogers,Mike Rogers,R,54.023,45.977,8.046,8.046,dem_minus_rep_two_party,,,,0.72,-0.19,2.25,B,votehub_pollster_scorecards,Abdul El-Sayed,Mike Rogers,Midwest,"[{'poll_id': 'vh-us-202suf59500e62', 'study_id': 'vh-study-us-202suf59500e62', 'race_id': 'senate-2026-MI', 'question_id': 'vh-us-202suf59500e62:q0', 'candidate_id': 'senate-2026-MI:abdul-el-sayed', 'candidate_name': 'Abdul El-Sayed', 'ballot_party': 'D', 'caucus': 'D', 'raw_share': 47.0, 'undecided': None, 'other': None, 'candidate_set_version': 'race-scoped-candidate-set-v1', 'field_start': '2026-09-16', 'field_end': '2026-09-20', 'available_at': '2026-09-22', 'source_lineage': 'votehub-poll-lineage-v3', 'resolution_status': 'race_scoped'}, {'poll_id': 'vh-us-202suf59500e62', 'study_id': 'vh-study-us-202suf59500e62', 'race_id': 'senate-2026-MI', 'question_id': 'vh-us-202suf59500e62:q0', 'candidate_id': 'senate-2026-MI:mike-rogers', 'candidate_name': 'Mike Rogers', 'ballot_party': 'R', 'caucus': 'R', 'raw_share': 40.0, 'undecided': None, 'other': None, 'candidate_set_version': 'race-scoped-candidate-set-v1', 'field_start': '2026-09-16', 'field_end': '2026-09-20', 'available_at': '2026-09-22', 'source_lineage': 'votehub-poll-lineage-v3', 'resolution_status': 'race_scoped'}, {'poll_id': 'vh-us-202suf59500e62', 'study_id': 'vh-study-us-202suf59500e62', 'race_id': 'senate-2026-MI', 'question_id': 'vh-us-202suf59500e62:q0', 'candidate_id': None, 'candidate_name': 'Lydia Christensen', 'ballot_party': None, 'caucus': None, 'raw_share': 1.0, 'undecided': None, 'other': None, 'candidate_set_version': 'race-scoped-candidate-set-v1', 'field_start': '2026-09-16', 'field_end': '2026-09-20', 'available_at': '2026-09-22', 'source_lineage': 'votehub-poll-lineage-v3', 'resolution_status': 'unresolved_fail_closed'}, {'poll_id': 'vh-us-202suf59500e62', 'study_id': 'vh-study-us-202suf59500e62', 'race_id': 'senate-2026-MI', 'question_id': 'vh-us-202suf59500e62:q0', 'candidate_id': None, 'candidate_name': 'Tim Long', 'ballot_party': None, 'caucus': None, 'raw_share': 0.0, 'undecided': None, 'other': None, 'candidate_set_version': 'race-scoped-candidate-set-v1', 'field_start': '2026-09-16', 'field_end': '2026-09-20', 'available_at': '2026-09-22', 'source_lineage': 'votehub-poll-lineage-v3', 'resolution_status': 'unresolved_fail_closed'}, {'poll_id': 'vh-us-202suf59500e62', 'study_id': 'vh-study-us-202suf59500e62', 'race_id': 'senate-2026-MI', 'question_id': 'vh-us-202suf59500e62:q0', 'candidate_id': None, 'candidate_name': 'Douglas P. Marsh', 'ballot_party': None, 'caucus': None, 'raw_share': 0.0, 'undecided': None, 'other': None, 'candidate_set_version': 'race-scoped-candidate-set-v1', 'field_start': '2026-09-16', 'field_end': '2026-09-20', 'available_at': '2026-09-22', 'source_lineage': 'votehub-poll-lineage-v3', 'resolution_status': 'unresolved_fail_closed'}, {'poll_id': 'vh-us-202suf59500e62', 'study_id': 'vh-study-us-202suf59500e62', 'race_id': 'senate-2026-MI', 'question_id': 'vh-us-202suf59500e62:q0', 'candidate_id': None, 'candidate_name': 'Walter P. Kristy', 'ballot_party': None, 'caucus': None, 'raw_share': 1.0, 'undecided': None, 'other': None, 'candidate_set_version': 'race-scoped-candidate-set-v1', 'field_start': '2026-09-16', 'field_end': '2026-09-20', 'available_at': '2026-09-22', 'source_lineage': 'votehub-poll-lineage-v3', 'resolution_status': 'unresolved_fail_closed'}]",0.0,True
vh-us-202co/b838141c,vh-study-us-202co/b838141c,1,co/efficient,none,https://battlegrounds.coefficient.org/mi/,70eec6047b223588b7f530e3c6b4a7dd54e26fad89d0361159d4654f2b20e7c6,2026-09-21,2026-09-23,2026-09-24,,2026-10-10T16:41:48.336232+00:00,2026-09-24,,2026-09-24,2026-09-23,senate-2026,US_SENATE,MI,senate-2026-MI,LV,843.0,,50.0,50.0,0.0,0.0,0.0,False,include,,votehub-ingest-v3-race-scoped-candidate-level,2026-10-10T16:41:48.336232+00:00,,state-usps-v1,votehub-candidate-matchup-v3-race-scoped,generic_two_way,,,en,1.0,True,False,,senate-2026-MI:abdul-el-sayed,Abdul El-Sayed,senate-2026-MI:mike-rogers,Mike Rogers,senate-2026:MI:senate-2026-MI:abdul-el-sayed|senate-2026-MI:mike-rogers,False,senate-2026-MI:abdul-el-sayed,Abdul El-Sayed,D,senate-2026-MI:mike-rogers,Mike Rogers,R,50.0,50.0,0.0,0.0,dem_minus_rep_two_party,,,,0.3666666666666667,0.0,1.0,1.1,fivethirtyeight_pollster_ratings,Abdul El-Sayed,Mike Rogers,Midwest,"[{'poll_id': 'vh-us-202co/b838141c', 'study_id': 'vh-study-us-202co/b838141c', 'race_id': 'senate-2026-MI', 'question_id': 'vh-us-202co/b838141c:q0', 'candidate_id': 'senate-2026-MI:abdul-el-sayed', 'candidate_name': 'Abdul El-Sayed', 'ballot_party': 'D', 'caucus': 'D', 'raw_share': 50.0, 'undecided': None, 'other': None, 'candidate_set_version': 'race-scoped-candidate-set-v1', 'field_start': '2026-09-21', 'field_end': '2026-09-23', 'available_at': '2026-09-24', 'source_lineage': 'votehub-poll-lineage-v3', 'resolution_status': 'race_scoped'}, {'poll_id': 'vh-us-202co/b838141c', 'study_id': 'vh-study-us-202co/b838141c', 'race_id': 'senate-2026-MI', 'question_id': 'vh-us-202co/b838141c:q0', 'candidate_id': 'senate-2026-MI:mike-rogers', 'candidate_name': 'Mike Rogers', 'ballot_party': 'R', 'caucus': 'R', 'raw_share': 50.0, 'undecided': None, 'other': None, 'candidate_set_version': 'race-scoped-candidate-set-v1', 'field_start': '2026-09-21', 'field_end': '2026-09-23', 'available_at': '2026-09-24', 'source_lineage': 'votehub-poll-lineage-v3', 'resolution_status': 'race_scoped'}]",0.0,True
vh-us-202the9a68a494,vh-study-us-202the9a68a494,1,Siena-NYT,Portland Press Herald,https://www.nytimes.com/2026/09/24/us/politics/democrats-show-strength-in-michigan-senate-race-but-trail-in-maine-polls-find.html,c6a707c983f9488ab24edadad57c12b7b2a4a2e6e692bf729c0b724c2c6aeb57,2026-09-15,2026-09-22,2026-09-24,,2026-10-10T16:41:48.336232+00:00,2026-09-24,,2026-09-24,2026-09-22,senate-2026,US_SENATE,ME,senate-2026-ME,LV,619.0,,48.421,51.579,0.0,0.0,-3.158,False,include,,votehub-ingest-v3-race-scoped-candidate-level,2026-10-10T16:41:48.336232+00:00,,state-usps-v1,votehub-candidate-matchup-v3-race-scoped,generic_two_way,,,en,1.0,True,False,,senate-2026-ME:troy-jackson,Troy Jackson,senate-2026-ME:susan-collins,Susan Collins,senate-2026:ME:senate-2026-ME:troy-jackson|senate-2026-ME:susan-collins,False,senate-2026-ME:troy-jackson,Troy Jackson,D,senate-2026-ME:susan-collins,Susan Collins,R,48.421,51.579,-3.158,-3.158,dem_minus_rep_two_party,,,,0.88,0.44,2.14,A,votehub_pollster_scorecards,Troy Jackson,Susan Collins,Northeast,"[{'poll_id': 'vh-us-202the9a68a494', 'study_id': 'vh-study-us-202the9a68a494', 'race_id': 'senate-2026-ME', 'question_id': 'vh-us-202the9a68a494:q0', 'candidate_id': 'senate-2026-ME:susan-collins', 'candidate_name': 'Susan Collins', 'ballot_party': 'R', 'caucus': 'R', 'raw_share': 49.0, 'undecided': None, 'other': None, 'candidate_set_version': 'race-scoped-candidate-set-v1', 'field_start': '2026-09-15', 'field_end': '2026-09-22', 'available_at': '2026-09-24', 'source_lineage': 'votehub-poll-lineage-v3', 'resolution_status': 'race_scoped'}, {'poll_id': 'vh-us-202the9a68a494', 'study_id': 'vh-study-us-202the9a68a494', 'race_id': 'senate-2026-ME', 'question_id': 'vh-us-202the9a68a494:q0', 'candidate_id': 'senate-2026-ME:troy-jackson', 'candidate_name': 'Troy Jackson', 'ballot_party': 'D', 'caucus': 'D', 'raw_share': 46.0, 'undecided': None, 'other': None, 'candidate_set_version': 'race-scoped-candidate-set-v1', 'field_start': '2026-09-15', 'field_end': '2026-09-22', 'available_at': '2026-09-24', 'source_lineage': 'votehub-poll-lineage-v3', 'resolution_status': 'race_scoped'}]",0.0,True
vh-us-202thecf4746de,vh-study-us-202thecf4746de,1,Siena-NYT,none,https://www.nytimes.com/2026/09/24/us/politics/democrats-show-strength-in-michigan-senate-race-but-trail-in-maine-polls-find.html,ee67d9158aba53b6890ae899807860f8d8585a5dd6a26b18b197b3322557aa46,2026-09-15,2026-09-22,2026-09-24,,2026-10-10T16:41:48.336232+00:00,2026-09-24,,2026-09-24,2026-09-22,senate-2026,US_SENATE,MI,senate-2026-MI,LV,605.0,,52.688,47.312,0.0,0.0,5.376,False,include,,votehub-ingest-v3-race-scoped-candidate-level,2026-10-10T16:41:48.336232+00:00,,state-usps-v1,votehub-candidate-matchup-v3-race-scoped,generic_two_way,,,en,1.0,True,False,,senate-2026-MI:abdul-el-sayed,Abdul El-Sayed,senate-2026-MI:mike-rogers,Mike Rogers,senate-2026:MI:senate-2026-MI:abdul-el-sayed|senate-2026-MI:mike-rogers,False,senate-2026-MI:abdul-el-sayed,Abdul El-Sayed,D,senate-2026-MI:mike-rogers,Mike Rogers,R,52.688,47.312,5.376,5.376,dem_minus_rep_two_party,,,,0.88,0.44,2.14,A,votehub_pollster_scorecards,Abdul El-Sayed,Mike Rogers,Midwest,"[{'poll_id': 'vh-us-202thecf4746de', 'study_id': 'vh-study-us-202thecf4746de', 'race_id': 'senate-2026-MI', 'question_id': 'vh-us-202thecf4746de:q0', 'candidate_id': 'senate-2026-MI:abdul-el-sayed', 'candidate_name': 'Abdul El-Sayed', 'ballot_party': 'D', 'caucus': 'D', 'raw_share': 49.0, 'undecided': None, 'other': None, 'candidate_set_version': 'race-scoped-candidate-set-v1', 'field_start': '2026-09-15', 'field_end': '2026-09-22', 'available_at': '2026-09-24', 'source_lineage': 'votehub-poll-lineage-v3', 'resolution_status': 'race_scoped'}, {'poll_id': 'vh-us-202thecf4746de', 'study_id': 'vh-study-us-202thecf4746de', 'race_id': 'senate-2026-MI', 'question_id': 'vh-us-202thecf4746de:q0', 'candidate_id': 'senate-2026-MI:mike-rogers', 'candidate_name': 'Mike Rogers', 'ballot_party': 'R', 'caucus': 'R', 'raw_share': 44.0, 'undecided': None, 'other': None, 'candidate_set_version': 'race-scoped-candidate-set-v1', 'field_start': '2026-09-15', 'field_end': '2026-09-22', 'available_at': '2026-09-24', 'source_lineage': 'votehub-poll-lineage-v3', 'resolution_status': 'race_scoped'}]",0.0,True
vh-us-202the55816505,vh-study-us-202the55816505,1,Siena-NYT,none,https://www.nytimes.com/2026/09/24/us/politics/democrats-show-strength-in-michigan-senate-race-but-trail-in-maine-polls-find.html,049639b5a9095a260694e2c494b6c183b2c8f664e373b1d9828db977139b44fa,2026-09-15,2026-09-22,2026-09-24,,2026-10-10T16:41:48.336232+00:00,2026-09-24,,2026-09-24,2026-09-22,senate-2026,US_SENATE,NH,senate-2026-NH,LV,613.0,,52.632,47.368,0.0,0.0,5.263,False,include,,votehub-ingest-v3-race-scoped-candidate-level,2026-10-10T16:41:48.336232+00:00,,state-usps-v1,votehub-candidate-matchup-v3-race-scoped,generic_two_way,,,en,1.0,True,False,,senate-2026-NH:chris-pappas,Chris Pappas,senate-2026-NH:john-sununu,John Sununu,senate-2026:NH:senate-2026-NH:chris-pappas|senate-2026-NH:john-sununu,False,senate-2026-NH:chris-pappas,Chris Pappas,D,senate-2026-NH:john-sununu,John Sununu,R,52.632,47.368,5.263,5.263,dem_minus_rep_two_party,,,,0.88,0.44,2.14,A,votehub_pollster_scorecards,Chris Pappas,John Sununu,Northeast,"[{'poll_id': 'vh-us-202the55816505', 'study_id': 'vh-study-us-202the55816505', 'race_id': 'senate-2026-NH', 'question_id': 'vh-us-202the55816505:q0', 'candidate_id': 'senate-2026-NH:chris-pappas', 'candidate_name': 'Chris Pappas', 'ballot_party': 'D', 'caucus': 'D', 'raw_share': 50.0, 'undecided': None, 'other': None, 'candidate_set_version': 'race-scoped-candidate-set-v1', 'field_start': '2026-09-15', 'field_end': '2026-09-22', 'available_at': '2026-09-24', 'source_lineage': 'votehub-poll-lineage-v3', 'resolution_status': 'race_scoped'}, {'poll_id': 'vh-us-202the55816505', 'study_id': 'vh-study-us-202the55816505', 'race_id': 'senate-2026-NH', 'question_id': 'vh-us-202the55816505:q0', 'candidate_id': 'senate-2026-NH:john-sununu', 'candidate_name': 'John Sununu', 'ballot_party': 'R', 'caucus': 'R', 'raw_share': 45.0, 'undecided': None, 'other': None, 'candidate_set_version': 'race-scoped-candidate-set-v1', 'field_start': '2026-09-15', 'field_end': '2026-09-22', 'available_at': '2026-09-24', 'source_lineage': 'votehub-poll-lineage-v3', 'resolution_status': 'race_scoped'}]",0.0,True
vh-us-202higae3d1182,vh-study-us-202higae3d1182,1,High Point University Survey Research Center,none,https://www.highpoint.edu/src/files/2023/08/HPUPoll127MemoA-1.pdf,c7a66f79c457010d6417f97d2a6499cd0a2097dcb84f6654531fdfd0c78cec1a,2026-09-09,2026-09-16,2026-09-24,,2026-10-10T16:41:48.336232+00:00,2026-09-24,,2026-09-24,2026-09-16,senate-2026,US_SENATE,NC,senate-2026-NC,LV,706.0,,54.348,45.652,0.0,0.0,8.696,False,include,,votehub-ingest-v3-race-scoped-candidate-level,2026-10-10T16:41:48.336232+00:00,,state-usps-v1,votehub-candidate-matchup-v3-race-scoped,generic_two_way,,,en,1.0,True,False,,senate-2026-NC:roy-cooper,Roy Cooper,senate-2026-NC:michael-whatley,Michael Whatley,senate-2026:NC:senate-2026-NC:roy-cooper|senate-2026-NC:michael-whatley,False,senate-2026-NC:roy-cooper,Roy Cooper,D,senate-2026-NC:michael-whatley,Michael Whatley,R,54.348,45.652,8.696,8.696,dem_minus_rep_two_party,,,,0.8333333333333334,0.0,2.2,2.5,fivethirtyeight_pollster_ratings,Roy Cooper,Michael Whatley,South,"[{'poll_id': 'vh-us-202higae3d1182', 'study_id': 'vh-study-us-202higae3d1182', 'race_id': 'senate-2026-NC', 'question_id': 'vh-us-202higae3d1182:q0', 'candidate_id': 'senate-2026-NC:roy-cooper', 'candidate_name': 'Roy Cooper', 'ballot_party': 'D', 'caucus': 'D', 'raw_share': 50.0, 'undecided': None, 'other': None, 'candidate_set_version': 'race-scoped-candidate-set-v1', 'field_start': '2026-09-09', 'field_end': '2026-09-16', 'available_at': '2026-09-24', 'source_lineage': 'votehub-poll-lineage-v3', 'resolution_status': 'race_scoped'}, {'poll_id': 'vh-us-202higae3d1182', 'study_id': 'vh-study-us-202higae3d1182', 'race_id': 'senate-2026-NC', 'question_id': 'vh-us-202higae3d1182:q0', 'candidate_id': 'senate-2026-NC:michael-whatley', 'candidate_name': 'Michael Whatley', 'ballot_party': 'R', 'caucus': 'R', 'raw_share': 42.0, 'undecided': None, 'other': None, 'candidate_set_version': 'race-scoped-candidate-set-v1', 'field_start': '2026-09-09', 'field_end': '2026-09-16', 'available_at': '2026-09-24', 'source_lineage': 'votehub-poll-lineage-v3', 'resolution_status': 'race_scoped'}]",0.0,True
vh-us-202uni866e047f,vh-study-us-202uni866e047f,1,University of Massachusetts Lowell-YouGov,none,https://www.uml.edu/news/press-releases/2026/09242026-maine-poll.aspx,0f2adedc0d4296d36a2c5e80b9cbb4d76e8e9f8a79c18847bb27a435ac00fcb0,2026-08-28,2026-09-14,2026-09-24,,2026-10-10T16:41:48.336232+00:00,2026-09-24,,2026-09-24,2026-09-14,senate-2026,US_SENATE,ME,senate-2026-ME,LV,650.0,,52.747,47.253,0.0,0.0,5.495,False,include,,votehub-ingest-v3-race-scoped-candidate-level,2026-10-10T16:41:48.336232+00:00,,state-usps-v1,votehub-candidate-matchup-v3-race-scoped,generic_two_way,,,en,1.0,True,False,,senate-2026-ME:troy-jackson,Troy Jackson,senate-2026-ME:susan-collins,Susan Collins,senate-2026:ME:senate-2026-ME:troy-jackson|senate-2026-ME:susan-collins,False,senate-2026-ME:troy-jackson,Troy Jackson,D,senate-2026-ME:susan-collins,Susan Collins,R,52.747,47.253,5.495,5.495,dem_minus_rep_two_party,,,,0.32,1.7,2.547,D,votehub_pollster_scorecards,Troy Jackson,Susan Collins,Northeast,"[{'poll_id': 'vh-us-202uni866e047f', 'study_id': 'vh-study-us-202uni866e047f', 'race_id': 'senate-2026-ME', 'question_id': 'vh-us-202uni866e047f:q0', 'candidate_id': 'senate-2026-ME:troy-jackson', 'candidate_name': 'Troy Jackson', 'ballot_party': 'D', 'caucus': 'D', 'raw_share': 48.0, 'undecided': None, 'other': None, 'candidate_set_version': 'race-scoped-candidate-set-v1', 'field_start': '2026-08-28', 'field_end': '2026-09-14', 'available_at': '2026-09-24', 'source_lineage': 'votehub-poll-lineage-v3', 'resolution_status': 'race_scoped'}, {'poll_id': 'vh-us-202uni866e047f', 'study_id': 'vh-study-us-202uni866e047f', 'race_id': 'senate-2026-ME', 'question_id': 'vh-us-202uni866e047f:q0', 'candidate_id': 'senate-2026-ME:susan-collins', 'candidate_name': 'Susan Collins', 'ballot_party': 'R', 'caucus': 'R', 'raw_share': 43.0, 'undecided': None, 'other': None, 'candidate_set_version': 'race-scoped-candidate-set-v1', 'field_start': '2026-08-28', 'field_end': '2026-09-14', 'available_at': '2026-09-24', 'source_lineage': 'votehub-poll-lineage-v3', 'resolution_status': 'race_scoped'}]",0.0,True
vh-us-202qua2790f813,vh-study-us-202qua2790f813,1,Quantus Insights,none,https://quantusinsights.org/polling/f/brown-and-husted-deadlocked-in-ohio-senate-race,38694beb7c2b585d6b1286491c275248b625d5f6496b8b8bb28afc43c59a3b13,2026-09-21,2026-09-23,2026-09-25,,2026-10-10T16:41:48.336232+00:00,2026-09-25,,2026-09-25,2026-09-23,senate-2026,US_SENATE,OH,senate-2026-OH,LV,695.0,,50.263,49.737,0.0,0.0,0.526,False,include,,votehub-ingest-v3-race-scoped-candidate-level,2026-10-10T16:41:48.336232+00:00,,state-usps-v1,votehub-candidate-matchup-v3-race-scoped,generic_two_way,,,en,1.0,True,False,,senate-2026-OH:sherrod-brown,Sherrod Brown,senate-2026-OH:jon-husted,Jon Husted,senate-2026:OH:senate-2026-OH:sherrod-brown|senate-2026-OH:jon-husted,False,senate-2026-OH:sherrod-brown,Sherrod Brown,D,senate-2026-OH:jon-husted,Jon Husted,R,50.263,49.737,0.526,0.526,dem_minus_rep_two_party,,,,0.72,-0.96,2.184,B,votehub_pollster_scorecards,Sherrod Brown,Jon Husted,Midwest,"[{'poll_id': 'vh-us-202qua2790f813', 'study_id': 'vh-study-us-202qua2790f813', 'race_id': 'senate-2026-OH', 'question_id': 'vh-us-202qua2790f813:q0', 'candidate_id': 'senate-2026-OH:sherrod-brown', 'candidate_name': 'Sherrod Brown', 'ballot_party': 'D', 'caucus': 'D', 'raw_share': 47.8, 'undecided': None, 'other': None, 'candidate_set_version': 'race-scoped-candidate-set-v1', 'field_start': '2026-09-21', 'field_end': '2026-09-23', 'available_at': '2026-09-25', 'source_lineage': 'votehub-poll-lineage-v3', 'resolution_status': 'race_scoped'}, {'poll_id': 'vh-us-202qua2790f813', 'study_id': 'vh-study-us-202qua2790f813', 'race_id': 'senate-2026-OH', 'question_id': 'vh-us-202qua2790f813:q0', 'candidate_id': 'senate-2026-OH:jon-husted', 'candidate_name': 'Jon Husted', 'ballot_party': 'R', 'caucus': 'R', 'raw_share': 47.3, 'undecided': None, 'other': None, 'candidate_set_version': 'race-scoped-candidate-set-v1', 'field_start': '2026-09-21', 'field_end': '2026-09-23', 'available_at': '2026-09-25', 'source_lineage': 'votehub-poll-lineage-v3', 'resolution_status': 'race_scoped'}]",0.0,True
vh-us-202ste67ef4e2d,vh-study-us-202ste67ef4e2d,1,Stetson University Center for Public Opinion Research,none,https://www.stetson.edu/artsci/cpor/media/cpor-sept.-2026-poll-final.pdf,e73a5b5508af62f1e2052894bc2d66059c67175f487053a6ecb373683ad12ca0,2026-09-14,2026-09-21,2026-09-25,,2026-10-10T16:41:48.336232+00:00,2026-09-25,,2026-09-25,2026-09-21,senate-2026,US_SENATE,FL,senate-2026-FL,LV,830.0,,43.956,56.044,0.0,0.0,-12.088,False,include,,votehub-ingest-v3-race-scoped-candidate-level,2026-10-10T16:41:48.336232+00:00,,state-usps-v1,votehub-candidate-matchup-v3-race-scoped,generic_two_way,,,en,1.0,True,False,,senate-2026-FL:angie-nixon,Angie Nixon,senate-2026-FL:ashley-moody,Ashley Moody,senate-2026:FL:senate-2026-FL:angie-nixon|senate-2026-FL:ashley-moody,False,senate-2026-FL:angie-nixon,Angie Nixon,D,senate-2026-FL:ashley-moody,Ashley Moody,R,43.956,56.044,-12.088,-12.088,dem_minus_rep_two_party,,,,0.5,0.0,1.0,1.5,fivethirtyeight_pollster_ratings,Angie Nixon,Ashley Moody,South,"[{'poll_id': 'vh-us-202ste67ef4e2d', 'study_id': 'vh-study-us-202ste67ef4e2d', 'race_id': 'senate-2026-FL', 'question_id': 'vh-us-202ste67ef4e2d:q0', 'candidate_id': 'senate-2026-FL:ashley-moody', 'candidate_name': 'Ashley Moody', 'ballot_party': 'R', 'caucus': 'R', 'raw_share': 51.0, 'undecided': None, 'other': None, 'candidate_set_version': 'race-scoped-candidate-set-v1', 'field_start': '2026-09-14', 'field_end': '2026-09-21', 'available_at': '2026-09-25', 'source_lineage': 'votehub-poll-lineage-v3', 'resolution_status': 'race_scoped'}, {'poll_id': 'vh-us-202ste67ef4e2d', 'study_id': 'vh-study-us-202ste67ef4e2d', 'race_id': 'senate-2026-FL', 'question_id': 'vh-us-202ste67ef4e2d:q0', 'candidate_id': 'senate-2026-FL:angie-nixon', 'candidate_name': 'Angie Nixon', 'ballot_party': 'D', 'caucus': 'D', 'raw_share': 40.0, 'undecided': None, 'other': None, 'candidate_set_version': 'race-scoped-candidate-set-v1', 'field_start': '2026-09-14', 'field_end': '2026-09-21', 'available_at': '2026-09-25', 'source_lineage': 'votehub-poll-lineage-v3', 'resolution_status': 'race_scoped'}]",0.0,True
vh-us-202uni02a0a46f,vh-study-us-202uni02a0a46f,1,University of New Hampshire,none,https://scholars.unh.edu/survey_center_polls/1005/,32dc2b164e10e848603795b97cfbf1ff55a5083295d5d1120ef79a6d438cb809,2026-09-17,2026-09-21,2026-09-25,,2026-10-10T16:41:48.336232+00:00,2026-09-25,,2026-09-25,2026-09-21,senate-2026,US_SENATE,NH,senate-2026-NH,LV,1418.0,,54.348,45.652,0.0,2.0,8.696,False,include,,votehub-ingest-v3-race-scoped-candidate-level,2026-10-10T16:41:48.336232+00:00,,state-usps-v1,votehub-candidate-matchup-v3-race-scoped,generic_two_way,,,en,1.0,True,True,,senate-2026-NH:chris-pappas,Chris Pappas,senate-2026-NH:john-sununu,John Sununu,senate-2026:NH:senate-2026-NH:chris-pappas|senate-2026-NH:john-sununu,False,senate-2026-NH:chris-pappas,Chris Pappas,D,senate-2026-NH:john-sununu,John Sununu,R,54.348,45.652,8.696,8.696,dem_minus_rep_two_party,,,,0.55,0.0,2.2,,prior_default,Chris Pappas,John Sununu,Northeast,"[{'poll_id': 'vh-us-202uni02a0a46f', 'study_id': 'vh-study-us-202uni02a0a46f', 'race_id': 'senate-2026-NH', 'question_id': 'vh-us-202uni02a0a46f:q0', 'candidate_id': 'senate-2026-NH:chris-pappas', 'candidate_name': 'Chris Pappas', 'ballot_party': 'D', 'caucus': 'D', 'raw_share': 50.0, 'undecided': None, 'other': None, 'candidate_set_version': 'race-scoped-candidate-set-v1', 'field_start': '2026-09-17', 'field_end': '2026-09-21', 'available_at': '2026-09-25', 'source_lineage': 'votehub-poll-lineage-v3', 'resolution_status': 'race_scoped'}, {'poll_id': 'vh-us-202uni02a0a46f', 'study_id': 'vh-study-us-202uni02a0a46f', 'race_id': 'senate-2026-NH', 'question_id': 'vh-us-202uni02a0a46f:q0', 'candidate_id': 'senate-2026-NH:john-sununu', 'candidate_name': 'John Sununu', 'ballot_party': 'R', 'caucus': 'R', 'raw_share': 42.0, 'undecided': None, 'other': None, 'candidate_set_version': 'race-scoped-candidate-set-v1', 'field_start': '2026-09-17', 'field_end': '2026-09-21', 'available_at': '2026-09-25', 'source_lineage': 'votehub-poll-lineage-v3', 'resolution_status': 'race_scoped'}, {'poll_id': 'vh-us-202uni02a0a46f', 'study_id': 'vh-study-us-202uni02a0a46f', 'race_id': 'senate-2026-NH', 'question_id': 'vh-us-202uni02a0a46f:q0', 'candidate_id': None, 'candidate_name': 'Edmond Laplante', 'ballot_party': None, 'caucus': None, 'raw_share': 2.0, 'undecided': None, 'other': None, 'candidate_set_version': 'race-scoped-candidate-set-v1', 'field_start': '2026-09-17', 'field_end': '2026-09-21', 'available_at': '2026-09-25', 'source_lineage': 'votehub-poll-lineage-v3', 'resolution_status': 'unresolved_fail_closed'}]",0.0,True
vh-us-202uni51f1c418,vh-study-us-202uni51f1c418,1,University of New Hampshire,none,https://scholars.unh.edu/survey_center_polls/1007/,b9766ec0c674188f9d15c29c4bbc797d0627cc0eebf59406ab82d03c3e258f30,2026-09-17,2026-09-21,2026-09-25,,2026-10-10T16:41:48.336232+00:00,2026-09-25,,2026-09-25,2026-09-21,senate-2026,US_SENATE,ME,senate-2026-ME,LV,1312.0,,52.041,47.959,0.0,0.0,4.082,False,include,,votehub-ingest-v3-race-scoped-candidate-level,2026-10-10T16:41:48.336232+00:00,,state-usps-v1,votehub-candidate-matchup-v3-race-scoped,generic_two_way,,,en,1.0,True,False,,senate-2026-ME:troy-jackson,Troy Jackson,senate-2026-ME:susan-collins,Susan Collins,senate-2026:ME:senate-2026-ME:troy-jackson|senate-2026-ME:susan-collins,False,senate-2026-ME:troy-jackson,Troy Jackson,D,senate-2026-ME:susan-collins,Susan Collins,R,52.041,47.959,4.082,4.082,dem_minus_rep_two_party,,,,0.55,0.0,2.2,,prior_default,Troy Jackson,Susan Collins,Northeast,"[{'poll_id': 'vh-us-202uni51f1c418', 'study_id': 'vh-study-us-202uni51f1c418', 'race_id': 'senate-2026-ME', 'question_id': 'vh-us-202uni51f1c418:q0', 'candidate_id': 'senate-2026-ME:troy-jackson', 'candidate_name': 'Troy Jackson', 'ballot_party': 'D', 'caucus': 'D', 'raw_share': 51.0, 'undecided': None, 'other': None, 'candidate_set_version': 'race-scoped-candidate-set-v1', 'field_start': '2026-09-17', 'field_end': '2026-09-21', 'available_at': '2026-09-25', 'source_lineage': 'votehub-poll-lineage-v3', 'resolution_status': 'race_scoped'}, {'poll_id': 'vh-us-202uni51f1c418', 'study_id': 'vh-study-us-202uni51f1c418', 'race_id': 'senate-2026-ME', 'question_id': 'vh-us-202uni51f1c418:q0', 'candidate_id': 'senate-2026-ME:susan-collins', 'candidate_name': 'Susan Collins', 'ballot_party': 'R', 'caucus': 'R', 'raw_share': 47.0, 'undecided': None, 'other': None, 'candidate_set_version': 'race-scoped-candidate-set-v1', 'field_start': '2026-09-17', 'field_end': '2026-09-21', 'available_at': '2026-09-25', 'source_lineage': 'votehub-poll-lineage-v3', 'resolution_status': 'race_scoped'}]",0.0,True
vh-us-202wedd2e2b8b0,vh-study-us-202wedd2e2b8b0,1,Wedgewood Polls,none,https://drive.google.com/drive/u/0/folders/1VKLmawSn60cr7L9HCx9mtZDvATC20N5u,2f4a74556d843abbae278b94fc021794f6f21580d5aec95004757919c09a3330,2026-09-22,2026-09-24,2026-09-25,,2026-10-10T16:41:48.336232+00:00,2026-09-25,,2026-09-25,2026-09-24,senate-2026,US_SENATE,KS,senate-2026-KS,LV,500.0,,51.02,48.98,0.0,2.0,2.041,False,include,,votehub-ingest-v3-race-scoped-candidate-level,2026-10-10T16:41:48.336232+00:00,,state-usps-v1,votehub-candidate-matchup-v3-race-scoped,generic_two_way,,,en,1.0,True,True,,senate-2026-KS:adam-hamilton,Adam Hamilton,senate-2026-KS:roger-marshall,Roger Marshall,senate-2026:KS:senate-2026-KS:adam-hamilton|senate-2026-KS:roger-marshall,False,senate-2026-KS:adam-hamilton,Adam Hamilton,D,senate-2026-KS:roger-marshall,Roger Marshall,R,51.02,48.98,2.041,2.041,dem_minus_rep_two_party,,,,0.55,0.0,2.2,,prior_default,Adam Hamilton,Roger Marshall,Midwest,"[{'poll_id': 'vh-us-202wedd2e2b8b0', 'study_id': 'vh-study-us-202wedd2e2b8b0', 'race_id': 'senate-2026-KS', 'question_id': 'vh-us-202wedd2e2b8b0:q0', 'candidate_id': 'senate-2026-KS:roger-marshall', 'candidate_name': 'Roger Marshall', 'ballot_party': 'R', 'caucus': 'R', 'raw_share': 48.0, 'undecided': None, 'other': None, 'candidate_set_version': 'race-scoped-candidate-set-v1', 'field_start': '2026-09-22', 'field_end': '2026-09-24', 'available_at': '2026-09-25', 'source_lineage': 'votehub-poll-lineage-v3', 'resolution_status': 'race_scoped'}, {'poll_id': 'vh-us-202wedd2e2b8b0', 'study_id': 'vh-study-us-202wedd2e2b8b0', 'race_id': 'senate-2026-KS', 'question_id': 'vh-us-202wedd2e2b8b0:q0', 'candidate_id': 'senate-2026-KS:adam-hamilton', 'candidate_name': 'Adam Hamilton', 'ballot_party': 'D', 'caucus': 'D', 'raw_share': 50.0, 'undecided': None, 'other': None, 'candidate_set_version': 'race-scoped-candidate-set-v1', 'field_start': '2026-09-22', 'field_end': '2026-09-24', 'available_at': '2026-09-25', 'source_lineage': 'votehub-poll-lineage-v3', 'resolution_status': 'race_scoped'}, {'poll_id': 'vh-us-202wedd2e2b8b0', 'study_id': 'vh-study-us-202wedd2e2b8b0', 'race_id': 'senate-2026-KS', 'question_id': 'vh-us-202wedd2e2b8b0:q0', 'candidate_id': None, 'candidate_name': 'David Graham', 'ballot_party': None, 'caucus': None, 'raw_share': 2.0, 'undecided': None, 'other': None, 'candidate_set_version': 'race-scoped-candidate-set-v1', 'field_start': '2026-09-22', 'field_end': '2026-09-24', 'available_at': '2026-09-25', 'source_lineage': 'votehub-poll-lineage-v3', 'resolution_status': 'unresolved_fail_closed'}]",0.0,True
vh-us-202bigbe8a8854,vh-study-us-202bigbe8a8854,1,Big Data Poll,Public Polling Project,https://www.bigdatapoll.com/blog/peach-state-poll-jon-ossoff-opens-up-lead-over-mike-collins-in-georgia/,ec6352729c614bec91a291f6f4632bfeb584b1d386a621f6248302c87e7c7eb9,2026-09-21,2026-09-23,2026-09-25,,2026-10-10T16:41:48.336232+00:00,2026-09-25,,2026-09-25,2026-09-23,senate-2026,US_SENATE,GA,senate-2026-GA,LV,678.0,,55.4,44.6,0.0,0.0,10.8,False,include,,votehub-ingest-v3-race-scoped-candidate-level,2026-10-10T16:41:48.336232+00:00,,state-usps-v1,votehub-candidate-matchup-v3-race-scoped,generic_two_way,,,en,1.0,True,False,,senate-2026-GA:jon-ossoff,Jon Ossoff,senate-2026-GA:mike-collins,Mike Collins,senate-2026:GA:senate-2026-GA:jon-ossoff|senate-2026-GA:mike-collins,False,senate-2026-GA:jon-ossoff,Jon Ossoff,D,senate-2026-GA:mike-collins,Mike Collins,R,55.4,44.6,10.8,10.8,dem_minus_rep_two_party,,,,0.3666666666666667,0.0,2.2,1.1,fivethirtyeight_pollster_ratings,Jon Ossoff,Mike Collins,South,"[{'poll_id': 'vh-us-202bigbe8a8854', 'study_id': 'vh-study-us-202bigbe8a8854', 'race_id': 'senate-2026-GA', 'question_id': 'vh-us-202bigbe8a8854:q0', 'candidate_id': 'senate-2026-GA:jon-ossoff', 'candidate_name': 'Jon Ossoff', 'ballot_party': 'D', 'caucus': 'D', 'raw_share': 55.4, 'undecided': None, 'other': None, 'candidate_set_version': 'race-scoped-candidate-set-v1', 'field_start': '2026-09-21', 'field_end': '2026-09-23', 'available_at': '2026-09-25', 'source_lineage': 'votehub-poll-lineage-v3', 'resolution_status': 'race_scoped'}, {'poll_id': 'vh-us-202bigbe8a8854', 'study_id': 'vh-study-us-202bigbe8a8854', 'race_id': 'senate-2026-GA', 'question_id': 'vh-us-202bigbe8a8854:q0', 'candidate_id': 'senate-2026-GA:mike-collins', 'candidate_name': 'Mike Collins', 'ballot_party': 'R', 'caucus': 'R', 'raw_share': 44.6, 'undecided': None, 'other': None, 'candidate_set_version': 'race-scoped-candidate-set-v1', 'field_start': '2026-09-21', 'field_end': '2026-09-23', 'available_at': '2026-09-25', 'source_lineage': 'votehub-poll-lineage-v3', 'resolution_status': 'race_scoped'}]",0.0,True
vh-us-202gba71e992b6,vh-study-us-202gba71e992b6,1,GBAO Strategies,Working Class Majority PAC,https://www.washingtonsun.com/newsletters/panic-week,405aa5d73514f13b663210f32262713b60e9d04fbc99dc563d5ba7ef65e8278b,2026-09-03,2026-09-08,2026-09-25,,2026-10-10T16:41:48.336232+00:00,2026-09-25,,2026-09-25,2026-09-08,senate-2026,US_SENATE,NE,senate-2026-NE,LV,800.0,,,,0.0,0.0,,True,include,,votehub-ingest-v3-race-scoped-candidate-level,2026-10-10T16:41:48.336232+00:00,,state-usps-v1,votehub-candidate-matchup-v3-race-scoped,generic_two_way,,,en,1.0,True,False,,,,senate-2026-NE:pete-ricketts,Pete Ricketts,senate-2026:NE:senate-2026-NE:dan-osborn|senate-2026-NE:pete-ricketts,False,senate-2026-NE:dan-osborn,Dan Osborn,I,senate-2026-NE:pete-ricketts,Pete Ricketts,R,50.538,49.462,1.075,1.075,modeled_minus_opposing_two_candidate,,,,0.55,0.0,2.2,,prior_default,,Pete Ricketts,Midwest,"[{'poll_id': 'vh-us-202gba71e992b6', 'study_id': 'vh-study-us-202gba71e992b6', 'race_id': 'senate-2026-NE', 'question_id': 'vh-us-202gba71e992b6:q0', 'candidate_id': 'senate-2026-NE:pete-ricketts', 'candidate_name': 'Pete Ricketts', 'ballot_party': 'R', 'caucus': 'R', 'raw_share': 46.0, 'undecided': None, 'other': None, 'candidate_set_version': 'race-scoped-candidate-set-v1', 'field_start': '2026-09-03', 'field_end': '2026-09-08', 'available_at': '2026-09-25', 'source_lineage': 'votehub-poll-lineage-v3', 'resolution_status': 'race_scoped'}, {'poll_id': 'vh-us-202gba71e992b6', 'study_id': 'vh-study-us-202gba71e992b6', 'race_id': 'senate-2026-NE', 'question_id': 'vh-us-202gba71e992b6:q0', 'candidate_id': 'senate-2026-NE:dan-osborn', 'candidate_name': 'Dan Osborn', 'ballot_party': 'I', 'caucus': 'D', 'raw_share': 47.0, 'undecided': None, 'other': None, 'candidate_set_version': 'race-scoped-candidate-set-v1', 'field_start': '2026-09-03', 'field_end': '2026-09-08', 'available_at': '2026-09-25', 'source_lineage': 'votehub-poll-lineage-v3', 'resolution_status': 'race_scoped'}]",0.0,True
vh-us-202sli284b821d,vh-study-us-202sli284b821d,1,Slingshot Strategies,Texas Public Opinion Research,https://texaspublicopinionresearch.substack.com/p/new-poll-in-texas-general-election-662,83be49d9abd65628794876f55cf72634ba7846b71aaff4c94412eef3a2cb3dba,2026-09-19,2026-09-22,2026-09-25,,2026-10-10T16:41:48.336232+00:00,2026-09-25,,2026-09-25,2026-09-22,senate-2026,US_SENATE,TX,senate-2026-TX,LV,1007.0,,52.128,47.872,0.0,3.0,4.255,False,include,,votehub-ingest-v3-race-scoped-candidate-level,2026-10-10T16:41:48.336232+00:00,,state-usps-v1,votehub-candidate-matchup-v3-race-scoped,generic_two_way,,,en,1.0,True,True,,senate-2026-TX:james-talarico,James Talarico,senate-2026-TX:ken-paxton,Ken Paxton,senate-2026:TX:senate-2026-TX:james-talarico|senate-2026-TX:ken-paxton,False,senate-2026-TX:james-talarico,James Talarico,D,senate-2026-TX:ken-paxton,Ken Paxton,R,52.128,47.872,4.255,4.255,dem_minus_rep_two_party,,,,0.4666666666666666,0.0,1.0,1.4,fivethirtyeight_pollster_ratings,James Talarico,Ken Paxton,South,"[{'poll_id': 'vh-us-202sli284b821d', 'study_id': 'vh-study-us-202sli284b821d', 'race_id': 'senate-2026-TX', 'question_id': 'vh-us-202sli284b821d:q0', 'candidate_id': 'senate-2026-TX:james-talarico', 'candidate_name': 'James Talarico', 'ballot_party': 'D', 'caucus': 'D', 'raw_share': 49.0, 'undecided': None, 'other': None, 'candidate_set_version': 'race-scoped-candidate-set-v1', 'field_start': '2026-09-19', 'field_end': '2026-09-22', 'available_at': '2026-09-25', 'source_lineage': 'votehub-poll-lineage-v3', 'resolution_status': 'race_scoped'}, {'poll_id': 'vh-us-202sli284b821d', 'study_id': 'vh-study-us-202sli284b821d', 'race_id': 'senate-2026-TX', 'question_id': 'vh-us-202sli284b821d:q0', 'candidate_id': 'senate-2026-TX:ken-paxton', 'candidate_name': 'Ken Paxton', 'ballot_party': 'R', 'caucus': 'R', 'raw_share': 45.0, 'undecided': None, 'other': None, 'candidate_set_version': 'race-scoped-candidate-set-v1', 'field_start': '2026-09-19', 'field_end': '2026-09-22', 'available_at': '2026-09-25', 'source_lineage': 'votehub-poll-lineage-v3', 'resolution_status': 'race_scoped'}, {'poll_id': 'vh-us-202sli284b821d', 'study_id': 'vh-study-us-202sli284b821d', 'race_id': 'senate-2026-TX', 'question_id': 'vh-us-202sli284b821d:q0', 'candidate_id': None, 'candidate_name': 'Ted Brown', 'ballot_party': None, 'caucus': None, 'raw_share': 3.0, 'undecided': None, 'other': None, 'candidate_set_version': 'race-scoped-candidate-set-v1', 'field_start': '2026-09-19', 'field_end': '2026-09-22', 'available_at': '2026-09-25', 'source_lineage': 'votehub-poll-lineage-v3', 'resolution_status': 'unresolved_fail_closed'}]",0.0,True
vh-us-202insbbb32dd3,vh-study-us-202insbbb32dd3,1,InsiderAdvantage,none,https://insideradvantage.com/insideradvantage-georgia-survey-jackson-leads-by-two-in-race-for-governor-ossoff-leads-by-eight-in-senate-contest/,1567ab330bef23b3bc1319914673ca9e8dde9a17e159f7b9476c2bbd9b4e09e1,2026-09-22,2026-09-23,2026-09-25,,2026-10-10T16:41:48.336232+00:00,2026-09-25,,2026-09-25,2026-09-23,senate-2026,US_SENATE,GA,senate-2026-GA,LV,1200.0,,54.348,45.652,0.0,0.0,8.696,False,include,,votehub-ingest-v3-race-scoped-candidate-level,2026-10-10T16:41:48.336232+00:00,,state-usps-v1,votehub-candidate-matchup-v3-race-scoped,generic_two_way,,,en,1.0,True,False,,senate-2026-GA:jon-ossoff,Jon Ossoff,senate-2026-GA:mike-collins,Mike Collins,senate-2026:GA:senate-2026-GA:jon-ossoff|senate-2026-GA:mike-collins,False,senate-2026-GA:jon-ossoff,Jon Ossoff,D,senate-2026-GA:mike-collins,Mike Collins,R,54.348,45.652,8.696,8.696,dem_minus_rep_two_party,,,,0.88,-0.62,2.129,A,votehub_pollster_scorecards,Jon Ossoff,Mike Collins,South,"[{'poll_id': 'vh-us-202insbbb32dd3', 'study_id': 'vh-study-us-202insbbb32dd3', 'race_id': 'senate-2026-GA', 'question_id': 'vh-us-202insbbb32dd3:q0', 'candidate_id': 'senate-2026-GA:jon-ossoff', 'candidate_name': 'Jon Ossoff', 'ballot_party': 'D', 'caucus': 'D', 'raw_share': 50.0, 'undecided': None, 'other': None, 'candidate_set_version': 'race-scoped-candidate-set-v1', 'field_start': '2026-09-22', 'field_end': '2026-09-23', 'available_at': '2026-09-25', 'source_lineage': 'votehub-poll-lineage-v3', 'resolution_status': 'race_scoped'}, {'poll_id': 'vh-us-202insbbb32dd3', 'study_id': 'vh-study-us-202insbbb32dd3', 'race_id': 'senate-2026-GA', 'question_id': 'vh-us-202insbbb32dd3:q0', 'candidate_id': 'senate-2026-GA:mike-collins', 'candidate_name': 'Mike Collins', 'ballot_party': 'R', 'caucus': 'R', 'raw_share': 42.0, 'undecided': None, 'other': None, 'candidate_set_version': 'race-scoped-candidate-set-v1', 'field_start': '2026-09-22', 'field_end': '2026-09-23', 'available_at': '2026-09-25', 'source_lineage': 'votehub-poll-lineage-v3', 'resolution_status': 'race_scoped'}]",0.0,True
vh-us-202amec1fe2597,vh-study-us-202amec1fe2597,1,American Pulse Research & Polling,KULR-TV,https://www.montanarightnow.com/elections/montana-senate-race-kurt-alme-tops-bodnar-and-bankhead-in-new-poll-findings/article_cd8401fb-0470-492c-a53a-c7dfe39552ff.html,b77be6c3daf01c5bf14cafdd15fc05d80db6fbf5c1b808efcd562cc488ec3735,2026-09-19,2026-09-24,2026-09-29,,2026-10-10T16:41:48.336232+00:00,2026-09-29,,2026-09-29,2026-09-24,senate-2026,US_SENATE,MT,senate-2026-MT,LV,604.0,,,,0.0,19.0,,False,include,,votehub-ingest-v3-race-scoped-candidate-level,2026-10-10T16:41:48.336232+00:00,,state-usps-v1,votehub-candidate-matchup-v3-race-scoped,generic_two_way,,,en,1.0,True,True,,,,senate-2026-MT:kurt-alme,Kurt Alme,senate-2026:MT:senate-2026-MT:seth-bodnar|senate-2026-MT:kurt-alme,False,senate-2026-MT:seth-bodnar,Seth Bodnar,I,senate-2026-MT:kurt-alme,Kurt Alme,R,36.62,63.38,-26.761,-26.761,modeled_minus_opposing_two_candidate,,,,0.55,0.0,2.2,,prior_default,,Kurt Alme,West,"[{'poll_id': 'vh-us-202amec1fe2597', 'study_id': 'vh-study-us-202amec1fe2597', 'race_id': 'senate-2026-MT', 'question_id': 'vh-us-202amec1fe2597:q0', 'candidate_id': 'senate-2026-MT:kurt-alme', 'candidate_name': 'Kurt Alme', 'ballot_party': 'R', 'caucus': 'R', 'raw_share': 45.0, 'undecided': None, 'other': None, 'candidate_set_version': 'race-scoped-candidate-set-v1', 'field_start': '2026-09-19', 'field_end': '2026-09-24', 'available_at': '2026-09-29', 'source_lineage': 'votehub-poll-lineage-v3', 'resolution_status': 'race_scoped'}, {'poll_id': 'vh-us-202amec1fe2597', 'study_id': 'vh-study-us-202amec1fe2597', 'race_id': 'senate-2026-MT', 'question_id': 'vh-us-202amec1fe2597:q0', 'candidate_id': 'senate-2026-MT:alani-bankhead', 'candidate_name': 'Alani Bankhead', 'ballot_party': 'D', 'caucus': 'D', 'raw_share': 19.0, 'undecided': None, 'other': None, 'candidate_set_version': 'race-scoped-candidate-set-v1', 'field_start': '2026-09-19', 'field_end': '2026-09-24', 'available_at': '2026-09-29', 'source_lineage': 'votehub-poll-lineage-v3', 'resolution_status': 'race_scoped'}, {'poll_id': 'vh-us-202amec1fe2597', 'study_id': 'vh-study-us-202amec1fe2597', 'race_id': 'senate-2026-MT', 'question_id': 'vh-us-202amec1fe2597:q0', 'candidate_id': 'senate-2026-MT:seth-bodnar', 'candidate_name': 'Seth Bodnar', 'ballot_party': 'I', 'caucus': 'D', 'raw_share': 26.0, 'undecided': None, 'other': None, 'candidate_set_version': 'race-scoped-candidate-set-v1', 'field_start': '2026-09-19', 'field_end': '2026-09-24', 'available_at': '2026-09-29', 'source_lineage': 'votehub-poll-lineage-v3', 'resolution_status': 'race_scoped'}]",0.0,True
vh-us-202chad8109bd5,vh-study-us-202chad8109bd5,1,Change Research,Freedom Project USA,https://changeresearch.com/research/2026/2026-09-28-florida-aapor-methodology-statement,a4643cf8387609c0048a21a71803b55592fd770a1ed6799b79fd9c4b6fd33a54,2026-09-25,2026-09-27,2026-09-29,,2026-10-10T16:41:48.336232+00:00,2026-09-29,,2026-09-29,2026-09-27,senate-2026,US_SENATE,FL,senate-2026-FL,LV,1063.0,,49.474,50.526,0.0,0.0,-1.053,False,include,,votehub-ingest-v3-race-scoped-candidate-level,2026-10-10T16:41:48.336232+00:00,,state-usps-v1,votehub-candidate-matchup-v3-race-scoped,generic_two_way,,,en,1.0,True,False,,senate-2026-FL:angie-nixon,Angie Nixon,senate-2026-FL:ashley-moody,Ashley Moody,senate-2026:FL:senate-2026-FL:angie-nixon|senate-2026-FL:ashley-moody,False,senate-2026-FL:angie-nixon,Angie Nixon,D,senate-2026-FL:ashley-moody,Ashley Moody,R,49.474,50.526,-1.053,-1.053,dem_minus_rep_two_party,,,,0.52,1.31,2.239,C,votehub_pollster_scorecards,Angie Nixon,Ashley Moody,South,"[{'poll_id': 'vh-us-202chad8109bd5', 'study_id': 'vh-study-us-202chad8109bd5', 'race_id': 'senate-2026-FL', 'question_id': 'vh-us-202chad8109bd5:q0', 'candidate_id': 'senate-2026-FL:ashley-moody', 'candidate_name': 'Ashley Moody', 'ballot_party': 'R', 'caucus': 'R', 'raw_share': 48.0, 'undecided': None, 'other': None, 'candidate_set_version': 'race-scoped-candidate-set-v1', 'field_start': '2026-09-25', 'field_end': '2026-09-27', 'available_at': '2026-09-29', 'source_lineage': 'votehub-poll-lineage-v3', 'resolution_status': 'race_scoped'}, {'poll_id': 'vh-us-202chad8109bd5', 'study_id': 'vh-study-us-202chad8109bd5', 'race_id': 'senate-2026-FL', 'question_id': 'vh-us-202chad8109bd5:q0', 'candidate_id': 'senate-2026-FL:angie-nixon', 'candidate_name': 'Angie Nixon', 'ballot_party': 'D', 'caucus': 'D', 'raw_share': 47.0, 'undecided': None, 'other': None, 'candidate_set_version': 'race-scoped-candidate-set-v1', 'field_start': '2026-09-25', 'field_end': '2026-09-27', 'available_at': '2026-09-29', 'source_lineage': 'votehub-poll-lineage-v3', 'resolution_status': 'race_scoped'}]",0.0,True
vh-us-202mara7f1d430,vh-study-us-202mara7f1d430,1,Marist University,none,https://maristpoll.marist.edu/polls/midterm-elections-in-ohio-september-2026/,467250665475b20a664547ebdffffb76a0116ac948be081ae97364920cb1b6d4,2026-09-24,2026-09-27,2026-09-29,,2026-10-10T16:41:48.336232+00:00,2026-09-29,,2026-09-29,2026-09-27,senate-2026,US_SENATE,OH,senate-2026-OH,RV,1298.0,,54.255,45.745,0.0,0.0,8.511,False,include,,votehub-ingest-v3-race-scoped-candidate-level,2026-10-10T16:41:48.336232+00:00,,state-usps-v1,votehub-candidate-matchup-v3-race-scoped,generic_two_way,,,en,1.0,True,False,,senate-2026-OH:sherrod-brown,Sherrod Brown,senate-2026-OH:jon-husted,Jon Husted,senate-2026:OH:senate-2026-OH:sherrod-brown|senate-2026-OH:jon-husted,False,senate-2026-OH:sherrod-brown,Sherrod Brown,D,senate-2026-OH:jon-husted,Jon Husted,R,54.255,45.745,8.511,8.511,dem_minus_rep_two_party,,,,0.55,0.0,2.2,,prior_default,Sherrod Brown,Jon Husted,Midwest,"[{'poll_id': 'vh-us-202mara7f1d430', 'study_id': 'vh-study-us-202mara7f1d430', 'race_id': 'senate-2026-OH', 'question_id': 'vh-us-202mara7f1d430:q0', 'candidate_id': 'senate-2026-OH:sherrod-brown', 'candidate_name': 'Sherrod Brown', 'ballot_party': 'D', 'caucus': 'D', 'raw_share': 51.0, 'undecided': None, 'other': None, 'candidate_set_version': 'race-scoped-candidate-set-v1', 'field_start': '2026-09-24', 'field_end': '2026-09-27', 'available_at': '2026-09-29', 'source_lineage': 'votehub-poll-lineage-v3', 'resolution_status': 'race_scoped'}, {'poll_id': 'vh-us-202mara7f1d430', 'study_id': 'vh-study-us-202mara7f1d430', 'race_id': 'senate-2026-OH', 'question_id': 'vh-us-202mara7f1d430:q0', 'candidate_id': 'senate-2026-OH:jon-husted', 'candidate_name': 'Jon Husted', 'ballot_party': 'R', 'caucus': 'R', 'raw_share': 43.0, 'undecided': None, 'other': None, 'candidate_set_version': 'race-scoped-candidate-set-v1', 'field_start': '2026-09-24', 'field_end': '2026-09-27', 'available_at': '2026-09-29', 'source_lineage': 'votehub-poll-lineage-v3', 'resolution_status': 'race_scoped'}]",0.0,True
vh-us-202mas5785b9ea,vh-study-us-202mas5785b9ea,1,MassINC Polling Group,CommonWealth Beacon,https://commonwealthbeacon.org/wp-content/uploads/2026/09/Topline-2026-09-CWB-Ballot-Questions-TUES-RELEASE.pdf,5280415b6d6758ee612f16a300e0039c736867a087c004bddb049c34cc77cf2d,2026-09-14,2026-09-22,2026-09-29,,2026-10-10T16:41:48.336232+00:00,2026-09-29,,2026-09-29,2026-09-22,senate-2026,US_SENATE,MA,senate-2026-MA,LV,800.0,,66.667,33.333,0.0,4.0,33.333,False,include,,votehub-ingest-v3-race-scoped-candidate-level,2026-10-10T16:41:48.336232+00:00,,state-usps-v1,votehub-candidate-matchup-v3-race-scoped,generic_two_way,,,en,1.0,True,True,,senate-2026-MA:ed-markey,Ed Markey,senate-2026-MA:john-deaton,John Deaton,senate-2026:MA:senate-2026-MA:ed-markey|senate-2026-MA:john-deaton,False,senate-2026-MA:ed-markey,Ed Markey,D,senate-2026-MA:john-deaton,John Deaton,R,66.667,33.333,33.333,33.333,dem_minus_rep_two_party,,,,0.9333333333333332,0.0,2.2,2.8,fivethirtyeight_pollster_ratings,Ed Markey,John Deaton,Northeast,"[{'poll_id': 'vh-us-202mas5785b9ea', 'study_id': 'vh-study-us-202mas5785b9ea', 'race_id': 'senate-2026-MA', 'question_id': 'vh-us-202mas5785b9ea:q0', 'candidate_id': 'senate-2026-MA:ed-markey', 'candidate_name': 'Ed Markey', 'ballot_party': 'D', 'caucus': 'D', 'raw_share': 52.0, 'undecided': None, 'other': None, 'candidate_set_version': 'race-scoped-candidate-set-v1', 'field_start': '2026-09-14', 'field_end': '2026-09-22', 'available_at': '2026-09-29', 'source_lineage': 'votehub-poll-lineage-v3', 'resolution_status': 'race_scoped'}, {'poll_id': 'vh-us-202mas5785b9ea', 'study_id': 'vh-study-us-202mas5785b9ea', 'race_id': 'senate-2026-MA', 'question_id': 'vh-us-202mas5785b9ea:q0', 'candidate_id': 'senate-2026-MA:john-deaton', 'candidate_name': 'John Deaton', 'ballot_party': 'R', 'caucus': 'R', 'raw_share': 26.0, 'undecided': None, 'other': None, 'candidate_set_version': 'race-scoped-candidate-set-v1', 'field_start': '2026-09-14', 'field_end': '2026-09-22', 'available_at': '2026-09-29', 'source_lineage': 'votehub-poll-lineage-v3', 'resolution_status': 'race_scoped'}, {'poll_id': 'vh-us-202mas5785b9ea', 'study_id': 'vh-study-us-202mas5785b9ea', 'race_id': 'senate-2026-MA', 'question_id': 'vh-us-202mas5785b9ea:q0', 'candidate_id': None, 'candidate_name': 'Joe Tache', 'ballot_party': None, 'caucus': None, 'raw_share': 2.0, 'undecided': None, 'other': None, 'candidate_set_version': 'race-scoped-candidate-set-v1', 'field_start': '2026-09-14', 'field_end': '2026-09-22', 'available_at': '2026-09-29', 'source_lineage': 'votehub-poll-lineage-v3', 'resolution_status': 'unresolved_fail_closed'}, {'poll_id': 'vh-us-202mas5785b9ea', 'study_id': 'vh-study-us-202mas5785b9ea', 'race_id': 'senate-2026-MA', 'question_id': 'vh-us-202mas5785b9ea:q0', 'candidate_id': None, 'candidate_name': 'Shriya Ayyadurai', 'ballot_party': None, 'caucus': None, 'raw_share': 2.0, 'undecided': None, 'other': None, 'candidate_set_version': 'race-scoped-candidate-set-v1', 'field_start': '2026-09-14', 'field_end': '2026-09-22', 'available_at': '2026-09-29', 'source_lineage': 'votehub-poll-lineage-v3', 'resolution_status': 'unresolved_fail_closed'}]",0.0,True
vh-us-202cyg13fa7f0a,vh-study-us-202cyg13fa7f0a,1,Cygnal/Beacon Research,Michigan Enjoyer,https://enjoyer.com/michigan-poll-fall-2026/,cb8cde8521957b6947b98f47462d5bc0931deebdce26f760bce3501f1c5ebfa1,2026-09-18,2026-09-21,2026-09-29,,2026-10-10T16:41:48.336232+00:00,2026-09-29,,2026-09-29,2026-09-21,senate-2026,US_SENATE,MI,senate-2026-MI,LV,600.0,,52.941,47.059,0.0,1.0,5.882,False,include,,votehub-ingest-v3-race-scoped-candidate-level,2026-10-10T16:41:48.336232+00:00,,state-usps-v1,votehub-candidate-matchup-v3-race-scoped,generic_two_way,,,en,1.0,True,True,,senate-2026-MI:abdul-el-sayed,Abdul El-Sayed,senate-2026-MI:mike-rogers,Mike Rogers,senate-2026:MI:senate-2026-MI:abdul-el-sayed|senate-2026-MI:mike-rogers,False,senate-2026-MI:abdul-el-sayed,Abdul El-Sayed,D,senate-2026-MI:mike-rogers,Mike Rogers,R,52.941,47.059,5.882,5.882,dem_minus_rep_two_party,,,,0.55,0.0,2.2,,prior_default,Abdul El-Sayed,Mike Rogers,Midwest,"[{'poll_id': 'vh-us-202cyg13fa7f0a', 'study_id': 'vh-study-us-202cyg13fa7f0a', 'race_id': 'senate-2026-MI', 'question_id': 'vh-us-202cyg13fa7f0a:q0', 'candidate_id': 'senate-2026-MI:abdul-el-sayed', 'candidate_name': 'Abdul El-Sayed', 'ballot_party': 'D', 'caucus': 'D', 'raw_share': 45.0, 'undecided': None, 'other': None, 'candidate_set_version': 'race-scoped-candidate-set-v1', 'field_start': '2026-09-18', 'field_end': '2026-09-21', 'available_at': '2026-09-29', 'source_lineage': 'votehub-poll-lineage-v3', 'resolution_status': 'race_scoped'}, {'poll_id': 'vh-us-202cyg13fa7f0a', 'study_id': 'vh-study-us-202cyg13fa7f0a', 'race_id': 'senate-2026-MI', 'question_id': 'vh-us-202cyg13fa7f0a:q0', 'candidate_id': 'senate-2026-MI:mike-rogers', 'candidate_name': 'Mike Rogers', 'ballot_party': 'R', 'caucus': 'R', 'raw_share': 40.0, 'undecided': None, 'other': None, 'candidate_set_version': 'race-scoped-candidate-set-v1', 'field_start': '2026-09-18', 'field_end': '2026-09-21', 'available_at': '2026-09-29', 'source_lineage': 'votehub-poll-lineage-v3', 'resolution_status': 'race_scoped'}, {'poll_id': 'vh-us-202cyg13fa7f0a', 'study_id': 'vh-study-us-202cyg13fa7f0a', 'race_id': 'senate-2026-MI', 'question_id': 'vh-us-202cyg13fa7f0a:q0', 'candidate_id': None, 'candidate_name': 'Lydia Christensen', 'ballot_party': None, 'caucus': None, 'raw_share': 1.0, 'undecided': None, 'other': None, 'candidate_set_version': 'race-scoped-candidate-set-v1', 'field_start': '2026-09-18', 'field_end': '2026-09-21', 'available_at': '2026-09-29', 'source_lineage': 'votehub-poll-lineage-v3', 'resolution_status': 'unresolved_fail_closed'}, {'poll_id': 'vh-us-202cyg13fa7f0a', 'study_id': 'vh-study-us-202cyg13fa7f0a', 'race_id': 'senate-2026-MI', 'question_id': 'vh-us-202cyg13fa7f0a:q0', 'candidate_id': None, 'candidate_name': 'Tim Long', 'ballot_party': None, 'caucus': None, 'raw_share': 0.0, 'undecided': None, 'other': None, 'candidate_set_version': 'race-scoped-candidate-set-v1', 'field_start': '2026-09-18', 'field_end': '2026-09-21', 'available_at': '2026-09-29', 'source_lineage': 'votehub-poll-lineage-v3', 'resolution_status': 'unresolved_fail_closed'}, {'poll_id': 'vh-us-202cyg13fa7f0a', 'study_id': 'vh-study-us-202cyg13fa7f0a', 'race_id': 'senate-2026-MI', 'question_id': 'vh-us-202cyg13fa7f0a:q0', 'candidate_id': None, 'candidate_name': 'Douglas P. Marsh', 'ballot_party': None, 'caucus': None, 'raw_share': 0.0, 'undecided': None, 'other': None, 'candidate_set_version': 'race-scoped-candidate-set-v1', 'field_start': '2026-09-18', 'field_end': '2026-09-21', 'available_at': '2026-09-29', 'source_lineage': 'votehub-poll-lineage-v3', 'resolution_status': 'unresolved_fail_closed'}, {'poll_id': 'vh-us-202cyg13fa7f0a', 'study_id': 'vh-study-us-202cyg13fa7f0a', 'race_id': 'senate-2026-MI', 'question_id': 'vh-us-202cyg13fa7f0a:q0', 'candidate_id': None, 'candidate_name': 'Walter P. Kristy', 'ballot_party': None, 'caucus': None, 'raw_share': 0.0, 'undecided': None, 'other': None, 'candidate_set_version': 'race-scoped-candidate-set-v1', 'field_start': '2026-09-18', 'field_end': '2026-09-21', 'available_at': '2026-09-29', 'source_lineage': 'votehub-poll-lineage-v3', 'resolution_status': 'unresolved_fail_closed'}]",0.0,True
vh-us-202big1f625134,vh-study-us-202big1f625134,1,Big Data Poll,Public Polling Project,https://www.bigdatapoll.com/blog/buckeye-state-poll-sherrod-brown-leads-jon-husted-for-us-senate-in-ohio/,97fb1b76bc770f6f273cbde50fbadbf21c4a58954c0073e5a266d080a54ace41,2026-09-26,2026-09-27,2026-09-29,,2026-10-10T16:41:48.336232+00:00,2026-09-29,,2026-09-29,2026-09-27,senate-2026,US_SENATE,OH,senate-2026-OH,LV,680.0,,52.081,47.919,0.0,0.0,4.162,False,include,,votehub-ingest-v3-race-scoped-candidate-level,2026-10-10T16:41:48.336232+00:00,,state-usps-v1,votehub-candidate-matchup-v3-race-scoped,generic_two_way,,,en,1.0,True,False,,senate-2026-OH:sherrod-brown,Sherrod Brown,senate-2026-OH:jon-husted,Jon Husted,senate-2026:OH:senate-2026-OH:sherrod-brown|senate-2026-OH:jon-husted,False,senate-2026-OH:sherrod-brown,Sherrod Brown,D,senate-2026-OH:jon-husted,Jon Husted,R,52.081,47.919,4.162,4.162,dem_minus_rep_two_party,,,,0.3666666666666667,0.0,2.2,1.1,fivethirtyeight_pollster_ratings,Sherrod Brown,Jon Husted,Midwest,"[{'poll_id': 'vh-us-202big1f625134', 'study_id': 'vh-study-us-202big1f625134', 'race_id': 'senate-2026-OH', 'question_id': 'vh-us-202big1f625134:q0', 'candidate_id': 'senate-2026-OH:sherrod-brown', 'candidate_name': 'Sherrod Brown', 'ballot_party': 'D', 'caucus': 'D', 'raw_share': 46.3, 'undecided': None, 'other': None, 'candidate_set_version': 'race-scoped-candidate-set-v1', 'field_start': '2026-09-26', 'field_end': '2026-09-27', 'available_at': '2026-09-29', 'source_lineage': 'votehub-poll-lineage-v3', 'resolution_status': 'race_scoped'}, {'poll_id': 'vh-us-202big1f625134', 'study_id': 'vh-study-us-202big1f625134', 'race_id': 'senate-2026-OH', 'question_id': 'vh-us-202big1f625134:q0', 'candidate_id': 'senate-2026-OH:jon-husted', 'candidate_name': 'Jon Husted', 'ballot_party': 'R', 'caucus': 'R', 'raw_share': 42.6, 'undecided': None, 'other': None, 'candidate_set_version': 'race-scoped-candidate-set-v1', 'field_start': '2026-09-26', 'field_end': '2026-09-27', 'available_at': '2026-09-29', 'source_lineage': 'votehub-poll-lineage-v3', 'resolution_status': 'race_scoped'}]",0.0,True
vh-us-202co/7102b7eb,vh-study-us-202co/7102b7eb,1,co/efficient,none,https://battlegrounds.coefficient.org/me/,b70030d0d469e914093b323a3d01299a6ecfa0ad54ce55c3ba8c8523dcb5742b,2026-09-28,2026-09-30,2026-10-01,,2026-10-10T16:41:48.336232+00:00,2026-10-01,,2026-10-01,2026-09-30,senate-2026,US_SENATE,ME,senate-2026-ME,LV,1240.0,,48.936,51.064,0.0,0.0,-2.128,False,include,,votehub-ingest-v3-race-scoped-candidate-level,2026-10-10T16:41:48.336232+00:00,,state-usps-v1,votehub-candidate-matchup-v3-race-scoped,generic_two_way,,,en,1.0,True,False,,senate-2026-ME:troy-jackson,Troy Jackson,senate-2026-ME:susan-collins,Susan Collins,senate-2026:ME:senate-2026-ME:troy-jackson|senate-2026-ME:susan-collins,False,senate-2026-ME:troy-jackson,Troy Jackson,D,senate-2026-ME:susan-collins,Susan Collins,R,48.936,51.064,-2.128,-2.128,dem_minus_rep_two_party,,,,0.3666666666666667,0.0,1.0,1.1,fivethirtyeight_pollster_ratings,Troy Jackson,Susan Collins,Northeast,"[{'poll_id': 'vh-us-202co/7102b7eb', 'study_id': 'vh-study-us-202co/7102b7eb', 'race_id': 'senate-2026-ME', 'question_id': 'vh-us-202co/7102b7eb:q0', 'candidate_id': 'senate-2026-ME:susan-collins', 'candidate_name': 'Susan Collins', 'ballot_party': 'R', 'caucus': 'R', 'raw_share': 48.0, 'undecided': None, 'other': None, 'candidate_set_version': 'race-scoped-candidate-set-v1', 'field_start': '2026-09-28', 'field_end': '2026-09-30', 'available_at': '2026-10-01', 'source_lineage': 'votehub-poll-lineage-v3', 'resolution_status': 'race_scoped'}, {'poll_id': 'vh-us-202co/7102b7eb', 'study_id': 'vh-study-us-202co/7102b7eb', 'race_id': 'senate-2026-ME', 'question_id': 'vh-us-202co/7102b7eb:q0', 'candidate_id': 'senate-2026-ME:troy-jackson', 'candidate_name': 'Troy Jackson', 'ballot_party': 'D', 'caucus': 'D', 'raw_share': 46.0, 'undecided': None, 'other': None, 'candidate_set_version': 'race-scoped-candidate-set-v1', 'field_start': '2026-09-28', 'field_end': '2026-09-30', 'available_at': '2026-10-01', 'source_lineage': 'votehub-poll-lineage-v3', 'resolution_status': 'race_scoped'}]",0.0,True
vh-us-202beac0286b40,vh-study-us-202beac0286b40,1,Beacon-Shaw,Fox News,https://www.foxnews.com/politics/fox-news-poll-michigan-voters-split-between-el-sayed-rogers,97d6f20ffcae29ced94f43d4a969740f6748e0ac96c22861ca367294e3fc4f42,2026-09-24,2026-09-28,2026-10-01,,2026-10-10T16:41:48.336232+00:00,2026-10-01,,2026-10-01,2026-09-28,senate-2026,US_SENATE,MI,senate-2026-MI,LV,1028.0,,50.505,49.495,0.0,0.0,1.01,False,include,,votehub-ingest-v3-race-scoped-candidate-level,2026-10-10T16:41:48.336232+00:00,,state-usps-v1,votehub-candidate-matchup-v3-race-scoped,generic_two_way,,,en,1.0,True,False,,senate-2026-MI:abdul-el-sayed,Abdul El-Sayed,senate-2026-MI:mike-rogers,Mike Rogers,senate-2026:MI:senate-2026-MI:abdul-el-sayed|senate-2026-MI:mike-rogers,False,senate-2026-MI:abdul-el-sayed,Abdul El-Sayed,D,senate-2026-MI:mike-rogers,Mike Rogers,R,50.505,49.495,1.01,1.01,dem_minus_rep_two_party,,,,0.88,0.62,2.0410000000000004,A,votehub_pollster_scorecards,Abdul El-Sayed,Mike Rogers,Midwest,"[{'poll_id': 'vh-us-202beac0286b40', 'study_id': 'vh-study-us-202beac0286b40', 'race_id': 'senate-2026-MI', 'question_id': 'vh-us-202beac0286b40:q0', 'candidate_id': 'senate-2026-MI:abdul-el-sayed', 'candidate_name': 'Abdul El-Sayed', 'ballot_party': 'D', 'caucus': 'D', 'raw_share': 50.0, 'undecided': None, 'other': None, 'candidate_set_version': 'race-scoped-candidate-set-v1', 'field_start': '2026-09-24', 'field_end': '2026-09-28', 'available_at': '2026-10-01', 'source_lineage': 'votehub-poll-lineage-v3', 'resolution_status': 'race_scoped'}, {'poll_id': 'vh-us-202beac0286b40', 'study_id': 'vh-study-us-202beac0286b40', 'race_id': 'senate-2026-MI', 'question_id': 'vh-us-202beac0286b40:q0', 'candidate_id': 'senate-2026-MI:mike-rogers', 'candidate_name': 'Mike Rogers', 'ballot_party': 'R', 'caucus': 'R', 'raw_share': 49.0, 'undecided': None, 'other': None, 'candidate_set_version': 'race-scoped-candidate-set-v1', 'field_start': '2026-09-24', 'field_end': '2026-09-28', 'available_at': '2026-10-01', 'source_lineage': 'votehub-poll-lineage-v3', 'resolution_status': 'race_scoped'}]",0.0,True
vh-us-202bigf2db767c,vh-study-us-202bigf2db767c,1,Big Data Poll,Public Polling Project,https://www.bigdatapoll.com/blog/tar-heel-state-poll-roy-cooper-holds-solid-lead-over-michael-whatley-for-us-senate-in-north-carolina/,11cf04356d5c1a65cd16d681a854a8711f92157f2462614bb53a5863eedbf70d,2026-09-27,2026-09-29,2026-10-01,,2026-10-10T16:41:48.336232+00:00,2026-10-01,,2026-10-01,2026-09-29,senate-2026,US_SENATE,NC,senate-2026-NC,LV,642.0,,56.667,43.333,0.0,11.0,13.333,False,include,,votehub-ingest-v3-race-scoped-candidate-level,2026-10-10T16:41:48.336232+00:00,,state-usps-v1,votehub-candidate-matchup-v3-race-scoped,generic_two_way,,,en,1.0,True,True,,senate-2026-NC:roy-cooper,Roy Cooper,senate-2026-NC:michael-whatley,Michael Whatley,senate-2026:NC:senate-2026-NC:roy-cooper|senate-2026-NC:michael-whatley,False,senate-2026-NC:roy-cooper,Roy Cooper,D,senate-2026-NC:michael-whatley,Michael Whatley,R,56.667,43.333,13.333,13.333,dem_minus_rep_two_party,,,,0.3666666666666667,0.0,2.2,1.1,fivethirtyeight_pollster_ratings,Roy Cooper,Michael Whatley,South,"[{'poll_id': 'vh-us-202bigf2db767c', 'study_id': 'vh-study-us-202bigf2db767c', 'race_id': 'senate-2026-NC', 'question_id': 'vh-us-202bigf2db767c:q0', 'candidate_id': 'senate-2026-NC:roy-cooper', 'candidate_name': 'Roy Cooper', 'ballot_party': 'D', 'caucus': 'D', 'raw_share': 51.0, 'undecided': None, 'other': None, 'candidate_set_version': 'race-scoped-candidate-set-v1', 'field_start': '2026-09-27', 'field_end': '2026-09-29', 'available_at': '2026-10-01', 'source_lineage': 'votehub-poll-lineage-v3', 'resolution_status': 'race_scoped'}, {'poll_id': 'vh-us-202bigf2db767c', 'study_id': 'vh-study-us-202bigf2db767c', 'race_id': 'senate-2026-NC', 'question_id': 'vh-us-202bigf2db767c:q0', 'candidate_id': 'senate-2026-NC:michael-whatley', 'candidate_name': 'Michael Whatley', 'ballot_party': 'R', 'caucus': 'R', 'raw_share': 39.0, 'undecided': None, 'other': None, 'candidate_set_version': 'race-scoped-candidate-set-v1', 'field_start': '2026-09-27', 'field_end': '2026-09-29', 'available_at': '2026-10-01', 'source_lineage': 'votehub-poll-lineage-v3', 'resolution_status': 'race_scoped'}, {'poll_id': 'vh-us-202bigf2db767c', 'study_id': 'vh-study-us-202bigf2db767c', 'race_id': 'senate-2026-NC', 'question_id': 'vh-us-202bigf2db767c:q0', 'candidate_id': None, 'candidate_name': 'Shannon Bray', 'ballot_party': None, 'caucus': None, 'raw_share': 7.0, 'undecided': None, 'other': None, 'candidate_set_version': 'race-scoped-candidate-set-v1', 'field_start': '2026-09-27', 'field_end': '2026-09-29', 'available_at': '2026-10-01', 'source_lineage': 'votehub-poll-lineage-v3', 'resolution_status': 'unresolved_fail_closed'}, {'poll_id': 'vh-us-202bigf2db767c', 'study_id': 'vh-study-us-202bigf2db767c', 'race_id': 'senate-2026-NC', 'question_id': 'vh-us-202bigf2db767c:q0', 'candidate_id': None, 'candidate_name': 'Michael Dublin', 'ballot_party': None, 'caucus': None, 'raw_share': 4.0, 'undecided': None, 'other': None, 'candidate_set_version': 'race-scoped-candidate-set-v1', 'field_start': '2026-09-27', 'field_end': '2026-09-29', 'available_at': '2026-10-01', 'source_lineage': 'votehub-poll-lineage-v3', 'resolution_status': 'unresolved_fail_closed'}]",0.0,True
vh-us-202rmg809825be,vh-study-us-202rmg809825be,1,RMG Research,Alabama Policy Action,https://yellowhammernews.com/report-doug-jones-is-polling-worse-than-2020-blowout-election/,c283cd3302c789de430bb5224ac068664c9cf4d7693b6a2a2f6f1e410a18b161,2026-09-21,2026-09-25,2026-10-01,,2026-10-10T16:41:48.336232+00:00,2026-10-01,,2026-10-01,2026-09-25,senate-2026,US_SENATE,AL,senate-2026-AL,RV,800.0,,37.931,62.069,0.0,0.0,-24.138,True,include,,votehub-ingest-v3-race-scoped-candidate-level,2026-10-10T16:41:48.336232+00:00,,state-usps-v1,votehub-candidate-matchup-v3-race-scoped,generic_two_way,,,en,1.0,True,False,,senate-2026-AL:everett-wess,Everett Wess,senate-2026-AL:barry-moore,Barry Moore,senate-2026:AL:senate-2026-AL:everett-wess|senate-2026-AL:barry-moore,False,senate-2026-AL:everett-wess,Everett Wess,D,senate-2026-AL:barry-moore,Barry Moore,R,37.931,62.069,-24.138,-24.138,dem_minus_rep_two_party,,,,0.52,-0.41,2.349,C,votehub_pollster_scorecards,Everett Wess,Barry Moore,South,"[{'poll_id': 'vh-us-202rmg809825be', 'study_id': 'vh-study-us-202rmg809825be', 'race_id': 'senate-2026-AL', 'question_id': 'vh-us-202rmg809825be:q0', 'candidate_id': 'senate-2026-AL:barry-moore', 'candidate_name': 'Barry Moore', 'ballot_party': 'R', 'caucus': 'R', 'raw_share': 54.0, 'undecided': None, 'other': None, 'candidate_set_version': 'race-scoped-candidate-set-v1', 'field_start': '2026-09-21', 'field_end': '2026-09-25', 'available_at': '2026-10-01', 'source_lineage': 'votehub-poll-lineage-v3', 'resolution_status': 'race_scoped'}, {'poll_id': 'vh-us-202rmg809825be', 'study_id': 'vh-study-us-202rmg809825be', 'race_id': 'senate-2026-AL', 'question_id': 'vh-us-202rmg809825be:q0', 'candidate_id': 'senate-2026-AL:everett-wess', 'candidate_name': 'Everett Wess', 'ballot_party': 'D', 'caucus': 'D', 'raw_share': 33.0, 'undecided': None, 'other': None, 'candidate_set_version': 'race-scoped-candidate-set-v1', 'field_start': '2026-09-21', 'field_end': '2026-09-25', 'available_at': '2026-10-01', 'source_lineage': 'votehub-poll-lineage-v3', 'resolution_status': 'race_scoped'}]",0.0,True
vh-us-202fabe2bcab70,vh-study-us-202fabe2bcab70,1,"Fabrizio, Lee & Associates/Impact Research",AARP,https://www.aarp.org/pri/topics/voter-research/politics/2026-midterm-election-poll-maine/,a2f446e220496d42894b8827db95b0370bd237e060ff951aca60cb649dc0c85b,2026-09-20,2026-09-22,2026-10-02,,2026-10-10T16:41:48.336232+00:00,2026-10-02,,2026-10-02,2026-09-22,senate-2026,US_SENATE,ME,senate-2026-ME,LV,982.0,,51.546,48.454,0.0,0.0,3.093,False,include,,votehub-ingest-v3-race-scoped-candidate-level,2026-10-10T16:41:48.336232+00:00,,state-usps-v1,votehub-candidate-matchup-v3-race-scoped,generic_two_way,,,en,1.0,True,False,,senate-2026-ME:troy-jackson,Troy Jackson,senate-2026-ME:susan-collins,Susan Collins,senate-2026:ME:senate-2026-ME:troy-jackson|senate-2026-ME:susan-collins,False,senate-2026-ME:troy-jackson,Troy Jackson,D,senate-2026-ME:susan-collins,Susan Collins,R,51.546,48.454,3.093,3.093,dem_minus_rep_two_party,,,,0.55,0.0,2.2,,prior_default,Troy Jackson,Susan Collins,Northeast,"[{'poll_id': 'vh-us-202fabe2bcab70', 'study_id': 'vh-study-us-202fabe2bcab70', 'race_id': 'senate-2026-ME', 'question_id': 'vh-us-202fabe2bcab70:q0', 'candidate_id': 'senate-2026-ME:troy-jackson', 'candidate_name': 'Troy Jackson', 'ballot_party': 'D', 'caucus': 'D', 'raw_share': 50.0, 'undecided': None, 'other': None, 'candidate_set_version': 'race-scoped-candidate-set-v1', 'field_start': '2026-09-20', 'field_end': '2026-09-22', 'available_at': '2026-10-02', 'source_lineage': 'votehub-poll-lineage-v3', 'resolution_status': 'race_scoped'}, {'poll_id': 'vh-us-202fabe2bcab70', 'study_id': 'vh-study-us-202fabe2bcab70', 'race_id': 'senate-2026-ME', 'question_id': 'vh-us-202fabe2bcab70:q0', 'candidate_id': 'senate-2026-ME:susan-collins', 'candidate_name': 'Susan Collins', 'ballot_party': 'R', 'caucus': 'R', 'raw_share': 47.0, 'undecided': None, 'other': None, 'candidate_set_version': 'race-scoped-candidate-set-v1', 'field_start': '2026-09-20', 'field_end': '2026-09-22', 'available_at': '2026-10-02', 'source_lineage': 'votehub-poll-lineage-v3', 'resolution_status': 'race_scoped'}]",0.0,True
vh-us-202insea9816ae,vh-study-us-202insea9816ae,1,InsiderAdvantage,none,https://insideradvantage.com/insideradvantage-ohio-senate-race-narrows-to-brown-up-by-one,9761871f70730f285fbe4ae0514fba8ec1c7d3af29ccaf2912c8b7f7b6bb381f,2026-09-28,2026-09-29,2026-10-02,,2026-10-10T16:41:48.336232+00:00,2026-10-02,,2026-10-02,2026-09-29,senate-2026,US_SENATE,OH,senate-2026-OH,LV,1200.0,,50.575,49.425,0.0,6.0,1.149,False,include,,votehub-ingest-v3-race-scoped-candidate-level,2026-10-10T16:41:48.336232+00:00,,state-usps-v1,votehub-candidate-matchup-v3-race-scoped,generic_two_way,,,en,1.0,True,True,,senate-2026-OH:sherrod-brown,Sherrod Brown,senate-2026-OH:jon-husted,Jon Husted,senate-2026:OH:senate-2026-OH:sherrod-brown|senate-2026-OH:jon-husted,False,senate-2026-OH:sherrod-brown,Sherrod Brown,D,senate-2026-OH:jon-husted,Jon Husted,R,50.575,49.425,1.149,1.149,dem_minus_rep_two_party,,,,0.88,-0.62,2.129,A,votehub_pollster_scorecards,Sherrod Brown,Jon Husted,Midwest,"[{'poll_id': 'vh-us-202insea9816ae', 'study_id': 'vh-study-us-202insea9816ae', 'race_id': 'senate-2026-OH', 'question_id': 'vh-us-202insea9816ae:q0', 'candidate_id': 'senate-2026-OH:sherrod-brown', 'candidate_name': 'Sherrod Brown', 'ballot_party': 'D', 'caucus': 'D', 'raw_share': 44.0, 'undecided': None, 'other': None, 'candidate_set_version': 'race-scoped-candidate-set-v1', 'field_start': '2026-09-28', 'field_end': '2026-09-29', 'available_at': '2026-10-02', 'source_lineage': 'votehub-poll-lineage-v3', 'resolution_status': 'race_scoped'}, {'poll_id': 'vh-us-202insea9816ae', 'study_id': 'vh-study-us-202insea9816ae', 'race_id': 'senate-2026-OH', 'question_id': 'vh-us-202insea9816ae:q0', 'candidate_id': 'senate-2026-OH:jon-husted', 'candidate_name': 'Jon Husted', 'ballot_party': 'R', 'caucus': 'R', 'raw_share': 43.0, 'undecided': None, 'other': None, 'candidate_set_version': 'race-scoped-candidate-set-v1', 'field_start': '2026-09-28', 'field_end': '2026-09-29', 'available_at': '2026-10-02', 'source_lineage': 'votehub-poll-lineage-v3', 'resolution_status': 'race_scoped'}, {'poll_id': 'vh-us-202insea9816ae', 'study_id': 'vh-study-us-202insea9816ae', 'race_id': 'senate-2026-OH', 'question_id': 'vh-us-202insea9816ae:q0', 'candidate_id': None, 'candidate_name': 'Bill Redpath', 'ballot_party': None, 'caucus': None, 'raw_share': 4.0, 'undecided': None, 'other': None, 'candidate_set_version': 'race-scoped-candidate-set-v1', 'field_start': '2026-09-28', 'field_end': '2026-09-29', 'available_at': '2026-10-02', 'source_lineage': 'votehub-poll-lineage-v3', 'resolution_status': 'unresolved_fail_closed'}, {'poll_id': 'vh-us-202insea9816ae', 'study_id': 'vh-study-us-202insea9816ae', 'race_id': 'senate-2026-OH', 'question_id': 'vh-us-202insea9816ae:q0', 'candidate_id': None, 'candidate_name': 'Greg Levy', 'ballot_party': None, 'caucus': None, 'raw_share': 2.0, 'undecided': None, 'other': None, 'candidate_set_version': 'race-scoped-candidate-set-v1', 'field_start': '2026-09-28', 'field_end': '2026-09-29', 'available_at': '2026-10-02', 'source_lineage': 'votehub-poll-lineage-v3', 'resolution_status': 'unresolved_fail_closed'}]",0.0,True
vh-us-202wedfe4427b1,vh-study-us-202wedfe4427b1,1,Wedgewood Polls,none,https://drive.google.com/file/d/1sycfLKEWvUxaW7oNYTdih5DzlXlcmtXC/view,ca036c376edd2ddb02290ca2c6ac4088508cee8863797342dfdbe78f7bf2f592,2026-09-27,2026-10-01,2026-10-02,,2026-10-10T16:41:48.336232+00:00,2026-10-02,,2026-10-02,2026-10-01,senate-2026,US_SENATE,ME,senate-2026-ME,LV,400.0,,52.0,48.0,0.0,0.0,4.0,False,include,,votehub-ingest-v3-race-scoped-candidate-level,2026-10-10T16:41:48.336232+00:00,,state-usps-v1,votehub-candidate-matchup-v3-race-scoped,generic_two_way,,,en,1.0,True,False,,senate-2026-ME:troy-jackson,Troy Jackson,senate-2026-ME:susan-collins,Susan Collins,senate-2026:ME:senate-2026-ME:troy-jackson|senate-2026-ME:susan-collins,False,senate-2026-ME:troy-jackson,Troy Jackson,D,senate-2026-ME:susan-collins,Susan Collins,R,52.0,48.0,4.0,4.0,dem_minus_rep_two_party,,,,0.55,0.0,2.2,,prior_default,Troy Jackson,Susan Collins,Northeast,"[{'poll_id': 'vh-us-202wedfe4427b1', 'study_id': 'vh-study-us-202wedfe4427b1', 'race_id': 'senate-2026-ME', 'question_id': 'vh-us-202wedfe4427b1:q0', 'candidate_id': 'senate-2026-ME:troy-jackson', 'candidate_name': 'Troy Jackson', 'ballot_party': 'D', 'caucus': 'D', 'raw_share': 52.0, 'undecided': None, 'other': None, 'candidate_set_version': 'race-scoped-candidate-set-v1', 'field_start': '2026-09-27', 'field_end': '2026-10-01', 'available_at': '2026-10-02', 'source_lineage': 'votehub-poll-lineage-v3', 'resolution_status': 'race_scoped'}, {'poll_id': 'vh-us-202wedfe4427b1', 'study_id': 'vh-study-us-202wedfe4427b1', 'race_id': 'senate-2026-ME', 'question_id': 'vh-us-202wedfe4427b1:q0', 'candidate_id': 'senate-2026-ME:susan-collins', 'candidate_name': 'Susan Collins', 'ballot_party': 'R', 'caucus': 'R', 'raw_share': 48.0, 'undecided': None, 'other': None, 'candidate_set_version': 'race-scoped-candidate-set-v1', 'field_start': '2026-09-27', 'field_end': '2026-10-01', 'available_at': '2026-10-02', 'source_lineage': 'votehub-poll-lineage-v3', 'resolution_status': 'race_scoped'}]",0.0,True
vh-us-202beaadb6c4f9,vh-study-us-202beaadb6c4f9,1,Beacon-Shaw,Fox News,https://www.foxnews.com/politics/fox-news-poll-turek-hinson-close-iowa-senate-race,16b0685d4fa1aad587b00f22c2fda514bb9243608e2d6daf11c08ce08e01a48c,2026-09-24,2026-09-28,2026-10-02,,2026-10-10T16:41:48.336232+00:00,2026-10-02,,2026-10-02,2026-09-28,senate-2026,US_SENATE,IA,senate-2026-IA,LV,1008.0,,51.042,48.958,0.0,0.0,2.083,False,include,,votehub-ingest-v3-race-scoped-candidate-level,2026-10-10T16:41:48.336232+00:00,,state-usps-v1,votehub-candidate-matchup-v3-race-scoped,generic_two_way,,,en,1.0,True,False,,senate-2026-IA:josh-turek,Josh Turek,senate-2026-IA:ashley-hinson,Ashley Hinson,senate-2026:IA:senate-2026-IA:josh-turek|senate-2026-IA:ashley-hinson,False,senate-2026-IA:josh-turek,Josh Turek,D,senate-2026-IA:ashley-hinson,Ashley Hinson,R,51.042,48.958,2.083,2.083,dem_minus_rep_two_party,,,,0.88,0.62,2.0410000000000004,A,votehub_pollster_scorecards,Josh Turek,Ashley Hinson,Midwest,"[{'poll_id': 'vh-us-202beaadb6c4f9', 'study_id': 'vh-study-us-202beaadb6c4f9', 'race_id': 'senate-2026-IA', 'question_id': 'vh-us-202beaadb6c4f9:q0', 'candidate_id': 'senate-2026-IA:ashley-hinson', 'candidate_name': 'Ashley Hinson', 'ballot_party': 'R', 'caucus': 'R', 'raw_share': 47.0, 'undecided': None, 'other': None, 'candidate_set_version': 'race-scoped-candidate-set-v1', 'field_start': '2026-09-24', 'field_end': '2026-09-28', 'available_at': '2026-10-02', 'source_lineage': 'votehub-poll-lineage-v3', 'resolution_status': 'race_scoped'}, {'poll_id': 'vh-us-202beaadb6c4f9', 'study_id': 'vh-study-us-202beaadb6c4f9', 'race_id': 'senate-2026-IA', 'question_id': 'vh-us-202beaadb6c4f9:q0', 'candidate_id': 'senate-2026-IA:josh-turek', 'candidate_name': 'Josh Turek', 'ballot_party': 'D', 'caucus': 'D', 'raw_share': 49.0, 'undecided': None, 'other': None, 'candidate_set_version': 'race-scoped-candidate-set-v1', 'field_start': '2026-09-24', 'field_end': '2026-09-28', 'available_at': '2026-10-02', 'source_lineage': 'votehub-poll-lineage-v3', 'resolution_status': 'race_scoped'}]",0.0,True
vh-us-202tra046dabbf,vh-study-us-202tra046dabbf,1,Trafalgar Group,none,https://www.thetrafalgargroup.org/news/mi-senate-general-1001/,6c271834fbaf9f9c494e3bd06a1798c41f343400b7ca3848bb48ee63be685d9d,2026-09-28,2026-09-30,2026-10-02,,2026-10-10T16:41:48.336232+00:00,2026-10-02,,2026-10-02,2026-09-30,senate-2026,US_SENATE,MI,senate-2026-MI,LV,1085.0,,51.087,48.913,0.0,3.0,2.174,True,include,,votehub-ingest-v3-race-scoped-candidate-level,2026-10-10T16:41:48.336232+00:00,,state-usps-v1,votehub-candidate-matchup-v3-race-scoped,generic_two_way,,,en,1.0,True,True,,senate-2026-MI:abdul-el-sayed,Abdul El-Sayed,senate-2026-MI:mike-rogers,Mike Rogers,senate-2026:MI:senate-2026-MI:abdul-el-sayed|senate-2026-MI:mike-rogers,False,senate-2026-MI:abdul-el-sayed,Abdul El-Sayed,D,senate-2026-MI:mike-rogers,Mike Rogers,R,51.087,48.913,2.174,2.174,dem_minus_rep_two_party,,,,0.32,-1.38,2.701,D,votehub_pollster_scorecards,Abdul El-Sayed,Mike Rogers,Midwest,"[{'poll_id': 'vh-us-202tra046dabbf', 'study_id': 'vh-study-us-202tra046dabbf', 'race_id': 'senate-2026-MI', 'question_id': 'vh-us-202tra046dabbf:q0', 'candidate_id': 'senate-2026-MI:abdul-el-sayed', 'candidate_name': 'Abdul El-Sayed', 'ballot_party': 'D', 'caucus': 'D', 'raw_share': 47.0, 'undecided': None, 'other': None, 'candidate_set_version': 'race-scoped-candidate-set-v1', 'field_start': '2026-09-28', 'field_end': '2026-09-30', 'available_at': '2026-10-02', 'source_lineage': 'votehub-poll-lineage-v3', 'resolution_status': 'race_scoped'}, {'poll_id': 'vh-us-202tra046dabbf', 'study_id': 'vh-study-us-202tra046dabbf', 'race_id': 'senate-2026-MI', 'question_id': 'vh-us-202tra046dabbf:q0', 'candidate_id': 'senate-2026-MI:mike-rogers', 'candidate_name': 'Mike Rogers', 'ballot_party': 'R', 'caucus': 'R', 'raw_share': 45.0, 'undecided': None, 'other': None, 'candidate_set_version': 'race-scoped-candidate-set-v1', 'field_start': '2026-09-28', 'field_end': '2026-09-30', 'available_at': '2026-10-02', 'source_lineage': 'votehub-poll-lineage-v3', 'resolution_status': 'race_scoped'}, {'poll_id': 'vh-us-202tra046dabbf', 'study_id': 'vh-study-us-202tra046dabbf', 'race_id': 'senate-2026-MI', 'question_id': 'vh-us-202tra046dabbf:q0', 'candidate_id': None, 'candidate_name': 'Lydia Christensen', 'ballot_party': None, 'caucus': None, 'raw_share': 2.0, 'undecided': None, 'other': None, 'candidate_set_version': 'race-scoped-candidate-set-v1', 'field_start': '2026-09-28', 'field_end': '2026-09-30', 'available_at': '2026-10-02', 'source_lineage': 'votehub-poll-lineage-v3', 'resolution_status': 'unresolved_fail_closed'}, {'poll_id': 'vh-us-202tra046dabbf', 'study_id': 'vh-study-us-202tra046dabbf', 'race_id': 'senate-2026-MI', 'question_id': 'vh-us-202tra046dabbf:q0', 'candidate_id': None, 'candidate_name': 'Tim Long', 'ballot_party': None, 'caucus': None, 'raw_share': 1.0, 'undecided': None, 'other': None, 'candidate_set_version': 'race-scoped-candidate-set-v1', 'field_start': '2026-09-28', 'field_end': '2026-09-30', 'available_at': '2026-10-02', 'source_lineage': 'votehub-poll-lineage-v3', 'resolution_status': 'unresolved_fail_closed'}, {'poll_id': 'vh-us-202tra046dabbf', 'study_id': 'vh-study-us-202tra046dabbf', 'race_id': 'senate-2026-MI', 'question_id': 'vh-us-202tra046dabbf:q0', 'candidate_id': None, 'candidate_name': 'Douglas P. Marsh', 'ballot_party': None, 'caucus': None, 'raw_share': 0.0, 'undecided': None, 'other': None, 'candidate_set_version': 'race-scoped-candidate-set-v1', 'field_start': '2026-09-28', 'field_end': '2026-09-30', 'available_at': '2026-10-02', 'source_lineage': 'votehub-poll-lineage-v3', 'resolution_status': 'unresolved_fail_closed'}, {'poll_id': 'vh-us-202tra046dabbf', 'study_id': 'vh-study-us-202tra046dabbf', 'race_id': 'senate-2026-MI', 'question_id': 'vh-us-202tra046dabbf:q0', 'candidate_id': None, 'candidate_name': 'Walter P. Kristy', 'ballot_party': None, 'caucus': None, 'raw_share': 0.0, 'undecided': None, 'other': None, 'candidate_set_version': 'race-scoped-candidate-set-v1', 'field_start': '2026-09-28', 'field_end': '2026-09-30', 'available_at': '2026-10-02', 'source_lineage': 'votehub-poll-lineage-v3', 'resolution_status': 'unresolved_fail_closed'}]",0.0,True
vh-us-202beab9600d9b,vh-study-us-202beab9600d9b,1,Beacon-Shaw,Fox News,https://www.foxnews.com/politics/fox-news-poll-its-lone-star-senate-showdown-between-talarico-paxton,7506b99f55e858630a165cee056a7485214ca5f82f3ee349bfabb4369424d8e5,2026-09-24,2026-09-28,2026-10-02,,2026-10-10T16:41:48.336232+00:00,2026-10-02,,2026-10-02,2026-09-28,senate-2026,US_SENATE,TX,senate-2026-TX,LV,881.0,,51.0,49.0,0.0,0.0,2.0,False,include,,votehub-ingest-v3-race-scoped-candidate-level,2026-10-10T16:41:48.336232+00:00,,state-usps-v1,votehub-candidate-matchup-v3-race-scoped,generic_two_way,,,en,1.0,True,False,,senate-2026-TX:james-talarico,James Talarico,senate-2026-TX:ken-paxton,Ken Paxton,senate-2026:TX:senate-2026-TX:james-talarico|senate-2026-TX:ken-paxton,False,senate-2026-TX:james-talarico,James Talarico,D,senate-2026-TX:ken-paxton,Ken Paxton,R,51.0,49.0,2.0,2.0,dem_minus_rep_two_party,,,,0.88,0.62,2.0410000000000004,A,votehub_pollster_scorecards,James Talarico,Ken Paxton,South,"[{'poll_id': 'vh-us-202beab9600d9b', 'study_id': 'vh-study-us-202beab9600d9b', 'race_id': 'senate-2026-TX', 'question_id': 'vh-us-202beab9600d9b:q0', 'candidate_id': 'senate-2026-TX:james-talarico', 'candidate_name': 'James Talarico', 'ballot_party': 'D', 'caucus': 'D', 'raw_share': 51.0, 'undecided': None, 'other': None, 'candidate_set_version': 'race-scoped-candidate-set-v1', 'field_start': '2026-09-24', 'field_end': '2026-09-28', 'available_at': '2026-10-02', 'source_lineage': 'votehub-poll-lineage-v3', 'resolution_status': 'race_scoped'}, {'poll_id': 'vh-us-202beab9600d9b', 'study_id': 'vh-study-us-202beab9600d9b', 'race_id': 'senate-2026-TX', 'question_id': 'vh-us-202beab9600d9b:q0', 'candidate_id': 'senate-2026-TX:ken-paxton', 'candidate_name': 'Ken Paxton', 'ballot_party': 'R', 'caucus': 'R', 'raw_share': 49.0, 'undecided': None, 'other': None, 'candidate_set_version': 'race-scoped-candidate-set-v1', 'field_start': '2026-09-24', 'field_end': '2026-09-28', 'available_at': '2026-10-02', 'source_lineage': 'votehub-poll-lineage-v3', 'resolution_status': 'race_scoped'}]",0.0,True
vh-us-202ins4236730d,vh-study-us-202ins4236730d,1,InsiderAdvantage,none,https://insideradvantage.com/insideradvantage-south-carolina-senate-graham-leads-by-one-point/,0cd25ced49ce0ff26692a566ac53746baec7195514f8e09ae8190981941acefb,2026-09-28,2026-09-29,2026-10-02,,2026-10-10T16:41:48.336232+00:00,2026-10-02,,2026-10-02,2026-09-29,senate-2026,US_SENATE,SC,senate-2026-SC,LV,1200.0,,49.451,50.549,0.0,5.0,-1.099,False,include,,votehub-ingest-v3-race-scoped-candidate-level,2026-10-10T16:41:48.336232+00:00,,state-usps-v1,votehub-candidate-matchup-v3-race-scoped,generic_two_way,,,en,1.0,True,True,,senate-2026-SC:annie-andrews,Annie Andrews,senate-2026-SC:darline-graham,Darline Graham,senate-2026:SC:senate-2026-SC:annie-andrews|senate-2026-SC:darline-graham,False,senate-2026-SC:annie-andrews,Annie Andrews,D,senate-2026-SC:darline-graham,Darline Graham,R,49.451,50.549,-1.099,-1.099,dem_minus_rep_two_party,,,,0.88,-0.62,2.129,A,votehub_pollster_scorecards,Annie Andrews,Darline Graham,South,"[{'poll_id': 'vh-us-202ins4236730d', 'study_id': 'vh-study-us-202ins4236730d', 'race_id': 'senate-2026-SC', 'question_id': 'vh-us-202ins4236730d:q0', 'candidate_id': 'senate-2026-SC:darline-graham', 'candidate_name': 'Darline Graham', 'ballot_party': 'R', 'caucus': 'R', 'raw_share': 46.0, 'undecided': None, 'other': None, 'candidate_set_version': 'race-scoped-candidate-set-v1', 'field_start': '2026-09-28', 'field_end': '2026-09-29', 'available_at': '2026-10-02', 'source_lineage': 'votehub-poll-lineage-v3', 'resolution_status': 'race_scoped'}, {'poll_id': 'vh-us-202ins4236730d', 'study_id': 'vh-study-us-202ins4236730d', 'race_id': 'senate-2026-SC', 'question_id': 'vh-us-202ins4236730d:q0', 'candidate_id': 'senate-2026-SC:annie-andrews', 'candidate_name': 'Annie Andrews', 'ballot_party': 'D', 'caucus': 'D', 'raw_share': 45.0, 'undecided': None, 'other': None, 'candidate_set_version': 'race-scoped-candidate-set-v1', 'field_start': '2026-09-28', 'field_end': '2026-09-29', 'available_at': '2026-10-02', 'source_lineage': 'votehub-poll-lineage-v3', 'resolution_status': 'race_scoped'}, {'poll_id': 'vh-us-202ins4236730d', 'study_id': 'vh-study-us-202ins4236730d', 'race_id': 'senate-2026-SC', 'question_id': 'vh-us-202ins4236730d:q0', 'candidate_id': None, 'candidate_name': 'Kasie Whitener', 'ballot_party': None, 'caucus': None, 'raw_share': 2.0, 'undecided': None, 'other': None, 'candidate_set_version': 'race-scoped-candidate-set-v1', 'field_start': '2026-09-28', 'field_end': '2026-09-29', 'available_at': '2026-10-02', 'source_lineage': 'votehub-poll-lineage-v3', 'resolution_status': 'unresolved_fail_closed'}, {'poll_id': 'vh-us-202ins4236730d', 'study_id': 'vh-study-us-202ins4236730d', 'race_id': 'senate-2026-SC', 'question_id': 'vh-us-202ins4236730d:q0', 'candidate_id': None, 'candidate_name': 'Mark Hackett', 'ballot_party': None, 'caucus': None, 'raw_share': 3.0, 'undecided': None, 'other': None, 'candidate_set_version': 'race-scoped-candidate-set-v1', 'field_start': '2026-09-28', 'field_end': '2026-09-29', 'available_at': '2026-10-02', 'source_lineage': 'votehub-poll-lineage-v3', 'resolution_status': 'unresolved_fail_closed'}]",0.0,True
vh-us-202qua198b0338,vh-study-us-202qua198b0338,1,Quantus Insights,none,https://quantusinsights.org/polling/f/quantus-insights-survey-sullivan-peltola-deadlocked-in-alaska,97e92c7485c3c8fd299dd1f90a2b63cad847b5450efca760012d3974e73ba781,2026-09-28,2026-09-30,2026-10-02,,2026-10-10T16:41:48.336232+00:00,2026-10-02,,2026-10-02,2026-09-30,senate-2026,US_SENATE,AK,senate-2026-AK,LV,758.0,,49.684,50.316,0.0,0.0,-0.632,False,include,,votehub-ingest-v3-race-scoped-candidate-level,2026-10-10T16:41:48.336232+00:00,,state-usps-v1,votehub-candidate-matchup-v3-race-scoped,generic_two_way,,,en,1.0,True,False,,senate-2026-AK:mary-peltola,Mary Peltola,senate-2026-AK:dan-s-sullivan,Dan Sullivan,senate-2026:AK:senate-2026-AK:mary-peltola|senate-2026-AK:dan-s-sullivan,False,senate-2026-AK:mary-peltola,Mary Peltola,D,senate-2026-AK:dan-s-sullivan,Dan Sullivan,R,49.684,50.316,-0.632,-0.632,dem_minus_rep_two_party,,,,0.72,-0.96,2.184,B,votehub_pollster_scorecards,Mary Peltola,Dan Sullivan,West,"[{'poll_id': 'vh-us-202qua198b0338', 'study_id': 'vh-study-us-202qua198b0338', 'race_id': 'senate-2026-AK', 'question_id': 'vh-us-202qua198b0338:q0', 'candidate_id': 'senate-2026-AK:mary-peltola', 'candidate_name': 'Mary Peltola', 'ballot_party': 'D', 'caucus': 'D', 'raw_share': 47.2, 'undecided': None, 'other': None, 'candidate_set_version': 'race-scoped-candidate-set-v1', 'field_start': '2026-09-28', 'field_end': '2026-09-30', 'available_at': '2026-10-02', 'source_lineage': 'votehub-poll-lineage-v3', 'resolution_status': 'race_scoped'}, {'poll_id': 'vh-us-202qua198b0338', 'study_id': 'vh-study-us-202qua198b0338', 'race_id': 'senate-2026-AK', 'question_id': 'vh-us-202qua198b0338:q0', 'candidate_id': 'senate-2026-AK:dan-s-sullivan', 'candidate_name': 'Dan Sullivan', 'ballot_party': 'R', 'caucus': 'R', 'raw_share': 47.8, 'undecided': None, 'other': None, 'candidate_set_version': 'race-scoped-candidate-set-v1', 'field_start': '2026-09-28', 'field_end': '2026-09-30', 'available_at': '2026-10-02', 'source_lineage': 'votehub-poll-lineage-v3', 'resolution_status': 'race_scoped'}]",0.0,True
vh-us-202big7e4bf32f,vh-study-us-202big7e4bf32f,1,Big Data Poll,Public Polling Project,https://www.bigdatapoll.com/blog/lone-star-state-poll-peggy-flanagan-holds-slight-lead-over-michele-tafoya-for-us-senate-in-minnesota/,6d6b0b4228585e06f7f241c0f99779e17f87304da91c1c5b00ee7efbcefbe19d,2026-09-29,2026-09-30,2026-10-02,,2026-10-10T16:41:48.336232+00:00,2026-10-02,,2026-10-02,2026-09-30,senate-2026,US_SENATE,MN,senate-2026-MN,LV,622.0,,51.111,48.889,0.0,5.0,2.222,False,include,,votehub-ingest-v3-race-scoped-candidate-level,2026-10-10T16:41:48.336232+00:00,,state-usps-v1,votehub-candidate-matchup-v3-race-scoped,generic_two_way,,,en,1.0,True,True,,senate-2026-MN:peggy-flanagan,Peggy Flanagan,senate-2026-MN:michele-tafoya,Michele Tafoya,senate-2026:MN:senate-2026-MN:peggy-flanagan|senate-2026-MN:michele-tafoya,False,senate-2026-MN:peggy-flanagan,Peggy Flanagan,D,senate-2026-MN:michele-tafoya,Michele Tafoya,R,51.111,48.889,2.222,2.222,dem_minus_rep_two_party,,,,0.3666666666666667,0.0,2.2,1.1,fivethirtyeight_pollster_ratings,Peggy Flanagan,Michele Tafoya,Midwest,"[{'poll_id': 'vh-us-202big7e4bf32f', 'study_id': 'vh-study-us-202big7e4bf32f', 'race_id': 'senate-2026-MN', 'question_id': 'vh-us-202big7e4bf32f:q0', 'candidate_id': 'senate-2026-MN:peggy-flanagan', 'candidate_name': 'Peggy Flanagan', 'ballot_party': 'D', 'caucus': 'D', 'raw_share': 46.0, 'undecided': None, 'other': None, 'candidate_set_version': 'race-scoped-candidate-set-v1', 'field_start': '2026-09-29', 'field_end': '2026-09-30', 'available_at': '2026-10-02', 'source_lineage': 'votehub-poll-lineage-v3', 'resolution_status': 'race_scoped'}, {'poll_id': 'vh-us-202big7e4bf32f', 'study_id': 'vh-study-us-202big7e4bf32f', 'race_id': 'senate-2026-MN', 'question_id': 'vh-us-202big7e4bf32f:q0', 'candidate_id': 'senate-2026-MN:michele-tafoya', 'candidate_name': 'Michele Tafoya', 'ballot_party': 'R', 'caucus': 'R', 'raw_share': 44.0, 'undecided': None, 'other': None, 'candidate_set_version': 'race-scoped-candidate-set-v1', 'field_start': '2026-09-29', 'field_end': '2026-09-30', 'available_at': '2026-10-02', 'source_lineage': 'votehub-poll-lineage-v3', 'resolution_status': 'race_scoped'}, {'poll_id': 'vh-us-202big7e4bf32f', 'study_id': 'vh-study-us-202big7e4bf32f', 'race_id': 'senate-2026-MN', 'question_id': 'vh-us-202big7e4bf32f:q0', 'candidate_id': None, 'candidate_name': 'Rebecca Whiting', 'ballot_party': None, 'caucus': None, 'raw_share': 5.0, 'undecided': None, 'other': None, 'candidate_set_version': 'race-scoped-candidate-set-v1', 'field_start': '2026-09-29', 'field_end': '2026-09-30', 'available_at': '2026-10-02', 'source_lineage': 'votehub-poll-lineage-v3', 'resolution_status': 'unresolved_fail_closed'}]",0.0,True
vh-us-202wed7f897488,vh-study-us-202wed7f897488,1,Wedgewood Polls,none,https://drive.google.com/file/d/1ztqd_FYClBh1OknXwKOqi6zJXxECcqDK/view?usp=sharing,3bf408448a365be5f9532d7c4d9c865dc00795ff5505785a9b30926d868d22fc,2026-10-02,2026-10-03,2026-10-04,,2026-10-10T16:41:48.336232+00:00,2026-10-04,,2026-10-04,2026-10-03,senate-2026,US_SENATE,GA,senate-2026-GA,LV,600.0,,55.0,45.0,0.0,0.0,10.0,False,include,,votehub-ingest-v3-race-scoped-candidate-level,2026-10-10T16:41:48.336232+00:00,,state-usps-v1,votehub-candidate-matchup-v3-race-scoped,generic_two_way,,,en,1.0,True,False,,senate-2026-GA:jon-ossoff,Jon Ossoff,senate-2026-GA:mike-collins,Mike Collins,senate-2026:GA:senate-2026-GA:jon-ossoff|senate-2026-GA:mike-collins,False,senate-2026-GA:jon-ossoff,Jon Ossoff,D,senate-2026-GA:mike-collins,Mike Collins,R,55.0,45.0,10.0,10.0,dem_minus_rep_two_party,,,,0.55,0.0,2.2,,prior_default,Jon Ossoff,Mike Collins,South,"[{'poll_id': 'vh-us-202wed7f897488', 'study_id': 'vh-study-us-202wed7f897488', 'race_id': 'senate-2026-GA', 'question_id': 'vh-us-202wed7f897488:q0', 'candidate_id': 'senate-2026-GA:jon-ossoff', 'candidate_name': 'Jon Ossoff', 'ballot_party': 'D', 'caucus': 'D', 'raw_share': 55.0, 'undecided': None, 'other': None, 'candidate_set_version': 'race-scoped-candidate-set-v1', 'field_start': '2026-10-02', 'field_end': '2026-10-03', 'available_at': '2026-10-04', 'source_lineage': 'votehub-poll-lineage-v3', 'resolution_status': 'race_scoped'}, {'poll_id': 'vh-us-202wed7f897488', 'study_id': 'vh-study-us-202wed7f897488', 'race_id': 'senate-2026-GA', 'question_id': 'vh-us-202wed7f897488:q0', 'candidate_id': 'senate-2026-GA:mike-collins', 'candidate_name': 'Mike Collins', 'ballot_party': 'R', 'caucus': 'R', 'raw_share': 45.0, 'undecided': None, 'other': None, 'candidate_set_version': 'race-scoped-candidate-set-v1', 'field_start': '2026-10-02', 'field_end': '2026-10-03', 'available_at': '2026-10-04', 'source_lineage': 'votehub-poll-lineage-v3', 'resolution_status': 'race_scoped'}]",0.0,True
vh-us-202mit7960c973,vh-study-us-202mit7960c973,1,Mitchell Research & Communications,none,https://wwmt.com/news/michigan-politics/mitchell-poll-michigan-us-senate-election-abdul-el-sayed-mike-rogers-politics-government-vote-polls-state,70e12bf310eb063f727a81277d0e50e19e2fd7c1990211195d5cbec52c89a90e,2026-10-01,2026-10-01,2026-10-06,,2026-10-10T16:41:48.336232+00:00,2026-10-06,,2026-10-06,2026-10-01,senate-2026,US_SENATE,MI,senate-2026-MI,LV,682.0,,52.874,47.126,0.0,7.0,5.747,False,include,,votehub-ingest-v3-race-scoped-candidate-level,2026-10-10T16:41:48.336232+00:00,,state-usps-v1,votehub-candidate-matchup-v3-race-scoped,generic_two_way,,,en,1.0,True,True,,senate-2026-MI:abdul-el-sayed,Abdul El-Sayed,senate-2026-MI:mike-rogers,Mike Rogers,senate-2026:MI:senate-2026-MI:abdul-el-sayed|senate-2026-MI:mike-rogers,False,senate-2026-MI:abdul-el-sayed,Abdul El-Sayed,D,senate-2026-MI:mike-rogers,Mike Rogers,R,52.874,47.126,5.747,5.747,dem_minus_rep_two_party,,,,0.7999999999999999,0.0,1.0,2.4,fivethirtyeight_pollster_ratings,Abdul El-Sayed,Mike Rogers,Midwest,"[{'poll_id': 'vh-us-202mit7960c973', 'study_id': 'vh-study-us-202mit7960c973', 'race_id': 'senate-2026-MI', 'question_id': 'vh-us-202mit7960c973:q0', 'candidate_id': 'senate-2026-MI:abdul-el-sayed', 'candidate_name': 'Abdul El-Sayed', 'ballot_party': 'D', 'caucus': 'D', 'raw_share': 46.0, 'undecided': None, 'other': None, 'candidate_set_version': 'race-scoped-candidate-set-v1', 'field_start': '2026-10-01', 'field_end': '2026-10-01', 'available_at': '2026-10-06', 'source_lineage': 'votehub-poll-lineage-v3', 'resolution_status': 'race_scoped'}, {'poll_id': 'vh-us-202mit7960c973', 'study_id': 'vh-study-us-202mit7960c973', 'race_id': 'senate-2026-MI', 'question_id': 'vh-us-202mit7960c973:q0', 'candidate_id': 'senate-2026-MI:mike-rogers', 'candidate_name': 'Mike Rogers', 'ballot_party': 'R', 'caucus': 'R', 'raw_share': 41.0, 'undecided': None, 'other': None, 'candidate_set_version': 'race-scoped-candidate-set-v1', 'field_start': '2026-10-01', 'field_end': '2026-10-01', 'available_at': '2026-10-06', 'source_lineage': 'votehub-poll-lineage-v3', 'resolution_status': 'race_scoped'}, {'poll_id': 'vh-us-202mit7960c973', 'study_id': 'vh-study-us-202mit7960c973', 'race_id': 'senate-2026-MI', 'question_id': 'vh-us-202mit7960c973:q0', 'candidate_id': None, 'candidate_name': 'Lydia Christensen', 'ballot_party': None, 'caucus': None, 'raw_share': 3.0, 'undecided': None, 'other': None, 'candidate_set_version': 'race-scoped-candidate-set-v1', 'field_start': '2026-10-01', 'field_end': '2026-10-01', 'available_at': '2026-10-06', 'source_lineage': 'votehub-poll-lineage-v3', 'resolution_status': 'unresolved_fail_closed'}, {'poll_id': 'vh-us-202mit7960c973', 'study_id': 'vh-study-us-202mit7960c973', 'race_id': 'senate-2026-MI', 'question_id': 'vh-us-202mit7960c973:q0', 'candidate_id': None, 'candidate_name': 'Tim Long', 'ballot_party': None, 'caucus': None, 'raw_share': 1.0, 'undecided': None, 'other': None, 'candidate_set_version': 'race-scoped-candidate-set-v1', 'field_start': '2026-10-01', 'field_end': '2026-10-01', 'available_at': '2026-10-06', 'source_lineage': 'votehub-poll-lineage-v3', 'resolution_status': 'unresolved_fail_closed'}, {'poll_id': 'vh-us-202mit7960c973', 'study_id': 'vh-study-us-202mit7960c973', 'race_id': 'senate-2026-MI', 'question_id': 'vh-us-202mit7960c973:q0', 'candidate_id': None, 'candidate_name': 'Douglas P. Marsh', 'ballot_party': None, 'caucus': None, 'raw_share': 1.0, 'undecided': None, 'other': None, 'candidate_set_version': 'race-scoped-candidate-set-v1', 'field_start': '2026-10-01', 'field_end': '2026-10-01', 'available_at': '2026-10-06', 'source_lineage': 'votehub-poll-lineage-v3', 'resolution_status': 'unresolved_fail_closed'}, {'poll_id': 'vh-us-202mit7960c973', 'study_id': 'vh-study-us-202mit7960c973', 'race_id': 'senate-2026-MI', 'question_id': 'vh-us-202mit7960c973:q0', 'candidate_id': None, 'candidate_name': 'Walter P. Kristy', 'ballot_party': None, 'caucus': None, 'raw_share': 2.0, 'undecided': None, 'other': None, 'candidate_set_version': 'race-scoped-candidate-set-v1', 'field_start': '2026-10-01', 'field_end': '2026-10-01', 'available_at': '2026-10-06', 'source_lineage': 'votehub-poll-lineage-v3', 'resolution_status': 'unresolved_fail_closed'}]",0.0,True
vh-us-202surae0ec3b2,vh-study-us-202surae0ec3b2,1,SurveyUSA,KOB-TV (Albuquerque),https://results.surveyusa.com/client/PollReport.aspx?g=6e6ded19-6ad8-4379-8fa9-6a15dfa99052,b2417185625b82862afc34655300f0b1f900b599c1ae7b1e47b467c4e79e4e30,2026-09-25,2026-09-30,2026-10-06,,2026-10-10T16:41:48.336232+00:00,2026-10-06,,2026-10-06,2026-09-30,senate-2026,US_SENATE,NM,senate-2026-NM,LV,576.0,,60.0,40.0,0.0,0.0,20.0,False,include,,votehub-ingest-v3-race-scoped-candidate-level,2026-10-10T16:41:48.336232+00:00,,state-usps-v1,votehub-candidate-matchup-v3-race-scoped,generic_two_way,,,en,1.0,True,False,,senate-2026-NM:ben-ray-lujan,Ben Ray Luján,senate-2026-NM:larry-marker,Larry Marker,senate-2026:NM:senate-2026-NM:ben-ray-lujan|senate-2026-NM:larry-marker,False,senate-2026-NM:ben-ray-lujan,Ben Ray Luján,D,senate-2026-NM:larry-marker,Larry Marker,R,60.0,40.0,20.0,20.0,dem_minus_rep_two_party,,,,0.32,2.29,2.5690000000000004,D,votehub_pollster_scorecards,Ben Ray Luján,Larry Marker,West,"[{'poll_id': 'vh-us-202surae0ec3b2', 'study_id': 'vh-study-us-202surae0ec3b2', 'race_id': 'senate-2026-NM', 'question_id': 'vh-us-202surae0ec3b2:q0', 'candidate_id': 'senate-2026-NM:ben-ray-lujan', 'candidate_name': 'Ben Ray Luján', 'ballot_party': 'D', 'caucus': 'D', 'raw_share': 54.0, 'undecided': None, 'other': None, 'candidate_set_version': 'race-scoped-candidate-set-v1', 'field_start': '2026-09-25', 'field_end': '2026-09-30', 'available_at': '2026-10-06', 'source_lineage': 'votehub-poll-lineage-v3', 'resolution_status': 'race_scoped'}, {'poll_id': 'vh-us-202surae0ec3b2', 'study_id': 'vh-study-us-202surae0ec3b2', 'race_id': 'senate-2026-NM', 'question_id': 'vh-us-202surae0ec3b2:q0', 'candidate_id': 'senate-2026-NM:larry-marker', 'candidate_name': 'Larry Marker', 'ballot_party': 'R', 'caucus': 'R', 'raw_share': 36.0, 'undecided': None, 'other': None, 'candidate_set_version': 'race-scoped-candidate-set-v1', 'field_start': '2026-09-25', 'field_end': '2026-09-30', 'available_at': '2026-10-06', 'source_lineage': 'votehub-poll-lineage-v3', 'resolution_status': 'race_scoped'}]",0.0,True
vh-us-202pub12c802d5,vh-study-us-202pub12c802d5,1,Public Policy Polling,Chicago News Weekly,https://www.cnwmedia.com/article/cnw-poll-pritzker-leads-bailey-by-20-points-democrats-ahead-in-four-other-statewide-races,9bb657e0c06e4d42582c96890ac42b79aeae5730b7a3e517c7750d7be782d0d5,2026-09-30,2026-10-01,2026-10-06,,2026-10-10T16:41:48.336232+00:00,2026-10-06,,2026-10-06,2026-10-01,senate-2026,US_SENATE,IL,senate-2026-IL,LV,569.0,,57.647,42.353,0.0,0.0,15.294,True,include,,votehub-ingest-v3-race-scoped-candidate-level,2026-10-10T16:41:48.336232+00:00,,state-usps-v1,votehub-candidate-matchup-v3-race-scoped,generic_two_way,,,en,1.0,True,False,,senate-2026-IL:juliana-stratton,Juliana Stratton,senate-2026-IL:don-tracy,Don Tracy,senate-2026:IL:senate-2026-IL:juliana-stratton|senate-2026-IL:don-tracy,False,senate-2026-IL:juliana-stratton,Juliana Stratton,D,senate-2026-IL:don-tracy,Don Tracy,R,57.647,42.353,15.294,15.294,dem_minus_rep_two_party,,,,0.4666666666666666,0.0,1.0,1.4,fivethirtyeight_pollster_ratings,Juliana Stratton,Don Tracy,Midwest,"[{'poll_id': 'vh-us-202pub12c802d5', 'study_id': 'vh-study-us-202pub12c802d5', 'race_id': 'senate-2026-IL', 'question_id': 'vh-us-202pub12c802d5:q0', 'candidate_id': 'senate-2026-IL:juliana-stratton', 'candidate_name': 'Juliana Stratton', 'ballot_party': 'D', 'caucus': 'D', 'raw_share': 49.0, 'undecided': None, 'other': None, 'candidate_set_version': 'race-scoped-candidate-set-v1', 'field_start': '2026-09-30', 'field_end': '2026-10-01', 'available_at': '2026-10-06', 'source_lineage': 'votehub-poll-lineage-v3', 'resolution_status': 'race_scoped'}, {'poll_id': 'vh-us-202pub12c802d5', 'study_id': 'vh-study-us-202pub12c802d5', 'race_id': 'senate-2026-IL', 'question_id': 'vh-us-202pub12c802d5:q0', 'candidate_id': 'senate-2026-IL:don-tracy', 'candidate_name': 'Don Tracy', 'ballot_party': 'R', 'caucus': 'R', 'raw_share': 36.0, 'undecided': None, 'other': None, 'candidate_set_version': 'race-scoped-candidate-set-v1', 'field_start': '2026-09-30', 'field_end': '2026-10-01', 'available_at': '2026-10-06', 'source_lineage': 'votehub-poll-lineage-v3', 'resolution_status': 'race_scoped'}]",0.0,True
vh-us-202mare89f317d,vh-study-us-202mare89f317d,1,Marist University,none,https://maristpoll.marist.edu/polls/midterm-elections-in-maine-october-2026/,1ec60878e6e14fe4d414852215c8de3317e6103c7493cc9498fef4946a833e77,2026-10-01,2026-10-04,2026-10-06,,2026-10-10T16:41:48.336232+00:00,2026-10-06,,2026-10-06,2026-10-04,senate-2026,US_SENATE,ME,senate-2026-ME,RV,1505.0,,52.041,47.959,0.0,0.0,4.082,False,include,,votehub-ingest-v3-race-scoped-candidate-level,2026-10-10T16:41:48.336232+00:00,,state-usps-v1,votehub-candidate-matchup-v3-race-scoped,generic_two_way,,,en,1.0,True,False,,senate-2026-ME:troy-jackson,Troy Jackson,senate-2026-ME:susan-collins,Susan Collins,senate-2026:ME:senate-2026-ME:troy-jackson|senate-2026-ME:susan-collins,False,senate-2026-ME:troy-jackson,Troy Jackson,D,senate-2026-ME:susan-collins,Susan Collins,R,52.041,47.959,4.082,4.082,dem_minus_rep_two_party,,,,0.55,0.0,2.2,,prior_default,Troy Jackson,Susan Collins,Northeast,"[{'poll_id': 'vh-us-202mare89f317d', 'study_id': 'vh-study-us-202mare89f317d', 'race_id': 'senate-2026-ME', 'question_id': 'vh-us-202mare89f317d:q0', 'candidate_id': 'senate-2026-ME:troy-jackson', 'candidate_name': 'Troy Jackson', 'ballot_party': 'D', 'caucus': 'D', 'raw_share': 51.0, 'undecided': None, 'other': None, 'candidate_set_version': 'race-scoped-candidate-set-v1', 'field_start': '2026-10-01', 'field_end': '2026-10-04', 'available_at': '2026-10-06', 'source_lineage': 'votehub-poll-lineage-v3', 'resolution_status': 'race_scoped'}, {'poll_id': 'vh-us-202mare89f317d', 'study_id': 'vh-study-us-202mare89f317d', 'race_id': 'senate-2026-ME', 'question_id': 'vh-us-202mare89f317d:q0', 'candidate_id': 'senate-2026-ME:susan-collins', 'candidate_name': 'Susan Collins', 'ballot_party': 'R', 'caucus': 'R', 'raw_share': 47.0, 'undecided': None, 'other': None, 'candidate_set_version': 'race-scoped-candidate-set-v1', 'field_start': '2026-10-01', 'field_end': '2026-10-04', 'available_at': '2026-10-06', 'source_lineage': 'votehub-poll-lineage-v3', 'resolution_status': 'race_scoped'}]",0.0,True
vh-us-202gui7fa4251f,vh-study-us-202gui7fa4251f,1,Guidant Polling and Strategy,Public First Action,https://x.com/burgessev/status/2107923538392776875?s=20,9e11868fdf0378dfc3071b85c0bb38ec52dd3a30e512f50b06840eebf04793a7,2026-09-20,2026-09-28,2026-10-08,,2026-10-10T16:41:48.336232+00:00,2026-10-08,,2026-10-08,2026-09-28,senate-2026,US_SENATE,TX,senate-2026-TX,LV,800.0,,51.322,48.678,0.0,4.0,2.643,False,include,,votehub-ingest-v3-race-scoped-candidate-level,2026-10-10T16:41:48.336232+00:00,,state-usps-v1,votehub-candidate-matchup-v3-race-scoped,generic_two_way,,,en,1.0,True,True,,senate-2026-TX:james-talarico,James Talarico,senate-2026-TX:ken-paxton,Ken Paxton,senate-2026:TX:senate-2026-TX:james-talarico|senate-2026-TX:ken-paxton,False,senate-2026-TX:james-talarico,James Talarico,D,senate-2026-TX:ken-paxton,Ken Paxton,R,51.322,48.678,2.643,2.643,dem_minus_rep_two_party,,,,0.55,0.0,2.2,,prior_default,James Talarico,Ken Paxton,South,"[{'poll_id': 'vh-us-202gui7fa4251f', 'study_id': 'vh-study-us-202gui7fa4251f', 'race_id': 'senate-2026-TX', 'question_id': 'vh-us-202gui7fa4251f:q0', 'candidate_id': 'senate-2026-TX:james-talarico', 'candidate_name': 'James Talarico', 'ballot_party': 'D', 'caucus': 'D', 'raw_share': 46.6, 'undecided': None, 'other': None, 'candidate_set_version': 'race-scoped-candidate-set-v1', 'field_start': '2026-09-20', 'field_end': '2026-09-28', 'available_at': '2026-10-08', 'source_lineage': 'votehub-poll-lineage-v3', 'resolution_status': 'race_scoped'}, {'poll_id': 'vh-us-202gui7fa4251f', 'study_id': 'vh-study-us-202gui7fa4251f', 'race_id': 'senate-2026-TX', 'question_id': 'vh-us-202gui7fa4251f:q0', 'candidate_id': 'senate-2026-TX:ken-paxton', 'candidate_name': 'Ken Paxton', 'ballot_party': 'R', 'caucus': 'R', 'raw_share': 44.2, 'undecided': None, 'other': None, 'candidate_set_version': 'race-scoped-candidate-set-v1', 'field_start': '2026-09-20', 'field_end': '2026-09-28', 'available_at': '2026-10-08', 'source_lineage': 'votehub-poll-lineage-v3', 'resolution_status': 'race_scoped'}, {'poll_id': 'vh-us-202gui7fa4251f', 'study_id': 'vh-study-us-202gui7fa4251f', 'race_id': 'senate-2026-TX', 'question_id': 'vh-us-202gui7fa4251f:q0', 'candidate_id': None, 'candidate_name': 'Ted Brown', 'ballot_party': None, 'caucus': None, 'raw_share': 4.0, 'undecided': None, 'other': None, 'candidate_set_version': 'race-scoped-candidate-set-v1', 'field_start': '2026-09-20', 'field_end': '2026-09-28', 'available_at': '2026-10-08', 'source_lineage': 'votehub-poll-lineage-v3', 'resolution_status': 'unresolved_fail_closed'}]",0.0,True
vh-us-202guic8eacfa2,vh-study-us-202guic8eacfa2,1,Guidant Polling and Strategy,Public First Action,https://x.com/burgessev/status/2107923538392776875?s=20,cfcf6ae230b6db61bc7563c743fa2f30ae10b2d9ee79130158141dcf4f9d9f66,2026-09-20,2026-09-27,2026-10-08,,2026-10-10T16:41:48.336232+00:00,2026-10-08,,2026-10-08,2026-09-27,senate-2026,US_SENATE,MI,senate-2026-MI,LV,800.0,,52.747,47.253,0.0,2.0,5.495,False,include,,votehub-ingest-v3-race-scoped-candidate-level,2026-10-10T16:41:48.336232+00:00,,state-usps-v1,votehub-candidate-matchup-v3-race-scoped,generic_two_way,,,en,1.0,True,True,,senate-2026-MI:abdul-el-sayed,Abdul El-Sayed,senate-2026-MI:mike-rogers,Mike Rogers,senate-2026:MI:senate-2026-MI:abdul-el-sayed|senate-2026-MI:mike-rogers,False,senate-2026-MI:abdul-el-sayed,Abdul El-Sayed,D,senate-2026-MI:mike-rogers,Mike Rogers,R,52.747,47.253,5.495,5.495,dem_minus_rep_two_party,,,,0.55,0.0,2.2,,prior_default,Abdul El-Sayed,Mike Rogers,Midwest,"[{'poll_id': 'vh-us-202guic8eacfa2', 'study_id': 'vh-study-us-202guic8eacfa2', 'race_id': 'senate-2026-MI', 'question_id': 'vh-us-202guic8eacfa2:q0', 'candidate_id': 'senate-2026-MI:abdul-el-sayed', 'candidate_name': 'Abdul El-Sayed', 'ballot_party': 'D', 'caucus': 'D', 'raw_share': 48.0, 'undecided': None, 'other': None, 'candidate_set_version': 'race-scoped-candidate-set-v1', 'field_start': '2026-09-20', 'field_end': '2026-09-27', 'available_at': '2026-10-08', 'source_lineage': 'votehub-poll-lineage-v3', 'resolution_status': 'race_scoped'}, {'poll_id': 'vh-us-202guic8eacfa2', 'study_id': 'vh-study-us-202guic8eacfa2', 'race_id': 'senate-2026-MI', 'question_id': 'vh-us-202guic8eacfa2:q0', 'candidate_id': 'senate-2026-MI:mike-rogers', 'candidate_name': 'Mike Rogers', 'ballot_party': 'R', 'caucus': 'R', 'raw_share': 43.0, 'undecided': None, 'other': None, 'candidate_set_version': 'race-scoped-candidate-set-v1', 'field_start': '2026-09-20', 'field_end': '2026-09-27', 'available_at': '2026-10-08', 'source_lineage': 'votehub-poll-lineage-v3', 'resolution_status': 'race_scoped'}, {'poll_id': 'vh-us-202guic8eacfa2', 'study_id': 'vh-study-us-202guic8eacfa2', 'race_id': 'senate-2026-MI', 'question_id': 'vh-us-202guic8eacfa2:q0', 'candidate_id': None, 'candidate_name': 'Lydia Christensen', 'ballot_party': None, 'caucus': None, 'raw_share': 1.0, 'undecided': None, 'other': None, 'candidate_set_version': 'race-scoped-candidate-set-v1', 'field_start': '2026-09-20', 'field_end': '2026-09-27', 'available_at': '2026-10-08', 'source_lineage': 'votehub-poll-lineage-v3', 'resolution_status': 'unresolved_fail_closed'}, {'poll_id': 'vh-us-202guic8eacfa2', 'study_id': 'vh-study-us-202guic8eacfa2', 'race_id': 'senate-2026-MI', 'question_id': 'vh-us-202guic8eacfa2:q0', 'candidate_id': None, 'candidate_name': 'Tim Long', 'ballot_party': None, 'caucus': None, 'raw_share': 1.0, 'undecided': None, 'other': None, 'candidate_set_version': 'race-scoped-candidate-set-v1', 'field_start': '2026-09-20', 'field_end': '2026-09-27', 'available_at': '2026-10-08', 'source_lineage': 'votehub-poll-lineage-v3', 'resolution_status': 'unresolved_fail_closed'}, {'poll_id': 'vh-us-202guic8eacfa2', 'study_id': 'vh-study-us-202guic8eacfa2', 'race_id': 'senate-2026-MI', 'question_id': 'vh-us-202guic8eacfa2:q0', 'candidate_id': None, 'candidate_name': 'Douglas P. Marsh', 'ballot_party': None, 'caucus': None, 'raw_share': 0.0, 'undecided': None, 'other': None, 'candidate_set_version': 'race-scoped-candidate-set-v1', 'field_start': '2026-09-20', 'field_end': '2026-09-27', 'available_at': '2026-10-08', 'source_lineage': 'votehub-poll-lineage-v3', 'resolution_status': 'unresolved_fail_closed'}, {'poll_id': 'vh-us-202guic8eacfa2', 'study_id': 'vh-study-us-202guic8eacfa2', 'race_id': 'senate-2026-MI', 'question_id': 'vh-us-202guic8eacfa2:q0', 'candidate_id': None, 'candidate_name': 'Walter P. Kristy', 'ballot_party': None, 'caucus': None, 'raw_share': 0.0, 'undecided': None, 'other': None, 'candidate_set_version': 'race-scoped-candidate-set-v1', 'field_start': '2026-09-20', 'field_end': '2026-09-27', 'available_at': '2026-10-08', 'source_lineage': 'votehub-poll-lineage-v3', 'resolution_status': 'unresolved_fail_closed'}]",0.0,True
vh-us-202cnna1713372,vh-study-us-202cnna1713372,1,CNN-SSRS,none,https://www.cnn.com/2026/10/08/politics/cnn-polls-ohio-iowa-senate-governor-midterms,868e9f8de8f62211718e6664e3bb4f912c02ff187f2ccfc7c0a4b3adc238649a,2026-09-29,2026-10-05,2026-10-08,,2026-10-10T16:41:48.336232+00:00,2026-10-08,,2026-10-08,2026-10-05,senate-2026,US_SENATE,OH,senate-2026-OH,LV,760.0,,53.261,46.739,0.0,0.0,6.522,False,include,,votehub-ingest-v3-race-scoped-candidate-level,2026-10-10T16:41:48.336232+00:00,,state-usps-v1,votehub-candidate-matchup-v3-race-scoped,generic_two_way,,,en,1.0,True,False,,senate-2026-OH:sherrod-brown,Sherrod Brown,senate-2026-OH:jon-husted,Jon Husted,senate-2026:OH:senate-2026-OH:sherrod-brown|senate-2026-OH:jon-husted,False,senate-2026-OH:sherrod-brown,Sherrod Brown,D,senate-2026-OH:jon-husted,Jon Husted,R,53.261,46.739,6.522,6.522,dem_minus_rep_two_party,,,,0.52,-0.11,2.173,C,votehub_pollster_scorecards,Sherrod Brown,Jon Husted,Midwest,"[{'poll_id': 'vh-us-202cnna1713372', 'study_id': 'vh-study-us-202cnna1713372', 'race_id': 'senate-2026-OH', 'question_id': 'vh-us-202cnna1713372:q0', 'candidate_id': 'senate-2026-OH:sherrod-brown', 'candidate_name': 'Sherrod Brown', 'ballot_party': 'D', 'caucus': 'D', 'raw_share': 49.0, 'undecided': None, 'other': None, 'candidate_set_version': 'race-scoped-candidate-set-v1', 'field_start': '2026-09-29', 'field_end': '2026-10-05', 'available_at': '2026-10-08', 'source_lineage': 'votehub-poll-lineage-v3', 'resolution_status': 'race_scoped'}, {'poll_id': 'vh-us-202cnna1713372', 'study_id': 'vh-study-us-202cnna1713372', 'race_id': 'senate-2026-OH', 'question_id': 'vh-us-202cnna1713372:q0', 'candidate_id': 'senate-2026-OH:jon-husted', 'candidate_name': 'Jon Husted', 'ballot_party': 'R', 'caucus': 'R', 'raw_share': 43.0, 'undecided': None, 'other': None, 'candidate_set_version': 'race-scoped-candidate-set-v1', 'field_start': '2026-09-29', 'field_end': '2026-10-05', 'available_at': '2026-10-08', 'source_lineage': 'votehub-poll-lineage-v3', 'resolution_status': 'race_scoped'}]",0.0,True
vh-us-202cnnc393624c,vh-study-us-202cnnc393624c,1,CNN-SSRS,none,https://www.cnn.com/2026/10/08/politics/cnn-polls-ohio-iowa-senate-governor-midterms,81ced9b47aeff2ee2657d404539ca572ba72ed89fa9a3d9bf4f79b59626e1169,2026-09-29,2026-10-05,2026-10-08,,2026-10-10T16:41:48.336232+00:00,2026-10-08,,2026-10-08,2026-10-05,senate-2026,US_SENATE,IA,senate-2026-IA,LV,801.0,,48.864,51.136,0.0,0.0,-2.273,False,include,,votehub-ingest-v3-race-scoped-candidate-level,2026-10-10T16:41:48.336232+00:00,,state-usps-v1,votehub-candidate-matchup-v3-race-scoped,generic_two_way,,,en,1.0,True,False,,senate-2026-IA:josh-turek,Josh Turek,senate-2026-IA:ashley-hinson,Ashley Hinson,senate-2026:IA:senate-2026-IA:josh-turek|senate-2026-IA:ashley-hinson,False,senate-2026-IA:josh-turek,Josh Turek,D,senate-2026-IA:ashley-hinson,Ashley Hinson,R,48.864,51.136,-2.273,-2.273,dem_minus_rep_two_party,,,,0.52,-0.11,2.173,C,votehub_pollster_scorecards,Josh Turek,Ashley Hinson,Midwest,"[{'poll_id': 'vh-us-202cnnc393624c', 'study_id': 'vh-study-us-202cnnc393624c', 'race_id': 'senate-2026-IA', 'question_id': 'vh-us-202cnnc393624c:q0', 'candidate_id': 'senate-2026-IA:ashley-hinson', 'candidate_name': 'Ashley Hinson', 'ballot_party': 'R', 'caucus': 'R', 'raw_share': 45.0, 'undecided': None, 'other': None, 'candidate_set_version': 'race-scoped-candidate-set-v1', 'field_start': '2026-09-29', 'field_end': '2026-10-05', 'available_at': '2026-10-08', 'source_lineage': 'votehub-poll-lineage-v3', 'resolution_status': 'race_scoped'}, {'poll_id': 'vh-us-202cnnc393624c', 'study_id': 'vh-study-us-202cnnc393624c', 'race_id': 'senate-2026-IA', 'question_id': 'vh-us-202cnnc393624c:q0', 'candidate_id': 'senate-2026-IA:josh-turek', 'candidate_name': 'Josh Turek', 'ballot_party': 'D', 'caucus': 'D', 'raw_share': 43.0, 'undecided': None, 'other': None, 'candidate_set_version': 'race-scoped-candidate-set-v1', 'field_start': '2026-09-29', 'field_end': '2026-10-05', 'available_at': '2026-10-08', 'source_lineage': 'votehub-poll-lineage-v3', 'resolution_status': 'race_scoped'}]",0.0,True
vh-us-202unic8d0412d,vh-study-us-202unic8d0412d,1,University of Massachusetts Lowell-YouGov,none,https://www.uml.edu/news/press-releases/2026/10092026-texas-poll.aspx,511bcb5113f826459389cc06e2a8f672fdb2a2ee8ef2fb0c1a0f952c6ebeb473,2026-09-18,2026-09-28,2026-10-08,,2026-10-10T16:41:48.336232+00:00,2026-10-08,,2026-10-08,2026-09-28,senate-2026,US_SENATE,TX,senate-2026-TX,LV,850.0,,50.0,50.0,0.0,2.0,0.0,False,include,,votehub-ingest-v3-race-scoped-candidate-level,2026-10-10T16:41:48.336232+00:00,,state-usps-v1,votehub-candidate-matchup-v3-race-scoped,generic_two_way,,,en,1.0,True,True,,senate-2026-TX:james-talarico,James Talarico,senate-2026-TX:ken-paxton,Ken Paxton,senate-2026:TX:senate-2026-TX:james-talarico|senate-2026-TX:ken-paxton,False,senate-2026-TX:james-talarico,James Talarico,D,senate-2026-TX:ken-paxton,Ken Paxton,R,50.0,50.0,0.0,0.0,dem_minus_rep_two_party,,,,0.32,1.7,2.547,D,votehub_pollster_scorecards,James Talarico,Ken Paxton,South,"[{'poll_id': 'vh-us-202unic8d0412d', 'study_id': 'vh-study-us-202unic8d0412d', 'race_id': 'senate-2026-TX', 'question_id': 'vh-us-202unic8d0412d:q0', 'candidate_id': 'senate-2026-TX:james-talarico', 'candidate_name': 'James Talarico', 'ballot_party': 'D', 'caucus': 'D', 'raw_share': 45.0, 'undecided': None, 'other': None, 'candidate_set_version': 'race-scoped-candidate-set-v1', 'field_start': '2026-09-18', 'field_end': '2026-09-28', 'available_at': '2026-10-08', 'source_lineage': 'votehub-poll-lineage-v3', 'resolution_status': 'race_scoped'}, {'poll_id': 'vh-us-202unic8d0412d', 'study_id': 'vh-study-us-202unic8d0412d', 'race_id': 'senate-2026-TX', 'question_id': 'vh-us-202unic8d0412d:q0', 'candidate_id': 'senate-2026-TX:ken-paxton', 'candidate_name': 'Ken Paxton', 'ballot_party': 'R', 'caucus': 'R', 'raw_share': 45.0, 'undecided': None, 'other': None, 'candidate_set_version': 'race-scoped-candidate-set-v1', 'field_start': '2026-09-18', 'field_end': '2026-09-28', 'available_at': '2026-10-08', 'source_lineage': 'votehub-poll-lineage-v3', 'resolution_status': 'race_scoped'}, {'poll_id': 'vh-us-202unic8d0412d', 'study_id': 'vh-study-us-202unic8d0412d', 'race_id': 'senate-2026-TX', 'question_id': 'vh-us-202unic8d0412d:q0', 'candidate_id': None, 'candidate_name': 'Ted Brown', 'ballot_party': None, 'caucus': None, 'raw_share': 2.0, 'undecided': None, 'other': None, 'candidate_set_version': 'race-scoped-candidate-set-v1', 'field_start': '2026-09-18', 'field_end': '2026-09-28', 'available_at': '2026-10-08', 'source_lineage': 'votehub-poll-lineage-v3', 'resolution_status': 'unresolved_fail_closed'}]",0.0,True
vh-us-202unifcec5d26,vh-study-us-202unifcec5d26,1,University of New Hampshire,none,https://scholars.unh.edu/survey_center_polls/1008/,690a258211535e02bb6df9cd82407681d0f93057b0923dbcaddf42d6cb6e96aa,2026-09-17,2026-09-21,2026-10-08,,2026-10-10T16:41:48.336232+00:00,2026-10-08,,2026-10-08,2026-09-21,senate-2026,US_SENATE,MA,senate-2026-MA,LV,564.0,,63.855,36.145,0.0,9.0,27.711,False,include,,votehub-ingest-v3-race-scoped-candidate-level,2026-10-10T16:41:48.336232+00:00,,state-usps-v1,votehub-candidate-matchup-v3-race-scoped,generic_two_way,,,en,1.0,True,True,,senate-2026-MA:ed-markey,Ed Markey,senate-2026-MA:john-deaton,John Deaton,senate-2026:MA:senate-2026-MA:ed-markey|senate-2026-MA:john-deaton,False,senate-2026-MA:ed-markey,Ed Markey,D,senate-2026-MA:john-deaton,John Deaton,R,63.855,36.145,27.711,27.711,dem_minus_rep_two_party,,,,0.55,0.0,2.2,,prior_default,Ed Markey,John Deaton,Northeast,"[{'poll_id': 'vh-us-202unifcec5d26', 'study_id': 'vh-study-us-202unifcec5d26', 'race_id': 'senate-2026-MA', 'question_id': 'vh-us-202unifcec5d26:q0', 'candidate_id': 'senate-2026-MA:ed-markey', 'candidate_name': 'Ed Markey', 'ballot_party': 'D', 'caucus': 'D', 'raw_share': 53.0, 'undecided': None, 'other': None, 'candidate_set_version': 'race-scoped-candidate-set-v1', 'field_start': '2026-09-17', 'field_end': '2026-09-21', 'available_at': '2026-10-08', 'source_lineage': 'votehub-poll-lineage-v3', 'resolution_status': 'race_scoped'}, {'poll_id': 'vh-us-202unifcec5d26', 'study_id': 'vh-study-us-202unifcec5d26', 'race_id': 'senate-2026-MA', 'question_id': 'vh-us-202unifcec5d26:q0', 'candidate_id': 'senate-2026-MA:john-deaton', 'candidate_name': 'John Deaton', 'ballot_party': 'R', 'caucus': 'R', 'raw_share': 30.0, 'undecided': None, 'other': None, 'candidate_set_version': 'race-scoped-candidate-set-v1', 'field_start': '2026-09-17', 'field_end': '2026-09-21', 'available_at': '2026-10-08', 'source_lineage': 'votehub-poll-lineage-v3', 'resolution_status': 'race_scoped'}, {'poll_id': 'vh-us-202unifcec5d26', 'study_id': 'vh-study-us-202unifcec5d26', 'race_id': 'senate-2026-MA', 'question_id': 'vh-us-202unifcec5d26:q0', 'candidate_id': None, 'candidate_name': 'Joe Tache', 'ballot_party': None, 'caucus': None, 'raw_share': 9.0, 'undecided': None, 'other': None, 'candidate_set_version': 'race-scoped-candidate-set-v1', 'field_start': '2026-09-17', 'field_end': '2026-09-21', 'available_at': '2026-10-08', 'source_lineage': 'votehub-poll-lineage-v3', 'resolution_status': 'unresolved_fail_closed'}]",0.0,True
vh-us-202uni2e797321,vh-study-us-202uni2e797321,1,University of New Hampshire,none,https://scholars.unh.edu/survey_center_polls/1009/,35a99884667db1447d869809b9568eaf47b8d4f6151ea9846016467ced7c0b1e,2026-09-17,2026-09-21,2026-10-08,,2026-10-10T16:41:48.336232+00:00,2026-10-08,,2026-10-08,2026-09-21,senate-2026,US_SENATE,RI,senate-2026-RI,LV,598.0,,61.628,38.372,0.0,5.0,23.256,False,include,,votehub-ingest-v3-race-scoped-candidate-level,2026-10-10T16:41:48.336232+00:00,,state-usps-v1,votehub-candidate-matchup-v3-race-scoped,generic_two_way,,,en,1.0,True,True,,senate-2026-RI:jack-reed,Jack Reed,senate-2026-RI:raymond-mckay,Raymond McKay,senate-2026:RI:senate-2026-RI:jack-reed|senate-2026-RI:raymond-mckay,False,senate-2026-RI:jack-reed,Jack Reed,D,senate-2026-RI:raymond-mckay,Raymond McKay,R,61.628,38.372,23.256,23.256,dem_minus_rep_two_party,,,,0.55,0.0,2.2,,prior_default,Jack Reed,Raymond McKay,Northeast,"[{'poll_id': 'vh-us-202uni2e797321', 'study_id': 'vh-study-us-202uni2e797321', 'race_id': 'senate-2026-RI', 'question_id': 'vh-us-202uni2e797321:q0', 'candidate_id': 'senate-2026-RI:jack-reed', 'candidate_name': 'Jack Reed', 'ballot_party': 'D', 'caucus': 'D', 'raw_share': 53.0, 'undecided': None, 'other': None, 'candidate_set_version': 'race-scoped-candidate-set-v1', 'field_start': '2026-09-17', 'field_end': '2026-09-21', 'available_at': '2026-10-08', 'source_lineage': 'votehub-poll-lineage-v3', 'resolution_status': 'race_scoped'}, {'poll_id': 'vh-us-202uni2e797321', 'study_id': 'vh-study-us-202uni2e797321', 'race_id': 'senate-2026-RI', 'question_id': 'vh-us-202uni2e797321:q0', 'candidate_id': 'senate-2026-RI:raymond-mckay', 'candidate_name': 'Raymond McKay', 'ballot_party': 'R', 'caucus': 'R', 'raw_share': 33.0, 'undecided': None, 'other': None, 'candidate_set_version': 'race-scoped-candidate-set-v1', 'field_start': '2026-09-17', 'field_end': '2026-09-21', 'available_at': '2026-10-08', 'source_lineage': 'votehub-poll-lineage-v3', 'resolution_status': 'race_scoped'}, {'poll_id': 'vh-us-202uni2e797321', 'study_id': 'vh-study-us-202uni2e797321', 'race_id': 'senate-2026-RI', 'question_id': 'vh-us-202uni2e797321:q0', 'candidate_id': None, 'candidate_name': 'Michael Bahry', 'ballot_party': None, 'caucus': None, 'raw_share': 5.0, 'undecided': None, 'other': None, 'candidate_set_version': 'race-scoped-candidate-set-v1', 'field_start': '2026-09-17', 'field_end': '2026-09-21', 'available_at': '2026-10-08', 'source_lineage': 'votehub-poll-lineage-v3', 'resolution_status': 'unresolved_fail_closed'}]",0.0,True
vh-us-202st.fc2e22ed,vh-study-us-202st.fc2e22ed,1,St. Pete Polls,Florida Politics,https://floridapolitics.com/archives/823921-new-st-pete-polls-survey-has-ashley-moody-at-47-angie-nixon-at-45-and-the-senate-race-still-inside-the-margin-of-error/,1f8a1857fb7a2b2d57c643421b9759d306839ed1818e12b85a2549b51209d492,2026-10-05,2026-10-07,2026-10-09,,2026-10-10T16:41:48.336232+00:00,2026-10-09,,2026-10-09,2026-10-07,senate-2026,US_SENATE,FL,senate-2026-FL,LV,836.0,,48.913,51.087,0.0,0.0,-2.174,False,include,,votehub-ingest-v3-race-scoped-candidate-level,2026-10-10T16:41:48.336232+00:00,,state-usps-v1,votehub-candidate-matchup-v3-race-scoped,generic_two_way,,,en,1.0,True,False,,senate-2026-FL:angie-nixon,Angie Nixon,senate-2026-FL:ashley-moody,Ashley Moody,senate-2026:FL:senate-2026-FL:angie-nixon|senate-2026-FL:ashley-moody,False,senate-2026-FL:angie-nixon,Angie Nixon,D,senate-2026-FL:ashley-moody,Ashley Moody,R,48.913,51.087,-2.174,-2.174,dem_minus_rep_two_party,,,,0.7999999999999999,0.0,2.2,2.4,fivethirtyeight_pollster_ratings,Angie Nixon,Ashley Moody,South,"[{'poll_id': 'vh-us-202st.fc2e22ed', 'study_id': 'vh-study-us-202st.fc2e22ed', 'race_id': 'senate-2026-FL', 'question_id': 'vh-us-202st.fc2e22ed:q0', 'candidate_id': 'senate-2026-FL:ashley-moody', 'candidate_name': 'Ashley Moody', 'ballot_party': 'R', 'caucus': 'R', 'raw_share': 47.0, 'undecided': None, 'other': None, 'candidate_set_version': 'race-scoped-candidate-set-v1', 'field_start': '2026-10-05', 'field_end': '2026-10-07', 'available_at': '2026-10-09', 'source_lineage': 'votehub-poll-lineage-v3', 'resolution_status': 'race_scoped'}, {'poll_id': 'vh-us-202st.fc2e22ed', 'study_id': 'vh-study-us-202st.fc2e22ed', 'race_id': 'senate-2026-FL', 'question_id': 'vh-us-202st.fc2e22ed:q0', 'candidate_id': 'senate-2026-FL:angie-nixon', 'candidate_name': 'Angie Nixon', 'ballot_party': 'D', 'caucus': 'D', 'raw_share': 45.0, 'undecided': None, 'other': None, 'candidate_set_version': 'race-scoped-candidate-set-v1', 'field_start': '2026-10-05', 'field_end': '2026-10-07', 'available_at': '2026-10-09', 'source_lineage': 'votehub-poll-lineage-v3', 'resolution_status': 'race_scoped'}]",0.0,True
vh-us-202eas168b53d4,vh-study-us-202eas168b53d4,1,East Carolina University,none,https://surveyresearch-ecu.reportablenews.com/pr/ecu-poll-cooper-s-lead-holds-at-7-points,32f4395f08dc7c3911b78d51e0f81d57ed11f58e5df158234981ffc8f393f575,2026-09-30,2026-10-03,2026-10-09,,2026-10-10T16:41:48.336232+00:00,2026-10-09,,2026-10-09,2026-10-03,senate-2026,US_SENATE,NC,senate-2026-NC,LV,810.0,,53.535,46.465,0.0,2.0,7.071,False,include,,votehub-ingest-v3-race-scoped-candidate-level,2026-10-10T16:41:48.336232+00:00,,state-usps-v1,votehub-candidate-matchup-v3-race-scoped,generic_two_way,,,en,1.0,True,True,,senate-2026-NC:roy-cooper,Roy Cooper,senate-2026-NC:michael-whatley,Michael Whatley,senate-2026:NC:senate-2026-NC:roy-cooper|senate-2026-NC:michael-whatley,False,senate-2026-NC:roy-cooper,Roy Cooper,D,senate-2026-NC:michael-whatley,Michael Whatley,R,53.535,46.465,7.071,7.071,dem_minus_rep_two_party,,,,1.0,-0.56,1.392,A+,votehub_pollster_scorecards,Roy Cooper,Michael Whatley,South,"[{'poll_id': 'vh-us-202eas168b53d4', 'study_id': 'vh-study-us-202eas168b53d4', 'race_id': 'senate-2026-NC', 'question_id': 'vh-us-202eas168b53d4:q0', 'candidate_id': 'senate-2026-NC:roy-cooper', 'candidate_name': 'Roy Cooper', 'ballot_party': 'D', 'caucus': 'D', 'raw_share': 53.0, 'undecided': None, 'other': None, 'candidate_set_version': 'race-scoped-candidate-set-v1', 'field_start': '2026-09-30', 'field_end': '2026-10-03', 'available_at': '2026-10-09', 'source_lineage': 'votehub-poll-lineage-v3', 'resolution_status': 'race_scoped'}, {'poll_id': 'vh-us-202eas168b53d4', 'study_id': 'vh-study-us-202eas168b53d4', 'race_id': 'senate-2026-NC', 'question_id': 'vh-us-202eas168b53d4:q0', 'candidate_id': 'senate-2026-NC:michael-whatley', 'candidate_name': 'Michael Whatley', 'ballot_party': 'R', 'caucus': 'R', 'raw_share': 46.0, 'undecided': None, 'other': None, 'candidate_set_version': 'race-scoped-candidate-set-v1', 'field_start': '2026-09-30', 'field_end': '2026-10-03', 'available_at': '2026-10-09', 'source_lineage': 'votehub-poll-lineage-v3', 'resolution_status': 'race_scoped'}, {'poll_id': 'vh-us-202eas168b53d4', 'study_id': 'vh-study-us-202eas168b53d4', 'race_id': 'senate-2026-NC', 'question_id': 'vh-us-202eas168b53d4:q0', 'candidate_id': None, 'candidate_name': 'Shannon Bray', 'ballot_party': None, 'caucus': None, 'raw_share': 2.0, 'undecided': None, 'other': None, 'candidate_set_version': 'race-scoped-candidate-set-v1', 'field_start': '2026-09-30', 'field_end': '2026-10-03', 'available_at': '2026-10-09', 'source_lineage': 'votehub-poll-lineage-v3', 'resolution_status': 'unresolved_fail_closed'}, {'poll_id': 'vh-us-202eas168b53d4', 'study_id': 'vh-study-us-202eas168b53d4', 'race_id': 'senate-2026-NC', 'question_id': 'vh-us-202eas168b53d4:q0', 'candidate_id': None, 'candidate_name': 'Michael Dublin', 'ballot_party': None, 'caucus': None, 'raw_share': 0.0, 'undecided': None, 'other': None, 'candidate_set_version': 'race-scoped-candidate-set-v1', 'field_start': '2026-09-30', 'field_end': '2026-10-03', 'available_at': '2026-10-09', 'source_lineage': 'votehub-poll-lineage-v3', 'resolution_status': 'unresolved_fail_closed'}]",0.0,True
vh-us-202co/ed81e3f8,vh-study-us-202co/ed81e3f8,1,co/efficient,none,https://battlegrounds.coefficient.org/oh,f26fc94da46a91eb0ce931b3e39ec277f7ea467221bb60c188872e185f2aad19,2026-10-05,2026-10-06,2026-10-09,,2026-10-10T16:41:48.336232+00:00,2026-10-09,,2026-10-09,2026-10-06,senate-2026,US_SENATE,OH,senate-2026-OH,LV,925.0,,49.451,50.549,0.0,0.0,-1.099,True,include,,votehub-ingest-v3-race-scoped-candidate-level,2026-10-10T16:41:48.336232+00:00,,state-usps-v1,votehub-candidate-matchup-v3-race-scoped,generic_two_way,,,en,1.0,True,False,,senate-2026-OH:sherrod-brown,Sherrod Brown,senate-2026-OH:jon-husted,Jon Husted,senate-2026:OH:senate-2026-OH:sherrod-brown|senate-2026-OH:jon-husted,False,senate-2026-OH:sherrod-brown,Sherrod Brown,D,senate-2026-OH:jon-husted,Jon Husted,R,49.451,50.549,-1.099,-1.099,dem_minus_rep_two_party,,,,0.3666666666666667,0.0,1.0,1.1,fivethirtyeight_pollster_ratings,Sherrod Brown,Jon Husted,Midwest,"[{'poll_id': 'vh-us-202co/ed81e3f8', 'study_id': 'vh-study-us-202co/ed81e3f8', 'race_id': 'senate-2026-OH', 'question_id': 'vh-us-202co/ed81e3f8:q0', 'candidate_id': 'senate-2026-OH:sherrod-brown', 'candidate_name': 'Sherrod Brown', 'ballot_party': 'D', 'caucus': 'D', 'raw_share': 45.0, 'undecided': None, 'other': None, 'candidate_set_version': 'race-scoped-candidate-set-v1', 'field_start': '2026-10-05', 'field_end': '2026-10-06', 'available_at': '2026-10-09', 'source_lineage': 'votehub-poll-lineage-v3', 'resolution_status': 'race_scoped'}, {'poll_id': 'vh-us-202co/ed81e3f8', 'study_id': 'vh-study-us-202co/ed81e3f8', 'race_id': 'senate-2026-OH', 'question_id': 'vh-us-202co/ed81e3f8:q0', 'candidate_id': 'senate-2026-OH:jon-husted', 'candidate_name': 'Jon Husted', 'ballot_party': 'R', 'caucus': 'R', 'raw_share': 46.0, 'undecided': None, 'other': None, 'candidate_set_version': 'race-scoped-candidate-set-v1', 'field_start': '2026-10-05', 'field_end': '2026-10-06', 'available_at': '2026-10-09', 'source_lineage': 'votehub-poll-lineage-v3', 'resolution_status': 'race_scoped'}]",0.0,True
vh-us-202co/52c27a2f,vh-study-us-202co/52c27a2f,1,co/efficient,none,https://battlegrounds.coefficient.org/oh,4d15d6db17614f9cfe8ae149690ead350928f72291e03d416ce8cf41f6a565ae,2026-10-05,2026-10-06,2026-10-09,,2026-10-10T16:41:48.336232+00:00,2026-10-09,,2026-10-09,2026-10-06,senate-2026,US_SENATE,OH,senate-2026-OH,LV,925.0,,49.425,50.575,0.0,4.0,-1.149,True,include,,votehub-ingest-v3-race-scoped-candidate-level,2026-10-10T16:41:48.336232+00:00,,state-usps-v1,votehub-candidate-matchup-v3-race-scoped,generic_two_way,,,en,1.0,True,True,,senate-2026-OH:sherrod-brown,Sherrod Brown,senate-2026-OH:jon-husted,Jon Husted,senate-2026:OH:senate-2026-OH:sherrod-brown|senate-2026-OH:jon-husted,False,senate-2026-OH:sherrod-brown,Sherrod Brown,D,senate-2026-OH:jon-husted,Jon Husted,R,49.425,50.575,-1.149,-1.149,dem_minus_rep_two_party,,,,0.3666666666666667,0.0,1.0,1.1,fivethirtyeight_pollster_ratings,Sherrod Brown,Jon Husted,Midwest,"[{'poll_id': 'vh-us-202co/52c27a2f', 'study_id': 'vh-study-us-202co/52c27a2f', 'race_id': 'senate-2026-OH', 'question_id': 'vh-us-202co/52c27a2f:q0', 'candidate_id': 'senate-2026-OH:sherrod-brown', 'candidate_name': 'Sherrod Brown', 'ballot_party': 'D', 'caucus': 'D', 'raw_share': 43.0, 'undecided': None, 'other': None, 'candidate_set_version': 'race-scoped-candidate-set-v1', 'field_start': '2026-10-05', 'field_end': '2026-10-06', 'available_at': '2026-10-09', 'source_lineage': 'votehub-poll-lineage-v3', 'resolution_status': 'race_scoped'}, {'poll_id': 'vh-us-202co/52c27a2f', 'study_id': 'vh-study-us-202co/52c27a2f', 'race_id': 'senate-2026-OH', 'question_id': 'vh-us-202co/52c27a2f:q0', 'candidate_id': 'senate-2026-OH:jon-husted', 'candidate_name': 'Jon Husted', 'ballot_party': 'R', 'caucus': 'R', 'raw_share': 44.0, 'undecided': None, 'other': None, 'candidate_set_version': 'race-scoped-candidate-set-v1', 'field_start': '2026-10-05', 'field_end': '2026-10-06', 'available_at': '2026-10-09', 'source_lineage': 'votehub-poll-lineage-v3', 'resolution_status': 'race_scoped'}, {'poll_id': 'vh-us-202co/52c27a2f', 'study_id': 'vh-study-us-202co/52c27a2f', 'race_id': 'senate-2026-OH', 'question_id': 'vh-us-202co/52c27a2f:q0', 'candidate_id': None, 'candidate_name': 'Gregory Levy', 'ballot_party': None, 'caucus': None, 'raw_share': 3.0, 'undecided': None, 'other': None, 'candidate_set_version': 'race-scoped-candidate-set-v1', 'field_start': '2026-10-05', 'field_end': '2026-10-06', 'available_at': '2026-10-09', 'source_lineage': 'votehub-poll-lineage-v3', 'resolution_status': 'unresolved_fail_closed'}, {'poll_id': 'vh-us-202co/52c27a2f', 'study_id': 'vh-study-us-202co/52c27a2f', 'race_id': 'senate-2026-OH', 'question_id': 'vh-us-202co/52c27a2f:q0', 'candidate_id': None, 'candidate_name': 'Bill Redpath', 'ballot_party': None, 'caucus': None, 'raw_share': 1.0, 'undecided': None, 'other': None, 'candidate_set_version': 'race-scoped-candidate-set-v1', 'field_start': '2026-10-05', 'field_end': '2026-10-06', 'available_at': '2026-10-09', 'source_lineage': 'votehub-poll-lineage-v3', 'resolution_status': 'unresolved_fail_closed'}]",0.0,True
vh-us-202z tb2a3f7be,vh-study-us-202z tb2a3f7be,1,Z to A Research,Rust Belt Rising,https://x.com/rbrtraining/status/2108302504446337272,4ca6ed837331903c13315b0f47ec18692f3ad43b410da256f7bd26d6038a98f2,2026-09-28,2026-10-01,2026-10-09,,2026-10-10T16:41:48.336232+00:00,2026-10-09,,2026-10-09,2026-10-01,senate-2026,US_SENATE,MI,senate-2026-MI,LV,483.0,,53.846,46.154,0.0,3.0,7.692,True,include,,votehub-ingest-v3-race-scoped-candidate-level,2026-10-10T16:41:48.336232+00:00,,state-usps-v1,votehub-candidate-matchup-v3-race-scoped,generic_two_way,,,en,1.0,True,True,,senate-2026-MI:abdul-el-sayed,Abdul El-Sayed,senate-2026-MI:mike-rogers,Mike Rogers,senate-2026:MI:senate-2026-MI:abdul-el-sayed|senate-2026-MI:mike-rogers,False,senate-2026-MI:abdul-el-sayed,Abdul El-Sayed,D,senate-2026-MI:mike-rogers,Mike Rogers,R,53.846,46.154,7.692,7.692,dem_minus_rep_two_party,,,,0.55,0.0,2.2,,prior_default,Abdul El-Sayed,Mike Rogers,Midwest,"[{'poll_id': 'vh-us-202z tb2a3f7be', 'study_id': 'vh-study-us-202z tb2a3f7be', 'race_id': 'senate-2026-MI', 'question_id': 'vh-us-202z tb2a3f7be:q0', 'candidate_id': 'senate-2026-MI:abdul-el-sayed', 'candidate_name': 'Abdul El-Sayed', 'ballot_party': 'D', 'caucus': 'D', 'raw_share': 49.0, 'undecided': None, 'other': None, 'candidate_set_version': 'race-scoped-candidate-set-v1', 'field_start': '2026-09-28', 'field_end': '2026-10-01', 'available_at': '2026-10-09', 'source_lineage': 'votehub-poll-lineage-v3', 'resolution_status': 'race_scoped'}, {'poll_id': 'vh-us-202z tb2a3f7be', 'study_id': 'vh-study-us-202z tb2a3f7be', 'race_id': 'senate-2026-MI', 'question_id': 'vh-us-202z tb2a3f7be:q0', 'candidate_id': 'senate-2026-MI:mike-rogers', 'candidate_name': 'Mike Rogers', 'ballot_party': 'R', 'caucus': 'R', 'raw_share': 42.0, 'undecided': None, 'other': None, 'candidate_set_version': 'race-scoped-candidate-set-v1', 'field_start': '2026-09-28', 'field_end': '2026-10-01', 'available_at': '2026-10-09', 'source_lineage': 'votehub-poll-lineage-v3', 'resolution_status': 'race_scoped'}, {'poll_id': 'vh-us-202z tb2a3f7be', 'study_id': 'vh-study-us-202z tb2a3f7be', 'race_id': 'senate-2026-MI', 'question_id': 'vh-us-202z tb2a3f7be:q0', 'candidate_id': None, 'candidate_name': 'Lydia Christensen', 'ballot_party': None, 'caucus': None, 'raw_share': 3.0, 'undecided': None, 'other': None, 'candidate_set_version': 'race-scoped-candidate-set-v1', 'field_start': '2026-09-28', 'field_end': '2026-10-01', 'available_at': '2026-10-09', 'source_lineage': 'votehub-poll-lineage-v3', 'resolution_status': 'unresolved_fail_closed'}]",0.0,True
vh-us-202gqr63b7a4d3,vh-study-us-202gqr63b7a4d3,1,GQR,Senate Majority PAC,https://x.com/DrewSav/status/2108502733045334207,412d2d87ade25e2b51ba63616455ea9a646f80ab5c312a728d88615e69b5fbff,2026-10-01,2026-10-04,2026-10-09,,2026-10-10T16:41:48.336232+00:00,2026-10-09,,2026-10-09,2026-10-04,senate-2026,US_SENATE,MN,senate-2026-MN,LV,800.0,,54.348,45.652,0.0,6.0,8.696,True,include,,votehub-ingest-v3-race-scoped-candidate-level,2026-10-10T16:41:48.336232+00:00,,state-usps-v1,votehub-candidate-matchup-v3-race-scoped,generic_two_way,,,en,1.0,True,True,,senate-2026-MN:peggy-flanagan,Peggy Flanagan,senate-2026-MN:michele-tafoya,Michele Tafoya,senate-2026:MN:senate-2026-MN:peggy-flanagan|senate-2026-MN:michele-tafoya,False,senate-2026-MN:peggy-flanagan,Peggy Flanagan,D,senate-2026-MN:michele-tafoya,Michele Tafoya,R,54.348,45.652,8.696,8.696,dem_minus_rep_two_party,,,,0.6666666666666666,0.0,2.2,2.0,fivethirtyeight_pollster_ratings,Peggy Flanagan,Michele Tafoya,Midwest,"[{'poll_id': 'vh-us-202gqr63b7a4d3', 'study_id': 'vh-study-us-202gqr63b7a4d3', 'race_id': 'senate-2026-MN', 'question_id': 'vh-us-202gqr63b7a4d3:q0', 'candidate_id': 'senate-2026-MN:peggy-flanagan', 'candidate_name': 'Peggy Flanagan', 'ballot_party': 'D', 'caucus': 'D', 'raw_share': 50.0, 'undecided': None, 'other': None, 'candidate_set_version': 'race-scoped-candidate-set-v1', 'field_start': '2026-10-01', 'field_end': '2026-10-04', 'available_at': '2026-10-09', 'source_lineage': 'votehub-poll-lineage-v3', 'resolution_status': 'race_scoped'}, {'poll_id': 'vh-us-202gqr63b7a4d3', 'study_id': 'vh-study-us-202gqr63b7a4d3', 'race_id': 'senate-2026-MN', 'question_id': 'vh-us-202gqr63b7a4d3:q0', 'candidate_id': 'senate-2026-MN:michele-tafoya', 'candidate_name': 'Michele Tafoya', 'ballot_party': 'R', 'caucus': 'R', 'raw_share': 42.0, 'undecided': None, 'other': None, 'candidate_set_version': 'race-scoped-candidate-set-v1', 'field_start': '2026-10-01', 'field_end': '2026-10-04', 'available_at': '2026-10-09', 'source_lineage': 'votehub-poll-lineage-v3', 'resolution_status': 'race_scoped'}, {'poll_id': 'vh-us-202gqr63b7a4d3', 'study_id': 'vh-study-us-202gqr63b7a4d3', 'race_id': 'senate-2026-MN', 'question_id': 'vh-us-202gqr63b7a4d3:q0', 'candidate_id': None, 'candidate_name': 'Marisa Simonetti', 'ballot_party': None, 'caucus': None, 'raw_share': 4.0, 'undecided': None, 'other': None, 'candidate_set_version': 'race-scoped-candidate-set-v1', 'field_start': '2026-10-01', 'field_end': '2026-10-04', 'available_at': '2026-10-09', 'source_lineage': 'votehub-poll-lineage-v3', 'resolution_status': 'unresolved_fail_closed'}, {'poll_id': 'vh-us-202gqr63b7a4d3', 'study_id': 'vh-study-us-202gqr63b7a4d3', 'race_id': 'senate-2026-MN', 'question_id': 'vh-us-202gqr63b7a4d3:q0', 'candidate_id': None, 'candidate_name': 'Rebecca Whiting', 'ballot_party': None, 'caucus': None, 'raw_share': 2.0, 'undecided': None, 'other': None, 'candidate_set_version': 'race-scoped-candidate-set-v1', 'field_start': '2026-10-01', 'field_end': '2026-10-04', 'available_at': '2026-10-09', 'source_lineage': 'votehub-poll-lineage-v3', 'resolution_status': 'unresolved_fail_closed'}]",0.0,True
vh-us-202tar0bbd9d56,vh-study-us-202tar0bbd9d56,1,Targoz Market Research,The James Madison Institute,https://jmipoll.com,230369e3065fa03b48b35d157d7c5f292286abbaa7a38508d0d05011a5f3856b,2026-09-28,2026-10-04,2026-10-09,,2026-10-10T16:41:48.336232+00:00,2026-10-09,,2026-10-09,2026-10-04,senate-2026,US_SENATE,FL,senate-2026-FL,LV,857.0,,44.681,55.319,0.0,0.0,-10.638,False,include,,votehub-ingest-v3-race-scoped-candidate-level,2026-10-10T16:41:48.336232+00:00,,state-usps-v1,votehub-candidate-matchup-v3-race-scoped,generic_two_way,,,en,1.0,True,False,,senate-2026-FL:angie-nixon,Angie Nixon,senate-2026-FL:ashley-moody,Ashley Moody,senate-2026:FL:senate-2026-FL:angie-nixon|senate-2026-FL:ashley-moody,False,senate-2026-FL:angie-nixon,Angie Nixon,D,senate-2026-FL:ashley-moody,Ashley Moody,R,44.681,55.319,-10.638,-10.638,dem_minus_rep_two_party,,,,0.6,0.0,1.0,1.8,fivethirtyeight_pollster_ratings,Angie Nixon,Ashley Moody,South,"[{'poll_id': 'vh-us-202tar0bbd9d56', 'study_id': 'vh-study-us-202tar0bbd9d56', 'race_id': 'senate-2026-FL', 'question_id': 'vh-us-202tar0bbd9d56:q0', 'candidate_id': 'senate-2026-FL:angie-nixon', 'candidate_name': 'Angie Nixon', 'ballot_party': 'D', 'caucus': 'D', 'raw_share': 42.0, 'undecided': None, 'other': None, 'candidate_set_version': 'race-scoped-candidate-set-v1', 'field_start': '2026-09-28', 'field_end': '2026-10-04', 'available_at': '2026-10-09', 'source_lineage': 'votehub-poll-lineage-v3', 'resolution_status': 'race_scoped'}, {'poll_id': 'vh-us-202tar0bbd9d56', 'study_id': 'vh-study-us-202tar0bbd9d56', 'race_id': 'senate-2026-FL', 'question_id': 'vh-us-202tar0bbd9d56:q0', 'candidate_id': 'senate-2026-FL:ashley-moody', 'candidate_name': 'Ashley Moody', 'ballot_party': 'R', 'caucus': 'R', 'raw_share': 52.0, 'undecided': None, 'other': None, 'candidate_set_version': 'race-scoped-candidate-set-v1', 'field_start': '2026-09-28', 'field_end': '2026-10-04', 'available_at': '2026-10-09', 'source_lineage': 'votehub-poll-lineage-v3', 'resolution_status': 'race_scoped'}]",0.0,True
vh-us-202tarc49d2a14,vh-study-us-202tarc49d2a14,1,Targoz Market Research,The James Madison Institute,https://jmipoll.com/,4d9752d13b297f210c8fc03c026c2f6640182f1efdbee5f1e572bcb08652e709,2026-09-28,2026-10-04,2026-10-09,,2026-10-10T16:41:48.336232+00:00,2026-10-09,,2026-10-09,2026-10-04,senate-2026,US_SENATE,FL,senate-2026-FL,RV,1200.0,,43.182,56.818,0.0,0.0,-13.636,False,include,,votehub-ingest-v3-race-scoped-candidate-level,2026-10-10T16:41:48.336232+00:00,,state-usps-v1,votehub-candidate-matchup-v3-race-scoped,generic_two_way,,,en,1.0,True,False,,senate-2026-FL:angie-nixon,Angie Nixon,senate-2026-FL:ashley-moody,Ashley Moody,senate-2026:FL:senate-2026-FL:angie-nixon|senate-2026-FL:ashley-moody,False,senate-2026-FL:angie-nixon,Angie Nixon,D,senate-2026-FL:ashley-moody,Ashley Moody,R,43.182,56.818,-13.636,-13.636,dem_minus_rep_two_party,,,,0.6,0.0,1.0,1.8,fivethirtyeight_pollster_ratings,Angie Nixon,Ashley Moody,South,"[{'poll_id': 'vh-us-202tarc49d2a14', 'study_id': 'vh-study-us-202tarc49d2a14', 'race_id': 'senate-2026-FL', 'question_id': 'vh-us-202tarc49d2a14:q0', 'candidate_id': 'senate-2026-FL:angie-nixon', 'candidate_name': 'Angie Nixon', 'ballot_party': 'D', 'caucus': 'D', 'raw_share': 38.0, 'undecided': None, 'other': None, 'candidate_set_version': 'race-scoped-candidate-set-v1', 'field_start': '2026-09-28', 'field_end': '2026-10-04', 'available_at': '2026-10-09', 'source_lineage': 'votehub-poll-lineage-v3', 'resolution_status': 'race_scoped'}, {'poll_id': 'vh-us-202tarc49d2a14', 'study_id': 'vh-study-us-202tarc49d2a14', 'race_id': 'senate-2026-FL', 'question_id': 'vh-us-202tarc49d2a14:q0', 'candidate_id': 'senate-2026-FL:ashley-moody', 'candidate_name': 'Ashley Moody', 'ballot_party': 'R', 'caucus': 'R', 'raw_share': 50.0, 'undecided': None, 'other': None, 'candidate_set_version': 'race-scoped-candidate-set-v1', 'field_start': '2026-09-28', 'field_end': '2026-10-04', 'available_at': '2026-10-09', 'source_lineage': 'votehub-poll-lineage-v3', 'resolution_status': 'race_scoped'}]",0.0,True
vh-us-202eme2172a9a0,vh-study-us-202eme2172a9a0,1,Emerson,Nexstar Media,https://docs.google.com/spreadsheets/d/1mKToIlrAwY0ehEA60PVFemP5WjwxsTxN/edit?rtpof=true&sd=true,b7a3da1d0201e3cc19ecdb90a88c0395fd2b30059d8d4f0d86af5e7dfd331dad,2026-10-05,2026-10-06,2026-10-09,,2026-10-10T16:41:48.336232+00:00,2026-10-09,,2026-10-09,2026-10-06,senate-2026,US_SENATE,IA,senate-2026-IA,LV,650.0,,49.127,50.873,0.0,1.5,-1.747,False,include,,votehub-ingest-v3-race-scoped-candidate-level,2026-10-10T16:41:48.336232+00:00,,state-usps-v1,votehub-candidate-matchup-v3-race-scoped,generic_two_way,,,en,1.0,True,True,,senate-2026-IA:josh-turek,Josh Turek,senate-2026-IA:ashley-hinson,Ashley Hinson,senate-2026:IA:senate-2026-IA:josh-turek|senate-2026-IA:ashley-hinson,False,senate-2026-IA:josh-turek,Josh Turek,D,senate-2026-IA:ashley-hinson,Ashley Hinson,R,49.127,50.873,-1.747,-1.747,dem_minus_rep_two_party,,,,0.72,-0.29,2.217,B,votehub_pollster_scorecards,Josh Turek,Ashley Hinson,Midwest,"[{'poll_id': 'vh-us-202eme2172a9a0', 'study_id': 'vh-study-us-202eme2172a9a0', 'race_id': 'senate-2026-IA', 'question_id': 'vh-us-202eme2172a9a0:q0', 'candidate_id': 'senate-2026-IA:josh-turek', 'candidate_name': 'Josh Turek', 'ballot_party': 'D', 'caucus': 'D', 'raw_share': 45.0, 'undecided': None, 'other': None, 'candidate_set_version': 'race-scoped-candidate-set-v1', 'field_start': '2026-10-05', 'field_end': '2026-10-06', 'available_at': '2026-10-09', 'source_lineage': 'votehub-poll-lineage-v3', 'resolution_status': 'race_scoped'}, {'poll_id': 'vh-us-202eme2172a9a0', 'study_id': 'vh-study-us-202eme2172a9a0', 'race_id': 'senate-2026-IA', 'question_id': 'vh-us-202eme2172a9a0:q0', 'candidate_id': 'senate-2026-IA:ashley-hinson', 'candidate_name': 'Ashley Hinson', 'ballot_party': 'R', 'caucus': 'R', 'raw_share': 46.6, 'undecided': None, 'other': None, 'candidate_set_version': 'race-scoped-candidate-set-v1', 'field_start': '2026-10-05', 'field_end': '2026-10-06', 'available_at': '2026-10-09', 'source_lineage': 'votehub-poll-lineage-v3', 'resolution_status': 'race_scoped'}, {'poll_id': 'vh-us-202eme2172a9a0', 'study_id': 'vh-study-us-202eme2172a9a0', 'race_id': 'senate-2026-IA', 'question_id': 'vh-us-202eme2172a9a0:q0', 'candidate_id': None, 'candidate_name': 'Thomas Laehn', 'ballot_party': None, 'caucus': None, 'raw_share': 1.5, 'undecided': None, 'other': None, 'candidate_set_version': 'race-scoped-candidate-set-v1', 'field_start': '2026-10-05', 'field_end': '2026-10-06', 'available_at': '2026-10-09', 'source_lineage': 'votehub-poll-lineage-v3', 'resolution_status': 'unresolved_fail_closed'}]",0.0,True
vh-us-202the6b777566,vh-study-us-202the6b777566,1,Washington Post-George Mason University,none,https://www.washingtonpost.com/tablet/2026/10/09/sept-30-oct-5-2026-washington-post-schar-school-poll-maine-voters,d74dfae81bd59d0631937d16db61ee640d3b25cddbc7cf969d67f8624f3e7ba5,2026-09-30,2026-10-05,2026-10-09,,2026-10-10T16:41:48.336232+00:00,2026-10-09,,2026-10-09,2026-10-05,senate-2026,US_SENATE,ME,senate-2026-ME,LV,800.0,,52.632,47.368,0.0,0.0,5.263,False,include,,votehub-ingest-v3-race-scoped-candidate-level,2026-10-10T16:41:48.336232+00:00,,state-usps-v1,votehub-candidate-matchup-v3-race-scoped,generic_two_way,,,en,1.0,True,False,,senate-2026-ME:troy-jackson,Troy Jackson,senate-2026-ME:susan-collins,Susan Collins,senate-2026:ME:senate-2026-ME:troy-jackson|senate-2026-ME:susan-collins,False,senate-2026-ME:troy-jackson,Troy Jackson,D,senate-2026-ME:susan-collins,Susan Collins,R,52.632,47.368,5.263,5.263,dem_minus_rep_two_party,,,,0.52,0.3,2.261,C,votehub_pollster_scorecards,Troy Jackson,Susan Collins,Northeast,"[{'poll_id': 'vh-us-202the6b777566', 'study_id': 'vh-study-us-202the6b777566', 'race_id': 'senate-2026-ME', 'question_id': 'vh-us-202the6b777566:q0', 'candidate_id': 'senate-2026-ME:troy-jackson', 'candidate_name': 'Troy Jackson', 'ballot_party': 'D', 'caucus': 'D', 'raw_share': 50.0, 'undecided': None, 'other': None, 'candidate_set_version': 'race-scoped-candidate-set-v1', 'field_start': '2026-09-30', 'field_end': '2026-10-05', 'available_at': '2026-10-09', 'source_lineage': 'votehub-poll-lineage-v3', 'resolution_status': 'race_scoped'}, {'poll_id': 'vh-us-202the6b777566', 'study_id': 'vh-study-us-202the6b777566', 'race_id': 'senate-2026-ME', 'question_id': 'vh-us-202the6b777566:q0', 'candidate_id': 'senate-2026-ME:susan-collins', 'candidate_name': 'Susan Collins', 'ballot_party': 'R', 'caucus': 'R', 'raw_share': 45.0, 'undecided': None, 'other': None, 'candidate_set_version': 'race-scoped-candidate-set-v1', 'field_start': '2026-09-30', 'field_end': '2026-10-05', 'available_at': '2026-10-09', 'source_lineage': 'votehub-poll-lineage-v3', 'resolution_status': 'race_scoped'}]",0.0,True
vh-us-202gracbfdd9ed,vh-study-us-202gracbfdd9ed,1,Grayhouse,none,https://x.com/LandonWall_/status/2108601370580332749,bbedb09a9a056ff279a7324f75512fad6ab7eb7f72efe1b0759785ac914336fd,2026-09-30,2026-10-04,2026-10-09,,2026-10-10T16:41:48.336232+00:00,2026-10-09,,2026-10-09,2026-10-04,senate-2026,US_SENATE,AR,senate-2026-AR,LV,550.0,,43.956,56.044,0.0,4.0,-12.088,False,include,,votehub-ingest-v3-race-scoped-candidate-level,2026-10-10T16:41:48.336232+00:00,,state-usps-v1,votehub-candidate-matchup-v3-race-scoped,generic_two_way,,,en,1.0,True,True,,senate-2026-AR:hallie-shoffner,Hallie Shoffner,senate-2026-AR:tom-cotton,Tom Cotton,senate-2026:AR:senate-2026-AR:hallie-shoffner|senate-2026-AR:tom-cotton,False,senate-2026-AR:hallie-shoffner,Hallie Shoffner,D,senate-2026-AR:tom-cotton,Tom Cotton,R,43.956,56.044,-12.088,-12.088,dem_minus_rep_two_party,,,,0.55,0.0,2.2,,prior_default,Hallie Shoffner,Tom Cotton,South,"[{'poll_id': 'vh-us-202gracbfdd9ed', 'study_id': 'vh-study-us-202gracbfdd9ed', 'race_id': 'senate-2026-AR', 'question_id': 'vh-us-202gracbfdd9ed:q0', 'candidate_id': 'senate-2026-AR:hallie-shoffner', 'candidate_name': 'Hallie Shoffner', 'ballot_party': 'D', 'caucus': 'D', 'raw_share': 40.0, 'undecided': None, 'other': None, 'candidate_set_version': 'race-scoped-candidate-set-v1', 'field_start': '2026-09-30', 'field_end': '2026-10-04', 'available_at': '2026-10-09', 'source_lineage': 'votehub-poll-lineage-v3', 'resolution_status': 'race_scoped'}, {'poll_id': 'vh-us-202gracbfdd9ed', 'study_id': 'vh-study-us-202gracbfdd9ed', 'race_id': 'senate-2026-AR', 'question_id': 'vh-us-202gracbfdd9ed:q0', 'candidate_id': 'senate-2026-AR:tom-cotton', 'candidate_name': 'Tom Cotton', 'ballot_party': 'R', 'caucus': 'R', 'raw_share': 51.0, 'undecided': None, 'other': None, 'candidate_set_version': 'race-scoped-candidate-set-v1', 'field_start': '2026-09-30', 'field_end': '2026-10-04', 'available_at': '2026-10-09', 'source_lineage': 'votehub-poll-lineage-v3', 'resolution_status': 'race_scoped'}, {'poll_id': 'vh-us-202gracbfdd9ed', 'study_id': 'vh-study-us-202gracbfdd9ed', 'race_id': 'senate-2026-AR', 'question_id': 'vh-us-202gracbfdd9ed:q0', 'candidate_id': None, 'candidate_name': 'Jeff Wadlin', 'ballot_party': None, 'caucus': None, 'raw_share': 4.0, 'undecided': None, 'other': None, 'candidate_set_version': 'race-scoped-candidate-set-v1', 'field_start': '2026-09-30', 'field_end': '2026-10-04', 'available_at': '2026-10-09', 'source_lineage': 'votehub-poll-lineage-v3', 'resolution_status': 'unresolved_fail_closed'}]",0.0,True
